time_s,z_m,component,concentration_mol_m3,loading_mol_kg,pressure_pa
0.0,0.025,CO2,0.0,0.0,499998.9307658737
0.0,0.025,N2,0.0,0.0,499998.9307658737
0.0,0.07500000000000001,CO2,0.0,0.0,499996.7922976211
0.0,0.07500000000000001,N2,0.0,0.0,499996.7922976211
0.0,0.125,CO2,0.0,0.0,499994.6538293685
0.0,0.125,N2,0.0,0.0,499994.6538293685
0.0,0.17500000000000002,CO2,0.0,0.0,499992.51536111586
0.0,0.17500000000000002,N2,0.0,0.0,499992.51536111586
0.0,0.225,CO2,0.0,0.0,499990.37689286325
0.0,0.225,N2,0.0,0.0,499990.37689286325
0.0,0.275,CO2,0.0,0.0,499988.23842461064
0.0,0.275,N2,0.0,0.0,499988.23842461064
0.0,0.325,CO2,0.0,0.0,499986.099956358
0.0,0.325,N2,0.0,0.0,499986.099956358
0.0,0.375,CO2,0.0,0.0,499983.9614881054
0.0,0.375,N2,0.0,0.0,499983.9614881054
0.0,0.42500000000000004,CO2,0.0,0.0,499981.8230198528
0.0,0.42500000000000004,N2,0.0,0.0,499981.8230198528
0.0,0.47500000000000003,CO2,0.0,0.0,499979.6845516002
0.0,0.47500000000000003,N2,0.0,0.0,499979.6845516002
0.0,0.525,CO2,0.0,0.0,499977.5460833476
0.0,0.525,N2,0.0,0.0,499977.5460833476
0.0,0.5750000000000001,CO2,0.0,0.0,499975.40761509497
0.0,0.5750000000000001,N2,0.0,0.0,499975.40761509497
0.0,0.625,CO2,0.0,0.0,499973.26914684236
0.0,0.625,N2,0.0,0.0,499973.26914684236
0.0,0.675,CO2,0.0,0.0,499971.13067858975
0.0,0.675,N2,0.0,0.0,499971.13067858975
0.0,0.7250000000000001,CO2,0.0,0.0,499968.99221033714
0.0,0.7250000000000001,N2,0.0,0.0,499968.99221033714
0.0,0.775,CO2,0.0,0.0,499966.8537420845
0.0,0.775,N2,0.0,0.0,499966.8537420845
0.0,0.8250000000000001,CO2,0.0,0.0,499964.7152738319
0.0,0.8250000000000001,N2,0.0,0.0,499964.7152738319
0.0,0.875,CO2,0.0,0.0,499962.5768055793
0.0,0.875,N2,0.0,0.0,499962.5768055793
0.0,0.925,CO2,0.0,0.0,499960.4383373267
0.0,0.925,N2,0.0,0.0,499960.4383373267
0.0,0.9750000000000001,CO2,0.0,0.0,499958.2998690741
0.0,0.9750000000000001,N2,0.0,0.0,499958.2998690741
50.0,0.025,CO2,15.167818138101914,0.24127417205588317,499998.9307658737
50.0,0.025,N2,165.747313217287,0.09352297540928033,499998.9307658737
50.0,0.07500000000000001,CO2,6.390733309100654,0.1164963410674771,499996.7922976211
50.0,0.07500000000000001,N2,159.89821570474925,0.08899804228094549,499996.7922976211
50.0,0.125,CO2,2.388324241300026,0.04506210706692826,499994.6538293685
50.0,0.125,N2,153.98642955114428,0.08432232438443188,499994.6538293685
50.0,0.17500000000000002,CO2,0.8376548454628269,0.015431925849868043,499992.51536111586
50.0,0.17500000000000002,N2,148.01910198318535,0.07957723845167602,499992.51536111586
50.0,0.225,CO2,0.28449085745559044,0.005008734466881942,499990.37689286325
50.0,0.225,N2,142.00500489778173,0.07480364570833008,499990.37689286325
50.0,0.275,CO2,0.09485026235607258,0.0015884887135968458,499988.23842461064
50.0,0.275,N2,135.9540378160047,0.07002936442051705,499988.23842461064
50.0,0.325,CO2,0.031223467331373867,0.0004979714614858984,499986.099956358
50.0,0.325,N2,129.87679160602676,0.065276784683692,499986.099956358
50.0,0.375,CO2,0.010175588601359923,0.0001549610246292585,499983.9614881054
50.0,0.375,N2,123.78394892895452,0.06056575059689212,499983.9614881054
50.0,0.42500000000000004,CO2,0.0032878757524782906,4.794570200442691e-05,499981.8230198528
50.0,0.42500000000000004,N2,117.68537876763966,0.055914868952060985,499981.8230198528
50.0,0.47500000000000003,CO2,0.0010543161186232998,1.476077478573409e-05,499979.6845516002
50.0,0.47500000000000003,N2,111.58884515770197,0.05134218587316266,499979.6845516002
50.0,0.525,CO2,0.00033576930891055304,4.523609347226516e-06,499977.5460833476
50.0,0.525,N2,105.49837802573403,0.04686558851504134,499977.5460833476
50.0,0.5750000000000001,CO2,0.00010626215437648212,1.3804061823814589e-06,499975.40761509497
50.0,0.5750000000000001,N2,99.41257511714946,0.04250308382508834,499975.40761509497
50.0,0.625,CO2,3.343445706575269e-05,4.1954453660950304e-07,499973.26914684236
50.0,0.625,N2,93.3233836696498,0.03827301527716982,499973.26914684236
50.0,0.675,CO2,1.0463261170701254e-05,1.270242997654146e-07,499971.13067858975
50.0,0.675,N2,87.21614506195546,0.03419423561713546,499971.13067858975
50.0,0.7250000000000001,CO2,3.2580015728126817e-06,3.831866776858011e-08,499968.99221033714
50.0,0.7250000000000001,N2,81.07172045549065,0.030286213919730232,499968.99221033714
50.0,0.775,CO2,1.0096738875734494e-06,1.1519071317162638e-08,499966.8537420845
50.0,0.775,N2,74.87120896785098,0.02656901317233003,499966.8537420845
50.0,0.8250000000000001,CO2,3.1151152303371184e-07,3.451193944640611e-09,499964.7152738319
50.0,0.8250000000000001,N2,68.60315909674978,0.02306306991808293,499964.7152738319
50.0,0.875,CO2,9.570490618414492e-08,1.0306744151419455e-09,499962.5768055793
50.0,0.875,N2,62.27357720141192,0.019789037107923572,499962.5768055793
50.0,0.925,CO2,2.9288689996402e-08,3.0687904702604094e-10,499960.4383373267
50.0,0.925,N2,55.93740710524403,0.01677369545393181,499960.4383373267
50.0,0.9750000000000001,CO2,9.070383700261718e-09,9.25180124083014e-11,499958.2998690741
50.0,0.9750000000000001,N2,50.03807238818456,0.014166466739029753,499958.2998690741
100.0,0.025,CO2,18.603445425121944,0.42936815156430774,499998.9307658737
100.0,0.025,N2,167.6111012882445,0.15892602129735028,499998.9307658737
100.0,0.07500000000000001,CO2,9.622388660733947,0.243650921063116,499996.7922976211
100.0,0.07500000000000001,N2,163.60619481765764,0.15447931449723906,499996.7922976211
100.0,0.125,CO2,4.266002164863798,0.11232755873229652,499994.6538293685
100.0,0.125,N2,159.51502292883765,0.14986836331402212,499994.6538293685
100.0,0.17500000000000002,CO2,1.7111095987649183,0.04470934919172154,499992.51536111586
100.0,0.17500000000000002,N2,155.3397279630044,0.1451451186300989,499992.51536111586
100.0,0.225,CO2,0.6491849932465183,0.01640230517023321,499990.37689286325
100.0,0.225,N2,151.0834892812789,0.14033457167735586,499990.37689286325
100.0,0.275,CO2,0.23866361784734597,0.005776747383379873,499988.23842461064
100.0,0.275,N2,146.7502959227033,0.1354531502957591,499988.23842461064
100.0,0.325,CO2,0.08599127620762004,0.0019913765970115812,499986.099956358
100.0,0.325,N2,142.34485847346195,0.13051382425389102,499986.099956358
100.0,0.375,CO2,0.030527737812774083,0.0006775303234744351,499983.9614881054
100.0,0.375,N2,137.87257257930438,0.12552805456594363,499983.9614881054
100.0,0.42500000000000004,CO2,0.010708256188166157,0.00022833515477861595,499981.8230198528
100.0,0.42500000000000004,N2,133.33950382725618,0.1205066900216988,499981.8230198528
100.0,0.47500000000000003,CO2,0.0037175824925090957,7.635404915534374e-05,499979.6845516002
100.0,0.47500000000000003,N2,128.75238122050732,0.11546043063753719,499979.6845516002
100.0,0.525,CO2,0.0012788833797955873,2.5358710898281414e-05,499977.5460833476
100.0,0.525,N2,124.11859330559109,0.11040008677238433,499977.5460833476
100.0,0.5750000000000001,CO2,0.00043633663176357104,8.370285217279319e-06,499975.40761509497
100.0,0.5750000000000001,N2,119.44618381376225,0.10533672766588183,499975.40761509497
100.0,0.625,CO2,0.00014775815634407452,2.747178754281708e-06,499973.26914684236
100.0,0.625,N2,114.7438441569496,0.10028175911319621,499973.26914684236
100.0,0.675,CO2,4.9692165263846544e-05,8.969015871853115e-07,499971.13067858975
100.0,0.675,N2,110.02089963650239,0.09524695426639791,499971.13067858975
100.0,0.7250000000000001,CO2,1.6605811822121152e-05,2.9138423913876176e-07,499968.99221033714
100.0,0.7250000000000001,N2,105.28728662639374,0.0902444529954596,499968.99221033714
100.0,0.775,CO2,5.516537410852032e-06,9.422882060884295e-08,499966.8537420845
100.0,0.775,N2,100.55352444792847,0.08528673838782673,499966.8537420845
100.0,0.8250000000000001,CO2,1.8225562701599076e-06,3.033999888667688e-08,499964.7152738319
100.0,0.8250000000000001,N2,95.83076219527466,0.08038664962505268,499964.7152738319
100.0,0.875,CO2,5.990412192705726e-07,9.728967342803364e-09,499962.5768055793
100.0,0.875,N2,91.13202062152253,0.07555830944816605,499962.5768055793
100.0,0.925,CO2,1.9596779128531445e-07,3.1080176448144815e-09,499960.4383373267
100.0,0.925,N2,86.49003593939045,0.07083230577251777,499960.4383373267
100.0,0.9750000000000001,CO2,6.486251518153633e-08,1.0052605358524823e-09,499958.2998690741
100.0,0.9750000000000001,N2,82.20308877024333,0.06648824593432566,499958.2998690741
150.0,0.025,CO2,21.38763665885276,0.5713727947626736,499998.9307658737
150.0,0.025,N2,168.87433805147384,0.2032059897158587,499998.9307658737
150.0,0.07500000000000001,CO2,12.870781216936557,0.3672253276349427,499996.7922976211
150.0,0.07500000000000001,N2,166.13341134192495,0.19927011036712314,499996.7922976211
150.0,0.125,CO2,6.55162550684495,0.19576670375091776,499994.6538293685
150.0,0.125,N2,163.3053196589582,0.1951800021961572,499994.6538293685
150.0,0.17500000000000002,CO2,2.9329239911890856,0.08880216021875528,499992.51536111586
150.0,0.17500000000000002,N2,160.3899073028139,0.19096861720968736,499992.51536111586
150.0,0.225,CO2,1.2130683695185966,0.03615038723022059,499990.37689286325
150.0,0.225,N2,157.3876444514503,0.18665093470347277,499990.37689286325
150.0,0.275,CO2,0.47946823303832486,0.013843269651697724,499988.23842461064
150.0,0.275,N2,154.29947868712628,0.18223624842089092,499988.23842461064
150.0,0.325,CO2,0.1843447687119256,0.005127538950127053,499986.099956358
150.0,0.325,N2,151.12678032228456,0.1777315767547977,499986.099956358
150.0,0.375,CO2,0.06953956982456036,0.0018622295203716563,499983.9614881054
150.0,0.375,N2,147.8713236567206,0.1731429712179055,499983.9614881054
150.0,0.42500000000000004,CO2,0.0258484243631322,0.0006673133924763384,499981.8230198528
150.0,0.42500000000000004,N2,144.5352847290601,0.168476127087386,499981.8230198528
150.0,0.47500000000000003,CO2,0.009490353479983688,0.00023664535376791607,499979.6845516002
150.0,0.47500000000000003,N2,141.12124746385936,0.16373670940450163,499979.6845516002
150.0,0.525,CO2,0.003447058246416356,8.318274465500307e-05,499977.5460833476
150.0,0.525,N2,137.6322142179021,0.1589305468167471,499977.5460833476
150.0,0.5750000000000001,CO2,0.0012399972119622015,2.9011483954493468e-05,499975.40761509497
150.0,0.5750000000000001,N2,134.07161835962287,0.15406375582829887,499975.40761509497
150.0,0.625,CO2,0.0004421646217348393,1.0046629205500195e-05,499973.26914684236
150.0,0.625,N2,130.4433372599243,0.14914282201192577,499973.26914684236
150.0,0.675,CO2,0.00015640769332287422,3.456464279121281e-06,499971.13067858975
150.0,0.675,N2,126.75170465981157,0.14417465429388132,499971.13067858975
150.0,0.7250000000000001,CO2,5.4918119074071856e-05,1.181986596458725e-06,499968.99221033714
150.0,0.7250000000000001,N2,123.00152213453669,0.13916662284809805,499968.99221033714
150.0,0.775,CO2,1.915106395871045e-05,4.0192134801952745e-07,499966.8537420845
150.0,0.775,N2,119.19807453602965,0.1341265886821586,499966.8537420845
150.0,0.8250000000000001,CO2,6.635855162156389e-06,1.3594871282161419e-07,499964.7152738319
150.0,0.8250000000000001,N2,115.34722388493472,0.1290629983233121,499964.7152738319
150.0,0.875,CO2,2.2856566093553545e-06,4.575671335304279e-08,499962.5768055793
150.0,0.875,N2,111.45660082516588,0.12398610941270967,499962.5768055793
150.0,0.925,CO2,7.829955804659178e-07,1.533075864491621e-08,499960.4383373267
150.0,0.925,N2,107.551678743459,0.11892600273019861,499960.4383373267
150.0,0.9750000000000001,CO2,2.7129912240610766e-07,5.198811180341419e-09,499958.2998690741
150.0,0.9750000000000001,N2,103.89263318186806,0.11419765267192346,499958.2998690741
200.0,0.025,CO2,23.576623445225994,0.6772766300569762,499998.9307658737
200.0,0.025,N2,169.73046847828815,0.2331859836587538,499998.9307658737
200.0,0.07500000000000001,CO2,15.930717215878948,0.47976529852595423,499996.7922976211
200.0,0.07500000000000001,N2,167.85527242716438,0.22989961431775252,499996.7922976211
200.0,0.125,CO2,9.132454067786616,0.28874762240771196,499994.6538293685
200.0,0.125,N2,165.90193696519043,0.2264773564381945,499994.6538293685
200.0,0.17500000000000002,CO2,4.522762372411945,0.14747583513287402,499992.51536111586
200.0,0.17500000000000002,N2,163.8693196703564,0.22293993183502242,499992.51536111586
200.0,0.225,CO2,2.023270171732869,0.06617470342808918,499990.37689286325
200.0,0.225,N2,161.75665310229974,0.21929606353726597,499990.37689286325
200.0,0.275,CO2,0.8513593753205198,0.027341060170395344,499988.23842461064
200.0,0.275,N2,159.56344618252197,0.21555067765650668,499988.23842461064
200.0,0.325,CO2,0.34540434058793185,0.010775178876201422,499986.099956358
200.0,0.325,N2,157.2894484051133,0.2117071762080843,499986.099956358
200.0,0.375,CO2,0.1368472303776463,0.004131511551146141,499983.9614881054
200.0,0.375,N2,154.93463841616426,0.20776830973340601,499983.9614881054
200.0,0.42500000000000004,CO2,0.05328329191383373,0.0015563032524788757,499981.8230198528
200.0,0.42500000000000004,N2,152.4992241261899,0.2037365866573879,499981.8230198528
200.0,0.47500000000000003,CO2,0.020457016648842287,0.0005786532484521265,499979.6845516002
200.0,0.47500000000000003,N2,149.98364902766815,0.19961449475000342,499979.6845516002
200.0,0.525,CO2,0.007759745173503788,0.00021287697209736262,499977.5460833476
200.0,0.525,N2,147.38860212533058,0.19540463626069907,499977.5460833476
200.0,0.5750000000000001,CO2,0.0029119691865663816,7.759497402444708e-05,499975.40761509497
200.0,0.5750000000000001,N2,144.7150300608694,0.1911098184141877,499975.40761509497
200.0,0.625,CO2,0.001082177446735243,2.805052205921312e-05,499973.26914684236
200.0,0.625,N2,141.9641506386366,0.18673311698811862,499973.26914684236
200.0,0.675,CO2,0.0003986009175778025,1.0063720730764475e-05,499971.13067858975
200.0,0.675,N2,139.1374674040252,0.1822779238088187,499971.13067858975
200.0,0.7250000000000001,CO2,0.0001456153731493815,3.5853997641446084e-06,499968.99221033714
200.0,0.7250000000000001,N2,136.23678539655535,0.1777479854623307,499968.99221033714
200.0,0.775,CO2,5.279173909312309e-05,1.2690889468652463e-06,499966.8537420845
200.0,0.775,N2,133.2642325063356,0.17314744069169222,499966.8537420845
200.0,0.8250000000000001,CO2,1.9003929035930913e-05,4.4648715715574043e-07,499964.7152738319
200.0,0.8250000000000001,N2,130.2223507630819,0.16848093252628624,499964.7152738319
200.0,0.875,CO2,6.795835877736144e-06,1.5619042347898707e-07,499962.5768055793
200.0,0.875,N2,127.11512649304794,0.16375487783536075,499962.5768055793
200.0,0.925,CO2,2.4155305271930162e-06,5.4355100998602775e-08,499960.4383373267
200.0,0.925,N2,123.96157518224236,0.15899545445592814,499960.4383373267
200.0,0.9750000000000001,CO2,8.681449349346254e-07,1.913871325969102e-08,499958.2998690741
200.0,0.9750000000000001,N2,120.97667748510257,0.1545071641814652,499958.2998690741
250.0,0.025,CO2,25.262400363815306,0.7556091715786117,499998.9307658737
250.0,0.025,N2,170.31058012226532,0.25348166380056153,499998.9307658737
250.0,0.07500000000000001,CO2,18.667741780360796,0.5775565338109974,499996.7922976211
250.0,0.07500000000000001,N2,169.02798993593854,0.2508380470454916,499996.7922976211
250.0,0.125,CO2,11.855614767986935,0.38426478866072233,499994.6538293685
250.0,0.125,N2,167.67966797555005,0.2480787927653012,499994.6538293685
250.0,0.17500000000000002,CO2,6.461633629145206,0.21851528610043586,499992.51536111586
250.0,0.17500000000000002,N2,166.26412467844773,0.24521677383619858,499992.51536111586
250.0,0.225,CO2,3.1207555023042786,0.10774001305197303,499990.37689286325
250.0,0.225,N2,164.78009202956144,0.2422568452372212,499990.37689286325
250.0,0.275,CO2,1.3931532372597029,0.04792721618700762,499988.23842461064
250.0,0.275,N2,163.2264575391036,0.23920131732197106,499988.23842461064
250.0,0.325,CO2,0.5931719109862535,0.020015125187133855,499986.099956358
250.0,0.325,N2,161.60224015580397,0.2360514688975475,499986.099956358
250.0,0.375,CO2,0.24521083190813608,0.008055451060884948,499983.9614881054
250.0,0.375,N2,159.90658251275744,0.2328081272846196,499983.9614881054
250.0,0.42500000000000004,CO2,0.09931736445900428,0.003168706741330711,499981.8230198528
250.0,0.42500000000000004,N2,158.13875098075883,0.22947194058590945,499981.8230198528
250.0,0.47500000000000003,CO2,0.03959623041062184,0.0012267745728825306,499979.6845516002
250.0,0.47500000000000003,N2,156.29813999399963,0.22604352563844538,499979.6845516002
250.0,0.525,CO2,0.015578942984117976,0.0004690962356651342,499977.5460833476
250.0,0.525,N2,154.3842789745655,0.22252355925837453,499977.5460833476
250.0,0.5750000000000001,CO2,0.006058595327128743,0.00017750358461365108,499975.40761509497
250.0,0.5750000000000001,N2,152.396841041464,0.21891284051154167,499975.40761509497
250.0,0.625,CO2,0.002331568536718788,6.654551020086746e-05,499973.26914684236
250.0,0.625,N2,150.33565314742296,0.2152123357919794,499973.26914684236
250.0,0.675,CO2,0.0008886936846211235,2.473800942967885e-05,499971.13067858975
250.0,0.675,N2,148.2007075221143,0.21142321395953817,499971.13067858975
250.0,0.7250000000000001,CO2,0.0003357410521618036,9.125021875227886e-06,499968.99221033714
250.0,0.7250000000000001,N2,145.99217452305493,0.20754687657539259,499968.99221033714
250.0,0.775,CO2,0.00012580030252038775,3.3417019791217786e-06,499966.8537420845
250.0,0.775,N2,143.71042050894042,0.20358498982835893,499966.8537420845
250.0,0.8250000000000001,CO2,4.6776384739853075e-05,1.215556885159435e-06,499964.7152738319
250.0,0.8250000000000001,N2,141.3560839014447,0.1995395898556329,499964.7152738319
250.0,0.875,CO2,1.7268546000314803e-05,4.3938166316466835e-07,499962.5768055793
250.0,0.875,N2,138.9309214911259,0.19541426733671247,499962.5768055793
250.0,0.925,CO2,6.333365837335723e-06,1.5790712918356703e-07,499960.4383373267
250.0,0.925,N2,136.4488594416122,0.19123065403576023,499960.4383373267
250.0,0.9750000000000001,CO2,2.348056333690376e-06,5.740049098594243e-08,499958.2998690741
250.0,0.9750000000000001,N2,134.08186902862198,0.18726147313478828,499958.2998690741
300.0,0.025,CO2,26.54226114994613,0.8132344257623465,499998.9307658737
300.0,0.025,N2,170.70362065819413,0.2672205289438501,499998.9307658737
300.0,0.07500000000000001,CO2,21.01990288582466,0.659681134351445,499996.7922976211
300.0,0.07500000000000001,N2,169.8265134367835,0.26514830962766167,499996.7922976211
300.0,0.125,CO2,14.561958947762783,0.47637497301910425,499994.6538293685
300.0,0.125,N2,168.89624695712334,0.26297987375458237,499994.6538293685
300.0,0.17500000000000002,CO2,8.685458086075899,0.2980501534010886,499992.51536111586
300.0,0.17500000000000002,N2,167.91129653647138,0.26072307674791456,499992.51536111586
300.0,0.225,CO2,4.530118261774667,0.16099914898665763,499990.37689286325
300.0,0.225,N2,166.87026528042335,0.2583804123364208,499990.37689286325
300.0,0.275,CO2,2.145648292901075,0.07714651489650264,499988.23842461064
300.0,0.275,N2,165.7718397083837,0.2559526644590127,499988.23842461064
300.0,0.325,CO2,0.9567506972264759,0.034115619339333714,499986.099956358
300.0,0.325,N2,164.61477331905235,0.25343991394305626,499986.099956358
300.0,0.375,CO2,0.41114885019345176,0.014373579669416988,499983.9614881054
300.0,0.375,N2,163.3978810126161,0.25084192338663436,499983.9614881054
300.0,0.42500000000000004,CO2,0.17244996629424322,0.005880867602614751,499981.8230198528
300.0,0.42500000000000004,N2,162.12003870055656,0.24815831745244663,499981.8230198528
300.0,0.47500000000000003,CO2,0.07105632196237842,0.0023599828284660423,499979.6845516002
300.0,0.47500000000000003,N2,160.78018581929726,0.24538868080392753,499979.6845516002
300.0,0.525,CO2,0.02886007585491997,0.0009335673662416741,499977.5460833476
300.0,0.525,N2,159.377329728691,0.24253261866860484,499977.5460833476
300.0,0.5750000000000001,CO2,0.011577182574114043,0.00036500163174497615,499975.40761509497
300.0,0.5750000000000001,N2,157.91055147751956,0.23958979846037495,499975.40761509497
300.0,0.625,CO2,0.004592838529637494,0.00014126006712601342,499973.26914684236
300.0,0.625,N2,156.37901258712157,0.23655998028116254,499973.26914684236
300.0,0.675,CO2,0.0018036366783928284,5.416986626886659e-05,499971.13067858975
300.0,0.675,N2,154.78196259851748,0.2334430411467049,499971.13067858975
300.0,0.7250000000000001,CO2,0.0007016868352170783,2.0598542516055844e-05,499968.99221033714
300.0,0.7250000000000001,N2,153.11874744368885,0.23023899641736234,499968.99221033714
300.0,0.775,CO2,0.0002706143079709487,7.771783319545953e-06,499966.8537420845
300.0,0.775,N2,151.38882183444278,0.22694802405867565,499966.8537420845
300.0,0.8250000000000001,CO2,0.00010351959988979876,2.9109636071548283e-06,499964.7152738319
300.0,0.8250000000000001,N2,149.59180885625184,0.22357055562593517,499964.7152738319
300.0,0.875,CO2,3.9299150808318366e-05,1.0828902226885606e-06,499962.5768055793
300.0,0.875,N2,147.72817561654276,0.22010832005599842,499962.5768055793
300.0,0.925,CO2,1.4815303079261662e-05,4.003272255067013e-07,499960.4383373267
300.0,0.925,N2,145.80800588509203,0.21657870739627086,499960.4383373267
300.0,0.9750000000000001,CO2,5.64463656511972e-06,1.4965263740800434e-07,499958.2998690741
300.0,0.9750000000000001,N2,143.96600055728314,0.21321515349280953,499958.2998690741
350.0,0.025,CO2,27.504401703163044,0.8554793531406302,499998.9307658737
350.0,0.025,N2,170.9699175499084,0.27652122623512665,499998.9307658737
350.0,0.07500000000000001,CO2,22.98067751487743,0.7269469203126465,499996.7922976211
350.0,0.07500000000000001,N2,170.3701926668028,0.2749274852464077,499996.7922976211
350.0,0.125,CO2,17.117676567436767,0.5609394693706367,499994.6538293685
350.0,0.125,N2,169.72861015413866,0.2732549985110007,499994.6538293685
350.0,0.17500000000000002,CO2,11.091663279091089,0.38137597920007443,499992.51536111586
350.0,0.17500000000000002,N2,169.04375662674988,0.27150843196707064,499992.51536111586
350.0,0.225,CO2,6.24850500114467,0.22470686219546288,499990.37689286325
350.0,0.225,N2,168.31428933717575,0.2696888636333213,499990.37689286325
350.0,0.275,CO2,3.146392759519584,0.11611635557060432,499988.23842461064
350.0,0.275,N2,167.53890627514585,0.2677962200217316,499988.23842461064
350.0,0.325,CO2,1.4697711644482707,0.05445216772933259,499986.099956358
350.0,0.325,N2,166.71633485749888,0.2658299456378401,499986.099956358
350.0,0.375,CO2,0.6555091933659081,0.024005566917287616,499983.9614881054
350.0,0.375,N2,165.8453278298876,0.2637892580647257,499983.9614881054
350.0,0.42500000000000004,CO2,0.2839190489887776,0.01019446738440287,499981.8230198528
350.0,0.42500000000000004,N2,164.92466262181725,0.2616732670211098,499981.8230198528
350.0,0.47500000000000003,CO2,0.12049996585318051,0.004227802074476891,499979.6845516002
350.0,0.47500000000000003,N2,163.95314264245994,0.25948103881656864,499979.6845516002
350.0,0.525,CO2,0.05034570800002787,0.0017243446025082274,499977.5460833476
350.0,0.525,N2,162.92959982906794,0.25721163613027204,499977.5460833476
350.0,0.5750000000000001,CO2,0.02075935250972733,0.0006941726447367181,499975.40761509497
350.0,0.5750000000000001,N2,161.8528980890963,0.2548641453574954,499975.40761509497
350.0,0.625,CO2,0.008460661625737158,0.00027638152814915464,499973.26914684236
350.0,0.625,N2,160.72193741674377,0.252437696706136,499973.26914684236
350.0,0.675,CO2,0.0034118683687968687,0.00010896314214200867,499971.13067858975
350.0,0.675,N2,159.5356585777077,0.24993148026675963,499971.13067858975
350.0,0.7250000000000001,CO2,0.0013624839703402468,4.257456965174687e-05,499968.99221033714
350.0,0.7250000000000001,N2,158.29304852281325,0.2473447604487215,499968.99221033714
350.0,0.775,CO2,0.000539158069393148,1.6497169149242222e-05,499966.8537420845
350.0,0.775,N2,156.99314912941503,0.24467689345748542,499966.8537420845
350.0,0.8250000000000001,CO2,0.00021154470892180308,6.343048322363289e-06,499964.7152738319
350.0,0.8250000000000001,N2,155.63510330676036,0.24192740268527516,499964.7152738319
350.0,0.875,CO2,8.234132633362515e-05,2.4211768233944926e-06,499962.5768055793
350.0,0.875,N2,154.2186845222486,0.23909686577689093,499962.5768055793
350.0,0.925,CO2,3.1816305359844556e-05,9.180364557174343e-07,499960.4383373267
350.0,0.925,N2,152.75114392218492,0.2361990202779274,499960.4383373267
350.0,0.9750000000000001,CO2,1.2422233465265994e-05,3.51911016437194e-07,499958.2998690741
350.0,0.9750000000000001,N2,151.3364695612482,0.23342781746094354,499958.2998690741
400.0,0.025,CO2,28.222785235996955,0.8863842662350456,499998.9307658737
400.0,0.025,N2,171.15033418559568,0.28281732106391805,499998.9307658737
400.0,0.07500000000000001,CO2,24.578002243172328,0.781037550581149,499996.7922976211
400.0,0.07500000000000001,N2,170.74031859335213,0.2816093201979531,499996.7922976211
400.0,0.125,CO2,19.431430382791365,0.635676062500497,499994.6538293685
400.0,0.125,N2,170.2979766291498,0.28033772555634684,499994.6538293685
400.0,0.17500000000000002,CO2,13.558140670029825,0.4639195334725342,499992.51536111586
400.0,0.17500000000000002,N2,169.82206703899743,0.2790051934733123,499992.51536111586
400.0,0.225,CO2,8.238073928714778,0.296282780067072,499990.37689286325
400.0,0.225,N2,169.31138465849432,0.27761197738199567,499990.37689286325
400.0,0.275,CO2,4.421875796525275,0.16517177972657607,499988.23842461064
400.0,0.275,N2,168.76474023895898,0.2761575532183198,499988.23842461064
400.0,0.325,CO2,2.1684356664153284,0.08234941289348474,499986.099956358
400.0,0.325,N2,168.1809526379172,0.27464106456451826,499986.099956358
400.0,0.375,CO2,1.003768839057561,0.03803688304042534,499983.9614881054
400.0,0.375,N2,167.55884579126746,0.27306149157278475,499983.9614881054
400.0,0.42500000000000004,CO2,0.4482892764359595,0.016756905153988994,499981.8230198528
400.0,0.42500000000000004,N2,166.8972479665732,0.2714177294308768,499981.8230198528
400.0,0.47500000000000003,CO2,0.1955247653264492,0.007168847595436626,499979.6845516002
400.0,0.47500000000000003,N2,166.19499228975377,0.2697086306074378,499979.6845516002
400.0,0.525,CO2,0.08381192840937995,0.0030073602832425906,499977.5460833476
400.0,0.525,N2,165.4509180898907,0.2679330307832974,499977.5460833476
400.0,0.5750000000000001,CO2,0.035425005432883155,0.001243290843375225,499975.40761509497
400.0,0.5750000000000001,N2,164.66387283969135,0.26608976659938643,499975.40761509497
400.0,0.625,CO2,0.014792076934399155,0.000507877743191626,499973.26914684236
400.0,0.625,N2,163.83271457427307,0.26417768865166447,499973.26914684236
400.0,0.675,CO2,0.006109193245274369,0.00020530793729175647,499971.13067858975
400.0,0.675,N2,162.95631473845847,0.26219567187561427,499971.13067858975
400.0,0.7250000000000001,CO2,0.0024977629878733436,8.22133169307435e-05,499968.99221033714
400.0,0.7250000000000001,N2,162.03356157379406,0.26014262496927154,499968.99221033714
400.0,0.775,CO2,0.0010116575319591792,3.2635051422418076e-05,499966.8537420845
400.0,0.775,N2,161.06336601243328,0.25801750267993734,499966.8537420845
400.0,0.8250000000000001,CO2,0.0004061522830526057,1.2849523973155898e-05,499964.7152738319
400.0,0.8250000000000001,N2,160.0446964899875,0.25581936687313495,499964.7152738319
400.0,0.875,CO2,0.00016171364852830602,5.0207599420565005e-06,499962.5768055793
400.0,0.875,N2,158.9769880829789,0.2535481219838761,499962.5768055793
400.0,0.925,CO2,6.38996899675294e-05,1.9480822426649376e-06,499960.4383373267
400.0,0.925,N2,157.86542193557395,0.25121448261477625,499960.4383373267
400.0,0.9750000000000001,CO2,2.5509697140219785e-05,7.64014816888636e-07,499958.2998690741
400.0,0.9750000000000001,N2,156.78942769598163,0.24897625077665564,499958.2998690741
450.0,0.025,CO2,28.756662719337925,0.9089673588785493,499998.9307658737
450.0,0.025,N2,171.2725628081324,0.2870793770178771,499998.9307658737
450.0,0.07500000000000001,CO2,25.85679154302974,0.8239422617115815,499996.7922976211
450.0,0.07500000000000001,N2,170.99227116510852,0.28617426763164167,499996.7922976211
450.0,0.125,CO2,21.4560371686382,0.6998173284774543,499994.6538293685
450.0,0.125,N2,170.68737852887045,0.2852183823169536,499994.6538293685
450.0,0.17500000000000002,CO2,15.966867170808632,0.5419755166236598,499992.51536111586
450.0,0.17500000000000002,N2,170.35683175462694,0.2842131284457685,499992.51536111586
450.0,0.225,CO2,10.42661830614237,0.3722487142889308,499990.37689286325
450.0,0.225,N2,169.9995931914832,0.28315830242778944,499990.37689286325
450.0,0.275,CO2,5.978326384462225,0.2235907858668918,499988.23842461064
450.0,0.275,N2,169.61462704348259,0.282053174052438,499988.23842461064
450.0,0.325,CO2,3.08758638538883,0.11884146481467489,499986.099956358
450.0,0.325,N2,169.2008939493768,0.28089678240884924,499986.099956358
450.0,0.375,CO2,1.485729404180597,0.05766173791968933,499983.9614881054
450.0,0.375,N2,168.7573487273687,0.2796880476834339,499983.9614881054
450.0,0.42500000000000004,CO2,0.6840061548631677,0.026373402864966755,499981.8230198528
450.0,0.42500000000000004,N2,168.28293962354806,0.2784258227916212,499981.8230198528
450.0,0.47500000000000003,CO2,0.3061585462098656,0.011630962260514709,499979.6845516002
450.0,0.47500000000000003,N2,167.77660839937928,0.2771089209730053,499979.6845516002
450.0,0.525,CO2,0.1343780928686508,0.0050105251531103205,499977.5460833476
450.0,0.525,N2,167.23729096034535,0.2757361325903717,499977.5460833476
450.0,0.5750000000000001,CO2,0.0580952169085024,0.002122958190057394,499975.40761509497
450.0,0.5750000000000001,N2,166.6639183756205,0.2743062365309369,499975.40761509497
450.0,0.625,CO2,0.024798370427687358,0.0008878438653087881,499973.26914684236
450.0,0.625,N2,166.05541819926808,0.2728180084800014,499973.26914684236
450.0,0.675,CO2,0.010466286587134995,0.00036721061795871347,499971.13067858975
450.0,0.675,N2,165.41071604964003,0.2712702274908678,499971.13067858975
450.0,0.7250000000000001,CO2,0.004371823334678313,0.00015038005381987416,499968.99221033714
450.0,0.7250000000000001,N2,164.72873754533353,0.26966168199008445,499968.99221033714
450.0,0.775,CO2,0.0018086188607743755,6.1025861258705385e-05,499966.8537420845
450.0,0.775,N2,164.00841216409933,0.2679911783055477,499966.8537420845
450.0,0.8250000000000001,CO2,0.0007414916058610389,2.4555983898740995e-05,499964.7152738319
450.0,0.8250000000000001,N2,163.24869943703828,0.2662575894080591,499964.7152738319
450.0,0.875,CO2,0.000301417614696638,9.802738553904925e-06,499962.5768055793
450.0,0.875,N2,162.44890246769918,0.2644604537032275,499962.5768055793
450.0,0.925,CO2,0.00012157070343697618,3.8847989357929005e-06,499960.4383373267
450.0,0.925,N2,161.61270250872204,0.26260804199610277,499960.4383373267
450.0,0.9750000000000001,CO2,4.9533091824745664e-05,1.5558882716803088e-06,499958.2998690741
450.0,0.9750000000000001,N2,160.80028915633534,0.26082675997619115,499958.2998690741
500.0,0.025,CO2,29.15217627977306,0.9254616389323773,499998.9307658737
500.0,0.025,N2,171.35537682375022,0.28996477892009986,499998.9307658737
500.0,0.07500000000000001,CO2,26.86712635429597,0.8576250018166398,499996.7922976211
500.0,0.07500000000000001,N2,171.16378555910438,0.2892929249145598,499996.7922976211
500.0,0.125,CO2,23.180327011786815,0.7536363571368305,499994.6538293685
500.0,0.125,N2,170.95368699990146,0.2885809331845921,499994.6538293685
500.0,0.17500000000000002,CO2,18.222712447277026,0.6130453146333755,499992.51536111586
500.0,0.17500000000000002,N2,170.72420910624567,0.28782945075601696,499992.51536111586
500.0,0.225,CO2,12.718171061149828,0.44888855736029387,499990.37689286325
500.0,0.225,N2,170.47448338394952,0.28703804319197673,499990.37689286325
500.0,0.275,CO2,7.794041097935978,0.28953777569649847,499988.23842461064
500.0,0.275,N2,170.20363564836205,0.2862059179501326,499988.23842461064
500.0,0.325,CO2,4.254526647919823,0.16438292696720416,499986.099956358
500.0,0.325,N2,169.9107822518362,0.2853321210670452,499986.099956358
500.0,0.375,CO2,2.134125680620821,0.08406441551773973,499983.9614881054
500.0,0.375,N2,169.59502840641665,0.2844156111063697,499983.9614881054
500.0,0.42500000000000004,CO2,1.0137554339256678,0.04000019827283637,499981.8230198528
500.0,0.42500000000000004,N2,169.25546749664568,0.2834552930849479,499981.8230198528
500.0,0.47500000000000003,CO2,0.4654065846916287,0.018190384620600502,499979.6845516002
500.0,0.47500000000000003,N2,168.8911809397086,0.2824500364431426,499979.6845516002
500.0,0.525,CO2,0.20888816223133486,0.008040308981111641,499977.5460833476
500.0,0.525,N2,168.5012383927024,0.2813986858659364,499977.5460833476
500.0,0.5750000000000001,CO2,0.09221364437155036,0.0034863384372716103,499975.40761509497
500.0,0.5750000000000001,N2,168.08469820711403,0.28030006853849,499975.40761509497
500.0,0.625,CO2,0.040164871295575284,0.0014901392698902683,499973.26914684236
500.0,0.625,N2,167.64060807780183,0.2791529993374439,499973.26914684236
500.0,0.675,CO2,0.01729133727066826,0.0006294410768782935,499971.13067858975
500.0,0.675,N2,167.16800587204193,0.2779562849029071,499971.13067858975
500.0,0.7250000000000001,CO2,0.007365701068255694,0.00026314017618157614,499968.99221033714
500.0,0.7250000000000001,N2,166.6659207265673,0.2767087273792654,499968.99221033714
500.0,0.775,CO2,0.0031069686371300387,0.00010897517524150587,499966.8537420845
500.0,0.775,N2,166.1333756054074,0.27540913029095737,499966.8537420845
500.0,0.8250000000000001,CO2,0.0012985579418189378,4.4737230557828047e-05,499964.7152738319
500.0,0.8250000000000001,N2,165.5694068846404,0.2740563370357361,499964.7152738319
500.0,0.875,CO2,0.0005380398772059865,1.8215765988279195e-05,499962.5768055793
500.0,0.875,N2,164.97330267845217,0.27264971169143687,499962.5768055793
500.0,0.925,CO2,0.00022115253247210917,7.361300229109169e-06,499960.4383373267
500.0,0.925,N2,164.34766413358264,0.2711955818575849,499960.4383373267
500.0,0.9750000000000001,CO2,9.182088488179009e-05,3.0060484970128937e-06,499958.2998690741
500.0,0.9750000000000001,N2,163.73781434952122,0.2697939920043519,499958.2998690741
550.0,0.025,CO2,29.44458674553629,0.9375086690682211,499998.9307658737
550.0,0.025,N2,171.4114830732936,0.2919180945816908,499998.9307658737
550.0,0.07500000000000001,CO2,27.657392242936616,0.8838626205224811,499996.7922976211
550.0,0.07500000000000001,N2,171.28053228107035,0.2914232400374376,499996.7922976211
550.0,0.125,CO2,24.61782208334603,0.7980124237821257,499994.6538293685
550.0,0.125,N2,171.13578778448021,0.29089694131439886,499994.6538293685
550.0,0.17500000000000002,CO2,20.262360474182945,0.6758121372083529,499992.51536111586
550.0,0.17500000000000002,N2,170.97654075647833,0.2903393972363766,499992.51536111586
550.0,0.225,CO2,15.010203023179427,0.5228826938828008,499990.37689286325
550.0,0.225,N2,170.80207931462496,0.2897500793400104,499990.37689286325
550.0,0.275,CO2,9.817067282197021,0.36029958361978276,499988.23842461064
550.0,0.275,N2,170.6116822456366,0.28912821441300496,499988.23842461064
550.0,0.325,CO2,5.681258660988092,0.21859145538154923,499986.099956358
550.0,0.325,N2,170.4046163596048,0.2884729151997142,499986.099956358
550.0,0.375,CO2,2.9816127152018024,0.11822954685315792,499983.9614881054
550.0,0.375,N2,170.18013522835415,0.28778322928598304,499983.9614881054
550.0,0.42500000000000004,CO2,1.4643488510609493,0.05870357956142059,499981.8230198528
550.0,0.42500000000000004,N2,169.93747857283077,0.2870581613581502,499981.8230198528
550.0,0.47500000000000003,CO2,0.689784713401871,0.027564819374307402,499979.6845516002
550.0,0.47500000000000003,N2,169.67587200698497,0.2862966848675154,499979.6845516002
550.0,0.525,CO2,0.316362870773699,0.012500081797585485,499977.5460833476
550.0,0.525,N2,169.39452700913986,0.2854977489575847,499977.5460833476
550.0,0.5750000000000001,CO2,0.14242614172855786,0.005541771307772752,499975.40761509497
550.0,0.5750000000000001,N2,169.09264105823198,0.28466028303291085,499975.40761509497
550.0,0.625,CO2,0.06320634921690585,0.0024176400917657746,499973.26914684236
550.0,0.625,N2,168.7693978978302,0.28378319996227824,499973.26914684236
550.0,0.675,CO2,0.027712472738849685,0.0010414106034649334,499971.13067858975
550.0,0.675,N2,168.42396790773017,0.2828653985439697,499971.13067858975
550.0,0.7250000000000001,CO2,0.012019804547523903,0.0004437574694264606,499968.99221033714
550.0,0.7250000000000001,N2,168.05550863647107,0.28190576578145987,499968.99221033714
550.0,0.775,CO2,0.005161730011781814,0.00018725943657341393,499966.8537420845
550.0,0.775,N2,167.6631664037746,0.2809031809235192,499966.8537420845
550.0,0.8250000000000001,CO2,0.002196051873596368,7.831421932382235e-05,499964.7152738319
550.0,0.8250000000000001,N2,167.246090827187,0.27985654563086665,499964.7152738319
550.0,0.875,CO2,0.000926116849545388,3.2477620404321755e-05,499962.5768055793
550.0,0.875,N2,166.80361501669668,0.2787651658197017,499962.5768055793
550.0,0.925,CO2,0.0003874007650108999,1.3365155257810338e-05,499960.4383373267
550.0,0.925,N2,166.33756571966987,0.27763384335100694,499960.4383373267
550.0,0.9750000000000001,CO2,0.0001636841836094988,5.55720789217102e-06,499958.2998690741
550.0,0.9750000000000001,N2,165.88189951943892,0.27654099831427076,499958.2998690741
600.0,0.025,CO2,29.6604988290972,0.9463102187189819,499998.9307658737
600.0,0.025,N2,171.44949464516785,0.29324041767485315,499998.9307658737
600.0,0.07500000000000001,CO2,28.27079991919305,0.9041789052573359,499996.7922976211
600.0,0.07500000000000001,N2,171.35999657672048,0.292878307130162,499996.7922976211
600.0,0.125,CO2,25.79624964755073,0.8341104106182136,499994.6538293685
600.0,0.125,N2,171.2602967936364,0.29249176288564716,499994.6538293685
600.0,0.17500000000000002,CO2,22.053798788275387,0.729914972049331,499992.51536111586
600.0,0.17500000000000002,N2,171.1498275965188,0.2920807328342222,499992.51536111586
600.0,0.225,CO2,17.210642239509948,0.5917107765886078,499990.37689286325
600.0,0.225,N2,171.0280149113806,0.2916446746567567,499990.37689286325
600.0,0.275,CO2,11.970704980837782,0.43274952552311874,499988.23842461064
600.0,0.275,N2,170.89427400923006,0.2911828777088812,499988.23842461064
600.0,0.325,CO2,7.357144216546697,0.28013502283937564,499986.099956358
600.0,0.325,N2,170.74800763849248,0.2906945498636798,499986.099956358
600.0,0.375,CO2,4.055827091005047,0.16070083271605168,499983.9614881054
600.0,0.375,N2,170.58860507359373,0.29017884980571773,499983.9614881054
600.0,0.42500000000000004,CO2,2.065754781247413,0.08356869513019309,499981.8230198528
600.0,0.42500000000000004,N2,170.4154415908157,0.28963490160910693,499981.8230198528
600.0,0.47500000000000003,CO2,0.9997151958841398,0.040611817329545996,499979.6845516002
600.0,0.47500000000000003,N2,170.22787817660083,0.28906180227890504,499979.6845516002
600.0,0.525,CO2,0.46850662600196147,0.018908144993170294,499977.5460833476
600.0,0.525,N2,170.02526138071636,0.28845862615177825,499977.5460833476
600.0,0.5750000000000001,CO2,0.2149262355301063,0.008567723857229974,499975.40761509497
600.0,0.5750000000000001,N2,169.8069232699356,0.28782442773505984,499975.40761509497
600.0,0.625,CO2,0.09706634137440588,0.003811394732717699,499973.26914684236
600.0,0.625,N2,169.57218145721902,0.28715824364060794,499973.26914684236
600.0,0.675,CO2,0.04328536231178812,0.001672210341342586,499971.13067858975
600.0,0.675,N2,169.32033919911763,0.28645909403028735,499971.13067858975
600.0,0.7250000000000001,CO2,0.019090170654949147,0.0007253349121732394,499968.99221033714
600.0,0.7250000000000001,N2,169.0506856144546,0.2857259839553534,499968.99221033714
600.0,0.775,CO2,0.008334878452590743,0.00031147276129596786,499966.8537420845
600.0,0.775,N2,168.76249672164403,0.28495790612588334,499966.8537420845
600.0,0.8250000000000001,CO2,0.0036049687741444856,0.000132527981731861,499964.7152738319
600.0,0.8250000000000001,N2,168.45504624478664,0.28415386439292933,499964.7152738319
600.0,0.875,CO2,0.0015454162100074094,5.590714165833383e-05,499962.5768055793
600.0,0.875,N2,168.127741216121,0.2833131742687082,499962.5768055793
600.0,0.925,CO2,0.0006570929899814572,2.339957891306897e-05,499960.4383373267
600.0,0.925,N2,167.7818570759891,0.28243945222327305,499960.4383373267
600.0,0.9750000000000001,CO2,0.00028219677718146433,9.894914595195523e-06,499958.2998690741
600.0,0.9750000000000001,N2,167.4427265610668,0.2815936811098792,499958.2998690741
650.0,0.025,CO2,29.81982060424637,0.9527441797315797,499998.9307658737
650.0,0.025,N2,171.4752496418228,0.29413567004092367,499998.9307658737
650.0,0.07500000000000001,CO2,28.744133066135102,0.9198372436814333,499996.7922976211
650.0,0.07500000000000001,N2,171.41408757706188,0.29387216664339433,499996.7922976211
650.0,0.125,CO2,26.749596685176176,0.863165246810341,499994.6538293685
650.0,0.125,N2,171.3454289820342,0.29358981723450617,499994.6538293685
650.0,0.17500000000000002,CO2,23.590636143511073,0.7756589277663859,499992.51536111586
650.0,0.17500000000000002,N2,171.26882471905154,0.29328844135331755,499992.51536111586
650.0,0.225,CO2,19.249500320567673,0.6537845633321668,499990.37689286325
650.0,0.225,N2,171.18381793750552,0.292967527205801,499990.37689286325
650.0,0.275,CO2,14.165798773976261,0.5038721095548719,499988.23842461064
650.0,0.275,N2,171.0899411375225,0.2926264463681333,499988.23842461064
650.0,0.325,CO2,9.244934022460072,0.3468417764180164,499986.099956358
650.0,0.325,N2,170.98671483638523,0.29226451146766214,499986.099956358
650.0,0.375,CO2,5.3727642307975225,0.21134388845833735,499983.9614881054
650.0,0.375,N2,170.87364683974755,0.29188099749643126,499983.9614881054
650.0,0.42500000000000004,CO2,2.8487935653879615,0.11554780672962661,499981.8230198528
650.0,0.42500000000000004,N2,170.75023179221972,0.2914751513363298,499981.8230198528
650.0,0.47500000000000003,CO2,1.419566274397456,0.05830025419903664,499979.6845516002
650.0,0.47500000000000003,N2,170.61595087806734,0.29104619660987835,499979.6845516002
650.0,0.525,CO2,0.6802232310961697,0.02791148877830996,499977.5460833476
650.0,0.525,N2,170.47027161474088,0.29059333644792923,499977.5460833476
650.0,0.5750000000000001,CO2,0.31786981734933656,0.0129295763469159,499975.40761509497
650.0,0.5750000000000001,N2,170.31264771138524,0.2901157552224186,499975.40761509497
650.0,0.625,CO2,0.14597010474584898,0.0058619493498031595,499973.26914684236
650.0,0.625,N2,170.1425189770057,0.28961261967797897,499973.26914684236
650.0,0.675,CO2,0.06613305650045961,0.0026170942941184045,499971.13067858975
650.0,0.675,N2,169.95931127292505,0.2890830797391934,499971.13067858975
650.0,0.7250000000000001,CO2,0.02962247958873754,0.0011542818645771853,499968.99221033714
650.0,0.7250000000000001,N2,169.762436545656,0.28852626926116887,499968.99221033714
650.0,0.775,CO2,0.013133629896867477,0.0005038190103373769,499966.8537420845
650.0,0.775,N2,169.5512934613002,0.2879413079238417,499966.8537420845
650.0,0.8250000000000001,CO2,0.0057681098217453545,0.00021784665411762793,499964.7152738319
650.0,0.8250000000000001,N2,169.32527537738065,0.28732731940905976,499964.7152738319
650.0,0.875,CO2,0.0025107577770779274,9.337610083549257e-05,499962.5768055793
650.0,0.875,N2,169.0838719659239,0.2866836661368063,499962.5768055793
650.0,0.925,CO2,0.0010839167957254511,3.9705522444119894e-05,499960.4383373267
650.0,0.925,N2,168.82796748836702,0.2860130523532384,499960.4383373267
650.0,0.9750000000000001,CO2,0.00047264506463214355,1.7057307664041473e-05,499958.2998690741
650.0,0.9750000000000001,N2,168.57639378212374,0.28536258454672736,499958.2998690741
700.0,0.025,CO2,29.937354372737115,0.9574506585042339,499998.9307658737
700.0,0.025,N2,171.49269919905598,0.2947417514474659,499998.9307658737
700.0,0.07500000000000001,CO2,29.107732558635107,0.9318621169271182,499996.7922976211
700.0,0.07500000000000001,N2,171.4509043818248,0.2945509265424851,499996.7922976211
700.0,0.125,CO2,27.512848040416344,0.8863570188199509,499994.6538293685
700.0,0.125,N2,171.4036312480315,0.2943456636405338,499994.6538293685
700.0,0.17500000000000002,CO2,24.88421475895638,0.8137473626281702,499992.51536111586
700.0,0.17500000000000002,N2,171.35052813955593,0.29412572826578726,499992.51536111586
700.0,0.225,CO2,21.08268309670872,0.7083675043358988,499990.37689286325
700.0,0.225,N2,171.29123550573078,0.29389066123447294,499990.37689286325
700.0,0.275,CO2,16.31540276740456,0.5711776494374609,499988.23842461064
700.0,0.275,N2,171.22538387483357,0.2936399218524791,499988.23842461064
700.0,0.325,CO2,11.282961399477808,0.4160278243794661,499986.099956358
700.0,0.325,N2,171.15259289060216,0.29337292621076005,499986.099956358
700.0,0.375,CO2,6.929897552729139,0.2692012727195536,499983.9614881054
700.0,0.375,N2,171.07247074859671,0.2930890612334585,499983.9614881054
700.0,0.42500000000000004,CO2,3.841130819858571,0.15525518372513966,499981.8230198528
700.0,0.42500000000000004,N2,170.98461381596593,0.2927876908811031,499981.8230198528
700.0,0.47500000000000003,CO2,1.9769952317228414,0.08163984747472582,499979.6845516002
700.0,0.47500000000000003,N2,170.88860634866592,0.29246815924797426,499979.6845516002
700.0,0.525,CO2,0.9700349769076596,0.040288205465991184,499977.5460833476
700.0,0.525,N2,170.78402026765565,0.29212979227720043,499977.5460833476
700.0,0.5750000000000001,CO2,0.46184693773424773,0.019096733971272928,499975.40761509497
700.0,0.5750000000000001,N2,170.6704149746478,0.29177189878931575,499975.40761509497
700.0,0.625,CO2,0.21553943052905317,0.008822957286901715,499973.26914684236
700.0,0.625,N2,170.5473371962875,0.2913937711110456,499973.26914684236
700.0,0.675,CO2,0.09912643603693158,0.004005735307135592,499971.13067858975
700.0,0.675,N2,170.41432085357872,0.2909946854882877,499971.13067858975
700.0,0.7250000000000001,CO2,0.045049230960740747,0.0017948488261769096,499968.99221033714
700.0,0.7250000000000001,N2,170.2708869862866,0.2905739024715242,499968.99221033714
700.0,0.775,CO2,0.020261223618059133,0.0007954916752594271,499966.8537420845
700.0,0.775,N2,170.11654412785427,0.2901306682064857,499966.8537420845
700.0,0.8250000000000001,CO2,0.009026164513824871,0.0003491836801162444,499964.7152738319
700.0,0.8250000000000001,N2,169.95079418367658,0.28966422843371464,499964.7152738319
700.0,0.875,CO2,0.003985243380536667,0.0001519224085165523,499962.5768055793
700.0,0.875,N2,169.77320834296333,0.2891740106581193,499962.5768055793
700.0,0.925,CO2,0.0017451097537415435,6.55662877199372e-05,499960.4383373267
700.0,0.925,N2,169.5843952536173,0.2886620230448382,499960.4383373267
700.0,0.9750000000000001,CO2,0.0007718872067035013,2.8587372455416483e-05,499958.2998690741
700.0,0.9750000000000001,N2,169.39831034412884,0.28816444408666053,499958.2998690741
750.0,0.025,CO2,30.024064217392066,0.9608961691085901,499998.9307658737
750.0,0.025,N2,171.50452138716057,0.2951520569296739,499998.9307658737
750.0,0.07500000000000001,CO2,29.386064557433624,0.9410703777532927,499996.7922976211
750.0,0.07500000000000001,N2,171.47596244747567,0.29501444554809725,499996.7922976211
750.0,0.125,CO2,28.11888593484895,0.904746867751883,499994.6538293685
750.0,0.125,N2,171.44341913204585,0.2948658415706473,499994.6538293685
750.0,0.17500000000000002,CO2,25.956528363611483,0.8450772706227374,499992.51536111586
750.0,0.17500000000000002,N2,171.406618574421,0.2947059998726384,499992.51536111586
750.0,0.225,CO2,22.69026558947143,0.7553878783541969,499990.37689286325
750.0,0.225,N2,171.3652804759924,0.2945345223200899,499990.37689286325
750.0,0.275,CO2,18.346923718664222,0.6329130591530178,499988.23842461064
750.0,0.275,N2,171.31911569241754,0.2943509532654358,499988.23842461064
750.0,0.325,CO2,13.39364014866011,0.48493140214216934,499986.099956358
750.0,0.325,N2,171.26782552726291,0.29415480495773727,499986.099956358
750.0,0.375,CO2,8.701376993479961,0.3325208432226915,499983.9614881054
750.0,0.375,N2,171.2111012892333,0.2939455667853507,499983.9614881054
750.0,0.42500000000000004,CO2,5.061659989815428,0.20274927302915452,499981.8230198528
750.0,0.42500000000000004,N2,171.14862396885167,0.29372270929733263,499981.8230198528
750.0,0.47500000000000003,CO2,2.7011989883542715,0.11155796784474087,499979.6845516002
750.0,0.47500000000000003,N2,171.08006397751734,0.29348568616074994,499979.6845516002
750.0,0.525,CO2,1.3602310330278873,0.05692819963197462,499977.5460833476
750.0,0.525,N2,171.00508092376734,0.293233935200358,499977.5460833476
750.0,0.5750000000000001,CO2,0.6603746897636419,0.027656762841708992,499975.40761509497
750.0,0.5750000000000001,N2,170.92332341464063,0.2929668789824481,499975.40761509497
750.0,0.625,CO2,0.31317250644391104,0.013026656403129548,499973.26914684236
750.0,0.625,N2,170.8344288756971,0.292683925132358,499973.26914684236
750.0,0.675,CO2,0.1461134848780295,0.00601248294401297,499971.13067858975
750.0,0.675,N2,170.73802338802895,0.29238446650789407,499971.13067858975
750.0,0.7250000000000001,CO2,0.06731607937796076,0.0027349735575887004,499968.99221033714
750.0,0.7250000000000001,N2,170.63372156336777,0.29206788136147643,499968.99221033714
750.0,0.775,CO2,0.03068374131928241,0.0012298001673203827,499966.8537420845
750.0,0.775,N2,170.52112675102802,0.29173353421231274,499966.8537420845
750.0,0.8250000000000001,CO2,0.013852303985177067,0.0005475173441320885,499964.7152738319
750.0,0.8250000000000001,N2,170.3998353520099,0.2913807865767041,499964.7152738319
750.0,0.875,CO2,0.00619792533247706,0.00024157331421002313,499962.5768055793
750.0,0.875,N2,170.2694933455856,0.2910091375464831,499962.5768055793
750.0,0.925,CO2,0.0027503908088411426,0.00010572033041640523,499960.4383373267
750.0,0.925,N2,170.13051622061312,0.2906200683769626,499960.4383373267
750.0,0.9750000000000001,CO2,0.0012329073529750924,4.6741319839071486e-05,499958.2998690741
750.0,0.9750000000000001,N2,169.99321747544505,0.2902412249731676,499958.2998690741
800.0,0.025,CO2,30.088052529966934,0.9634207820579945,499998.9307658737
800.0,0.025,N2,171.51253177071317,0.29542985320633885,499998.9307658737
800.0,0.07500000000000001,CO2,29.598549780696295,0.9481057370285143,499996.7922976211
800.0,0.07500000000000001,N2,171.49301846699905,0.295330982873341,499996.7922976211
800.0,0.125,CO2,28.596941638738063,0.9192517296500332,499994.6538293685
800.0,0.125,N2,171.47061935645291,0.29522379061646514,499994.6538293685
800.0,0.17500000000000002,CO2,26.83457333821473,0.8705980212017963,499992.51536111586
800.0,0.17500000000000002,N2,171.4451243761056,0.29510804440035276,499992.51536111586
800.0,0.225,CO2,24.071338096231774,0.7952275775659344,499990.37689286325
800.0,0.225,N2,171.41631680732831,0.29498340752299224,499990.37689286325
800.0,0.275,CO2,20.20869557682675,0.6880810338513562,499988.23842461064
800.0,0.275,N2,171.38397228109966,0.2948495022862959,499988.23842461064
800.0,0.325,CO2,15.495738848610587,0.5511118966711624,499986.099956358
800.0,0.325,N2,171.34785825289288,0.29470592684203145,499986.099956358
800.0,0.375,CO2,10.637800582291256,0.3989782391817187,499983.9614881054
800.0,0.375,N2,171.30773365146817,0.29455226125725126,499983.9614881054
800.0,0.42500000000000004,CO2,6.51409979484257,0.25736996502632337,499981.8230198528
800.0,0.42500000000000004,N2,171.26334860570495,0.294388070104341,499981.8230198528
800.0,0.47500000000000003,CO2,3.619679672292184,0.14872527597625299,499979.6845516002
800.0,0.47500000000000003,N2,171.2144442115353,0.29421290367899045,499979.6845516002
800.0,0.525,CO2,1.8764705544523401,0.07877956583918028,499977.5460833476
800.0,0.525,N2,171.16075232208908,0.29402629860868446,499977.5460833476
800.0,0.5750000000000001,CO2,0.93033466996783,0.039321002045683846,499975.40761509497
800.0,0.5750000000000001,N2,171.10199535259568,0.29382777815824485,499975.40761509497
800.0,0.625,CO2,0.4484837838260482,0.018900092323474352,499973.26914684236
800.0,0.625,N2,171.03788609517224,0.2936168523576513,499973.26914684236
800.0,0.675,CO2,0.212206117264629,0.008868757071269546,499971.13067858975
800.0,0.675,N2,170.9681275421581,0.2933930180334493,499971.13067858975
800.0,0.7250000000000001,CO2,0.09904497396453729,0.004093724057551987,499968.99221033714
800.0,0.7250000000000001,N2,170.8924127343517,0.2931557588378317,499968.99221033714
800.0,0.775,CO2,0.045717708684791004,0.0018662480290554011,499966.8537420845
800.0,0.775,N2,170.81042485517187,0.29290454583065184,499966.8537420845
800.0,0.8250000000000001,CO2,0.020897930703330264,0.0008420325070982342,499964.7152738319
800.0,0.8250000000000001,N2,170.72184038667243,0.2926388456670363,499964.7152738319
800.0,0.875,CO2,0.009467326178141866,0.0003764446614890223,499962.5768055793
800.0,0.875,N2,170.6263710908461,0.2923582285416275,499962.5768055793
800.0,0.925,CO2,0.004253923847879326,0.00016691725813549411,499960.4383373267
800.0,0.925,N2,170.5242979681505,0.29206377987775173,499960.4383373267
800.0,0.9750000000000001,CO2,0.0019309571614567888,7.477169516561963e-05,499958.2998690741
800.0,0.9750000000000001,N2,170.42322421447088,0.2917765313648807,499958.2998690741
850.0,0.025,CO2,30.135294041879266,0.9652723126875358,499998.9307658737
850.0,0.025,N2,171.51795927047763,0.29561793052331353,499998.9307658737
850.0,0.07500000000000001,CO2,29.7604279859391,0.9534711956875951,499996.7922976211
850.0,0.07500000000000001,N2,171.50462735026395,0.2955471281606084,499996.7922976211
850.0,0.125,CO2,28.972071584190104,0.9306432101470233,499994.6538293685
850.0,0.125,N2,171.4892129576831,0.29547005854961894,499994.6538293685
850.0,0.17500000000000002,CO2,27.546475722221086,0.8912244058252046,499992.51536111586
850.0,0.17500000000000002,N2,171.47155550750108,0.2953865143270663,499992.51536111586
850.0,0.225,CO2,25.23806635868029,0.8285349195537292,499990.37689286325
850.0,0.225,N2,171.4514886538075,0.295296216160885,499990.37689286325
850.0,0.275,CO2,21.871024602391042,0.7363301353452724,499988.23842461064
850.0,0.275,N2,171.42883958235925,0.29519885519008565,499988.23842461064
850.0,0.325,CO2,17.516291395731105,0.612706119101388,499986.099956358
850.0,0.325,N2,171.4034286144797,0.29509410418002785,499986.099956358
850.0,0.375,CO2,12.671856482544367,0.4660346616933066,499983.9614881054
850.0,0.375,N2,171.37506892530013,0.29498162148888135,499983.9614881054
850.0,0.42500000000000004,CO2,8.181740159551476,0.31770940285194754,499981.8230198528
850.0,0.42500000000000004,N2,171.34356631250822,0.29486105272051294,499981.8230198528
850.0,0.47500000000000003,CO2,4.753422049902739,0.19335547311533427,499979.6845516002
850.0,0.47500000000000003,N2,171.30871899041554,0.2947320314650499,499979.6845516002
850.0,0.525,CO2,2.546457936853373,0.10674807208458399,499977.5460833476
850.0,0.525,N2,171.2703173982639,0.2945941796343893,499977.5460833476
850.0,0.5750000000000001,CO2,1.2922035930969422,0.05491260707909181,499975.40761509497
850.0,0.5750000000000001,N2,171.2281440174471,0.29444710759611686,499975.40761509497
850.0,0.625,CO2,0.633776541537992,0.026979516789073843,499973.26914684236
850.0,0.625,N2,171.18197319480313,0.29429041418857904,499973.26914684236
850.0,0.675,CO2,0.3041303542443283,0.012877407193939802,499971.13067858975
850.0,0.675,N2,171.13157097145714,0.2941236866712114,499971.13067858975
850.0,0.7250000000000001,CO2,0.14374309408654,0.006030639535294556,499968.99221033714
850.0,0.7250000000000001,N2,171.07669492932413,0.29394650067702066,499968.99221033714
850.0,0.775,CO2,0.06714473868590155,0.002785827976245411,499966.8537420845
850.0,0.775,N2,171.01709421928535,0.2937584205929603,499966.8537420845
850.0,0.8250000000000001,CO2,0.031053226694409807,0.0012729496901470918,499964.7152738319
850.0,0.8250000000000001,N2,170.95251186400895,0.2935590057800522,499964.7152738319
850.0,0.875,CO2,0.014232790792931391,0.0005762085187723157,499962.5768055793
850.0,0.875,N2,170.88271585940237,0.2933478930907548,499962.5768055793
850.0,0.925,CO2,0.006470360657796605,0.0002586664053886314,499960.4383373267
850.0,0.925,N2,170.80789428183144,0.29312587272129353,499960.4383373267
850.0,0.9750000000000001,CO2,0.0029718410481068434,0.00011731157730869456,499958.2998690741
850.0,0.9750000000000001,N2,170.73363982771068,0.2929088806995153,499958.2998690741
900.0,0.025,CO2,30.170190860060277,0.9666314796480883,499998.9307658737
900.0,0.025,N2,171.52163671620707,0.2957452650927464,499998.9307658737
900.0,0.07500000000000001,CO2,29.883552255770827,0.9575571311069665,499996.7922976211
900.0,0.07500000000000001,N2,171.51252856528615,0.2956947115924148,499996.7922976211
900.0,0.125,CO2,29.265199912466652,0.9395582017911404,499994.6538293685
900.0,0.125,N2,171.50192254511606,0.29563946088041565,499994.6538293685
900.0,0.17500000000000002,CO2,28.119089920259654,0.9077895133192695,499992.51536111586
900.0,0.17500000000000002,N2,171.48969666126672,0.2955793345275999,499992.51536111586
900.0,0.225,CO2,26.21033476464641,0.8560816034125049,499990.37689286325
900.0,0.225,N2,171.47572405592476,0.2955141043372823,499990.37689286325
900.0,0.275,CO2,23.323314266893316,0.7777905972706632,499988.23842461064
900.0,0.275,N2,171.45987249876936,0.29544352062351253,499988.23842461064
900.0,0.325,CO2,19.39862674882812,0.6685170806775207,499986.099956358
900.0,0.325,N2,171.44200408441736,0.2953673195867502,499986.099956358
900.0,0.375,CO2,14.728281577379768,0.5313104542498615,499983.9614881054
900.0,0.375,N2,171.4219750049707,0.2952852258954414,499983.9614881054
900.0,0.42500000000000004,CO2,10.025620648433247,0.3817534953141174,499981.8230198528
900.0,0.42500000000000004,N2,171.39963535519718,0.2951969537271729,499981.8230198528
900.0,0.47500000000000003,CO2,6.111078137772684,0.24503447284575486,499979.6845516002
900.0,0.47500000000000003,N2,171.3748289535815,0.29510220720296204,499979.6845516002
900.0,0.525,CO2,3.3973458709291084,0.14154820730382758,499977.5460833476
900.0,0.525,N2,171.34739317178384,0.29500068055212497,499977.5460833476
900.0,0.5750000000000001,CO2,1.7698515123349055,0.07532605553130699,499975.40761509497
900.0,0.5750000000000001,N2,171.31715876873335,0.2948920581427854,499975.40761509497
900.0,0.625,CO2,0.8844851816126181,0.037918351038998835,499973.26914684236
900.0,0.625,N2,171.2839497271386,0.29477601443270296,499973.26914684236
900.0,0.675,CO2,0.4306352381844214,0.018428116001297044,499971.13067858975
900.0,0.675,N2,171.24758309187953,0.2946522138764611,499971.13067858975
900.0,0.7250000000000001,CO2,0.20606452299920353,0.008757083190962507,499968.99221033714
900.0,0.7250000000000001,N2,171.20786881943718,0.29452031083674113,499968.99221033714
900.0,0.775,CO2,0.09735945242049368,0.0040977725543295965,499966.8537420845
900.0,0.775,N2,171.16460976096906,0.29437994982489935,499966.8537420845
900.0,0.8250000000000001,CO2,0.0455264200664794,0.0018952136772111346,499964.7152738319
900.0,0.8250000000000001,N2,171.11760333271516,0.29423077020620847,499964.7152738319
900.0,0.875,CO2,0.02109587284058454,0.0008680306350093408,499962.5768055793
900.0,0.875,N2,171.06666450329678,0.29407246902623263,499962.5768055793
900.0,0.925,CO2,0.009696145318392604,0.00039423352474231727,499960.4383373267
900.0,0.925,N2,171.0119175431501,0.293905617822121,499960.4383373267
900.0,0.9750000000000001,CO2,0.004502978527442308,0.00018088986700871585,499958.2998690741
900.0,0.9750000000000001,N2,170.95746786660746,0.2937422479148843,499958.2998690741
950.0,0.025,CO2,30.195984794211697,0.967630147866369,499998.9307658737
950.0,0.025,N2,171.52412835867077,0.29583147340514976,499998.9307658737
950.0,0.07500000000000001,CO2,29.977081763015466,0.9606649358527567,499996.7922976211
950.0,0.07500000000000001,N2,171.5179060721372,0.2957954728285248,499996.7922976211
950.0,0.125,CO2,29.493474226370907,0.9465148229322172,499994.6538293685
950.0,0.125,N2,171.51060953839968,0.295755967346372,499994.6538293685
950.0,0.17500000000000002,CO2,28.57670734890574,0.9210242722082941,499992.51536111586
950.0,0.17500000000000002,N2,171.50214660155416,0.29571280751792645,499992.51536111586
950.0,0.225,CO2,27.011600281516696,0.8786655142069629,499990.37689286325
950.0,0.225,N2,171.49242107786964,0.29566580927682934,499990.37689286325
950.0,0.275,CO2,24.56946070427595,0.8129092155200845,499988.23842461064
950.0,0.275,N2,171.48133238528845,0.29561477276481424,499988.23842461064
950.0,0.325,CO2,21.10557604860861,0.7179654260349708,499986.099956358
950.0,0.325,N2,171.46877530968516,0.2955594871987324,499986.099956358
950.0,0.375,CO2,16.735022067185984,0.5928658145881913,499983.9614881054
950.0,0.375,N2,171.45463982019956,0.2954997325401379,499983.9614881054
950.0,0.42500000000000004,CO2,11.98775153412403,0.4471709364020545,499981.8230198528
950.0,0.42500000000000004,N2,171.43881090537204,0.2954352801389886,499981.8230198528
950.0,0.47500000000000003,CO2,7.683515847182418,0.3026493786496657,499979.6845516002
950.0,0.47500000000000003,N2,171.42116841895282,0.2953658929734593,499979.6845516002
950.0,0.525,CO2,4.451636594727579,0.18352065393901196,499977.5460833476
950.0,0.525,N2,171.40158693049742,0.2952913257103478,499977.5460833476
950.0,0.5750000000000001,CO2,2.389576566562828,0.10144569292994163,499975.40761509497
950.0,0.5750000000000001,N2,171.37993557837558,0.2952113246757283,499975.40761509497
950.0,0.625,CO2,1.2194695804557676,0.052481133801845097,499973.26914684236
950.0,0.625,N2,171.35607792389385,0.2951256277719724,499973.26914684236
950.0,0.675,CO2,0.6029434732085723,0.026011862360841752,499971.13067858975
950.0,0.675,N2,171.32987180636135,0.29503396436514817,499971.13067858975
950.0,0.7250000000000001,CO2,0.2921323288804311,0.012549568079169512,499968.99221033714
950.0,0.7250000000000001,N2,171.30116920588577,0.2949360551769452,499968.99221033714
950.0,0.775,CO2,0.13955956309384338,0.005948068504313444,499966.8537420845
950.0,0.775,N2,171.2698162045648,0.29483161242871236,499966.8537420845
950.0,0.8250000000000001,CO2,0.06594769151050676,0.002783293598412639,499964.7152738319
950.0,0.8250000000000001,N2,171.23565419586706,0.29472034338560377,499964.7152738319
950.0,0.875,CO2,0.030875156066767336,0.0012891321734536823,499962.5768055793
950.0,0.875,N2,171.19853683950296,0.2946019980153138,499962.5768055793
950.0,0.925,CO2,0.014337921899272021,0.0005919714888604388,499960.4383373267
950.0,0.925,N2,171.15854506942986,0.2944769870020116,499960.4383373267
950.0,0.9750000000000001,CO2,0.006728233917081784,0.00027462434833533237,499958.2998690741
950.0,0.9750000000000001,N2,171.118686890904,0.2943543637716685,499958.2998690741
1000.0,0.025,CO2,30.215063922470613,0.9683646540787941,499998.9307658737
1000.0,0.025,N2,171.52581669455148,0.2958898428845167,499998.9307658737
1000.0,0.07500000000000001,CO2,30.04806125205552,0.9630264709224544,499996.7922976211
1000.0,0.07500000000000001,N2,171.5215661544508,0.29586426700628676,499996.7922976211
1000.0,0.125,CO2,29.670752132090282,0.9519300568901984,499994.6538293685
1000.0,0.125,N2,171.51654720031476,0.29583608657953847,499994.6538293685
1000.0,0.17500000000000002,CO2,28.940503963960364,0.9315530119226851,499992.51536111586
1000.0,0.17500000000000002,N2,171.51069057137582,0.2958051789660834,499992.51536111586
1000.0,0.225,CO2,27.665983312348466,0.8970489776262659,499990.37689286325
1000.0,0.225,N2,171.50392372196436,0.29577139728324153,499990.37689286325
1000.0,0.275,CO2,25.62299663998012,0.8423100217462269,499988.23842461064
1000.0,0.275,N2,171.49617054896592,0.2957345829396432,499988.23842461064
1000.0,0.325,CO2,22.618565755433206,0.76097039984124,499986.099956358
1000.0,0.325,N2,171.4873512096787,0.2956945688385308,499986.099956358
1000.0,0.375,CO2,18.632105248600787,0.6493412307049247,499983.9614881054
1000.0,0.375,N2,171.4773819716054,0.2956511804483022,499983.9614881054
1000.0,0.42500000000000004,CO2,13.998978174556655,0.5116526083617624,499981.8230198528
1000.0,0.42500000000000004,N2,171.46617507535177,0.29560423618964443,499981.8230198528
1000.0,0.47500000000000003,CO2,9.440850584838781,0.3644648851165782,499979.6845516002
1000.0,0.47500000000000003,N2,171.45363860321498,0.29555354755367835,499979.6845516002
1000.0,0.525,CO2,5.721908254844211,0.23246024276955857,499977.5460833476
1000.0,0.525,N2,171.4396763501558,0.2954989191004534,499977.5460833476
1000.0,0.5750000000000001,CO2,3.1780260542008167,0.13401891837395455,499975.40761509497
1000.0,0.5750000000000001,N2,171.424187695484,0.29544014839730953,499975.40761509497
1000.0,0.625,CO2,1.6609682962634373,0.07151368925244833,499973.26914684236
1000.0,0.625,N2,171.40706747427242,0.29537702592097687,499973.26914684236
1000.0,0.675,CO2,0.8351952055165922,0.036230625249275325,499971.13067858975
1000.0,0.675,N2,171.38820584834824,0.29530933493943606,499971.13067858975
1000.0,0.7250000000000001,CO2,0.40992015370684454,0.017764355100244923,499968.99221033714
1000.0,0.7250000000000001,N2,171.3674881819776,0.2952368513980586,499968.99221033714
1000.0,0.775,CO2,0.19798544109108565,0.008529870741380086,499966.8537420845
1000.0,0.775,N2,171.34479498965308,0.2951593439979286,499966.8537420845
1000.0,0.8250000000000001,CO2,0.0945036486103821,0.004037315600255517,499964.7152738319
1000.0,0.8250000000000001,N2,171.32000280601795,0.2950765768544484,499964.7152738319
1000.0,0.875,CO2,0.04467812004084524,0.001890130863985202,499962.5768055793
1000.0,0.875,N2,171.29299666587528,0.2949883455287642,499962.5768055793
1000.0,0.925,CO2,0.020950043582798436,0.000877075671566553,499960.4383373267
1000.0,0.925,N2,171.26382827644375,0.2948949431615165,499960.4383373267
1000.0,0.9750000000000001,CO2,0.009927597181865002,0.00041114289278474606,499958.2998690741
1000.0,0.9750000000000001,N2,171.23469773356172,0.2948031617363486,499958.2998690741
1050.0,0.025,CO2,30.22918671894737,0.968905395890645,499998.9307658737
1050.0,0.025,N2,171.5269607528975,0.29592936485860744,499998.9307658737
1050.0,0.07500000000000001,CO2,30.101887367077506,0.9648195164499362,499996.7922976211
1050.0,0.07500000000000001,N2,171.52405734781053,0.2959112344959255,499996.7922976211
1050.0,0.125,CO2,29.808115458691976,0.9561368077255703,499994.6538293685
1050.0,0.125,N2,171.52060559930862,0.2958911759841953,499994.6538293685
1050.0,0.17500000000000002,CO2,29.22847319249951,0.9398992245436733,499992.51536111586
1050.0,0.17500000000000002,N2,171.51655369518664,0.2958690902796629,499992.51536111586
1050.0,0.225,CO2,28.196468625294976,0.9119257757294096,499990.37689286325
1050.0,0.225,N2,171.51184717802272,0.2958448612520733,499990.37689286325
1050.0,0.275,CO2,26.502923626267584,0.8666899185293553,499988.23842461064
1050.0,0.275,N2,171.50642874268115,0.2958183640220409,499988.23842461064
1050.0,0.325,CO2,23.93428449014807,0.7978041818230892,499986.099956358
1050.0,0.325,N2,171.50023809342684,0.29578946706233206,499986.099956358
1050.0,0.375,CO2,20.37647857053388,0.6999638252405275,499983.9614881054
1050.0,0.375,N2,171.4932118216585,0.2957580328763918,499983.9614881054
1050.0,0.42500000000000004,CO2,15.989102764935215,0.5732078334525943,499981.8230198528
1050.0,0.42500000000000004,N2,171.48528329172498,0.2957239182214393,499981.8230198528
1050.0,0.47500000000000003,CO2,11.333709704482612,0.4283473385911544,499979.6845516002
1050.0,0.47500000000000003,N2,171.47638252990072,0.29568697415225315,499979.6845516002
1050.0,0.525,CO2,7.205397057375103,0.2875126104732328,499977.5460833476
1050.0,0.525,N2,171.46643611434888,0.2956470459849925,499977.5460833476
1050.0,0.5750000000000001,CO2,4.158745992964316,0.1734912676131046,499975.40761509497
1050.0,0.5750000000000001,N2,171.45536706500417,0.2956039732205634,499975.40761509497
1050.0,0.625,CO2,2.2339281850088235,0.09587818810365195,499973.26914684236
1050.0,0.625,N2,171.44309473278045,0.2955575894432979,499973.26914684236
1050.0,0.675,CO2,1.1447890976695017,0.049796253720583133,499971.13067858975
1050.0,0.675,N2,171.42953468806226,0.2955077222056416,499971.13067858975
1050.0,0.7250000000000001,CO2,0.5696806153847029,0.024851874779170113,499968.99221033714
1050.0,0.7250000000000001,N2,171.4145986122499,0.2954541929164947,499968.99221033714
1050.0,0.775,CO2,0.2782163342797548,0.012095876428292946,499966.8537420845
1050.0,0.775,N2,171.39819424205206,0.29539681687539093,499966.8537420845
1050.0,0.8250000000000001,CO2,0.1341102210405961,0.00579082413383832,499964.7152738319
1050.0,0.8250000000000001,N2,171.3802259932953,0.29533540525843593,499964.7152738319
1050.0,0.875,CO2,0.06399524525663286,0.0027393890587507548,499962.5768055793
1050.0,0.875,N2,171.36060412963562,0.29526979227426564,499962.5768055793
1050.0,0.925,CO2,0.03028416405576249,0.0012839010299617742,499960.4383373267
1050.0,0.925,N2,171.33936092409573,0.29520018572753265,499960.4383373267
1050.0,0.9750000000000001,CO2,0.014483361289700108,0.0006078098363991401,499958.2998690741
1050.0,0.9750000000000001,N2,171.31810291981893,0.2951316667928771,499958.2998690741
1100.0,0.025,CO2,30.239648410571498,0.9693038591814268,499998.9307658737
1100.0,0.025,N2,171.52773595780243,0.2959561238714324,499998.9307658737
1100.0,0.07500000000000001,CO2,30.14268149924282,0.966180017090947,499996.7922976211
1100.0,0.07500000000000001,N2,171.52575283798078,0.29594329692821636,499996.7922976211
1100.0,0.125,CO2,29.91435245364623,0.9593990508448997,499994.6538293685
1100.0,0.125,N2,171.5233792619279,0.2959290475892816,499994.6538293685
1100.0,0.17500000000000002,CO2,29.455614825266473,0.9464955875763048,499992.51536111586
1100.0,0.17500000000000002,N2,171.52057663469338,0.2959132968993309,499992.51536111586
1100.0,0.225,CO2,28.623918626694323,0.9239067628983735,499990.37689286325
1100.0,0.225,N2,171.51730425396988,0.2958959537824197,499990.37689286325
1100.0,0.275,CO2,27.230559850149493,0.886749089514372,499988.23842461064
1100.0,0.275,N2,171.51351915832342,0.2958769205818151,499988.23842461064
1100.0,0.325,CO2,25.060460296473106,0.8289590841502172,499986.099956358
1100.0,0.325,N2,171.50917601462103,0.29585609443260447,499986.099956358
1100.0,0.375,CO2,21.942743078744712,0.7444638984961712,499983.9614881054
1100.0,0.375,N2,171.50422701864736,0.29583336768501867,499983.9614881054
1100.0,0.42500000000000004,CO2,17.896097361506747,0.6303417922791626,499981.8230198528
1100.0,0.42500000000000004,N2,171.49862180056155,0.29580862802409746,499981.8230198528
1100.0,0.47500000000000003,CO2,13.299166458510589,0.49207234889117035,499979.6845516002
1100.0,0.47500000000000003,N2,171.4923073319076,0.2957817584696722,499979.6845516002
1100.0,0.525,CO2,8.880226511320952,0.34719949132362365,499977.5460833476
1100.0,0.525,N2,171.48522783271878,0.2957526373227603,499977.5460833476
1100.0,0.5750000000000001,CO2,5.347438858055737,0.2198358501151595,499975.40761509497
1100.0,0.5750000000000001,N2,171.47732467797186,0.2957211380845974,499975.40761509497
1100.0,0.625,CO2,2.9643555295399477,0.12634470044517446,499973.26914684236
1100.0,0.625,N2,171.46853630295453,0.295687129358724,499973.26914684236
1100.0,0.675,CO2,1.55245360881221,0.0675091609987751,499971.13067858975
1100.0,0.675,N2,171.45879810750978,0.2956504747432765,499971.13067858975
1100.0,0.7250000000000001,CO2,0.7843840812023828,0.0343677459756701,499968.99221033714
1100.0,0.7250000000000001,N2,171.4480423619632,0.29561103272620953,499968.99221033714
1100.0,0.775,CO2,0.38752634382700885,0.016972209064825987,499966.8537420845
1100.0,0.775,N2,171.43619815149611,0.2955686566907517,499966.8537420845
1100.0,0.8250000000000001,CO2,0.1886325539308697,0.008220394753157542,499964.7152738319
1100.0,0.8250000000000001,N2,171.42319182068277,0.2955231963927715,499964.7152738319
1100.0,0.875,CO2,0.09082273117628267,0.0039286204370636655,499962.5768055793
1100.0,0.875,N2,171.4089536975777,0.29547451836835614,499962.5768055793
1100.0,0.925,CO2,0.04335471084652445,0.0018590080719321804,499960.4383373267
1100.0,0.925,N2,171.39350327111018,0.295422768876215,499960.4383373267
1100.0,0.9750000000000001,CO2,0.02091492679060607,0.0008883552201654784,499958.2998690741
1100.0,0.9750000000000001,N2,171.37801187362317,0.29537173935021027,499958.2998690741
1150.0,0.025,CO2,30.247404356716117,0.9695977708892788,499998.9307658737
1150.0,0.025,N2,171.52826132379022,0.29597424475203277,499998.9307658737
1150.0,0.07500000000000001,CO2,30.173585834068884,0.9672117775081288,499996.7922976211
1150.0,0.07500000000000001,N2,171.52690694671432,0.2959651865234653,499996.7922976211
1150.0,0.125,CO2,29.996389382896545,0.9619250477171222,499994.6538293685
1150.0,0.125,N2,171.52527509202577,0.29595508242215446,499994.6538293685
1150.0,0.17500000000000002,CO2,29.634251049246117,0.9516957052818459,499992.51536111586
1150.0,0.17500000000000002,N2,171.5233371222234,0.2959438701829178,499992.51536111586
1150.0,0.225,CO2,28.966628629017478,0.9335167019678489,499990.37689286325
1150.0,0.225,N2,171.52106273635863,0.2959314788881119,499990.37689286325
1150.0,0.275,CO2,27.82735138097316,0.9031474680524662,499988.23842461064
1150.0,0.275,N2,171.51841985545008,0.29591783264404237,499988.23842461064
1150.0,0.325,CO2,26.011851965408102,0.8550410120297486,499986.099956358
1150.0,0.325,N2,171.515374533568,0.2959028514727138,499986.099956358
1150.0,0.375,CO2,23.32111454404225,0.7829544083000797,499983.9614881054
1150.0,0.375,N2,171.5118908772422,0.29588645157012344,499983.9614881054
1150.0,0.42500000000000004,CO2,19.67217424386504,0.682109078160337,499981.8230198528
1150.0,0.42500000000000004,N2,171.50793096762655,0.29586854536197643,499981.8230198528
1150.0,0.47500000000000003,CO2,15.26964003320134,0.5536196237574686,499979.6845516002
1150.0,0.47500000000000003,N2,171.503454783237,0.2958490414793937,499979.6845516002
1150.0,0.525,CO2,10.705102732287495,0.4095830612420384,499977.5460833476
1150.0,0.525,N2,171.49842012229306,0.29582784469857876,499977.5460833476
1150.0,0.5750000000000001,CO2,6.746723498518465,0.272429530559307,499975.40761509497
1150.0,0.5750000000000001,N2,171.49278252418642,0.2958048558618483,499975.40761509497
1150.0,0.625,CO2,3.8764333969509397,0.1634442171411954,499973.26914684236
1150.0,0.625,N2,171.4864951898124,0.2957799717869075,499973.26914684236
1150.0,0.675,CO2,2.0818142123396424,0.09020723862668338,499971.13067858975
1150.0,0.675,N2,171.4795089007831,0.2957530851691496,499971.13067858975
1150.0,0.7250000000000001,CO2,1.0700915782117237,0.04697539131662554,499968.99221033714
1150.0,0.7250000000000001,N2,171.47177193961264,0.2957240844861802,499968.99221033714
1150.0,0.775,CO2,0.5352903473368897,0.02357258102561103,499966.8537420845
1150.0,0.775,N2,171.46323003791557,0.2956928539853337,499966.8537420845
1150.0,0.8250000000000001,CO2,0.26315747369122716,0.011557096477288632,499964.7152738319
1150.0,0.8250000000000001,N2,171.4538266919738,0.29565927477813053,499964.7152738319
1150.0,0.875,CO2,0.12781983085196358,0.005579961263438726,499962.5768055793
1150.0,0.875,N2,171.44350808545806,0.2956232401350217,499962.5768055793
1150.0,0.925,CO2,0.061524175060206326,0.0026651024902255714,499960.4383373267
1150.0,0.925,N2,171.4322854523465,0.2955848522167518,499960.4383373267
1150.0,0.9750000000000001,CO2,0.02992452046806106,0.0012850091906764919,499958.2998690741
1150.0,0.9750000000000001,N2,171.42101156744457,0.29554693323863523,499958.2998690741
1200.0,0.025,CO2,30.253158451947606,0.9698147514058179,499998.9307658737
1200.0,0.025,N2,171.52861728337535,0.2959865129355578,499998.9307658737
1200.0,0.07500000000000001,CO2,30.196989513528518,0.9679938641978567,499996.7922976211
1200.0,0.07500000000000001,N2,171.5276923458846,0.2959801267978303,499996.7922976211
1200.0,0.125,CO2,30.059655664540408,0.9638783849288733,499994.6538293685
1200.0,0.125,N2,171.52657057612004,0.29597297397941685,499994.6538293685
1200.0,0.17500000000000002,CO2,29.7743944050934,0.9557861822128385,499992.51536111586
1200.0,0.17500000000000002,N2,171.5252308012464,0.2959650058263169,499992.51536111586
1200.0,0.225,CO2,29.240265279705884,0.941198783689359,499990.37689286325
1200.0,0.225,N2,171.52365054593568,0.2959561674700325,499990.37689286325
1200.0,0.275,CO2,28.31354376907263,0.9164823181065749,499988.23842461064
1200.0,0.275,N2,171.5218059453463,0.29594640026396224,499988.23842461064
1200.0,0.325,CO2,26.80696229176513,0.8766928590054287,499986.099956358
1200.0,0.325,N2,171.51967167483258,0.2959356423588464,499986.099956358
1200.0,0.375,CO2,24.513913525192628,0.815805298021577,499983.9614881054
1200.0,0.375,N2,171.51722088481264,0.29592382885538004,499983.9614881054
1200.0,0.42500000000000004,CO2,21.285978099551937,0.7280656631013607,499981.8230198528
1200.0,0.42500000000000004,N2,171.51442513708565,0.29591089182156244,499981.8230198528
1200.0,0.47500000000000003,CO2,17.18203820631276,0.6113804432247402,499979.6845516002
1200.0,0.47500000000000003,N2,171.5112543411396,0.29589676025644546,499979.6845516002
1200.0,0.525,CO2,12.623427496575657,0.4725374243054439,499977.5460833476
1200.0,0.525,N2,171.50767668979813,0.295881360029528,499977.5460833476
1200.0,0.5750000000000001,CO2,8.341864964729146,0.33003502058667833,499975.40761509497
1200.0,0.5750000000000001,N2,171.5036585938743,0.29586461380734785,499975.40761509497
1200.0,0.625,CO2,4.988338364053226,0.20730309242264605,499973.26914684236
1200.0,0.625,N2,171.49916461563353,0.2958464409718139,499973.26914684236
1200.0,0.675,CO2,2.758122019568461,0.11867402277959481,499971.13067858975
1200.0,0.675,N2,171.49415740106383,0.2958267575334796,499971.13067858975
1200.0,0.7250000000000001,CO2,1.44611849436934,0.06343186635210987,499968.99221033714
1200.0,0.7250000000000001,N2,171.4885976124739,0.29580547604642027,499968.99221033714
1200.0,0.775,CO2,0.7334119835206576,0.03241025845094227,499966.8537420845
1200.0,0.775,N2,171.48244388131917,0.29578250558536534,499966.8537420845
1200.0,0.8250000000000001,CO2,0.3643240906966738,0.01609966764540978,499964.7152738319
1200.0,0.8250000000000001,N2,171.47565303044826,0.2957577525531356,499964.7152738319
1200.0,0.875,CO2,0.17851021822263968,0.007854846894779464,499962.5768055793
1200.0,0.875,N2,171.46818367194697,0.29573113211447444,499962.5768055793
1200.0,0.925,CO2,0.0866150013448875,0.003786166734120378,499960.4383373267
1200.0,0.925,N2,171.4600418034472,0.29570271504738876,499960.4383373267
1200.0,0.9750000000000001,CO2,0.042457949191696806,0.001841332306443812,499958.2998690741
1200.0,0.9750000000000001,N2,171.45184743231889,0.2956745973601915,499958.2998690741
1250.0,0.025,CO2,30.257430709246336,0.9699750857051996,499998.9307658737
1250.0,0.025,N2,171.5288584736831,0.2959948191234325,499998.9307658737
1250.0,0.07500000000000001,CO2,30.214708679317177,0.9685864792204388,499996.7922976211
1250.0,0.07500000000000001,N2,171.52822684165017,0.29599032375856366,499996.7922976211
1250.0,0.125,CO2,30.108392512472783,0.9653871528235111,499994.6538293685
1250.0,0.125,N2,171.52745581671897,0.29598526796967933,499994.6538293685
1250.0,0.17500000000000002,CO2,29.884111240632897,0.9589977011479576,499992.51536111586
1250.0,0.17500000000000002,N2,171.52652979683862,0.2959796140385794,499992.51536111586
1250.0,0.225,CO2,29.45799750533775,0.947322052293613,499990.37689286325
1250.0,0.225,N2,171.5254321673419,0.2959733197581096,499990.37689286325
1250.0,0.275,CO2,28.707431776193925,0.9272780216220405,499988.23842461064
1250.0,0.275,N2,171.5241452345603,0.2959663400440528,499988.23842461064
1250.0,0.325,CO2,27.46556965805089,0.8945426191028222,499986.099956358
1250.0,0.325,N2,171.5226501702746,0.29595862730326117,499986.099956358
1250.0,0.375,CO2,25.53179536925109,0.8435366849368117,499983.9614881054
1250.0,0.375,N2,171.52092695927942,0.2959501315194453,499983.9614881054
1250.0,0.42500000000000004,CO2,22.72180023485768,0.7681744298106515,499981.8230198528
1250.0,0.42500000000000004,N2,171.5189543475873,0.2959408002485491,499981.8230198528
1250.0,0.47500000000000003,CO2,18.98477671678641,0.6642519408941246,499979.6845516002
1250.0,0.47500000000000003,N2,171.5167097902979,0.2959305785781155,499979.6845516002
1250.0,0.525,CO2,14.570856803988196,0.5340317998444214,499977.5460833476
1250.0,0.525,N2,171.51416939869466,0.2959194090701006,499977.5460833476
1250.0,0.5750000000000001,CO2,10.099172915950257,0.3909122196164726,499975.40761509497
1250.0,0.5750000000000001,N2,171.5113078863506,0.2959072316947981,499975.40761509497
1250.0,0.625,CO2,6.307258714440991,0.2575074373214067,499973.26914684236
1250.0,0.625,N2,171.50809851411253,0.29589398375887443,499973.26914684236
1250.0,0.675,CO2,3.6058707197819393,0.15350882025769855,499971.13067858975
1250.0,0.675,N2,171.50451303398063,0.2958795998296572,499971.13067858975
1250.0,0.7250000000000001,CO2,1.9347948307807492,0.08454811869846666,499968.99221033714
1250.0,0.7250000000000001,N2,171.50052163300992,0.29586401166050813,499968.99221033714
1250.0,0.775,CO2,0.9967167055677721,0.04410342779369373,499966.8537420845
1250.0,0.775,N2,171.4960928918532,0.2958471481627213,499966.8537420845
1250.0,0.8250000000000001,CO2,0.5007072709369104,0.02222827931700501,499964.7152738319
1250.0,0.8250000000000001,N2,171.49119394060514,0.2958289359987016,499964.7152738319
1250.0,0.875,CO2,0.24753280907770772,0.010964638546762894,499962.5768055793
1250.0,0.875,N2,171.485793084385,0.2958093081091192,499962.5768055793
1250.0,0.925,CO2,0.12105315025711391,0.005333927102949918,499960.4383373267
1250.0,0.925,N2,171.47989309609656,0.29578831309290454,499960.4383373267
1250.0,0.9750000000000001,CO2,0.05978365565365009,0.0026158672222868743,499958.2998690741
1250.0,0.9750000000000001,N2,171.47394416786997,0.29576750431371934,499958.2998690741
1300.0,0.025,CO2,30.26060520882674,0.9700936706168692,499998.9307658737
1300.0,0.025,N2,171.52902190818972,0.2960004431592396,499998.9307658737
1300.0,0.07500000000000001,CO2,30.228121750267814,0.969035392842707,499996.7922976211
1300.0,0.07500000000000001,N2,171.528590599733,0.29599728327494473,499996.7922976211
1300.0,0.125,CO2,30.14590148137731,0.9665513498508057,499994.6538293685
1300.0,0.125,N2,171.52806072809346,0.29599371482051773,499994.6538293685
1300.0,0.17500000000000002,CO2,29.969855439001613,0.9615149357795645,499992.51536111586
1300.0,0.17500000000000002,N2,171.52742083154973,0.2959897087573069,499992.51536111586
1300.0,0.225,CO2,29.630744335995626,0.9521907250254368,499990.37689286325
1300.0,0.225,N2,171.5266586661203,0.29598523278727223,499990.37689286325
1300.0,0.275,CO2,29.025064927267938,0.9359855877281885,499988.23842461064
1300.0,0.275,N2,171.52576115476003,0.29598025241719483,499988.23842461064
1300.0,0.325,CO2,28.007109607231367,0.9091735698065273,499986.099956358
1300.0,0.325,N2,171.52471434352032,0.2959747311915519,499986.099956358
1300.0,0.375,CO2,26.390407110906416,0.8667356930314679,499983.9614881054
1300.0,0.375,N2,171.52350335951684,0.2959686307367817,499983.9614881054
1300.0,0.42500000000000004,CO2,23.976807006980756,0.8026878764279001,499981.8230198528
1300.0,0.42500000000000004,N2,171.52211236905356,0.29596191074503087,499981.8230198528
1300.0,0.47500000000000003,CO2,20.64128860736855,0.7116287492266336,499979.6845516002
1300.0,0.47500000000000003,N2,171.52052453525008,0.29595452893362995,499979.6845516002
1300.0,0.525,CO2,16.48416697840924,0.5923637662602792,499977.5460833476
1300.0,0.525,N2,171.51872197487646,0.29594644099323913,499977.5460833476
1300.0,0.5750000000000001,CO2,11.968441157692654,0.4530441587510716,499975.40761509497
1300.0,0.5750000000000001,N2,171.51668571423895,0.2959376005297464,499975.40761509497
1300.0,0.625,CO2,7.824798831889611,0.31304668466846924,499973.26914684236
1300.0,0.625,N2,171.5143956440228,0.2959279590018975,499973.26914684236
1300.0,0.675,CO2,4.645138279230986,0.19497067510060506,499971.13067858975
1300.0,0.675,N2,171.5118304730882,0.2959174656560943,499971.13067858975
1300.0,0.7250000000000001,CO2,2.5605203411223982,0.11111348760405584,499968.99221033714
1300.0,0.7250000000000001,N2,171.50896768203904,0.2959060674618686,499968.99221033714
1300.0,0.775,CO2,1.3431929127634301,0.05936731895964909,499966.8537420845
1300.0,0.775,N2,171.50578348728072,0.29589370908200613,499966.8537420845
1300.0,0.8250000000000001,CO2,0.6832345013190418,0.030417114060934055,499964.7152738319
1300.0,0.8250000000000001,N2,171.5022529493188,0.2958803333064817,499964.7152738319
1300.0,0.875,CO2,0.3409487313301089,0.015183013114345266,499962.5768055793
1300.0,0.875,N2,171.498351885762,0.2958658873975681,499962.5768055793
1300.0,0.925,CO2,0.16805213009934267,0.007455987567065737,499960.4383373267
1300.0,0.925,N2,171.49408115006923,0.2958504043936205,499960.4383373267
1300.0,0.9750000000000001,CO2,0.08359628137632656,0.0036868827753905814,499958.2998690741
1300.0,0.9750000000000001,N2,171.48976722840118,0.2958350332022851,499958.2998690741
1350.0,0.025,CO2,30.262965785778494,0.9701814540163618,499998.9307658737
1350.0,0.025,N2,171.529132645582,0.29600425083748855,499998.9307658737
1350.0,0.07500000000000001,CO2,30.238273967436655,0.9693753687827583,499996.7922976211
1350.0,0.07500000000000001,N2,171.52883813807492,0.2960020326230381,499996.7922976211
1350.0,0.125,CO2,30.174745980248733,0.9674488593985878,499994.6538293685
1350.0,0.125,N2,171.52847403702924,0.29599951728465596,499994.6538293685
1350.0,0.17500000000000002,CO2,30.03676320613145,0.9634850830803606,499992.51536111586
1350.0,0.17500000000000002,N2,171.52803194634194,0.29599668260251916,499992.51536111586
1350.0,0.225,CO2,29.76746384796912,0.9560535545687847,499990.37689286325
1350.0,0.225,N2,171.52750286905462,0.2959935039791614,499990.37689286325
1350.0,0.275,CO2,29.280217117943362,0.9429868002722347,499988.23842461064
1350.0,0.275,N2,171.52687716839597,0.29598995514039017,499988.23842461064
1350.0,0.325,CO2,28.449685557607538,0.9211088833163075,499986.099956358
1350.0,0.325,N2,171.5261445332527,0.2959860082804505,499986.099956358
1350.0,0.375,CO2,27.1077562411678,0.8859987792191714,499983.9614881054
1350.0,0.375,N2,171.52529394462442,0.29598163408112155,499983.9614881054
1350.0,0.42500000000000004,CO2,25.057603672166877,0.8320410411994394,499981.8230198528
1350.0,0.42500000000000004,N2,171.52431364196065,0.29597680169023655,499981.8230198528
1350.0,0.47500000000000003,CO2,22.13034178372768,0.7533277383864925,499979.6845516002
1350.0,0.47500000000000003,N2,171.5231910889396,0.2959714786837755,499979.6845516002
1350.0,0.525,CO2,18.3088365011157,0.6462894258208726,499977.5460833476
1350.0,0.525,N2,171.52191293848853,0.29596563102013507,499977.5460833476
1350.0,0.5750000000000001,CO2,13.889158966374971,0.5144119349607128,499975.40761509497
1350.0,0.5750000000000001,N2,171.52046499694018,0.2959592229899484,499975.40761509497
1350.0,0.625,CO2,9.514404305769478,0.37237739378417356,499973.26914684236
1350.0,0.625,N2,171.51883218725985,0.2959522171627568,499973.26914684236
1350.0,0.675,CO2,5.886942402592943,0.24283290148988435,499971.13067858975
1350.0,0.675,N2,171.51699851135228,0.2959445743314979,499971.13067858975
1350.0,0.7250000000000001,CO2,3.3478194638021503,0.14378104706955291,499968.99221033714
1350.0,0.7250000000000001,N2,171.5149470120541,0.2959362534573562,499968.99221033714
1350.0,0.775,CO2,1.793905909575317,0.07898426807697748,499966.8537420845
1350.0,0.775,N2,171.51265974266988,0.29592721164032604,499966.8537420845
1350.0,0.8250000000000001,CO2,0.9255892624133638,0.04124208771084682,499964.7152738319
1350.0,0.8250000000000001,N2,171.5101178418461,0.2959174044352741,499964.7152738319
1350.0,0.875,CO2,0.4666027485650639,0.020859380090100705,499962.5768055793
1350.0,0.875,N2,171.50730292552112,0.2959067905633013,499962.5768055793
1350.0,0.925,CO2,0.23184428314515143,0.010345736350268664,499960.4383373267
1350.0,0.925,N2,171.50421477073806,0.2958953922298242,499960.4383373267
1350.0,0.9750000000000001,CO2,0.11615061042015842,0.00515842335775059,499958.2998690741
1350.0,0.9750000000000001,N2,171.50108987393955,0.295884057595266,499958.2998690741
1400.0,0.025,CO2,30.264722464281572,0.9702464940414263,499998.9307658737
1400.0,0.025,N2,171.5292076842416,0.2960068290165463,499998.9307658737
1400.0,0.07500000000000001,CO2,30.245957581752855,0.9696327954650701,499996.7922976211
1400.0,0.07500000000000001,N2,171.52900659957274,0.2960052737667069,499996.7922976211
1400.0,0.125,CO2,30.19691206424675,0.9681402148353295,499994.6538293685
1400.0,0.125,N2,171.52875644152473,0.296003502942536,499994.6538293685
1400.0,0.17500000000000002,CO2,30.08890376570389,0.9650250190453286,499992.51536111586
1400.0,0.17500000000000002,N2,171.52845107599208,0.2960014996345329,499992.51536111586
1400.0,0.225,CO2,29.8754424311698,0.9591125696060997,499990.37689286325
1400.0,0.225,N2,171.52808390974081,0.29599924519175447,499990.37689286325
1400.0,0.275,CO2,29.484512413548764,0.9486008423772122,499988.23842461064
1400.0,0.275,N2,171.52764786050338,0.2959967196820968,499988.23842461064
1400.0,0.325,CO2,28.80955373979301,0.9308061914783247,499986.099956358
1400.0,0.325,N2,171.5271353298527,0.29599390198100006,499986.099956358
1400.0,0.375,CO2,27.70234401347537,0.9018952846954552,499983.9614881054
1400.0,0.375,N2,171.5265381765531,0.2959907697758346,499983.9614881054
1400.0,0.42500000000000004,CO2,25.97694324216984,0.8567656565372341,499981.8230198528
1400.0,0.42500000000000004,N2,171.52584768965053,0.29598729954302627,499981.8230198528
1400.0,0.47500000000000003,CO2,23.44411065917966,0.7894841929325923,499979.6845516002
1400.0,0.47500000000000003,N2,171.52505456100587,0.2959834665140068,499979.6845516002
1400.0,0.525,CO2,20.003683502922076,0.6950478841818465,499977.5460833476
1400.0,0.525,N2,171.52414885713307,0.2959792446357121,499977.5460833476
1400.0,0.5750000000000001,CO2,15.798809891261843,0.5732398561732844,499975.40761509497
1400.0,0.5750000000000001,N2,171.5231199902673,0.29597460652786256,499975.40761509497
1400.0,0.625,CO2,11.33233124379882,0.4336079882329511,499973.26914684236
1400.0,0.625,N2,171.52195668861398,0.2959695234378823,499973.26914684236
1400.0,0.675,CO2,7.328514680988691,0.29629898471079097,499971.13067858975
1400.0,0.675,N2,171.52064696577864,0.29596396519410423,499971.13067858975
1400.0,0.7250000000000001,CO2,4.318173303742809,0.18292195940202924,499968.99221033714
1400.0,0.7250000000000001,N2,171.519178089816,0.29595790015911183,499968.99221033714
1400.0,0.775,CO2,2.3723211335973735,0.10374176792299421,499966.8537420845
1400.0,0.775,N2,171.5175365576377,0.2959512952020941,499966.8537420845
1400.0,0.8250000000000001,CO2,1.2445073393163768,0.05537783634472813,499964.7152738319
1400.0,0.8250000000000001,N2,171.5157081462044,0.2959441159280425,499964.7152738319
1400.0,0.875,CO2,0.6345256362304839,0.02843177946319781,499962.5768055793
1400.0,0.875,N2,171.5136789237903,0.2959363301689539,499962.5768055793
1400.0,0.925,CO2,0.31796586465340687,0.014254009946907162,499960.4383373267
1400.0,0.925,N2,171.5114481155263,0.2959279526516342,499960.4383373267
1400.0,0.9750000000000001,CO2,0.16043366544953994,0.007167930004299992,499958.2998690741
1400.0,0.9750000000000001,N2,171.5091868405686,0.29591960839978165,499958.2998690741
1450.0,0.025,CO2,30.266030671192983,0.9702947231604083,499998.9307658737
1450.0,0.025,N2,171.52925852779853,0.2960085745384763,499998.9307658737
1450.0,0.07500000000000001,CO2,30.251772583244943,0.9698276853308532,499996.7922976211
1450.0,0.07500000000000001,N2,171.52912123351285,0.29600748534469334,499996.7922976211
1450.0,0.125,CO2,30.21393547042194,0.9686723769085963,499994.6538293685
1450.0,0.125,N2,171.528949377746,0.2960062400843657,499994.6538293685
1450.0,0.17500000000000002,CO2,30.12948922377363,0.9662272554487651,499992.51536111586
1450.0,0.17500000000000002,N2,171.5287384900625,0.29600482595239636,499992.51536111586
1450.0,0.225,CO2,29.96056710134011,0.9615309897785538,499990.37689286325
1450.0,0.225,N2,171.52848375085145,0.29600322886380515,499990.37689286325
1450.0,0.275,CO2,29.647636687430765,0.9530920545631086,499988.23842461064
1450.0,0.275,N2,171.52817996836694,0.29600143375493904,499988.23842461064
1450.0,0.325,CO2,29.100934206399483,0.9386584812829301,499986.099956358
1450.0,0.325,N2,171.52782155747806,0.29599942463619094,499986.099956358
1450.0,0.375,CO2,28.191946101096978,0.9149464679749707,499983.9614881054
1450.0,0.375,N2,171.5274025185934,0.2959971845882752,499983.9614881054
1450.0,0.42500000000000004,CO2,26.75096781229986,0.8774262855079016,499981.8230198528
1450.0,0.42500000000000004,N2,171.5269164162643,0.2959946957401415,499981.8230198528
1450.0,0.47500000000000003,CO2,24.58516817931407,0.8204479055918995,499979.6845516002
1450.0,0.47500000000000003,N2,171.52635635726506,0.2959919392392431,499979.6845516002
1450.0,0.525,CO2,21.542276027058595,0.7383121026563059,499977.5460833476
1450.0,0.525,N2,171.5257149680563,0.2959888952179627,499977.5460833476
1450.0,0.5750000000000001,CO2,17.64070146247523,0.6281547731982942,499975.40761509497
1450.0,0.5750000000000001,N2,171.52498437157928,0.2959855427576758,499975.40761509497
1450.0,0.625,CO2,13.22244883814262,0.49475200087545496,499973.26914684236
1450.0,0.625,N2,171.52415616334574,0.29598185985101544,499973.26914684236
1450.0,0.675,CO2,8.950026373870596,0.35402494135150897,499971.13067858975
1450.0,0.675,N2,171.52322138682655,0.295977823362769,499971.13067858975
1450.0,0.7250000000000001,CO2,5.485774839092113,0.22847804070154012,499968.99221033714
1450.0,0.7250000000000001,N2,171.52217050845738,0.2959734089907552,499968.99221033714
1450.0,0.775,CO2,3.102741187246879,0.13433272118932627,499966.8537420845
1450.0,0.775,N2,171.52099339645704,0.2959685912407101,499966.8537420845
1450.0,0.8250000000000001,CO2,1.6598101542338932,0.07357577402424637,499964.7152738319
1450.0,0.8250000000000001,N2,171.51967935555052,0.29596334359173476,499964.7152738319
1450.0,0.875,CO2,0.8573390099042544,0.03843618419375816,499962.5768055793
1450.0,0.875,N2,171.51821786072423,0.2959576410783684,499962.5768055793
1450.0,0.925,CO2,0.43359653872196413,0.019502016938125172,499960.4383373267
1450.0,0.925,N2,171.51660790701854,0.29595149331205955,499960.4383373267
1450.0,0.9750000000000001,CO2,0.22038248942911717,0.009895615519576288,499958.2998690741
1450.0,0.9750000000000001,N2,171.51497317850362,0.2959453601086664,499958.2998690741
1500.0,0.025,CO2,30.267005584770562,0.9703305156651926,499998.9307658737
1500.0,0.025,N2,171.52929297351616,0.2960097561780171,499998.9307658737
1500.0,0.07500000000000001,CO2,30.256173357994815,0.9699752129840669,499996.7922976211
1500.0,0.07500000000000001,N2,171.52919922913586,0.2960089941642171,499996.7922976211
1500.0,0.125,CO2,30.22700226830045,0.9690817308524984,499994.6538293685
1500.0,0.125,N2,171.52908117091243,0.29600811939526916,499994.6538293685
1500.0,0.17500000000000002,CO2,30.161047992606065,0.9671648381109654,499992.51536111586
1500.0,0.17500000000000002,N2,171.52893554837547,0.29600712221744263,499992.51536111586
1500.0,0.225,CO2,30.02756869119711,0.963440111434985,499990.37689286325
1500.0,0.225,N2,171.52875884665184,0.2960059920336273,499990.37689286325
1500.0,0.275,CO2,29.7775794044817,0.9566776819404033,499988.23842461064
1500.0,0.275,N2,171.5285472688441,0.2960047174996474,499988.23842461064
1500.0,0.325,CO2,29.336020831315494,0.9449984215212455,499986.099956358
1500.0,0.325,N2,171.52829671943687,0.2960032865543361,499986.099956358
1500.0,0.375,CO2,28.592894245945658,0.9256156900849073,499983.9614881054
1500.0,0.375,N2,171.52800278770326,0.2960016864117855,499983.9614881054
1500.0,0.42500000000000004,CO2,27.39712101305564,0.8945773359231328,499981.8230198528
1500.0,0.42500000000000004,N2,171.52766073077757,0.2959999035411899,499981.8230198528
1500.0,0.47500000000000003,CO2,25.56330253876325,0.8466934906920436,499979.6845516002
1500.0,0.47500000000000003,N2,171.52726545625717,0.2959979236414227,499979.6845516002
1500.0,0.525,CO2,22.91194923079082,0.7760996212826287,499977.5460833476
1500.0,0.525,N2,171.5268115042678,0.2959957316128732,499977.5460833476
1500.0,0.5750000000000001,CO2,19.369616526310786,0.6782474449472162,499975.40761509497
1500.0,0.5750000000000001,N2,171.52629302895184,0.295993311527523,499975.40761509497
1500.0,0.625,CO2,15.123653598825273,0.5539796082554256,499973.26914684236
1500.0,0.625,N2,171.52570377935302,0.29599064659763175,499973.26914684236
1500.0,0.675,CO2,10.71416311083278,0.4142578705157119,499971.13067858975
1500.0,0.675,N2,171.5250370796955,0.2959877191433191,499971.13067858975
1500.0,0.7250000000000001,CO2,6.852850628014148,0.27985530211962506,499968.99221033714
1500.0,0.7250000000000001,N2,171.5242858092882,0.2959845105600249,499968.99221033714
1500.0,0.775,CO2,4.007641922181716,0.17122265873650422,499966.8537420845
1500.0,0.775,N2,171.5234423851163,0.2959810012962548,499966.8537420845
1500.0,0.8250000000000001,CO2,2.1939669371008987,0.09661480460620629,499964.7152738319
1500.0,0.8250000000000001,N2,171.52249878509045,0.2959771709724502,499964.7152738319
1500.0,0.875,CO2,1.1505916835145216,0.051507548046349313,499962.5768055793
1500.0,0.875,N2,171.52144707976254,0.2959730002871897,499962.5768055793
1500.0,0.925,CO2,0.5879434277658795,0.026494313224111162,499960.4383373267
1500.0,0.925,N2,171.52028622023082,0.2959684953893441,499960.4383373267
1500.0,0.9750000000000001,CO2,0.3011529818791264,0.013575575567608134,499958.2998690741
1500.0,0.9750000000000001,N2,171.519105515959,0.29596399401757184,499958.2998690741
1550.0,0.025,CO2,30.267732663827736,0.9703571015310942,499998.9307658737
1550.0,0.025,N2,171.5293163151899,0.29601055627629924,499998.9307658737
1550.0,0.07500000000000001,CO2,30.25950402109827,0.9700868825333182,499996.7922976211
1550.0,0.07500000000000001,N2,171.529252306452,0.2960100236807915,499996.7922976211
1550.0,0.125,CO2,30.237027492461024,0.9693964338131463,499994.6538293685
1550.0,0.125,N2,171.5291712110316,0.2960094097782857,499994.6538293685
1550.0,0.17500000000000002,CO2,30.185565668544267,0.9678953145160895,499992.51536111586
1550.0,0.17500000000000002,N2,171.5290706706025,0.2960087073203876,499992.51536111586
1550.0,0.225,CO2,30.080232681873223,0.9649451641095447,499990.37689286325
1550.0,0.225,N2,171.528948127425,0.2960079083617608,499990.37689286325
1550.0,0.275,CO2,29.8808798314038,0.9595351617070675,499988.23842461064
1550.0,0.275,N2,171.52880081083387,0.2960070043874346,499988.23842461064
1550.0,0.325,CO2,29.525117871238884,0.9501045224116833,499986.099956358
1550.0,0.325,N2,171.52862572432346,0.29600598632886277,499986.099956358
1550.0,0.375,CO2,28.91974003454596,0.9343060956338353,499983.9614881054
1550.0,0.375,N2,171.52841963253843,0.2960048445546023,499983.9614881054
1550.0,0.42500000000000004,CO2,27.932723854807108,0.9087369721323396,499981.8230198528
1550.0,0.42500000000000004,N2,171.52817904794776,0.29600356885258056,499981.8230198528
1550.0,0.47500000000000003,CO2,26.39264948258005,0.8687514249277335,499979.6845516002
1550.0,0.47500000000000003,N2,171.52790021710686,0.2960021484087069,499979.6845516002
1550.0,0.525,CO2,24.11119685350024,0.8086724183523881,499977.5460833476
1550.0,0.525,N2,171.52757910646054,0.29600057178350525,499977.5460833476
1550.0,0.5750000000000001,CO2,20.954295800100883,0.7230498251944837,499975.40761509497
1550.0,0.5750000000000001,N2,171.52721138765955,0.2959988268874186,499975.40761509497
1550.0,0.625,CO2,16.97794704428674,0.6098042759822655,499973.26914684236
1550.0,0.625,N2,171.52679242236786,0.2959969009550223,499973.26914684236
1550.0,0.675,CO2,12.569617324320182,0.4750632326445763,499971.13067858975
1550.0,0.675,N2,171.5263172465601,0.29599478051834127,499971.13067858975
1550.0,0.7250000000000001,CO2,8.405778782400539,0.33590704114948333,499968.99221033714
1550.0,0.7250000000000001,N2,171.52578055447262,0.29599245137998204,499968.99221033714
1550.0,0.775,CO2,5.103789625960066,0.2145032847889689,499966.8537420845
1550.0,0.775,N2,171.52517668443886,0.2959898985937904,499966.8537420845
1550.0,0.8250000000000001,CO2,2.87086803023318,0.12521631854536627,499964.7152738319
1550.0,0.8250000000000001,N2,171.5244996342434,0.29598710654983584,499964.7152738319
1550.0,0.875,CO2,1.5329000422538015,0.06836518563345996,499962.5768055793
1550.0,0.875,N2,171.5237434459139,0.2959840603792002,499962.5768055793
1550.0,0.925,CO2,0.7926493647524908,0.03572942917838487,499960.4383373267
1550.0,0.925,N2,171.522907128711,0.2959807639146138,499960.4383373267
1550.0,0.9750000000000001,CO2,0.4094483771243096,0.01850839033077359,499958.2998690741
1550.0,0.9750000000000001,N2,171.52205510881274,0.29597746485290516,499958.2998690741
1600.0,0.025,CO2,30.268275329666572,0.9703768664578633,499998.9307658737
1600.0,0.025,N2,171.52933213854803,0.29601109824415933,499998.9307658737
1600.0,0.07500000000000001,CO2,30.262025038945495,0.9701714099838618,499996.7922976211
1600.0,0.07500000000000001,N2,171.52928843893275,0.29601072635919806,499996.7922976211
1600.0,0.125,CO2,30.244716183139342,0.9696382475290684,499994.6538293685
1600.0,0.125,N2,171.52923274404142,0.29601029595177647,499994.6538293685
1600.0,0.17500000000000002,CO2,30.204598078740332,0.9684639319138666,499992.51536111586
1600.0,0.17500000000000002,N2,171.52916334632374,0.296009801599733,499992.51536111586
1600.0,0.225,CO2,30.12157665580587,0.966130231061859,499990.37689286325
1600.0,0.225,N2,171.5290783883838,0.29600923736514656,499990.37689286325
1600.0,0.275,CO2,29.962855356912772,0.9618087154701466,499988.23842461064
1600.0,0.275,N2,171.5289758526349,0.29600859687637254,499988.23842461064
1600.0,0.325,CO2,29.676830406788476,0.954207995958904,499986.099956358
1600.0,0.325,N2,171.5288535512796,0.29600787333561596,499986.099956358
1600.0,0.375,CO2,29.185153014307243,0.9413629030535485,499983.9614881054
1600.0,0.375,N2,171.5287091161547,0.29600705950945455,499983.9614881054
1600.0,0.42500000000000004,CO2,28.374078498687062,0.9203733511058556,499981.8230198528
1600.0,0.42500000000000004,N2,171.5285399882872,0.29600614771363604,499981.8230198528
1600.0,0.47500000000000003,CO2,27.089467572045834,0.8871594399082952,499979.6845516002
1600.0,0.47500000000000003,N2,171.52834340709865,0.2960051297953172,499979.6845516002
1600.0,0.525,CO2,25.146716613778096,0.8364447453445294,499977.5460833476
1600.0,0.525,N2,171.52811639922186,0.29600399711385744,499977.5460833476
1600.0,0.5750000000000001,CO2,22.3773038814287,0.7624597976225624,499975.40761509497
1600.0,0.5750000000000001,N2,171.52785576690994,0.29600274052059594,499975.40761509497
1600.0,0.625,CO2,18.736679207718975,0.6611771049832134,499973.26914684236
1600.0,0.625,N2,171.5275580760202,0.29600135033776565,499973.26914684236
1600.0,0.675,CO2,14.45751024647042,0.5345783246740092,499971.13067858975
1600.0,0.675,N2,171.5272196435702,0.29599981633667494,499971.13067858975
1600.0,0.7250000000000001,CO2,10.113633759105682,0.39502987043204957,499968.99221033714
1600.0,0.7250000000000001,N2,171.5268365249864,0.2959981277156719,499968.99221033714
1600.0,0.775,CO2,6.39773313532484,0.2637693327696401,499966.8537420845
1600.0,0.775,N2,171.52640450266983,0.2959962730835954,499966.8537420845
1600.0,0.8250000000000001,CO2,3.713583412225851,0.15992380862915928,499964.7152738319
1600.0,0.8250000000000001,N2,171.52591909597683,0.29599424052021717,499964.7152738319
1600.0,0.875,CO2,2.02569027255348,0.0897742145146746,499962.5768055793
1600.0,0.875,N2,171.52537583937777,0.2959920186097673,499962.5768055793
1600.0,0.925,CO2,1.062154741057636,0.04780419848079883,499960.4383373267
1600.0,0.925,N2,171.52477384943597,0.29598960965710247,499960.4383373267
1600.0,0.9750000000000001,CO2,0.5538956221319858,0.025074304424737782,499958.2998690741
1600.0,0.9750000000000001,N2,171.52415955792253,0.2959871950579435,499958.2998690741
1650.0,0.025,CO2,30.268680608660194,0.9703915710674852,499998.9307658737
1650.0,0.025,N2,171.52934286152518,0.2960114652316754,499998.9307658737
1650.0,0.07500000000000001,CO2,30.263933297467,0.9702353892674763,499996.7922976211
1650.0,0.07500000000000001,N2,171.5293130279438,0.2960112057911966,499996.7922976211
1650.0,0.125,CO2,30.250610606538345,0.9698239595172471,499994.6538293685
1650.0,0.125,N2,171.52927478134336,0.29601090430041105,499994.6538293685
1650.0,0.17500000000000002,CO2,30.219361385829057,0.968906183936955,499992.51536111586
1650.0,0.17500000000000002,N2,171.52922688773594,0.2960105567171877,499992.51536111586
1650.0,0.225,CO2,30.153997866048858,0.9670622953348504,499990.37689286325
1650.0,0.225,N2,171.52916800092038,0.29601015861722585,499990.37689286325
1650.0,0.275,CO2,30.027806939992693,0.9636150593571448,499988.23842461064
1650.0,0.275,N2,171.529096654574,0.2960097052465225,499988.23842461064
1650.0,0.325,CO2,29.798280364822205,0.9574994715130662,499986.099956358
1650.0,0.325,N2,171.52901125450532,0.2960091915239759,499986.099956358
1650.0,0.375,CO2,29.399981786822508,0.9470781808523544,499983.9614881054
1650.0,0.375,N2,171.52891007075746,0.2960086120325187,499983.9614881054
1650.0,0.42500000000000004,CO2,28.73598946703448,0.9298995094286945,499981.8230198528
1650.0,0.42500000000000004,N2,171.5287912294604,0.2960079610063349,499981.8230198528
1650.0,0.47500000000000003,CO2,27.670527932658256,0.9024319777157274,499979.6845516002
1650.0,0.47500000000000003,N2,171.52865270438514,0.29600723231627063,499979.6845516002
1650.0,0.525,CO2,26.03052002009637,0.859910251929181,499977.5460833476
1650.0,0.525,N2,171.5284923081758,0.2960064194541756,499977.5460833476
1650.0,0.5750000000000001,CO2,23.63299975007333,0.796645655288206,499975.40761509497
1650.0,0.5750000000000001,N2,171.52830768324407,0.2960055155164593,499975.40761509497
1650.0,0.625,CO2,20.36405365667403,0.7074875826399764,499973.26914684236
1650.0,0.625,N2,171.52809629231086,0.2960045131869591,499973.26914684236
1650.0,0.675,CO2,16.31926914652646,0.5912205427587642,499971.13067858975
1650.0,0.675,N2,171.52785540859307,0.2960034047192073,499971.13067858975
1650.0,0.7250000000000001,CO2,11.930306554412184,0.4553653122374277,499968.99221033714
1650.0,0.7250000000000001,N2,171.52758210571903,0.296002181918471,499968.99221033714
1650.0,0.775,CO2,7.881603565181582,0.31806947301169036,499966.8537420845
1650.0,0.775,N2,171.52727324855363,0.2960008361277767,499966.8537420845
1650.0,0.8250000000000001,CO2,4.740926498190147,0.20095946174205154,499964.7152738319
1650.0,0.8250000000000001,N2,171.52692549953127,0.2959993582706609,499964.7152738319
1650.0,0.875,CO2,2.6522684336413183,0.11647316106217427,499962.5768055793
1650.0,0.875,N2,171.52653551945917,0.2959977396103293,499962.5768055793
1650.0,0.925,CO2,1.413911889180517,0.06340494864284521,499960.4383373267
1650.0,0.925,N2,171.526102549564,0.2959959814609845,499960.4383373267
1650.0,0.9750000000000001,CO2,0.7454570089240489,0.03374495073177311,499958.2998690741
1650.0,0.9750000000000001,N2,171.52566002300816,0.29599421648071234,499958.2998690741
1700.0,0.025,CO2,30.268983472170795,0.9704025188587062,499998.9307658737
1700.0,0.025,N2,171.52935012675985,0.2960117136853417,499998.9307658737
1700.0,0.07500000000000001,CO2,30.26537781846128,0.9702838144371059,499996.7922976211
1700.0,0.07500000000000001,N2,171.52932975806746,0.29601153283089415,499996.7922976211
1700.0,0.125,CO2,30.255127899087622,0.9699665189792279,499994.6538293685
1700.0,0.125,N2,171.52930349380136,0.29601132181048195,499994.6538293685
1700.0,0.17500000000000002,CO2,30.23080535753445,0.9692498845425296,499992.51536111586
1700.0,0.17500000000000002,N2,171.52927044379473,0.2960110776203291,499992.51536111586
1700.0,0.225,CO2,30.179396456592166,0.9677946074469844,499990.37689286325
1700.0,0.225,N2,171.52922963411643,0.2960107969732262,499990.37689286325
1700.0,0.275,CO2,30.07919859670346,0.9650483143310062,499988.23842461064
1700.0,0.275,N2,171.52918000103682,0.2960104763317792,499988.23842461064
1700.0,0.325,CO2,29.89531711086122,0.9601351716645249,499986.099956358
1700.0,0.325,N2,171.52912038505667,0.2960101119082489,499986.099956358
1700.0,0.375,CO2,29.573386585114804,0.9516964442139559,499983.9614881054
1700.0,0.375,N2,171.52904952479165,0.2960096996566565,499983.9614881054
1700.0,0.42500000000000004,CO2,29.031537166066755,0.9376728526665111,499981.8230198528
1700.0,0.42500000000000004,N2,171.5289660506408,0.29600923526219697,499981.8230198528
1700.0,0.47500000000000003,CO2,28.152024710681456,0.9150416331725104,499979.6845516002
1700.0,0.47500000000000003,N2,171.5288684782073,0.296008714129365,499979.6845516002
1700.0,0.525,CO2,26.777569353662333,0.8795887188267865,499977.5460833476
1700.0,0.525,N2,171.52875520145557,0.296008131369282,499977.5460833476
1700.0,0.5750000000000001,CO2,24.724862417906166,0.8259574958152409,499975.40761509497
1700.0,0.5750000000000001,N2,171.52862448558764,0.29600748178640945,499975.40761509497
1700.0,0.625,CO2,21.83790856541697,0.7485085190181999,499973.26914684236
1700.0,0.625,N2,171.52847445963317,0.2960067598647118,499973.26914684236
1700.0,0.675,CO2,18.10336706137322,0.6438056286775226,499971.13067858975
1700.0,0.675,N2,171.52830310874532,0.29600595975332544,499971.13067858975
1700.0,0.7250000000000001,CO2,13.79987236978533,0.5150411972461655,499968.99221033714
1700.0,0.7250000000000001,N2,171.52810826626697,0.29600507525200426,499968.99221033714
1700.0,0.775,CO2,9.530787686389765,0.3759652556392872,499966.8537420845
1700.0,0.775,N2,171.52788760642233,0.29600409979944825,499966.8537420845
1700.0,0.8250000000000001,CO2,5.963179946415741,0.24809372362727075,499964.7152738319
1700.0,0.8250000000000001,N2,171.52763864823118,0.2960030265033618,499964.7152738319
1700.0,0.875,CO2,3.435962755410312,0.14906652628976405,499962.5768055793
1700.0,0.875,N2,171.52735890032181,0.2960018486972275,499962.5768055793
1700.0,0.925,CO2,1.868278308620804,0.08327761180418436,499960.4383373267
1700.0,0.925,N2,171.52704772838553,0.2960005670667684,499960.4383373267
1700.0,0.9750000000000001,CO2,0.9978233490933662,0.045089903466361124,499958.2998690741
1700.0,0.9750000000000001,N2,171.52672918589604,0.2959992785009065,499958.2998690741
1750.0,0.025,CO2,30.26920996788988,0.9704106765620727,499998.9307658737
1750.0,0.025,N2,171.52935505200173,0.2960118819863202,499998.9307658737
1750.0,0.07500000000000001,CO2,30.266471468625177,0.970320469799967,499996.7922976211
1750.0,0.07500000000000001,N2,171.52934114674866,0.29601175601501734,499996.7922976211
1750.0,0.125,CO2,30.258588905693575,0.9700759116817952,499994.6538293685
1750.0,0.125,N2,171.5293231136091,0.29601160843677754,499994.6538293685
1750.0,0.17500000000000002,CO2,30.239671078717386,0.9695168095348565,499992.51536111586
1750.0,0.17500000000000002,N2,171.5293003115343,0.29601143702601007,499992.51536111586
1750.0,0.225,CO2,30.199275825039642,0.9683694317065424,499990.37689286325
1750.0,0.225,N2,171.52927203713304,0.2960112393468236,499990.37689286325
1750.0,0.275,CO2,30.11981119990202,0.966184178840949,499988.23842461064
1750.0,0.275,N2,171.52923752007686,0.2960110127738441,499988.23842461064
1750.0,0.325,CO2,29.97271727068563,0.9622425566661957,499986.099956358
1750.0,0.325,N2,171.5291959185131,0.29601075449064007,499986.099956358
1750.0,0.375,CO2,29.71302186828868,0.9554208216189274,499983.9614881054
1750.0,0.375,N2,171.52914631434572,0.29601046148292204,499983.9614881054
1750.0,0.42500000000000004,CO2,29.27204996958577,0.9439982667802226,499981.8230198528
1750.0,0.42500000000000004,N2,171.52908770833454,0.2960101305298811,499981.8230198528
1750.0,0.47500000000000003,CO2,28.54892255657337,0.9254101740824668,499979.6845516002
1750.0,0.47500000000000003,N2,171.52901901499231,0.2960097581946021,499979.6845516002
1750.0,0.525,CO2,27.40395005362254,0.8959887771289994,499977.5460833476
1750.0,0.525,N2,171.52893905726313,0.2960093408138719,499977.5460833476
1750.0,0.5750000000000001,CO2,25.662630622842755,0.8508492710306597,499975.40761509497
1750.0,0.5750000000000001,N2,171.52884656097496,0.2960088744875074,499975.40761509497
1750.0,0.625,CO2,23.14846288664454,0.7843125900642605,499973.26914684236
1750.0,0.625,N2,171.5287401490563,0.2960083550672395,499973.26914684236
1750.0,0.675,CO2,19.769866546528256,0.6915835399734358,499971.13067858975
1750.0,0.675,N2,171.52861833551307,0.2960077781451928,499971.13067858975
1750.0,0.7250000000000001,CO2,15.663917782818114,0.5723923979065504,499968.99221033714
1750.0,0.7250000000000001,N2,171.52847951920975,0.2960071390421543,499968.99221033714
1750.0,0.775,CO2,11.304640695769253,0.43569134016691086,499966.8537420845
1750.0,0.775,N2,171.52832197807516,0.2960064327979203,499966.8537420845
1750.0,0.8250000000000001,CO2,7.377735470924994,0.3005679616462037,499964.7152738319
1750.0,0.8250000000000001,N2,171.5281438714188,0.29600565419229435,499964.7152738319
1750.0,0.875,CO2,4.397163115459184,0.18789098015681807,499962.5768055793
1750.0,0.875,N2,171.52794334423945,0.2960047981528219,499962.5768055793
1750.0,0.925,CO2,2.447867490280063,0.10816913482369048,499960.4383373267
1750.0,0.925,N2,171.52771987668072,0.2960038649776726,499960.4383373267
1750.0,0.9750000000000001,CO2,1.327708571995924,0.0597729585435186,499958.2998690741
1750.0,0.9750000000000001,N2,171.52749075947767,0.29600292534172185,499958.2998690741
1800.0,0.025,CO2,30.269379459393246,0.9704167596938442,499998.9307658737
1800.0,0.025,N2,171.5293583908394,0.29601199598954325,499998.9307658737
1800.0,0.07500000000000001,CO2,30.267299568019087,0.9703482172970276,499996.7922976211
1800.0,0.07500000000000001,N2,171.52934889906965,0.29601190831403307,499996.7922976211
1800.0,0.125,CO2,30.261239920285874,0.970159822607962,499994.6538293685
1800.0,0.125,N2,171.52933651946637,0.29601180518493303,499994.6538293685
1800.0,0.17500000000000002,CO2,30.24653555448011,0.9697239711073464,499992.51536111586
1800.0,0.17500000000000002,N2,171.52932079112762,0.29601168495775837,499992.51536111586
1800.0,0.225,CO2,30.214822430469756,0.9688202337876971,499990.37689286325
1800.0,0.225,N2,171.5293012068815,0.29601154583196587,499990.37689286325
1800.0,0.275,CO2,30.151869777676637,0.9670833624127363,499988.23842461064
1800.0,0.275,N2,171.52927720979486,0.2960113858637876,499988.23842461064
1800.0,0.325,CO2,30.034362523132202,0.9639252222682194,499986.099956358
1800.0,0.325,N2,171.52924818966068,0.2960112029640491,499986.099956358
1800.0,0.375,CO2,29.82523334327758,0.9584190679535937,499983.9614881054
1800.0,0.375,N2,171.52921347936888,0.2960109948924486,499983.9614881054
1800.0,0.42500000000000004,CO2,29.467199601606552,0.9491331992046262,499981.8230198528
1800.0,0.42500000000000004,N2,171.52917235112793,0.2960107592505423,499981.8230198528
1800.0,0.47500000000000003,CO2,28.874649433175154,0.933906636793095,499979.6845516002
1800.0,0.47500000000000003,N2,171.52912401252044,0.29601049347405706,499979.6845516002
1800.0,0.525,CO2,27.92563819157087,0.9095859101428911,499977.5460833476
1800.0,0.525,N2,171.52906760238278,0.2960101948247439,499977.5460833476
1800.0,0.5750000000000001,CO2,26.459795294671228,0.8718192082296767,499975.40761509497
1800.0,0.5750000000000001,N2,171.52900218650075,0.29600986038184995,499975.40761509497
1800.0,0.625,CO2,24.295829673816822,0.815180780387011,499973.26914684236
1800.0,0.625,N2,171.52892675311475,0.2960094870332355,499973.26914684236
1800.0,0.675,CO2,21.292066115029336,0.7342011250801593,499971.13067858975
1800.0,0.675,N2,171.52884020822984,0.2960090714661572,499971.13067858975
1800.0,0.7250000000000001,CO2,17.46874882371301,0.6261109942832056,499968.99221033714
1800.0,0.7250000000000001,N2,171.52874137076302,0.2960086101578608,499968.99221033714
1800.0,0.775,CO2,13.150777416055352,0.4953870501103541,499966.8537420845
1800.0,0.775,N2,171.52862896797632,0.29600809936766453,499966.8537420845
1800.0,0.8250000000000001,CO2,8.966015267487922,0.3571143133505449,499964.7152738319
1800.0,0.8250000000000001,N2,171.52850163676177,0.29600753515152267,499964.7152738319
1800.0,0.875,CO2,5.549306308225015,0.2328777859252965,499962.5768055793
1800.0,0.875,N2,171.52835799869288,0.2960069136601884,499962.5768055793
1800.0,0.925,CO2,3.176035447648691,0.13873239190879155,499960.4383373267
1800.0,0.925,N2,171.52819763433212,0.2960062349622585,499960.4383373267
1800.0,0.9750000000000001,CO2,1.7548813975155086,0.07852957117204551,499958.2998690741
1800.0,0.9750000000000001,N2,171.52803296292228,0.2960055505483742,499958.2998690741
1850.0,0.025,CO2,30.269506365158477,0.9704212988143077,499998.9307658737
1850.0,0.025,N2,171.52936065329405,0.2960120731795515,499998.9307658737
1850.0,0.07500000000000001,CO2,30.267926652307594,0.9703692223119527,499996.7922976211
1850.0,0.07500000000000001,N2,171.52935417398882,0.2960120121989989,499996.7922976211
1850.0,0.125,CO2,30.263269983234892,0.9702241642038056,499994.6538293685
1850.0,0.125,N2,171.52934567585817,0.2960119401810731,499994.6538293685
1850.0,0.17500000000000002,CO2,30.25184768861505,0.9698846480539083,499992.51536111586
1850.0,0.17500000000000002,N2,171.5293348280251,0.2960118559137898,499992.51536111586
1850.0,0.225,CO2,30.226971204016507,0.969173473870294,499990.37689286325
1850.0,0.225,N2,171.52932126536078,0.296011758069369,499990.37689286325
1850.0,0.275,CO2,30.177150151446327,0.9677944472847971,499988.23842461064
1850.0,0.275,N2,171.52930458583853,0.2960116452119881,499988.23842461064
1850.0,0.325,CO2,30.08339427009313,0.965267088090083,499986.099956358
1850.0,0.325,N2,171.52928434785076,0.2960115157954588,499986.099956358
1850.0,0.375,CO2,29.915245329164144,0.9608289920046559,499983.9614881054
1850.0,0.375,N2,171.52926006742885,0.2960113681585005,499983.9614881054
1850.0,0.42500000000000004,CO2,29.625143579672468,0.9532931095195479,499981.8230198528
1850.0,0.42500000000000004,N2,171.52923121533905,0.2960112005191073,499981.8230198528
1850.0,0.47500000000000003,CO2,29.14098119870237,0.94084878826966,499979.6845516002
1850.0,0.47500000000000003,N2,171.5291972140454,0.29601101096842314,499979.6845516002
1850.0,0.525,CO2,28.357707446136267,0.9208104794670958,499977.5460833476
1850.0,0.525,N2,171.52915743453073,0.29601079746426384,499977.5460833476
1850.0,0.5750000000000001,CO2,27.131645799466156,0.8893684028749783,499975.40761509497
1850.0,0.5750000000000001,N2,171.52911119296866,0.29601055782433766,499975.40761509497
1850.0,0.625,CO2,25.28727855010623,0.8415221660416472,499973.26914684236
1850.0,0.625,N2,171.52905774724323,0.2960102897191786,499973.26914684236
1850.0,0.675,CO2,22.655913651840155,0.7716282627562346,499971.13067858975
1850.0,0.675,N2,171.5289962933107,0.2960099906648086,499971.13067858975
1850.0,0.7250000000000001,CO2,19.17064690490898,0.6753083045925269,499968.99221033714
1850.0,0.7250000000000001,N2,171.52892596142604,0.2960096580152281,499968.99221033714
1850.0,0.775,CO2,15.011779621637045,0.5533248060471977,499966.8537420845
1850.0,0.775,N2,171.52884581255987,0.29600928895597284,499966.8537420845
1850.0,0.8250000000000001,CO2,10.693105903039275,0.41608217939453596,499964.7152738319
1850.0,0.8250000000000001,N2,171.5287548390366,0.296008880514135,499964.7152738319
1850.0,0.875,CO2,6.8945173120608665,0.28345547862320003,499962.5768055793
1850.0,0.875,N2,171.52865201847698,0.29600842977609865,499962.5768055793
1850.0,0.925,CO2,4.074324054823464,0.17540114786950392,499960.4383373267
1850.0,0.925,N2,171.52853701669838,0.2960079366826478,499960.4383373267
1850.0,0.9750000000000001,CO2,2.3017208948512207,0.10211737947056003,499958.2998690741
1850.0,0.9750000000000001,N2,171.52841874719485,0.2960074387044432,499958.2998690741
1900.0,0.025,CO2,30.26960144428582,0.9704246882639284,499998.9307658737
1900.0,0.025,N2,171.5293621866458,0.29601212545330663,499998.9307658737
1900.0,0.07500000000000001,CO2,30.268401584664375,0.9703851246046441,499996.7922976211
1900.0,0.07500000000000001,N2,171.52935776371805,0.2960120830671874,499996.7922976211
1900.0,0.125,CO2,30.26482421990902,0.9702734851949378,499994.6538293685
1900.0,0.125,N2,171.52935193045536,0.2960120328082346,499994.6538293685
1900.0,0.17500000000000002,CO2,30.255956566071834,0.970009198691339,499992.51536111586
1900.0,0.17500000000000002,N2,171.52934444966587,0.2960119737853669,499992.51536111586
1900.0,0.225,CO2,30.236458051303533,0.9694500487793964,499990.37689286325
1900.0,0.225,N2,171.52933505886568,0.29601190502161134,499990.37689286325
1900.0,0.275,CO2,30.197066836212343,0.9683562406360336,499988.23842461064
1900.0,0.275,N2,171.52932346827563,0.2960118254586579,499988.23842461064
1900.0,0.325,CO2,30.122346491397728,0.9663359470110776,499986.099956358
1900.0,0.325,N2,171.52930935878044,0.29601173395464625,499986.099956358
1900.0,0.375,CO2,29.98733534985568,0.9627633095472317,499983.9614881054
1900.0,0.375,N2,171.52929237980337,0.2960116292803143,499983.9614881054
1900.0,0.42500000000000004,CO2,29.752697150372814,0.9566570232293785,499981.8230198528
1900.0,0.42500000000000004,N2,171.52927214708373,0.29601151011450966,499981.8230198528
1900.0,0.47500000000000003,CO2,29.35806663284711,0.9465068353286493,499979.6845516002
1900.0,0.47500000000000003,N2,171.52924824034517,0.29601137503933544,499979.6845516002
1900.0,0.525,CO2,28.713880565764352,0.9300428658107399,499977.5460833476
1900.0,0.525,N2,171.5292202008513,0.29601122253502565,499977.5460833476
1900.0,0.5750000000000001,CO2,27.693846859208538,0.9039741418210712,499975.40761509497
1900.0,0.5750000000000001,N2,171.52918752884318,0.29601105097457975,499975.40761509497
1900.0,0.625,CO2,26.134676328073326,0.8638100860260141,499973.26914684236
1900.0,0.625,N2,171.5291496808522,0.29601085861816706,499973.26914684236
1900.0,0.675,CO2,23.858011738017556,0.8040707080880396,499971.13067858975
1900.0,0.675,N2,171.52910606688852,0.29601064360730883,499971.13067858975
1900.0,0.7250000000000001,CO2,20.738511069888492,0.7195019920390546,499968.99221033714
1900.0,0.7250000000000001,N2,171.5290560475171,0.2960104039589119,499968.99221033714
1900.0,0.775,CO2,16.832443945760424,0.6080842836918834,499966.8537420845
1900.0,0.775,N2,171.52899893105902,0.29601013756005917,499966.8537420845
1900.0,0.8250000000000001,CO2,12.51073237831684,0.47564542418018113,499964.7152738319
1900.0,0.8250000000000001,N2,171.52893397383085,0.29600984217484316,499964.7152738319
1900.0,0.875,CO2,8.420003000260575,0.3385332451934399,499962.5768055793
1900.0,0.875,N2,171.52886041887405,0.29600951560315764,499962.5768055793
1900.0,0.925,CO2,5.15884535147566,0.21825289193116998,499960.4383373267
1900.0,0.925,N2,171.5287780026556,0.296009157721953,499960.4383373267
1900.0,0.9750000000000001,CO2,2.9920225085259617,0.13123277672373063,499958.2998690741
1900.0,0.9750000000000001,N2,171.52869311781288,0.2960087957691301,499958.2998690741
1950.0,0.025,CO2,30.269672722144914,0.9704272210268327,499998.9307658737
1950.0,0.025,N2,171.52936322617353,0.2960121608645438,499998.9307658737
1950.0,0.07500000000000001,CO2,30.268761336938407,0.9703971649768222,499996.7922976211
1950.0,0.07500000000000001,N2,171.52936020725338,0.2960121314219376,499996.7922976211
1950.0,0.125,CO2,30.266013937382954,0.9703112814903071,499994.6538293685
1950.0,0.125,N2,171.52935620376113,0.29601209637078013,499994.6538293685
1950.0,0.17500000000000002,CO2,30.25913331883817,0.970105692768426,499992.51536111586
1950.0,0.17500000000000002,N2,171.52935104589685,0.29601205505740413,499992.51536111586
1950.0,0.225,CO2,30.243861323843348,0.969666436389883,499990.37689286325
1950.0,0.225,N2,171.52934454522682,0.296012006764468,499990.37689286325
1950.0,0.275,CO2,30.21274425005455,0.9687996836322751,499988.23842461064
1950.0,0.275,N2,171.5293364931725,0.29601195071352243,499988.23842461064
1950.0,0.325,CO2,30.153257296295905,0.9671864313457432,499986.099956358
1950.0,0.325,N2,171.5293266594601,0.29601188606302736,499986.099956358
1950.0,0.375,CO2,30.04499025163821,0.9643138911017174,499983.9614881054
1950.0,0.375,N2,171.52931479050338,0.2960118119052501,499983.9614881054
1950.0,0.42500000000000004,CO2,29.855512709699887,0.95937287369822,499981.8230198528
1950.0,0.42500000000000004,N2,171.52930060770566,0.29601172726271036,499981.8230198528
1950.0,0.47500000000000003,CO2,29.534539470605075,0.9511083714605397,499979.6845516002
1950.0,0.47500000000000003,N2,171.5292838056771,0.29601163108435435,499979.6845516002
1950.0,0.525,CO2,29.006336867321025,0.9376133773027641,499977.5460833476
1950.0,0.525,N2,171.52926405036132,0.2960115222415181,499977.5460833476
1950.0,0.5750000000000001,CO2,28.161499722300125,0.9160744826636746,499975.40761509497
1950.0,0.5750000000000001,N2,171.52924097706693,0.2960113995236999,499975.40761509497
1950.0,0.625,CO2,26.85237443090487,0.8825357929934579,499973.26914684236
1950.0,0.625,N2,171.52921418840228,0.2960112616341477,499973.26914684236
1950.0,0.675,CO2,24.902985090766435,0.8318878736684625,499971.13067858975
1950.0,0.675,N2,171.52918325210806,0.29601110718526585,499971.13067858975
1950.0,0.7250000000000001,CO2,22.154010919609735,0.7585537747504081,499968.99221033714
1950.0,0.7250000000000001,N2,171.52914769880113,0.2960109346938939,499968.99221033714
1950.0,0.775,CO2,18.565751865174644,0.6586420188414275,499966.8537420845
1950.0,0.775,N2,171.52910701979678,0.2960107425771209,499966.8537420845
1950.0,0.8250000000000001,CO2,14.363203392558992,0.5340344232913036,499964.7152738319
1950.0,0.8250000000000001,N2,171.52906066711813,0.29601052915689646,499964.7152738319
1950.0,0.875,CO2,10.096647746501185,0.3965914555190549,499962.5768055793
1950.0,0.875,N2,171.52900808127595,0.296010292775686,499962.5768055793
1950.0,0.925,CO2,6.435982033750993,0.26689502781577057,499960.4383373267
1950.0,0.925,N2,171.5289490562605,0.2960100332855698,499960.4383373267
1950.0,0.9750000000000001,CO2,3.848746131560284,0.16639261044253373,499958.2998690741
1950.0,0.9750000000000001,N2,171.52888817348048,0.29600977046500626,499958.2998690741
2000.0,0.025,CO2,30.269726186968903,0.970429114865576,499998.9307658737
2000.0,0.025,N2,171.52936393080404,0.2960121848488758,499998.9307658737
2000.0,0.07500000000000001,CO2,30.269033880882866,0.9704062821769155,499996.7922976211
2000.0,0.07500000000000001,N2,171.52936187031304,0.2960121644095703,499996.7922976211
2000.0,0.125,CO2,30.26692446716226,0.9703402383590599,499994.6538293685
2000.0,0.125,N2,171.529359122925,0.29601213997954523,499994.6538293685
2000.0,0.17500000000000002,CO2,30.261588371824004,0.9701804116658849,499992.51536111586
2000.0,0.17500000000000002,N2,171.52935556724216,0.29601211108031233,499992.51536111586
2000.0,0.225,CO2,30.24963504166868,0.9698356151854768,499990.37689286325
2000.0,0.225,N2,171.52935106816858,0.2960120771862123,499990.37689286325
2000.0,0.275,CO2,30.225074787303,0.9691494094083842,499988.23842461064
2000.0,0.275,N2,171.52934547577215,0.296012037725769,499988.23842461064
2000.0,0.325,CO2,30.17776214003907,0.9678624807655081,499986.099956358
2000.0,0.325,N2,171.52933862411135,0.296011992079981,499986.099956358
2000.0,0.375,CO2,30.09104210669256,0.9655554037028189,499983.9614881054
2000.0,0.375,N2,171.52933033000616,0.29601193957984695,499983.9614881054
2000.0,0.42500000000000004,CO2,29.9382504995803,0.9615623565356921,499981.8230198528
2000.0,0.42500000000000004,N2,171.52932039174698,0.2960118795035664,499981.8230198528
2000.0,0.47500000000000003,CO2,29.677669204578812,0.9548436551514206,499979.6845516002
2000.0,0.47500000000000003,N2,171.52930858773425,0.296011811073538,499979.6845516002
2000.0,0.525,CO2,29.24567904401784,0.9438049368937547,499977.5460833476
2000.0,0.525,N2,171.52929467504754,0.2960117334531937,499977.5460833476
2000.0,0.5750000000000001,CO2,28.54857279831563,0.9260606933314672,499975.40761509497
2000.0,0.5750000000000001,N2,171.52927838793903,0.2960116457436811,499975.40761509497
2000.0,0.625,CO2,27.455619303106214,0.8981767563862589,499973.26914684236
2000.0,0.625,N2,171.5292594362493,0.29601154698039717,499973.26914684236
2000.0,0.675,CO2,25.80089103644319,0.8555245135536873,499971.13067858975
2000.0,0.675,N2,171.52923750374376,0.2960114361293765,499971.13067858975
2000.0,0.7250000000000001,CO2,23.410063800082614,0.7925882958158342,499968.99221033714
2000.0,0.7250000000000001,N2,171.52921224637478,0.2960113120835698,499968.99221033714
2000.0,0.775,CO2,20.176378981480337,0.7043833131338132,499966.8537420845
2000.0,0.775,N2,171.52918329059537,0.2960111736594995,499966.8537420845
2000.0,0.8250000000000001,CO2,16.19454893521728,0.5897282504724921,499964.7152738319
2000.0,0.8250000000000001,N2,171.52915023324212,0.29601101960033355,499964.7152738319
2000.0,0.875,CO2,11.880825337111471,0.4558622590325044,499962.5768055793
2000.0,0.875,N2,171.52911266144045,0.2960108486600163,499962.5768055793
2000.0,0.925,CO2,7.898437178963223,0.32041861724764603,499960.4383373267
2000.0,0.925,N2,171.52907041532856,0.2960106606884346,499960.4383373267
2000.0,0.9750000000000001,CO2,4.890609454264533,0.20779633742472758,499958.2998690741
2000.0,0.9750000000000001,N2,171.52902677598252,0.29601047003276126,499958.2998690741
2050.0,0.025,CO2,30.269766312884506,0.9704305318762237,499998.9307658737
2050.0,0.025,N2,171.52936440834645,0.29601220109078835,499998.9307658737
2050.0,0.07500000000000001,CO2,30.26924038957708,0.9704131867075996,499996.7922976211
2050.0,0.07500000000000001,N2,171.5293630019974,0.2960121869096735,499996.7922976211
2050.0,0.125,CO2,30.267621222698846,0.9703624179414073,499994.6538293685
2050.0,0.125,N2,171.52936111671997,0.296012169892247,499994.6538293685
2050.0,0.17500000000000002,CO2,30.263484952473338,0.9702382415587856,499992.51536111586
2050.0,0.17500000000000002,N2,171.52935866582914,0.2960121496889587,499992.51536111586
2050.0,0.225,CO2,30.254135293847234,0.9699677972573998,499990.37689286325
2050.0,0.225,N2,171.52935555259108,0.29601212591534265,499990.37689286325
2050.0,0.275,CO2,30.234765705977484,0.9694250025950519,499988.23842461064
2050.0,0.275,N2,171.52935166936783,0.2960120981526486,499988.23842461064
2050.0,0.325,CO2,30.19717064999811,0.9683993707018744,499986.099956358
2050.0,0.325,N2,171.5293468967312,0.29601206594641055,499986.099956358
2050.0,0.375,CO2,30.127783911604308,0.9665483771998208,499983.9614881054
2050.0,0.375,N2,171.52934110253267,0.2960120288044881,499983.9614881054
2050.0,0.42500000000000004,CO2,30.004733534705938,0.9633252003668032,499981.8230198528
2050.0,0.42500000000000004,N2,171.52933414092283,0.296011986194874,499981.8230198528
2050.0,0.47500000000000003,CO2,29.79352574315649,0.957870765756583,499979.6845516002
2050.0,0.47500000000000003,N2,171.5293258513178,0.29601193754334854,499979.6845516002
2050.0,0.525,CO2,29.44100164500821,0.9488573672189833,499977.5460833476
2050.0,0.525,N2,171.52931605730828,0.29601188223100694,499977.5460833476
2050.0,0.5750000000000001,CO2,28.867614044929788,0.93427545924376,499975.40761509497
2050.0,0.5750000000000001,N2,171.52930456551036,0.29601181959166584,499975.40761509497
2050.0,0.625,CO2,27.95945470832687,0.9111774629295433,499973.26914684236
2050.0,0.625,N2,171.52929116435493,0.2960117489091505,499973.26914684236
2050.0,0.675,CO2,26.564979304820042,0.8754585422472466,499971.13067858975
2050.0,0.675,N2,171.52927562281278,0.2960116694144649,499971.13067858975
2050.0,0.7250000000000001,CO2,24.508453992850754,0.8219094578571046,499968.99221033714
2050.0,0.7250000000000001,N2,171.52925768906263,0.2960115802828693,499968.99221033714
2050.0,0.775,CO2,21.641720626403483,0.7450572596569138,499966.8537420845
2050.0,0.775,N2,171.5292370891877,0.29601148063122273,499966.8537420845
2050.0,0.8250000000000001,CO2,17.954969656044536,0.6415749897925838,499964.7152738319
2050.0,0.8250000000000001,N2,171.52921352700085,0.29601136951999973,499964.7152738319
2050.0,0.875,CO2,13.719293929225575,0.514554837455716,499962.5768055793
2050.0,0.875,N2,171.52918669829307,0.2960112460144169,499962.5768055793
2050.0,0.925,CO2,9.52293821678874,0.37744850579464817,499960.4383373267
2050.0,0.925,N2,171.52915647980993,0.2960111099744367,499960.4383373267
2050.0,0.9750000000000001,CO2,6.127772272368135,0.2551976936491461,499958.2998690741
2050.0,0.9750000000000001,N2,171.52912521978445,0.2960109717971071,499958.2998690741
2100.0,0.025,CO2,30.269796444507527,0.9704315927968578,499998.9307658737
2100.0,0.025,N2,171.52936473206321,0.2960122120922852,499998.9307658737
2100.0,0.07500000000000001,CO2,30.26939688809652,0.9704184162137939,499996.7922976211
2100.0,0.07500000000000001,N2,171.5293637722349,0.29601220225862607,499996.7922976211
2100.0,0.125,CO2,30.268154321046215,0.97037940276028,499994.6538293685
2100.0,0.125,N2,171.5293624786785,0.2960121904113333,499994.6538293685
2100.0,0.17500000000000002,CO2,30.26494956477023,0.9702829794595251,499992.51536111586
2100.0,0.17500000000000002,N2,171.52936078956918,0.29601217629553683,499992.51536111586
2100.0,0.225,CO2,30.257641029985376,0.9700710077434983,499990.37689286325
2100.0,0.225,N2,171.52935863572537,0.29601215963054617,499990.37689286325
2100.0,0.275,CO2,30.242376677186005,0.9696420101601152,499988.23842461064
2100.0,0.275,N2,171.52935593996617,0.2960121401100665,499988.23842461064
2100.0,0.325,CO2,30.2125294211944,0.9688253676834585,499986.099956358
2100.0,0.325,N2,171.5293526164451,0.296012117401023,499986.099956358
2100.0,0.375,CO2,30.157066978607745,0.9673417616360044,499983.9614881054
2100.0,0.375,N2,171.52934856994668,0.2960120911420218,499983.9614881054
2100.0,0.42500000000000004,CO2,30.05808489276291,0.9647428540659223,499981.8230198528
2100.0,0.42500000000000004,N2,171.5293436951454,0.2960120609416398,499981.8230198528
2100.0,0.47500000000000003,CO2,29.88714366205872,0.9603203709973653,499979.6845516002
2100.0,0.47500000000000003,N2,171.52933787582097,0.2960120263766002,499979.6845516002
2100.0,0.525,CO2,29.600017546663985,0.9529722665692656,499977.5460833476
2100.0,0.525,N2,171.52933098403003,0.29601198698984754,499977.5460833476
2100.0,0.5750000000000001,CO2,29.12965923004497,0.9410145411228817,499975.40761509497
2100.0,0.5750000000000001,N2,171.5293228792319,0.29601194228852823,499975.40761509497
2100.0,0.625,CO2,28.378041572763703,0.921939680891549,499973.26914684236
2100.0,0.625,N2,171.529313407365,0.29601189174187453,499973.26914684236
2100.0,0.675,CO2,27.209953338615502,0.8921654403219004,499971.13067858975
2100.0,0.675,N2,171.52930239987413,0.2960118347789953,499971.13067858975
2100.0,0.7250000000000001,CO2,25.457223280683852,0.8469279972470402,499968.99221033714
2100.0,0.7250000000000001,N2,171.52928967269077,0.29601177078658886,499968.99221033714
2100.0,0.775,CO2,22.950875615432814,0.7807000020025631,499966.8537420845
2100.0,0.775,N2,171.52927502523102,0.29601169910684144,499966.8537420845
2100.0,0.8250000000000001,CO2,19.60521695131092,0.6888273333639002,499964.7152738319
2100.0,0.8250000000000001,N2,171.5292582402005,0.2960116190387256,499964.7152738319
2100.0,0.875,CO2,15.55606767225995,0.5710654331970658,499962.5768055793
2100.0,0.875,N2,171.52923909378518,0.2960115298823597,499962.5768055793
2100.0,0.925,CO2,11.270844761432732,0.43629618385560154,499960.4383373267
2100.0,0.925,N2,171.52921749148834,0.29601143151357184,499960.4383373267
2100.0,0.9750000000000001,CO2,7.557350493205968,0.30782959806295607,499958.2998690741
2100.0,0.9750000000000001,N2,171.5291951128161,0.29601133145964886,499958.2998690741
2150.0,0.025,CO2,30.269819083972344,0.9704323876327008,499998.9307658737
2150.0,0.025,N2,171.5293649515774,0.2960122195466877,499998.9307658737
2150.0,0.07500000000000001,CO2,30.26951550961035,0.9704223776641533,499996.7922976211
2150.0,0.07500000000000001,N2,171.5293642966177,0.29601221273178097,499996.7922976211
2150.0,0.125,CO2,30.26856215996269,0.9703924071447692,499994.6538293685
2150.0,0.125,N2,171.52936340925444,0.29601220448884186,499994.6538293685
2150.0,0.17500000000000002,CO2,30.266080220499674,0.9703175747194951,499992.51536111586
2150.0,0.17500000000000002,N2,171.52936224544496,0.2960121946323722,499992.51536111586
2150.0,0.225,CO2,30.26037063642009,0.9701515487419999,499990.37689286325
2150.0,0.225,N2,171.5293607557693,0.29601218295779985,499990.37689286325
2150.0,0.275,CO2,30.248350164786096,0.9698127620482013,499988.23842461064
2150.0,0.275,N2,171.5293588849519,0.2960121692414673,499988.23842461064
2150.0,0.325,CO2,30.22467368772012,0.9691630933153835,499986.099956358
2150.0,0.325,N2,171.52935657135845,0.29601215323968144,499986.099956358
2150.0,0.375,CO2,30.18038290931418,0.9679750733751167,499983.9614881054
2150.0,0.375,N2,171.52935374646785,0.29601213468751064,499983.9614881054
2150.0,0.42500000000000004,CO2,30.100847534671647,0.9658816647427763,499981.8230198528
2150.0,0.42500000000000004,N2,171.52935033431157,0.29601211329745747,499981.8230198528
2150.0,0.47500000000000003,CO2,29.96267634615283,0.9623000332685997,499979.6845516002
2150.0,0.47500000000000003,N2,171.52934625088096,0.296012088758044,499979.6845516002
2150.0,0.525,CO2,29.729207398542655,0.9563179208693903,499977.5460833476
2150.0,0.525,N2,171.52934140349944,0.2960120607323191,499977.5460833476
2150.0,0.5750000000000001,CO2,29.3442525098726,0.946530110912096,499975.40761509497
2150.0,0.5750000000000001,N2,171.5293356901591,0.29601202885629063,499975.40761509497
2150.0,0.625,CO2,28.724268543127774,0.930818449792186,499973.26914684236
2150.0,0.625,N2,171.5293289988179,0.29601199273728085,499973.26914684236
2150.0,0.675,CO2,27.750724079158115,0.9060952518407633,499971.13067858975
2150.0,0.675,N2,171.52932120666017,0.2960119519522071,499971.13067858975
2150.0,0.7250000000000001,CO2,26.268351287220618,0.8681052938168542,499968.99221033714
2150.0,0.7250000000000001,N2,171.52931217931788,0.29601190604579874,499968.99221033714
2150.0,0.775,CO2,24.10254542509421,0.8115531754207189,499966.8537420845
2150.0,0.775,N2,171.52930177010117,0.29601185452894135,499966.8537420845
2150.0,0.8250000000000001,CO2,21.118382358428075,0.7311150708373815,499964.7152738319
2150.0,0.8250000000000001,N2,171.5292898198089,0.2960117968794931,499964.7152738319
2150.0,0.875,CO2,17.339176525104957,0.6241203163340083,499962.5768055793
2150.0,0.875,N2,171.5292761640087,0.2960117325744379,499962.5768055793
2150.0,0.925,CO2,13.092077030480922,0.4951728900524684,499960.4383373267
2150.0,0.925,N2,171.52926073060829,0.2960116615073614,499960.4383373267
2150.0,0.9750000000000001,CO2,9.160231923095257,0.36442282022009176,499958.2998690741
2150.0,0.9750000000000001,N2,171.52924472002155,0.2960115891227553,499958.2998690741
2200.0,0.025,CO2,30.269836102371674,0.9704329834531724,499998.9307658737
2200.0,0.025,N2,171.52936510036977,0.29601222459551396,499998.9307658737
2200.0,0.07500000000000001,CO2,30.269605434197818,0.970425378879279,499996.7922976211
2200.0,0.07500000000000001,N2,171.52936465348378,0.296012219875238,499996.7922976211
2200.0,0.125,CO2,30.26887413197684,0.9704023619811959,499994.6538293685
2200.0,0.125,N2,171.52936404484905,0.29601221414326834,499994.6538293685
2200.0,0.17500000000000002,CO2,30.266952775692648,0.9703443156414214,499992.51536111586
2200.0,0.17500000000000002,N2,171.52936324312466,0.2960122072648302,499992.51536111586
2200.0,0.225,CO2,30.262494875113088,0.9702143629258708,499990.37689286325
2200.0,0.225,N2,171.5293622130478,0.29601219909107346,499990.37689286325
2200.0,0.275,CO2,30.253035471936386,0.9699470230559663,499988.23842461064
2200.0,0.275,N2,171.52936091507488,0.2960121894589488,499988.23842461064
2200.0,0.325,CO2,30.234268863197226,0.9694306229219946,499986.099956358
2200.0,0.325,N2,171.52935930500595,0.2960121781904485,499986.099956358
2200.0,0.375,CO2,30.198930846131546,0.9684801535081364,499983.9614881054
2200.0,0.375,N2,171.5293573335869,0.296012165091672,499983.9614881054
2200.0,0.42500000000000004,CO2,30.135085759535443,0.966795548092252,499981.8230198528
2200.0,0.42500000000000004,N2,171.52935494608786,0.29601214995179875,499981.8230198528
2200.0,0.47500000000000003,CO2,30.02353456341543,0.9638979941637721,499979.6845516002
2200.0,0.47500000000000003,N2,171.52935208185588,0.2960121325419963,499979.6845516002
2200.0,0.525,CO2,29.83397624018786,0.9590340613315296,499977.5460833476
2200.0,0.525,N2,171.5293486738405,0.2960121126142653,499977.5460833476
2200.0,0.5750000000000001,CO2,29.519542167682165,0.9510352314098756,499975.40761509497
2200.0,0.5750000000000001,N2,171.529344648091,0.2960120899002275,499975.40761509497
2200.0,0.625,CO2,29.00958173991396,0.9381223410067426,499973.26914684236
2200.0,0.625,N2,171.52933992322497,0.29601206410985076,499973.26914684236
2200.0,0.675,CO2,28.201586596862022,0.9176596401895283,499971.13067858975
2200.0,0.675,N2,171.52933440986484,0.2960120349301158,499971.13067858975
2200.0,0.7250000000000001,CO2,26.955876053440736,0.8859127372966334,499968.99221033714
2200.0,0.7250000000000001,N2,171.52932801004613,0.29601200202363004,499968.99221033714
2200.0,0.775,CO2,25.102568090346445,0.8379885950276785,499966.8537420845
2200.0,0.775,N2,171.52932061662926,0.2960119650273289,499966.8537420845
2200.0,0.8250000000000001,CO2,22.47961808712912,0.7683787334582719,499964.7152738319
2200.0,0.8250000000000001,N2,171.52931211312583,0.29601192355297135,499964.7152738319
2200.0,0.875,CO2,19.025704704166518,0.6728383049634363,499962.5768055793
2200.0,0.875,N2,171.52930237889396,0.2960118772104202,499962.5768055793
2200.0,0.925,CO2,14.931228795472379,0.5524071667673318,499960.4383373267
2200.0,0.925,N2,171.52929135917876,0.29601182591069736,499960.4383373267
2200.0,0.9750000000000001,CO2,10.900593543812972,0.4233319497313922,499958.2998690741
2200.0,0.9750000000000001,N2,171.52927991142025,0.29601177358823944,499958.2998690741
2250.0,0.025,CO2,30.26984890073956,0.9704334303112074,499998.9307658737
2250.0,0.025,N2,171.52936520117777,0.29601222801343074,499998.9307658737
2250.0,0.07500000000000001,CO2,30.26967361134257,0.9704276527938317,499996.7922976211
2250.0,0.07500000000000001,N2,171.52936489623602,0.29601222474530026,499996.7922976211
2250.0,0.125,CO2,30.269112736680214,0.9704099807833132,499994.6538293685
2250.0,0.125,N2,171.52936447877022,0.29601222076109385,499994.6538293685
2250.0,0.17500000000000002,CO2,30.267625917445176,0.9703649767305271,499992.51536111586
2250.0,0.17500000000000002,N2,171.52936392650102,0.2960122159630485,499992.51536111586
2250.0,0.225,CO2,30.264147179282258,0.9702633236859612,499990.37689286325
2250.0,0.225,N2,171.52936321429206,0.2960122102430261,499990.37689286325
2250.0,0.275,CO2,30.25670809115161,0.9700525184507786,499988.23842461064
2250.0,0.275,N2,171.52936231388404,0.2960122034823435,499988.23842461064
2250.0,0.325,CO2,30.241844386573494,0.9696423806051013,499986.099956358
2250.0,0.325,N2,171.52936119361257,0.296012195551173,499986.099956358
2250.0,0.375,CO2,30.213673139497384,0.968882617189393,499983.9614881054
2250.0,0.375,N2,171.52935981811098,0.2960121863078182,499983.9614881054
2250.0,0.42500000000000004,CO2,30.16247119682832,0.967528224510648,499981.8230198528
2250.0,0.42500000000000004,N2,171.52935814799275,0.296012175597924,499981.8230198528
2250.0,0.47500000000000003,CO2,30.07250900543288,0.9651864285204588,499979.6845516002
2250.0,0.47500000000000003,N2,171.52935613951533,0.2960121632536347,499979.6845516002
2250.0,0.525,CO2,29.918805958662894,0.9612361874807006,499977.5460833476
2250.0,0.525,N2,171.5293537442223,0.29601214909270496,499977.5460833476
2250.0,0.5750000000000001,CO2,29.662416711709724,0.9547086006765594,499975.40761509497
2250.0,0.5750000000000001,N2,171.52935090856388,0.2960121329175639,499975.40761509497
2250.0,0.625,CO2,29.24396351287201,0.9441160615658665,499973.26914684236
2250.0,0.625,N2,171.5293475734947,0.2960121145143312,499973.26914684236
2250.0,0.675,CO2,28.575731541003364,0.9272257898123812,499971.13067858975
2250.0,0.675,N2,171.52934367404677,0.29601209365178527,499971.13067858975
2250.0,0.7250000000000001,CO2,27.534479562366336,0.9008045502118034,499968.99221033714
2250.0,0.7250000000000001,N2,171.52933913888089,0.2960120700802894,499968.99221033714
2250.0,0.775,CO2,25.961481357465576,0.8604473148372274,499966.8537420845
2250.0,0.775,N2,171.5293338898373,0.29601204353077704,499966.8537420845
2250.0,0.8250000000000001,CO2,23.68437293285228,0.8007908576783075,499964.7152738319
2250.0,0.8250000000000001,N2,171.5293278417834,0.2960120137150376,499964.7152738319
2250.0,0.875,CO2,20.584528063683766,0.716724153089142,499962.5768055793
2250.0,0.875,N2,171.52932090631913,0.29601198034255494,499962.5768055793
2250.0,0.925,CO2,16.734534223887078,0.6066092537836214,499960.4383373267
2250.0,0.925,N2,171.52931304202312,0.2960119433403126,499960.4383373267
2250.0,0.9750000000000001,CO2,12.728981836797333,0.48273957127236794,499958.2998690741
2250.0,0.9750000000000001,N2,171.5293048610099,0.29601190554914153,499958.2998690741
2300.0,0.025,CO2,30.269858530932616,0.9704337656668444,499998.9307658737
2300.0,0.025,N2,171.52936526952215,0.2960122303288617,499998.9307658737
2300.0,0.07500000000000001,CO2,30.269725312033227,0.9704293760053292,499996.7922976211
2300.0,0.07500000000000001,N2,171.52936506146284,0.2960122280672517,499996.7922976211
2300.0,0.125,CO2,30.269295219645613,0.9704158110885136,499994.6538293685
2300.0,0.125,N2,171.52936477516477,0.2960122252992763,499994.6538293685
2300.0,0.17500000000000002,CO2,30.268145086141313,0.9703809349310565,499992.51536111586
2300.0,0.17500000000000002,N2,171.52936439480536,0.29601222195413035,499992.51536111586
2300.0,0.225,CO2,30.265431852941187,0.9703014671406411,499990.37689286325
2300.0,0.225,N2,171.5293639024854,0.29601221795337024,499990.37689286325
2300.0,0.275,CO2,30.25958530069979,0.9701353592888812,499988.23842461064
2300.0,0.275,N2,171.52936327803,0.29601221321073506,499988.23842461064
2300.0,0.325,CO2,30.247821340211928,0.969809871894844,499986.099956358
2300.0,0.325,N2,171.52936249877905,0.2960122076316766,499986.099956358
2300.0,0.375,CO2,30.22538141507578,0.9692030546142798,499983.9614881054
2300.0,0.375,N2,171.52936153936386,0.29601220111280196,499983.9614881054
2300.0,0.42500000000000004,CO2,30.184355301804587,0.968115100026278,499981.8230198528
2300.0,0.42500000000000004,N2,171.5293603714703,0.29601219354126596,499981.8230198528
2300.0,0.47500000000000003,CO2,30.111876631090723,0.966224240962102,499979.6845516002
2300.0,0.47500000000000003,N2,171.5293589635852,0.29601218479412594,499979.6845516002
2300.0,0.525,CO2,29.98739522442529,0.9630194230569058,499977.5460833476
2300.0,0.525,N2,171.52935728072836,0.29601217473765834,499977.5460833476
2300.0,0.5750000000000001,CO2,29.778651886450497,0.957699183484783,499975.40761509497
2300.0,0.5750000000000001,N2,171.5293552841656,0.2960121632266384,499975.40761509497
2300.0,0.625,CO2,29.435992877072138,0.9490243068776184,499973.26914684236
2300.0,0.625,N2,171.52935293110568,0.2960121501035831,499973.26914684236
2300.0,0.675,CO2,28.884989849810612,0.9351149054213918,499971.13067858975
2300.0,0.675,N2,171.5293501743777,0.29601213519795494,499971.13067858975
2300.0,0.7250000000000001,CO2,28.018512126360015,0.9132010402443277,499968.99221033714
2300.0,0.7250000000000001,N2,171.52934696209076,0.2960121183253323,499968.99221033714
2300.0,0.775,CO2,26.692489030811533,0.8793934006886096,499966.8537420845
2300.0,0.775,N2,171.52934323729295,0.2960120992866196,499966.8537420845
2300.0,0.8250000000000001,CO2,24.736049263806517,0.8286790305312569,499964.7152738319
2300.0,0.8250000000000001,N2,171.52933893784095,0.29601207786819894,499964.7152738319
2300.0,0.875,CO2,21.99676924466969,0.755617878992821,499962.5768055793
2300.0,0.875,N2,171.5293339990405,0.29601205385409574,499962.5768055793
2300.0,0.925,CO2,18.455642306604663,0.6567641694882524,499960.4383373267
2300.0,0.925,N2,171.52932838967,0.2960120271852674,499960.4383373267
2300.0,0.9750000000000001,CO2,14.588326574460538,0.5408821206631281,499958.2998690741
2300.0,0.9750000000000001,N2,171.52932254645074,0.2960119999111956,499958.2998690741
2350.0,0.025,CO2,30.269865780333937,0.9704340174697248,499998.9307658737
2350.0,0.025,N2,171.52936531584456,0.29601223189698217,499998.9307658737
2350.0,0.07500000000000001,CO2,30.269764523407584,0.9704306820340431,499996.7922976211
2350.0,0.07500000000000001,N2,171.5293651738927,0.29601223033256874,499996.7922976211
2350.0,0.125,CO2,30.269434766326114,0.9704202720098692,499994.6538293685
2350.0,0.125,N2,171.52936497756562,0.29601222841039304,499994.6538293685
2350.0,0.17500000000000002,CO2,30.26854538273085,0.9703932561717359,499992.51536111586
2350.0,0.17500000000000002,N2,171.5293647156368,0.29601222607924954,499992.51536111586
2350.0,0.225,CO2,30.2664302465693,0.9703311677728377,499990.37689286325
2350.0,0.225,N2,171.52936437537247,0.29601222328231536,499990.37689286325
2350.0,0.275,CO2,30.261838090518747,0.970200369265433,499988.23842461064
2350.0,0.275,N2,171.52936394238307,0.29601221995698257,499988.23842461064
2350.0,0.325,CO2,30.25253389328434,0.9699422549557741,499986.099956358
2350.0,0.325,N2,171.52936340046782,0.29601221603449207,499986.099956358
2350.0,0.375,CO2,30.234672959550497,0.9694579818112787,499983.9614881054
2350.0,0.375,N2,171.5293627314479,0.2960122114395061,499983.9614881054
2350.0,0.42500000000000004,CO2,30.201827895947552,0.9685847835846142,499981.8230198528
2350.0,0.42500000000000004,N2,171.5293619149886,0.2960122060896434,499981.8230198528
2350.0,0.47500000000000003,CO2,30.143489451818184,0.9670593831293062,499979.6845516002
2350.0,0.47500000000000003,N2,171.52936092841074,0.29601219989498473,499979.6845516002
2350.0,0.525,CO2,30.042783434930914,0.9644618543418187,499977.5460833476
2350.0,0.525,N2,171.52935974648776,0.29601219275754975,499977.5460833476
2350.0,0.5750000000000001,CO2,29.873059624576815,0.9601305766244259,499975.40761509497
2350.0,0.5750000000000001,N2,171.52935834123153,0.2960121845707446,499975.40761509497
2350.0,0.625,CO2,29.59296572762901,0.9530364006704576,499973.26914684236
2350.0,0.625,N2,171.52935668166327,0.2960121752187799,499973.26914684236
2350.0,0.675,CO2,29.13977027334187,0.9416043353345152,499971.13067858975
2350.0,0.675,N2,171.5293547335703,0.29601216457605917,499971.13067858975
2350.0,0.7250000000000001,CO2,28.421420199417067,0.9234810351952187,499968.99221033714
2350.0,0.7250000000000001,N2,171.52935245924934,0.29601215250653884,499968.99221033714
2350.0,0.775,CO2,27.30992485444267,0.8952831253376468,499966.8537420845
2350.0,0.775,N2,171.52934981724715,0.2960121388631158,499966.8537420845
2350.0,0.8250000000000001,CO2,25.643529977109793,0.852459099167158,499964.7152738319
2350.0,0.8250000000000001,N2,171.5293467622525,0.2960121234876955,499964.7152738319
2350.0,0.875,CO2,23.25441797641265,0.7896160981852727,499962.5768055793
2350.0,0.875,N2,171.5293432469754,0.29601210621997265,499962.5768055793
2350.0,0.925,CO2,20.059176525160698,0.702247241769505,499960.4383373267
2350.0,0.925,N2,171.52933924795943,0.2960120870127711,499960.4383373267
2350.0,0.9750000000000001,CO2,16.42151698511755,0.596245595904259,499958.2998690741
2350.0,0.9750000000000001,N2,171.52933507661896,0.29601206734349916,499958.2998690741
2400.0,0.025,CO2,30.26987123987239,0.9704342066314874,499998.9307658737
2400.0,0.025,N2,171.5293653472244,0.2960122329584222,499998.9307658737
2400.0,0.07500000000000001,CO2,30.26979426698224,0.9704316720109168,499996.7922976211
2400.0,0.07500000000000001,N2,171.52936525035946,0.2960122318766019,499996.7922976211
2400.0,0.125,CO2,30.269541470561727,0.9704236847192679,499994.6538293685
2400.0,0.125,N2,171.5293651157171,0.2960122305422095,499994.6538293685
2400.0,0.17500000000000002,CO2,30.268853942943093,0.9704027661474856,499992.51536111586
2400.0,0.17500000000000002,N2,171.52936493533903,0.2960122289182649,499992.51536111586
2400.0,0.225,CO2,30.26720583516535,0.9703542831245482,499990.37689286325
2400.0,0.225,N2,171.52936470017357,0.29601222696366186,499990.37689286325
2400.0,0.275,CO2,30.263601036587783,0.9702513558302686,499988.23842461064
2400.0,0.275,N2,171.52936439996702,0.29601222463301996,499988.23842461064
2400.0,0.325,CO2,30.256247184315868,0.9700468174612227,499986.099956358
2400.0,0.325,N2,171.5293640231469,0.29601222187640164,499986.099956358
2400.0,0.375,CO2,30.24204131137074,0.9696606395809972,499983.9614881054
2400.0,0.375,N2,171.52936355669826,0.296012218638985,499983.9614881054
2400.0,0.42500000000000004,CO2,30.215766902046393,0.968960371493085,499981.8230198528
2400.0,0.42500000000000004,N2,171.52936298603115,0.2960122148607092,499981.8230198528
2400.0,0.47500000000000003,CO2,30.168851171079275,0.9677308357132552,499979.6845516002
2400.0,0.47500000000000003,N2,171.52936229483885,0.29601221047589715,499979.6845516002
2400.0,0.525,CO2,30.087460781794164,0.9656274366180696,499977.5460833476
2400.0,0.525,N2,171.5293614649467,0.29601220541285544,499977.5460833476
2400.0,0.5750000000000001,CO2,29.949628462735863,0.962104938489592,499975.40761509497
2400.0,0.5750000000000001,N2,171.52936047615097,0.2960121995934522,499975.40761509497
2400.0,0.625,CO2,29.72103151228594,0.9563108119424001,499973.26914684236
2400.0,0.625,N2,171.52935930604679,0.29601219293267106,499973.26914684236
2400.0,0.675,CO2,29.349082726586555,0.9469307736638497,499971.13067858975
2400.0,0.675,N2,171.52935792984545,0.29601218533814166,499971.13067858975
2400.0,0.7250000000000001,CO2,28.75540384421553,0.9319786137167072,499968.99221033714
2400.0,0.7250000000000001,N2,171.52935632017997,0.2960121767096487,499968.99221033714
2400.0,0.775,CO2,27.828130741337244,0.9085447398533671,499966.8537420845
2400.0,0.775,N2,171.5293544469097,0.29601216693865723,499966.8537420845
2400.0,0.8250000000000001,CO2,26.419023643153274,0.8725843455725235,499964.7152738319
2400.0,0.8250000000000001,N2,171.5293522770314,0.29601215590833135,499964.7152738319
2400.0,0.875,CO2,24.35818460069136,0.8189942764927636,499962.5768055793
2400.0,0.875,N2,171.52934977601578,0.29601214349986565,499962.5768055793
2400.0,0.925,CO2,21.522018140692396,0.742788372692686,499960.4383373267
2400.0,0.925,N2,171.52934692629336,0.29601212967593815,499960.4383373267
2400.0,0.9750000000000001,CO2,18.17823779212438,0.6476885591839691,499958.2998690741
2400.0,0.9750000000000001,N2,171.52934394981733,0.2960121155007852,499958.2998690741
2450.0,0.025,CO2,30.269875353658794,0.9704343488225777,499998.9307658737
2450.0,0.025,N2,171.52936536849606,0.2960122336773805,499998.9307658737
2450.0,0.07500000000000001,CO2,30.26981683421997,0.9704324225884156,499996.7922976211
2450.0,0.07500000000000001,N2,171.52936530239722,0.29601223292956635,499996.7922976211
2450.0,0.125,CO2,30.26962306149608,0.9704262953718326,499994.6538293685
2450.0,0.125,N2,171.5293652100634,0.29601223200358556,499994.6538293685
2450.0,0.17500000000000002,CO2,30.26909174266196,0.9704101043146951,499992.51536111586
2450.0,0.17500000000000002,N2,171.52936508585762,0.29601223087276723,499992.51536111586
2450.0,0.225,CO2,30.26780812718894,0.9703722656050957,499990.37689286325
2450.0,0.225,N2,171.52936492335166,0.29601222950741374,499990.37689286325
2450.0,0.275,CO2,30.264979990511883,0.9702913221440971,499988.23842461064
2450.0,0.275,N2,171.52936471524498,0.2960122278746746,499988.23842461064
2450.0,0.325,CO2,30.259171405653554,0.9701293534617165,499986.099956358
2450.0,0.325,N2,171.52936445327893,0.29601222593832893,499986.099956358
2450.0,0.375,CO2,30.247880641416394,0.9698216315867797,499983.9614881054
2450.0,0.375,N2,171.5293641281441,0.29601222365853586,499983.9614881054
2450.0,0.42500000000000004,CO2,30.22687853726286,0.9692604851021035,499981.8230198528
2450.0,0.42500000000000004,N2,171.5293637293818,0.29601222099156493,499981.8230198528
2450.0,0.47500000000000003,CO2,30.189180301885187,0.9682702331190453,499979.6845516002
2450.0,0.47500000000000003,N2,171.5293632452787,0.296012217889509,499979.6845516002
2450.0,0.525,CO2,30.123461700652804,0.9665684299590667,499977.5460833476
2450.0,0.525,N2,171.52936266275313,0.2960122142999788,499977.5460833476
2450.0,0.5750000000000001,CO2,30.01165004763397,0.9637064204415489,499975.40761509497
2450.0,0.5750000000000001,N2,171.5293619672349,0.29601221016578133,499975.40761509497
2450.0,0.625,CO2,29.825336797938704,0.9589794743892075,499973.26914684236
2450.0,0.625,N2,171.52936114253623,0.2960122054245787,499973.26914684236
2450.0,0.675,CO2,29.5206318954678,0.9512944282768333,499971.13067858975
2450.0,0.675,N2,171.52936017071394,0.296012200008529,499971.13067858975
2450.0,0.7250000000000001,CO2,29.031283759888435,0.9389838034125074,499968.99221033714
2450.0,0.7250000000000001,N2,171.52935903192446,0.29601219384391025,499968.99221033714
2450.0,0.775,CO2,28.260751467437487,0.9195679543397889,499966.8537420845
2450.0,0.775,N2,171.52935770427487,0.29601218685075376,499966.8537420845
2450.0,0.8250000000000001,CO2,27.076374236219166,0.8895104415459126,499964.7152738319
2450.0,0.8250000000000001,N2,171.52935616375177,0.2960121789428347,499964.7152738319
2450.0,0.875,CO2,25.315051840623227,0.8441372328637564,499962.5768055793
2450.0,0.875,N2,171.52935438517113,0.29601217003223285,499962.5768055793
2450.0,0.925,CO2,22.83246133846452,0.7784003108329555,499960.4383373267
2450.0,0.925,N2,171.5293523554095,0.2960121600896683,499960.4383373267
2450.0,0.9750000000000001,CO2,19.819430748920794,0.6944793567258294,499958.2998690741
2450.0,0.9750000000000001,N2,171.52935023257592,0.2960121498811792,499958.2998690741
2500.0,0.025,CO2,30.269878454939086,0.9704344557668784,499998.9307658737
2500.0,0.025,N2,171.52936538292465,0.29601223416467504,499998.9307658737
2500.0,0.07500000000000001,CO2,30.269833960258254,0.9704329917744852,499996.7922976211
2500.0,0.07500000000000001,N2,171.52936533783006,0.29601223364799906,499996.7922976211
2500.0,0.125,CO2,30.269685448576883,0.9704282923342897,499994.6538293685
2500.0,0.125,N2,171.5293652745256,0.2960122330057473,499994.6538293685
2500.0,0.17500000000000002,CO2,30.269274971732035,0.9704157651297466,499992.51536111586
2500.0,0.17500000000000002,N2,171.52936518902195,0.29601223221870965,499992.51536111586
2500.0,0.225,CO2,30.268275679328692,0.970386249094944,499990.37689286325
2500.0,0.225,N2,171.52936507675793,0.2960122312654579,499990.37689286325
2500.0,0.275,CO2,30.266058083952064,0.9703226333281308,499988.23842461064
2500.0,0.275,N2,171.52936493254057,0.29601223012224226,499988.23842461064
2500.0,0.325,CO2,30.261472931669648,0.970194462412709,499986.099956358
2500.0,0.325,N2,171.52936475048125,0.2960122287628241,499986.099956358
2500.0,0.375,CO2,30.252505247126543,0.9699494363377162,499983.9614881054
2500.0,0.375,N2,171.52936452392726,0.296012227158287,499983.9614881054
2500.0,0.42500000000000004,CO2,30.235729880211615,0.9695001133477663,499981.8230198528
2500.0,0.42500000000000004,N2,171.5293642453887,0.29601222527683135,499981.8230198528
2500.0,0.47500000000000003,CO2,30.205462176869077,0.968703201563545,499979.6845516002
2500.0,0.47500000000000003,N2,171.5293639064592,0.29601222308355696,499979.6845516002
2500.0,0.525,CO2,30.15244379067251,0.9673274449596373,499977.5460833476
2500.0,0.525,N2,171.529363497732,0.2960122205402307,499977.5460833476
2500.0,0.5750000000000001,CO2,30.0618306279195,0.9650041422621429,499975.40761509497
2500.0,0.5750000000000001,N2,171.52936300870988,0.2960122176050414,499975.40761509497
2500.0,0.625,CO2,29.910164187896523,0.9611517766803988,499973.26914684236
2500.0,0.625,N2,171.5293624277083,0.29601221423234,499973.26914684236
2500.0,0.675,CO2,29.660944646591467,0.9548635361533853,499971.13067858975
2500.0,0.675,N2,171.5293617417525,0.2960122103723655,499971.13067858975
2500.0,0.7250000000000001,CO2,29.258496872900135,0.9447455178240989,499968.99221033714
2500.0,0.7250000000000001,N2,171.5293609364681,0.2960122059709573,499968.99221033714
2500.0,0.775,CO2,28.620327776998593,0.9286996019836438,499966.8537420845
2500.0,0.775,N2,171.52935999596934,0.2960122009692732,499966.8537420845
2500.0,0.8250000000000001,CO2,27.629831826022414,0.9036724684409081,499964.7152738319
2500.0,0.8250000000000001,N2,171.52935890280187,0.29601219530376527,499964.7152738319
2500.0,0.875,CO2,26.136058409460382,0.8654839443922674,499962.5768055793
2500.0,0.875,N2,171.52935763861743,0.2960121889094619,499962.5768055793
2500.0,0.925,CO2,23.988311989611127,0.8092991728622828,499960.4383373267
2500.0,0.925,N2,171.52935619363836,0.2960121817635558,499960.4383373267
2500.0,0.9750000000000001,CO2,21.318987679193576,0.7362651884740257,499958.2998690741
2500.0,0.9750000000000001,N2,171.52935468043054,0.2960121744170216,499958.2998690741
2550.0,0.025,CO2,30.269880794184946,0.9704345362508309,499998.9307658737
2550.0,0.025,N2,171.5293653927125,0.2960122344949816,499998.9307658737
2550.0,0.07500000000000001,CO2,30.269846960730447,0.9704334235251648,499996.7922976211
2550.0,0.07500000000000001,N2,171.5293653619591,0.29601223413822747,499996.7922976211
2550.0,0.125,CO2,30.26973315468361,0.9704298198914938,499994.6538293685
2550.0,0.125,N2,171.52936531857392,0.2960122336930465,499994.6538293685
2550.0,0.17500000000000002,CO2,30.269416135777078,0.9704201311910792,499992.51536111586
2550.0,0.17500000000000002,N2,171.52936525973675,0.29601223314562103,499992.51536111586
2550.0,0.225,CO2,30.268638535886947,0.9703971192039175,499990.37689286325
2550.0,0.225,N2,171.52936518221443,0.2960122324805101,499990.37689286325
2550.0,0.275,CO2,30.266900628579226,0.9703471525085073,499988.23842461064
2550.0,0.275,N2,171.52936508231642,0.2960122316805656,499988.23842461064
2550.0,0.325,CO2,30.26328347595745,0.9702457958455055,499986.099956358
2550.0,0.325,N2,171.52936495584828,0.296012230726805,499986.099956358
2550.0,0.375,CO2,30.256165732169492,0.9700508327921262,499983.9614881054
2550.0,0.375,N2,171.5293647980605,0.2960122295982682,499983.9614881054
2550.0,0.42500000000000004,CO2,30.242776163776774,0.9696913187153948,499981.8230198528
2550.0,0.42500000000000004,N2,171.5293646035943,0.29601222827186163,499981.8230198528
2550.0,0.47500000000000003,CO2,30.218493077765505,0.9690504906536509,499979.6845516002
2550.0,0.47500000000000003,N2,171.52936436642307,0.29601222672219407,499979.6845516002
2550.0,0.525,CO2,30.175755993848348,0.9679391941932758,499977.5460833476
2550.0,0.525,N2,171.5293640797894,0.2960122249214002,499977.5460833476
2550.0,0.5750000000000001,CO2,30.102390265954327,0.9660547862937519,499975.40761509497
2550.0,0.5750000000000001,N2,171.52936373613812,0.2960122228389543,499975.40761509497
2550.0,0.625,CO2,29.97906329929123,0.962918153919474,499973.26914684236
2550.0,0.625,N2,171.52936332704382,0.29601222044147285,499973.26914684236
2550.0,0.675,CO2,29.77551100816185,0.9577787411663763,499971.13067858975
2550.0,0.675,N2,171.52936284313424,0.2960122176925056,499971.13067858975
2550.0,0.7250000000000001,CO2,29.44516645953315,0.9494753891227055,499968.99221033714
2550.0,0.7250000000000001,N2,171.5293622740077,0.29601221455231624,499968.99221033714
2550.0,0.775,CO2,28.918092496078568,0.9362429326036696,499966.8537420845
2550.0,0.775,N2,171.52936160814969,0.2960122109776666,499966.8537420845
2550.0,0.8250000000000001,CO2,28.093200794063836,0.9154709097976048,499964.7152738319
2550.0,0.8250000000000001,N2,171.52936083288688,0.29601220692178515,499964.7152738319
2550.0,0.875,CO2,26.834429815290896,0.8834871273059229,499962.5768055793
2550.0,0.875,N2,171.5293599348663,0.2960122023367276,499962.5768055793
2550.0,0.925,CO2,24.9944812345283,0.8358326861174287,499960.4383373267
2550.0,0.925,N2,171.52935890682076,0.29601219720483846,499960.4383373267
2550.0,0.9750000000000001,CO2,22.663154397235637,0.7730037438080959,499958.2998690741
2550.0,0.9750000000000001,N2,171.52935782883898,0.29601219192207834,499958.2998690741
2600.0,0.025,CO2,30.2698825602184,0.9704345968805768,499998.9307658737
2600.0,0.025,N2,171.5293653993631,0.2960122347192448,499998.9307658737
2600.0,0.07500000000000001,CO2,30.269856835437096,0.9704337512228544,499996.7922976211
2600.0,0.07500000000000001,N2,171.52936537841614,0.29601223447324954,499996.7922976211
2600.0,0.125,CO2,30.26976964720028,0.970430988733555,499994.6538293685
2600.0,0.125,N2,171.52936534871864,0.2960122341650766,499994.6538293685
2600.0,0.17500000000000002,CO2,30.269524906023168,0.9704234988523833,499992.51536111586
2600.0,0.17500000000000002,N2,171.5293653082794,0.29601223378480357,499992.51536111586
2600.0,0.225,CO2,30.26892012692729,0.9704055680852471,499990.37689286325
2600.0,0.225,N2,171.5293652548099,0.2960122333213219,499990.37689286325
2600.0,0.275,CO2,30.26755896127099,0.9703663478870651,499988.23842461064
2600.0,0.275,N2,171.52936518569123,0.29601223276227,499988.23842461064
2600.0,0.325,CO2,30.264707336052982,0.9702862530645656,499986.099956358
2600.0,0.325,N2,171.52936509793963,0.2960122320939367,499986.099956358
2600.0,0.375,CO2,30.259061910521083,0.9701312405334024,499983.9614881054
2600.0,0.375,N2,171.52936498816942,0.29601223130115295,499983.9614881054
2600.0,0.42500000000000004,CO2,30.248382729884096,0.9698438056359137,499981.8230198528
2600.0,0.42500000000000004,N2,171.52936485255154,0.29601223036717433,499981.8230198528
2600.0,0.47500000000000003,CO2,30.228916101493443,0.9693288918165609,499979.6845516002
2600.0,0.47500000000000003,N2,171.5293646867714,0.2960122292735566,499979.6845516002
2600.0,0.525,CO2,30.19449481562396,0.9684319289466202,499977.5460833476
2600.0,0.525,N2,171.52936448598155,0.2960122280000224,499977.5460833476
2600.0,0.5750000000000001,CO2,30.135146589676573,0.9669047604317824,499975.40761509497
2600.0,0.5750000000000001,N2,171.52936424475172,0.2960122265243202,499975.40761509497
2600.0,0.625,CO2,30.03496626779889,0.9643531671267283,499973.26914684236
2600.0,0.625,N2,171.5293639570148,0.29601222482207434,499973.26914684236
2600.0,0.675,CO2,29.868922078573455,0.9601570750591912,499971.13067858975
2600.0,0.675,N2,171.5293636160099,0.2960122228666263,499971.13067858975
2600.0,0.7250000000000001,CO2,29.59821425274402,0.9533519340850369,499968.99221033714
2600.0,0.7250000000000001,N2,171.52936321422055,0.2960122206288679,499968.99221033714
2600.0,0.775,CO2,29.163920758300502,0.942459440970619,499966.8537420845
2600.0,0.775,N2,171.52936274331148,0.2960122180770761,499966.8537420845
2600.0,0.8250000000000001,CO2,28.479341684350562,0.9252648389908418,499964.7152738319
2600.0,0.8250000000000001,N2,171.52936219409386,0.2960122151768806,499964.7152738319
2600.0,0.875,CO2,27.424228775501906,0.8985859982294185,499962.5768055793
2600.0,0.875,N2,171.52936155686317,0.29601221189295845,499962.5768055793
2600.0,0.925,CO2,25.860731945924545,0.858420823645121,499960.4383373267
2600.0,0.925,N2,171.5293608262311,0.29601220821171653,499960.4383373267
2600.0,0.9750000000000001,CO2,23.84859343391212,0.8048830331916647,499958.2998690741
2600.0,0.9750000000000001,N2,171.52936005911653,0.29601220441737264,499958.2998690741
2650.0,0.025,CO2,30.269883893255873,0.9704346425472229,499998.9307658737
2650.0,0.025,N2,171.52936540387032,0.296012234871109,499998.9307658737
2650.0,0.07500000000000001,CO2,30.26986433338559,0.9704339998576,499996.7922976211
2650.0,0.07500000000000001,N2,171.5293653896127,0.29601223470164134,499996.7922976211
2650.0,0.125,CO2,30.269797548930573,0.97043188264963,499994.6538293685
2650.0,0.125,N2,171.5293653692987,0.29601223448850233,499994.6538293685
2650.0,0.17500000000000002,CO2,30.269608668480593,0.9704260948293045,499992.51536111586
2650.0,0.17500000000000002,N2,171.52936534152414,0.2960122342245771,499992.51536111586
2650.0,0.225,CO2,30.269138511116893,0.9704121304751785,499990.37689286325
2650.0,0.225,N2,171.52936530467088,0.2960122339018849,499990.37689286325
2650.0,0.275,CO2,30.26807299218917,0.9703813640249511,499988.23842461064
2650.0,0.275,N2,171.52936525688253,0.2960122335115271,499988.23842461064
2650.0,0.325,CO2,30.265826247233875,0.9703181129140412,499986.099956358
2650.0,0.325,N2,171.52936519603924,0.29601223304361374,499986.099956358
2650.0,0.375,CO2,30.26135154027434,0.9701949512193587,499983.9614881054
2650.0,0.375,N2,171.52936511972973,0.29601223248718195,499983.9614881054
2650.0,0.42500000000000004,CO2,30.252840034779076,0.9699653111817863,499981.8230198528
2650.0,0.42500000000000004,N2,171.5293650252217,0.2960122318301076,499981.8230198528
2650.0,0.47500000000000003,CO2,30.237245920569237,0.9695518765933243,499979.6845516002
2650.0,0.47500000000000003,N2,171.52936490942943,0.2960122310590111,499979.6845516002
2650.0,0.525,CO2,30.20954359029454,0.9688284514994243,499977.5460833476
2650.0,0.525,N2,171.52936476887942,0.2960122301591571,499977.5460833476
2650.0,0.5750000000000001,CO2,30.161574223420562,0.9675917532876646,499975.40761509497
2650.0,0.5750000000000001,N2,171.5293645996731,0.29601222911434794,499975.40761509497
2650.0,0.625,CO2,30.080271845528593,0.9655177937270886,499973.26914684236
2650.0,0.625,N2,171.52936439744684,0.29601222790680964,499973.26914684236
2650.0,0.675,CO2,29.944975541504068,0.9620951092102739,499971.13067858975
2650.0,0.675,N2,171.529364157329,0.296012226517072,499971.13067858975
2650.0,0.7250000000000001,CO2,29.723459536733543,0.956524357291188,499968.99221033714
2650.0,0.7250000000000001,N2,171.5293638738939,0.29601222492384166,499968.99221033714
2650.0,0.775,CO2,29.36633414697336,0.9475720972117696,499966.8537420845
2650.0,0.775,N2,171.52936354111534,0.2960122231038764,499966.8537420845
2650.0,0.8250000000000001,CO2,28.79987276387222,0.9333708953475514,499964.7152738319
2650.0,0.8250000000000001,N2,171.52936315233796,0.29601222103195424,499964.7152738319
2650.0,0.875,CO2,27.91939892271308,0.911192696589377,499962.5768055793
2650.0,0.875,N2,171.52936270051754,0.2960122186820884,499962.5768055793
2650.0,0.925,CO2,26.599798661810215,0.8775169493080682,499960.4383373267
2650.0,0.925,N2,171.52936218166798,0.296012216043865,499960.4383373267
2650.0,0.9750000000000001,CO2,24.880148371139725,0.8322515486586493,499958.2998690741
2650.0,0.9750000000000001,N2,171.52936163620723,0.2960122133210964,499958.2998690741
2700.0,0.025,CO2,30.269884899132503,0.9704346769334917,499998.9307658737
2700.0,0.025,N2,171.5293654069147,0.2960122349736027,499998.9307658737
2700.0,0.07500000000000001,CO2,30.26987002403437,0.9704341884160177,499996.7922976211
2700.0,0.07500000000000001,N2,171.52936539720596,0.29601223485685274,499996.7922976211
2700.0,0.125,CO2,30.269818870193106,0.9704325658974916,499994.6538293685
2700.0,0.125,N2,171.52936538330565,0.29601223470944377,499994.6538293685
2700.0,0.17500000000000002,CO2,30.26967313095674,0.9704280945707484,499992.51536111586
2700.0,0.17500000000000002,N2,171.529365364224,0.2960122345262789,499992.51536111586
2700.0,0.225,CO2,30.26930775533301,0.9704172237383645,499990.37689286325
2700.0,0.225,N2,171.52936533881768,0.2960122343016302,499990.37689286325
2700.0,0.275,CO2,30.268474045212322,0.9703931013716913,499988.23842461064
2700.0,0.275,N2,171.5293653057715,0.29601223402909815,499988.23842461064
2700.0,0.325,CO2,30.2667048168862,0.9703431813385326,499986.099956358
2700.0,0.325,N2,171.52936526358002,0.2960122337015559,499986.099956358
2700.0,0.375,CO2,30.263160149943076,0.9702453886831891,499983.9614881054
2700.0,0.375,N2,171.5293652105274,0.2960122333110883,499983.9614881054
2700.0,0.42500000000000004,CO2,30.256380633862513,0.9700620456003176,499981.8230198528
2700.0,0.42500000000000004,N2,171.52936514466478,0.2960122328489254,499981.8230198528
2700.0,0.47500000000000003,CO2,30.243897046550337,0.9697303187823754,499979.6845516002
2700.0,0.47500000000000003,N2,171.52936506378697,0.29601223230537155,499979.6845516002
2700.0,0.525,CO2,30.221617879548656,0.969147264522974,499977.5460833476
2700.0,0.525,N2,171.52936496540676,0.2960122316697296,499977.5460833476
2700.0,0.5750000000000001,CO2,30.182874975013714,0.9681465076708373,499975.40761509497
2700.0,0.5750000000000001,N2,171.52936484672696,0.2960122309302207,499975.40761509497
2700.0,0.625,CO2,30.11694861297798,0.9664620566026233,499973.26914684236
2700.0,0.625,N2,171.5293647046113,0.29601223007389843,499973.26914684236
2700.0,0.675,CO2,30.006815777514657,0.9636726139590749,499971.13067858975
2700.0,0.675,N2,171.52936453555205,0.2960122290865576,499971.13067858975
2700.0,0.7250000000000001,CO2,29.825781559559665,0.9591170726691618,499968.99221033714
2700.0,0.7250000000000001,N2,171.52936433563593,0.2960122279526385,499968.99221033714
2700.0,0.775,CO2,29.532619190123473,0.9517694962978791,499966.8537420845
2700.0,0.775,N2,171.5293641005091,0.2960122266551305,499966.8537420845
2700.0,0.8250000000000001,CO2,29.065064709532752,0.9400632602610448,499964.7152738319
2700.0,0.8250000000000001,N2,171.52936382535512,0.29601222517554565,499964.7152738319
2700.0,0.875,CO2,28.33307142978443,0.9216794870018054,499962.5768055793
2700.0,0.875,N2,171.52936350506502,0.29601222349478773,499962.5768055793
2700.0,0.925,CO2,27.225618454219376,0.8935682834601324,499960.4383373267
2700.0,0.925,N2,171.52936313669545,0.29601222160491447,499960.4383373267
2700.0,0.9750000000000001,CO2,25.76787836657743,0.8555420809699761,499958.2998690741
2700.0,0.9750000000000001,N2,171.52936274893963,0.29601221965200575,499958.2998690741
2750.0,0.025,CO2,30.269885657852388,0.9704347028170478,499998.9307658737
2750.0,0.025,N2,171.52936540896658,0.29601223504262625,499998.9307658737
2750.0,0.07500000000000001,CO2,30.269874340669748,0.9704343313350114,499996.7922976211
2750.0,0.07500000000000001,N2,171.52936540234467,0.29601223496210954,499996.7922976211
2750.0,0.125,CO2,30.269835151967055,0.9704330877555077,499994.6538293685
2750.0,0.125,N2,171.52936539281905,0.29601223486006134,499994.6538293685
2750.0,0.17500000000000002,CO2,30.269722701970565,0.9704296337574873,499992.51536111586
2750.0,0.17500000000000002,N2,171.52936537969202,0.29601223473283184,499992.51536111586
2750.0,0.225,CO2,30.26943880530923,0.9704211732244358,499990.37689286325
2750.0,0.225,N2,171.52936536215526,0.2960122345763113,499990.37689286325
2750.0,0.275,CO2,30.26878666807757,0.9704022671326832,499988.23842461064
2750.0,0.275,N2,171.5293653392771,0.2960122343858996,499988.23842461064
2750.0,0.325,CO2,30.267394017958402,0.9703628865945457,499986.099956358
2750.0,0.325,N2,171.52936530998846,0.29601223415646283,499986.099956358
2750.0,0.375,CO2,30.26458740487065,0.9702852780607095,499983.9614881054
2750.0,0.375,N2,171.52936527306804,0.29601223388228903,499983.9614881054
2750.0,0.42500000000000004,CO2,30.25919026657152,0.9701389808091683,499981.8230198528
2750.0,0.42500000000000004,N2,171.52936522712582,0.2960122335570373,499981.8230198528
2750.0,0.47500000000000003,CO2,30.249202411237714,0.9698729707655278,499979.6845516002
2750.0,0.47500000000000003,N2,171.529365170586,0.296012233173685,499979.6845516002
2750.0,0.525,CO2,30.2312955669419,0.9694033355557927,499977.5460833476
2750.0,0.525,N2,171.5293651016674,0.2960122327244707,499977.5460833476
2750.0,0.5750000000000001,CO2,30.20002486919219,0.9685940134197458,499975.40761509497
2750.0,0.5750000000000001,N2,171.52936501836362,0.29601223220083345,499975.40761509497
2750.0,0.625,CO2,30.146605293668333,0.9672268234730456,499973.26914684236
2750.0,0.625,N2,171.5293649184207,0.2960122315933484,499973.26914684236
2750.0,0.675,CO2,30.057032133587107,0.9649551412846039,499971.13067858975
2750.0,0.675,N2,171.52936479931333,0.2960122308916579,499971.13067858975
2750.0,0.7250000000000001,CO2,29.909240678016904,0.9612330982452038,499968.99221033714
2750.0,0.7250000000000001,N2,171.52936465821952,0.29601223008439875,499968.99221033714
2750.0,0.775,CO2,29.668936078482123,0.9552095403335275,499966.8537420845
2750.0,0.775,N2,171.5293644919944,0.29601222915912934,499966.8537420845
2750.0,0.8250000000000001,CO2,29.28382849733574,0.945575620745403,499964.7152738319
2750.0,0.8250000000000001,N2,171.52936429715325,0.2960122281023064,499964.7152738319
2750.0,0.875,CO2,28.677184359680783,0.9303737829763343,499962.5768055793
2750.0,0.875,N2,171.52936406999189,0.29601222689990775,499962.5768055793
2750.0,0.925,CO2,27.752166490900752,0.906993351112674,499960.4383373267
2750.0,0.925,N2,171.52936380834015,0.2960122255458998,499960.4383373267
2750.0,0.9750000000000001,CO2,26.5247895534719,0.8752174658089906,499958.2998690741
2750.0,0.9750000000000001,N2,171.529363532576,0.29601222414499356,499958.2998690741
2800.0,0.025,CO2,30.269886231458134,0.9704347223474582,499998.9307658737
2800.0,0.025,N2,171.52936541035956,0.296012235089446,499998.9307658737
2800.0,0.07500000000000001,CO2,30.26987762133674,0.9704344398710787,499996.7922976211
2800.0,0.07500000000000001,N2,171.52936540584616,0.2960122350339653,499996.7922976211
2800.0,0.125,CO2,30.269847604757153,0.9704334869496538,499994.6538293685
2800.0,0.125,N2,171.52936539932284,0.29601223496337914,499994.6538293685
2800.0,0.17500000000000002,CO2,30.269760868799136,0.9704308198387347,499992.51536111586
2800.0,0.17500000000000002,N2,171.5293653902984,0.2960122348750773,499992.51536111586
2800.0,0.225,CO2,30.269540378480556,0.9704242384742648,499990.37689286325
2800.0,0.225,N2,171.52936537820216,0.2960122347661152,499990.37689286325
2800.0,0.275,CO2,30.269030538382616,0.9704094293309463,499988.23842461064
2800.0,0.275,N2,171.52936536237453,0.29601223463319015,499988.23842461064
2800.0,0.325,CO2,30.267934961265958,0.9703783831207253,499986.099956358
2800.0,0.325,N2,171.52936534205725,0.29601223447260905,499986.099956358
2800.0,0.375,CO2,30.26571414868034,0.9703168348601223,499983.9614881054
2800.0,0.375,N2,171.5293653163819,0.2960122342802549,499983.9614881054
2800.0,0.42500000000000004,CO2,30.261420402794045,0.9702001804305521,499981.8230198528
2800.0,0.42500000000000004,N2,171.52936528435828,0.2960122340515493,499981.8230198528
2800.0,0.47500000000000003,CO2,30.253434885431325,0.9699870208067966,499979.6845516002
2800.0,0.47500000000000003,N2,171.5293652448612,0.29601223378141195,499979.6845516002
2800.0,0.525,CO2,30.23905256832281,0.9696090127146445,499977.5460833476
2800.0,0.525,N2,171.5293651966169,0.296012233464219,499977.5460833476
2800.0,0.5750000000000001,CO2,30.21383158142821,0.9689549758558541,499975.40761509497
2800.0,0.5750000000000001,N2,171.5293651381874,0.2960122330937563,499975.40761509497
2800.0,0.625,CO2,30.170580011250312,0.9678461041270908,499973.26914684236
2800.0,0.625,N2,171.52936506795479,0.2960122326631716,499973.26914684236
2800.0,0.675,CO2,30.097791585900385,0.9659975122471798,499971.13067858975
2800.0,0.675,N2,171.52936498410287,0.2960122321649226,499971.13067858975
2800.0,0.7250000000000001,CO2,29.977262371736966,0.9629591235539694,499968.99221033714
2800.0,0.7250000000000001,N2,171.52936488459898,0.2960122315907215,499968.99221033714
2800.0,0.775,CO2,29.780543153795104,0.9580262687842587,499966.8537420845
2800.0,0.775,N2,171.52936476717397,0.29601223093148055,499966.8537420845
2800.0,0.8250000000000001,CO2,29.463914238836622,0.9501090522034181,499964.7152738319
2800.0,0.8250000000000001,N2,171.52936462930944,0.2960122301772918,499964.7152738319
2800.0,0.875,CO2,28.962464044227847,0.9375638038974176,499962.5768055793
2800.0,0.875,N2,171.5293644683226,0.2960122293178727,499962.5768055793
2800.0,0.925,CO2,28.192813723450968,0.918176226510528,499960.4383373267
2800.0,0.925,N2,171.52936428261683,0.29601222834865665,499960.4383373267
2800.0,0.9750000000000001,CO2,27.165037831265536,0.8917360985171517,499958.2998690741
2800.0,0.9750000000000001,N2,171.52936408665238,0.29601222734463073,499958.2998690741
2850.0,0.025,CO2,30.269886664455242,0.970434737061957,499998.9307658737
2850.0,0.025,N2,171.52936541130083,0.2960122351210558,499998.9307658737
2850.0,0.07500000000000001,CO2,30.26988011066851,0.9704345221626984,499996.7922976211
2850.0,0.07500000000000001,N2,171.52936540822108,0.2960122350827983,499996.7922976211
2850.0,0.125,CO2,30.269857113282384,0.9704337917995319,499994.6538293685
2850.0,0.125,N2,171.52936540374947,0.2960122350339404,499994.6538293685
2850.0,0.17500000000000002,CO2,30.269790205769546,0.9704317322606367,499992.51536111586
2850.0,0.17500000000000002,N2,171.52936539753952,0.29601223497261603,499992.51536111586
2850.0,0.225,CO2,30.26961897256449,0.9704266133868017,499990.37689286325
2850.0,0.225,N2,171.52936538918854,0.29601223489671585,499990.37689286325
2850.0,0.275,CO2,30.26922045796107,0.9704150164236663,499988.23842461064
2850.0,0.275,N2,171.5293653782296,0.29601223480386923,499988.23842461064
2850.0,0.325,CO2,30.26835883672532,0.9703905494220121,499986.099956358
2850.0,0.325,N2,171.52936536412463,0.29601223469142024,499986.099956358
2850.0,0.375,CO2,30.266602204934266,0.9703417586660856,499983.9614881054
2850.0,0.375,N2,171.52936534625604,0.2960122345564026,499983.9614881054
2850.0,0.42500000000000004,CO2,30.263187731935837,0.9702487846816589,499981.8230198528
2850.0,0.42500000000000004,N2,171.5293653239184,0.296012234395511,499981.8230198528
2850.0,0.47500000000000003,CO2,30.256806128999454,0.9700780608179734,499979.6845516002
2850.0,0.47500000000000003,N2,171.52936529630858,0.2960122342050721,499979.6845516002
2850.0,0.525,CO2,30.24526044479922,0.9697739608548982,499977.5460833476
2850.0,0.525,N2,171.52936526251523,0.296012233981012,499977.5460833476
2850.0,0.5750000000000001,CO2,30.22492972186608,0.9692456952669161,499975.40761509497
2850.0,0.5750000000000001,N2,171.5293652215082,0.2960122337188219,499975.40761509497
2850.0,0.625,CO2,30.18993121681376,0.9683468292211865,499973.26914684236
2850.0,0.625,N2,171.52936517212567,0.296012233413522,499973.26914684236
2850.0,0.675,CO2,30.130821437795955,0.9668434159547724,499971.13067858975
2850.0,0.675,N2,171.52936511306203,0.2960122330596222,499971.13067858975
2850.0,0.7250000000000001,CO2,30.032604079636158,0.9643647813407497,499968.99221033714
2850.0,0.7250000000000001,N2,171.529365042853,0.29601223265108056,499968.99221033714
2850.0,0.775,CO2,29.871732471904455,0.9603285163345978,499966.8537420845
2850.0,0.775,N2,171.52936495986148,0.2960122321812621,499966.8537420845
2850.0,0.8250000000000001,CO2,29.61178417530932,0.9538294790341046,499964.7152738319
2850.0,0.8250000000000001,N2,171.52936486226784,0.2960122316429218,499964.7152738319
2850.0,0.875,CO2,29.198174214942867,0.9434936212402044,499962.5768055793
2850.0,0.875,N2,171.52936474812952,0.29601223102852364,499962.5768055793
2850.0,0.925,CO2,28.55984623337467,0.927456718964255,499960.4383373267
2850.0,0.925,N2,171.5293646162725,0.2960122303346215,499960.4383373267
2850.0,0.9750000000000001,CO2,27.703099206887885,0.9055332328244097,499958.2998690741
2850.0,0.9750000000000001,N2,171.52936447696237,0.2960122296149231,499958.2998690741
2900.0,0.025,CO2,30.269886991657316,0.9704347481605985,499998.9307658737
2900.0,0.025,N2,171.5293654119377,0.2960122351424297,499998.9307658737
2900.0,0.07500000000000001,CO2,30.269882001120223,0.9704345846083239,499996.7922976211
2900.0,0.07500000000000001,N2,171.5293654098345,0.29601223511603386,499996.7922976211
2900.0,0.125,CO2,30.269864378136663,0.9704340247384059,499994.6538293685
2900.0,0.125,N2,171.52936540676657,0.2960122350821982,499994.6538293685
2900.0,0.17500000000000002,CO2,30.269812765162108,0.9704324344236924,499992.51536111586
2900.0,0.17500000000000002,N2,171.52936540249027,0.29601223503958896,499992.51536111586
2900.0,0.225,CO2,30.269679801643814,0.9704284537922835,499990.37689286325
2900.0,0.225,N2,171.52936539672086,0.29601223498669565,499990.37689286325
2900.0,0.275,CO2,30.269368379010178,0.9704193750221587,499988.23842461064
2900.0,0.275,N2,171.52936538912797,0.29601223492181733,499988.23842461064
2900.0,0.325,CO2,30.268690978361597,0.9704001005313436,499986.099956358
2900.0,0.325,N2,171.52936537932976,0.2960122348430447,499986.099956358
2900.0,0.375,CO2,30.267302066916635,0.9703614405689199,499983.9614881054
2900.0,0.375,N2,171.5293653668872,0.29601223474824123,499983.9614881054
2900.0,0.42500000000000004,CO2,30.264588047149793,0.9702873769648769,499981.8230198528
2900.0,0.42500000000000004,N2,171.52936535129766,0.2960122346350221,499981.8230198528
2900.0,0.47500000000000003,CO2,30.259490729906013,0.9701507126526523,499979.6845516002
2900.0,0.47500000000000003,N2,171.52936533198783,0.296012234500732,499979.6845516002
2900.0,0.525,CO2,30.25022706256993,0.9699062024223347,499977.5460833476
2900.0,0.525,N2,171.52936530830593,0.2960122343424214,499977.5460833476
2900.0,0.5750000000000001,CO2,30.233847418938826,0.9694797561430195,499975.40761509497
2900.0,0.5750000000000001,N2,171.5293652795137,0.2960122341568204,499975.40761509497
2900.0,0.625,CO2,30.205543728131577,0.9687515304611564,499973.26914684236
2900.0,0.625,N2,171.52936524477752,0.29601223394031156,499973.26914684236
2900.0,0.675,CO2,30.157572889691306,0.9675295566619728,499971.13067858975
2900.0,0.675,N2,171.5293652031586,0.2960122336889008,499971.13067858975
2900.0,0.7250000000000001,CO2,30.077596871472945,0.9655088566723311,499968.99221033714
2900.0,0.7250000000000001,N2,171.5293651536024,0.2960122333981858,499968.99221033714
2900.0,0.775,CO2,29.946163346755583,0.9622087514883347,499966.8537420845
2900.0,0.775,N2,171.52936509492827,0.2960122330633248,499966.8537420845
2900.0,0.8250000000000001,CO2,29.733018020809844,0.9568791798547422,499964.7152738319
2900.0,0.8250000000000001,N2,171.52936502582156,0.2960122326790231,499964.7152738319
2900.0,0.875,CO2,29.39247688942362,0.9483755362674348,499962.5768055793
2900.0,0.875,N2,171.52936494487608,0.29601223223976103,499962.5768055793
2900.0,0.925,CO2,28.864466698016447,0.935137371000608,499960.4383373267
2900.0,0.925,N2,171.52936485122999,0.296012231742945,499960.4383373267
2900.0,0.9750000000000001,CO2,28.152919612322936,0.917010044884448,499958.2998690741
2900.0,0.9750000000000001,N2,171.5293647521719,0.296012231227042,499958.2998690741
2950.0,0.025,CO2,30.269887239425657,0.9704347565500372,499998.9307658737
2950.0,0.025,N2,171.52936541237074,0.2960122351569494,499998.9307658737
2950.0,0.07500000000000001,CO2,30.269883439345353,0.9704346320799414,499996.7922976211
2950.0,0.07500000000000001,N2,171.52936541093536,0.2960122351387535,499996.7922976211
2950.0,0.125,CO2,30.26986993712645,0.9704342029928019,499994.6538293685
2950.0,0.125,N2,171.52936540883206,0.2960122351153413,499994.6538293685
2950.0,0.17500000000000002,CO2,30.269830134412857,0.9704329754235209,499992.51536111586
2950.0,0.17500000000000002,N2,171.52936540588937,0.2960122350857609,499992.51536111586
2950.0,0.225,CO2,30.26972692903931,0.9704298813348808,499990.37689286325
2950.0,0.225,N2,171.52936540190638,0.2960122350489318,499990.37689286325
2950.0,0.275,CO2,30.269483682797272,0.9704227777494231,499988.23842461064
2950.0,0.275,N2,171.52936539664944,0.2960122350036352,499988.23842461064
2950.0,0.325,CO2,30.268951405865362,0.9704076028092781,499986.099956358
2950.0,0.325,N2,171.529365389848,0.2960122349485001,499986.099956358
2950.0,0.375,CO2,30.26785388944188,0.9703769895587365,499983.9614881054
2950.0,0.375,N2,171.52936538119016,0.2960122348819897,499983.9614881054
2950.0,0.42500000000000004,CO2,30.265697978215176,0.9703180289908554,499981.8230198528
2950.0,0.42500000000000004,N2,171.5293653703183,0.29601223480238503,499981.8230198528
2950.0,0.47500000000000003,CO2,30.261629116728017,0.9702087027021846,499979.6845516002
2950.0,0.47500000000000003,N2,171.5293653568234,0.29601223470776944,499979.6845516002
2950.0,0.525,CO2,30.25420132400985,0.9700122373667405,499977.5460833476
2950.0,0.525,N2,171.52936534023982,0.29601223459600984,499977.5460833476
2950.0,0.5750000000000001,CO2,30.241013749873844,0.9696682150196385,499975.40761509497
2950.0,0.5750000000000001,N2,171.52936532003935,0.29601223446473757,499975.40761509497
2950.0,0.625,CO2,30.218139945497484,0.9690786266442678,499973.26914684236
2950.0,0.625,N2,171.52936529562407,0.2960122343113283,499973.26914684236
2950.0,0.675,CO2,30.179237020851257,0.9680860728558865,499971.13067858975
2950.0,0.675,N2,171.52936526631981,0.29601223413287964,499971.13067858975
2950.0,0.7250000000000001,CO2,30.114166000460518,0.9664398631137641,499968.99221033714
2950.0,0.7250000000000001,N2,171.52936523136802,0.296012233926188,499968.99221033714
2950.0,0.775,CO2,30.00688320065624,0.9637437757199014,499966.8537420845
2950.0,0.775,N2,171.52936518991794,0.29601223368772434,499966.8537420845
2950.0,0.8250000000000001,CO2,29.83231906983556,0.9593773987613684,499964.7152738319
2950.0,0.8250000000000001,N2,171.52936514102083,0.2960122334136242,499964.7152738319
2950.0,0.875,CO2,29.55238458962937,0.9523899619638339,499962.5768055793
2950.0,0.875,N2,171.52936508365994,0.29601223309984975,499962.5768055793
2950.0,0.925,CO2,29.116605280214205,0.9414811047931575,499960.4383373267
2950.0,0.925,N2,171.5293650172034,0.29601223274445454,499960.4383373267
2950.0,0.9750000000000001,CO2,28.527431331669852,0.9265266889583977,499958.2998690741
2950.0,0.9750000000000001,N2,171.52936494682237,0.2960122323749645,499958.2998690741
3000.0,0.025,CO2,30.2698874268921,0.9704347628865942,499998.9307658737
3000.0,0.025,N2,171.52936541266394,0.29601223516677583,499998.9307658737
3000.0,0.07500000000000001,CO2,30.26988453254284,0.9704346681355739,499996.7922976211
3000.0,0.07500000000000001,N2,171.52936541168384,0.296012235154229,499996.7922976211
3000.0,0.125,CO2,30.269874186696285,0.9704343392655983,499994.6538293685
3000.0,0.125,N2,171.52936541024107,0.2960122351380253,499994.6538293685
3000.0,0.17500000000000002,CO2,30.26984349398725,0.9704333918150332,499992.51536111586
3000.0,0.17500000000000002,N2,171.52936540821509,0.2960122351174857,499992.51536111586
3000.0,0.225,CO2,30.26976340257755,0.9704309874328781,499990.37689286325
3000.0,0.225,N2,171.5293654054643,0.2960122350918378,499990.37689286325
3000.0,0.275,CO2,30.26957346476949,0.9704254312927335,499988.23842461064
3000.0,0.275,N2,171.52936540182338,0.29601223506020863,499988.23842461064
3000.0,0.325,CO2,30.269155380601298,0.9704134891605667,499986.099956358
3000.0,0.325,N2,171.52936539710058,0.2960122350216145,499986.099956358
3000.0,0.375,CO2,30.268288509782906,0.9703892597183772,499983.9614881054
3000.0,0.375,N2,171.5293653910746,0.29601223497495033,499983.9614881054
3000.0,0.42500000000000004,CO2,30.26657677872745,0.9703423473198924,499981.8230198528
3000.0,0.42500000000000004,N2,171.52936538349076,0.2960122349189782,499981.8230198528
3000.0,0.47500000000000003,CO2,30.263330567801717,0.9702549388909835,499979.6845516002
3000.0,0.47500000000000003,N2,171.52936537405762,0.29601223485231526,499979.6845516002
3000.0,0.525,CO2,30.257378067876097,0.970097167033262,499977.5460833476
3000.0,0.525,N2,171.5293653624427,0.29601223477341976,499977.5460833476
3000.0,0.5750000000000001,CO2,30.246766471804634,0.9698197949757432,499975.40761509497
3000.0,0.5750000000000001,N2,171.52936534826776,0.2960122346805773,499975.40761509497
3000.0,0.625,CO2,30.228291626078008,0.9693427212845843,499973.26914684236
3000.0,0.625,N2,171.52936533110463,0.29601223457188497,499973.26914684236
3000.0,0.675,CO2,30.19676187261524,0.96853697787778,499971.13067858975
3000.0,0.675,N2,171.52936531046905,0.29601223444523533,499971.13067858975
3000.0,0.7250000000000001,CO2,30.143853728522473,0.9671966616840691,499968.99221033714
3000.0,0.7250000000000001,N2,171.5293652858156,0.2960122342982985,499968.99221033714
3000.0,0.775,CO2,30.056353081723838,0.9649955105419438,499966.8537420845
3000.0,0.775,N2,171.52936525653166,0.2960122341285042,499966.8537420845
3000.0,0.8250000000000001,CO2,29.91352902606054,0.9614211317394667,499964.7152738319
3000.0,0.8250000000000001,N2,171.52936522193278,0.29601223393303383,499964.7152738319
3000.0,0.875,CO2,29.683725538831332,0.9556856071270484,499962.5768055793
3000.0,0.875,N2,171.52936518128413,0.29601223370893587,499962.5768055793
3000.0,0.925,CO2,29.324747576983235,0.946709194919028,499960.4383373267
3000.0,0.925,N2,171.5293651341231,0.2960122334547531,499960.4383373267
3000.0,0.9750000000000001,CO2,28.83813172673243,0.9343950984309801,499958.2998690741
3000.0,0.9750000000000001,N2,171.5293650841182,0.2960122331901776,499958.2998690741
3050.0,0.025,CO2,30.269887569083224,0.9704347676848833,499998.9307658737
3050.0,0.025,N2,171.52936541286385,0.2960122351734678,499998.9307658737
3050.0,0.07500000000000001,CO2,30.26988536530455,0.9704346955811171,499996.7922976211
3050.0,0.07500000000000001,N2,171.52936541219574,0.2960122351648323,499996.7922976211
3050.0,0.125,CO2,30.2698774414446,0.9704344436391021,499994.6538293685
3050.0,0.125,N2,171.52936541120786,0.296012235153638,499994.6538293685
3050.0,0.17500000000000002,CO2,30.26985378618884,0.9704337128018414,499992.51536111586
3050.0,0.17500000000000002,N2,171.52936540981545,0.2960122351394012,499992.51536111586
3050.0,0.225,CO2,30.269791669552983,0.9704318455853587,499990.37689286325
3050.0,0.225,N2,171.52936540791887,0.29601223512157104,499990.37689286325
3050.0,0.275,CO2,30.269643455008268,0.9704275028348992,499988.23842461064
3050.0,0.275,N2,171.52936540540145,0.29601223509952324,499988.23842461064
3050.0,0.325,CO2,30.269315294772046,0.9704181117471977,499986.099956358
3050.0,0.325,N2,171.52936540212755,0.29601223507255325,499986.099956358
3050.0,0.375,CO2,30.26863109736557,0.9703989495225581,499983.9614881054
3050.0,0.375,N2,171.52936539794024,0.296012235039868,499983.9614881054
3050.0,0.42500000000000004,CO2,30.267273045966096,0.9703616522429998,499981.8230198528
3050.0,0.42500000000000004,N2,171.52936539265863,0.29601223500057755,499981.8230198528
3050.0,0.47500000000000003,CO2,30.264685113208007,0.9702918217041177,499979.6845516002
3050.0,0.47500000000000003,N2,171.52936538607543,0.2960122349536859,499979.6845516002
3050.0,0.525,CO2,30.25991848893789,0.9701652197960294,499977.5460833476
3050.0,0.525,N2,171.5293653779534,0.2960122348980808,499977.5460833476
3050.0,0.5750000000000001,CO2,30.25138612296963,0.969941753412858,499975.40761509497
3050.0,0.5750000000000001,N2,171.5293653680226,0.29601223483252337,499975.40761509497
3050.0,0.625,CO2,30.23647547248992,0.9695560065152974,499973.26914684236
3050.0,0.625,N2,171.52936535597635,0.2960122347556363,499973.26914684236
3050.0,0.675,CO2,30.2109409108471,0.9689023876372781,499971.13067858975
3050.0,0.675,N2,171.52936534146778,0.29601223466589205,499971.13067858975
3050.0,0.7250000000000001,CO2,30.167956258481993,0.9678119207518884,499968.99221033714
3050.0,0.7250000000000001,N2,171.52936532410533,0.29601223456159903,499968.99221033714
3050.0,0.775,CO2,30.09665178176532,0.9660162219008002,499966.8537420845
3050.0,0.775,N2,171.52936530344837,0.2960122344408885,499966.8537420845
3050.0,0.8250000000000001,CO2,29.9799144978392,0.9630926836222209,499964.7152738319
3050.0,0.8250000000000001,N2,171.52936527900417,0.29601223430170814,499964.7152738319
3050.0,0.875,CO2,29.791503056882007,0.9583896210786078,499962.5768055793
3050.0,0.875,N2,171.52936525024236,0.2960122341419042,499962.5768055793
3050.0,0.925,CO2,29.49628398954938,0.9510130144450976,499960.4383373267
3050.0,0.925,N2,171.52936521682489,0.2960122339603887,499960.4383373267
3050.0,0.9750000000000001,CO2,29.095231824573297,0.9408889970077948,499958.2998690741
3050.0,0.9750000000000001,N2,171.5293651813504,0.29601223377122765,499958.2998690741
3100.0,0.025,CO2,30.269887676871388,0.970434771316335,499998.9307658737
3100.0,0.025,N2,171.52936541299974,0.29601223517801295,499998.9307658737
3100.0,0.07500000000000001,CO2,30.269885999251628,0.9704347164586327,499996.7922976211
3100.0,0.07500000000000001,N2,171.529365412545,0.29601223517207875,499996.7922976211
3100.0,0.125,CO2,30.269879932397433,0.9704345235191869,499994.6538293685
3100.0,0.125,N2,171.52936541186952,0.2960122351643567,499994.6538293685
3100.0,0.17500000000000002,CO2,30.269861708877073,0.970433960036503,499992.51536111586
3100.0,0.17500000000000002,N2,171.52936541091398,0.29601223515450314,499992.51536111586
3100.0,0.225,CO2,30.26981355770105,0.9704325107825134,499990.37689286325
3100.0,0.225,N2,171.52936540960815,0.2960122351421257,499990.37689286325
3100.0,0.275,CO2,30.26969796789071,0.9704291185370316,499988.23842461064
3100.0,0.275,N2,171.52936540786988,0.29601223512677877,499988.23842461064
3100.0,0.325,CO2,30.269440551347223,0.9704217384680104,499986.099956358
3100.0,0.325,N2,171.52936540560347,0.29601223510795843,499986.099956358
3100.0,0.375,CO2,30.268900889780866,0.9704065942992495,499983.9614881054
3100.0,0.375,N2,171.52936540269775,0.29601223508509644,499983.9614881054
3100.0,0.42500000000000004,CO2,30.267824177133537,0.9703769626319974,499981.8230198528
3100.0,0.42500000000000004,N2,171.52936539902453,0.29601223505755403,499981.8230198528
3100.0,0.47500000000000003,CO2,30.26576247219065,0.9703212152511435,499979.6845516002
3100.0,0.47500000000000003,N2,171.52936539443627,0.296012235024615,499979.6845516002
3100.0,0.525,CO2,30.261948148088752,0.970219698001737,499977.5460833476
3100.0,0.525,N2,171.52936538876426,0.29601223498547813,499977.5460833476
3100.0,0.5750000000000001,CO2,30.255092421309172,0.9700397878859625,499975.40761509497
3100.0,0.5750000000000001,N2,171.52936538181592,0.2960122349392496,499975.40761509497
3100.0,0.625,CO2,30.243066787734076,0.9697281001287837,499973.26914684236
3100.0,0.625,N2,171.52936537337212,0.2960122348849342,499973.26914684236
3100.0,0.675,CO2,30.22240207730897,0.9691982438676472,499971.13067858975
3100.0,0.675,N2,171.52936536318455,0.2960122348214261,499971.13067858975
3100.0,0.7250000000000001,CO2,30.187505150134264,0.9683116519041814,499968.99221033714
3100.0,0.7250000000000001,N2,171.52936535097263,0.29601223474749927,499968.99221033714
3100.0,0.775,CO2,30.129444773449144,0.9668477463166075,499966.8537420845
3100.0,0.775,N2,171.52936533641983,0.29601223466179694,499966.8537420845
3100.0,0.8250000000000001,CO2,30.034116097775428,0.9644583755552277,499964.7152738319
3100.0,0.8250000000000001,N2,171.5293653191719,0.29601223456282716,499964.7152738319
3100.0,0.875,CO2,29.87981438765665,0.9606054141949586,499962.5768055793
3100.0,0.875,N2,171.52936529884667,0.29601223444902064,499962.5768055793
3100.0,0.925,CO2,29.637381141397096,0.9545503198505002,499960.4383373267
3100.0,0.925,N2,171.5293652751976,0.2960122343195673,499960.4383373267
3100.0,0.9750000000000001,CO2,29.30744003170772,0.9462377752124678,499958.2998690741
3100.0,0.9750000000000001,N2,171.529365250063,0.2960122341845008,499958.2998690741
3150.0,0.025,CO2,30.269887758481815,0.9704347740614122,499998.9307658737
3150.0,0.025,N2,171.52936541309163,0.29601223518108477,499998.9307658737
3150.0,0.07500000000000001,CO2,30.26988648124231,0.9704347323197954,499996.7922976211
3150.0,0.07500000000000001,N2,171.52936541278214,0.2960122351770077,499996.7922976211
3150.0,0.125,CO2,30.269881836332264,0.9704345845736316,499994.6538293685
3150.0,0.125,N2,171.5293654123203,0.29601223517168224,499994.6538293685
3150.0,0.17500000000000002,CO2,30.26986779958555,0.9704341502113891,499992.51536111586
3150.0,0.17500000000000002,N2,171.52936541166457,0.29601223516486413,499992.51536111586
3150.0,0.225,CO2,30.269830484222098,0.9704330257215196,499990.37689286325
3150.0,0.225,N2,171.52936541076554,0.29601223515627434,499990.37689286325
3150.0,0.275,CO2,30.269740370430174,0.9704303770300027,499988.23842461064
3150.0,0.275,N2,171.52936540956554,0.2960122351455948,499988.23842461064
3150.0,0.325,CO2,30.26953853421079,0.9704245801209929,499986.099956358
3150.0,0.325,N2,171.52936540799678,0.2960122351324656,499986.099956358
3150.0,0.375,CO2,30.26911308278984,0.9704126178282384,499983.9614881054
3150.0,0.375,N2,171.52936540598074,0.2960122351164799,499983.9614881054
3150.0,0.42500000000000004,CO2,30.26825987572285,0.9703890895807746,499981.8230198528
3150.0,0.42500000000000004,N2,171.52936540342654,0.29601223509717955,499981.8230198528
3150.0,0.47500000000000003,CO2,30.266618306513756,0.9703446111505245,499979.6845516002
3150.0,0.47500000000000003,N2,171.52936540022932,0.29601223507404995,499979.6845516002
3150.0,0.525,CO2,30.263567770336948,0.970263256570175,499977.5460833476
3150.0,0.525,N2,171.52936539626924,0.29601223504651447,499977.5460833476
3150.0,0.5750000000000001,CO2,30.25806241217628,0.9701184986470625,499975.40761509497
3150.0,0.5750000000000001,N2,171.52936539140887,0.29601223501392887,499975.40761509497
3150.0,0.625,CO2,30.248369257851355,0.9698667983441109,499973.26914684236
3150.0,0.625,N2,171.52936538549176,0.2960122349755744,499973.26914684236
3150.0,0.675,CO2,30.23165555369089,0.969437517253306,499971.13067858975
3150.0,0.675,N2,171.52936537834032,0.29601223493065143,499971.13067858975
3150.0,0.7250000000000001,CO2,30.203341954533286,0.9687170974835441,499968.99221033714
3150.0,0.7250000000000001,N2,171.5293653697535,0.29601223487827216,499968.99221033714
3150.0,0.775,CO2,30.156096762262134,0.9675243864740922,499966.8537420845
3150.0,0.775,N2,171.52936535950423,0.2960122348174523,499966.8537420845
3150.0,0.8250000000000001,CO2,30.078308738104937,0.9655728476198568,499964.7152738319
3150.0,0.8250000000000001,N2,171.52936534733794,0.2960122347471082,499964.7152738319
3150.0,0.875,CO2,29.952056950930455,0.962418728261477,499962.5768055793
3150.0,0.875,N2,171.52936533297947,0.29601223466609766,499962.5768055793
3150.0,0.925,CO2,29.753204210078113,0.9574530603799675,499960.4383373267
3150.0,0.925,N2,171.52936531624925,0.2960122345738187,499960.4383373267
3150.0,0.9750000000000001,CO2,29.482157678833406,0.9506351438696915,499958.2998690741
3150.0,0.9750000000000001,N2,171.52936529844695,0.2960122344774249,499958.2998690741
3200.0,0.025,CO2,30.269887820254127,0.970434776135929,499998.9307658737
3200.0,0.025,N2,171.52936541315356,0.2960122351831567,499998.9307658737
3200.0,0.07500000000000001,CO2,30.26988684755428,0.9704347443651041,499996.7922976211
3200.0,0.07500000000000001,N2,171.52936541294275,0.2960122351803541,499996.7922976211
3200.0,0.125,CO2,30.269883290858036,0.9704346312149286,499994.6538293685
3200.0,0.125,N2,171.5293654126268,0.2960122351766796,499994.6538293685
3200.0,0.17500000000000002,CO2,30.269872479187875,0.9704342964056617,499992.51536111586
3200.0,0.17500000000000002,N2,171.52936541217647,0.2960122351719598,499992.51536111586
3200.0,0.225,CO2,30.2698435652734,0.9704334240697532,499990.37689286325
3200.0,0.225,N2,171.52936541155717,0.29601223516599606,499990.37689286325
3200.0,0.275,CO2,30.26977332970387,0.9704313565608813,499988.23842461064
3200.0,0.275,N2,171.52936541072816,0.29601223515856184,499988.23842461064
3200.0,0.325,CO2,30.269615124748654,0.9704268049082561,499986.099956358
3200.0,0.325,N2,171.5293654096418,0.29601223514939995,499986.099956358
3200.0,0.375,CO2,30.269279843983668,0.9704173600956464,499983.9614881054
3200.0,0.375,N2,171.5293654082423,0.29601223513821917,499983.9614881054
3200.0,0.42500000000000004,CO2,30.2686040443958,0.9703986870979457,499981.8230198528
3200.0,0.42500000000000004,N2,171.5293654064654,0.2960122351246911,499981.8230198528
3200.0,0.47500000000000003,CO2,30.26729761646849,0.9703632177494956,499979.6845516002
3200.0,0.47500000000000003,N2,171.52936540423664,0.2960122351084462,499979.6845516002
3200.0,0.525,CO2,30.264859141959935,0.9702980554234577,499977.5460833476
3200.0,0.525,N2,171.5293654014707,0.2960122350890696,499977.5460833476
3200.0,0.5750000000000001,CO2,30.260440437074976,0.9701816428630138,499975.40761509497
3200.0,0.5750000000000001,N2,171.52936539806953,0.296012235066097,499975.40761509497
3200.0,0.625,CO2,30.25263142822313,0.9699784913581949,499973.26914684236
3200.0,0.625,N2,171.52936539392167,0.29601223503900986,499973.26914684236
3200.0,0.675,CO2,30.239120474158376,0.9696308747458943,499971.13067858975
3200.0,0.675,N2,171.5293653889,0.2960122350072301,499971.13067858975
3200.0,0.7250000000000001,CO2,30.216160807650546,0.9690457835750431,499968.99221033714
3200.0,0.7250000000000001,N2,171.5293653828605,0.29601223497011503,499968.99221033714
3200.0,0.775,CO2,30.17773866818981,0.9680745394159739,499966.8537420845
3200.0,0.775,N2,171.52936537564045,0.29601223492695117,499966.8537420845
3200.0,0.8250000000000001,CO2,30.114305814587503,0.9664815077351699,499964.7152738319
3200.0,0.8250000000000001,N2,171.5293653670567,0.2960122348769518,499964.7152738319
3200.0,0.875,CO2,30.011087906052644,0.9639011658331359,499962.5768055793
3200.0,0.875,N2,171.52936535691134,0.29601223481928596,499962.5768055793
3200.0,0.925,CO2,29.84814773466982,0.9598321274358323,499960.4383373267
3200.0,0.925,N2,171.5293653450736,0.2960122347535072,499960.4383373267
3200.0,0.9750000000000001,CO2,29.62575962363613,0.9542449302720667,499958.2998690741
3200.0,0.9750000000000001,N2,171.5293653324628,0.2960122346847153,499958.2998690741
3250.0,0.025,CO2,30.26988786704945,0.9704347777050837,499998.9307658737
3250.0,0.025,N2,171.52936541319568,0.29601223518455777,499998.9307658737
3250.0,0.07500000000000001,CO2,30.269887126132343,0.9704347535186519,499996.7922976211
3250.0,0.07500000000000001,N2,171.52936541305198,0.2960122351826311,499996.7922976211
3250.0,0.125,CO2,30.2698844025753,0.9704346668616338,499994.6538293685
3250.0,0.125,N2,171.5293654128357,0.2960122351800958,499994.6538293685
3250.0,0.17500000000000002,CO2,30.269876075690927,0.970434408820035,499992.51536111586
3250.0,0.17500000000000002,N2,171.52936541252635,0.29601223517682856,499992.51536111586
3250.0,0.225,CO2,30.26985367603485,0.9704337322578294,499990.37689286325
3250.0,0.225,N2,171.52936541209965,0.29601223517268827,499990.37689286325
3250.0,0.275,CO2,30.269798949456167,0.9704321189462001,499988.23842461064
3250.0,0.275,N2,171.52936541152692,0.2960122351675135,499988.23842461064
3250.0,0.325,CO2,30.269674988740356,0.9704285465091089,499986.099956358
3250.0,0.325,N2,171.52936541077443,0.2960122351611207,499986.099956358
3250.0,0.375,CO2,30.269410878748666,0.970421092826131,499983.9614881054
3250.0,0.375,N2,171.52936540980295,0.2960122351533015,499983.9614881054
3250.0,0.42500000000000004,CO2,30.26887584687864,0.9704062806133571,499981.8230198528
3250.0,0.42500000000000004,N2,171.52936540856678,0.29601223514382063,499981.8230198528
3250.0,0.47500000000000003,CO2,30.267836653791495,0.9703780105085373,499979.6845516002
3250.0,0.47500000000000003,N2,171.52936540701307,0.2960122351324128,499979.6845516002
3250.0,0.525,CO2,30.265888443035184,0.9703258458848713,499977.5460833476
3250.0,0.525,N2,171.52936540508122,0.29601223511877994,499977.5460833476
3250.0,0.5750000000000001,CO2,30.26234377811659,0.9702322791861254,499975.40761509497
3250.0,0.5750000000000001,N2,171.5293654027014,0.2960122351025875,499975.40761509497
3250.0,0.625,CO2,30.256056028214353,0.9700684004152916,499973.26914684236
3250.0,0.625,N2,171.5293653997939,0.2960122350834617,499973.26914684236
3250.0,0.675,CO2,30.245139952897667,0.9697870615927673,499971.13067858975
3250.0,0.675,N2,171.52936539626805,0.29601223506098473,499971.13067858975
3250.0,0.7250000000000001,CO2,30.226531936837087,0.969312125603996,499968.99221033714
3250.0,0.7250000000000001,N2,171.5293653920206,0.2960122350346919,499968.99221033714
3250.0,0.775,CO2,30.195302769249302,0.9685216397961866,499966.8537420845
3250.0,0.775,N2,171.52936538693493,0.2960122350040662,499966.8537420845
3250.0,0.8250000000000001,CO2,30.14360761980963,0.967221969000035,499964.7152738319
3250.0,0.8250000000000001,N2,171.52936538087963,0.29601223496853696,499964.7152738319
3250.0,0.875,CO2,30.059280784896156,0.9651123128072554,499962.5768055793
3250.0,0.875,N2,171.52936537371215,0.2960122349275001,499962.5768055793
3250.0,0.925,CO2,29.925881709034606,0.9617803404442515,499960.4383373267
3250.0,0.925,N2,171.52936536533738,0.2960122348806251,499960.4383373267
3250.0,0.9750000000000001,CO2,29.743601231706098,0.9572050136166219,499958.2998690741
3250.0,0.9750000000000001,N2,171.52936535640563,0.29601223483154643,499958.2998690741
3300.0,0.025,CO2,30.26988790253071,0.9704347788931165,499998.9307658737
3300.0,0.025,N2,171.52936541322416,0.2960122351855078,499998.9307658737
3300.0,0.07500000000000001,CO2,30.269887338142762,0.9704347604798035,499996.7922976211
3300.0,0.07500000000000001,N2,171.52936541312636,0.2960122351841844,499996.7922976211
3300.0,0.125,CO2,30.269885252740995,0.9704346941198316,499994.6538293685
3300.0,0.125,N2,171.52936541297842,0.29601223518243647,499994.6538293685
3300.0,0.17500000000000002,CO2,30.26987884082078,0.9704344952892846,499992.51536111586
3300.0,0.17500000000000002,N2,171.52936541276608,0.29601223518017666,499992.51536111586
3300.0,0.225,CO2,30.269861492751225,0.9704339707358057,499990.37689286325
3300.0,0.225,N2,171.52936541247234,0.2960122351773045,499990.37689286325
3300.0,0.275,CO2,30.26981886609085,0.9704327123531924,499988.23842461064
3300.0,0.275,N2,171.52936541207697,0.29601223517370534,499988.23842461064
3300.0,0.325,CO2,30.269721778718427,0.9704299097819086,499986.099956358
3300.0,0.325,N2,171.5293654115561,0.2960122351692481,499986.099956358
3300.0,0.375,CO2,30.2695138308874,0.9704240304926198,499983.9614881054
3300.0,0.375,N2,171.52936541088218,0.296012235163784,499983.9614881054
3300.0,0.42500000000000004,CO2,30.26909046214557,0.9704122872513069,499981.8230198528
3300.0,0.42500000000000004,N2,171.52936541002276,0.2960122351571446,499981.8230198528
3300.0,0.47500000000000003,CO2,30.26826428464645,0.9703897679416147,499979.6845516002
3300.0,0.47500000000000003,N2,171.52936540894044,0.29601223514913977,499979.6845516002
3300.0,0.525,CO2,30.266708629878757,0.9703480324778051,499977.5460833476
3300.0,0.525,N2,171.52936540759202,0.2960122351395553,499977.5460833476
3300.0,0.5750000000000001,CO2,30.263866710046408,0.9702728714228231,499975.40761509497
3300.0,0.5750000000000001,N2,171.52936540592802,0.2960122351281506,499975.40761509497
3300.0,0.625,CO2,30.25880671016307,0.9701407482088152,499973.26914684236
3300.0,0.625,N2,171.5293654038914,0.29601223511465635,499973.26914684236
3300.0,0.675,CO2,30.249992094323346,0.9699131765618199,499971.13067858975
3300.0,0.675,N2,171.52936540141744,0.2960122350987711,499971.13067858975
3300.0,0.7250000000000001,CO2,30.234919432897495,0.9695278655522115,499968.99221033714
3300.0,0.7250000000000001,N2,171.52936539843242,0.296012235080159,499968.99221033714
3300.0,0.775,CO2,30.209551300772464,0.9688848418904275,499966.8537420845
3300.0,0.775,N2,171.52936539485273,0.296012235058446,499966.8537420845
3300.0,0.8250000000000001,CO2,30.167447833352504,0.9678250888175705,499964.7152738319
3300.0,0.8250000000000001,N2,171.52936539058393,0.2960122350332182,499964.7152738319
3300.0,0.875,CO2,30.098602259156767,0.9661012697449308,499962.5768055793
3300.0,0.875,N2,171.52936538552385,0.29601223500403734,499962.5768055793
3300.0,0.925,CO2,29.989475984306846,0.9633746078869053,499960.4383373267
3300.0,0.925,N2,171.5293653796033,0.29601223497065887,499960.4383373267
3300.0,0.9750000000000001,CO2,29.8402014195533,0.9596302625617474,499958.2998690741
3300.0,0.9750000000000001,N2,171.52936537328154,0.2960122349356711,499958.2998690741
3350.0,0.025,CO2,30.26988792943864,0.9704347797928017,499998.9307658737
3350.0,0.025,N2,171.52936541324337,0.2960122351861514,499998.9307658737
3350.0,0.07500000000000001,CO2,30.26988749950585,0.9704347657741407,499996.7922976211
3350.0,0.07500000000000001,N2,171.52936541317686,0.2960122351852432,499996.7922976211
3350.0,0.125,CO2,30.269885902871493,0.9704347149626403,499994.6538293685
3350.0,0.125,N2,171.52936541307577,0.296012235184039,499994.6538293685
3350.0,0.17500000000000002,CO2,30.269880966480418,0.9704345617910292,499992.51536111586
3350.0,0.17500000000000002,N2,171.52936541293025,0.29601223518247727,499992.51536111586
3350.0,0.225,CO2,30.269867534588034,0.9704341552247219,499990.37689286325
3350.0,0.225,N2,171.52936541272814,0.2960122351804864,499990.37689286325
3350.0,0.275,CO2,30.269834344557065,0.9704331740805813,499988.23842461064
3350.0,0.275,N2,171.52936541245532,0.2960122351779851,499988.23842461064
3350.0,0.325,CO2,30.26975833677907,0.9704309764849547,499986.099956358
3350.0,0.325,N2,171.5293654120952,0.2960122351748798,499986.099956358
3350.0,0.375,CO2,30.269594685459413,0.9704263414004989,499983.9614881054
3350.0,0.375,N2,171.52936541162802,0.2960122351710644,499983.9614881054
3350.0,0.42500000000000004,CO2,30.2692598452433,0.9704170363081506,499981.8230198528
3350.0,0.42500000000000004,N2,171.5293654110309,0.2960122351664185,499981.8230198528
3350.0,0.47500000000000003,CO2,30.26860336893359,0.9703991080338663,499979.6845516002
3350.0,0.47500000000000003,N2,171.5293654102775,0.29601223516080577,499979.6845516002
3350.0,0.525,CO2,30.267361853043173,0.9703657357371446,499977.5460833476
3350.0,0.525,N2,171.529365409337,0.29601223515407266,499977.5460833476
3350.0,0.5750000000000001,CO2,30.265084621936165,0.9703053942169446,499975.40761509497
3350.0,0.5750000000000001,N2,171.52936540817421,0.2960122351460462,499975.40761509497
3350.0,0.625,CO2,30.261014905839957,0.9701989331306684,499973.26914684236
3350.0,0.625,N2,171.52936540674867,0.2960122351365326,499973.26914684236
3350.0,0.675,CO2,30.25390113485795,0.9700149543678878,499971.13067858975
3350.0,0.675,N2,171.52936540501403,0.2960122351253145,499971.13067858975
3350.0,0.7250000000000001,CO2,30.24169887346814,0.9697025226986707,499968.99221033714
3350.0,0.7250000000000001,N2,171.52936540291768,0.29601223511214947,499968.99221033714
3350.0,0.775,CO2,30.221103264929738,0.9691797277348365,499966.8537420845
3350.0,0.775,N2,171.52936540039968,0.29601223509676705,499966.8537420845
3350.0,0.8250000000000001,CO2,30.186831718260677,0.9683160606500648,499964.7152738319
3350.0,0.8250000000000001,N2,171.52936539739252,0.2960122350788677,499964.7152738319
3350.0,0.875,CO2,30.130661001661682,0.9669082904806561,499962.5768055793
3350.0,0.875,N2,171.52936539382262,0.29601223505813323,499962.5768055793
3350.0,0.925,CO2,30.04145600284221,0.9646782832994898,499960.4383373267
3350.0,0.925,N2,171.52936538963993,0.29601223503438356,499960.4383373267
3350.0,0.9750000000000001,CO2,29.919311210923187,0.9616156866351628,499958.2998690741
3350.0,0.9750000000000001,N2,171.52936538516877,0.29601223500946017,499958.2998690741
3400.0,0.025,CO2,30.26988794984052,0.9704347804739979,499998.9307658737
3400.0,0.025,N2,171.5293654132565,0.2960122351865861,499998.9307658737
3400.0,0.07500000000000001,CO2,30.26988762228574,0.9704347697996284,499996.7922976211
3400.0,0.07500000000000001,N2,171.5293654132112,0.2960122351859628,499996.7922976211
3400.0,0.125,CO2,30.26988639985369,0.9704347308939958,499994.6538293685
3400.0,0.125,N2,171.52936541314207,0.2960122351851334,499994.6538293685
3400.0,0.17500000000000002,CO2,30.269882599856732,0.9704346129131811,499992.51536111586
3400.0,0.17500000000000002,N2,171.5293654130422,0.2960122351840541,499992.51536111586
3400.0,0.225,CO2,30.269872202293143,0.9704342978742598,499990.37689286325
3400.0,0.225,N2,171.52936541290316,0.29601223518267444,499990.37689286325
3400.0,0.275,CO2,30.269846367458403,0.9704335331473906,499988.23842461064
3400.0,0.275,N2,171.529365412715,0.2960122351809363,499988.23842461064
3400.0,0.325,CO2,30.269786884159103,0.9704318106348278,499986.099956358
3400.0,0.325,N2,171.5293654124659,0.29601223517877323,499986.099956358
3400.0,0.375,CO2,30.269658147423264,0.9704281581282528,499983.9614881054
3400.0,0.375,N2,171.52936541214203,0.29601223517610964,499983.9614881054
3400.0,0.42500000000000004,CO2,30.269393446161978,0.9704207886421857,499981.8230198528
3400.0,0.42500000000000004,N2,171.52936541172735,0.29601223517285935,499981.8230198528
3400.0,0.47500000000000003,CO2,30.268872070061136,0.970406522890957,499979.6845516002
3400.0,0.47500000000000003,N2,171.52936541120286,0.29601223516892483,499979.6845516002
3400.0,0.525,CO2,30.26788176479643,0.9703798522338765,499977.5460833476
3400.0,0.525,N2,171.52936541054706,0.296012235164196,499977.5460833476
3400.0,0.5750000000000001,CO2,30.26605797189178,0.9703314344522395,499975.40761509497
3400.0,0.5750000000000001,N2,171.5293654097346,0.29601223515854863,499975.40761509497
3400.0,0.625,CO2,30.262786452893202,0.9702456970934276,499973.26914684236
3400.0,0.625,N2,171.52936540873694,0.2960122351518433,499973.26914684236
3400.0,0.675,CO2,30.257048344060593,0.970097038679889,499971.13067858975
3400.0,0.675,N2,171.52936540752086,0.29601223514392355,499971.13067858975
3400.0,0.7250000000000001,CO2,30.247175000753725,0.9698438309958833,499968.99221033714
3400.0,0.7250000000000001,N2,171.5293654060489,0.29601223513461433,499968.99221033714
3400.0,0.775,CO2,30.230462807539684,0.9694189973180314,499966.8537420845
3400.0,0.775,N2,171.52936540427814,0.2960122351237204,499966.8537420845
3400.0,0.8250000000000001,CO2,30.20258130782252,0.9687154845563465,499964.7152738319
3400.0,0.8250000000000001,N2,171.5293654021601,0.29601223511102503,499964.7152738319
3400.0,0.875,CO2,30.156778089725947,0.9675664063539097,499962.5768055793
3400.0,0.875,N2,171.52936539964213,0.2960122350962974,499962.5768055793
3400.0,0.925,CO2,30.083902873227302,0.9657435580511018,499960.4383373267
3400.0,0.925,N2,171.52936539668787,0.2960122350794051,499960.4383373267
3400.0,0.9750000000000001,CO2,29.984022324886197,0.9632397883260088,499958.2998690741
3400.0,0.9750000000000001,N2,171.52936539352635,0.2960122350616578,499958.2998690741
3450.0,0.025,CO2,30.269887965310474,0.9704347809898165,499998.9307658737
3450.0,0.025,N2,171.5293654132653,0.2960122351868794,499998.9307658737
3450.0,0.07500000000000001,CO2,30.269887715704947,0.9704347728602761,499996.7922976211
3450.0,0.07500000000000001,N2,171.52936541323447,0.2960122351864515,499996.7922976211
3450.0,0.125,CO2,30.269886779712536,0.9704347430694324,499994.6538293685
3450.0,0.125,N2,171.5293654131873,0.29601223518587993,499994.6538293685
3450.0,0.17500000000000002,CO2,30.26988385467101,0.9704346522025732,499992.51536111586
3450.0,0.17500000000000002,N2,171.5293654131187,0.29601223518513387,499992.51536111586
3450.0,0.225,CO2,30.26987580727889,0.9704344081355027,499990.37689286325
3450.0,0.225,N2,171.52936541302296,0.2960122351841774,499990.37689286325
3450.0,0.275,CO2,30.26985570272839,0.9704338122645199,499988.23842461064
3450.0,0.275,N2,171.52936541289304,0.2960122351829693,499988.23842461064
3450.0,0.325,CO2,30.269809166520158,0.9704324626256338,499986.099956358
3450.0,0.325,N2,171.52936541272075,0.29601223518146236,499986.099956358
3450.0,0.375,CO2,30.269707934260918,0.9704295856230434,499983.9614881054
3450.0,0.375,N2,171.5293654124961,0.2960122351796026,499983.9614881054
3450.0,0.42500000000000004,CO2,30.269498769710346,0.9704237518261568,499981.8230198528
3450.0,0.42500000000000004,N2,171.52936541220794,0.2960122351773284,499981.8230198528
3450.0,0.47500000000000003,CO2,30.269084882239568,0.9704124060071762,499979.6845516002
3450.0,0.47500000000000003,N2,171.52936541184283,0.29601223517457004,499979.6845516002
3450.0,0.525,CO2,30.268295340428704,0.9703911021109445,499977.5460833476
3450.0,0.525,N2,171.52936541138527,0.2960122351712487,499977.5460833476
3450.0,0.5750000000000001,CO2,30.26683542573096,0.9703522720120783,499975.40761509497
3450.0,0.5750000000000001,N2,171.52936541081755,0.2960122351672751,499975.40761509497
3450.0,0.625,CO2,30.264206876757974,0.9702832598820373,499973.26914684236
3450.0,0.625,N2,171.52936541011914,0.29601223516254904,499973.26914684236
3450.0,0.675,CO2,30.25958073269225,0.9701632017683541,499971.13067858975
3450.0,0.675,N2,171.5293654092665,0.29601223515695796,499971.13067858975
3450.0,0.7250000000000001,CO2,30.25159580973735,0.9699580927948508,499968.99221033714
3450.0,0.7250000000000001,N2,171.52936540823282,0.2960122351503756,499968.99221033714
3450.0,0.775,CO2,30.238041586923938,0.969613030180053,499966.8537420845
3450.0,0.775,N2,171.52936540698735,0.2960122351426609,499966.8537420845
3450.0,0.8250000000000001,CO2,30.215370305389893,0.9690402451029765,499964.7152738319
3450.0,0.8250000000000001,N2,171.52936540549555,0.29601223513365726,499964.7152738319
3450.0,0.875,CO2,30.178041283609105,0.9681027714273811,499962.5768055793
3450.0,0.875,N2,171.52936540371942,0.29601223512319746,499962.5768055793
3450.0,0.925,CO2,30.118541300658897,0.9666134667417795,499960.4383373267
3450.0,0.925,N2,171.5293654016328,0.296012235111184,499960.4383373267
3450.0,0.9750000000000001,CO2,30.03691458152563,0.964567437003545,499958.2998690741
3450.0,0.9750000000000001,N2,171.52936539939722,0.29601223509854835,499958.2998690741
3500.0,0.025,CO2,30.269887977046537,0.9704347813806179,499998.9307658737
3500.0,0.025,N2,171.52936541327125,0.29601223518707775,499998.9307658737
3500.0,0.07500000000000001,CO2,30.269887786810177,0.970434775188204,499996.7922976211
3500.0,0.07500000000000001,N2,171.52936541325025,0.29601223518678393,499996.7922976211
3500.0,0.125,CO2,30.269887070113842,0.9704347523763467,499994.6538293685
3500.0,0.125,N2,171.52936541321796,0.2960122351863901,499994.6538293685
3500.0,0.17500000000000002,CO2,30.269884818744583,0.9704346823998001,499992.51536111586
3500.0,0.17500000000000002,N2,171.52936541317092,0.2960122351858744,499992.51536111586
3500.0,0.225,CO2,30.269878591416262,0.9704344933565254,499990.37689286325
3500.0,0.225,N2,171.529365413105,0.2960122351852113,499990.37689286325
3500.0,0.275,CO2,30.26986295022637,0.9704340291966351,499988.23842461064
3500.0,0.275,N2,171.52936541301543,0.29601223518437175,499988.23842461064
3500.0,0.325,CO2,30.269826555066732,0.9704329721065187,499986.099956358
3500.0,0.325,N2,171.52936541289614,0.296012235183322,499986.099956358
3500.0,0.375,CO2,30.26974698169624,0.9704307069141801,499983.9614881054
3500.0,0.375,N2,171.52936541274042,0.2960122351820236,499983.9614881054
3500.0,0.42500000000000004,CO2,30.269581772756368,0.9704260909408924,499981.8230198528
3500.0,0.42500000000000004,N2,171.5293654125401,0.29601223518043257,499981.8230198528
3500.0,0.47500000000000003,CO2,30.26925336551,0.9704170718520231,499979.6845516002
3500.0,0.47500000000000003,N2,171.52936541228587,0.2960122351784991,499979.6845516002
3500.0,0.525,CO2,30.26862419136712,0.9704000634831902,499977.5460833476
3500.0,0.525,N2,171.52936541196672,0.29601223517616676,499977.5460833476
3500.0,0.5750000000000001,CO2,30.267456135646054,0.9703689386121009,499975.40761509497
3500.0,0.5750000000000001,N2,171.52936541157007,0.29601223517337133,499975.40761509497
3500.0,0.625,CO2,30.2653452500266,0.9703134176189822,499973.26914684236
3500.0,0.625,N2,171.52936541108116,0.2960122351700411,499973.26914684236
3500.0,0.675,CO2,30.261617454994035,0.9702165063986474,499971.13067858975
3500.0,0.675,N2,171.52936541048345,0.2960122351660948,499971.13067858975
3500.0,0.7250000000000001,CO2,30.25516296971262,0.9700504410666364,499968.99221033714
3500.0,0.7250000000000001,N2,171.52936540975756,0.2960122351614416,499968.99221033714
3500.0,0.775,CO2,30.244175399825078,0.9697703044919773,499966.8537420845
3500.0,0.775,N2,171.52936540888174,0.29601223515597974,499966.8537420845
3500.0,0.8250000000000001,CO2,30.225749859450037,0.9693041723592046,499964.7152738319
3500.0,0.8250000000000001,N2,171.529365407831,0.29601223514959596,499964.7152738319
3500.0,0.875,CO2,30.195342875977335,0.9685396897087951,499962.5768055793
3500.0,0.875,N2,171.52936540657836,0.29601223514216934,499962.5768055793
3500.0,0.925,CO2,30.146790180586716,0.9673234506743422,499960.4383373267
3500.0,0.925,N2,171.5293654051048,0.29601223513362807,499960.4383373267
3500.0,0.9750000000000001,CO2,30.080121244137178,0.9656521228759696,499958.2998690741
3500.0,0.9750000000000001,N2,171.5293654035242,0.2960122351246345,499958.2998690741
3550.0,0.025,CO2,30.269887985954576,0.9704347816768697,499998.9307658737
3550.0,0.025,N2,171.52936541327531,0.29601223518721215,499998.9307658737
3550.0,0.07500000000000001,CO2,30.269887840952695,0.9704347769595453,499996.7922976211
3550.0,0.07500000000000001,N2,171.52936541326102,0.29601223518701053,499996.7922976211
3550.0,0.125,CO2,30.269887292181988,0.9704347594923038,499994.6538293685
3550.0,0.125,N2,171.5293654132389,0.2960122351867393,499994.6538293685
3550.0,0.17500000000000002,CO2,30.26988555953556,0.9704347056112504,499992.51536111586
3550.0,0.17500000000000002,N2,171.52936541320662,0.296012235186383,499992.51536111586
3550.0,0.225,CO2,30.269880741632434,0.9704345592223074,499990.37689286325
3550.0,0.225,N2,171.5293654131613,0.2960122351859237,499990.37689286325
3550.0,0.275,CO2,30.269868576359563,0.9704341977761576,499988.23842461064
3550.0,0.275,N2,171.52936541309944,0.2960122351853405,499988.23842461064
3550.0,0.325,CO2,30.269840122226967,0.9704333701404546,499986.099956358
3550.0,0.325,N2,171.52936541301696,0.2960122351846096,499986.099956358
3550.0,0.375,CO2,30.269777598730933,0.9704315874301903,499983.9614881054
3550.0,0.375,N2,171.52936541290907,0.2960122351837037,499983.9614881054
3550.0,0.42500000000000004,CO2,30.269647165553778,0.9704279367850727,499981.8230198528
3550.0,0.42500000000000004,N2,171.52936541276998,0.29601223518259123,499981.8230198528
3550.0,0.47500000000000003,CO2,30.26938670669608,0.9704207708587773,499979.6845516002
3550.0,0.47500000000000003,N2,171.52936541259302,0.2960122351812367,499979.6845516002
3550.0,0.525,CO2,30.268885572993355,0.970407198907728,499977.5460833476
3550.0,0.525,N2,171.5293654123706,0.29601223517959974,499977.5460833476
3550.0,0.5750000000000001,CO2,30.267951498437345,0.9703822632984821,499975.40761509497
3550.0,0.5750000000000001,N2,171.52936541209348,0.2960122351776343,499975.40761509497
3550.0,0.625,CO2,30.266257186089575,0.9703376192597776,499973.26914684236
3550.0,0.625,N2,171.52936541175154,0.2960122351752889,499973.26914684236
3550.0,0.675,CO2,30.263254803876315,0.9702594321356826,499971.13067858975
3550.0,0.675,N2,171.5293654113327,0.2960122351725052,499971.13067858975
3550.0,0.7250000000000001,CO2,30.25804002099753,0.970125044828265,499968.99221033714
3550.0,0.7250000000000001,N2,171.52936541082323,0.29601223516921754,499968.99221033714
3550.0,0.775,CO2,30.249137451585355,0.9698977268116463,499966.8537420845
3550.0,0.775,N2,171.5293654102076,0.29601223516535285,499966.8537420845
3550.0,0.8250000000000001,CO2,30.234169838752727,0.969518564756042,499964.7152738319
3550.0,0.8250000000000001,N2,171.529365409468,0.2960122351608292,499964.7152738319
3550.0,0.875,CO2,30.209413465441205,0.9688954341339555,499962.5768055793
3550.0,0.875,N2,171.52936540858497,0.29601223515555913,499962.5768055793
3550.0,0.925,CO2,30.169813348423705,0.9679026266027018,499960.4383373267
3550.0,0.925,N2,171.5293654075448,0.29601223514949,499960.4383373267
3550.0,0.9750000000000001,CO2,30.1153866692754,0.9665378659015655,499958.2998690741
3550.0,0.9750000000000001,N2,171.52936540642798,0.29601223514309233,499958.2998690741
3600.0,0.025,CO2,30.269887992717617,0.9704347819015066,499998.9307658737
3600.0,0.025,N2,171.52936541327804,0.29601223518730313,499998.9307658737
3600.0,0.07500000000000001,CO2,30.269887882184804,0.9704347783075721,499996.7922976211
3600.0,0.07500000000000001,N2,171.52936541326835,0.29601223518716485,499996.7922976211
3600.0,0.125,CO2,30.269887462002398,0.9704347649332248,499994.6538293685
3600.0,0.125,N2,171.52936541325323,0.2960122351869782,499994.6538293685
3600.0,0.17500000000000002,CO2,30.26988612872242,0.9704347234515339,499992.51536111586
3600.0,0.17500000000000002,N2,171.52936541323112,0.2960122351867322,499992.51536111586
3600.0,0.225,CO2,30.269882402019622,0.9704346101197846,499990.37689286325
3600.0,0.225,N2,171.52936541319994,0.29601223518641423,499990.37689286325
3600.0,0.275,CO2,30.26987294287148,0.9704343287469013,499988.23842461064
3600.0,0.275,N2,171.5293654131573,0.29601223518600933,499988.23842461064
3600.0,0.325,CO2,30.269850704746474,0.9704336810054259,499986.099956358
3600.0,0.325,N2,171.5293654131003,0.2960122351855008,499986.099956358
3600.0,0.375,CO2,30.269801597251494,0.9704322786113619,499983.9614881054
3600.0,0.375,N2,171.5293654130255,0.296012235184869,499983.9614881054
3600.0,0.42500000000000004,CO2,30.269698664355943,0.9704293927655364,499981.8230198528
3600.0,0.42500000000000004,N2,171.52936541292894,0.29601223518409164,499981.8230198528
3600.0,0.47500000000000003,CO2,30.269492190997997,0.9704237020407247,499979.6845516002
3600.0,0.47500000000000003,N2,171.5293654128059,0.29601223518314324,499979.6845516002
3600.0,0.525,CO2,30.26909323425607,0.9704128777269863,499977.5460833476
3600.0,0.525,N2,171.52936541265083,0.296012235181995,499977.5460833476
3600.0,0.5750000000000001,CO2,30.26834664164469,0.9703929109532706,499975.40761509497
3600.0,0.5750000000000001,N2,171.52936541245745,0.2960122351806139,499975.40761509497
3600.0,0.625,CO2,30.26698737558509,0.9703570314899016,499973.26914684236
3600.0,0.625,N2,171.5293654122183,0.2960122351789631,499973.26914684236
3600.0,0.675,CO2,30.264570451617598,0.9702939827399385,499971.13067858975
3600.0,0.675,N2,171.5293654119249,0.29601223517700054,499971.13067858975
3600.0,0.7250000000000001,CO2,30.26035934074242,0.9701852841827617,499968.99221033714
3600.0,0.7250000000000001,N2,171.5293654115676,0.2960122351746791,499968.99221033714
3600.0,0.775,CO2,30.25314962090177,0.9700009136268795,499966.8537420845
3600.0,0.775,N2,171.5293654111351,0.2960122351719461,499966.8537420845
3600.0,0.8250000000000001,CO2,30.240996812903994,0.9696926363118892,499964.7152738319
3600.0,0.8250000000000001,N2,171.5293654106148,0.2960122351687425,499964.7152738319
3600.0,0.875,CO2,30.220850634796385,0.9691849474294637,499962.5768055793
3600.0,0.875,N2,171.52936540999266,0.2960122351650049,499962.5768055793
3600.0,0.925,CO2,30.188567684286642,0.9683748666890502,499960.4383373267
3600.0,0.925,N2,171.5293654092589,0.29601223516069486,499960.4383373267
3600.0,0.9750000000000001,CO2,30.144154100952385,0.9672608264749528,499958.2998690741
3600.0,0.9750000000000001,N2,171.52936540847008,0.29601223515614655,499958.2998690741
3650.0,0.025,CO2,30.269887997852425,0.9704347820718531,499998.9307658737
3650.0,0.025,N2,171.52936541327992,0.2960122351873646,499998.9307658737
3650.0,0.07500000000000001,CO2,30.269887913584267,0.9704347793334284,499996.7922976211
3650.0,0.07500000000000001,N2,171.52936541327333,0.2960122351872698,499996.7922976211
3650.0,0.125,CO2,30.269887591854154,0.9704347690929219,499994.6538293685
3650.0,0.125,N2,171.529365413263,0.29601223518714137,499994.6538293685
3650.0,0.17500000000000002,CO2,30.269886565977558,0.970434737160788,499992.51536111586
3650.0,0.17500000000000002,N2,171.52936541324786,0.29601223518697156,499992.51536111586
3650.0,0.225,CO2,30.26988368384064,0.970434649439698,499990.37689286325
3650.0,0.225,N2,171.52936541322637,0.2960122351867514,499990.37689286325
3650.0,0.275,CO2,30.269876330717914,0.9704344304644273,499988.23842461064
3650.0,0.275,N2,171.52936541319696,0.29601223518647035,499988.23842461064
3650.0,0.325,CO2,30.269858956210722,0.9704339236955892,499986.099956358
3650.0,0.325,N2,171.5293654131576,0.2960122351861166,499986.099956358
3650.0,0.375,CO2,30.269820400316238,0.9704328209320592,499983.9614881054
3650.0,0.375,N2,171.5293654131058,0.29601223518567615,499983.9614881054
3650.0,0.42500000000000004,CO2,30.26973920322751,0.9704305406829927,499981.8230198528
3650.0,0.42500000000000004,N2,171.52936541303876,0.2960122351851329,499981.8230198528
3650.0,0.47500000000000003,CO2,30.269575598768192,0.9704260236216529,499979.6845516002
3650.0,0.47500000000000003,N2,171.52936541295315,0.2960122351844691,499979.6845516002
3650.0,0.525,CO2,30.26925813481955,0.9704173949561237,499977.5460833476
3650.0,0.525,N2,171.52936541284518,0.2960122351836639,499977.5460833476
3650.0,0.5750000000000001,CO2,30.268661681829766,0.9704014149417987,499975.40761509497
3650.0,0.5750000000000001,N2,171.52936541271012,0.2960122351826937,499975.40761509497
3650.0,0.625,CO2,30.267571740159937,0.9703725938992555,499973.26914684236
3650.0,0.625,N2,171.52936541254294,0.29601223518153214,499973.26914684236
3650.0,0.675,CO2,30.265627060397037,0.9703217777019466,499971.13067858975
3650.0,0.675,N2,171.52936541233757,0.2960122351801489,499971.13067858975
3650.0,0.7250000000000001,CO2,30.26222808750581,0.9702338998522236,499968.99221033714
3650.0,0.7250000000000001,N2,171.52936541208692,0.2960122351785103,499968.99221033714
3650.0,0.775,CO2,30.256392083737982,0.9700844324114913,499966.8537420845
3650.0,0.775,N2,171.52936541178315,0.29601223517657815,499966.8537420845
3650.0,0.8250000000000001,CO2,30.24652933372501,0.9698339004645136,499964.7152738319
3650.0,0.8250000000000001,N2,171.52936541141713,0.2960122351743101,499964.7152738319
3650.0,0.875,CO2,30.23014244617021,0.9694204453677672,499962.5768055793
3650.0,0.875,N2,171.52936541097898,0.29601223517166025,499962.5768055793
3650.0,0.925,CO2,30.203837041212452,0.9687597285442621,499960.4383373267
3650.0,0.925,N2,171.52936541046137,0.2960122351686006,499960.4383373267
3650.0,0.9750000000000001,CO2,30.167612332137253,0.9678506507888621,499958.2998690741
3650.0,0.9750000000000001,N2,171.52936540990447,0.2960122351653683,499958.2998690741
3700.0,0.025,CO2,30.26988800175159,0.9704347822010528,499998.9307658737
3700.0,0.025,N2,171.52936541328117,0.2960122351874061,499998.9307658737
3700.0,0.07500000000000001,CO2,30.269887937497398,0.9704347801141658,499996.7922976211
3700.0,0.07500000000000001,N2,171.52936541327662,0.2960122351873411,499996.7922976211
3700.0,0.125,CO2,30.269887691141335,0.9704347722729765,499994.6538293685
3700.0,0.125,N2,171.5293654132696,0.29601223518725267,499994.6538293685
3700.0,0.17500000000000002,CO2,30.269886901842376,0.9704347476941492,499992.51536111586
3700.0,0.17500000000000002,N2,171.52936541325917,0.29601223518713543,499992.51536111586
3700.0,0.225,CO2,30.26988467321569,0.9704346798088811,499990.37689286325
3700.0,0.225,N2,171.52936541324448,0.296012235186983,499990.37689286325
3700.0,0.275,CO2,30.26987895855656,0.9704345094395489,499988.23842461064
3700.0,0.275,N2,171.52936541322418,0.29601223518678793,499988.23842461064
3700.0,0.325,CO2,30.269865388025536,0.9704341130953849,499986.099956358
3700.0,0.325,N2,171.52936541319696,0.2960122351865418,499986.099956358
3700.0,0.375,CO2,30.269835127242477,0.9704332462817099,499983.9614881054
3700.0,0.375,N2,171.52936541316106,0.2960122351862347,499983.9614881054
3700.0,0.42500000000000004,CO2,30.26977110156648,0.9704314453202413,499981.8230198528
3700.0,0.42500000000000004,N2,171.52936541311453,0.2960122351858552,499981.8230198528
3700.0,0.47500000000000003,CO2,30.269641521213135,0.970427861516895,499979.6845516002
3700.0,0.47500000000000003,N2,171.52936541305505,0.29601223518539055,499979.6845516002
3700.0,0.525,CO2,30.26938901882728,0.9704209864333456,499977.5460833476
3700.0,0.525,N2,171.52936541297976,0.29601223518482594,499977.5460833476
3700.0,0.5750000000000001,CO2,30.268912736372904,0.9704082034281095,499975.40761509497
3700.0,0.5750000000000001,N2,171.5293654128855,0.29601223518414443,499975.40761509497
3700.0,0.625,CO2,30.26803917244578,0.9703850636501907,499973.26914684236
3700.0,0.625,N2,171.5293654127687,0.2960122351833271,499973.26914684236
3700.0,0.675,CO2,30.26647521232106,0.9703441266412347,499971.13067858975
3700.0,0.675,N2,171.5293654126248,0.29601223518235237,499971.13067858975
3700.0,0.7250000000000001,CO2,30.263733048575588,0.9702731151717975,499968.99221033714
3700.0,0.7250000000000001,N2,171.52936541244904,0.29601223518119585,499968.99221033714
3700.0,0.775,CO2,30.259011211111623,0.9701519990258106,499966.8537420845
3700.0,0.775,N2,171.5293654122357,0.2960122351798301,499966.8537420845
3700.0,0.8250000000000001,CO2,30.251010627683108,0.9699484857236481,499964.7152738319
3700.0,0.8250000000000001,N2,171.52936541197823,0.29601223517822467,499964.7152738319
3700.0,0.875,CO2,30.237687499402995,0.9696119157818427,499962.5768055793
3700.0,0.875,N2,171.52936541166957,0.2960122351763464,499962.5768055793
3700.0,0.925,CO2,30.216262102185276,0.9690732346237351,499960.4383373267
3700.0,0.925,N2,171.52936541130458,0.29601223517417485,499960.4383373267
3700.0,0.9750000000000001,CO2,30.18672821698743,0.9683316436385621,499958.2998690741
3700.0,0.9750000000000001,N2,171.52936541091134,0.2960122351718782,499958.2998690741
3750.0,0.025,CO2,30.269888004713376,0.9704347822990795,499998.9307658737
3750.0,0.025,N2,171.52936541328205,0.2960122351874342,499998.9307658737
3750.0,0.07500000000000001,CO2,30.269887955713124,0.9704347807084903,499996.7922976211
3750.0,0.07500000000000001,N2,171.529365413279,0.29601223518738956,499996.7922976211
3750.0,0.125,CO2,30.269887767066685,0.970434774704351,499994.6538293685
3750.0,0.125,N2,171.52936541327412,0.2960122351873287,499994.6538293685
3750.0,0.17500000000000002,CO2,30.26988715982868,0.9704347557872282,499992.51536111586
3750.0,0.17500000000000002,N2,171.52936541326693,0.2960122351872478,499992.51536111586
3750.0,0.225,CO2,30.269885436798603,0.9704347032621409,499990.37689286325
3750.0,0.225,N2,171.52936541325678,0.2960122351871423,499990.37689286325
3750.0,0.275,CO2,30.269880996535658,0.9704345707446989,499988.23842461064
3750.0,0.275,N2,171.5293654132428,0.2960122351870068,499988.23842461064
3750.0,0.325,CO2,30.269870400263187,0.970434260865886,499986.099956358
3750.0,0.325,N2,171.52936541322396,0.2960122351868356,499986.099956358
3750.0,0.375,CO2,30.269846658206504,0.9704335797781923,499983.9614881054
3750.0,0.375,N2,171.52936541319914,0.29601223518662156,499983.9614881054
3750.0,0.42500000000000004,CO2,30.269796192305854,0.970432157964855,499981.8230198528
3750.0,0.42500000000000004,N2,171.52936541316686,0.29601223518635644,499981.8230198528
3750.0,0.47500000000000003,CO2,30.269693603760867,0.9704293158923741,499979.6845516002
3750.0,0.47500000000000003,N2,171.52936541312545,0.29601223518603126,499979.6845516002
3750.0,0.525,CO2,30.269492860146197,0.9704238406137108,499977.5460833476
3750.0,0.525,N2,171.52936541307304,0.29601223518563546,499977.5460833476
3750.0,0.5750000000000001,CO2,30.269112713367516,0.970413619980427,499975.40761509497
3750.0,0.5750000000000001,N2,171.5293654130073,0.29601223518515685,499975.40761509497
3750.0,0.625,CO2,30.268412901859143,0.970395050636788,499973.26914684236
3750.0,0.625,N2,171.52936541292559,0.29601223518458186,499973.26914684236
3750.0,0.675,CO2,30.267155720874676,0.9703620881450767,499971.13067858975
3750.0,0.675,N2,171.52936541282483,0.29601223518389513,499971.13067858975
3750.0,0.7250000000000001,CO2,30.2649444819331,0.970304732996058,499968.99221033714
3750.0,0.7250000000000001,N2,171.52936541270162,0.2960122351830791,499968.99221033714
3750.0,0.775,CO2,30.26112585827241,0.9702066352147196,499966.8537420845
3750.0,0.775,N2,171.52936541255175,0.29601223518211395,499966.8537420845
3750.0,0.8250000000000001,CO2,30.25463876538225,0.9700413887437689,499964.7152738319
3750.0,0.8250000000000001,N2,171.5293654123707,0.29601223518097786,499964.7152738319
3750.0,0.875,CO2,30.243811329743075,0.9697675209351966,499962.5768055793
3750.0,0.875,N2,171.52936541215337,0.2960122351796468,499962.5768055793
3750.0,0.925,CO2,30.22636789574882,0.9693285044504316,499960.4383373267
3750.0,0.925,N2,171.52936541189598,0.29601223517810604,499960.4383373267
3750.0,0.9750000000000001,CO2,30.202297276394468,0.968723732825832,499958.2998690741
3750.0,0.9750000000000001,N2,171.52936541161847,0.29601223517647474,499958.2998690741
3800.0,0.025,CO2,30.269888006963903,0.9704347823734821,499998.9307658737
3800.0,0.025,N2,171.52936541328262,0.2960122351874532,499998.9307658737
3800.0,0.07500000000000001,CO2,30.269887969592226,0.9704347811610253,499996.7922976211
3800.0,0.07500000000000001,N2,171.52936541328052,0.2960122351874226,499996.7922976211
3800.0,0.125,CO2,30.26988782513493,0.970434776563543,499994.6538293685
3800.0,0.125,N2,171.5293654132772,0.2960122351873808,499994.6538293685
3800.0,0.17500000000000002,CO2,30.269887358000588,0.9704347620054371,499992.51536111586
3800.0,0.17500000000000002,N2,171.52936541327233,0.2960122351873249,499992.51536111586
3800.0,0.225,CO2,30.269886026081405,0.9704347213727857,499990.37689286325
3800.0,0.225,N2,171.5293654132653,0.2960122351872519,499990.37689286325
3800.0,0.275,CO2,30.269882576827264,0.9704346183249223,499988.23842461064
3800.0,0.275,N2,171.52936541325568,0.2960122351871579,499988.23842461064
3800.0,0.325,CO2,30.26987430539239,0.9704343761281476,499986.099956358
3800.0,0.325,N2,171.52936541324272,0.29601223518703884,499986.099956358
3800.0,0.375,CO2,30.26985568427607,0.97043384117566,499983.9614881054
3800.0,0.375,N2,171.52936541322543,0.2960122351868897,499983.9614881054
3800.0,0.42500000000000004,CO2,30.269815921837974,0.970432719161816,499981.8230198528
3800.0,0.42500000000000004,N2,171.52936541320307,0.29601223518670455,499981.8230198528
3800.0,0.47500000000000003,CO2,30.26973473687751,0.9704304663206421,499979.6845516002
3800.0,0.47500000000000003,N2,171.52936541317422,0.29601223518647707,499979.6845516002
3800.0,0.525,CO2,30.269575213391814,0.9704261078910831,499977.5460833476
3800.0,0.525,N2,171.52936541313773,0.29601223518619973,499977.5460833476
3800.0,0.5750000000000001,CO2,30.269271937519974,0.9704179399389486,499975.40761509497
3800.0,0.5750000000000001,N2,171.52936541309185,0.2960122351858637,499975.40761509497
3800.0,0.625,CO2,30.268711581867695,0.9704030455384466,499973.26914684236
3800.0,0.625,N2,171.52936541303472,0.29601223518545944,499973.26914684236
3800.0,0.675,CO2,30.267701478841268,0.9703765169053757,499971.13067858975
3800.0,0.675,N2,171.52936541296424,0.2960122351849758,499971.13067858975
3800.0,0.7250000000000001,CO2,30.265919199873743,0.970330213618728,499968.99221033714
3800.0,0.7250000000000001,N2,171.52936541287784,0.2960122351844003,499968.99221033714
3800.0,0.775,CO2,30.26283242997658,0.9702507956904932,499966.8537420845
3800.0,0.775,N2,171.52936541277262,0.29601223518371855,499966.8537420845
3800.0,0.8250000000000001,CO2,30.257574860732348,0.970116679258863,499964.7152738319
3800.0,0.8250000000000001,N2,171.5293654126454,0.2960122351829149,499964.7152738319
3800.0,0.875,CO2,30.248779446094947,0.9698939246684739,499962.5768055793
3800.0,0.875,N2,171.5293654124924,0.29601223518197217,499962.5768055793
3800.0,0.925,CO2,30.23458397405109,0.9695362693738762,499960.4383373267
3800.0,0.925,N2,171.529365412311,0.29601223518087943,499960.4383373267
3800.0,0.9750000000000001,CO2,30.214974586696382,0.9690432289440841,499958.2998690741
3800.0,0.9750000000000001,N2,171.52936541211517,0.29601223517972125,499958.2998690741
3850.0,0.025,CO2,30.269888008674368,0.9704347824299681,499998.9307658737
3850.0,0.025,N2,171.52936541328302,0.2960122351874661,499998.9307658737
3850.0,0.07500000000000001,CO2,30.269887980168644,0.9704347815056497,499996.7922976211
3850.0,0.07500000000000001,N2,171.52936541328154,0.29601223518744507,499996.7922976211
3850.0,0.125,CO2,30.269887869548274,0.9704347779852717,499994.6538293685
3850.0,0.125,N2,171.52936541327932,0.2960122351874164,499994.6538293685
3850.0,0.17500000000000002,CO2,30.269887510220766,0.9704347667828651,499992.51536111586
3850.0,0.17500000000000002,N2,171.52936541327597,0.29601223518737785,499992.51536111586
3850.0,0.225,CO2,30.269886480798338,0.9704347353559006,499990.37689286325
3850.0,0.225,N2,171.52936541327117,0.2960122351873273,499990.37689286325
3850.0,0.275,CO2,30.26988380198901,0.9704346552449854,499988.23842461064
3850.0,0.275,N2,171.52936541326454,0.29601223518726216,499988.23842461064
3850.0,0.325,CO2,30.269877347193393,0.9704344660085508,499986.099956358
3850.0,0.325,N2,171.52936541325553,0.29601223518717934,499986.099956358
3850.0,0.375,CO2,30.269862747456305,0.9704340459929637,499983.9614881054
3850.0,0.375,N2,171.52936541324362,0.2960122351870755,499983.9614881054
3850.0,0.42500000000000004,CO2,30.269831430322817,0.9704331609293056,499981.8230198528
3850.0,0.42500000000000004,N2,171.52936541322808,0.2960122351869463,499981.8230198528
3850.0,0.47500000000000003,CO2,30.269767210040097,0.9704313759484549,499979.6845516002
3850.0,0.47500000000000003,N2,171.52936541320807,0.2960122351867872,499979.6845516002
3850.0,0.525,CO2,30.269640498267115,0.9704279081623718,499977.5460833476
3850.0,0.525,N2,171.52936541318263,0.2960122351865929,499977.5460833476
3850.0,0.5750000000000001,CO2,30.269398658994188,0.9704213837456133,499975.40761509497
3850.0,0.5750000000000001,N2,171.5293654131506,0.29601223518635716,499975.40761509497
3850.0,0.625,CO2,30.268950176942205,0.9704094427424357,499973.26914684236
3850.0,0.625,N2,171.5293654131107,0.29601223518607306,499973.26914684236
3850.0,0.675,CO2,30.2681389705913,0.9703881023498018,499971.13067858975
3850.0,0.675,N2,171.5293654130614,0.2960122351857326,499971.13067858975
3850.0,0.7250000000000001,CO2,30.266703100234622,0.9703507388029342,499968.99221033714
3850.0,0.7250000000000001,N2,171.52936541300087,0.2960122351853269,499968.99221033714
3850.0,0.775,CO2,30.26420905134501,0.9702864728090761,499966.8537420845
3850.0,0.775,N2,171.52936541292706,0.29601223518484554,499966.8537420845
3850.0,0.8250000000000001,CO2,30.259949848358012,0.9701776692292832,499964.7152738319
3850.0,0.8250000000000001,N2,171.52936541283762,0.29601223518427733,499964.7152738319
3850.0,0.875,CO2,30.25280814697734,0.9699965629283993,499962.5768055793
3850.0,0.875,N2,171.52936541272996,0.2960122351836099,499962.5768055793
3850.0,0.925,CO2,30.24126057027342,0.9697053002058691,499960.4383373267
3850.0,0.925,N2,171.52936541260215,0.2960122351828353,499960.4383373267
3850.0,0.9750000000000001,CO2,30.225291673750245,0.9693034714539581,499958.2998690741
3850.0,0.9750000000000001,N2,171.52936541246402,0.2960122351820135,499958.2998690741
3900.0,0.025,CO2,30.26988800997453,0.9704347824728586,499998.9307658737
3900.0,0.025,N2,171.5293654132833,0.29601223518747477,499998.9307658737
3900.0,0.07500000000000001,CO2,30.269887988228863,0.9704347817681165,499996.7922976211
3900.0,0.07500000000000001,N2,171.5293654132823,0.29601223518746034,499996.7922976211
3900.0,0.125,CO2,30.269887903517528,0.9704347790724579,499994.6538293685
3900.0,0.125,N2,171.52936541328074,0.29601223518744063,499994.6538293685
3900.0,0.17500000000000002,CO2,30.269887627134775,0.9704347704529849,499992.51536111586
3900.0,0.17500000000000002,N2,171.52936541327844,0.2960122351874141,499992.51536111586
3900.0,0.225,CO2,30.26988683162424,0.9704347461502765,499990.37689286325
3900.0,0.225,N2,171.52936541327517,0.2960122351873791,499990.37689286325
3900.0,0.275,CO2,30.269884751620378,0.9704346838862766,499988.23842461064
3900.0,0.275,N2,171.52936541327057,0.296012235187334,499988.23842461064
3900.0,0.325,CO2,30.269879715878748,0.9704345360752897,499986.099956358
3900.0,0.325,N2,171.52936541326434,0.29601223518727643,499986.099956358
3900.0,0.375,CO2,30.269868272837265,0.9704342064208139,499983.9614881054
3900.0,0.375,N2,171.5293654132561,0.29601223518720415,499983.9614881054
3900.0,0.42500000000000004,CO2,30.26984361642282,0.9704335085476499,499981.8230198528
3900.0,0.42500000000000004,N2,171.5293654132453,0.29601223518711395,499981.8230198528
3900.0,0.47500000000000003,CO2,30.269792836346465,0.9704320948752737,499979.6845516002
3900.0,0.47500000000000003,N2,171.5293654132314,0.29601223518700276,499979.6845516002
3900.0,0.525,CO2,30.269692230553773,0.9704293369832205,499977.5460833476
3900.0,0.525,N2,171.52936541321372,0.29601223518686665,499977.5460833476
3900.0,0.5750000000000001,CO2,30.269499468271448,0.9704241278305608,499975.40761509497
3900.0,0.5750000000000001,N2,171.5293654131914,0.2960122351867013,499975.40761509497
3900.0,0.625,CO2,30.269140688106802,0.9704145591262459,499973.26914684236
3900.0,0.625,N2,171.5293654131636,0.29601223518650166,499973.26914684236
3900.0,0.675,CO2,30.268489512991167,0.9703974003894181,499971.13067858975
3900.0,0.675,N2,171.52936541312909,0.29601223518626213,499971.13067858975
3900.0,0.7250000000000001,CO2,30.267333249244132,0.9703672645418502,499968.99221033714
3900.0,0.7250000000000001,N2,171.52936541308662,0.29601223518597614,499968.99221033714
3900.0,0.775,CO2,30.26531900891353,0.9703152830259099,499966.8537420845
3900.0,0.775,N2,171.52936541303487,0.29601223518563635,499966.8537420845
3900.0,0.8250000000000001,CO2,30.26187009469781,0.9702270528313199,499964.7152738319
3900.0,0.8250000000000001,N2,171.52936541297203,0.29601223518523484,499964.7152738319
3900.0,0.875,CO2,30.25607361038724,0.9700798679995422,499962.5768055793
3900.0,0.875,N2,171.52936541289634,0.29601223518476244,499962.5768055793
3900.0,0.925,CO2,30.246683673908212,0.9698427620101089,499960.4383373267
3900.0,0.925,N2,171.5293654128063,0.2960122351842135,499960.4383373267
3900.0,0.9750000000000001,CO2,30.233683390431764,0.969515372839119,499958.2998690741
3900.0,0.9750000000000001,N2,171.52936541270887,0.2960122351836305,499958.2998690741
3950.0,0.025,CO2,30.269888010962987,0.9704347825054327,499998.9307658737
3950.0,0.025,N2,171.52936541328341,0.2960122351874806,499998.9307658737
3950.0,0.07500000000000001,CO2,30.269887994372123,0.9704347819680337,499996.7922976211
3950.0,0.07500000000000001,N2,171.52936541328276,0.2960122351874708,499996.7922976211
3950.0,0.125,CO2,30.2698879294992,0.9704347799038334,499994.6538293685
3950.0,0.125,N2,171.5293654132817,0.29601223518745723,499994.6538293685
3950.0,0.17500000000000002,CO2,30.26988771692616,0.9704347732722337,499992.51536111586
3950.0,0.17500000000000002,N2,171.52936541328012,0.2960122351874389,499992.51536111586
3950.0,0.225,CO2,30.2698871022592,0.9704347544817808,499990.37689286325
3950.0,0.225,N2,171.52936541327787,0.2960122351874147,499990.37689286325
3950.0,0.275,CO2,30.269885487539135,0.9704347061001728,499988.23842461064
3950.0,0.275,N2,171.52936541327472,0.29601223518738345,499988.23842461064
3950.0,0.325,CO2,30.269881559926382,0.970434590680599,499986.099956358
3950.0,0.325,N2,171.5293654132704,0.29601223518734343,499986.099956358
3950.0,0.375,CO2,30.269872593903166,0.9704343320374544,499983.9614881054
3950.0,0.375,N2,171.5293654132647,0.2960122351872931,499983.9614881054
3950.0,0.42500000000000004,CO2,30.26985318855675,0.9704337819788179,499981.8230198528
3950.0,0.42500000000000004,N2,171.52936541325724,0.2960122351872302,499981.8230198528
3950.0,0.47500000000000003,CO2,30.269813051698065,0.9704326628484283,499979.6845516002
3950.0,0.47500000000000003,N2,171.5293654132476,0.2960122351871524,499979.6845516002
3950.0,0.525,CO2,30.269733206874694,0.9704304705028168,499977.5460833476
3950.0,0.525,N2,171.52936541323524,0.2960122351870571,499977.5460833476
3950.0,0.5750000000000001,CO2,30.269579629490497,0.9704263133785821,499975.40761509497
3950.0,0.5750000000000001,N2,171.5293654132197,0.2960122351869411,499975.40761509497
3950.0,0.625,CO2,30.269292738347808,0.970418649243654,499973.26914684236
3950.0,0.625,N2,171.52936541320028,0.2960122351868009,499973.26914684236
3950.0,0.675,CO2,30.2687702604437,0.9704048591813411,499971.13067858975
3950.0,0.675,N2,171.52936541317607,0.29601223518663233,499971.13067858975
3950.0,0.7250000000000001,CO2,30.26783957435624,0.9703805640145187,499968.99221033714
3950.0,0.7250000000000001,N2,171.52936541314634,0.2960122351864309,499968.99221033714
3950.0,0.775,CO2,30.26621355612297,0.9703385374998857,499966.8537420845
3950.0,0.775,N2,171.5293654131101,0.2960122351861911,499966.8537420845
3950.0,0.8250000000000001,CO2,30.263421982476718,0.9702670211189187,499964.7152738319
3950.0,0.8250000000000001,N2,171.529365413066,0.29601223518590736,499964.7152738319
3950.0,0.875,CO2,30.258719292954748,0.9701474527215859,499962.5768055793
3950.0,0.875,N2,171.52936541301267,0.29601223518557307,499962.5768055793
3950.0,0.925,CO2,30.25108692356344,0.9699545055474378,499960.4383373267
3950.0,0.925,N2,171.52936541294923,0.29601223518518416,499960.4383373267
3950.0,0.9750000000000001,CO2,30.24050765981054,0.9696878503692616,499958.2998690741
3950.0,0.9750000000000001,N2,171.5293654128806,0.2960122351847707,499958.2998690741
4000.0,0.025,CO2,30.269888011714645,0.9704347825301782,499998.9307658737
4000.0,0.025,N2,171.52936541328359,0.29601223518748465,499998.9307658737
4000.0,0.07500000000000001,CO2,30.269887999055115,0.9704347821203341,499996.7922976211
4000.0,0.07500000000000001,N2,171.52936541328307,0.2960122351874779,499996.7922976211
4000.0,0.125,CO2,30.269887949372976,0.9704347805396337,499994.6538293685
4000.0,0.125,N2,171.5293654132824,0.29601223518746855,499994.6538293685
4000.0,0.17500000000000002,CO2,30.269887785886183,0.9704347754378148,499992.51536111586
4000.0,0.17500000000000002,N2,171.52936541328128,0.29601223518745584,499992.51536111586
4000.0,0.225,CO2,30.26988731101382,0.9704347609116111,499990.37689286325
4000.0,0.225,N2,171.52936541327975,0.2960122351874392,499990.37689286325
4000.0,0.275,CO2,30.269886057747588,0.970434723325775,499988.23842461064
4000.0,0.275,N2,171.52936541327753,0.2960122351874175,499988.23842461064
4000.0,0.325,CO2,30.269882995213973,0.9704346332254985,499986.099956358
4000.0,0.325,N2,171.52936541327458,0.29601223518738967,499986.099956358
4000.0,0.375,CO2,30.269875972205455,0.9704344303662824,499983.9614881054
4000.0,0.375,N2,171.52936541327063,0.29601223518735464,499983.9614881054
4000.0,0.42500000000000004,CO2,30.269860704999054,0.9704339969797656,499981.8230198528
4000.0,0.42500000000000004,N2,171.52936541326545,0.29601223518731073,499981.8230198528
4000.0,0.47500000000000003,CO2,30.269828992866533,0.970433111389859,499979.6845516002
4000.0,0.47500000000000003,N2,171.52936541325877,0.2960122351872564,499979.6845516002
4000.0,0.525,CO2,30.26976565092963,0.9704313693795578,499977.5460833476
4000.0,0.525,N2,171.52936541325016,0.2960122351871897,499977.5460833476
4000.0,0.5750000000000001,CO2,30.269643345626548,0.9704280533201128,499975.40761509497
4000.0,0.5750000000000001,N2,171.52936541323933,0.29601223518710834,499975.40761509497
4000.0,0.625,CO2,30.269414040490688,0.9704219174900753,499973.26914684236
4000.0,0.625,N2,171.52936541322572,0.2960122351870099,499973.26914684236
4000.0,0.675,CO2,30.268995011575274,0.9704108398509275,499971.13067858975
4000.0,0.675,N2,171.52936541320886,0.2960122351868913,499971.13067858975
4000.0,0.7250000000000001,CO2,30.268246228356833,0.9703912622644936,499968.99221033714
4000.0,0.7250000000000001,N2,171.52936541318806,0.2960122351867494,499968.99221033714
4000.0,0.775,CO2,30.266934182508553,0.9703572992862614,499966.8537420845
4000.0,0.775,N2,171.52936541316254,0.2960122351865802,499966.8537420845
4000.0,0.8250000000000001,CO2,30.264675630974395,0.9702993552130762,499964.7152738319
4000.0,0.8250000000000001,N2,171.52936541313153,0.29601223518637976,499964.7152738319
4000.0,0.875,CO2,30.260861914511135,0.9702022607525396,499962.5768055793
4000.0,0.875,N2,171.52936541309413,0.29601223518614334,499962.5768055793
4000.0,0.925,CO2,30.254660598445156,0.9700453063814891,499960.4383373267
4000.0,0.925,N2,171.5293654130495,0.29601223518586783,499960.4383373267
4000.0,0.9750000000000001,CO2,30.246054846566125,0.9698281860586584,499958.2998690741
4000.0,0.9750000000000001,N2,171.52936541300107,0.2960122351855747,499958.2998690741
4050.0,0.025,CO2,30.269888012286398,0.9704347825489819,499998.9307658737
4050.0,0.025,N2,171.52936541328367,0.29601223518748737,499998.9307658737
4050.0,0.07500000000000001,CO2,30.26988800262555,0.9704347822363806,499996.7922976211
4050.0,0.07500000000000001,N2,171.52936541328333,0.2960122351874827,499996.7922976211
4050.0,0.125,CO2,30.269887964576075,0.9704347810259063,499994.6538293685
4050.0,0.125,N2,171.52936541328285,0.29601223518747627,499994.6538293685
4050.0,0.17500000000000002,CO2,30.26988783884772,0.970434777101264,499992.51536111586
4050.0,0.17500000000000002,N2,171.52936541328216,0.2960122351874675,499992.51536111586
4050.0,0.225,CO2,30.26988747202429,0.9704347658733299,499990.37689286325
4050.0,0.225,N2,171.52936541328103,0.296012235187456,499990.37689286325
4050.0,0.275,CO2,30.269886499493396,0.9704347366808991,499988.23842461064
4050.0,0.275,N2,171.52936541327952,0.29601223518744096,499988.23842461064
4050.0,0.325,CO2,30.269884112112457,0.9704346663657634,499986.099956358
4050.0,0.325,N2,171.5293654132775,0.2960122351874216,499986.099956358
4050.0,0.375,CO2,30.269878612733823,0.9704345073124102,499983.9614881054
4050.0,0.375,N2,171.52936541327475,0.2960122351873973,499983.9614881054
4050.0,0.42500000000000004,CO2,30.269866605391996,0.9704341659792611,499981.8230198528
4050.0,0.42500000000000004,N2,171.5293654132711,0.2960122351873666,499981.8230198528
4050.0,0.47500000000000003,CO2,30.26984155917716,0.9704334654803457,499979.6845516002
4050.0,0.47500000000000003,N2,171.52936541326648,0.2960122351873287,499979.6845516002
4050.0,0.525,CO2,30.26979132963149,0.9704320818978696,499977.5460833476
4050.0,0.525,N2,171.52936541326054,0.29601223518728204,499977.5460833476
4050.0,0.5750000000000001,CO2,30.269693970084447,0.9704294379220806,499975.40761509497
4050.0,0.5750000000000001,N2,171.52936541325292,0.29601223518722497,499975.40761509497
4050.0,0.625,CO2,30.269510772154636,0.9704245278728855,499973.26914684236
4050.0,0.625,N2,171.52936541324345,0.29601223518715586,499973.26914684236
4050.0,0.675,CO2,30.269174858286622,0.9704156331981808,499971.13067858975
4050.0,0.675,N2,171.52936541323163,0.2960122351870724,499971.13067858975
4050.0,0.7250000000000001,CO2,30.268572690928455,0.9703998642543947,499968.99221033714
4050.0,0.7250000000000001,N2,171.5293654132171,0.2960122351869725,499968.99221033714
4050.0,0.775,CO2,30.267514452565916,0.9703724297486965,499966.8537420845
4050.0,0.775,N2,171.52936541319923,0.29601223518685327,499966.8537420845
4050.0,0.8250000000000001,CO2,30.26568792390696,0.9703255021389506,499964.7152738319
4050.0,0.8250000000000001,N2,171.5293654131775,0.2960122351867116,499964.7152738319
4050.0,0.875,CO2,30.26259639627201,0.9702466891667155,499962.5768055793
4050.0,0.875,N2,171.5293654131511,0.29601223518654446,499962.5768055793
4050.0,0.925,CO2,30.257559713805335,0.970119060701781,499960.4383373267
4050.0,0.925,N2,171.5293654131197,0.2960122351863494,499960.4383373267
4050.0,0.9750000000000001,CO2,30.250561388376727,0.9699423293956085,499958.2998690741
4050.0,0.9750000000000001,N2,171.52936541308563,0.2960122351861416,499958.2998690741
4100.0,0.025,CO2,30.269888012721363,0.9704347825632734,499998.9307658737
4100.0,0.025,N2,171.52936541328367,0.29601223518748915,499998.9307658737
4100.0,0.07500000000000001,CO2,30.26988800534812,0.9704347823248156,499996.7922976211
4100.0,0.07500000000000001,N2,171.52936541328347,0.296012235187486,499996.7922976211
4100.0,0.125,CO2,30.26988797620684,0.9704347813978372,499994.6538293685
4100.0,0.125,N2,171.5293654132832,0.2960122351874816,499994.6538293685
4100.0,0.17500000000000002,CO2,30.269887879521548,0.9704347783789662,499992.51536111586
4100.0,0.17500000000000002,N2,171.52936541328262,0.29601223518747555,499992.51536111586
4100.0,0.225,CO2,30.269887596198505,0.970434769701712,499990.37689286325
4100.0,0.225,N2,171.52936541328194,0.29601223518746755,499990.37689286325
4100.0,0.275,CO2,30.269886841663237,0.97043474703331,499988.23842461064
4100.0,0.275,N2,171.52936541328089,0.2960122351874571,499988.23842461064
4100.0,0.325,CO2,30.269884981060137,0.9704346921739888,499986.099956358
4100.0,0.325,N2,171.52936541327946,0.2960122351874437,499986.099956358
4100.0,0.375,CO2,30.269880676052612,0.970434567507902,499983.9614881054
4100.0,0.375,N2,171.52936541327762,0.29601223518742675,499983.9614881054
4100.0,0.42500000000000004,CO2,30.269871235743658,0.9704342987746647,499981.8230198528
4100.0,0.42500000000000004,N2,171.52936541327512,0.2960122351874054,499981.8230198528
4100.0,0.47500000000000003,CO2,30.26985146166395,0.9704337449041385,499979.6845516002
4100.0,0.47500000000000003,N2,171.5293654132718,0.29601223518737896,499979.6845516002
4100.0,0.525,CO2,30.269811646055263,0.9704326464675073,499977.5460833476
4100.0,0.525,N2,171.52936541326767,0.29601223518734626,499977.5460833476
4100.0,0.5750000000000001,CO2,30.269734176737543,0.9704305392894252,499975.40761509497
4100.0,0.5750000000000001,N2,171.5293654132624,0.2960122351873063,499975.40761509497
4100.0,0.625,CO2,30.269587878217628,0.970426611907699,499973.26914684236
4100.0,0.625,N2,171.52936541325582,0.2960122351872578,499973.26914684236
4100.0,0.675,CO2,30.269318711160142,0.9704194732458354,499971.13067858975
4100.0,0.675,N2,171.52936541324755,0.29601223518719916,499971.13067858975
4100.0,0.7250000000000001,CO2,30.268834663221405,0.970406777686416,499968.99221033714
4100.0,0.7250000000000001,N2,171.52936541323731,0.29601223518712877,499968.99221033714
4100.0,0.775,CO2,30.267981503395312,0.9703846264145448,499966.8537420845
4100.0,0.775,N2,171.5293654132248,0.2960122351870447,499966.8537420845
4100.0,0.8250000000000001,CO2,30.266504981969565,0.9703466368271557,499964.7152738319
4100.0,0.8250000000000001,N2,171.52936541320958,0.2960122351869447,499964.7152738319
4100.0,0.875,CO2,30.26399990614775,0.9702826888720922,499962.5768055793
4100.0,0.875,N2,171.52936541319107,0.2960122351868266,499962.5768055793
4100.0,0.925,CO2,30.25991072612424,0.9701789454387519,499960.4383373267
4100.0,0.925,N2,171.5293654131689,0.2960122351866885,499960.4383373267
4100.0,0.9750000000000001,CO2,30.25422172786468,0.9700351368364296,499958.2998690741
4100.0,0.9750000000000001,N2,171.5293654131449,0.29601223518654135,499958.2998690741
4150.0,0.025,CO2,30.269888013052334,0.9704347825741376,499998.9307658737
4150.0,0.025,N2,171.52936541328373,0.2960122351874903,499998.9307658737
4150.0,0.07500000000000001,CO2,30.269888007424377,0.9704347823922166,499996.7922976211
4150.0,0.07500000000000001,N2,171.5293654132836,0.2960122351874882,499996.7922976211
4150.0,0.125,CO2,30.269887985104997,0.970434781682321,499994.6538293685
4150.0,0.125,N2,171.52936541328336,0.29601223518748515,499994.6538293685
4150.0,0.17500000000000002,CO2,30.269887910757333,0.9704347793603243,499992.51536111586
4150.0,0.17500000000000002,N2,171.52936541328302,0.2960122351874811,499992.51536111586
4150.0,0.225,CO2,30.26988769195369,0.9704347726552591,499990.37689286325
4150.0,0.225,N2,171.5293654132825,0.29601223518747555,499990.37689286325
4150.0,0.275,CO2,30.269887106658267,0.9704347550565893,499988.23842461064
4150.0,0.275,N2,171.52936541328177,0.2960122351874683,499988.23842461064
4150.0,0.325,CO2,30.269885656950578,0.9704347122673324,499986.099956358
4150.0,0.325,N2,171.52936541328083,0.29601223518745895,499986.099956358
4150.0,0.375,CO2,30.269882287899165,0.9704346145852182,499983.9614881054
4150.0,0.375,N2,171.52936541327946,0.2960122351874472,499983.9614881054
4150.0,0.42500000000000004,CO2,30.26987486828842,0.970434403086425,499981.8230198528
4150.0,0.42500000000000004,N2,171.52936541327776,0.2960122351874323,499981.8230198528
4150.0,0.47500000000000003,CO2,30.269859262294382,0.9704339653238567,499979.6845516002
4150.0,0.47500000000000003,N2,171.52936541327549,0.2960122351874139,499979.6845516002
4150.0,0.525,CO2,30.269827713922187,0.9704330936300535,499977.5460833476
4150.0,0.525,N2,171.52936541327267,0.29601223518739095,499977.5460833476
4150.0,0.5750000000000001,CO2,30.269766096729843,0.9704314149934784,499975.40761509497
4150.0,0.5750000000000001,N2,171.529365413269,0.29601223518736297,499975.40761509497
4150.0,0.625,CO2,30.269649315064914,0.970428275006513,499973.26914684236
4150.0,0.625,N2,171.52936541326434,0.2960122351873289,499973.26914684236
4150.0,0.675,CO2,30.269433725197967,0.9704225482366606,499971.13067858975
4150.0,0.675,N2,171.52936541325857,0.29601223518728775,499971.13067858975
4150.0,0.7250000000000001,CO2,30.269044794996983,0.9704123315822153,499968.99221033714
4150.0,0.7250000000000001,N2,171.52936541325147,0.29601223518723824,499968.99221033714
4150.0,0.775,CO2,30.268357265389195,0.9703944538783195,499966.8537420845
4150.0,0.775,N2,171.52936541324274,0.29601223518717895,499966.8537420845
4150.0,0.8250000000000001,CO2,30.267164181073408,0.9703637128482681,499964.7152738319
4150.0,0.8250000000000001,N2,171.52936541323194,0.29601223518710834,499964.7152738319
4150.0,0.875,CO2,30.265135132842996,0.9703118469518546,499962.5768055793
4150.0,0.875,N2,171.52936541321893,0.2960122351870249,499962.5768055793
4150.0,0.925,CO2,30.261816515875214,0.970227549822065,499960.4383373267
4150.0,0.925,N2,171.52936541320338,0.2960122351869272,499960.4383373267
4150.0,0.9750000000000001,CO2,30.257193750128128,0.9701105686862551,499958.2998690741
4150.0,0.9750000000000001,N2,171.52936541318644,0.296012235186823,499958.2998690741
4200.0,0.025,CO2,30.26988801330421,0.9704347825823981,499998.9307658737
4200.0,0.025,N2,171.52936541328373,0.29601223518749115,499998.9307658737
4200.0,0.07500000000000001,CO2,30.26988800900794,0.9704347824435925,499996.7922976211
4200.0,0.07500000000000001,N2,171.5293654132837,0.29601223518748965,499996.7922976211
4200.0,0.125,CO2,30.269887991912814,0.9704347818999262,499994.6538293685
4200.0,0.125,N2,171.52936541328353,0.2960122351874876,499994.6538293685
4200.0,0.17500000000000002,CO2,30.269887934744375,0.9704347801140385,499992.51536111586
4200.0,0.17500000000000002,N2,171.5293654132833,0.2960122351874848,499992.51536111586
4200.0,0.225,CO2,30.269887765786663,0.9704347749336159,499990.37689286325
4200.0,0.225,N2,171.52936541328287,0.296012235187481,499990.37689286325
4200.0,0.275,CO2,30.269887311851896,0.9704347612736182,499988.23842461064
4200.0,0.275,N2,171.52936541328245,0.29601223518747594,499988.23842461064
4200.0,0.325,CO2,30.269886182562548,0.9704347279075173,499986.099956358
4200.0,0.325,N2,171.52936541328174,0.29601223518746944,499986.099956358
4200.0,0.375,CO2,30.269883546727204,0.9704346513924906,499983.9614881054
4200.0,0.375,N2,171.5293654132808,0.2960122351874613,499983.9614881054
4200.0,0.42500000000000004,CO2,30.269877717176325,0.9704344849969507,499981.8230198528
4200.0,0.42500000000000004,N2,171.5293654132797,0.29601223518745096,499981.8230198528
4200.0,0.47500000000000003,CO2,30.26986540510931,0.9704341391355255,499979.6845516002
4200.0,0.47500000000000003,N2,171.52936541327804,0.296012235187438,499979.6845516002
4200.0,0.525,CO2,30.269840417006225,0.9704334476624888,499977.5460833476
4200.0,0.525,N2,171.52936541327605,0.29601223518742203,499977.5460833476
4200.0,0.5750000000000001,CO2,30.269791428059634,0.9704321109843113,499975.40761509497
4200.0,0.5750000000000001,N2,171.5293654132735,0.2960122351874024,499975.40761509497
4200.0,0.625,CO2,30.269698247029126,0.9704296016256145,499973.26914684236
4200.0,0.625,N2,171.52936541327028,0.29601223518737857,499973.26914684236
4200.0,0.675,CO2,30.26952564349691,0.9704250095277449,499971.13067858975
4200.0,0.675,N2,171.52936541326625,0.2960122351873496,499971.13067858975
4200.0,0.7250000000000001,CO2,30.269213273605587,0.9704167913588143,499968.99221033714
4200.0,0.7250000000000001,N2,171.52936541326127,0.2960122351873148,499968.99221033714
4200.0,0.775,CO2,30.26865945409272,0.9704023689505912,499966.8537420845
4200.0,0.775,N2,171.5293654132551,0.29601223518727304,499966.8537420845
4200.0,0.8250000000000001,CO2,30.267695797861506,0.9703775038082989,499964.7152738319
4200.0,0.8250000000000001,N2,171.52936541324763,0.29601223518722314,499964.7152738319
4200.0,0.875,CO2,30.266052978790754,0.9703354540062087,499962.5768055793
4200.0,0.875,N2,171.52936541323845,0.29601223518716424,499962.5768055793
4200.0,0.925,CO2,30.26336072490212,0.9702669834304325,499960.4383373267
4200.0,0.925,N2,171.5293654132275,0.29601223518709513,499960.4383373267
4200.0,0.9750000000000001,CO2,30.259605488297602,0.9701718561206322,499958.2998690741
4200.0,0.9750000000000001,N2,171.52936541321557,0.29601223518702136,499958.2998690741
4250.0,0.025,CO2,30.269888013495947,0.9704347825886803,499998.9307658737
4250.0,0.025,N2,171.52936541328378,0.2960122351874917,499998.9307658737
4250.0,0.07500000000000001,CO2,30.269888010215876,0.9704347824827592,499996.7922976211
4250.0,0.07500000000000001,N2,171.52936541328364,0.29601223518749065,499996.7922976211
4250.0,0.125,CO2,30.269887997121703,0.9704347820663849,499994.6538293685
4250.0,0.125,N2,171.52936541328356,0.2960122351874893,499994.6538293685
4250.0,0.17500000000000002,CO2,30.269887953164638,0.9704347806929016,499992.51536111586
4250.0,0.17500000000000002,N2,171.52936541328344,0.2960122351874873,499992.51536111586
4250.0,0.225,CO2,30.26988782271164,0.9704347766909579,499990.37689286325
4250.0,0.225,N2,171.52936541328322,0.2960122351874847,499990.37689286325
4250.0,0.275,CO2,30.2698874707165,0.970434766090226,499988.23842461064
4250.0,0.275,N2,171.52936541328285,0.2960122351874812,499988.23842461064
4250.0,0.325,CO2,30.26988659122687,0.9704347400787195,499986.099956358
4250.0,0.325,N2,171.52936541328236,0.29601223518747666,499986.099956358
4250.0,0.375,CO2,30.26988452960656,0.9704346801622091,499983.9614881054
4250.0,0.375,N2,171.5293654132818,0.296012235187471,499983.9614881054
4250.0,0.42500000000000004,CO2,30.26987995081268,0.9704345492964727,499981.8230198528
4250.0,0.42500000000000004,N2,171.52936541328097,0.29601223518746383,499981.8230198528
4250.0,0.47500000000000003,CO2,30.26987024084327,0.9704342761460153,499979.6845516002
4250.0,0.47500000000000003,N2,171.52936541327992,0.29601223518745484,499979.6845516002
4250.0,0.525,CO2,30.26985045633475,0.9704337278540099,499977.5460833476
4250.0,0.525,N2,171.52936541327847,0.29601223518744363,499977.5460833476
4250.0,0.5750000000000001,CO2,30.269811523047746,0.970432663920275,499975.40761509497
4250.0,0.5750000000000001,N2,171.5293654132767,0.2960122351874299,499975.40761509497
4250.0,0.625,CO2,30.26973720385191,0.9704306594005745,499973.26914684236
4250.0,0.625,N2,171.52936541327443,0.29601223518741315,499973.26914684236
4250.0,0.675,CO2,30.269599073805182,0.9704269787619176,499971.13067858975
4250.0,0.675,N2,171.52936541327162,0.2960122351873928,499971.13067858975
4250.0,0.7250000000000001,CO2,30.269348299637414,0.9704203710260161,499968.99221033714
4250.0,0.7250000000000001,N2,171.52936541326815,0.2960122351873683,499968.99221033714
4250.0,0.775,CO2,30.268902373907437,0.9704087410682429,499966.8537420845
4250.0,0.775,N2,171.52936541326378,0.29601223518733893,499966.8537420845
4250.0,0.8250000000000001,CO2,30.26812434812073,0.9703886370389232,499964.7152738319
4250.0,0.8250000000000001,N2,171.52936541325852,0.29601223518730374,499964.7152738319
4250.0,0.875,CO2,30.266794770840423,0.9703545590948165,499962.5768055793
4250.0,0.875,N2,171.52936541325212,0.29601223518726216,499962.5768055793
4250.0,0.925,CO2,30.264611488178357,0.9702989643324248,499960.4383373267
4250.0,0.925,N2,171.52936541324448,0.2960122351872133,499960.4383373267
4250.0,0.9750000000000001,CO2,30.261562054400535,0.9702216342556715,499958.2998690741
4250.0,0.9750000000000001,N2,171.529365413236,0.296012235187161,499958.2998690741
4300.0,0.025,CO2,30.26988801364191,0.9704347825934589,499998.9307658737
4300.0,0.025,N2,171.52936541328378,0.2960122351874921,499998.9307658737
4300.0,0.07500000000000001,CO2,30.269888011137418,0.9704347825126226,499996.7922976211
4300.0,0.07500000000000001,N2,171.52936541328373,0.29601223518749137,499996.7922976211
4300.0,0.125,CO2,30.269888001107454,0.9704347821937275,499994.6538293685
4300.0,0.125,N2,171.5293654132836,0.2960122351874904,499994.6538293685
4300.0,0.17500000000000002,CO2,30.26988796730998,0.9704347811374697,499992.51536111586
4300.0,0.17500000000000002,N2,171.52936541328353,0.29601223518748915,499992.51536111586
4300.0,0.225,CO2,30.269887866597422,0.9704347780463078,499990.37689286325
4300.0,0.225,N2,171.52936541328341,0.2960122351874873,499990.37689286325
4300.0,0.275,CO2,30.269887593695508,0.9704347698212764,499988.23842461064
4300.0,0.275,N2,171.5293654132831,0.2960122351874848,499988.23842461064
4300.0,0.325,CO2,30.269886908902897,0.9704347495483056,499986.099956358
4300.0,0.325,N2,171.5293654132828,0.2960122351874817,499986.099956358
4300.0,0.375,CO2,30.269885296842492,0.9704347026435194,499983.9614881054
4300.0,0.375,N2,171.52936541328242,0.29601223518747777,499983.9614881054
4300.0,0.42500000000000004,CO2,30.269881701570387,0.970434599755781,499981.8230198528
4300.0,0.42500000000000004,N2,171.5293654132818,0.29601223518747277,499981.8230198528
4300.0,0.47500000000000003,CO2,30.269874046400524,0.9704343841100002,499979.6845516002
4300.0,0.47500000000000003,N2,171.52936541328108,0.29601223518746644,499979.6845516002
4300.0,0.525,CO2,30.269858387704897,0.9704339495229448,499977.5460833476
4300.0,0.525,N2,171.52936541328015,0.29601223518745867,499977.5460833476
4300.0,0.5750000000000001,CO2,30.269827458169416,0.9704331030316378,499975.40761509497
4300.0,0.5750000000000001,N2,171.52936541327884,0.29601223518744907,499975.40761509497
4300.0,0.625,CO2,30.269768206917384,0.9704315024678356,499973.26914684236
4300.0,0.625,N2,171.5293654132773,0.2960122351874373,499973.26914684236
4300.0,0.675,CO2,30.26965771107871,0.9704285536500221,499971.13067858975
4300.0,0.675,N2,171.52936541327531,0.296012235187423,499971.13067858975
4300.0,0.7250000000000001,CO2,30.269456471035376,0.9704232430543687,499968.99221033714
4300.0,0.7250000000000001,N2,171.5293654132729,0.29601223518740577,499968.99221033714
4300.0,0.775,CO2,30.269097569140044,0.9704138688569627,499966.8537420845
4300.0,0.775,N2,171.5293654132699,0.2960122351873851,499966.8537420845
4300.0,0.8250000000000001,CO2,30.268469672992765,0.9703976210112126,499964.7152738319
4300.0,0.8250000000000001,N2,171.5293654132662,0.29601223518736025,499964.7152738319
4300.0,0.875,CO2,30.267394040202717,0.9703700145549119,499962.5768055793
4300.0,0.875,N2,171.52936541326167,0.296012235187331,499962.5768055793
4300.0,0.925,CO2,30.26562419986056,0.9703248910825836,499960.4383373267
4300.0,0.925,N2,171.52936541325624,0.29601223518729636,499960.4383373267
4300.0,0.9750000000000001,CO2,30.26314894223564,0.9702620496425189,499958.2998690741
4300.0,0.9750000000000001,N2,171.52936541325036,0.29601223518725944,499958.2998690741
4350.0,0.025,CO2,30.26988801375299,0.9704347825970923,499998.9307658737
4350.0,0.025,N2,171.52936541328378,0.29601223518749237,499998.9307658737
4350.0,0.07500000000000001,CO2,30.26988801184012,0.970434782535381,499996.7922976211
4350.0,0.07500000000000001,N2,171.52936541328376,0.29601223518749187,499996.7922976211
4350.0,0.125,CO2,30.26988800415563,0.9704347822910916,499994.6538293685
4350.0,0.125,N2,171.5293654132837,0.2960122351874912,499994.6538293685
4350.0,0.17500000000000002,CO2,30.26988797816606,0.9704347814786931,499992.51536111586
4350.0,0.17500000000000002,N2,171.52936541328364,0.29601223518749037,499992.51536111586
4350.0,0.225,CO2,30.26988790040942,0.9704347790909483,499990.37689286325
4350.0,0.225,N2,171.5293654132835,0.2960122351874891,499990.37689286325
4350.0,0.275,CO2,30.269887688832057,0.9704347727094714,499988.23842461064
4350.0,0.275,N2,171.52936541328333,0.29601223518748737,499988.23842461064
4350.0,0.325,CO2,30.26988715567913,0.9704347569107549,499986.099956358
4350.0,0.325,N2,171.5293654132831,0.2960122351874852,499986.099956358
4350.0,0.375,CO2,30.269885895322638,0.9704347201981727,499983.9614881054
4350.0,0.375,N2,171.5293654132828,0.2960122351874825,499983.9614881054
4350.0,0.42500000000000004,CO2,30.269883072846262,0.9704346393245636,499981.8230198528
4350.0,0.42500000000000004,N2,171.52936541328242,0.29601223518747893,499981.8230198528
4350.0,0.47500000000000003,CO2,30.269877039040107,0.9704344691214208,499979.6845516002
4350.0,0.47500000000000003,N2,171.52936541328185,0.29601223518747455,499979.6845516002
4350.0,0.525,CO2,30.2698646490699,0.9704341247598076,499977.5460833476
4350.0,0.525,N2,171.52936541328123,0.29601223518746905,499977.5460833476
4350.0,0.5750000000000001,CO2,30.269840085135606,0.9704334514851024,499975.40761509497
4350.0,0.5750000000000001,N2,171.52936541328035,0.2960122351874624,499975.40761509497
4350.0,0.625,CO2,30.26979286176011,0.9704321739010615,499973.26914684236
4350.0,0.625,N2,171.5293654132793,0.2960122351874541,499973.26914684236
4350.0,0.675,CO2,30.269704500841637,0.9704298122187088,499971.13067858975
4350.0,0.675,N2,171.5293654132779,0.296012235187444,499971.13067858975
4350.0,0.7250000000000001,CO2,30.269543065436515,0.9704255456339161,499968.99221033714
4350.0,0.7250000000000001,N2,171.52936541327614,0.29601223518743197,499968.99221033714
4350.0,0.775,CO2,30.269254303120615,0.9704179923276615,499966.8537420845
4350.0,0.775,N2,171.52936541327412,0.2960122351874174,499966.8537420845
4350.0,0.8250000000000001,CO2,30.268747739113532,0.9704048655401455,499964.7152738319
4350.0,0.8250000000000001,N2,171.5293654132715,0.2960122351873999,499964.7152738319
4350.0,0.875,CO2,30.267877835982553,0.970382509055814,499962.5768055793
4350.0,0.875,N2,171.52936541326835,0.29601223518737924,499962.5768055793
4350.0,0.925,CO2,30.26644359145453,0.9703458959916513,499960.4383373267
4350.0,0.925,N2,171.5293654132645,0.2960122351873547,499960.4383373267
4350.0,0.9750000000000001,CO2,30.264434917684586,0.9702948426629139,499958.2998690741
4350.0,0.9750000000000001,N2,171.5293654132604,0.2960122351873286,499958.2998690741
4400.0,0.025,CO2,30.269888013837647,0.970434782599859,499998.9307658737
4400.0,0.025,N2,171.52936541328384,0.2960122351874925,499998.9307658737
4400.0,0.07500000000000001,CO2,30.269888012376718,0.9704347825527505,499996.7922976211
4400.0,0.07500000000000001,N2,171.52936541328376,0.2960122351874922,499996.7922976211
4400.0,0.125,CO2,30.26988800648989,0.9704347823656351,499994.6538293685
4400.0,0.125,N2,171.5293654132837,0.29601223518749176,499994.6538293685
4400.0,0.17500000000000002,CO2,30.26988798650793,0.9704347817409115,499992.51536111586
4400.0,0.17500000000000002,N2,171.5293654132837,0.2960122351874912,499992.51536111586
4400.0,0.225,CO2,30.269887926488437,0.9704347798969681,499990.37689286325
4400.0,0.225,N2,171.52936541328364,0.2960122351874903,499990.37689286325
4400.0,0.275,CO2,30.269887762500833,0.9704347749473081,499988.23842461064
4400.0,0.275,N2,171.5293654132835,0.2960122351874891,499988.23842461064
4400.0,0.325,CO2,30.269887347542255,0.9704347626396053,499986.099956358
4400.0,0.325,N2,171.52936541328336,0.2960122351874876,499986.099956358
4400.0,0.375,CO2,30.26988636251258,0.9704347339154826,499983.9614881054
4400.0,0.375,N2,171.52936541328313,0.29601223518748565,499983.9614881054
4400.0,0.42500000000000004,CO2,30.269884147588535,0.9704346703721063,499981.8230198528
4400.0,0.42500000000000004,N2,171.5293654132829,0.29601223518748326,499981.8230198528
4400.0,0.47500000000000003,CO2,30.269879393727877,0.9704345360945655,499979.6845516002
4400.0,0.47500000000000003,N2,171.5293654132825,0.29601223518748015,499979.6845516002
4400.0,0.525,CO2,30.26986959444081,0.9704342633516764,499977.5460833476
4400.0,0.525,N2,171.52936541328205,0.2960122351874763,499977.5460833476
4400.0,0.5750000000000001,CO2,30.26985009486051,0.9704337281013475,499975.40761509497
4400.0,0.5750000000000001,N2,171.5293654132814,0.2960122351874717,499975.40761509497
4400.0,0.625,CO2,30.26981247520353,0.9704327088123014,499973.26914684236
4400.0,0.625,N2,171.52936541328063,0.2960122351874659,499973.26914684236
4400.0,0.675,CO2,30.26974184824898,0.9704308182746426,499971.13067858975
4400.0,0.675,N2,171.5293654132797,0.2960122351874588,499971.13067858975
4400.0,0.7250000000000001,CO2,30.269612405181977,0.9704273921037131,499968.99221033714
4400.0,0.7250000000000001,N2,171.5293654132785,0.2960122351874503,499968.99221033714
4400.0,0.775,CO2,30.269380183735226,0.9704213088635031,499966.8537420845
4400.0,0.775,N2,171.529365413277,0.29601223518744,499966.8537420845
4400.0,0.8250000000000001,CO2,30.268971694464582,0.9704107084820333,499964.7152738319
4400.0,0.8250000000000001,N2,171.5293654132752,0.2960122351874277,499964.7152738319
4400.0,0.875,CO2,30.2682684906507,0.9703926115651548,499962.5768055793
4400.0,0.875,N2,171.52936541327296,0.2960122351874131,499962.5768055793
4400.0,0.925,CO2,30.267106718797987,0.9703629161723587,499960.4383373267
4400.0,0.925,N2,171.52936541327028,0.2960122351873958,499960.4383373267
4400.0,0.9750000000000001,CO2,30.265477356538923,0.970321455532541,499958.2998690741
4400.0,0.9750000000000001,N2,171.52936541326739,0.2960122351873774,499958.2998690741
4450.0,0.025,CO2,30.26988801390207,0.9704347826019623,499998.9307658737
4450.0,0.025,N2,171.5293654132838,0.29601223518749264,499998.9307658737
4450.0,0.07500000000000001,CO2,30.269888012785767,0.9704347825659835,499996.7922976211
4450.0,0.07500000000000001,N2,171.5293654132838,0.2960122351874924,499996.7922976211
4450.0,0.125,CO2,30.269888008274275,0.9704347824226048,499994.6538293685
4450.0,0.125,N2,171.52936541328376,0.29601223518749215,499994.6538293685
4450.0,0.17500000000000002,CO2,30.269887992906536,0.9704347819420606,499992.51536111586
4450.0,0.17500000000000002,N2,171.52936541328367,0.29601223518749176,499992.51536111586
4450.0,0.225,CO2,30.269887946568012,0.9704347805177872,499990.37689286325
4450.0,0.225,N2,171.52936541328367,0.29601223518749115,499990.37689286325
4450.0,0.275,CO2,30.269887819448304,0.9704347766782521,499988.23842461064
4450.0,0.275,N2,171.5293654132836,0.2960122351874903,499988.23842461064
4450.0,0.325,CO2,30.26988749646061,0.9704347670898043,499986.099956358
4450.0,0.325,N2,171.5293654132835,0.29601223518748926,499986.099956358
4450.0,0.375,CO2,30.269886726612306,0.9704347446165622,499983.9614881054
4450.0,0.375,N2,171.52936541328336,0.29601223518748787,499983.9614881054
4450.0,0.42500000000000004,CO2,30.269884988561973,0.9704346946941259,499981.8230198528
4450.0,0.42500000000000004,N2,171.52936541328316,0.29601223518748626,499981.8230198528
4450.0,0.47500000000000003,CO2,30.269881243535327,0.9704345887736688,499979.6845516002
4450.0,0.47500000000000003,N2,171.52936541328293,0.296012235187484,499979.6845516002
4450.0,0.525,CO2,30.269873494392147,0.9704343727929274,499977.5460833476
4450.0,0.525,N2,171.5293654132826,0.2960122351874814,499977.5460833476
4450.0,0.5750000000000001,CO2,30.269858017908266,0.9704339473609446,499975.40761509497
4450.0,0.5750000000000001,N2,171.52936541328216,0.2960122351874781,499975.40761509497
4450.0,0.625,CO2,30.26982805527604,0.9704331343380872,499973.26914684236
4450.0,0.625,N2,171.52936541328157,0.2960122351874741,499973.26914684236
4450.0,0.675,CO2,30.269771616406413,0.9704316213382563,499971.13067858975
4450.0,0.675,N2,171.529365413281,0.2960122351874691,499971.13067858975
4450.0,0.7250000000000001,CO2,30.2696678519498,0.9704288707682188,499968.99221033714
4450.0,0.7250000000000001,N2,171.52936541328012,0.2960122351874631,499968.99221033714
4450.0,0.775,CO2,30.269481150837116,0.9704239727943554,499966.8537420845
4450.0,0.775,N2,171.52936541327907,0.29601223518745584,499966.8537420845
4450.0,0.8250000000000001,CO2,30.269151844099113,0.9704154148300052,499964.7152738319
4450.0,0.8250000000000001,N2,171.5293654132778,0.29601223518744724,499964.7152738319
4450.0,0.875,CO2,30.26858358272574,0.9704007694996134,499962.5768055793
4450.0,0.875,N2,171.52936541327622,0.29601223518743686,499962.5768055793
4450.0,0.925,CO2,30.26764290982293,0.9703766897386762,499960.4383373267
4450.0,0.925,N2,171.52936541327438,0.2960122351874246,499960.4383373267
4450.0,0.9750000000000001,CO2,30.26632200267488,0.9703430239344496,499958.2998690741
4450.0,0.9750000000000001,N2,171.5293654132723,0.2960122351874116,499958.2998690741
4500.0,0.025,CO2,30.269888013951107,0.9704347826035624,499998.9307658737
4500.0,0.025,N2,171.5293654132838,0.29601223518749276,499998.9307658737
4500.0,0.07500000000000001,CO2,30.269888013097813,0.9704347825760732,499996.7922976211
4500.0,0.07500000000000001,N2,171.5293654132838,0.2960122351874926,499996.7922976211
4500.0,0.125,CO2,30.26988800963928,0.9704347824661747,499994.6538293685
4500.0,0.125,N2,171.52936541328378,0.29601223518749237,499994.6538293685
4500.0,0.17500000000000002,CO2,30.26988799781758,0.9704347820964561,499992.51536111586
4500.0,0.17500000000000002,N2,171.52936541328376,0.29601223518749215,499992.51536111586
4500.0,0.225,CO2,30.269887962036353,0.9704347809961995,499990.37689286325
4500.0,0.225,N2,171.52936541328367,0.2960122351874917,499990.37689286325
4500.0,0.275,CO2,30.269887863488876,0.9704347780176659,499988.23842461064
4500.0,0.275,N2,171.5293654132836,0.29601223518749115,499988.23842461064
4500.0,0.325,CO2,30.269887612086958,0.970434770547855,499986.099956358
4500.0,0.325,N2,171.5293654132836,0.29601223518749037,499986.099956358
4500.0,0.375,CO2,30.269887010447725,0.9704347529666826,499983.9614881054
4500.0,0.375,N2,171.52936541328344,0.2960122351874894,499983.9614881054
4500.0,0.42500000000000004,CO2,30.269885646750538,0.9704347137508733,499981.8230198528
4500.0,0.42500000000000004,N2,171.52936541328336,0.29601223518748826,499981.8230198528
4500.0,0.47500000000000003,CO2,30.269882696930402,0.9704346302143272,499979.6845516002
4500.0,0.47500000000000003,N2,171.52936541328316,0.29601223518748676,499979.6845516002
4500.0,0.525,CO2,30.269876570208325,0.9704344592204992,499977.5460833476
4500.0,0.525,N2,171.52936541328293,0.2960122351874849,499977.5460833476
4500.0,0.5750000000000001,CO2,30.26986428957465,0.9704341211603591,499975.40761509497
4500.0,0.5750000000000001,N2,171.52936541328265,0.2960122351874826,499975.40761509497
4500.0,0.625,CO2,30.269840431480546,0.9704334728414318,499973.26914684236
4500.0,0.625,N2,171.52936541328228,0.29601223518747977,499973.26914684236
4500.0,0.675,CO2,30.26979534261644,0.9704322623384559,499971.13067858975
4500.0,0.675,N2,171.52936541328185,0.2960122351874763,499971.13067858975
4500.0,0.7250000000000001,CO2,30.269712185749523,0.9704300548135613,499968.99221033714
4500.0,0.7250000000000001,N2,171.52936541328125,0.29601223518747205,499968.99221033714
4500.0,0.775,CO2,30.26956212279152,0.9704261123667456,499966.8537420845
4500.0,0.775,N2,171.52936541328052,0.29601223518746694,499966.8537420845
4500.0,0.8250000000000001,CO2,30.26929671424102,0.9704192053727255,499964.7152738319
4500.0,0.8250000000000001,N2,171.52936541327963,0.2960122351874609,499964.7152738319
4500.0,0.875,CO2,30.26883757950452,0.9704073567145287,499962.5768055793
4500.0,0.875,N2,171.52936541327855,0.29601223518745357,499962.5768055793
4500.0,0.925,CO2,30.26807594941339,0.97038783564389,499960.4383373267
4500.0,0.925,N2,171.5293654132772,0.29601223518744485,499960.4383373267
4500.0,0.9750000000000001,CO2,30.267004883786257,0.9703605045358552,499958.2998690741
4500.0,0.9750000000000001,N2,171.52936541327574,0.29601223518743564,499958.2998690741
4550.0,0.025,CO2,30.269888013988627,0.9704347826047859,499998.9307658737
4550.0,0.025,N2,171.52936541328378,0.29601223518749287,499998.9307658737
4550.0,0.07500000000000001,CO2,30.269888013336978,0.9704347825838024,499996.7922976211
4550.0,0.07500000000000001,N2,171.52936541328378,0.29601223518749264,499996.7922976211
4550.0,0.125,CO2,30.269888010688163,0.9704347824996464,499994.6538293685
4550.0,0.125,N2,171.52936541328384,0.2960122351874925,499994.6538293685
4550.0,0.17500000000000002,CO2,30.269888001603096,0.9704347822154729,499992.51536111586
4550.0,0.17500000000000002,N2,171.52936541328378,0.29601223518749237,499992.51536111586
4550.0,0.225,CO2,30.269887974001186,0.9704347813663686,499990.37689286325
4550.0,0.225,N2,171.52936541328376,0.29601223518749203,499990.37689286325
4550.0,0.275,CO2,30.26988789768011,0.9704347790580938,499988.23842461064
4550.0,0.275,N2,171.5293654132837,0.2960122351874917,499988.23842461064
4550.0,0.325,CO2,30.269887702194595,0.9704347732447098,499986.099956358
4550.0,0.325,N2,171.52936541328364,0.29601223518749115,499986.099956358
4550.0,0.375,CO2,30.269887232484983,0.9704347595046988,499983.9614881054
4550.0,0.375,N2,171.52936541328359,0.2960122351874905,499983.9614881054
4550.0,0.42500000000000004,CO2,30.26988616358674,0.9704347287306565,499981.8230198528
4550.0,0.42500000000000004,N2,171.5293654132835,0.2960122351874897,499981.8230198528
4550.0,0.47500000000000003,CO2,30.26988384244886,0.9704346629143473,499979.6845516002
4550.0,0.47500000000000003,N2,171.52936541328333,0.29601223518748865,499979.6845516002
4550.0,0.525,CO2,30.269879003280565,0.9704345276728327,499977.5460833476
4550.0,0.525,N2,171.5293654132832,0.2960122351874873,499977.5460833476
4550.0,0.5750000000000001,CO2,30.26986926814927,0.9704342593070133,499975.40761509497
4550.0,0.5750000000000001,N2,171.52936541328302,0.29601223518748576,499975.40761509497
4550.0,0.625,CO2,30.269850289304465,0.9704337428304852,499973.26914684236
4550.0,0.625,N2,171.52936541328273,0.29601223518748376,499973.26914684236
4550.0,0.675,CO2,30.269814302332787,0.9704327752733647,499971.13067858975
4550.0,0.675,N2,171.5293654132824,0.2960122351874814,499971.13067858975
4550.0,0.7250000000000001,CO2,30.26974772285816,0.9704310052403935,499968.99221033714
4550.0,0.7250000000000001,N2,171.529365413282,0.2960122351874784,499968.99221033714
4550.0,0.775,CO2,30.269627218912618,0.9704278348091907,499966.8537420845
4550.0,0.775,N2,171.5293654132815,0.29601223518747477,499966.8537420845
4550.0,0.8250000000000001,CO2,30.269413501767037,0.9704222652328635,499964.7152738319
4550.0,0.8250000000000001,N2,171.52936541328089,0.2960122351874705,499964.7152738319
4550.0,0.875,CO2,30.26904286075722,0.9704126874306759,499962.5768055793
4550.0,0.875,N2,171.5293654132801,0.29601223518746533,499962.5768055793
4550.0,0.925,CO2,30.268426701185028,0.9703968751813626,499960.4383373267
4550.0,0.925,N2,171.52936541327918,0.29601223518745917,499960.4383373267
4550.0,0.9750000000000001,CO2,30.267558821868263,0.9703747049719588,499958.2998690741
4550.0,0.9750000000000001,N2,171.52936541327819,0.2960122351874527,499958.2998690741
4600.0,0.025,CO2,30.26988801401714,0.9704347826057149,499998.9307658737
4600.0,0.025,N2,171.52936541328378,0.29601223518749287,499998.9307658737
4600.0,0.07500000000000001,CO2,30.269888013519058,0.9704347825896833,499996.7922976211
4600.0,0.07500000000000001,N2,171.52936541328378,0.2960122351874927,499996.7922976211
4600.0,0.125,CO2,30.269888011488824,0.9704347825251907,499994.6538293685
4600.0,0.125,N2,171.5293654132838,0.29601223518749264,499994.6538293685
4600.0,0.17500000000000002,CO2,30.269888004502153,0.9704347823066235,499992.51536111586
4600.0,0.17500000000000002,N2,171.52936541328378,0.2960122351874925,499992.51536111586
4600.0,0.225,CO2,30.269887983197435,0.9704347816509739,499990.37689286325
4600.0,0.225,N2,171.52936541328376,0.2960122351874923,499990.37689286325
4600.0,0.275,CO2,30.26988792406084,0.9704347798612977,499988.23842461064
4600.0,0.275,N2,171.52936541328376,0.2960122351874921,499988.23842461064
4600.0,0.325,CO2,30.269887771993186,0.9704347753353233,499986.099956358
4600.0,0.325,N2,171.52936541328373,0.2960122351874917,499986.099956358
4600.0,0.375,CO2,30.269887405162688,0.9704347645940564,499983.9614881054
4600.0,0.375,N2,171.52936541328367,0.2960122351874912,499983.9614881054
4600.0,0.42500000000000004,CO2,30.2698865671179,0.9704347404390917,499981.8230198528
4600.0,0.42500000000000004,N2,171.5293654132836,0.2960122351874907,499981.8230198528
4600.0,0.47500000000000003,CO2,30.269884740314353,0.9704346885755593,499979.6845516002
4600.0,0.47500000000000003,N2,171.52936541328347,0.29601223518749,499979.6845516002
4600.0,0.525,CO2,30.269880917571083,0.9704345815991852,499977.5460833476
4600.0,0.525,N2,171.52936541328341,0.29601223518748904,499977.5460833476
4600.0,0.5750000000000001,CO2,30.269873199579248,0.9704343685455693,499975.40761509497
4600.0,0.5750000000000001,N2,171.5293654132833,0.296012235187488,499975.40761509497
4600.0,0.625,CO2,30.26985810127777,0.9704339570884656,499973.26914684236
4600.0,0.625,N2,171.52936541328307,0.29601223518748654,499973.26914684236
4600.0,0.675,CO2,30.269829378153478,0.9704331837202681,499971.13067858975
4600.0,0.675,N2,171.52936541328282,0.2960122351874848,499971.13067858975
4600.0,0.7250000000000001,CO2,30.269776071370536,0.9704317645126371,499968.99221033714
4600.0,0.7250000000000001,N2,171.52936541328253,0.29601223518748276,499968.99221033714
4600.0,0.775,CO2,30.269679305489614,0.970429215028914,499966.8537420845
4600.0,0.775,N2,171.52936541328216,0.2960122351874802,499966.8537420845
4600.0,0.8250000000000001,CO2,30.26950721574135,0.970424724149989,499964.7152738319
4600.0,0.8250000000000001,N2,171.52936541328174,0.2960122351874772,499964.7152738319
4600.0,0.875,CO2,30.269208016593865,0.9704169824840151,499962.5768055793
4600.0,0.875,N2,171.5293654132812,0.2960122351874735,499962.5768055793
4600.0,0.925,CO2,30.26870955008653,0.970404175400489,499960.4383373267
4600.0,0.925,N2,171.52936541328054,0.29601223518746916,499960.4383373267
4600.0,0.9750000000000001,CO2,30.26800636045924,0.9703861934871131,499958.2998690741
4600.0,0.9750000000000001,N2,171.52936541327983,0.29601223518746456,499958.2998690741
4650.0,0.025,CO2,30.26988801403903,0.9704347826064276,499998.9307658737
4650.0,0.025,N2,171.5293654132838,0.29601223518749287,499998.9307658737
4650.0,0.07500000000000001,CO2,30.26988801365906,0.9704347825942031,499996.7922976211
4650.0,0.07500000000000001,N2,171.5293654132838,0.29601223518749276,499996.7922976211
4650.0,0.125,CO2,30.269888012105948,0.9704347825448747,499994.6538293685
4650.0,0.125,N2,171.52936541328378,0.2960122351874927,499994.6538293685
4650.0,0.17500000000000002,CO2,30.269888006743287,0.9704347823770906,499992.51536111586
4650.0,0.17500000000000002,N2,171.5293654132838,0.29601223518749264,499992.51536111586
4650.0,0.225,CO2,30.26988799033021,0.9704347818717809,499990.37689286325
4650.0,0.225,N2,171.52936541328376,0.2960122351874925,499990.37689286325
4650.0,0.275,CO2,30.269887944594274,0.9704347804867847,499988.23842461064
4650.0,0.275,N2,171.52936541328376,0.29601223518749237,499988.23842461064
4650.0,0.325,CO2,30.269887826518126,0.9704347769695874,499986.099956358
4650.0,0.325,N2,171.52936541328373,0.29601223518749203,499986.099956358
4650.0,0.375,CO2,30.26988754054871,0.970434768587711,499983.9614881054
4650.0,0.375,N2,171.5293654132837,0.2960122351874917,499983.9614881054
4650.0,0.42500000000000004,CO2,30.269886884656774,0.9704347496615612,499981.8230198528
4650.0,0.42500000000000004,N2,171.5293654132837,0.2960122351874914,499981.8230198528
4650.0,0.47500000000000003,CO2,30.269885449386656,0.9704347088632663,499979.6845516002
4650.0,0.47500000000000003,N2,171.5293654132836,0.2960122351874909,499979.6845516002
4650.0,0.525,CO2,30.26988243466205,0.9704346243869684,499977.5460833476
4650.0,0.525,N2,171.52936541328353,0.29601223518749026,499977.5460833476
4650.0,0.5750000000000001,CO2,30.269876325907905,0.9704344555226506,499975.40761509497
4650.0,0.5750000000000001,N2,171.52936541328341,0.2960122351874895,499975.40761509497
4650.0,0.625,CO2,30.26986433393419,0.9704341282542157,499973.26914684236
4650.0,0.625,N2,171.52936541328327,0.2960122351874885,499973.26914684236
4650.0,0.675,CO2,30.269841444128975,0.970433511062825,499971.13067858975
4650.0,0.675,N2,171.52936541328316,0.29601223518748726,499971.13067858975
4650.0,0.7250000000000001,CO2,30.269798828247527,0.9704323748698109,499968.99221033714
4650.0,0.7250000000000001,N2,171.52936541328296,0.2960122351874858,499968.99221033714
4650.0,0.775,CO2,30.269721235665617,0.9704303277477969,499966.8537420845
4650.0,0.775,N2,171.52936541328273,0.29601223518748404,499966.8537420845
4650.0,0.8250000000000001,CO2,30.269582848884394,0.9704267119061918,499964.7152738319
4650.0,0.8250000000000001,N2,171.5293654132824,0.296012235187482,499964.7152738319
4650.0,0.875,CO2,30.269341594027107,0.9704204634635567,499962.5768055793
4650.0,0.875,N2,171.529365413282,0.2960122351874794,499962.5768055793
4650.0,0.925,CO2,30.268938648694906,0.9704101060846833,499960.4383373267
4650.0,0.925,N2,171.52936541328157,0.2960122351874763,499960.4383373267
4650.0,0.9750000000000001,CO2,30.268369002203073,0.9703955458413452,499958.2998690741
4650.0,0.9750000000000001,N2,171.52936541328103,0.29601223518747305,499958.2998690741
4700.0,0.025,CO2,30.26988801405531,0.970434782606957,499998.9307658737
4700.0,0.025,N2,171.5293654132838,0.29601223518749287,499998.9307658737
4700.0,0.07500000000000001,CO2,30.269888013763325,0.9704347825975675,499996.7922976211
4700.0,0.07500000000000001,N2,171.52936541328378,0.2960122351874928,499996.7922976211
4700.0,0.125,CO2,30.269888012566817,0.9704347825595712,499994.6538293685
4700.0,0.125,N2,171.5293654132838,0.29601223518749276,499994.6538293685
4700.0,0.17500000000000002,CO2,30.269888008422544,0.9704347824298928,499992.51536111586
4700.0,0.17500000000000002,N2,171.5293654132838,0.2960122351874927,499992.51536111586
4700.0,0.225,CO2,30.269887995694667,0.9704347820378979,499990.37689286325
4700.0,0.225,N2,171.52936541328378,0.29601223518749264,499990.37689286325
4700.0,0.275,CO2,30.269887960098412,0.9704347809593317,499988.23842461064
4700.0,0.275,N2,171.52936541328376,0.29601223518749253,499988.23842461064
4700.0,0.325,CO2,30.269887867856553,0.9704347782095665,499986.099956358
4700.0,0.325,N2,171.52936541328378,0.2960122351874923,499986.099956358
4700.0,0.375,CO2,30.269887643616794,0.9704347716309308,499983.9614881054
4700.0,0.375,N2,171.52936541328373,0.2960122351874921,499983.9614881054
4700.0,0.42500000000000004,CO2,30.269887127391886,0.9704347567192332,499981.8230198528
4700.0,0.42500000000000004,N2,171.5293654132837,0.2960122351874918,499981.8230198528
4700.0,0.47500000000000003,CO2,30.26988599362219,0.9704347244538385,499979.6845516002
4700.0,0.47500000000000003,N2,171.52936541328367,0.2960122351874915,499979.6845516002
4700.0,0.525,CO2,30.269883603705527,0.970434657402211,499977.5460833476
4700.0,0.525,N2,171.52936541328364,0.29601223518749104,499977.5460833476
4700.0,0.5750000000000001,CO2,30.26987874430975,0.9704345228988367,499975.40761509497
4700.0,0.5750000000000001,N2,171.52936541328353,0.29601223518749054,499975.40761509497
4700.0,0.625,CO2,30.26986917328505,0.9704342613484491,499973.26914684236
4700.0,0.625,N2,171.52936541328347,0.29601223518748976,499973.26914684236
4700.0,0.675,CO2,30.269850846523518,0.9704337665173488,499971.13067858975
4700.0,0.675,N2,171.52936541328333,0.2960122351874889,499971.13067858975
4700.0,0.7250000000000001,CO2,30.269816623140308,0.9704328528247265,499968.99221033714
4700.0,0.7250000000000001,N2,171.5293654132832,0.2960122351874879,499968.99221033714
4700.0,0.775,CO2,30.26975413406613,0.970431201922548,499966.8537420845
4700.0,0.775,N2,171.52936541328302,0.29601223518748665,499966.8537420845
4700.0,0.8250000000000001,CO2,30.269642390632747,0.9704282782865279,499964.7152738319
4700.0,0.8250000000000001,N2,171.52936541328285,0.29601223518748515,499964.7152738319
4700.0,0.875,CO2,30.269447124069448,0.9704232142265279,499962.5768055793
4700.0,0.875,N2,171.52936541328253,0.2960122351874834,499962.5768055793
4700.0,0.925,CO2,30.26912035718642,0.9704148042777077,499960.4383373267
4700.0,0.925,N2,171.5293654132822,0.29601223518748115,499960.4383373267
4700.0,0.9750000000000001,CO2,30.26865782145492,0.970402968718515,499958.2998690741
4700.0,0.9750000000000001,N2,171.52936541328185,0.2960122351874788,499958.2998690741
4750.0,0.025,CO2,30.26988801406797,0.9704347826073685,499998.9307658737
4750.0,0.025,N2,171.5293654132838,0.29601223518749287,499998.9307658737
4750.0,0.07500000000000001,CO2,30.269888013844543,0.9704347826001868,499996.7922976211
4750.0,0.07500000000000001,N2,171.52936541328378,0.29601223518749287,499996.7922976211
4750.0,0.125,CO2,30.26988801292655,0.9704347825710399,499994.6538293685
4750.0,0.125,N2,171.5293654132838,0.29601223518749287,499994.6538293685
4750.0,0.17500000000000002,CO2,30.26988800973677,0.9704347824712178,499992.51536111586
4750.0,0.17500000000000002,N2,171.5293654132838,0.29601223518749276,499992.51536111586
4750.0,0.225,CO2,30.269887999905595,0.9704347821683261,499990.37689286325
4750.0,0.225,N2,171.52936541328378,0.2960122351874927,499990.37689286325
4750.0,0.275,CO2,30.26988797230761,0.9704347813316165,499988.23842461064
4750.0,0.275,N2,171.52936541328378,0.29601223518749264,499988.23842461064
4750.0,0.325,CO2,30.269887900517475,0.9704347791898574,499986.099956358
4750.0,0.325,N2,171.52936541328378,0.29601223518749253,499986.099956358
4750.0,0.375,CO2,30.26988772532249,0.9704347740452357,499983.9614881054
4750.0,0.375,N2,171.52936541328373,0.29601223518749237,499983.9614881054
4750.0,0.42500000000000004,CO2,30.269887320460903,0.9704347623378122,499981.8230198528
4750.0,0.42500000000000004,N2,171.52936541328373,0.2960122351874922,499981.8230198528
4750.0,0.47500000000000003,CO2,30.269886427934228,0.9704347369077855,499979.6845516002
4750.0,0.47500000000000003,N2,171.52936541328373,0.2960122351874919,499979.6845516002
4750.0,0.525,CO2,30.269884539655347,0.9704346838629796,499977.5460833476
4750.0,0.525,N2,171.5293654132837,0.2960122351874916,499977.5460833476
4750.0,0.5750000000000001,CO2,30.269880686629918,0.9704345770730155,499975.40761509497
4750.0,0.5750000000000001,N2,171.5293654132836,0.29601223518749126,499975.40761509497
4750.0,0.625,CO2,30.269873071872194,0.9704343686958465,499973.26914684236
4750.0,0.625,N2,171.52936541328356,0.29601223518749076,499973.26914684236
4750.0,0.675,CO2,30.269858443483262,0.970433973167099,499971.13067858975
4750.0,0.675,N2,171.52936541328347,0.29601223518749015,499971.13067858975
4750.0,0.7250000000000001,CO2,30.269831042000035,0.9704332405585857,499968.99221033714
4750.0,0.7250000000000001,N2,171.52936541328336,0.2960122351874894,499968.99221033714
4750.0,0.775,CO2,30.269780864360417,0.9704319129694116,499966.8537420845
4750.0,0.775,N2,171.52936541328324,0.29601223518748854,499966.8537420845
4750.0,0.8250000000000001,CO2,30.269690899814435,0.970429555491515,499964.7152738319
4750.0,0.8250000000000001,N2,171.5293654132831,0.2960122351874875,499964.7152738319
4750.0,0.875,CO2,30.26953333904128,0.970425461982276,499962.5768055793
4750.0,0.875,N2,171.52936541328293,0.29601223518748626,499962.5768055793
4750.0,0.925,CO2,30.269269262571417,0.9704186495635952,499960.4383373267
4750.0,0.925,N2,171.52936541328268,0.29601223518748465,499960.4383373267
4750.0,0.9750000000000001,CO2,30.268895293018808,0.9704090479292062,499958.2998690741
4750.0,0.9750000000000001,N2,171.52936541328245,0.29601223518748304,499958.2998690741
4800.0,0.025,CO2,30.26988801407718,0.9704347826076676,499998.9307658737
4800.0,0.025,N2,171.52936541328378,0.29601223518749287,499998.9307658737
4800.0,0.07500000000000001,CO2,30.269888013903753,0.9704347826020955,499996.7922976211
4800.0,0.07500000000000001,N2,171.5293654132838,0.29601223518749287,499996.7922976211
4800.0,0.125,CO2,30.269888013189558,0.9704347825794225,499994.6538293685
4800.0,0.125,N2,171.52936541328378,0.29601223518749287,499994.6538293685
4800.0,0.17500000000000002,CO2,30.269888010700914,0.9704347825015351,499992.51536111586
4800.0,0.17500000000000002,N2,171.52936541328378,0.2960122351874928,499992.51536111586
4800.0,0.225,CO2,30.26988800300667,0.9704347822644066,499990.37689286325
4800.0,0.225,N2,171.52936541328378,0.2960122351874928,499990.37689286325
4800.0,0.275,CO2,30.269887981335785,0.9704347816070579,499988.23842461064
4800.0,0.275,N2,171.5293654132838,0.2960122351874927,499988.23842461064
4800.0,0.325,CO2,30.269887924771417,0.9704347799183853,499986.099956358
4800.0,0.325,N2,171.52936541328378,0.29601223518749264,499986.099956358
4800.0,0.375,CO2,30.269887786258263,0.9704347758475562,499983.9614881054
4800.0,0.375,N2,171.52936541328376,0.2960122351874925,499983.9614881054
4800.0,0.42500000000000004,CO2,30.269887465070394,0.970434766550898,499981.8230198528
4800.0,0.42500000000000004,N2,171.52936541328376,0.2960122351874924,499981.8230198528
4800.0,0.47500000000000003,CO2,30.269886754619026,0.9704347462873183,499979.6845516002
4800.0,0.47500000000000003,N2,171.52936541328376,0.2960122351874922,499979.6845516002
4800.0,0.525,CO2,30.26988524660204,0.9704347038767892,499977.5460833476
4800.0,0.525,N2,171.5293654132837,0.2960122351874919,499977.5460833476
4800.0,0.5750000000000001,CO2,30.269882159673152,0.9704346182178172,499975.40761509497
4800.0,0.5750000000000001,N2,171.52936541328364,0.2960122351874917,499975.40761509497
4800.0,0.625,CO2,30.269876040176946,0.9704344505504298,499973.26914684236
4800.0,0.625,N2,171.52936541328364,0.29601223518749137,499973.26914684236
4800.0,0.675,CO2,30.269864249650848,0.9704341313430442,499971.13067858975
4800.0,0.675,N2,171.52936541328356,0.2960122351874909,499971.13067858975
4800.0,0.7250000000000001,CO2,30.26984210244621,0.9704335384159086,499968.99221033714
4800.0,0.7250000000000001,N2,171.5293654132835,0.2960122351874904,499968.99221033714
4800.0,0.775,CO2,30.26980144190065,0.9704324610433072,499966.8537420845
4800.0,0.775,N2,171.52936541328341,0.29601223518748976,499966.8537420845
4800.0,0.8250000000000001,CO2,30.26972837568289,0.9704305429696489,499964.7152738319
4800.0,0.8250000000000001,N2,171.52936541328327,0.29601223518748904,499964.7152738319
4800.0,0.875,CO2,30.269600189893062,0.9704272042436752,499962.5768055793
4800.0,0.875,N2,171.5293654132832,0.29601223518748815,499962.5768055793
4800.0,0.925,CO2,30.269385186428067,0.9704216346593714,499960.4383373267
4800.0,0.925,N2,171.52936541328302,0.296012235187487,499960.4383373267
4800.0,0.9750000000000001,CO2,30.269080915347253,0.9704137660099169,499958.2998690741
4800.0,0.9750000000000001,N2,171.52936541328282,0.2960122351874858,499958.2998690741
4850.0,0.025,CO2,30.269888014084234,0.9704347826078967,499998.9307658737
4850.0,0.025,N2,171.52936541328378,0.29601223518749287,499998.9307658737
4850.0,0.07500000000000001,CO2,30.26988801394921,0.9704347826035599,499996.7922976211
4850.0,0.07500000000000001,N2,171.52936541328378,0.29601223518749287,499996.7922976211
4850.0,0.125,CO2,30.269888013391903,0.9704347825858702,499994.6538293685
4850.0,0.125,N2,171.5293654132838,0.29601223518749287,499994.6538293685
4850.0,0.17500000000000002,CO2,30.269888011444728,0.9704347825249245,499992.51536111586
4850.0,0.17500000000000002,N2,171.5293654132838,0.29601223518749287,499992.51536111586
4850.0,0.225,CO2,30.269888005406504,0.9704347823387784,499990.37689286325
4850.0,0.225,N2,171.5293654132838,0.2960122351874928,499990.37689286325
4850.0,0.275,CO2,30.26988798834564,0.9704347818210164,499988.23842461064
4850.0,0.275,N2,171.5293654132838,0.2960122351874928,499988.23842461064
4850.0,0.325,CO2,30.269887943668,0.9704347804863434,499986.099956358
4850.0,0.325,N2,171.52936541328378,0.2960122351874927,499986.099956358
4850.0,0.375,CO2,30.269887833900004,0.9704347772577667,499983.9614881054
4850.0,0.375,N2,171.52936541328378,0.2960122351874926,499983.9614881054
4850.0,0.42500000000000004,CO2,30.269887578526344,0.9704347698593488,499981.8230198528
4850.0,0.42500000000000004,N2,171.52936541328376,0.29601223518749253,499981.8230198528
4850.0,0.47500000000000003,CO2,30.269887011812088,0.970434753679172,499979.6845516002
4850.0,0.47500000000000003,N2,171.52936541328376,0.2960122351874924,499979.6845516002
4850.0,0.525,CO2,30.269885805057967,0.9704347197043437,499977.5460833476
4850.0,0.525,N2,171.52936541328373,0.2960122351874922,499977.5460833476
4850.0,0.5750000000000001,CO2,30.269883327157498,0.9704346508665669,499975.40761509497
4850.0,0.5750000000000001,N2,171.5293654132837,0.2960122351874921,499975.40761509497
4850.0,0.625,CO2,30.269878400261113,0.9704345157149619,499973.26914684236
4850.0,0.625,N2,171.5293654132837,0.2960122351874918,499973.26914684236
4850.0,0.675,CO2,30.269868880127007,0.9704342576623544,499971.13067858975
4850.0,0.675,N2,171.5293654132836,0.2960122351874915,499971.13067858975
4850.0,0.7250000000000001,CO2,30.26985094805252,0.970433776999047,499968.99221033714
4850.0,0.7250000000000001,N2,171.5293654132836,0.29601223518749115,499968.99221033714
4850.0,0.775,CO2,30.26981793865019,0.970432901306955,499966.8537420845
4850.0,0.775,N2,171.52936541328353,0.2960122351874907,499966.8537420845
4850.0,0.8250000000000001,CO2,30.26975846949722,0.9704313383691511,499964.7152738319
4850.0,0.8250000000000001,N2,171.52936541328344,0.2960122351874901,499964.7152738319
4850.0,0.875,CO2,30.269653878457486,0.9704286112633502,499962.5768055793
4850.0,0.875,N2,171.52936541328333,0.2960122351874895,499962.5768055793
4850.0,0.925,CO2,30.269478026153877,0.9704240512874869,499960.4383373267
4850.0,0.925,N2,171.52936541328324,0.29601223518748865,499960.4383373267
4850.0,0.9750000000000001,CO2,30.26922862008487,0.9704175936680418,499958.2998690741
4850.0,0.9750000000000001,N2,171.5293654132831,0.29601223518748776,499958.2998690741
4900.0,0.025,CO2,30.26988801408971,0.9704347826080745,499998.9307658737
4900.0,0.025,N2,171.5293654132838,0.29601223518749287,499998.9307658737
4900.0,0.07500000000000001,CO2,30.269888013984502,0.9704347826046966,499996.7922976211
4900.0,0.07500000000000001,N2,171.52936541328378,0.29601223518749287,499996.7922976211
4900.0,0.125,CO2,30.269888013549338,0.970434782590886,499994.6538293685
4900.0,0.125,N2,171.5293654132838,0.29601223518749287,499994.6538293685
4900.0,0.17500000000000002,CO2,30.26988801202493,0.9704347825431691,499992.51536111586
4900.0,0.17500000000000002,N2,171.52936541328378,0.29601223518749287,499992.51536111586
4900.0,0.225,CO2,30.2698880072838,0.9704347823969688,499990.37689286325
4900.0,0.225,N2,171.5293654132838,0.29601223518749287,499990.37689286325
4900.0,0.275,CO2,30.269887993845998,0.9704347819889682,499988.23842461064
4900.0,0.275,N2,171.5293654132838,0.2960122351874928,499988.23842461064
4900.0,0.325,CO2,30.269887958542654,0.9704347809336716,499986.099956358
4900.0,0.325,N2,171.52936541328378,0.2960122351874928,499986.099956358
4900.0,0.375,CO2,30.26988787152336,0.970434778372223,499983.9614881054
4900.0,0.375,N2,171.5293654132838,0.29601223518749264,499983.9614881054
4900.0,0.42500000000000004,CO2,30.269887668415436,0.9704347724827642,499981.8230198528
4900.0,0.42500000000000004,N2,171.5293654132838,0.29601223518749264,499981.8230198528
4900.0,0.47500000000000003,CO2,30.26988721623858,0.970434759560004,499979.6845516002
4900.0,0.47500000000000003,N2,171.52936541328376,0.29601223518749253,499979.6845516002
4900.0,0.525,CO2,30.269886250347252,0.9704347323374826,499977.5460833476
4900.0,0.525,N2,171.52936541328376,0.2960122351874924,499977.5460833476
4900.0,0.5750000000000001,CO2,30.269884260945936,0.9704346770084558,499975.40761509497
4900.0,0.5750000000000001,N2,171.52936541328373,0.2960122351874923,499975.40761509497
4900.0,0.625,CO2,30.26988029361305,0.9704345680520278,499973.26914684236
4900.0,0.625,N2,171.52936541328373,0.2960122351874921,499973.26914684236
4900.0,0.675,CO2,30.269872605708567,0.970434359414965,499971.13067858975
4900.0,0.675,N2,171.5293654132837,0.29601223518749187,499971.13067858975
4900.0,0.7250000000000001,CO2,30.26985808508025,0.9704339697250091,499968.99221033714
4900.0,0.7250000000000001,N2,171.52936541328364,0.29601223518749165,499968.99221033714
4900.0,0.775,CO2,30.26983128521438,0.9704332579091165,499966.8537420845
4900.0,0.775,N2,171.5293654132836,0.2960122351874913,499966.8537420845
4900.0,0.8250000000000001,CO2,30.26978288122304,0.9704319842849853,499964.7152738319
4900.0,0.8250000000000001,N2,171.52936541328356,0.29601223518749087,499964.7152738319
4900.0,0.875,CO2,30.269697542828684,0.9704297566956074,499962.5768055793
4900.0,0.875,N2,171.52936541328347,0.29601223518749037,499962.5768055793
4900.0,0.925,CO2,30.26955371418025,0.97042602346749,499960.4383373267
4900.0,0.925,N2,171.5293654132834,0.2960122351874898,499960.4383373267
4900.0,0.9750000000000001,CO2,30.26934924630694,0.9704207252320622,499958.2998690741
4900.0,0.9750000000000001,N2,171.5293654132833,0.2960122351874892,499958.2998690741
4950.0,0.025,CO2,30.269888014093965,0.9704347826082126,499998.9307658737
4950.0,0.025,N2,171.5293654132838,0.29601223518749287,499998.9307658737
4950.0,0.07500000000000001,CO2,30.26988801401198,0.970434782605581,499996.7922976211
4950.0,0.07500000000000001,N2,171.5293654132838,0.29601223518749287,499996.7922976211
4950.0,0.125,CO2,30.26988801367213,0.9704347825947972,499994.6538293685
4950.0,0.125,N2,171.5293654132838,0.29601223518749287,499994.6538293685
4950.0,0.17500000000000002,CO2,30.269888012478557,0.9704347825574334,499992.51536111586
4950.0,0.17500000000000002,N2,171.52936541328378,0.29601223518749287,499992.51536111586
4950.0,0.225,CO2,30.269888008755622,0.9704347824425997,499990.37689286325
4950.0,0.225,N2,171.52936541328378,0.29601223518749287,499990.37689286325
4950.0,0.275,CO2,30.269887998171175,0.9704347821210867,499988.23842461064
4950.0,0.275,N2,171.5293654132838,0.29601223518749287,499988.23842461064
4950.0,0.325,CO2,30.269887970275516,0.9704347812867086,499986.099956358
4950.0,0.325,N2,171.5293654132838,0.2960122351874928,499986.099956358
4950.0,0.375,CO2,30.269887901293693,0.9704347792546673,499983.9614881054
4950.0,0.375,N2,171.5293654132838,0.2960122351874927,499983.9614881054
4950.0,0.42500000000000004,CO2,30.269887739767658,0.9704347745668619,499981.8230198528
4950.0,0.42500000000000004,N2,171.5293654132838,0.2960122351874927,499981.8230198528
4950.0,0.47500000000000003,CO2,30.269887379019128,0.9704347642470433,499979.6845516002
4950.0,0.47500000000000003,N2,171.5293654132838,0.29601223518749264,499979.6845516002
4950.0,0.525,CO2,30.26988660602086,0.9704347424381806,499977.5460833476
4950.0,0.525,N2,171.52936541328376,0.29601223518749253,499977.5460833476
4950.0,0.5750000000000001,CO2,30.269885009068478,0.9704346979747088,499975.40761509497
4950.0,0.5750000000000001,N2,171.52936541328373,0.2960122351874925,499975.40761509497
4950.0,0.625,CO2,30.26988181498285,0.9704346101532039,499973.26914684236
4950.0,0.625,N2,171.52936541328376,0.2960122351874923,499973.26914684236
4950.0,0.675,CO2,30.269875607886284,0.9704344415037712,499971.13067858975
4950.0,0.675,N2,171.52936541328373,0.29601223518749215,499971.13067858975
4950.0,0.7250000000000001,CO2,30.269863852158768,0.9704341256376664,499968.99221033714
4950.0,0.7250000000000001,N2,171.52936541328367,0.29601223518749203,499968.99221033714
4950.0,0.775,CO2,30.269842098632697,0.9704335471606694,499966.8537420845
4950.0,0.775,N2,171.52936541328367,0.29601223518749176,499966.8537420845
4950.0,0.8250000000000001,CO2,30.26980271094506,0.9704325095363187,499964.7152738319
4950.0,0.8250000000000001,N2,171.5293654132836,0.2960122351874914,499964.7152738319
4950.0,0.875,CO2,30.26973310374733,0.9704306904084149,499962.5768055793
4950.0,0.875,N2,171.52936541328359,0.2960122351874911,499962.5768055793
4950.0,0.925,CO2,30.269615527707387,0.9704276348653145,499960.4383373267
4950.0,0.925,N2,171.5293654132835,0.29601223518749065,499960.4383373267
4950.0,0.9750000000000001,CO2,30.269448062356027,0.9704232895049889,499958.2998690741
4950.0,0.9750000000000001,N2,171.52936541328344,0.29601223518749026,499958.2998690741
5000.0,0.025,CO2,30.26988801409728,0.9704347826083198,499998.9307658737
5000.0,0.025,N2,171.5293654132838,0.29601223518749287,499998.9307658737
5000.0,0.07500000000000001,CO2,30.26988801403338,0.9704347826062696,499996.7922976211
5000.0,0.07500000000000001,N2,171.5293654132838,0.29601223518749287,499996.7922976211
5000.0,0.125,CO2,30.269888013767957,0.9704347825978487,499994.6538293685
5000.0,0.125,N2,171.52936541328378,0.29601223518749287,499994.6538293685
5000.0,0.17500000000000002,CO2,30.26988801283339,0.9704347825685914,499992.51536111586
5000.0,0.17500000000000002,N2,171.5293654132838,0.29601223518749287,499992.51536111586
5000.0,0.225,CO2,30.26988800991006,0.9704347824783974,499990.37689286325
5000.0,0.225,N2,171.5293654132838,0.29601223518749287,499990.37689286325
5000.0,0.275,CO2,30.269888001573587,0.9704347822250567,499988.23842461064
5000.0,0.275,N2,171.5293654132838,0.29601223518749287,499988.23842461064
5000.0,0.325,CO2,30.26988797953337,0.9704347815654215,499986.099956358
5000.0,0.325,N2,171.52936541328378,0.29601223518749287,499986.099956358
5000.0,0.375,CO2,30.26988792485722,0.9704347799535988,499983.9614881054
5000.0,0.375,N2,171.52936541328378,0.2960122351874928,499983.9614881054
5000.0,0.42500000000000004,CO2,30.26988779642036,0.9704347762229139,499981.8230198528
5000.0,0.42500000000000004,N2,171.52936541328378,0.2960122351874928,499981.8230198528
5000.0,0.47500000000000003,CO2,30.26988750866659,0.9704347679833863,499979.6845516002
5000.0,0.47500000000000003,N2,171.5293654132838,0.2960122351874927,499979.6845516002
5000.0,0.525,CO2,30.269886890167403,0.9704347505154576,499977.5460833476
5000.0,0.525,N2,171.5293654132838,0.29601223518749264,499977.5460833476
5000.0,0.5750000000000001,CO2,30.26988560853501,0.9704347147923469,499975.40761509497
5000.0,0.5750000000000001,N2,171.52936541328376,0.2960122351874926,499975.40761509497
5000.0,0.625,CO2,30.269883037610107,0.9704346440241978,499973.26914684236
5000.0,0.625,N2,171.52936541328376,0.2960122351874925,499973.26914684236
5000.0,0.675,CO2,30.26987802737309,0.9704345077347788,499971.13067858975
5000.0,0.675,N2,171.52936541328373,0.29601223518749237,499971.13067858975
5000.0,0.7250000000000001,CO2,30.269868512601164,0.9704342517778032,499968.99221033714
5000.0,0.7250000000000001,N2,171.5293654132837,0.29601223518749226,499968.99221033714
5000.0,0.775,CO2,30.26985086003604,0.9704337817948122,499966.8537420845
5000.0,0.775,N2,171.52936541328367,0.2960122351874921,499966.8537420845
5000.0,0.8250000000000001,CO2,30.269818818226945,0.9704329366817348,499964.7152738319
5000.0,0.8250000000000001,N2,171.52936541328364,0.2960122351874918,499964.7152738319
5000.0,0.875,CO2,30.26976205935801,0.9704314515515972,499962.5768055793
5000.0,0.875,N2,171.52936541328364,0.2960122351874916,499962.5768055793
5000.0,0.925,CO2,30.26966597746389,0.9704289514477515,499960.4383373267
5000.0,0.925,N2,171.5293654132836,0.2960122351874913,499960.4383373267
5000.0,0.9750000000000001,CO2,30.269528883059305,0.9704253888768856,499958.2998690741
5000.0,0.9750000000000001,N2,171.52936541328353,0.296012235187491,499958.2998690741
5050.0,0.025,CO2,30.269888014099855,0.9704347826084032,499998.9307658737
5050.0,0.025,N2,171.5293654132838,0.29601223518749287,499998.9307658737
5050.0,0.07500000000000001,CO2,30.26988801405005,0.9704347826068057,499996.7922976211
5050.0,0.07500000000000001,N2,171.5293654132838,0.29601223518749287,499996.7922976211
5050.0,0.125,CO2,30.26988801384275,0.9704347826002298,499994.6538293685
5050.0,0.125,N2,171.52936541328378,0.29601223518749287,499994.6538293685
5050.0,0.17500000000000002,CO2,30.269888013110997,0.9704347825773203,499992.51536111586
5050.0,0.17500000000000002,N2,171.5293654132838,0.29601223518749287,499992.51536111586
5050.0,0.225,CO2,30.269888010815606,0.9704347825064827,499990.37689286325
5050.0,0.225,N2,171.52936541328378,0.29601223518749287,499990.37689286325
5050.0,0.275,CO2,30.26988800425018,0.970434782306877,499988.23842461064
5050.0,0.275,N2,171.5293654132838,0.29601223518749287,499988.23842461064
5050.0,0.325,CO2,30.26988798683826,0.9704347817854532,499986.099956358
5050.0,0.325,N2,171.52936541328378,0.29601223518749287,499986.099956358
5050.0,0.375,CO2,30.269887943507197,0.97043478050715,499983.9614881054
5050.0,0.375,N2,171.52936541328378,0.2960122351874928,499983.9614881054
5050.0,0.42500000000000004,CO2,30.26988784139854,0.9704347775387191,499981.8230198528
5050.0,0.42500000000000004,N2,171.5293654132838,0.2960122351874928,499981.8230198528
5050.0,0.47500000000000003,CO2,30.269887611914562,0.9704347709615211,499979.6845516002
5050.0,0.47500000000000003,N2,171.52936541328378,0.2960122351874928,499979.6845516002
5050.0,0.525,CO2,30.26988711714253,0.970434756973742,499977.5460833476
5050.0,0.525,N2,171.5293654132838,0.2960122351874927,499977.5460833476
5050.0,0.5750000000000001,CO2,30.26988608881311,0.9704347282800633,499975.40761509497
5050.0,0.5750000000000001,N2,171.52936541328378,0.29601223518749264,499975.40761509497
5050.0,0.625,CO2,30.269884019992933,0.9704346712689579,499973.26914684236
5050.0,0.625,N2,171.52936541328376,0.29601223518749264,499973.26914684236
5050.0,0.675,CO2,30.269879976905532,0.9704345611608979,499971.13067858975
5050.0,0.675,N2,171.52936541328376,0.2960122351874925,499971.13067858975
5050.0,0.7250000000000001,CO2,30.26987227801437,0.9704343538094585,499968.99221033714
5050.0,0.7250000000000001,N2,171.52936541328376,0.2960122351874924,499968.99221033714
5050.0,0.775,CO2,30.269857957327623,0.9704339720832887,499966.8537420845
5050.0,0.775,N2,171.5293654132837,0.2960122351874923,499966.8537420845
5050.0,0.8250000000000001,CO2,30.26983189884756,0.9704332839674791,499964.7152738319
5050.0,0.8250000000000001,N2,171.5293654132837,0.29601223518749215,499964.7152738319
5050.0,0.875,CO2,30.269785630244606,0.9704320718756665,499962.5768055793
5050.0,0.875,N2,171.52936541328364,0.296012235187492,499962.5768055793
5050.0,0.925,CO2,30.269707136742,0.9704300268875914,499960.4383373267
5050.0,0.925,N2,171.52936541328364,0.29601223518749176,499960.4383373267
5050.0,0.9750000000000001,CO2,30.269594940344167,0.9704271071457746,499958.2998690741
5050.0,0.9750000000000001,N2,171.5293654132836,0.29601223518749153,499958.2998690741
5100.0,0.025,CO2,30.269888014101863,0.9704347826084682,499998.9307658737
5100.0,0.025,N2,171.5293654132838,0.29601223518749287,499998.9307658737
5100.0,0.07500000000000001,CO2,30.269888014063035,0.9704347826072233,499996.7922976211
5100.0,0.07500000000000001,N2,171.5293654132838,0.29601223518749287,499996.7922976211
5100.0,0.125,CO2,30.26988801390112,0.9704347826020879,499994.6538293685
5100.0,0.125,N2,171.5293654132838,0.29601223518749287,499994.6538293685
5100.0,0.17500000000000002,CO2,30.26988801332817,0.9704347825841492,499992.51536111586
5100.0,0.17500000000000002,N2,171.5293654132838,0.29601223518749287,499992.51536111586
5100.0,0.225,CO2,30.26988801152592,0.9704347825285167,499990.37689286325
5100.0,0.225,N2,171.52936541328378,0.29601223518749287,499990.37689286325
5100.0,0.275,CO2,30.269888006355696,0.9704347823712625,499988.23842461064
5100.0,0.275,N2,171.5293654132838,0.29601223518749287,499988.23842461064
5100.0,0.325,CO2,30.269887992601713,0.9704347819591427,499986.099956358
5100.0,0.325,N2,171.5293654132838,0.29601223518749287,499986.099956358
5100.0,0.375,CO2,30.269887958266597,0.9704347809455063,499983.9614881054
5100.0,0.375,N2,171.5293654132838,0.2960122351874928,499983.9614881054
5100.0,0.42500000000000004,CO2,30.269887877103013,0.9704347785840239,499981.8230198528
5100.0,0.42500000000000004,N2,171.5293654132838,0.2960122351874928,499981.8230198528
5100.0,0.47500000000000003,CO2,30.269887694125106,0.9704347733348846,499979.6845516002
5100.0,0.47500000000000003,N2,171.52936541328378,0.2960122351874928,499979.6845516002
5100.0,0.525,CO2,30.26988729841539,0.9704347621365004,499977.5460833476
5100.0,0.525,N2,171.52936541328378,0.2960122351874928,499977.5460833476
5100.0,0.5750000000000001,CO2,30.269886473520593,0.970434739094796,499975.40761509497
5100.0,0.5750000000000001,N2,171.52936541328378,0.2960122351874927,499975.40761509497
5100.0,0.625,CO2,30.269884809162033,0.9704346931785787,499973.26914684236
5100.0,0.625,N2,171.52936541328378,0.2960122351874927,499973.26914684236
5100.0,0.675,CO2,30.26988154739181,0.9704346042469745,499971.13067858975
5100.0,0.675,N2,171.52936541328378,0.29601223518749264,499971.13067858975
5100.0,0.7250000000000001,CO2,30.269875319526932,0.9704344363188052,499968.99221033714
5100.0,0.7250000000000001,N2,171.52936541328376,0.2960122351874926,499968.99221033714
5100.0,0.775,CO2,30.269863705094224,0.9704341263659254,499966.8537420845
5100.0,0.775,N2,171.52936541328373,0.2960122351874925,499966.8537420845
5100.0,0.8250000000000001,CO2,30.2698425187056,0.970433566246757,499964.7152738319
5100.0,0.8250000000000001,N2,171.52936541328373,0.29601223518749237,499964.7152738319
5100.0,0.875,CO2,30.26980481254071,0.9704325772920332,499962.5768055793
5100.0,0.875,N2,171.5293654132837,0.2960122351874922,499962.5768055793
5100.0,0.925,CO2,30.269740707116284,0.9704309050966876,499960.4383373267
5100.0,0.925,N2,171.52936541328367,0.2960122351874921,499960.4383373267
5100.0,0.9750000000000001,CO2,30.269648916371178,0.9704285130495117,499958.2998690741
5100.0,0.9750000000000001,N2,171.52936541328364,0.29601223518749187,499958.2998690741
5150.0,0.025,CO2,30.26988801410342,0.9704347826085186,499998.9307658737
5150.0,0.025,N2,171.5293654132838,0.29601223518749287,499998.9307658737
5150.0,0.07500000000000001,CO2,30.269888014073153,0.9704347826075486,499996.7922976211
5150.0,0.07500000000000001,N2,171.5293654132838,0.29601223518749287,499996.7922976211
5150.0,0.125,CO2,30.269888013946684,0.970434782603538,499994.6538293685
5150.0,0.125,N2,171.5293654132838,0.29601223518749287,499994.6538293685
5150.0,0.17500000000000002,CO2,30.269888013498075,0.9704347825894916,499992.51536111586
5150.0,0.17500000000000002,N2,171.5293654132838,0.29601223518749287,499992.51536111586
5150.0,0.225,CO2,30.269888012083083,0.9704347825458027,499990.37689286325
5150.0,0.225,N2,171.5293654132838,0.29601223518749287,499990.37689286325
5150.0,0.275,CO2,30.269888008011883,0.9704347824219249,499988.23842461064
5150.0,0.275,N2,171.5293654132838,0.29601223518749287,499988.23842461064
5150.0,0.325,CO2,30.269887997148565,0.9704347820962362,499986.099956358
5150.0,0.325,N2,171.5293654132838,0.29601223518749287,499986.099956358
5150.0,0.375,CO2,30.269887969945593,0.9704347812925929,499983.9614881054
5150.0,0.375,N2,171.52936541328378,0.29601223518749287,499983.9614881054
5150.0,0.42500000000000004,CO2,30.269887905441607,0.9704347794143012,499981.8230198528
5150.0,0.42500000000000004,N2,171.5293654132838,0.29601223518749287,499981.8230198528
5150.0,0.47500000000000003,CO2,30.269887759573262,0.9704347752259306,499979.6845516002
5150.0,0.47500000000000003,N2,171.52936541328378,0.2960122351874928,499979.6845516002
5150.0,0.525,CO2,30.269887443159725,0.9704347662627426,499977.5460833476
5150.0,0.525,N2,171.52936541328378,0.2960122351874928,499977.5460833476
5150.0,0.5750000000000001,CO2,30.26988678160831,0.9704347477642784,499975.40761509497
5150.0,0.5750000000000001,N2,171.5293654132838,0.2960122351874928,499975.40761509497
5150.0,0.625,CO2,30.269885442970615,0.9704347107934627,499973.26914684236
5150.0,0.625,N2,171.52936541328378,0.2960122351874928,499973.26914684236
5150.0,0.675,CO2,30.26988281221718,0.9704346389852039,499971.13067858975
5150.0,0.675,N2,171.52936541328378,0.2960122351874927,499971.13067858975
5150.0,0.7250000000000001,CO2,30.269877775674793,0.9704345030231915,499968.99221033714
5150.0,0.7250000000000001,N2,171.52936541328376,0.29601223518749264,499968.99221033714
5150.0,0.775,CO2,30.269868358701935,0.9704342514210277,499966.8537420845
5150.0,0.775,N2,171.52936541328376,0.29601223518749264,499966.8537420845
5150.0,0.8250000000000001,CO2,30.26985113837019,0.9704337956230237,499964.7152738319
5150.0,0.8250000000000001,N2,171.52936541328373,0.2960122351874925,499964.7152738319
5150.0,0.875,CO2,30.269820418994225,0.9704329889676316,499962.5768055793
5150.0,0.875,N2,171.52936541328373,0.2960122351874924,499962.5768055793
5150.0,0.925,CO2,30.269768080081004,0.9704316220326082,499960.4383373267
5150.0,0.925,N2,171.5293654132837,0.2960122351874923,499960.4383373267
5150.0,0.9750000000000001,CO2,30.269693008322115,0.9704296629979619,499958.2998690741
5150.0,0.9750000000000001,N2,171.5293654132837,0.29601223518749215,499958.2998690741
5200.0,0.025,CO2,30.26988801410463,0.9704347826085578,499998.9307658737
5200.0,0.025,N2,171.52936541328378,0.29601223518749287,499998.9307658737
5200.0,0.07500000000000001,CO2,30.269888014081037,0.9704347826078018,499996.7922976211
5200.0,0.07500000000000001,N2,171.5293654132838,0.29601223518749287,499996.7922976211
5200.0,0.125,CO2,30.269888013982253,0.9704347826046696,499994.6538293685
5200.0,0.125,N2,171.5293654132838,0.29601223518749287,499994.6538293685
5200.0,0.17500000000000002,CO2,30.269888013631,0.9704347825936711,499992.51536111586
5200.0,0.17500000000000002,N2,171.52936541328378,0.29601223518749287,499992.51536111586
5200.0,0.225,CO2,30.26988801252009,0.9704347825593633,499990.37689286325
5200.0,0.225,N2,171.5293654132838,0.29601223518749287,499990.37689286325
5200.0,0.275,CO2,30.26988800931455,0.9704347824617863,499988.23842461064
5200.0,0.275,N2,171.5293654132838,0.29601223518749287,499988.23842461064
5200.0,0.325,CO2,30.269888000735293,0.9704347822044332,499986.099956358
5200.0,0.325,N2,171.52936541328378,0.29601223518749287,499986.099956358
5200.0,0.375,CO2,30.26988797918595,0.9704347815673757,499983.9614881054
5200.0,0.375,N2,171.52936541328378,0.29601223518749287,499983.9614881054
5200.0,0.42500000000000004,CO2,30.26988792793052,0.9704347800736761,499981.8230198528
5200.0,0.42500000000000004,N2,171.5293654132838,0.29601223518749287,499981.8230198528
5200.0,0.47500000000000003,CO2,30.269887811667694,0.9704347767323923,499979.6845516002
5200.0,0.47500000000000003,N2,171.5293654132838,0.29601223518749287,499979.6845516002
5200.0,0.525,CO2,30.26988755871369,0.9704347695598741,499977.5460833476
5200.0,0.525,N2,171.52936541328378,0.2960122351874928,499977.5460833476
5200.0,0.5750000000000001,CO2,30.269887028282835,0.9704347547124562,499975.40761509497
5200.0,0.5750000000000001,N2,171.5293654132838,0.2960122351874928,499975.40761509497
5200.0,0.625,CO2,30.269885951885563,0.9704347249519925,499973.26914684236
5200.0,0.625,N2,171.52936541328378,0.2960122351874928,499973.26914684236
5200.0,0.675,CO2,30.269883830621108,0.970434666985731,499971.13067858975
5200.0,0.675,N2,171.52936541328378,0.2960122351874928,499971.13067858975
5200.0,0.7250000000000001,CO2,30.269879758605978,0.970434556935635,499968.99221033714
5200.0,0.7250000000000001,N2,171.52936541328378,0.2960122351874927,499968.99221033714
5200.0,0.775,CO2,30.26987212543537,0.9704343527575212,499966.8537420845
5200.0,0.775,N2,171.52936541328378,0.2960122351874927,499966.8537420845
5200.0,0.8250000000000001,CO2,30.269858132658822,0.9704339819585367,499964.7152738319
5200.0,0.8250000000000001,N2,171.52936541328376,0.29601223518749264,499964.7152738319
5200.0,0.875,CO2,30.26983311264825,0.9704333241925623,499962.5768055793
5200.0,0.875,N2,171.52936541328373,0.2960122351874926,499962.5768055793
5200.0,0.925,CO2,30.26979039330045,0.9704322071374274,499960.4383373267
5200.0,0.925,N2,171.52936541328373,0.2960122351874925,499960.4383373267
5200.0,0.9750000000000001,CO2,30.26972901514962,0.9704306032848028,499958.2998690741
5200.0,0.9750000000000001,N2,171.5293654132837,0.29601223518749237,499958.2998690741
5250.0,0.025,CO2,30.26988801410558,0.9704347826085884,499998.9307658737
5250.0,0.025,N2,171.52936541328378,0.29601223518749287,499998.9307658737
5250.0,0.07500000000000001,CO2,30.269888014087183,0.9704347826079991,499996.7922976211
5250.0,0.07500000000000001,N2,171.5293654132838,0.29601223518749287,499996.7922976211
5250.0,0.125,CO2,30.269888014010014,0.9704347826055528,499994.6538293685
5250.0,0.125,N2,171.5293654132838,0.29601223518749287,499994.6538293685
5250.0,0.17500000000000002,CO2,30.26988801373499,0.9704347825969409,499992.51536111586
5250.0,0.17500000000000002,N2,171.5293654132838,0.29601223518749287,499992.51536111586
5250.0,0.225,CO2,30.269888012862854,0.9704347825700012,499990.37689286325
5250.0,0.225,N2,171.5293654132838,0.29601223518749287,499990.37689286325
5250.0,0.275,CO2,30.269888010339088,0.9704347824931474,499988.23842461064
5250.0,0.275,N2,171.5293654132838,0.29601223518749287,499988.23842461064
5250.0,0.325,CO2,30.269888003564382,0.9704347822898158,499986.099956358
5250.0,0.325,N2,171.5293654132838,0.29601223518749287,499986.099956358
5250.0,0.375,CO2,30.269887986495984,0.9704347817848881,499983.9614881054
5250.0,0.375,N2,171.5293654132838,0.29601223518749287,499983.9614881054
5250.0,0.42500000000000004,CO2,30.269887945774602,0.9704347805972425,499981.8230198528
5250.0,0.42500000000000004,N2,171.52936541328378,0.29601223518749287,499981.8230198528
5250.0,0.47500000000000003,CO2,30.26988785312587,0.9704347779322599,499979.6845516002
5250.0,0.47500000000000003,N2,171.5293654132838,0.29601223518749287,499979.6845516002
5250.0,0.525,CO2,30.269887650946156,0.9704347721939456,499977.5460833476
5250.0,0.525,N2,171.5293654132838,0.29601223518749287,499977.5460833476
5250.0,0.5750000000000001,CO2,30.269887225743947,0.9704347602798287,499975.40761509497
5250.0,0.5750000000000001,N2,171.52936541328378,0.2960122351874928,499975.40761509497
5250.0,0.625,CO2,30.269886360423587,0.9704347363296069,499973.26914684236
5250.0,0.625,N2,171.52936541328378,0.2960122351874928,499973.26914684236
5250.0,0.675,CO2,30.269884650413296,0.9704346895496074,499971.13067858975
5250.0,0.675,N2,171.52936541328378,0.2960122351874928,499971.13067858975
5250.0,0.7250000000000001,CO2,30.269881359085495,0.9704346004976678,499968.99221033714
5250.0,0.7250000000000001,N2,171.52936541328378,0.2960122351874928,499968.99221033714
5250.0,0.775,CO2,30.2698751735094,0.9704344348515294,499966.8537420845
5250.0,0.775,N2,171.52936541328378,0.2960122351874928,499966.8537420845
5250.0,0.8250000000000001,CO2,30.269863806526807,0.9704341332872719,499964.7152738319
5250.0,0.8250000000000001,N2,171.52936541328378,0.2960122351874927,499964.7152738319
5250.0,0.875,CO2,30.269843434289722,0.9704335970864,499962.5768055793
5250.0,0.875,N2,171.52936541328376,0.29601223518749264,499962.5768055793
5250.0,0.925,CO2,30.269808576825923,0.970432684511607,499960.4383373267
5250.0,0.925,N2,171.52936541328376,0.29601223518749264,499960.4383373267
5250.0,0.9750000000000001,CO2,30.269758410442705,0.9704313718903864,499958.2998690741
5250.0,0.9750000000000001,N2,171.52936541328373,0.2960122351874925,499958.2998690741
5300.0,0.025,CO2,30.269888014106314,0.9704347826086122,499998.9307658737
5300.0,0.025,N2,171.5293654132838,0.29601223518749287,499998.9307658737
5300.0,0.07500000000000001,CO2,30.26988801409197,0.9704347826081529,499996.7922976211
5300.0,0.07500000000000001,N2,171.52936541328378,0.29601223518749287,499996.7922976211
5300.0,0.125,CO2,30.26988801403169,0.9704347826062422,499994.6538293685
5300.0,0.125,N2,171.52936541328378,0.29601223518749287,499994.6538293685
5300.0,0.17500000000000002,CO2,30.269888013816356,0.9704347825994991,499992.51536111586
5300.0,0.17500000000000002,N2,171.52936541328378,0.29601223518749287,499992.51536111586
5300.0,0.225,CO2,30.2698880131317,0.9704347825783458,499990.37689286325
5300.0,0.225,N2,171.52936541328378,0.29601223518749287,499990.37689286325
5300.0,0.275,CO2,30.269888011144836,0.9704347825178191,499988.23842461064
5300.0,0.275,N2,171.52936541328378,0.29601223518749287,499988.23842461064
5300.0,0.325,CO2,30.269888005795668,0.9704347823571877,499986.099956358
5300.0,0.325,N2,171.5293654132838,0.29601223518749287,499986.099956358
5300.0,0.375,CO2,30.26988799227826,0.9704347819570436,499983.9614881054
5300.0,0.375,N2,171.5293654132838,0.29601223518749287,499983.9614881054
5300.0,0.42500000000000004,CO2,30.269887959931136,0.9704347810129064,499981.8230198528
5300.0,0.42500000000000004,N2,171.52936541328378,0.29601223518749287,499981.8230198528
5300.0,0.47500000000000003,CO2,30.269887886113825,0.9704347788877565,499979.6845516002
5300.0,0.47500000000000003,N2,171.52936541328378,0.29601223518749287,499979.6845516002
5300.0,0.525,CO2,30.269887724549847,0.9704347742978696,499977.5460833476
5300.0,0.525,N2,171.5293654132838,0.29601223518749287,499977.5460833476
5300.0,0.5750000000000001,CO2,30.26988738377683,0.9704347647398055,499975.40761509497
5300.0,0.5750000000000001,N2,171.52936541328378,0.2960122351874928,499975.40761509497
5300.0,0.625,CO2,30.269886688308386,0.9704347454703244,499973.26914684236
5300.0,0.625,N2,171.52936541328378,0.29601223518749287,499973.26914684236
5300.0,0.675,CO2,30.269885310168746,0.9704347077278349,499971.13067858975
5300.0,0.675,N2,171.5293654132838,0.2960122351874928,499971.13067858975
5300.0,0.7250000000000001,CO2,30.269882650552088,0.9704346356871624,499968.99221033714
5300.0,0.7250000000000001,N2,171.5293654132838,0.2960122351874928,499968.99221033714
5300.0,0.775,CO2,30.269877639394384,0.970434501338931,499966.8537420845
5300.0,0.775,N2,171.52936541328378,0.2960122351874928,499966.8537420845
5300.0,0.8250000000000001,CO2,30.269868408016933,0.9704342561518999,499964.7152738319
5300.0,0.8250000000000001,N2,171.52936541328378,0.29601223518749276,499964.7152738319
5300.0,0.875,CO2,30.269851824862656,0.9704338191760847,499962.5768055793
5300.0,0.875,N2,171.52936541328378,0.2960122351874927,499962.5768055793
5300.0,0.925,CO2,30.26982339076753,0.9704330738768476,499960.4383373267
5300.0,0.925,N2,171.52936541328378,0.2960122351874927,499960.4383373267
5300.0,0.9750000000000001,CO2,30.269782400997325,0.970431999962951,499958.2998690741
5300.0,0.9750000000000001,N2,171.52936541328376,0.29601223518749264,499958.2998690741
5350.0,0.025,CO2,30.269888014106886,0.9704347826086306,499998.9307658737
5350.0,0.025,N2,171.5293654132838,0.29601223518749287,499998.9307658737
5350.0,0.07500000000000001,CO2,30.26988801409569,0.9704347826082725,499996.7922976211
5350.0,0.07500000000000001,N2,171.5293654132838,0.29601223518749287,499996.7922976211
5350.0,0.125,CO2,30.26988801404861,0.9704347826067803,499994.6538293685
5350.0,0.125,N2,171.5293654132838,0.29601223518749287,499994.6538293685
5350.0,0.17500000000000002,CO2,30.269888013880006,0.9704347826015004,499992.51536111586
5350.0,0.17500000000000002,N2,171.52936541328378,0.29601223518749287,499992.51536111586
5350.0,0.225,CO2,30.269888013342545,0.9704347825848915,499990.37689286325
5350.0,0.225,N2,171.5293654132838,0.29601223518749287,499990.37689286325
5350.0,0.275,CO2,30.26988801177848,0.970434782537227,499988.23842461064
5350.0,0.275,N2,171.52936541328378,0.29601223518749287,499988.23842461064
5350.0,0.325,CO2,30.26988800755532,0.970434782410343,499986.099956358
5350.0,0.325,N2,171.52936541328378,0.29601223518749287,499986.099956358
5350.0,0.375,CO2,30.26988799685153,0.9704347820932829,499983.9614881054
5350.0,0.375,N2,171.5293654132838,0.29601223518749287,499983.9614881054
5350.0,0.42500000000000004,CO2,30.26988797116056,0.9704347813428542,499981.8230198528
5350.0,0.42500000000000004,N2,171.52936541328378,0.29601223518749287,499981.8230198528
5350.0,0.47500000000000003,CO2,30.269887912357703,0.9704347796485152,499979.6845516002
5350.0,0.47500000000000003,N2,171.52936541328378,0.29601223518749287,499979.6845516002
5350.0,0.525,CO2,30.269887783276264,0.9704347759780081,499977.5460833476
5350.0,0.525,N2,171.52936541328378,0.29601223518749287,499977.5460833476
5350.0,0.5750000000000001,CO2,30.26988751022813,0.9704347683118703,499975.40761509497
5350.0,0.5750000000000001,N2,171.5293654132838,0.29601223518749287,499975.40761509497
5350.0,0.625,CO2,30.269886951403564,0.970434752812196,499973.26914684236
5350.0,0.625,N2,171.52936541328378,0.29601223518749287,499973.26914684236
5350.0,0.675,CO2,30.26988584100305,0.9704347223691813,499971.13067858975
5350.0,0.675,N2,171.5293654132838,0.2960122351874928,499971.13067858975
5350.0,0.7250000000000001,CO2,30.269883692408975,0.9704346641059125,499968.99221033714
5350.0,0.7250000000000001,N2,171.5293654132838,0.2960122351874928,499968.99221033714
5350.0,0.775,CO2,30.269879633774767,0.9704345551722031,499966.8537420845
5350.0,0.775,N2,171.5293654132838,0.2960122351874928,499966.8537420845
5350.0,0.8250000000000001,CO2,30.269872138821245,0.9704343558789897,499964.7152738319
5350.0,0.8250000000000001,N2,171.52936541328378,0.29601223518749276,499964.7152738319
5350.0,0.875,CO2,30.269858643793025,0.9704339998690795,499962.5768055793
5350.0,0.875,N2,171.52936541328378,0.2960122351874928,499962.5768055793
5350.0,0.925,CO2,30.269835456147042,0.97043339136647,499960.4383373267
5350.0,0.925,N2,171.52936541328376,0.29601223518749276,499960.4383373267
5350.0,0.9750000000000001,CO2,30.269801974744965,0.970432513038143,499958.2998690741
5350.0,0.9750000000000001,N2,171.52936541328378,0.2960122351874927,499958.2998690741
5400.0,0.025,CO2,30.26988801410733,0.970434782608645,499998.9307658737
5400.0,0.025,N2,171.5293654132838,0.29601223518749287,499998.9307658737
5400.0,0.07500000000000001,CO2,30.26988801409861,0.9704347826083659,499996.7922976211
5400.0,0.07500000000000001,N2,171.5293654132838,0.29601223518749287,499996.7922976211
5400.0,0.125,CO2,30.269888014061824,0.9704347826072003,499994.6538293685
5400.0,0.125,N2,171.5293654132838,0.29601223518749287,499994.6538293685
5400.0,0.17500000000000002,CO2,30.269888013929812,0.9704347826030661,499992.51536111586
5400.0,0.17500000000000002,N2,171.5293654132838,0.29601223518749287,499992.51536111586
5400.0,0.225,CO2,30.26988801350791,0.9704347825900259,499990.37689286325
5400.0,0.225,N2,171.5293654132838,0.29601223518749287,499990.37689286325
5400.0,0.275,CO2,30.26988801227676,0.9704347825524934,499988.23842461064
5400.0,0.275,N2,171.5293654132838,0.29601223518749287,499988.23842461064
5400.0,0.325,CO2,30.269888008942907,0.9704347824522777,499986.099956358
5400.0,0.325,N2,171.52936541328378,0.29601223518749287,499986.099956358
5400.0,0.375,CO2,30.269888000468168,0.9704347822010856,499983.9614881054
5400.0,0.375,N2,171.52936541328378,0.29601223518749287,499983.9614881054
5400.0,0.42500000000000004,CO2,30.269887980066848,0.9704347816047221,499981.8230198528
5400.0,0.42500000000000004,N2,171.52936541328378,0.29601223518749287,499981.8230198528
5400.0,0.47500000000000003,CO2,30.26988793323283,0.970434780254118,499979.6845516002
5400.0,0.47500000000000003,N2,171.5293654132838,0.29601223518749287,499979.6845516002
5400.0,0.525,CO2,30.26988783012381,0.9704347773194564,499977.5460833476
5400.0,0.525,N2,171.52936541328378,0.29601223518749287,499977.5460833476
5400.0,0.5750000000000001,CO2,30.269887611388494,0.9704347711721714,499975.40761509497
5400.0,0.5750000000000001,N2,171.5293654132838,0.29601223518749287,499975.40761509497
5400.0,0.625,CO2,30.269887162464876,0.9704347587078512,499973.26914684236
5400.0,0.625,N2,171.52936541328378,0.29601223518749287,499973.26914684236
5400.0,0.675,CO2,30.26988626800815,0.9704347341589011,499971.13067858975
5400.0,0.675,N2,171.52936541328378,0.29601223518749287,499971.13067858975
5400.0,0.7250000000000001,CO2,30.26988453269288,0.9704346870507642,499968.99221033714
5400.0,0.7250000000000001,N2,171.52936541328378,0.29601223518749287,499968.99221033714
5400.0,0.775,CO2,30.269881246395475,0.970434598748158,499966.8537420845
5400.0,0.775,N2,171.5293654132838,0.2960122351874928,499966.8537420845
5400.0,0.8250000000000001,CO2,30.269875162894227,0.9704344368037349,499964.7152738319
5400.0,0.8250000000000001,N2,171.52936541328378,0.2960122351874928,499964.7152738319
5400.0,0.875,CO2,30.26986418397128,0.9704341468407226,499962.5768055793
5400.0,0.875,N2,171.52936541328378,0.2960122351874928,499962.5768055793
5400.0,0.925,CO2,30.26984528018992,0.9704336501741071,499960.4383373267
5400.0,0.925,N2,171.52936541328378,0.2960122351874928,499960.4383373267
5400.0,0.9750000000000001,CO2,30.269817940163133,0.9704329320427784,499958.2998690741
5400.0,0.9750000000000001,N2,171.52936541328378,0.2960122351874928,499958.2998690741
5450.0,0.025,CO2,30.26988801410768,0.9704347826086562,499998.9307658737
5450.0,0.025,N2,171.5293654132838,0.29601223518749287,499998.9307658737
5450.0,0.07500000000000001,CO2,30.26988801410088,0.9704347826084386,499996.7922976211
5450.0,0.07500000000000001,N2,171.5293654132838,0.29601223518749287,499996.7922976211
5450.0,0.125,CO2,30.26988801407214,0.9704347826075281,499994.6538293685
5450.0,0.125,N2,171.52936541328378,0.29601223518749287,499994.6538293685
5450.0,0.17500000000000002,CO2,30.269888013968778,0.9704347826042912,499992.51536111586
5450.0,0.17500000000000002,N2,171.5293654132838,0.29601223518749287,499992.51536111586
5450.0,0.225,CO2,30.2698880136376,0.9704347825940531,499990.37689286325
5450.0,0.225,N2,171.52936541328378,0.29601223518749287,499990.37689286325
5450.0,0.275,CO2,30.26988801266857,0.9704347825645011,499988.23842461064
5450.0,0.275,N2,171.5293654132838,0.29601223518749287,499988.23842461064
5450.0,0.325,CO2,30.26988801003701,0.9704347824853571,499986.099956358
5450.0,0.325,N2,171.52936541328378,0.29601223518749287,499986.099956358
5450.0,0.375,CO2,30.26988800332797,0.9704347822863767,499983.9614881054
5450.0,0.375,N2,171.52936541328378,0.29601223518749287,499983.9614881054
5450.0,0.42500000000000004,CO2,30.269887987129636,0.970434781812526,499981.8230198528
5450.0,0.42500000000000004,N2,171.52936541328378,0.29601223518749287,499981.8230198528
5450.0,0.47500000000000003,CO2,30.26988794983484,0.970434780736125,499979.6845516002
5450.0,0.47500000000000003,N2,171.52936541328378,0.29601223518749287,499979.6845516002
5450.0,0.525,CO2,30.269887867488457,0.9704347783902801,499977.5460833476
5450.0,0.525,N2,171.5293654132838,0.29601223518749287,499977.5460833476
5450.0,0.5750000000000001,CO2,30.26988769229994,0.9704347734620439,499975.40761509497
5450.0,0.5750000000000001,N2,171.5293654132838,0.29601223518749287,499975.40761509497
5450.0,0.625,CO2,30.26988733174649,0.97043476344108,499973.26914684236
5450.0,0.625,N2,171.52936541328378,0.29601223518749287,499973.26914684236
5450.0,0.675,CO2,30.269886611413067,0.9704347436500828,499971.13067858975
5450.0,0.675,N2,171.5293654132838,0.29601223518749287,499971.13067858975
5450.0,0.7250000000000001,CO2,30.26988521023819,0.9704347055713678,499968.99221033714
5450.0,0.7250000000000001,N2,171.52936541328378,0.29601223518749287,499968.99221033714
5450.0,0.775,CO2,30.26988255000257,0.970434634011946,499966.8537420845
5450.0,0.775,N2,171.52936541328378,0.29601223518749287,499966.8537420845
5450.0,0.8250000000000001,CO2,30.26987761347487,0.9704345024534069,499964.7152738319
5450.0,0.8250000000000001,N2,171.52936541328378,0.2960122351874928,499964.7152738319
5450.0,0.875,CO2,30.269868683998215,0.9704342663512389,499962.5768055793
5450.0,0.875,N2,171.52936541328378,0.2960122351874928,499962.5768055793
5450.0,0.925,CO2,30.269853277049926,0.9704338610859308,499960.4383373267
5450.0,0.925,N2,171.52936541328378,0.2960122351874928,499960.4383373267
5450.0,0.9750000000000001,CO2,30.269830958652815,0.9704332741205841,499958.2998690741
5450.0,0.9750000000000001,N2,171.52936541328378,0.2960122351874928,499958.2998690741
5500.0,0.025,CO2,30.26988801410795,0.9704347826086649,499998.9307658737
5500.0,0.025,N2,171.5293654132838,0.29601223518749287,499998.9307658737
5500.0,0.07500000000000001,CO2,30.269888014102648,0.9704347826084954,499996.7922976211
5500.0,0.07500000000000001,N2,171.5293654132838,0.29601223518749287,499996.7922976211
5500.0,0.125,CO2,30.269888014080195,0.970434782607784,499994.6538293685
5500.0,0.125,N2,171.5293654132838,0.29601223518749287,499994.6538293685
5500.0,0.17500000000000002,CO2,30.26988801399926,0.9704347826052495,499992.51536111586
5500.0,0.17500000000000002,N2,171.5293654132838,0.29601223518749287,499992.51536111586
5500.0,0.225,CO2,30.269888013739315,0.9704347825972119,499990.37689286325
5500.0,0.225,N2,171.5293654132838,0.29601223518749287,499990.37689286325
5500.0,0.275,CO2,30.269888012976644,0.9704347825739452,499988.23842461064
5500.0,0.275,N2,171.52936541328378,0.29601223518749287,499988.23842461064
5500.0,0.325,CO2,30.26988801089963,0.9704347825114489,499986.099956358
5500.0,0.325,N2,171.52936541328378,0.29601223518749287,499986.099956358
5500.0,0.375,CO2,30.269888005589067,0.970434782353849,499983.9614881054
5500.0,0.375,N2,171.5293654132838,0.29601223518749287,499983.9614881054
5500.0,0.42500000000000004,CO2,30.26988799272975,0.9704347819774035,499981.8230198528
5500.0,0.42500000000000004,N2,171.52936541328378,0.29601223518749287,499981.8230198528
5500.0,0.47500000000000003,CO2,30.26988796303632,0.970434781119695,499979.6845516002
5500.0,0.47500000000000003,N2,171.52936541328378,0.29601223518749287,499979.6845516002
5500.0,0.525,CO2,30.269887897284367,0.9704347792449113,499977.5460833476
5500.0,0.525,N2,171.5293654132838,0.29601223518749287,499977.5460833476
5500.0,0.5750000000000001,CO2,30.26988775700277,0.9704347752948616,499975.40761509497
5500.0,0.5750000000000001,N2,171.52936541328378,0.29601223518749287,499975.40761509497
5500.0,0.625,CO2,30.269887467489543,0.9704347672402123,499973.26914684236
5500.0,0.625,N2,171.5293654132838,0.29601223518749287,499973.26914684236
5500.0,0.675,CO2,30.269886887522073,0.9704347512890158,499971.13067858975
5500.0,0.675,N2,171.5293654132838,0.29601223518749287,499971.13067858975
5500.0,0.7250000000000001,CO2,30.26988575643126,0.9704347205170548,499968.99221033714
5500.0,0.7250000000000001,N2,171.52936541328378,0.29601223518749287,499968.99221033714
5500.0,0.775,CO2,30.2698836035464,0.9704346625417056,499966.8537420845
5500.0,0.775,N2,171.52936541328378,0.29601223518749287,499966.8537420845
5500.0,0.8250000000000001,CO2,30.269879598809705,0.970434555697068,499964.7152738319
5500.0,0.8250000000000001,N2,171.5293654132838,0.2960122351874928,499964.7152738319
5500.0,0.875,CO2,30.269872338190726,0.9704343635051006,499962.5768055793
5500.0,0.875,N2,171.52936541328378,0.2960122351874928,499962.5768055793
5500.0,0.925,CO2,30.269859784783836,0.9704340329171746,499960.4383373267
5500.0,0.925,N2,171.52936541328378,0.2960122351874928,499960.4383373267
5500.0,0.9750000000000001,CO2,30.26984157111713,0.97043355331119,499958.2998690741
5500.0,0.9750000000000001,N2,171.52936541328378,0.2960122351874928,499958.2998690741
5550.0,0.025,CO2,30.269888014108155,0.9704347826086717,499998.9307658737
5550.0,0.025,N2,171.52936541328378,0.29601223518749287,499998.9307658737
5550.0,0.07500000000000001,CO2,30.269888014104023,0.9704347826085394,499996.7922976211
5550.0,0.07500000000000001,N2,171.5293654132838,0.29601223518749287,499996.7922976211
5550.0,0.125,CO2,30.269888014086483,0.9704347826079838,499994.6538293685
5550.0,0.125,N2,171.5293654132838,0.29601223518749287,499994.6538293685
5550.0,0.17500000000000002,CO2,30.269888014023117,0.9704347826059994,499992.51536111586
5550.0,0.17500000000000002,N2,171.5293654132838,0.29601223518749287,499992.51536111586
5550.0,0.225,CO2,30.269888013819088,0.9704347825996895,499990.37689286325
5550.0,0.225,N2,171.52936541328378,0.29601223518749287,499990.37689286325
5550.0,0.275,CO2,30.26988801321886,0.9704347825813725,499988.23842461064
5550.0,0.275,N2,171.5293654132838,0.29601223518749287,499988.23842461064
5550.0,0.325,CO2,30.269888011579692,0.9704347825320272,499986.099956358
5550.0,0.325,N2,171.5293654132838,0.29601223518749287,499986.099956358
5550.0,0.375,CO2,30.269888007376604,0.9704347824072186,499983.9614881054
5550.0,0.375,N2,171.5293654132838,0.29601223518749287,499983.9614881054
5550.0,0.42500000000000004,CO2,30.269887997169516,0.9704347821082032,499981.8230198528
5550.0,0.42500000000000004,N2,171.52936541328378,0.29601223518749287,499981.8230198528
5550.0,0.47500000000000003,CO2,30.26988797353216,0.9704347814248795,499979.6845516002
5550.0,0.47500000000000003,N2,171.5293654132838,0.29601223518749287,499979.6845516002
5550.0,0.525,CO2,30.269887921040507,0.9704347799268683,499977.5460833476
5550.0,0.525,N2,171.52936541328378,0.29601223518749287,499977.5460833476
5550.0,0.5750000000000001,CO2,30.269887808733866,0.970434776761547,499975.40761509497
5550.0,0.5750000000000001,N2,171.52936541328378,0.29601223518749287,499975.40761509497
5550.0,0.625,CO2,30.26988757631573,0.9704347702889081,499973.26914684236
5550.0,0.625,N2,171.52936541328378,0.29601223518749287,499973.26914684236
5550.0,0.675,CO2,30.26988710947276,0.9704347574357163,499971.13067858975
5550.0,0.675,N2,171.52936541328378,0.29601223518749287,499971.13067858975
5550.0,0.7250000000000001,CO2,30.26988619663202,0.9704347325748731,499968.99221033714
5550.0,0.7250000000000001,N2,171.52936541328378,0.29601223518749287,499968.99221033714
5550.0,0.775,CO2,30.269884454784542,0.9704346856174405,499966.8537420845
5550.0,0.775,N2,171.52936541328378,0.29601223518749287,499966.8537420845
5550.0,0.8250000000000001,CO2,30.269881206815693,0.9704345988677086,499964.7152738319
5550.0,0.8250000000000001,N2,171.5293654132838,0.29601223518749287,499964.7152738319
5550.0,0.875,CO2,30.269875304754635,0.9704344424631516,499962.5768055793
5550.0,0.875,N2,171.52936541328378,0.2960122351874928,499962.5768055793
5550.0,0.925,CO2,30.26986507925021,0.9704341728700356,499960.4383373267
5550.0,0.925,N2,171.5293654132838,0.2960122351874928,499960.4383373267
5550.0,0.9750000000000001,CO2,30.26985021977116,0.9704337811082167,499958.2998690741
5550.0,0.9750000000000001,N2,171.52936541328378,0.2960122351874928,499958.2998690741
5600.0,0.025,CO2,30.26988801410832,0.970434782608677,499998.9307658737
5600.0,0.025,N2,171.52936541328378,0.29601223518749287,499998.9307658737
5600.0,0.07500000000000001,CO2,30.2698880141051,0.9704347826085739,499996.7922976211
5600.0,0.07500000000000001,N2,171.52936541328378,0.29601223518749287,499996.7922976211
5600.0,0.125,CO2,30.26988801409139,0.9704347826081398,499994.6538293685
5600.0,0.125,N2,171.5293654132838,0.29601223518749287,499994.6538293685
5600.0,0.17500000000000002,CO2,30.269888014041776,0.970434782606586,499992.51536111586
5600.0,0.17500000000000002,N2,171.52936541328378,0.29601223518749287,499992.51536111586
5600.0,0.225,CO2,30.269888013881634,0.9704347826016326,499990.37689286325
5600.0,0.225,N2,171.52936541328378,0.29601223518749287,499990.37689286325
5600.0,0.275,CO2,30.269888013409293,0.9704347825872134,499988.23842461064
5600.0,0.275,N2,171.5293654132838,0.29601223518749287,499988.23842461064
5600.0,0.325,CO2,30.269888012115786,0.9704347825482557,499986.099956358
5600.0,0.325,N2,171.5293654132838,0.29601223518749287,499986.099956358
5600.0,0.375,CO2,30.26988800878961,0.9704347824494285,499983.9614881054
5600.0,0.375,N2,171.52936541328378,0.29601223518749287,499983.9614881054
5600.0,0.42500000000000004,CO2,30.26988800068889,0.9704347822119538,499981.8230198528
5600.0,0.42500000000000004,N2,171.52936541328378,0.29601223518749287,499981.8230198528
5600.0,0.47500000000000003,CO2,30.269887981875588,0.9704347816676573,499979.6845516002
5600.0,0.47500000000000003,N2,171.5293654132838,0.29601223518749287,499979.6845516002
5600.0,0.525,CO2,30.269887939977856,0.970434780470938,499977.5460833476
5600.0,0.525,N2,171.5293654132838,0.29601223518749287,499977.5460833476
5600.0,0.5750000000000001,CO2,30.269887850085833,0.9704347779350002,499975.40761509497
5600.0,0.5750000000000001,N2,171.5293654132838,0.29601223518749287,499975.40761509497
5600.0,0.625,CO2,30.269887663544207,0.9704347727348599,499973.26914684236
5600.0,0.625,N2,171.52936541328378,0.29601223518749287,499973.26914684236
5600.0,0.675,CO2,30.269887287848377,0.970434762380526,499971.13067858975
5600.0,0.675,N2,171.52936541328378,0.29601223518749287,499971.13067858975
5600.0,0.7250000000000001,CO2,30.269886551325616,0.9704347423004401,499968.99221033714
5600.0,0.7250000000000001,N2,171.52936541328378,0.29601223518749287,499968.99221033714
5600.0,0.775,CO2,30.269885142396255,0.9704347042770444,499966.8537420845
5600.0,0.775,N2,171.5293654132838,0.29601223518749287,499966.8537420845
5600.0,0.8250000000000001,CO2,30.269882508878034,0.9704346338618542,499964.7152738319
5600.0,0.8250000000000001,N2,171.52936541328378,0.29601223518749287,499964.7152738319
5600.0,0.875,CO2,30.269877712458158,0.9704345066160386,499962.5768055793
5600.0,0.875,N2,171.5293654132838,0.29601223518749287,499962.5768055793
5600.0,0.925,CO2,30.26986938548562,0.9704342868270167,499960.4383373267
5600.0,0.925,N2,171.5293654132838,0.29601223518749287,499960.4383373267
5600.0,0.9750000000000001,CO2,30.269857266032066,0.9704339669177988,499958.2998690741
5600.0,0.9750000000000001,N2,171.52936541328378,0.2960122351874928,499958.2998690741
5650.0,0.025,CO2,30.269888014108453,0.9704347826086811,499998.9307658737
5650.0,0.025,N2,171.5293654132838,0.29601223518749287,499998.9307658737
5650.0,0.07500000000000001,CO2,30.269888014105938,0.9704347826086006,499996.7922976211
5650.0,0.07500000000000001,N2,171.52936541328378,0.29601223518749287,499996.7922976211
5650.0,0.125,CO2,30.269888014095223,0.9704347826082617,499994.6538293685
5650.0,0.125,N2,171.5293654132838,0.29601223518749287,499994.6538293685
5650.0,0.17500000000000002,CO2,30.26988801405638,0.970434782607045,499992.51536111586
5650.0,0.17500000000000002,N2,171.5293654132838,0.29601223518749287,499992.51536111586
5650.0,0.225,CO2,30.269888013930693,0.9704347826031566,499990.37689286325
5650.0,0.225,N2,171.5293654132838,0.29601223518749287,499990.37689286325
5650.0,0.275,CO2,30.269888013559004,0.9704347825918066,499988.23842461064
5650.0,0.275,N2,171.52936541328378,0.29601223518749287,499988.23842461064
5650.0,0.325,CO2,30.26988801253836,0.9704347825610529,499986.099956358
5650.0,0.325,N2,171.52936541328378,0.29601223518749287,499986.099956358
5650.0,0.375,CO2,30.269888009906445,0.9704347824828083,499983.9614881054
5650.0,0.375,N2,171.52936541328378,0.29601223518749287,499983.9614881054
5650.0,0.42500000000000004,CO2,30.269888003478325,0.9704347822942374,499981.8230198528
5650.0,0.42500000000000004,N2,171.52936541328378,0.29601223518749287,499981.8230198528
5650.0,0.47500000000000003,CO2,30.269887988507,0.9704347818607585,499979.6845516002
5650.0,0.47500000000000003,N2,171.52936541328378,0.29601223518749287,499979.6845516002
5650.0,0.525,CO2,30.269887955071262,0.9704347809049207,499977.5460833476
5650.0,0.525,N2,171.5293654132838,0.29601223518749287,499977.5460833476
5650.0,0.5750000000000001,CO2,30.269887883134825,0.9704347788736569,499975.40761509497
5650.0,0.5750000000000001,N2,171.5293654132838,0.29601223518749287,499975.40761509497
5650.0,0.625,CO2,30.269887733446858,0.9704347746968056,499973.26914684236
5650.0,0.625,N2,171.5293654132838,0.29601223518749287,499973.26914684236
5650.0,0.675,CO2,30.269887431172325,0.970434766357535,499971.13067858975
5650.0,0.675,N2,171.5293654132838,0.29601223518749287,499971.13067858975
5650.0,0.7250000000000001,CO2,30.26988683705509,0.9704347501429612,499968.99221033714
5650.0,0.7250000000000001,N2,171.52936541328378,0.29601223518749287,499968.99221033714
5650.0,0.775,CO2,30.26988569769964,0.9704347193618567,499966.8537420845
5650.0,0.775,N2,171.52936541328378,0.29601223518749287,499966.8537420845
5650.0,0.8250000000000001,CO2,30.26988356294256,0.970434662220776,499964.7152738319
5650.0,0.8250000000000001,N2,171.52936541328378,0.29601223518749287,499964.7152738319
5650.0,0.875,CO2,30.269879666079305,0.9704345587259641,499962.5768055793
5650.0,0.875,N2,171.52936541328378,0.29601223518749287,499962.5768055793
5650.0,0.925,CO2,30.269872887013193,0.9704343795912704,499960.4383373267
5650.0,0.925,N2,171.52936541328378,0.29601223518749287,499960.4383373267
5650.0,0.9750000000000001,CO2,30.26986300518856,0.9704341184351521,499958.2998690741
5650.0,0.9750000000000001,N2,171.52936541328378,0.2960122351874928,499958.2998690741
5700.0,0.025,CO2,30.269888014108552,0.9704347826086843,499998.9307658737
5700.0,0.025,N2,171.5293654132838,0.29601223518749287,499998.9307658737
5700.0,0.07500000000000001,CO2,30.269888014106588,0.9704347826086216,499996.7922976211
5700.0,0.07500000000000001,N2,171.5293654132838,0.29601223518749287,499996.7922976211
5700.0,0.125,CO2,30.26988801409822,0.9704347826083567,499994.6538293685
5700.0,0.125,N2,171.52936541328378,0.29601223518749287,499994.6538293685
5700.0,0.17500000000000002,CO2,30.269888014067806,0.9704347826074041,499992.51536111586
5700.0,0.17500000000000002,N2,171.5293654132838,0.29601223518749287,499992.51536111586
5700.0,0.225,CO2,30.269888013969158,0.9704347826043519,499990.37689286325
5700.0,0.225,N2,171.52936541328378,0.29601223518749287,499990.37689286325
5700.0,0.275,CO2,30.2698880136767,0.9704347825954183,499988.23842461064
5700.0,0.275,N2,171.52936541328378,0.29601223518749287,499988.23842461064
5700.0,0.325,CO2,30.269888012871416,0.9704347825711431,499986.099956358
5700.0,0.325,N2,171.52936541328378,0.29601223518749287,499986.099956358
5700.0,0.375,CO2,30.269888010789096,0.9704347825092025,499983.9614881054
5700.0,0.375,N2,171.5293654132838,0.29601223518749287,499983.9614881054
5700.0,0.42500000000000004,CO2,30.26988800568894,0.9704347823594868,499981.8230198528
5700.0,0.42500000000000004,N2,171.5293654132838,0.29601223518749287,499981.8230198528
5700.0,0.47500000000000003,CO2,30.269887993776923,0.970434782014323,499979.6845516002
5700.0,0.47500000000000003,N2,171.52936541328378,0.29601223518749287,499979.6845516002
5700.0,0.525,CO2,30.26988796709897,0.9704347812510287,499977.5460833476
5700.0,0.525,N2,171.52936541328378,0.29601223518749287,499977.5460833476
5700.0,0.5750000000000001,CO2,30.26988790954303,0.9704347796243483,499975.40761509497
5700.0,0.5750000000000001,N2,171.5293654132838,0.29601223518749287,499975.40761509497
5700.0,0.625,CO2,30.269887789453637,0.9704347762701825,499973.26914684236
5700.0,0.625,N2,171.5293654132838,0.29601223518749287,499973.26914684236
5700.0,0.675,CO2,30.269887546307384,0.9704347695554305,499971.13067858975
5700.0,0.675,N2,171.52936541328378,0.29601223518749287,499971.13067858975
5700.0,0.7250000000000001,CO2,30.26988706717652,0.9704347564655104,499968.99221033714
5700.0,0.7250000000000001,N2,171.5293654132838,0.29601223518749287,499968.99221033714
5700.0,0.775,CO2,30.269886146045717,0.9704347315536942,499966.8537420845
5700.0,0.775,N2,171.5293654132838,0.29601223518749287,499966.8537420845
5700.0,0.8250000000000001,CO2,30.269884416032866,0.970434685196676,499964.7152738319
5700.0,0.8250000000000001,N2,171.5293654132838,0.29601223518749287,499964.7152738319
5700.0,0.875,CO2,30.269881250851185,0.9704346010425073,499962.5768055793
5700.0,0.875,N2,171.52936541328378,0.29601223518749287,499962.5768055793
5700.0,0.925,CO2,30.26987573345679,0.9704344550834545,499960.4383373267
5700.0,0.925,N2,171.52936541328378,0.29601223518749287,499960.4383373267
5700.0,0.9750000000000001,CO2,30.269867678425246,0.9704342419537126,499958.2998690741
5700.0,0.9750000000000001,N2,171.5293654132838,0.2960122351874928,499958.2998690741
5750.0,0.025,CO2,30.269888014108627,0.9704347826086869,499998.9307658737
5750.0,0.025,N2,171.5293654132838,0.29601223518749287,499998.9307658737
5750.0,0.07500000000000001,CO2,30.269888014107096,0.9704347826086378,499996.7922976211
5750.0,0.07500000000000001,N2,171.5293654132838,0.29601223518749287,499996.7922976211
5750.0,0.125,CO2,30.269888014100555,0.970434782608431,499994.6538293685
5750.0,0.125,N2,171.5293654132838,0.29601223518749287,499994.6538293685
5750.0,0.17500000000000002,CO2,30.26988801407674,0.9704347826076851,499992.51536111586
5750.0,0.17500000000000002,N2,171.5293654132838,0.29601223518749287,499992.51536111586
5750.0,0.225,CO2,30.269888013999324,0.9704347826052894,499990.37689286325
5750.0,0.225,N2,171.5293654132838,0.29601223518749287,499990.37689286325
5750.0,0.275,CO2,30.26988801376921,0.970434782598258,499988.23842461064
5750.0,0.275,N2,171.52936541328378,0.29601223518749287,499988.23842461064
5750.0,0.325,CO2,30.26988801313391,0.9704347825790988,499986.099956358
5750.0,0.325,N2,171.52936541328378,0.29601223518749287,499986.099956358
5750.0,0.375,CO2,30.269888011486604,0.9704347825300704,499983.9614881054
5750.0,0.375,N2,171.5293654132838,0.29601223518749287,499983.9614881054
5750.0,0.42500000000000004,CO2,30.269888007440617,0.9704347824112216,499981.8230198528
5750.0,0.42500000000000004,N2,171.5293654132838,0.29601223518749287,499981.8230198528
5750.0,0.47500000000000003,CO2,30.26988799796426,0.9704347821364266,499979.6845516002
5750.0,0.47500000000000003,N2,171.5293654132838,0.29601223518749287,499979.6845516002
5750.0,0.525,CO2,30.269887976682064,0.9704347815270061,499977.5460833476
5750.0,0.525,N2,171.52936541328378,0.29601223518749287,499977.5460833476
5750.0,0.5750000000000001,CO2,30.26988793064093,0.9704347802245965,499975.40761509497
5750.0,0.5750000000000001,N2,171.5293654132838,0.29601223518749287,499975.40761509497
5750.0,0.625,CO2,30.269887834317867,0.9704347775316801,499973.26914684236
5750.0,0.625,N2,171.5293654132838,0.29601223518749287,499973.26914684236
5750.0,0.675,CO2,30.269887638777842,0.9704347721262636,499971.13067858975
5750.0,0.675,N2,171.52936541328378,0.29601223518749287,499971.13067858975
5750.0,0.7250000000000001,CO2,30.269887252470166,0.9704347615614667,499968.99221033714
5750.0,0.7250000000000001,N2,171.52936541328378,0.29601223518749287,499968.99221033714
5750.0,0.775,CO2,30.269886507949845,0.9704347414049439,499966.8537420845
5750.0,0.775,N2,171.5293654132838,0.29601223518749287,499966.8537420845
5750.0,0.8250000000000001,CO2,30.26988510629851,0.9704347038066137,499964.7152738319
5750.0,0.8250000000000001,N2,171.5293654132838,0.29601223518749287,499964.7152738319
5750.0,0.875,CO2,30.269882536088286,0.970434635397228,499962.5768055793
5750.0,0.875,N2,171.52936541328378,0.29601223518749287,499962.5768055793
5750.0,0.925,CO2,30.269878046767072,0.970434516502913,499960.4383373267
5750.0,0.925,N2,171.5293654132838,0.29601223518749287,499960.4383373267
5750.0,0.9750000000000001,CO2,30.26987148267511,0.9704343426188213,499958.2998690741
5750.0,0.9750000000000001,N2,171.5293654132838,0.29601223518749287,499958.2998690741
5800.0,0.025,CO2,30.26988801410869,0.9704347826086889,499998.9307658737
5800.0,0.025,N2,171.5293654132838,0.29601223518749287,499998.9307658737
5800.0,0.07500000000000001,CO2,30.269888014107494,0.9704347826086506,499996.7922976211
5800.0,0.07500000000000001,N2,171.52936541328378,0.29601223518749287,499996.7922976211
5800.0,0.125,CO2,30.26988801410238,0.9704347826084889,499994.6538293685
5800.0,0.125,N2,171.5293654132838,0.29601223518749287,499994.6538293685
5800.0,0.17500000000000002,CO2,30.269888014083733,0.9704347826079049,499992.51536111586
5800.0,0.17500000000000002,N2,171.52936541328378,0.29601223518749287,499992.51536111586
5800.0,0.225,CO2,30.269888014022982,0.9704347826060244,499990.37689286325
5800.0,0.225,N2,171.5293654132838,0.29601223518749287,499990.37689286325
5800.0,0.275,CO2,30.269888013841932,0.9704347826004909,499988.23842461064
5800.0,0.275,N2,171.5293654132838,0.29601223518749287,499988.23842461064
5800.0,0.325,CO2,30.26988801334078,0.9704347825853705,499986.099956358
5800.0,0.325,N2,171.5293654132838,0.29601223518749287,499986.099956358
5800.0,0.375,CO2,30.26988801203774,0.9704347825465676,499983.9614881054
5800.0,0.375,N2,171.52936541328378,0.29601223518749287,499983.9614881054
5800.0,0.42500000000000004,CO2,30.269888008828463,0.9704347824522354,499981.8230198528
5800.0,0.42500000000000004,N2,171.52936541328378,0.29601223518749287,499981.8230198528
5800.0,0.47500000000000003,CO2,30.269888001290923,0.9704347822334999,499979.6845516002
5800.0,0.47500000000000003,N2,171.52936541328378,0.29601223518749287,499979.6845516002
5800.0,0.525,CO2,30.269887984316153,0.9704347817470249,499977.5460833476
5800.0,0.525,N2,171.5293654132838,0.29601223518749287,499977.5460833476
5800.0,0.5750000000000001,CO2,30.269887947493277,0.9704347807044584,499975.40761509497
5800.0,0.5750000000000001,N2,171.52936541328378,0.29601223518749287,499975.40761509497
5800.0,0.625,CO2,30.26988787024924,0.9704347785429079,499973.26914684236
5800.0,0.625,N2,171.52936541328378,0.29601223518749287,499973.26914684236
5800.0,0.675,CO2,30.26988771302953,0.9704347741925317,499971.13067858975
5800.0,0.675,N2,171.52936541328378,0.29601223518749287,499971.13067858975
5800.0,0.7250000000000001,CO2,30.269887401635067,0.9704347656678297,499968.99221033714
5800.0,0.7250000000000001,N2,171.52936541328378,0.29601223518749287,499968.99221033714
5800.0,0.775,CO2,30.26988680000974,0.9704347493630097,499966.8537420845
5800.0,0.775,N2,171.52936541328378,0.29601223518749287,499966.8537420845
5800.0,0.8250000000000001,CO2,30.26988566468129,0.97043471887643,499964.7152738319
5800.0,0.8250000000000001,N2,171.52936541328378,0.29601223518749287,499964.7152738319
5800.0,0.875,CO2,30.26988357814379,0.9704346632809139,499962.5768055793
5800.0,0.875,N2,171.5293654132838,0.29601223518749287,499962.5768055793
5800.0,0.925,CO2,30.26987992631104,0.9704345664596049,499960.4383373267
5800.0,0.925,N2,171.5293654132838,0.29601223518749287,499960.4383373267
5800.0,0.9750000000000001,CO2,30.269874578689674,0.9704344246358244,499958.2998690741
5800.0,0.9750000000000001,N2,171.52936541328378,0.29601223518749287,499958.2998690741
5850.0,0.025,CO2,30.269888014108737,0.9704347826086903,499998.9307658737
5850.0,0.025,N2,171.5293654132838,0.29601223518749287,499998.9307658737
5850.0,0.07500000000000001,CO2,30.269888014107806,0.9704347826086605,499996.7922976211
5850.0,0.07500000000000001,N2,171.52936541328378,0.29601223518749287,499996.7922976211
5850.0,0.125,CO2,30.26988801410381,0.9704347826085341,499994.6538293685
5850.0,0.125,N2,171.5293654132838,0.29601223518749287,499994.6538293685
5850.0,0.17500000000000002,CO2,30.26988801408921,0.9704347826080769,499992.51536111586
5850.0,0.17500000000000002,N2,171.5293654132838,0.29601223518749287,499992.51536111586
5850.0,0.225,CO2,30.26988801404153,0.9704347826066009,499990.37689286325
5850.0,0.225,N2,171.5293654132838,0.29601223518749287,499990.37689286325
5850.0,0.275,CO2,30.269888013899095,0.9704347826022464,499988.23842461064
5850.0,0.275,N2,171.52936541328378,0.29601223518749287,499988.23842461064
5850.0,0.325,CO2,30.269888013503795,0.9704347825903146,499986.099956358
5850.0,0.325,N2,171.52936541328378,0.29601223518749287,499986.099956358
5850.0,0.375,CO2,30.26988801247319,0.970434782559608,499983.9614881054
5850.0,0.375,N2,171.52936541328378,0.29601223518749287,499983.9614881054
5850.0,0.42500000000000004,CO2,30.269888009927932,0.9704347824847457,499981.8230198528
5850.0,0.42500000000000004,N2,171.52936541328378,0.29601223518749287,499981.8230198528
5850.0,0.47500000000000003,CO2,30.269888003933456,0.970434782310662,499979.6845516002
5850.0,0.47500000000000003,N2,171.5293654132838,0.29601223518749287,499979.6845516002
5850.0,0.525,CO2,30.269887990396654,0.9704347819224012,499977.5460833476
5850.0,0.525,N2,171.5293654132838,0.29601223518749287,499977.5460833476
5850.0,0.5750000000000001,CO2,30.269887960951994,0.9704347810880056,499975.40761509497
5850.0,0.5750000000000001,N2,171.52936541328378,0.29601223518749287,499975.40761509497
5850.0,0.625,CO2,30.269887899020738,0.9704347793533502,499973.26914684236
5850.0,0.625,N2,171.52936541328378,0.29601223518749287,499973.26914684236
5850.0,0.675,CO2,30.269887772639457,0.9704347758528973,499971.13067858975
5850.0,0.675,N2,171.52936541328378,0.29601223518749287,499971.13067858975
5850.0,0.7250000000000001,CO2,30.26988752168902,0.9704347689760033,499968.99221033714
5850.0,0.7250000000000001,N2,171.5293654132838,0.29601223518749287,499968.99221033714
5850.0,0.775,CO2,30.269887035650065,0.9704347557901665,499966.8537420845
5850.0,0.775,N2,171.52936541328378,0.29601223518749287,499966.8537420845
5850.0,0.8250000000000001,CO2,30.26988611627026,0.9704347310765107,499964.7152738319
5850.0,0.8250000000000001,N2,171.52936541328378,0.29601223518749287,499964.7152738319
5850.0,0.875,CO2,30.269884422820578,0.9704346859066373,499962.5768055793
5850.0,0.875,N2,171.52936541328378,0.29601223518749287,499962.5768055793
5850.0,0.925,CO2,30.269881453031054,0.9704346070820518,499960.4383373267
5850.0,0.925,N2,171.52936541328378,0.29601223518749287,499960.4383373267
5850.0,0.9750000000000001,CO2,30.269877097646912,0.9704344914407155,499958.2998690741
5850.0,0.9750000000000001,N2,171.52936541328378,0.29601223518749287,499958.2998690741
5900.0,0.025,CO2,30.269888014108776,0.9704347826086915,499998.9307658737
5900.0,0.025,N2,171.5293654132838,0.29601223518749287,499998.9307658737
5900.0,0.07500000000000001,CO2,30.269888014108048,0.9704347826086682,499996.7922976211
5900.0,0.07500000000000001,N2,171.5293654132838,0.29601223518749287,499996.7922976211
5900.0,0.125,CO2,30.26988801410493,0.9704347826085694,499994.6538293685
5900.0,0.125,N2,171.52936541328378,0.29601223518749287,499994.6538293685
5900.0,0.17500000000000002,CO2,30.269888014093496,0.9704347826082115,499992.51536111586
5900.0,0.17500000000000002,N2,171.5293654132838,0.29601223518749287,499992.51536111586
5900.0,0.225,CO2,30.26988801405608,0.9704347826070531,499990.37689286325
5900.0,0.225,N2,171.52936541328378,0.29601223518749287,499990.37689286325
5900.0,0.275,CO2,30.269888013944026,0.9704347826036264,499988.23842461064
5900.0,0.275,N2,171.52936541328378,0.29601223518749287,499988.23842461064
5900.0,0.325,CO2,30.269888013632237,0.9704347825942116,499986.099956358
5900.0,0.325,N2,171.52936541328378,0.29601223518749287,499986.099956358
5900.0,0.375,CO2,30.2698880128172,0.9704347825699149,499983.9614881054
5900.0,0.375,N2,171.5293654132838,0.29601223518749287,499983.9614881054
5900.0,0.42500000000000004,CO2,30.269888010798827,0.9704347825105123,499981.8230198528
5900.0,0.42500000000000004,N2,171.5293654132838,0.29601223518749287,499981.8230198528
5900.0,0.47500000000000003,CO2,30.269888006032243,0.9704347823719879,499979.6845516002
5900.0,0.47500000000000003,N2,171.52936541328378,0.29601223518749287,499979.6845516002
5900.0,0.525,CO2,30.269887995238953,0.9704347820621692,499977.5460833476
5900.0,0.525,N2,171.52936541328378,0.29601223518749287,499977.5460833476
5900.0,0.5750000000000001,CO2,30.269887971698573,0.9704347813945123,499975.40761509497
5900.0,0.5750000000000001,N2,171.5293654132838,0.29601223518749287,499975.40761509497
5900.0,0.625,CO2,30.269887922054632,0.9704347800027416,499973.26914684236
5900.0,0.625,N2,171.52936541328378,0.29601223518749287,499973.26914684236
5900.0,0.675,CO2,30.269887820484932,0.9704347771868068,499971.13067858975
5900.0,0.675,N2,171.52936541328378,0.29601223518749287,499971.13067858975
5900.0,0.7250000000000001,CO2,30.269887618292135,0.9704347716405277,499968.99221033714
5900.0,0.7250000000000001,N2,171.52936541328378,0.29601223518749287,499968.99221033714
5900.0,0.775,CO2,30.26988722572626,0.9704347609796785,499966.8537420845
5900.0,0.775,N2,171.52936541328378,0.29601223518749287,499966.8537420845
5900.0,0.8250000000000001,CO2,30.2698864814034,0.9704347409508992,499964.7152738319
5900.0,0.8250000000000001,N2,171.52936541328378,0.29601223518749287,499964.7152738319
5900.0,0.875,CO2,30.269885107336233,0.9704347042612111,499962.5768055793
5900.0,0.875,N2,171.52936541328378,0.29601223518749287,499962.5768055793
5900.0,0.925,CO2,30.269882692842433,0.9704346401056377,499960.4383373267
5900.0,0.925,N2,171.52936541328378,0.29601223518749287,499960.4383373267
5900.0,0.9750000000000001,CO2,30.26987914656007,0.9704345458400113,499958.2998690741
5900.0,0.9750000000000001,N2,171.52936541328378,0.29601223518749287,499958.2998690741
5950.0,0.025,CO2,30.26988801410881,0.9704347826086924,499998.9307658737
5950.0,0.025,N2,171.5293654132838,0.29601223518749287,499998.9307658737
5950.0,0.07500000000000001,CO2,30.26988801410824,0.9704347826086742,499996.7922976211
5950.0,0.07500000000000001,N2,171.5293654132838,0.29601223518749287,499996.7922976211
5950.0,0.125,CO2,30.269888014105796,0.9704347826085971,499994.6538293685
5950.0,0.125,N2,171.52936541328378,0.29601223518749287,499994.6538293685
5950.0,0.17500000000000002,CO2,30.269888014096846,0.9704347826083168,499992.51536111586
5950.0,0.17500000000000002,N2,171.52936541328378,0.29601223518749287,499992.51536111586
5950.0,0.225,CO2,30.26988801406748,0.9704347826074076,499990.37689286325
5950.0,0.225,N2,171.52936541328378,0.29601223518749287,499990.37689286325
5950.0,0.275,CO2,30.269888013979337,0.9704347826047113,499988.23842461064
5950.0,0.275,N2,171.5293654132838,0.29601223518749287,499988.23842461064
5950.0,0.325,CO2,30.26988801373344,0.9704347825972831,499986.099956358
5950.0,0.325,N2,171.52936541328378,0.29601223518749287,499986.099956358
5950.0,0.375,CO2,30.26988801308894,0.9704347825780605,499983.9614881054
5950.0,0.375,N2,171.5293654132838,0.29601223518749287,499983.9614881054
5950.0,0.42500000000000004,CO2,30.26988801148859,0.9704347825309315,499981.8230198528
5950.0,0.42500000000000004,N2,171.5293654132838,0.29601223518749287,499981.8230198528
5950.0,0.47500000000000003,CO2,30.269888007698935,0.9704347824207203,499979.6845516002
5950.0,0.47500000000000003,N2,171.52936541328378,0.29601223518749287,499979.6845516002
5950.0,0.525,CO2,30.26988799909458,0.9704347821735402,499977.5460833476
5950.0,0.525,N2,171.5293654132838,0.29601223518749287,499977.5460833476
5950.0,0.5750000000000001,CO2,30.26988798027805,0.9704347816394074,499975.40761509497
5950.0,0.5750000000000001,N2,171.5293654132838,0.29601223518749287,499975.40761509497
5950.0,0.625,CO2,30.269887940491603,0.9704347805229815,499973.26914684236
5950.0,0.625,N2,171.52936541328378,0.29601223518749287,499973.26914684236
5950.0,0.675,CO2,30.269887858879923,0.9704347782582167,499971.13067858975
5950.0,0.675,N2,171.52936541328378,0.29601223518749287,499971.13067858975
5950.0,0.7250000000000001,CO2,30.269887696008386,0.9704347737861475,499968.99221033714
5950.0,0.7250000000000001,N2,171.52936541328378,0.29601223518749287,499968.99221033714
5950.0,0.775,CO2,30.269887379013973,0.9704347651688828,499966.8537420845
5950.0,0.775,N2,171.5293654132838,0.29601223518749287,499966.8537420845
5950.0,0.8250000000000001,CO2,30.269886776562934,0.970434748940987,499964.7152738319
5950.0,0.8250000000000001,N2,171.5293654132838,0.29601223518749287,499964.7152738319
5950.0,0.875,CO2,30.269885661924036,0.9704347191471655,499962.5768055793
5950.0,0.875,N2,171.52936541328378,0.29601223518749287,499962.5768055793
5950.0,0.925,CO2,30.26988369940818,0.9704346669448113,499960.4383373267
5950.0,0.925,N2,171.5293654132838,0.29601223518749287,499960.4383373267
5950.0,0.9750000000000001,CO2,30.269880812703388,0.9704345901253674,499958.2998690741
5950.0,0.9750000000000001,N2,171.52936541328378,0.29601223518749287,499958.2998690741
6000.0,0.025,CO2,30.26988801410883,0.9704347826086932,499998.9307658737
6000.0,0.025,N2,171.5293654132838,0.29601223518749287,499998.9307658737
6000.0,0.07500000000000001,CO2,30.26988801410839,0.9704347826086791,499996.7922976211
6000.0,0.07500000000000001,N2,171.5293654132838,0.29601223518749287,499996.7922976211
6000.0,0.125,CO2,30.2698880141065,0.9704347826086194,499994.6538293685
6000.0,0.125,N2,171.5293654132838,0.29601223518749287,499994.6538293685
6000.0,0.17500000000000002,CO2,30.26988801409956,0.9704347826084021,499992.51536111586
6000.0,0.17500000000000002,N2,171.5293654132838,0.29601223518749287,499992.51536111586
6000.0,0.225,CO2,30.269888014076745,0.9704347826076956,499990.37689286325
6000.0,0.225,N2,171.5293654132838,0.29601223518749287,499990.37689286325
6000.0,0.275,CO2,30.269888014008078,0.9704347826055945,499988.23842461064
6000.0,0.275,N2,171.5293654132838,0.29601223518749287,499988.23842461064
6000.0,0.325,CO2,30.269888013815986,0.9704347825997891,499986.099956358
6000.0,0.325,N2,171.5293654132838,0.29601223518749287,499986.099956358
6000.0,0.375,CO2,30.269888013311082,0.9704347825847218,499983.9614881054
6000.0,0.375,N2,171.52936541328378,0.29601223518749287,499983.9614881054
6000.0,0.42500000000000004,CO2,30.269888012053737,0.97043478254767,499981.8230198528
6000.0,0.42500000000000004,N2,171.52936541328378,0.29601223518749287,499981.8230198528
6000.0,0.47500000000000003,CO2,30.26988800906771,0.9704347824607645,499979.6845516002
6000.0,0.47500000000000003,N2,171.52936541328378,0.29601223518749287,499979.6845516002
6000.0,0.525,CO2,30.269888002268367,0.9704347822652748,499977.5460833476
6000.0,0.525,N2,171.52936541328378,0.29601223518749287,499977.5460833476
6000.0,0.5750000000000001,CO2,30.269887987356597,0.9704347818416027,499975.40761509497
6000.0,0.5750000000000001,N2,171.52936541328378,0.29601223518749287,499975.40761509497
6000.0,0.625,CO2,30.26988795573768,0.9704347809535149,499973.26914684236
6000.0,0.625,N2,171.5293654132838,0.29601223518749287,499973.26914684236
6000.0,0.675,CO2,30.26988789070016,0.9704347791469071,499971.13067858975
6000.0,0.675,N2,171.52936541328378,0.29601223518749287,499971.13067858975
6000.0,0.7250000000000001,CO2,30.269887760552773,0.9704347755698249,499968.99221033714
6000.0,0.7250000000000001,N2,171.52936541328378,0.29601223518749287,499968.99221033714
6000.0,0.775,CO2,30.269887506568153,0.9704347686590057,499966.8537420845
6000.0,0.775,N2,171.52936541328378,0.29601223518749287,499966.8537420845
6000.0,0.8250000000000001,CO2,30.269887022559615,0.9704347556119287,499964.7152738319
6000.0,0.8250000000000001,N2,171.52936541328378,0.29601223518749287,499964.7152738319
6000.0,0.875,CO2,30.26988612451979,0.9704347316017135,499962.5768055793
6000.0,0.875,N2,171.5293654132838,0.29601223518749287,499962.5768055793
6000.0,0.925,CO2,30.269884538478106,0.9704346894473578,499960.4383373267
6000.0,0.925,N2,171.5293654132838,0.29601223518749287,499960.4383373267
6000.0,0.9750000000000001,CO2,30.269882197993844,0.9704346273281281,499958.2998690741
6000.0,0.9750000000000001,N2,171.5293654132838,0.29601223518749287,499958.2998690741
