cycle,step,time_s,pressure_kpa,co2_partial_kpa,co2_mole_fraction,co2_loading_cm3_stp_g,n2_loading_cm3_stp_g,open_fraction,solid_volume_l,co2_rate_cm3_stp_g_s
1,pressurization,0.0,99.99999999999999,5.0,0.05,1.0,1.0,0.0,1.0,0.0
1,pressurization,2.0,100.00000000000001,4.99999999997149,0.04999999999971489,0.9999999999998491,1.0,0.0,1.0,-1.1102221933465614e-13
1,pressurization,4.0,100.0,4.999999999939088,0.049999999999390886,0.9999999999994224,1.0,0.0,1.0,-2.320977787144094e-13
1,pressurization,6.0,100.00000000000003,4.999999999905148,0.04999999999905146,0.9999999999987582,1.0,0.0,1.0,-3.5457309150390716e-13
1,pressurization,8.0,100.00000000000003,4.999999999868996,0.04999999999868994,0.999999999997844,1.0,0.0,1.0,-4.808930603255026e-13
1,pressurization,10.0,100.00000000000006,4.999999999830157,0.049999999998301556,0.9999999999966686,1.0,0.0,1.0,-6.127404998340219e-13
1,pressurization,12.0,100.00000000000003,4.999999999788023,0.04999999999788021,0.9999999999952172,1.0,0.0,1.0,-7.522523669016746e-13
1,pressurization,14.0,100.00000000000006,4.99999999974212,0.04999999999742117,0.999999999993472,1.0,0.0,1.0,-9.009590585897814e-13
1,pressurization,16.0,100.00000000000007,4.9999999996916715,0.04999999999691667,0.9999999999914103,1.0,0.0,1.0,-1.061523216939989e-12
1,pressurization,18.0,100.00000000000006,4.999999999635966,0.04999999999635962,0.9999999999890048,1.0,0.0,1.0,-1.2362342164180132e-12
1,pressurization,20.0,100.00000000000007,4.999999999574265,0.04999999999574261,0.9999999999862234,1.0,0.0,1.0,-1.4274094265577634e-12
1,pressurization,22.0,100.00000000000007,4.999999999505663,0.04999999999505659,0.9999999999830285,1.0,0.0,1.0,-1.6379167865676494e-12
1,pressurization,24.0,100.0000000000001,4.999999999429242,0.04999999999429237,0.9999999999793768,1.0,0.0,1.0,-1.8705682455196913e-12
1,pressurization,26.0,100.00000000000011,4.999999999343894,0.04999999999343888,0.9999999999752185,1.0,0.0,1.0,-2.128791643986196e-12
1,pressurization,28.0,100.00000000000014,4.999999999248477,0.04999999999248469,0.999999999970497,1.0,0.0,1.0,-2.4160365964813994e-12
1,pressurization,30.0,100.00000000000016,4.999999999141514,0.049999999991415064,0.9999999999651469,1.0,0.0,1.0,-2.7368818519367333e-12
1,pressurization,32.0,100.00000000000017,4.999999999021671,0.04999999999021661,0.9999999999590945,1.0,0.0,1.0,-3.095209393141888e-12
1,pressurization,34.0,100.0000000000002,4.999999998887273,0.04999999998887264,0.9999999999522569,1.0,0.0,1.0,-3.4960427795562797e-12
1,pressurization,36.0,100.00000000000023,4.999999998736378,0.049999999987363666,0.9999999999445395,1.0,0.0,1.0,-3.945276528316498e-12
1,pressurization,38.0,100.00000000000026,4.999999998566905,0.04999999998566892,0.9999999999358354,1.0,0.0,1.0,-4.449091328367348e-12
1,pressurization,40.0,100.00000000000031,4.999999998376497,0.049999999983764816,0.9999999999260244,1.0,0.0,1.0,-5.014501499573214e-12
1,pressurization,42.0,100.00000000000036,4.99999999816251,0.04999999998162493,0.9999999999149705,1.0,0.0,1.0,-5.649370545533727e-12
1,pressurization,44.0,100.00000000000037,4.999999997921967,0.049999999979219494,0.9999999999025204,1.0,0.0,1.0,-6.362538686672206e-12
1,pressurization,46.0,100.00000000000043,4.999999997651608,0.049999999976515865,0.9999999998885022,1.0,0.0,1.0,-7.1636082313794986e-12
1,pressurization,48.0,100.00000000000045,4.999999997347526,0.049999999973475026,0.9999999998727209,1.0,0.0,1.0,-8.064312223792394e-12
1,pressurization,50.0,100.00000000000054,4.999999997005663,0.04999999997005636,0.9999999998549584,1.0,0.0,1.0,-9.07651746226239e-12
1,pressurization,52.0,100.00000000000058,4.999999996621212,0.04999999996621182,0.9999999998349683,1.0,0.0,1.0,-1.0214520094947677e-11
1,pressurization,54.0,100.00000000000063,4.999999996188758,0.04999999996188727,0.9999999998124731,1.0,0.0,1.0,-1.1494429728312846e-11
1,pressurization,56.0,100.00000000000074,4.999999995702479,0.04999999995702442,0.9999999997871616,1.0,0.0,1.0,-1.2933314022267382e-11
1,pressurization,58.0,100.00000000000082,4.999999995155476,0.04999999995155436,0.9999999997586824,1.0,0.0,1.0,-1.4551743130808258e-11
1,pressurization,60.0,100.00000000000095,4.999999994522062,0.04999999994522014,0.9999999997271782,1.0,0.0,1.0,-1.6455320672292853e-11
1,adsorption,60.0,100.00000000000095,4.999999994522062,0.04999999994522014,0.9999999997271782,1.0,0.0,1.0,-1.6455320672292853e-11
1,adsorption,62.0,100.04629012464498,8.647848133631078,0.08643846886133368,1.068524904483822,1.0,0.07254510650096421,1.0036272553250483,0.055214684981075644
1,adsorption,64.0,100.04711012861584,9.411720041674277,0.09407288256077576,1.1663182140252413,1.0,0.05939490967887521,1.0029697454839437,0.04300166526901784
1,adsorption,66.0,100.04720883614316,10.018863580604425,0.1001413602353792,1.2477196119091294,1.0,0.059663635050771636,1.0029831817525385,0.04158324310141929
1,adsorption,68.0,100.04726965792162,10.07092663378932,0.10066168390425352,1.329549262498675,1.0,0.060794938149397654,1.0030397469074699,0.04082906650655667
1,adsorption,70.0,100.04726079345579,10.074678274475591,0.10069919150784573,1.411470197498772,1.0,0.06307107823856964,1.0031535539119285,0.04096603707610888
1,adsorption,72.0,100.04726156326942,10.075427877186586,0.10070668321905976,1.4933869196270617,1.0,0.06515157402198335,1.003257578701099,0.04095048934460578
1,adsorption,74.0,100.04726291098699,10.077604961675954,0.10072844242267873,1.5752652246773897,1.0,0.06722560006258975,1.0033612800031295,0.04093066355527221
1,adsorption,76.0,100.0472639741229,10.079694216705448,0.10074932403261472,1.6571109650668465,1.0,0.06930388500352092,1.003465194250176,0.040914811001409396
1,adsorption,78.0,100.04726505905532,10.081760376187002,0.10076997477378316,1.7389243017637346,1.0,0.07138083663158666,1.0035690418315792,0.0408985665373629
1,adsorption,80.0,100.04726615253836,10.08383313478018,0.10079069146582907,1.8207050871764945,1.0,0.07345681927117804,1.003672840963559,0.04088221728798899
1,adsorption,82.0,100.04726723647411,10.085909383970028,0.1008114430565178,1.9024533205674703,1.0,0.07553216625364553,1.0037766083126822,0.04086602326649412
1,adsorption,84.0,100.04726832159882,10.087973544085404,0.10083207381192984,1.984169102414344,1.0,0.07760661475031007,1.0038803307375155,0.040849777456954985
1,adsorption,86.0,100.04726941214732,10.090048908658234,0.1008528165530637,2.065852341107782,1.0,0.07968017202263794,1.0039840086011318,0.040833487355501956
1,adsorption,88.0,100.04727049213284,10.092114601530524,0.10087346263308716,2.1475031223953565,1.0,0.08175306434463836,1.0040876532172318,0.040817327740910805
1,adsorption,90.0,100.04727157871957,10.094180948780984,0.10089411524669759,2.229121434681228,1.0,0.08382500390729225,1.0041912501953647,0.0408010743540634
1,adsorption,92.0,100.04727266562469,10.096249548205307,0.1009147903706353,2.310707272681525,1.0,0.08589611669171326,1.0042948058345857,0.040784825565905854
1,adsorption,94.0,100.0472737517357,10.098316253840066,0.10093544656597771,2.392260665689749,1.0,0.08796640858771523,1.0043983204293858,0.04076858538462291
1,adsorption,96.0,100.04727483597141,10.100381167023107,0.10095608484671663,2.4737816233130356,1.0,0.0900359008679437,1.0045017950433972,0.04075237021073539
1,adsorption,98.0,100.04727592004232,10.102445893452124,0.10097672126051678,2.5552701518125818,1.0,0.09210456728078067,1.004605228364039,0.04073615944275729
1,adsorption,100.0,100.04727700362974,10.104509557649836,0.10099734705706426,2.6367262671650087,1.0,0.09417241091405101,1.0047086205457025,0.04071995516965962
1,adsorption,102.0,100.04727808692034,10.10657246247935,0.10101796526337115,2.7181499787357293,1.0,0.09623942962363007,1.0048119714811814,0.04070375553171687
1,adsorption,104.0,100.04727916978575,10.10863455364123,0.10103857533682968,2.7995412977149186,1.0,0.09830562593400656,1.0049152812967004,0.040687562274226756
1,adsorption,106.0,100.04728025226623,10.110695808206911,0.10105917704822252,2.880900235719253,1.0,0.1003709992831988,1.00501854996416,0.04067137472651001
1,adsorption,108.0,100.04728133437418,10.112756245474845,0.10107977059043094,2.9622268041385436,1.0,0.10243554980167428,1.0051217774900838,0.04065519276253507
1,adsorption,110.0,100.04728241609831,10.11481586355622,0.10110035594458762,3.043521014399194,1.0,0.10449927798826804,1.0052249638994133,0.0406390165428652
1,adsorption,112.0,100.04728349744008,10.116874659719675,0.10112093308339087,3.1247828779332902,1.0,0.10656218409839717,1.0053281092049198,0.040622846038084005
1,adsorption,114.0,100.04728457840115,10.11893263562259,0.10114150202340554,3.2060124061455424,1.0,0.10862426839611307,1.0054312134198058,0.040606681226057345
1,adsorption,116.0,100.04728565898088,10.120989791635045,0.10116206276833183,3.2872096097121584,1.0,0.1106855311685863,1.0055342765584294,0.04059052211725416
1,adsorption,118.0,100.04728673917926,10.123046127809603,0.10118261531869556,3.3683745011542694,1.0,0.11274597273572279,1.005637298636786,0.040574368710778394
1,adsorption,120.0,100.04728781899662,10.125101644485268,0.10120315967788533,3.449507090343708,1.0,0.11480559334458107,1.005740279667229,0.04055822100189908
1,adsorption,122.0,100.04728889843305,10.127156342013947,0.10122369584941904,3.530607389321494,1.0,0.11686439330445386,1.005843219665223,0.04054207899104414
1,adsorption,124.0,100.04728997748843,10.129210220610643,0.1012442238354463,3.611675409936072,1.0,0.11892237291720599,1.0059461186458603,0.040525942676699234
1,adsorption,126.0,100.04729105616308,10.131263280603436,0.10126474363924653,3.692711163693661,1.0,0.12097953247475049,1.0060489766237375,0.04050981205643216
1,adsorption,128.0,100.04729213445702,10.13331552229723,0.10128525526386777,3.77371466194523,1.0,0.12303587226705207,1.0061517936133526,0.040493687129396015
1,adsorption,130.0,100.04729321237039,10.13536694595484,0.10130575871193735,3.8546859160345837,1.0,0.1250913925832142,1.0062545696291607,0.04047756789421541
1,adsorption,132.0,100.0472942899032,10.137417551874782,0.10132625398643944,3.9356249373333854,1.0,0.1271460937125776,1.006357304685629,0.04046145434914281
1,adsorption,134.0,100.04729536705558,10.139467340352548,0.10134674109032793,4.01653173722578,1.0,0.1291999759453963,1.0064599987972698,0.04044534649289353
1,adsorption,136.0,100.04729644382766,10.14151631166996,0.10136722002642012,4.097406327093084,1.0,0.13125303957168571,1.0065626519785844,0.04042924432405317
1,adsorption,138.0,100.04729752021959,10.14356446611876,0.10138769079763242,4.178248718309937,1.0,0.13330528488112897,1.0066652642440566,0.04041314784108187
1,adsorption,140.0,100.0472985962313,10.145611803990267,0.10140815340687714,4.259058922246175,1.0,0.13535671216346284,1.006767835608173,0.04039705704257752
1,adsorption,142.0,100.04729967186297,10.14765832557141,0.10142860785702254,4.339836950268712,1.0,0.13740732170830905,1.0068703660854155,0.040380971927106844
1,adsorption,144.0,100.04730074711478,10.149704031151929,0.10144905415096502,4.420582813741972,1.0,0.13945711380517267,1.0069728556902589,0.040364892493195234
1,adsorption,146.0,100.04730182198668,10.151748921021584,0.10146949229160128,4.501296524027707,1.0,0.14150608874354134,1.007075304437177,0.040348818739408106
1,adsorption,148.0,100.04730289647885,10.153792995468732,0.1014899222818139,4.5819780924847855,1.0,0.14355424681281945,1.007177712340641,0.04033275066430347
1,adsorption,150.0,100.04730397059143,10.155836254782455,0.10151034412449265,4.662627530469137,1.0,0.14560158830231887,1.007280079415116,0.04031668826642599
1,adsorption,152.0,100.04730504432449,10.157878699251864,0.10153075782252771,4.743244849333767,1.0,0.1476481135012923,1.0073824056750647,0.04030063154433266
1,adsorption,154.0,100.04730611767802,10.159920329165523,0.10155116337880385,4.82383006042879,1.0,0.1496938226989147,1.0074846911349458,0.04028458049657767
1,adsorption,156.0,100.04730719065218,10.161961144812219,0.10157156079620791,4.904383175101431,1.0,0.15173871618428195,1.007586935809214,0.0402685351217113
1,adsorption,158.0,100.04730826324719,10.164001146480683,0.10159195007762617,4.984904204696024,1.0,0.15378279424642113,1.007689139712321,0.04025249541828802
1,adsorption,160.0,100.04730933546293,10.1660403344594,0.10161233122594261,5.065393160554006,1.0,0.15582605717428294,1.0077913028587142,0.04023646138486058
1,adsorption,162.0,100.04731040729963,10.168078709036921,0.10163270424404171,5.145850054013924,1.0,0.15786850525674376,1.007893425262837,0.04022043301998165
1,adsorption,164.0,100.04731147875745,10.170116270501708,0.10165306913480707,5.226274896411544,1.0,0.1599101387826092,1.0079955069391304,0.040204410322204315
1,adsorption,166.0,100.0473125498363,10.172153019142034,0.10167342590112056,5.306667699079428,1.0,0.16195095804060194,1.00809754790203,0.040188393290080955
1,adsorption,168.0,100.04731362053644,10.174188955246247,0.10169377454586465,5.387028473347698,1.0,0.16399096331938226,1.0081995481659691,0.04017238192216423
1,adsorption,170.0,100.04731469085786,10.17622407910253,0.10171411507192021,5.467357230543221,1.0,0.16603015490752748,1.0083015077453765,0.040156376217007024
1,adsorption,172.0,100.04731576080074,10.178258390999012,0.10173444748216749,5.547653981989979,1.0,0.16806853309354003,1.008403426654677,0.04014037617316165
1,adsorption,174.0,100.04731683036518,10.180291891223776,0.10175477177948639,5.627918739009126,1.0,0.17010609816585015,1.0085053049082926,0.04012438178918061
1,adsorption,176.0,100.04731789955113,10.182324580064774,0.10177508796675558,5.708151512918965,1.0,0.17214285041281474,1.0086071425206407,0.04010839306361621
1,adsorption,178.0,100.04731896835894,10.184356457809956,0.1017953960468533,5.788352315034891,1.0,0.1741787901227168,1.008708939506136,0.04009240999502128
1,adsorption,180.0,100.0473200367884,10.186387524747111,0.10181569602265682,5.868521156669396,1.0,0.1762139175837637,1.0088106958791883,0.040076432581947756
1,adsorption,182.0,100.04732110483982,10.188417781164022,0.1018359878970428,5.948658049132068,1.0,0.17824823308408724,1.0089124116542043,0.0400604608229467
1,adsorption,184.0,100.04732217251323,10.190447227348391,0.10185627167288733,6.0287630037294875,1.0,0.18028173691174632,1.0090140868455872,0.040044494716572385
1,adsorption,186.0,100.04732323980878,10.192475863587813,0.10187654735306534,6.108836031765643,1.0,0.1823144293547298,1.0091157214677364,0.04002853426137639
1,adsorption,188.0,100.04732430672654,10.194503690169839,0.10189681494045139,6.188877144541204,1.0,0.18434631070094085,1.009217315535047,0.04001257945590978
1,adsorption,190.0,100.04732537326653,10.196530707381944,0.10191707443791935,6.268886353354283,1.0,0.1863773812382196,1.009318869061911,0.03999663029872564
1,adsorption,192.0,100.04732643942896,10.198556915511476,0.10193732584834167,6.348863669500063,1.0,0.1884076412543294,1.0094203820627166,0.03998068678837567
1,adsorption,194.0,100.0473275052138,10.200582314845787,0.10195756917459092,6.428809104270782,1.0,0.19043709103695763,1.0095218545518478,0.039964748923411314
1,adsorption,196.0,100.04732857062126,10.202606905672125,0.10197780441953849,6.508722668955758,1.0,0.19246573087371807,1.0096232865436858,0.03994881670238494
1,adsorption,198.0,100.04732963565148,10.204630688277629,0.10199803158605494,6.5886043748414105,1.0,0.19449356105214927,1.0097246780526077,0.03993289012384822
1,adsorption,200.0,100.04733070030437,10.20665366294944,0.10201825067701069,6.668454233211389,1.0,0.19652058185971852,1.009826029092986,0.03991696918635266
1,adsorption,202.0,100.04733176458026,10.208675829974524,0.10203846169527431,6.7482722553461345,1.0,0.19854679358381186,1.0099273396791906,0.03990105388845057
1,adsorption,204.0,100.04733282847896,10.210697189639815,0.10205866464371444,6.828058452523645,1.0,0.20057219651175107,1.0100286098255875,0.03988514422869293
1,adsorption,206.0,100.04733389200084,10.212717742232245,0.1020788595251991,6.907812836018666,1.0,0.2025967909307751,1.0101298395465388,0.03986924020563126
1,adsorption,208.0,100.04733495514587,10.214737488038569,0.10209904634259506,6.987535417103048,1.0,0.2046205771280499,1.0102310288564025,0.03985334181781796
1,adsorption,210.0,100.04733601791415,10.216756427345501,0.10211922509876846,7.06722620704582,1.0,0.2066435553906669,1.0103321777695333,0.03983744906380377
1,adsorption,212.0,100.04733708030578,10.218774560439712,0.10213939579658504,7.146885217113151,1.0,0.20866572600564465,1.0104332863002823,0.03982156194213982
1,adsorption,214.0,100.04733814232087,10.220791887607763,0.10215955843890948,7.226512458568303,1.0,0.21068708925992874,1.0105343544629963,0.03980568045137836
1,adsorption,216.0,100.0473392039595,10.222808409136144,0.10217971302860558,7.306107942671632,1.0,0.2127076454403885,1.0106353822720193,0.039789804590070386
1,adsorption,218.0,100.04734026522178,10.224824125311299,0.10219985956853694,7.385671680680591,1.0,0.21472739483381875,1.010736369741691,0.039773934356766794
1,adsorption,220.0,100.04734132610784,10.226839036419564,0.1022199980615659,7.465203683849738,1.0,0.21674633772694152,1.0108373168863471,0.03975806975001964
1,adsorption,222.0,100.04734238661774,10.228853142747207,0.10224012851055411,7.544703963430739,1.0,0.21876447440640295,1.0109382237203202,0.039742210768379534
1,adsorption,224.0,100.04734344675154,10.230866444580442,0.1022602509183629,7.624172530672361,1.0,0.22078180515877482,1.0110390902579387,0.039726357410397144
1,adsorption,226.0,100.04734450650939,10.232878942205394,0.10228036528785242,7.703609396820468,1.0,0.2227983302705564,1.0111399165135277,0.03971050967462463
1,adsorption,228.0,100.04734556589135,10.234890635908101,0.1023004716218821,7.783014573118033,1.0,0.22481405002817095,1.0112407025014085,0.03969466755961268
1,adsorption,230.0,100.0473466248976,10.236901525974554,0.10232056992331086,7.8623880708051255,1.0,0.2268289647179669,1.0113414482358984,0.03967883106391168
1,adsorption,232.0,100.04734768352813,10.23891161269066,0.10234066019499688,7.941729901118921,1.0,0.2288430746262199,1.0114421537313112,0.0396630001860731
1,adsorption,234.0,100.04734874178311,10.240920896342233,0.10236074243979723,8.021040075293694,1.0,0.23085638003913053,1.0115428190019564,0.03964717492464794
1,adsorption,236.0,100.04734979966257,10.242929377215031,0.10238081666056861,8.100318604560822,1.0,0.2328688812428244,1.0116434440621411,0.03963135527818659
1,adsorption,238.0,100.04735085716675,10.24493705559475,0.10240088286016691,8.179565500148783,1.0,0.2348805785233537,1.0117440289261677,0.03961554124524021
1,adsorption,240.0,100.0473519142955,10.246943931766971,0.10242094104144712,8.258780773283162,1.0,0.23689147216669568,1.0118445736083348,0.03959973282435941
1,adsorption,242.0,100.04735297104918,10.24895000601724,0.10244099120726355,8.337964435186633,1.0,0.23890156245875324,1.0119450781229378,0.039583930014094874
1,adsorption,244.0,100.04735402742773,10.250955278631022,0.10246103336046994,8.417116497078984,1.0,0.24091084968535537,1.0120455424842678,0.0395681328129975
1,adsorption,246.0,100.04735508343126,10.25295974989367,0.10248106750391894,8.496236970177101,1.0,0.242919334132256,1.0121459667066128,0.03955234121961765
1,adsorption,248.0,100.04735613905991,10.254963420090514,0.10250109364046282,8.575325865694966,1.0,0.24492701608513487,1.0122463508042567,0.03953655523250589
1,adsorption,250.0,100.04735719431375,10.25696628950679,0.10252111177295296,8.65438319484367,1.0,0.2469338958295977,1.0123466947914799,0.039520774850212846
1,adsorption,252.0,100.047358249193,10.258968358427653,0.10254112190423982,8.733408968831398,1.0,0.24893997365117573,1.0124469986825588,0.03950500007128913
1,adsorption,254.0,100.04735930369742,10.260969627138165,0.10256112403717339,8.81240319886344,1.0,0.25094524983532523,1.0125472624917664,0.039489230894284896
1,adsorption,256.0,100.0473603578275,10.262970095923382,0.10258111817460286,8.891365896142185,1.0,0.2529497246674288,1.0126474862333714,0.03947346731775078
1,adsorption,258.0,100.04736141158311,10.264969765068198,0.10260110431937645,8.970297071867122,1.0,0.2549533984327943,1.01274766992164,0.03945770934023711
1,adsorption,260.0,100.04736246496441,10.266968634857491,0.10262108247434192,9.049196737234848,1.0,0.25695627141665495,1.0128478135708328,0.03944195696029392
1,adsorption,262.0,100.0473635179715,10.268966705576059,0.10264105264234616,9.128064903439046,1.0,0.2589583439041703,1.0129479171952087,0.039426210176471896
1,adsorption,264.0,100.04736457060443,10.27096397750859,0.10266101482623528,9.206901581670515,1.0,0.26095961618042485,1.0130479808090211,0.03941046898732109
1,adsorption,266.0,100.04736562286342,10.272960450939747,0.10268096902885478,9.285706783117146,1.0,0.2629600885304288,1.0131480044265215,0.03939473339139157
1,adsorption,268.0,100.0473666747484,10.274956126154079,0.10270091525304924,9.36448051896393,1.0,0.2649597612391182,1.0132479880619558,0.03937900338723359
1,adsorption,270.0,100.04736772625964,10.276951003436082,0.10272085350166262,9.443222800392961,1.0,0.2669586345913547,1.0133479317295677,0.03936327897339746
1,adsorption,272.0,100.047368777397,10.27894508307016,0.10274078377753808,9.521933638583434,1.0,0.2689567088719249,1.0134478354435963,0.03934756014843279
1,adsorption,274.0,100.04736982816085,10.280938365340676,0.10276070608351812,9.600613044711642,1.0,0.270953984365542,1.013547699218277,0.03933184691088999
1,adsorption,276.0,100.04737087855108,10.282930850531866,0.1027806204224443,9.679261029950977,1.0,0.2729504613568443,1.0136475230678421,0.03931613925931906
1,adsorption,278.0,100.04737192856791,10.284922538927951,0.10280052679715772,9.757877605471931,1.0,0.27494614013039503,1.0137473070065197,0.0393004371922695
1,adsorption,280.0,100.04737297821143,10.286913430813035,0.1028204252104985,9.836462782442101,1.0,0.27694102097068446,1.0138470510485342,0.03928474070829189
1,adsorption,282.0,100.0473740274816,10.288903526471149,0.10284031566530608,9.91501657202618,1.0,0.27893510416212725,1.0139467552081063,0.039269049805935693
1,adsorption,284.0,100.0473750763787,10.290892826186289,0.10286019816441921,9.993538985385959,1.0,0.2809283899890639,1.0140464194994532,0.03925336448375067
1,adsorption,286.0,100.04737612490275,10.29288133024233,0.10288007271067587,10.07203003368033,1.0,0.28292087873576094,1.014146043936788,0.039237684740286986
1,adsorption,288.0,100.0473771730538,10.294869038923098,0.10289993930691327,10.150489728065287,1.0,0.2849125706864101,1.0142456285343204,0.03922201057409418
1,adsorption,290.0,100.04737822083199,10.296855952512328,0.10291979795596785,10.22891807969392,1.0,0.2869034661251284,1.0143451733062565,0.039206341983721756
1,adsorption,292.0,100.04737926823744,10.298842071293711,0.10293964866067548,10.307315099716421,1.0,0.28889356533595945,1.014444678266798,0.039190678967719994
1,adsorption,294.0,100.04738031527026,10.300827395550817,0.10295949142387088,10.38568079928008,1.0,0.2908828686028711,1.0145441434301437,0.03917502152463791
1,adsorption,296.0,100.04738136193042,10.302811925567195,0.10297932624838872,10.464015189529285,1.0,0.29287137620975784,1.0146435688104878,0.03915936965302545
1,adsorption,298.0,100.04738240821816,10.304795661626276,0.10299915313706215,10.542318281605528,1.0,0.2948590884404396,1.014742954422022,0.039143723351432375
1,adsorption,300.0,100.04738345413348,10.306778604011399,0.10301897209272366,10.620590086647276,1.0,0.2968460055786578,1.014842300278933,0.03912808261840759
1,adsorption,302.0,100.04738449967655,10.308760753005945,0.10303878311820609,10.698830615790401,1.0,0.29883212790808866,1.0149416063954044,0.039112447452501156
1,adsorption,304.0,100.04738554484743,10.31074210889308,0.10305858621634015,10.777039880167452,1.0,0.30081745571232255,1.0150408727856162,0.03909681785226257
1,adsorption,306.0,100.04738658964627,10.31272267195597,0.10307838138995644,10.855217890908408,1.0,0.3028019892748838,1.0151400994637445,0.03908119381624121
1,adsorption,308.0,100.04738763407306,10.31470244247769,0.10309816864188484,10.933364659140327,1.0,0.304785728879222,1.015239286443961,0.039065575342986686
1,adsorption,310.0,100.04738867812796,10.316681420741231,0.1031179479749543,11.011480195987303,1.0,0.3067686748087105,1.0153384337404354,0.03904996243104816
1,adsorption,312.0,100.04738972181111,10.318659607029527,0.10313771939199311,11.089564512570519,1.0,0.30875082734664683,1.0154375413673324,0.03903435507897418
1,adsorption,314.0,100.04739076512249,10.320637001625444,0.10315748289582902,11.16761762000824,1.0,0.3107321867762561,1.0155366093388127,0.03901875328531499
1,adsorption,316.0,100.04739180806236,10.32261360481177,0.10317723848928882,11.245639529415968,1.0,0.31271275338069143,1.0156356376690345,0.03900315704862003
1,adsorption,318.0,100.04739285063067,10.324589416871152,0.10319698617519815,11.32363025190598,1.0,0.31469252744302306,1.0157346263721512,0.03898756636743842
1,adsorption,320.0,100.04739389282759,10.32656443808627,0.10321672595638279,11.401589798588118,1.0,0.3166715092462586,1.015833575462313,0.03897198124031934
1,adsorption,322.0,100.04739493465318,10.32853866873963,0.10323645783566684,11.47951818056896,1.0,0.3186496990733207,1.015932484953666,0.03895640166581096
1,adsorption,324.0,100.0473959761076,10.330512109113794,0.10325618181587486,11.557415408952181,1.0,0.3206270972070609,1.016031354860353,0.038940827642463906
1,adsorption,326.0,100.04739701719085,10.332484759491038,0.10327589789982881,11.635281494838523,1.0,0.322603703930253,1.0161301851965125,0.03892525916882693
1,adsorption,328.0,100.04739805790314,10.334456620153812,0.10329560609035203,11.713116449326145,1.0,0.32457951952560454,1.0162289759762801,0.03890969624344865
1,adsorption,330.0,100.04739909824453,10.336427691384337,0.10331530639026583,11.790920283509898,1.0,0.32655454427573843,1.016327727213787,0.038894138864878025
1,adsorption,332.0,100.04740013821498,10.33839797346478,0.10333499880239101,11.868693008482037,1.0,0.3285287784632122,1.0164264389231605,0.0388785870316648
1,adsorption,334.0,100.04740117781479,10.340367466677263,0.10335468332954766,11.946434635331892,1.0,0.33050222237050764,1.0165251111185256,0.03886304074235815
1,adsorption,336.0,100.04740221704395,10.342336171303801,0.10337435997455506,12.024145175145847,1.0,0.3324748762800298,1.0166237438140016,0.03884749999550638
1,adsorption,338.0,100.04740325590255,10.344304087626373,0.10339402874023203,12.101824639007345,1.0,0.3344467404741095,1.0167223370237055,0.03883196478965854
1,adsorption,340.0,100.04740429439077,10.346271215926855,0.10341368962939626,12.179473037996944,1.0,0.33641781523500336,1.0168208907617502,0.0388164351233638
1,adsorption,342.0,100.04740533250867,10.348237556487074,0.1034333426448651,12.257090383192295,1.0,0.3383881008448944,1.0169194050422448,0.03880091099517176
1,adsorption,344.0,100.04740637025624,10.350203109588708,0.10345298778945447,12.334676685668153,1.0,0.34035759758588807,1.0170178798792944,0.03878539240362965
1,adsorption,346.0,100.04740740763371,10.352167875513492,0.10347262506598061,12.41223195649637,1.0,0.34232630574001893,1.0171163152870009,0.03876987934728741
1,adsorption,348.0,100.04740844464108,10.354131854542949,0.10349225447725785,12.489756206745891,1.0,0.34429422558924416,1.0172147112794623,0.03875437182469267
1,adsorption,350.0,100.04740948127859,10.356095046958675,0.10351187602610105,12.567249447482766,1.0,0.3462613574154512,1.0173130678707725,0.03873886983439666
1,adsorption,352.0,100.04741051754614,10.35805745304198,0.10353148971532253,12.644711689770133,1.0,0.3482277015004466,1.0174113850750224,0.03872337337494568
1,adsorption,354.0,100.04741155344402,10.360019073074373,0.10355109554773624,12.722142944668237,1.0,0.3501932581259677,1.0175096629062985,0.038707882444890096
1,adsorption,356.0,100.04741258897225,10.361979907337039,0.10357069352615315,12.799543223234416,1.0,0.35215802757367587,1.0176079013786838,0.0386923970427789
1,adsorption,358.0,100.04741362413087,10.363939956111203,0.10359028365338449,12.876912536523106,1.0,0.35412201012515504,1.0177061005062578,0.03867691716715884
1,adsorption,360.0,100.04741465892003,10.365899219678063,0.10360986593224136,12.954250895585837,1.0,0.35608520606191923,1.017804260303096,0.038661442816580294
1,adsorption,362.0,100.04741569333979,10.367857698318609,0.10362944036553261,13.031558311471246,1.0,0.35804761566540444,1.01790238078327,0.0386459739895906
1,adsorption,364.0,100.04741672739034,10.369815392313905,0.10364900695606788,13.108834795225052,1.0,0.36000923921697553,1.0180004619608487,0.03863051068473989
1,adsorption,366.0,100.04741776107169,10.371772301944793,0.10366856570665471,13.186080357890086,1.0,0.36197007699791905,1.0180985038498962,0.0386150529005752
1,adsorption,368.0,100.04741879438394,10.373728427492194,0.10368811662010129,13.263295010506269,1.0,0.3639301292894513,1.0181965064644725,0.03859960063564667
1,adsorption,370.0,100.04741982732725,10.37568376923682,0.1037076596992137,13.340478764110621,1.0,0.36588939637271184,1.0182944698186358,0.038584153888502885
1,adsorption,372.0,100.04742085990166,10.377638327459353,0.1037271949467979,13.417631629737258,1.0,0.3678478785287635,1.018392393926438,0.03856871265769038
1,adsorption,374.0,100.04742189210731,10.37959210244048,0.1037467223656597,13.494753618417397,1.0,0.3698055760385992,1.0184902788019299,0.038553276941759494
1,adsorption,376.0,100.04742292394424,10.381545094460662,0.1037662419586028,13.57184474117934,1.0,0.3717624891831338,1.0185881244591568,0.03853784673925757
1,adsorption,378.0,100.04742395541258,10.383497303800453,0.10378575372843174,13.648905009048503,1.0,0.3737186182432118,1.0186859309121605,0.038522422048735176
1,adsorption,380.0,100.04742498651245,10.385448730740167,0.10380525767794867,13.72593443304739,1.0,0.37567396349959864,1.0187836981749803,0.03850700286873916
1,adsorption,382.0,100.04742601724386,10.387399375560154,0.10382475380995623,13.8029330241956,1.0,0.3776285252329856,1.0188814262616492,0.038491589197816825
1,adsorption,384.0,100.047427047607,10.389349238540714,0.10384424212725629,13.879900793509828,1.0,0.37958230372399376,1.0189791151861998,0.03847618103451858
1,adsorption,386.0,100.04742807760198,10.391298319961939,0.10386372263264887,13.95683775200388,1.0,0.381535299253167,1.0190767649626584,0.03846077837739268
1,adsorption,388.0,100.04742910722881,10.393246620103941,0.10388319532893414,14.033743910688639,1.0,0.38348751210097215,1.0191743756050486,0.03844538122498556
1,adsorption,390.0,100.04743013648762,10.395194139246797,0.1039026602189119,14.110619280572092,1.0,0.3854389425478065,1.0192719471273903,0.038429989575847256
1,adsorption,392.0,100.04743116537858,10.397140877670443,0.1039221173053804,14.18746387265933,1.0,0.38738959087399377,1.0193694795436996,0.03841460342852854
1,adsorption,394.0,100.04743219390167,10.39908683565465,0.10394156659113658,14.26427769795254,1.0,0.3893394573597753,1.0194669728679888,0.03839922278157397
1,adsorption,396.0,100.04743322205702,10.401032013479348,0.10396100807897865,14.341060767450994,1.0,0.3912885422853225,1.019564427114266,0.03838384763353173
1,adsorption,398.0,100.04743424984477,10.402976411424223,0.10398044177170254,14.417813092151068,1.0,0.39323684593073555,1.0196618422965367,0.038368477982952405
1,adsorption,400.0,100.04743527726498,10.40492002976885,0.10399986767210301,14.494534683046233,1.0,0.3951843685760336,1.0197592184288018,0.03835311382838163
1,adsorption,402.0,100.04743630431783,10.40686286879297,0.10401928578297648,14.57122555112706,1.0,0.39713111050117095,1.0198565555250585,0.038337755168372144
1,adsorption,404.0,100.04743733100328,10.408804928775874,0.10403869610711491,14.647885707381217,1.0,0.39907707198601616,1.019953853599301,0.03832240200146828
1,adsorption,406.0,100.04743835732151,10.410746209997155,0.10405809864731323,14.724515162793459,1.0,0.4010222533103688,1.0200511126655185,0.0383070543262185
1,adsorption,408.0,100.04743938327266,10.412686712736118,0.10407749340636356,14.801113928345652,1.0,0.40296665475395665,1.020148332737698,0.038291712141173155
1,adsorption,410.0,100.04744040885672,10.414626437271995,0.10409688038705724,14.877682015016745,1.0,0.4049102765964285,1.0202455138298214,0.038276375444879315
1,adsorption,412.0,100.04744143407382,10.416565383884045,0.10411625959218587,14.954219433782793,1.0,0.4068531191173596,1.020342655955868,0.038261044235884646
1,adsorption,414.0,100.04744245892417,10.418503552851382,0.10413563102453957,15.030726195616943,1.0,0.40879518259625247,1.0204397591298127,0.0382457185127381
1,adsorption,416.0,100.04744348340766,10.420440944453034,0.10415499468690781,15.107202311489434,1.0,0.41073646731253294,1.0205368233656267,0.03823039827398702
1,adsorption,418.0,100.04744450752449,10.422377558968012,0.10417435058207965,15.18364779236761,1.0,0.4126769735455536,1.0206338486772777,0.03821508351817963
1,adsorption,420.0,100.0474455312749,10.424313396675249,0.1041936987128432,15.260062649215905,1.0,0.4146167015745952,1.02073083507873,0.03819977424386616
1,adsorption,422.0,100.04744655465875,10.426248457853488,0.10421303908198534,15.33644689299586,1.0,0.41655565167885933,1.020827782583943,0.03818447044959307
1,adsorption,424.0,100.04744757767628,10.428182742781564,0.1042323716922931,15.412800534666095,1.0,0.4184938241374744,1.0209246912068737,0.03816917213390819
1,adsorption,426.0,100.04744860032748,10.430116251738124,0.10425169654655221,15.489123585182341,1.0,0.4204312192294949,1.0210215609614748,0.038153879295359266
1,adsorption,428.0,100.04744962261258,10.43204898500177,0.10427101364754764,15.565416055497412,1.0,0.4223678372339002,1.021118391861695,0.038138591932493984
1,adsorption,430.0,100.04745064453164,10.43398094285112,0.1042903229980645,15.64167795656123,1.0,0.42430367842960093,1.02121518392148,0.03812331004386416
1,adsorption,432.0,100.04745166608467,10.435912125564482,0.10430962460088503,15.71790929932081,1.0,0.4262387430954247,1.0213119371547714,0.03810803362801506
1,adsorption,434.0,100.04745268727183,10.437842533420344,0.10432891845879311,15.794110094720265,1.0,0.4281730315101266,1.0214086515755063,0.038092762683493465
1,adsorption,436.0,100.04745370809319,10.439772166697031,0.104348204574571,15.870280353700796,1.0,0.4301065439523925,1.0215053271976196,0.03807749720885026
1,adsorption,438.0,100.04745472854889,10.441701025672666,0.10436748295099897,15.946420087200705,1.0,0.43203928070082653,1.0216019640350413,0.03806223720263064
1,adsorption,440.0,100.04745574863904,10.443629110625585,0.10438675359085933,16.022529306155395,1.0,0.4339712420339666,1.0216985621016983,0.03804698266338614
1,adsorption,442.0,100.04745676836373,10.445556421833713,0.10440601649693038,16.098608021497352,1.0,0.4359024282302704,1.0217951214115135,0.038031733589663885
1,adsorption,444.0,100.04745778772295,10.447482959575082,0.10442527167199159,16.17465624415618,1.0,0.4378328395681163,1.0218916419784059,0.03801648998000715
1,adsorption,446.0,100.04745880671689,10.449408724127764,0.10444451911882265,16.250673985058555,1.0,0.4397624763258197,1.021988123816291,0.03800125183296835
1,adsorption,448.0,100.04745982534573,10.451333715769504,0.10446375884019991,16.326661255128258,1.0,0.4416913387816188,1.022084566939081,0.03798601914709761
1,adsorption,450.0,100.04746084360937,10.453257934778032,0.10448299083889988,16.40261806528617,1.0,0.44361942721366715,1.0221809713606835,0.037970791920937
1,adsorption,452.0,100.04746186150808,10.45518138143127,0.10450221511770065,16.47854442645027,1.0,0.4455467419000564,1.022277337095003,0.03795557015303859
1,adsorption,454.0,100.0474628790418,10.457104056006663,0.10452143167937589,16.55444034953563,1.0,0.4474732831187989,1.02237366415594,0.03794035384195067
1,adsorption,456.0,100.04746389621077,10.459025958781849,0.10454064052670083,16.630305845454405,1.0,0.44939905114782996,1.0224699525573915,0.03792514298621933
1,adsorption,458.0,100.04746491301506,10.460947090034335,0.1045598416624496,16.706140925115864,1.0,0.45132404626501316,1.0225662023132507,0.03790993758439302
1,adsorption,460.0,100.04746592945472,10.462867450041523,0.10457903508939528,16.781945599426372,1.0,0.4532482687481382,1.0226624134374072,0.037894737635020465
1,adsorption,462.0,100.04746694552983,10.464787039080727,0.10459822081031006,16.857719879289373,1.0,0.4551717188749181,1.0227585859437458,0.037879543136648715
1,adsorption,464.0,100.04746796124056,10.466705857429261,0.10461739882796607,16.93346377560542,1.0,0.45709439692299286,1.0228547198461497,0.03786435408782605
1,adsorption,466.0,100.04746897658697,10.468623905364291,0.10463656914513399,17.009177299272167,1.0,0.4590163031699281,1.0229508151584965,0.03784917048710062
1,adsorption,468.0,100.04746999156909,10.470541183162904,0.10465573176458381,17.084860461184345,1.0,0.46093743789321245,1.0230468718946606,0.03783399233301886
1,adsorption,470.0,100.0474710061872,10.472457691102242,0.10467488668908582,17.1605132722338,1.0,0.46285780137026566,1.0231428900685133,0.0378188196241313
1,adsorption,472.0,100.04747202044116,10.474373429459156,0.10469403392140773,17.236135743309458,1.0,0.4647773938784274,1.0232388696939214,0.037803652358984294
1,adsorption,474.0,100.04747303433122,10.476288398510615,0.10471317346431812,17.31172788529735,1.0,0.4666962156949643,1.0233348107847482,0.037788490536125166
1,adsorption,476.0,100.04747404785752,10.478202598533475,0.10473230532058456,17.38728970908061,1.0,0.4686142670970736,1.0234307133548537,0.03777333415410526
1,adsorption,478.0,100.04747506102,10.48011602980435,0.10475142949297239,17.462821225539454,1.0,0.47053154836187067,1.0235265774180935,0.03775818321147008
1,adsorption,480.0,100.04747607381888,10.482028692600016,0.10477054598424823,17.538322445551202,1.0,0.4724480597663974,1.0236224029883199,0.03774303770676604
1,adsorption,482.0,100.04747708625416,10.483940587197027,0.10478965479717677,17.613793379990263,1.0,0.4743638015876225,1.023718190079381,0.03772789763854037
1,adsorption,484.0,100.04747809832607,10.485851713872005,0.10480875593452312,17.689234039728145,1.0,0.4762787741024479,1.0238139387051224,0.03771276300534651
1,adsorption,486.0,100.04747911003462,10.487762072901225,0.10482784939904916,17.764644435633457,1.0,0.4781929775876909,1.0239096488793846,0.03769763380572983
1,adsorption,488.0,100.0474801213799,10.489671664561172,0.10484693519351872,17.8400245785719,1.0,0.48010641232009454,1.024005320616005,0.037682510038235806
1,adsorption,490.0,100.04748113236198,10.491580489128149,0.10486601332069394,17.91537447940627,1.0,0.48201907857633175,1.0241009539288166,0.037667391701413394
1,adsorption,492.0,100.04748214298108,10.493488546878341,0.1048850837833356,17.99069414899646,1.0,0.4839309766330007,1.02419654883165,0.037652278793811375
1,adsorption,494.0,100.04748315323715,10.495395838087926,0.10490414658420459,18.065983598199455,1.0,0.4858421067666249,1.0242921053383311,0.037637171313978375
1,adsorption,496.0,100.04748416313039,10.497302363032931,0.1049232017260601,18.141242837869342,1.0,0.4877524692536498,1.0243876234626825,0.03762206926046006
1,adsorption,498.0,100.04748517266087,10.499208121989456,0.1049422492116622,18.2164718788573,1.0,0.4896620643704519,1.0244831032185227,0.037606972631806596
1,adsorption,500.0,100.04748618182872,10.501113115233363,0.10496128904376853,18.291670732011603,1.0,0.4915708923933328,1.024578544619667,0.03759188142656757
1,adsorption,502.0,100.04748719063392,10.50301734304043,0.10498032122513602,18.366839408177633,1.0,0.4934789535985115,1.0246739476799256,0.03757679564328638
1,adsorption,504.0,100.04748819907664,10.504920805686575,0.10499934575852277,18.441977918197846,1.0,0.49538624826213934,1.024769312413107,0.03756171528051178
1,adsorption,506.0,100.0474892071571,10.506823503447487,0.10501836264668461,18.51708627291181,1.0,0.4972927766602982,1.024864638833015,0.03754664033679638
1,adsorption,508.0,100.04749021487513,10.508725436598619,0.10503737189237532,18.59216448315619,1.0,0.4991985390689826,1.024959926953449,0.0375315708106827
1,adsorption,510.0,100.04749122223102,10.510626605415727,0.10505637349835133,18.66721255976473,1.0,0.5011035357641186,1.025055176788206,0.037516506700717926
1,adsorption,512.0,100.04749222922487,10.512527010174235,0.10507536746736588,18.742230513568288,1.0,0.503007767021563,1.0251503883510782,0.037501448005453485
1,adsorption,514.0,100.0474932358567,10.514426651149554,0.10509435380217219,18.817218355394807,1.0,0.5049112331170977,1.025245561655855,0.03748639472344015
1,adsorption,516.0,100.04749424212662,10.516325528616923,0.10511333250552167,18.89217609606934,1.0,0.5068139343264211,1.025340696716321,0.037471346853221774
1,adsorption,518.0,100.04749524803479,10.518223642851686,0.10513230358016679,18.967103746414008,1.0,0.5087158709251596,1.025435793546258,0.03745630439334432
1,adsorption,520.0,100.04749625358123,10.520120994129075,0.10515126702885884,19.04200131724807,1.0,0.5106170431888736,1.0255308521594437,0.0374412673423601
1,adsorption,522.0,100.04749725876603,10.522017582724068,0.10517022285434673,19.116868819387836,1.0,0.5125174513930424,1.025625872569652,0.03742623569881635
1,adsorption,524.0,100.04749826358942,10.523913408911767,0.10518917105938036,19.191706263646743,1.0,0.5144170958130684,1.0257208547906533,0.03741120946125848
1,adsorption,526.0,100.04749926805131,10.525808472967158,0.10520811164670878,19.26651366083532,1.0,0.5163159767242851,1.0258157988362142,0.037396188628236016
1,adsorption,528.0,100.04750027215196,10.527702775165075,0.10522704461907921,19.341291021761172,1.0,0.5182140944019499,1.0259107047200975,0.03738117319829755
1,adsorption,530.0,100.04750127589132,10.529596315780335,0.105245969979239,19.41603835722902,1.0,0.5201114491212434,1.0260055724560622,0.03736616316998952
1,adsorption,532.0,100.04750227926965,10.531489095087725,0.10526488772993489,19.490755678040674,1.0,0.5220080411572761,1.026100402057864,0.03735115854186187
1,adsorption,534.0,100.04750328228693,10.533381113361802,0.10528379787391158,19.565442994995042,1.0,0.5239038707850767,1.026195193539254,0.037336159312459045
1,adsorption,536.0,100.04750428494326,10.53527237087732,0.10530270041391564,19.640100318888123,1.0,0.5257989382796115,1.0262899469139806,0.03732116548033456
1,adsorption,538.0,100.04750528723882,10.537162867908625,0.10532159535268946,19.714727660513024,1.0,0.527693243915764,1.0263846621957882,0.03730617704403551
1,adsorption,540.0,100.04750628917358,10.539052604730182,0.10534048269297686,19.789325030659935,1.0,0.5295867879683376,1.0264793393984168,0.037291194002104656
1,adsorption,542.0,100.04750729074779,10.540941581616481,0.10535936243752161,19.86389244011615,1.0,0.5314795707120725,1.0265739785356036,0.03727621635309367
1,adsorption,544.0,100.04750829196139,10.54282979884165,0.10537823458906416,19.938429899666048,1.0,0.5333715924216292,1.0266685796210815,0.03726124409554995
1,adsorption,546.0,100.04750929281458,10.544717256680013,0.10539709915034673,20.012937420091117,1.0,0.5352628533715954,1.0267631426685797,0.03724627722802212
1,adsorption,548.0,100.04751029330751,10.546603955405727,0.10541595612410981,20.087415012169938,1.0,0.5371533538364882,1.0268576676918246,0.03723131574906207
1,adsorption,550.0,100.04751129344007,10.548489895292652,0.10543480551309123,20.16186268667819,1.0,0.5390430940907358,1.0269521547045368,0.0372163596572101
1,adsorption,552.0,100.04751229321258,10.55037507661504,0.10545364732003236,20.236280454388645,1.0,0.5409320744087032,1.027046603720435,0.03720140895101567
1,adsorption,554.0,100.04751329262498,10.552259499646738,0.10547248154767082,20.31066832607116,1.0,0.5428202950646873,1.0271410147532343,0.037186463629033016
1,adsorption,556.0,100.04751429167744,10.554143164661436,0.10549130819874246,20.385026312492705,1.0,0.5447077563328973,1.027235387816645,0.03717152368980581
1,adsorption,558.0,100.04751529037009,10.556026071933118,0.10551012727598616,20.45935442441734,1.0,0.5465944584874753,1.0273297229243739,0.03715658913188402
1,adsorption,560.0,100.0475162887029,10.557908221735266,0.10552893878213583,20.533652672606227,1.0,0.5484804018024816,1.0274240200901241,0.03714165995381112
1,adsorption,562.0,100.0475172866761,10.559789614341721,0.10554774271992881,20.607921067817614,1.0,0.5503655865519131,1.0275182793275957,0.03712673615413998
1,adsorption,564.0,100.04751828428975,10.561670250025871,0.10556653909209808,20.68215962080685,1.0,0.5522500130096882,1.0276125006504844,0.03711181773141992
1,adsorption,566.0,100.04751928154393,10.563550129061188,0.10558532790137738,20.756368342326383,1.0,0.5541336814496445,1.0277066840724822,0.0370969046841951
1,adsorption,568.0,100.04752027843868,10.565429251721174,0.10560410915050072,20.830547243125753,1.0,0.5560165921455518,1.0278008296072776,0.037081997011015354
1,adsorption,570.0,100.04752127497427,10.567307618279077,0.10562288284219958,20.9046963339516,1.0,0.5578987453711064,1.0278949372685555,0.037067094710431105
1,adsorption,572.0,100.04752227115065,10.569185229008125,0.10564164897920536,20.97881562554766,1.0,0.5597801413999249,1.0279890070699962,0.03705219778098825
1,adsorption,574.0,100.04752326696793,10.571062084181515,0.10566040756424896,21.052905128654768,1.0,0.5616607805055495,1.0280830390252775,0.0370373062212332
1,adsorption,576.0,100.04752426242622,10.572938184072358,0.10567915860006069,21.126964854010843,1.0,0.5635406629614507,1.0281770331480726,0.037022420029714675
1,adsorption,578.0,100.04752525752558,10.574813528953712,0.10569790208937,21.200994812350913,1.0,0.5654197890410301,1.0282709894520514,0.037007539204985195
1,adsorption,580.0,100.04752625226624,10.576688119098442,0.10571663803490457,21.2749950144071,1.0,0.5672981590176074,1.0283649079508803,0.03699266374559182
1,adsorption,582.0,100.04752724664819,10.578561954779437,0.10573536643939234,21.34896547090862,1.0,0.5691757731644249,1.0284587886582213,0.03697779365007903
1,adsorption,584.0,100.04752824067155,10.5804350362696,0.10575408730556143,21.422906192581795,1.0,0.57105263175466,1.028552631587733,0.03696292891699891
1,adsorption,586.0,100.04752923433641,10.582307363841505,0.10577280063613653,21.49681719015003,1.0,0.5729287350614075,1.0286464367530703,0.03694806954489726
1,adsorption,588.0,100.04753022764285,10.584178937767852,0.1057915064338437,21.570698474333824,1.0,0.5748040833576861,1.0287402041678844,0.03693321553231863
1,adsorption,590.0,100.04753122059097,10.586049758321398,0.1058102047014096,21.644550055850782,1.0,0.5766786769164561,1.0288339338458228,0.03691836687782012
1,adsorption,592.0,100.04753221318094,10.587919825774396,0.10582889544155565,21.718371945415615,1.0,0.5785525160105929,1.0289276258005295,0.036903523579950165
1,adsorption,594.0,100.04753320541283,10.589789140399384,0.1058475786570063,21.792164153740124,1.0,0.5804256009128927,1.0290212800456446,0.03688868563725387
1,adsorption,596.0,100.04753419728667,10.59165770246865,0.10586625435048354,21.865926691533197,1.0,0.5822979318960751,1.0291148965948038,0.036873853048274646
1,adsorption,598.0,100.04753518880256,10.59352551225458,0.10588492252471024,21.939659569500822,1.0,0.5841695092327946,1.0292084754616397,0.03685902581156342
1,adsorption,600.0,100.04753617996066,10.595392570029343,0.10590358318240707,22.013362798346087,1.0,0.5860403331956328,1.0293020166597817,0.03684420392567181
1,adsorption,602.0,100.04753717076107,10.59725887606504,0.10592223632629401,22.08703638876918,1.0,0.5879104040570936,1.0293955202028549,0.03682938738914939
1,adsorption,604.0,100.0475381612038,10.599124430633719,0.10594088195909074,22.160680351467388,1.0,0.5897797220896013,1.02948898610448,0.036814576200541224
1,adsorption,606.0,100.04753915128907,10.600989234007406,0.10595952008351638,22.234294697135084,1.0,0.5916482875655109,1.0295824143782755,0.03679977035839689
1,adsorption,608.0,100.04754014101688,10.602853286458002,0.10597815070228903,22.307879436463743,1.0,0.5935161007571036,1.0296758050378552,0.036784969861265976
1,adsorption,610.0,100.04754113038739,10.60471658825729,0.1059967738181256,22.381434580141942,1.0,0.5953831619365835,1.0297691580968291,0.036770174707696265
1,adsorption,612.0,100.04754211940067,10.606579139677086,0.10601538943374318,22.454960138855355,1.0,0.59724947137608,1.029862473568804,0.03675538489623535
1,adsorption,614.0,100.04754310805676,10.608440940988997,0.10603399755185698,22.528456123286745,1.0,0.5991150293476467,1.0299557514673825,0.03674060042542952
1,adsorption,616.0,100.04754409635584,10.610301992464766,0.10605259817518341,22.60192254411597,1.0,0.6009798361232709,1.0300489918061635,0.03672582129383186
1,adsorption,618.0,100.047545084298,10.612162294375839,0.10607119130643586,22.675359412020004,1.0,0.6028438919748617,1.030142194598743,0.036711047499992086
1,adsorption,620.0,100.04754607188327,10.614021846993614,0.10608977694832747,22.748766737672895,1.0,0.6047071971742463,1.0302353598587124,0.03669627904245416
1,adsorption,622.0,100.04754705911182,10.615880650589594,0.10610835510357225,22.82214453174581,1.0,0.6065697519931823,1.0303284875996592,0.03668151591976601
1,adsorption,624.0,100.04754804598375,10.617738705435153,0.10612692577488296,22.895492804906997,1.0,0.6084315567033655,1.0304215778351682,0.03666675813048516
1,adsorption,626.0,100.04754903249905,10.619596011801221,0.10614548896496796,22.96881156782181,1.0,0.6102926115763936,1.0305146305788198,0.036652005673150856
1,adsorption,628.0,100.04755001865796,10.621452569959338,0.10616404467654164,23.04210083115269,1.0,0.6121529168838076,1.0306076458441904,0.03663725854631603
1,adsorption,630.0,100.04755100446049,10.623308380180363,0.10618259291231165,23.115360605559196,1.0,0.61401247289707,1.0307006236448535,0.03662251674853062
1,adsorption,632.0,100.04755198990676,10.625163442735317,0.10620113367498718,23.188590901697967,1.0,0.6158712798875622,1.0307935639943782,0.036607780278339164
1,adsorption,634.0,100.04755297499685,10.6270177578953,0.10621966696727832,23.26179173022274,1.0,0.6177293381266026,1.0308864669063302,0.03659304913429519
1,adsorption,636.0,100.0475539597309,10.62887132593097,0.1062381927918906,23.334963101784364,1.0,0.6195866478854246,1.0309793323942713,0.03657832331494394
1,adsorption,638.0,100.04755494410895,10.630724147113273,0.10625671115153261,23.408105027030768,1.0,0.6214432094351932,1.0310721604717596,0.036563602818835354
1,adsorption,640.0,100.04755592813113,10.632576221712828,0.10627522204890952,23.48121751660699,1.0,0.6232990230469957,1.0311649511523497,0.036548887644516866
1,adsorption,642.0,100.04755691179754,10.634427550000371,0.10629372548672768,23.554300581155154,1.0,0.6251540889918503,1.0312577044495925,0.0365341777905402
1,adsorption,644.0,100.0475578951082,10.636278132246389,0.10631222146769109,23.627354231314502,1.0,0.6270084075406966,1.0313504203770347,0.036519473255453294
1,adsorption,646.0,100.0475588780634,10.638127968721452,0.10633070999450427,23.70037847772135,1.0,0.6288619789644028,1.0314430989482202,0.03650477403780707
1,adsorption,648.0,100.04755986066307,10.639977059695894,0.10634919106986981,23.773373331009147,1.0,0.6307148035337574,1.0315357401766878,0.03649008013614788
1,adsorption,650.0,100.04756084290732,10.641825405440109,0.10636766469649059,23.846338801808393,1.0,0.6325668815194773,1.031628344075974,0.03647539154902446
1,adsorption,652.0,100.04756182479626,10.643673006224372,0.10638613087706844,23.919274900746725,1.0,0.6344182131922069,1.0317209106596104,0.03646070827498694
1,adsorption,654.0,100.04756280633002,10.645519862318862,0.10640458961430412,23.99218163844886,1.0,0.6362687988225145,1.0318134399411256,0.03644603031258415
1,adsorption,656.0,100.04756378750878,10.64736597399374,0.10642304091089816,24.065059025536605,1.0,0.6381186386808962,1.031905931934045,0.036431357660366925
1,adsorption,658.0,100.04756476833246,10.649211341518988,0.1064414847695496,24.1379070726289,1.0,0.63996773303777,1.0319983866518885,0.03641669031688259
1,adsorption,660.0,100.04756574880119,10.651055965164636,0.10645992119295777,24.210725790342067,1.0,0.6418160821634858,1.0320908041081742,0.036402028280677616
1,purge,660.0,100.04756574880119,10.651055965164636,0.10645992119295777,24.210725790342067,1.0,0.6418160821634858,1.0320908041081742,0.036402028280677616
1,purge,662.0,100.05345602906098,9.134369353484157,0.09129489091142476,24.191075872683804,1.0,0.5263856415978625,1.0263192820798932,-0.05324071700734328
1,purge,664.0,100.05328892371652,10.580283054940919,0.10574647938867485,24.09256230066677,1.0,0.5293085362213911,1.0264654268110696,-0.048990587760650295
1,purge,666.0,100.05306831757144,10.531917186265249,0.10526331039480596,24.00033127407203,1.0,0.5309756312986491,1.0265487815649323,-0.04584563306849418
1,purge,668.0,100.05307475712696,10.514784562180047,0.10509206826181083,23.90837751974159,1.0,0.5284375815205069,1.0264218790760253,-0.0459862368088364
1,purge,670.0,100.05307546454773,10.514439699922566,0.10508862072558878,23.816378300377597,1.0,0.5260729380680698,1.0263036469034035,-0.045990674314457504
1,purge,672.0,100.05307378842953,10.512117999182742,0.10506541779427468,23.724425406679668,1.0,0.5237472975836022,1.0261873648791804,-0.04596561601838357
1,purge,674.0,100.05307241331793,10.509756766923589,0.10504181944066568,23.6325143927384,1.0,0.5214168282308257,1.0260708414115414,-0.045945161834723934
1,purge,676.0,100.05307104666626,10.50743749416964,0.10501864045001491,23.54064437533235,1.0,0.5190874073907726,1.0259543703695386,-0.04592470974184423
1,purge,678.0,100.05306967074904,10.505119949141323,0.10499547873654635,23.448816819682254,1.0,0.5167592545307556,1.0258379627265377,-0.04590411785965569
1,purge,680.0,100.05306829831292,10.502799026958977,0.10497228326516073,23.357033531429067,1.0,0.5144321530032234,1.0257216076501612,-0.04588359128606707
1,purge,682.0,100.05306692370037,10.500477923539362,0.10494908598401025,23.26528790255165,1.0,0.5121060540797505,1.0256053027039875,-0.04586303586882753
1,purge,684.0,100.05306555033077,10.498158089752128,0.10492590139050889,23.173582424390574,1.0,0.5097809618719499,1.0254890480935974,-0.045842498227690494
1,purge,686.0,100.05306417746006,10.49583927287283,0.10490272695953407,23.081917926720102,1.0,0.5074569107970532,1.0253728455398528,-0.045821968112700465
1,purge,688.0,100.0530628052957,10.493521434153735,0.1048795623035972,22.990294487213458,1.0,0.5051338987239304,1.0252566949361965,-0.04580144873960334
1,purge,690.0,100.05306143384627,10.491204655385236,0.10485640824016045,22.89871208924715,1.0,0.5028119253866534,1.025140596269333,-0.045780939983353336
1,purge,692.0,100.05306006306708,10.488888915144466,0.10483326455515639,22.80717070472238,1.0,0.500490990834457,1.025024549541723,-0.045760441243571114
1,purge,694.0,100.05305869296998,10.486574204975488,0.10481013116405911,22.715670308992856,1.0,0.4981710941795518,1.0249085547089778,-0.04573995271980666
1,purge,696.0,100.05305732355903,10.48426053072709,0.10478700812532202,22.624210880236504,1.0,0.49585223480940993,1.0247926117404704,-0.04571947445339026
1,purge,698.0,100.05305595483034,10.481947891310233,0.1047638954280655,22.53279239776678,1.0,0.49353441226699063,1.0246767206133496,-0.04569900638708285
1,purge,700.0,100.05305458678363,10.479636285165085,0.1047407930567007,22.44141484239792,1.0,0.4912176260589683,1.0245608813029483,-0.04567854852196305
1,purge,702.0,100.05305321941935,10.477325712313846,0.10471770101144998,22.35007819177221,1.0,0.4889018756091283,1.0244450937804563,-0.0456581008603241
1,purge,704.0,100.05305185273676,10.475016172288449,0.10469461928763671,22.258782428319062,1.0,0.48658716048070927,1.0243293580240356,-0.04563766339142794
1,purge,706.0,100.05305048673516,10.472707664410175,0.104671547878479,22.167527530589084,1.0,0.48427348013241633,1.0242136740066208,-0.04561723610849684
1,purge,708.0,100.05304912141452,10.470400188197058,0.10464848677916065,22.076313477361808,1.0,0.48196083402538525,1.0240980417012693,-0.0455968190074356
1,purge,710.0,100.05304775677423,10.468093743166719,0.10462543598486194,21.985140248029,1.0,0.47964922164009915,1.023982461082005,-0.04557641208130262
1,purge,712.0,100.05304639281398,10.46578832876092,0.10460239549000473,21.89400782229757,1.0,0.4773386424643214,1.0238669321232161,-0.045556015323780695
1,purge,714.0,100.05304502953335,10.463483944481045,0.10457936528960679,21.802916179911982,1.0,0.47502909598566495,1.0237514547992832,-0.04553562872942095
1,purge,716.0,100.05304366693194,10.461180589829235,0.10455634537869347,21.711865300575365,1.0,0.47272058169167835,1.0236360290845838,-0.04551525229199809
1,purge,718.0,100.05304230500937,10.458878264280761,0.10453333575202156,21.620855163972347,1.0,0.4704130990692944,1.0235206549534648,-0.04549488600539729
1,purge,720.0,100.05304094376515,10.456576967326534,0.10451033640450427,21.529885749797607,1.0,0.4681066476053681,1.0234053323802683,-0.045474529863765004
1,purge,722.0,100.05303958319901,10.45427669845965,0.1044873473310764,21.438957037764293,1.0,0.46580122678748354,1.0232900613393743,-0.04545418386104869
1,purge,724.0,100.0530382233103,10.451977457166036,0.10446436852660151,21.348069007601328,1.0,0.4634968361036016,1.02317484180518,-0.04543384799121728
1,purge,726.0,100.05303686409893,10.449679242935852,0.10444139998598494,21.257221639049956,1.0,0.4611934750418938,1.0230596737520947,-0.045413522248321896
1,purge,728.0,100.05303550556432,10.447382055260363,0.10441844170414345,21.16641491186266,1.0,0.45889114309088636,1.0229445571545444,-0.04539320662636182
1,purge,730.0,100.05303414770616,10.445085893628935,0.10439549367597463,21.075648805803493,1.0,0.45658983973939576,1.0228294919869698,-0.04537290111934111
1,purge,732.0,100.05303279052401,10.442790757532165,0.10437255589638858,20.984923300648408,1.0,0.45428956447650387,1.022714478223825,-0.04535260572129512
1,purge,734.0,100.05303143401737,10.440496646461401,0.10434962836030273,20.894238376185402,1.0,0.45199031679161666,1.0225995158395809,-0.045332320426247
1,purge,736.0,100.05303007818604,10.438203559907615,0.10432671106263074,20.803594012214454,1.0,0.44969209617444855,1.0224846048087224,-0.04531204522821915
1,purge,738.0,100.05302872302941,10.435911497362307,0.10430380399829167,20.712990188547515,1.0,0.44739490211500726,1.0223697451057503,-0.04529178012124455
1,purge,740.0,100.05302736854725,10.433620458317188,0.10428090716220656,20.62242688500843,1.0,0.4450987341035866,1.0222549367051794,-0.04527152509937099
1,purge,742.0,100.0530260147391,10.431330442264658,0.1042580205493034,20.531904081432963,1.0,0.44280359163079885,1.02214017958154,-0.04525128015663614
1,purge,744.0,100.05302466160455,10.429041448696815,0.10423514415450719,20.441421757668788,1.0,0.4405094741875475,1.0220254737093775,-0.04523104528708867
1,purge,746.0,100.05302330914321,10.426753477106585,0.10421227797275119,20.35097989357548,1.0,0.4382163812650427,1.0219108190632522,-0.04521082048477625
1,purge,748.0,100.05302195735467,10.424466526986777,0.10418942199896736,20.26057846902451,1.0,0.43592431235478335,1.0217962156177391,-0.04519060574375911
1,purge,750.0,100.0530206062386,10.422180597830867,0.10416657622809454,20.170217463899228,1.0,0.43363326694857546,1.0216816633474288,-0.04517040105809566
1,purge,752.0,100.05301925579448,10.419895689132368,0.1041437406550718,20.07989685809487,1.0,0.4313432445385257,1.0215671622269262,-0.04515020642184732
1,purge,754.0,100.05301790602202,10.417611800385094,0.10412091527484124,19.98961663151853,1.0,0.42905424461702896,1.0214527122308514,-0.04513002182908796
1,purge,756.0,100.05301655692078,10.415328931083401,0.10409810008235039,19.89937676408916,1.0,0.42676626667678613,1.0213383133338394,-0.04510984727388991
1,purge,758.0,100.05301520849032,10.413047080721693,0.10407529507254731,19.80917723573756,1.0,0.42447931021079965,1.02122396551054,-0.04508968275032746
1,purge,760.0,100.05301386073045,10.410766248794594,0.10405250024038198,19.719018026406374,1.0,0.42219337471235174,1.0211096687356176,-0.04506952825249309
1,purge,762.0,100.05301251364044,10.408486434797695,0.10402971558081456,19.62889911605007,1.0,0.4199084596750564,1.0209954229837528,-0.04504938377445736
1,purge,764.0,100.05301116722018,10.406207638225643,0.1040069410887953,19.538820484634954,1.0,0.4176245645927907,1.0208812282296396,-0.0450292493103223
1,purge,766.0,100.05300982146913,10.403929858574658,0.10398417675929035,19.448782112139117,1.0,0.4153416889597366,1.0207670844479868,-0.04500912485418779
1,purge,768.0,100.05300847638694,10.401653095340736,0.10396142258726365,19.358783978552488,1.0,0.41305983227040177,1.02065299161352,-0.04498901040013635
1,purge,770.0,100.05300713197323,10.399377348019607,0.10393867856767645,19.268826063876777,1.0,0.41077899401955165,1.0205389497009776,-0.04496890594228516
1,purge,772.0,100.05300578822757,10.397102616108377,0.10391594469550379,19.178908348125475,1.0,0.4084991737022632,1.020424958685113,-0.04494881147474416
1,purge,774.0,100.05300444514961,10.394828899103796,0.10389322096571703,19.089030811323862,1.0,0.4062203708139263,1.0203110185406963,-0.04492872699161466
1,purge,776.0,100.0530031027389,10.392556196502728,0.10387050737328879,18.99919343350899,1.0,0.4039425848502034,1.0201971292425105,-0.0449086524870211
1,purge,778.0,100.05300176099504,10.390284507802921,0.10384780391320053,18.90939619472967,1.0,0.4016658153070604,1.020083290765353,-0.044888587955086184
1,purge,780.0,100.05300041991775,10.388013832502017,0.10382511058043245,18.819639075046453,1.0,0.3993900616807627,1.019969503084038,-0.04486853338993411
1,purge,782.0,100.05299907950652,10.385744170098166,0.10380242736997015,18.72992205453166,1.0,0.39711532346788236,1.019855766173394,-0.04484848878568494
1,purge,784.0,100.052997739761,10.38347552008938,0.10377975427679759,18.64024511326934,1.0,0.39484160016526315,1.0197420800082633,-0.04482845413648148
1,purge,786.0,100.05299640068077,10.3812078819745,0.10375709129590711,18.550608231355255,1.0,0.3925688912700419,1.019628444563502,-0.044808429436472376
1,purge,788.0,100.05299506226558,10.378941255252629,0.10373443842229356,18.461011388896885,1.0,0.3902971962796775,1.0195148598139838,-0.044788414679789224
1,purge,790.0,100.05299372451483,10.376675639422709,0.10371179565095043,18.37145456601344,1.0,0.38802651469191657,1.0194013257345957,-0.0447684098605739
1,purge,792.0,100.05299238742829,10.374411033984156,0.1036891629768757,18.28193774283582,1.0,0.3857568460047768,1.019287842300239,-0.04474841497299045
1,purge,794.0,100.05299105100539,10.372147438437215,0.10366654039507588,18.19246089950661,1.0,0.3834881897165987,1.01917440948583,-0.04472843001118514
1,purge,796.0,100.0529897152459,10.369884852281498,0.10364392790055078,18.103024016180097,1.0,0.3812205453260014,1.0190610272663,-0.04470845496932082
1,purge,798.0,100.05298838014942,10.36762327501771,0.10362132548831147,18.01362707302224,1.0,0.3789539123319033,1.0189476956165953,-0.044688489841560174
1,purge,800.0,100.05298704571551,10.365362706146339,0.10359873315336673,17.924270050210648,1.0,0.3766882902335112,1.018834414511676,-0.0446685346220742
1,purge,802.0,100.0529857119437,10.363103145168381,0.10357615089073044,17.834952927934612,1.0,0.37442367853032194,1.018721183926516,-0.04464858930504108
1,purge,804.0,100.05298437883381,10.360844591585334,0.10355357869542137,17.74567568639505,1.0,0.37216007672214496,1.0186080038361072,-0.04462865388462787
1,purge,806.0,100.05298304638528,10.358587044898279,0.10353101656245434,17.65643830580453,1.0,0.3698974843090557,1.0184948742154527,-0.04460872835502714
1,purge,808.0,100.0529817145978,10.356330504609664,0.10350846448685766,17.567240766387258,1.0,0.3676359007914509,1.0183817950395726,-0.04458881271041337
1,purge,810.0,100.052980383471,10.354074970221058,0.10348592246365085,17.47808304837906,1.0,0.3653753256699987,1.0182687662835,-0.04456890694498216
1,purge,812.0,100.05297905300435,10.35182044123531,0.10346339048786642,17.38896513202738,1.0,0.36311575844566973,1.0181557879222836,-0.04454901105292515
1,purge,814.0,100.0529777231976,10.34956691715482,0.1034408685545322,17.29988699759127,1.0,0.3608571986197179,1.0180428599309859,-0.04452912502844541
1,purge,816.0,100.05297639405035,10.347314397482943,0.10341835665868555,17.21084862534138,1.0,0.35859964569370384,1.0179299822846852,-0.04450924886573862
1,purge,818.0,100.05297506556214,10.345062881722582,0.10339585479535944,17.121849995559955,1.0,0.3563430991694634,1.0178171549584731,-0.0444893825590176
1,purge,820.0,100.05297373773264,10.342812369377647,0.10337336295959682,17.032891088540808,1.0,0.354087558549131,1.0177043779274566,-0.0444695261024939
1,purge,822.0,100.05297241056144,10.340562859951882,0.10335088114643909,16.94397188458933,1.0,0.3518330233351349,1.0175916511667566,-0.04444967949038139
1,purge,824.0,100.05297108404821,10.338314352949439,0.10332840935093142,16.855092364022482,1.0,0.3495794930301877,1.0174789746515096,-0.04442984271690318
1,purge,826.0,100.0529697581925,10.33606684787496,0.10330594756812428,16.766252507168776,1.0,0.347326967137308,1.0173663483568653,-0.044410015776275256
1,purge,828.0,100.05296843299395,10.333820344232961,0.10328349579306666,16.67745229436828,1.0,0.3450754451597925,1.0172537722579895,-0.044390198662727455
1,purge,830.0,100.05296710845214,10.331574841528608,0.10326105402081408,16.588691705972607,1.0,0.34282492660122854,1.0171412463300618,-0.04437039137049383
1,purge,832.0,100.05296578456672,10.329330339267047,0.10323862224642179,16.499970722344877,1.0,0.34057541096548,1.017028770548274,-0.04435059389382308
1,purge,834.0,100.05296446133731,10.327086836954397,0.10321620046495489,16.411289323859744,1.0,0.33832689775673697,1.0169163448878369,-0.04433080622693997
1,purge,836.0,100.05296313876345,10.324844334095966,0.10319378867147032,16.32264749090338,1.0,0.3360793864794572,1.0168039693239728,-0.044311028364090996
1,purge,838.0,100.0529618168449,10.322602830198244,0.10317138686103677,16.234045203873464,1.0,0.33383287663838057,1.0166916438319191,-0.0442912602995324
1,purge,840.0,100.05296049558113,10.320362324767776,0.10314899502872361,16.145482443179166,1.0,0.3315873677385506,1.0165793683869275,-0.044271502027513836
1,purge,842.0,100.05295917497185,10.318122817311108,0.10312661316960008,16.05695918924115,1.0,0.32934285928528956,1.0164671429642644,-0.044251753542297094
1,purge,844.0,100.05295785501666,10.315884307335555,0.10310424127874313,15.968475422491547,1.0,0.32709935078421776,1.016354967539211,-0.04423201483814106
1,purge,846.0,100.05295653571508,10.313646794348372,0.10308187935122931,15.880031123373982,1.0,0.3248568417412499,1.0162428420870626,-0.04421228590930468
1,purge,848.0,100.05295521706691,10.311410277856956,0.10305952738213622,15.79162627234353,1.0,0.32261533166256423,1.0161307665831283,-0.04419256675007048
1,purge,850.0,100.0529538990716,10.309174757369734,0.10303718536655213,15.703260849866725,1.0,0.32037482005465434,1.0160187410027328,-0.04417285735470409
1,purge,852.0,100.0529525817289,10.306940232394343,0.10301485329955708,15.614934836421545,1.0,0.3181353064242809,1.0159067653212142,-0.04415315771749178
1,purge,854.0,100.05295126503827,10.304706702439802,0.10299253117624525,15.526648212497403,1.0,0.3158967902785099,1.0157948395139256,-0.0441334678327103
1,purge,856.0,100.05294994899953,10.302474167014498,0.10297021899170418,15.438400958595157,1.0,0.31365927112468545,1.0156829635562343,-0.04411378769464841
1,purge,858.0,100.05294863361205,10.300242625627702,0.10294791674103057,15.350193055227065,1.0,0.3114227484704371,1.015571137423522,-0.04409411729760031
1,purge,860.0,100.05294731887565,10.298012077788842,0.10292562441932236,15.262024482916818,1.0,0.30918722182369845,1.015459361091185,-0.04407445663585155
1,purge,862.0,100.05294600478992,10.29578252300721,0.10290334202167632,15.173895222199505,1.0,0.30695269069266157,1.015347634534633,-0.044054805703714034
1,purge,864.0,100.05294469135438,10.293553960793103,0.10288106954319927,15.085805253621604,1.0,0.3047191545858192,1.0152359577292909,-0.04403516449549305
1,purge,866.0,100.05294337856876,10.29132639065675,0.10285880697899731,14.997754557740988,1.0,0.30248661301197244,1.0151243306505986,-0.044015533005481236
1,purge,868.0,100.05294206643259,10.289099812108272,0.10283655432417542,14.909743115126915,1.0,0.30025506548017994,1.015012753274009,-0.04399591122799795
1,purge,870.0,100.0529407549456,10.286874224658714,0.1028143115738478,14.82177090636001,1.0,0.29802451149978476,1.0149012255749892,-0.04397629915736804
1,purge,872.0,100.05293944410727,10.284649627819414,0.1027920787231318,14.733837912032262,1.0,0.295794950580451,1.0147897475290226,-0.043956696787893455
1,purge,874.0,100.05293813391738,10.282426021100921,0.1027698557671365,14.645944112747015,1.0,0.2935663822320789,1.014678319111604,-0.04393710411391872
1,purge,876.0,100.05293682437538,10.280203404015852,0.10274764270099201,14.558089489118956,1.0,0.29133880596489264,1.0145669402982447,-0.04391752112976283
1,purge,878.0,100.05293551548102,10.277981776075489,0.10272543951981493,14.470274021774118,1.0,0.2891122212893967,1.0144556110644698,-0.0438979478297529
1,purge,880.0,100.05293420723379,10.275761136792122,0.10270324621873198,14.382497691349858,1.0,0.2868866277163624,1.014344331385818,-0.043878384208234485
1,purge,882.0,100.05293289963346,10.273541485678534,0.1026810627928746,14.294760478494869,1.0,0.2846620247568648,1.0142331012378432,-0.04385883025954281
1,purge,884.0,100.05293159267967,10.271322822247072,0.10265888923737011,14.20706236386914,1.0,0.2824384119222446,1.0141219205961123,-0.043839285978031994
1,purge,886.0,100.05293028637185,10.269105146011336,0.10263672554735843,14.119403328143973,1.0,0.2802157887241561,1.0140107894362078,-0.04381975135803766
1,purge,888.0,100.05292898070975,10.266888456484033,0.10261457171797032,14.031783352001973,1.0,0.2779941546745083,1.0138997077337255,-0.04380022639392298
1,purge,890.0,100.05292767569298,10.264672753179244,0.10259242774435035,13.94420241613702,1.0,0.27577350928550043,1.013788675464275,-0.043780711080050085
1,purge,892.0,100.05292637132118,10.262458035610955,0.10257029362164212,13.856660501254288,1.0,0.2735538520696437,1.0136776926034823,-0.04376120541076365
1,purge,894.0,100.05292506759389,10.26024430329282,0.10254816934498606,13.769157588070223,1.0,0.2713351825396976,1.0135667591269848,-0.04374170938044033
1,purge,896.0,100.0529237645109,10.25803155573979,0.10252605490953527,13.68169365731253,1.0,0.2691175002087128,1.0134558750104357,-0.043722222983454635
1,purge,898.0,100.05292246207168,10.255819792466578,0.10250395031044078,13.594268689720167,1.0,0.26690080459004145,1.0133450402295021,-0.04370274621417103
1,purge,900.0,100.05292116027587,10.253609012987976,0.10248185554285423,13.506882666043351,1.0,0.2646850951973032,1.0132342547598652,-0.04368327906697053
1,purge,902.0,100.05291985912322,10.251399216819472,0.1024597706019342,13.419535567043534,1.0,0.26247037154439895,1.01312351857722,-0.04366382153623945
1,purge,904.0,100.0529185586131,10.249190403476836,0.10243769548284239,13.332227373493396,1.0,0.26025663314553366,1.0130128316572766,-0.043644373616351644
1,purge,906.0,100.05291725874545,10.246982572475433,0.10241563018073581,13.24495806617685,1.0,0.2580438795151622,1.012902193975758,-0.04362493530171044
1,purge,908.0,100.05291595951968,10.244775723332031,0.10239357469078618,13.157727625889013,1.0,0.25583211016804136,1.012791605508402,-0.043605506586708
1,purge,910.0,100.0529146609355,10.242569855562746,0.10237152900815831,13.070536033436218,1.0,0.25362132461921705,1.0126810662309609,-0.04358608746573504
1,purge,912.0,100.05291336299246,10.24036496868423,0.10234949312802252,12.983383269635995,1.0,0.25141152238399495,1.0125705761191997,-0.04356667793320382
1,purge,914.0,100.05291206569028,10.238161062213866,0.1023274670455563,12.896269315317062,1.0,0.24920270297798833,1.0124601351488993,-0.043547277983510345
1,purge,916.0,100.05291076902856,10.235958135668524,0.10230545075593211,12.809194151319334,1.0,0.24699486591707462,1.0123497432958537,-0.04352788761106846
1,purge,918.0,100.05290947300693,10.233756188565852,0.10228344425433021,12.722157758493879,1.0,0.2447880107173986,1.01223940053587,-0.04350850681030662
1,purge,920.0,100.05290817762496,10.2315552204241,0.10226144753593687,12.635160117702931,1.0,0.2425821368954229,1.012129106844771,-0.04348913557562875
1,purge,922.0,100.05290688288231,10.22935523076092,0.10223946059593221,12.548201209819908,1.0,0.24037724396787644,1.0120188621983939,-0.043469773901454546
1,purge,924.0,100.05290558877861,10.227156219094931,0.10221748342950628,12.461281015729368,1.0,0.2381733314517611,1.011908666572588,-0.043450421782213686
1,purge,926.0,100.05290429531352,10.224958184944658,0.10219551603184791,12.374399516327006,1.0,0.23597039886434926,1.0117985199432176,-0.04343107921234771
1,purge,928.0,100.0529030024866,10.222761127829378,0.10217355839815374,12.287556692519646,1.0,0.23376844572321454,1.0116884222861606,-0.04341174618628557
1,purge,930.0,100.05290171029755,10.220565047268114,0.10215161052361767,12.200752525225246,1.0,0.23156747154621127,1.0115783735773105,-0.04339242269846014
1,purge,932.0,100.05290041874599,10.218369942780296,0.10212967240343764,12.113986995372882,1.0,0.2293674758514538,1.0114683737925727,-0.04337310874332367
1,purge,934.0,100.05289912783145,10.216175813886075,0.10210774403281903,12.027260083902734,1.0,0.22716845815735692,1.0113584229078678,-0.04335380431531626
1,purge,936.0,100.05289783755369,10.213982660105204,0.10208582540696294,11.940571771766098,1.0,0.22497041798260814,1.0112485208991304,-0.04333450940888764
1,purge,938.0,100.05289654791227,10.211790480958154,0.10206391652107784,11.853922039925354,1.0,0.22277335484616634,1.0111386677423084,-0.04331522401849735
1,purge,940.0,100.05289525890684,10.209599275965614,0.10204201737037434,11.767310869353567,1.0,0.22057726826726198,1.011028863413363,-0.04329594813860699
1,purge,942.0,100.05289397053703,10.20740904464846,0.10202012795006483,11.680738241035963,1.0,0.21838215776543873,1.010919107888272,-0.04327668176367705
1,purge,944.0,100.0528926828024,10.205219786527985,0.10199824825536614,11.594204135967193,1.0,0.21618802286048888,1.0108094011430244,-0.04325742488816253
1,purge,946.0,100.05289139570269,10.203031501125249,0.10197637828149239,11.507708535154258,1.0,0.2139948630724842,1.0106997431536242,-0.04323817750654751
1,purge,948.0,100.05289010923745,10.200844187962518,0.10195451802366995,11.421251419615245,1.0,0.2118026779217837,1.0105901338960894,-0.043218939613313634
1,purge,950.0,100.0528888234064,10.198657846561646,0.10193266747712104,11.33483277037942,1.0,0.20961146692905197,1.0104805733464526,-0.04319971120292787
1,purge,952.0,100.05288753820908,10.19647247644486,0.10191082663707172,11.248452568485906,1.0,0.20742122961518827,1.0103710614807595,-0.04318049226987126
1,purge,954.0,100.0528862536452,10.194288077134724,0.10188899549875123,11.162110794986399,1.0,0.2052319655013944,1.0102615982750698,-0.04316128280864034
1,purge,956.0,100.05288496971424,10.192104648154295,0.10186717405739396,11.075807430942413,1.0,0.20304367410913568,1.0101521837054568,-0.04314208281372245
1,purge,958.0,100.052883686416,10.189922189026525,0.10184536230823295,10.989542457426573,1.0,0.20085635496015533,1.0100428177480079,-0.04312289227961029
1,purge,960.0,100.05288240375002,10.187740699274832,0.10182356024650611,10.90331585552269,1.0,0.1986700075764722,1.0099335003788237,-0.04310371120080547
1,purge,962.0,100.05288112171598,10.185560178422977,0.10180176786745476,10.817127606325666,1.0,0.19648463148038836,1.0098242315740193,-0.043084539571810396
1,purge,964.0,100.05287984031355,10.183380625994868,0.10177998516632161,10.7309776909414,1.0,0.1943002261944829,1.0097150113097242,-0.04306537738713135
1,purge,966.0,100.05287855954228,10.181202041514776,0.101758212138353,10.644866090486353,1.0,0.1921167912415992,1.00960583956208,-0.04304622464127969
1,purge,968.0,100.05287727940178,10.17902442450716,0.1017364487787974,10.558792786089043,1.0,0.189934326144885,1.0094967163072444,-0.04302708132877056
1,purge,970.0,100.05287599989178,10.176847774496816,0.10171469508290618,10.472757758887294,1.0,0.18775283042772273,1.009387641521386,-0.043007947444122153
1,purge,972.0,100.05287472101188,10.174672091008812,0.10169295104593383,10.38676099003118,1.0,0.18557230361380192,1.00927861518069,-0.04298882298185808
1,purge,974.0,100.05287344276172,10.172497373568513,0.10167121666313761,10.300802460681755,1.0,0.18339274522709023,1.0091696372613546,-0.04296970793650472
1,purge,976.0,100.05287216514085,10.170323621701504,0.10164949192977707,10.214882152010782,1.0,0.1812141547918243,1.0090607077395912,-0.04295060230259269
1,purge,978.0,100.05287088814902,10.168150834933673,0.10162777684111471,10.129000045200776,1.0,0.17903653183251073,1.0089518265916255,-0.04293150607465717
1,purge,980.0,100.0528696117858,10.165979012791201,0.10160607139241605,10.043156121445195,1.0,0.17685987587393276,1.0088429937936967,-0.04291241924723634
1,purge,982.0,100.05286833605082,10.163808154800495,0.10158437557894877,9.957350361948466,1.0,0.1746841864411496,1.0087342093220575,-0.04289334181487263
1,purge,984.0,100.05286706094378,10.161638260488262,0.10156268939598351,9.871582747925949,1.0,0.17250946305949402,1.0086254731529747,-0.04287427377211364
1,purge,986.0,100.05286578646422,10.159469329381524,0.10154101283879426,9.785853260603897,1.0,0.1703357052545757,1.0085167852627288,-0.04285521511350888
1,purge,988.0,100.05286451261198,10.157301361007486,0.10151934590265652,9.700161881219442,1.0,0.16816291255227725,1.0084081456276142,-0.042836165833612584
1,purge,990.0,100.05286323938631,10.155134354893677,0.10149768858284963,9.614508591020604,1.0,0.16599108447875435,1.0082995542239377,-0.042817125926983696
1,purge,992.0,100.05286196678726,10.152968310567935,0.10147604087465519,9.528893371266287,1.0,0.16382022056043807,1.0081910110280219,-0.042798095388184035
1,purge,994.0,100.05286069481423,10.150803227558304,0.10145440277335743,9.443316203226269,1.0,0.16165032032403284,1.0080825160162017,-0.04277907421177974
1,purge,996.0,100.0528594234669,10.148639105393126,0.10143277427424342,9.357777068181187,1.0,0.1594813832965161,1.0079740691648258,-0.0427600623923412
1,purge,998.0,100.05285815274495,10.146475943601038,0.10141115537260309,9.272275947422543,1.0,0.15731340900513927,1.0078656704502569,-0.042741059924442215
1,purge,1000.0,100.05285688264799,10.144313741710903,0.1013895460637288,9.186812822252673,1.0,0.15514639697742663,1.0077573198488716,-0.042722066802660684
1,purge,1002.0,100.05285561317558,10.142152499251905,0.10136794634291602,9.101387673984766,1.0,0.15298034674117525,1.0076490173370587,-0.04270308302157861
1,purge,1004.0,100.05285434432753,10.139992215753479,0.10134635620546252,9.016000483942834,1.0,0.15081525782445546,1.0075407628912227,-0.042684108575781414
1,purge,1006.0,100.05285307610337,10.137832890745315,0.10132477564666903,8.93065123346172,1.0,0.14865112975560976,1.0074325564877804,-0.0426651434598588
1,purge,1008.0,100.0528518085027,10.135674523757388,0.10130320466183891,8.845339903887083,1.0,0.1464879620632529,1.0073243981031625,-0.04264618766840442
1,purge,1010.0,100.05285054152523,10.13351711431996,0.10128164324627827,8.76006647657539,1.0,0.14432575427627212,1.0072162877138136,-0.042627241196015554
1,purge,1012.0,100.0528492751706,10.13136066196354,0.10126009139529592,8.67483093289391,1.0,0.14216450592382643,1.0071082252961914,-0.04260830403729356
1,purge,1014.0,100.05284800943843,10.129205166218922,0.1012385491042033,8.589633254220699,1.0,0.14000421653534673,1.0070002108267673,-0.04258937618684354
1,purge,1016.0,100.0528467443283,10.127050626617164,0.10121701636831473,8.504473421944612,1.0,0.1378448856405353,1.0068922442820267,-0.04257045763927471
1,purge,1018.0,100.05284547984,10.12489704268959,0.10119549318294692,8.41935141746527,1.0,0.13568651276936616,1.0067843256384683,-0.042551548389199785
1,purge,1020.0,100.05284421597301,10.122744413967807,0.10117397954341967,8.33426722219307,1.0,0.13352909745208413,1.0066764548726042,-0.042532648431235776
1,purge,1022.0,100.05284295272712,10.120592739983694,0.1011524754450552,8.24922081754917,1.0,0.13137263921920536,1.0065686319609604,-0.042513757760003226
1,purge,1024.0,100.05284169010179,10.118442020269361,0.10113098088317843,8.164212184965484,1.0,0.12921713760151657,1.006460856880076,-0.042494876370126757
1,purge,1026.0,100.05284042809676,10.116292254357251,0.10110949585311725,8.079241305884672,1.0,0.12706259213007493,1.0063531296065038,-0.042476004256234996
1,purge,1028.0,100.05283916671172,10.114143441780035,0.10108802035020192,7.994308161760131,1.0,0.12490900233620864,1.0062454501168103,-0.04245714141295987
1,purge,1030.0,100.05283790594625,10.11199558207065,0.1010665543697655,7.909412734055996,1.0,0.1227563677515157,1.0061378183875758,-0.04243828783493766
1,purge,1032.0,100.05283664580001,10.109848674762329,0.10104509790714382,7.824555004247117,1.0,0.12060468790786383,1.0060302343953933,-0.04241944351680853
1,purge,1034.0,100.05283538627266,10.107702719388552,0.10102365095767528,7.739734953819068,1.0,0.11845396233739132,1.0059226981168696,-0.042400608453216124
1,purge,1036.0,100.05283412736374,10.105557715483059,0.10100221351670098,7.654952564268127,1.0,0.11630419057250556,1.0058152095286252,-0.04238178263880819
1,purge,1038.0,100.05283286907301,10.103413662579896,0.1009807855795648,7.570207817101275,1.0,0.1141553721458835,1.0057077686072942,-0.04236296606823636
1,purge,1040.0,100.05283161140007,10.10127056021335,0.10095936714161327,7.485500693836186,1.0,0.11200750659047157,1.0056003753295235,-0.042344158736155886
1,purge,1042.0,100.05283035434456,10.099128407917979,0.1009379581981955,7.400831176001216,1.0,0.10986059343948508,1.0054930296719742,-0.04232536063722596
1,purge,1044.0,100.05282909790614,10.096987205228604,0.1009165587446633,7.316199245135404,1.0,0.10771463222640804,1.0053857316113204,-0.0423065717661098
1,purge,1046.0,100.05282784208444,10.094846951680335,0.10089516877637134,7.231604882788455,1.0,0.10556962248499338,1.0052784811242497,-0.04228779211747426
1,purge,1048.0,100.05282658687909,10.092707646808524,0.10087378828867667,7.1470480705207375,1.0,0.10342556374926248,1.005171278187463,-0.04226902168599001
1,purge,1050.0,100.05282533228981,10.090569290148803,0.10085241727693918,7.062528789903275,1.0,0.10128245555350505,1.0050641227776753,-0.042250260466331555
1,purge,1052.0,100.05282407831615,10.088431881237074,0.10083105573652149,6.978047022517739,1.0,0.09914029743227899,1.004957014871614,-0.04223150845317715
1,purge,1054.0,100.05282282495774,10.086295419609499,0.1008097036627888,6.8936027499564405,1.0,0.09699908892040977,1.0048499544460205,-0.04221276564120919
1,purge,1056.0,100.05282157221434,10.084159904802517,0.1007883610511089,6.80919595382232,1.0,0.0948588295529908,1.0047429414776496,-0.042194032025113556
1,purge,1058.0,100.05282032008547,10.082025336352812,0.10076702789685238,6.724826615728943,1.0,0.09271951886538311,1.0046359759432695,-0.04217530759958001
1,purge,1060.0,100.05281906857087,10.079891713797357,0.10074570419539242,6.640494717300494,1.0,0.0905811563932149,1.0045290578196608,-0.04215659235930225
1,purge,1062.0,100.05281781767013,10.077759036673388,0.1007243899421049,6.556200240171765,1.0,0.08844374167238182,1.0044221870836192,-0.04213788629897747
1,purge,1064.0,100.05281656738289,10.07562730451838,0.1007030851323682,6.471943165988146,1.0,0.08630727423904608,1.0043153637119524,-0.04211918941330698
1,purge,1066.0,100.0528153177088,10.07349651687012,0.1006817897615637,6.387723476405629,1.0,0.08417175362963655,1.004208587681482,-0.04210050169699606
1,purge,1068.0,100.0528140686476,10.07136667326663,0.1006605038250751,6.303541153090782,1.0,0.08203717938084949,1.0041018589690425,-0.04208182314475302
1,purge,1070.0,100.05281282019882,10.069237773246197,0.10063922731828887,6.21939617772076,1.0,0.0799035510296468,1.0039951775514824,-0.04206315375129068
1,purge,1072.0,100.05281157236216,10.067109816347383,0.10061796023659414,6.135288531983285,1.0,0.07777086811325666,1.0038885434056628,-0.042044493511325484
1,purge,1074.0,100.0528103251372,10.064982802109013,0.10059670257538275,6.0512181975766435,1.0,0.07563913016917351,1.0037819565084587,-0.042025842419577526
1,purge,1076.0,100.05280907852378,10.06285673007018,0.10057545433004898,5.96718515620968,1.0,0.07350833673515772,1.0036754168367579,-0.042007200470770556
1,purge,1078.0,100.05280783252132,10.06073159977023,0.10055421549599003,5.883189389601782,1.0,0.07137848734923462,1.0035689243674617,-0.04198856765963262
1,purge,1080.0,100.05280658712958,10.058607410748786,0.10053298606860557,5.79923087948288,1.0,0.0692495815496958,1.0034624790774849,-0.04196994398089487
1,purge,1082.0,100.05280534234817,10.056484162545718,0.10051176604329784,5.715309607593443,1.0,0.06712161887509777,1.003356080943755,-0.0419513294292926
1,purge,1084.0,100.0528040981767,10.054361854701183,0.10049055541547193,5.631425555684457,1.0,0.06499459886426175,1.003249729943213,-0.041932723999564984
1,purge,1086.0,100.05280285461492,10.052240486755608,0.10046935418053556,5.547578705517435,1.0,0.06286852105627437,1.0031434260528138,-0.041914127686454694
1,purge,1088.0,100.05280161166243,10.050120058249629,0.10044816233389868,5.4637690388643945,1.0,0.06074338499048689,1.0030371692495244,-0.04189554048470811
1,purge,1090.0,100.05280036931893,10.048000568724213,0.10042697987097442,5.379996537507859,1.0,0.05861919020651438,1.0029309595103257,-0.041876962389075956
1,purge,1092.0,100.05279912758398,10.045882017720558,0.10040580678717828,5.296261183240843,1.0,0.05649593624423722,1.002824796812212,-0.04185839339431184
1,purge,1094.0,100.05279788645724,10.043764404780116,0.10038464307792837,5.212562957866859,1.0,0.05437362264379946,1.00271868113219,-0.041839833495173596
1,purge,1096.0,100.05279664593844,10.041647729444616,0.10036348873864535,5.128901843199889,1.0,0.05225224894560861,1.0026126124472805,-0.04182128268642308
1,purge,1098.0,100.05279540602714,10.03953199125606,0.10034234376475286,5.0452778210643965,1.0,0.05013181469033679,1.002506590734517,-0.04180274096282522
1,purge,1100.0,100.05279416672302,10.03741718975669,0.10032120815167675,4.961690873295306,1.0,0.048012319418919404,1.002400615970946,-0.04178420831914898
1,purge,1102.0,100.05279292802574,10.035303324489018,0.10030008189484568,4.878140981738002,1.0,0.04589376267255456,1.0022946881336277,-0.041765684750167495
1,purge,1104.0,100.05279168993499,10.033190394995843,0.10027896498969105,4.794628128248321,1.0,0.04377614399270424,1.0021888071996352,-0.0417471702506571
1,purge,1106.0,100.05279045245031,10.031078400820176,0.10025785743164659,4.711152294692539,1.0,0.04165946292109377,1.0020829731460548,-0.04172866481539764
1,purge,1108.0,100.05278921557152,10.028967341505327,0.10023675921614877,4.627713462947372,1.0,0.03954371899971015,1.0019771859499855,-0.041710168439173516
1,purge,1110.0,100.05278797929812,10.02685721659488,0.10021567033863697,4.544311614899962,1.0,0.03742891177080367,1.0018714455885402,-0.041691681116772364
1,purge,1112.0,100.05278674362972,10.024748025632634,0.10019459079455277,4.460946732447872,1.0,0.035315040776887845,1.0017657520388443,-0.04167320284298492
1,purge,1114.0,100.05278550856622,10.02263976816267,0.10017352057934022,4.37761879749908,1.0,0.03320210556073677,1.0016601052780367,-0.04165473361260692
1,purge,1116.0,100.05278427410704,10.020532443729369,0.10015245968844681,4.294327791971971,1.0,0.031090105665387262,1.0015545052832693,-0.041636273420437346
1,purge,1118.0,100.05278304025191,10.018426051877313,0.10013140811732175,4.211073697795324,1.0,0.028979040634139266,1.001448952031707,-0.041617822261277845
1,purge,1120.0,100.05278180700057,10.016320592151361,0.10011036586141707,4.127856496908313,1.0,0.026868910010552492,1.0013434455005277,-0.04159938012993532
1,purge,1122.0,100.05278057435251,10.014216064096672,0.10008933291618796,4.0446761712604955,1.0,0.02475971333844889,1.0012379856669225,-0.04158094702121977
1,purge,1124.0,100.05277934230746,10.012112467258625,0.1000683092770916,3.9615327028118057,1.0,0.0226514501619128,1.0011325725080957,-0.041562522929944126
1,purge,1126.0,100.05277811086509,10.010009801182841,0.10004729493958764,3.878426073532546,1.0,0.020544120025288035,1.0010272060012644,-0.04154410785092624
1,purge,1128.0,100.05277688002505,10.007908065415272,0.10002628989913914,3.79535626540338,1.0,0.01843772247318,1.000921886123659,-0.0415257017789872
1,purge,1130.0,100.0527756497869,10.00580725950206,0.10000529415121101,3.7123232604153267,1.0,0.01633225705045572,1.0008166128525229,-0.041507304708951066
1,purge,1132.0,100.05277442015044,10.003707382989642,0.09998430769127091,3.6293270405697524,1.0,0.014227723302241235,1.000711386165112,-0.04148891663564688
1,purge,1134.0,100.05277319111534,10.001608435424723,0.09996333051478942,3.546367587878362,1.0,0.012124120773923934,1.0006062060386964,-0.041470537553906575
1,purge,1136.0,100.05277147413081,9.999262981491492,0.09993989006168467,3.463446254224448,1.0,0.01003270546500912,1.0005016352732505,-0.04144341482178185
1,purge,1138.0,100.05275608903669,9.9798741228235,0.09974611907684419,3.380749162351464,1.0,0.008214084804240096,1.000410704240212,-0.041207997099722
1,purge,1140.0,100.05272439738768,9.931854435127034,0.09926620684190333,3.298775758088254,1.0,0.0067251232916804805,1.0003362561645843,-0.04072991899425431
1,purge,1142.0,100.0526801038325,9.860812754267148,0.09855620802994793,3.2179542713507603,1.0,0.0055060633082058335,1.0002753031654104,-0.04006435604661466
1,purge,1144.0,100.05262621195997,9.772046145416628,0.09766906192661746,3.1386133480142906,1.0,0.004507982064967541,1.0002253991032486,-0.03925604094961113
1,purge,1146.0,100.0525651527612,9.669850805248753,0.09664770503869374,3.0610009961820532,1.0,0.003690823921631794,1.0001845411960817,-0.03834117726476826
1,purge,1148.0,100.05249888964357,9.557700524459253,0.09552685470656017,2.9853000461404626,1.0,0.003021791320528144,1.0001510895660264,-0.037349003692797304
1,purge,1150.0,100.05242900391785,9.438402131217062,0.0943345626406279,2.9116407098331627,1.0,0.0024740342221380536,1.0001237017111069,-0.03630306750339558
1,purge,1152.0,100.05235676530317,9.31422042546968,0.09309346352848459,2.8401109145292796,1.0,0.0020255686161481426,1.0001012784308074,-0.03522227476999004
1,purge,1154.0,100.0522831892995,9.18697953609911,0.09182178800175196,2.7707646872324814,1.0,0.001658395842007422,1.0000829197921004,-0.03412174498788384
1,purge,1156.0,100.05220908421705,9.058143961074377,0.09053417254835278,2.7036290045919533,1.0,0.0013577800985123682,1.0000678890049257,-0.03301351161499942
1,purge,1158.0,100.05213508966122,8.928885091084501,0.08924232434503197,2.6387093762426166,1.0,0.0011116566386850546,1.0000555828319342,-0.031907095346677995
1,purge,1160.0,100.05206170797356,8.80013484634649,0.08795555729807786,2.575994384548735,1.0,0.000910147754433776,1.0000455073877217,-0.030809972442516355
1,purge,1162.0,100.05198932995752,8.672629719220518,0.08668123220038529,2.515459378826493,1.0,0.0007451662006228118,1.0000372583100312,-0.029727957940044073
1,purge,1164.0,100.05191825589726,8.546946574756793,0.08542511451801194,2.457069473706353,1.0,0.0006100906837011615,1.000030504534185,-0.028665518740840158
1,purge,1166.0,100.05184871273451,8.42353205151968,0.08419166821899553,2.400781980377276,1.0,0.0004995001830744506,1.0000249750091537,-0.02762602946474745
1,purge,1168.0,100.05178086810601,8.302726583808276,0.08298429584930035,2.3465483752932492,1.0,0.0004089563511646143,1.0000204478175583,-0.02661198155195659
1,purge,1170.0,100.0517148418126,8.184784149622732,0.08180553589274644,2.294315890953049,1.0,0.00033482528864075135,1.000016741264432,-0.0256251540939212
1,purge,1172.0,100.05165071516336,8.069888407520526,0.08065722404215658,2.244028794863773,1.0,0.000274131896044691,1.0000137065948023,-0.024666753018360604
1,purge,1174.0,100.0515885386163,7.958165986056382,0.07954062601399692,2.195629419149471,1.0,0.00022444036387555947,1.0000112220181938,-0.023737524899166484
1,purge,1176.0,100.05152833800753,7.849697379305521,0.07845654643861728,2.1490589840675773,1.0,0.00018375634467012475,1.0000091878172335,-0.02283784973250885
1,purge,1178.0,100.05147011961208,7.744525867381802,0.07740541801258073,2.104258251762169,1.0,0.00015044706615555738,1.0000075223533078,-0.02196781632364205
1,purge,1180.0,100.05141387427437,7.642664852142913,0.0763873748125815,2.0611680452261,1.0,0.00012317576989932032,1.000006158788495,-0.02112728380400053
1,purge,1182.0,100.05135958077571,7.5441038907654985,0.0754023125960105,2.0197296573640013,1.0,0.00010084789800351479,1.0000050423949,-0.02031593178683729
1,purge,1184.0,100.05130720854876,7.448813605362335,0.0744499378687366,1.9798851665017596,1.0,8.256735255561682e-05,1.0000041283676278,-0.019533300795041814
1,purge,1186.0,100.05125671988942,7.3567497213142525,0.07352980824529501,1.941577680475997,1.0,6.760052200223075e-05,1.0000033800261001,-0.0187788252023582
1,purge,1188.0,100.05120807175378,7.267856386694232,0.0726413656243105,1.90475152226205,1.0,5.534672519153013e-05,1.0000027673362595,-0.018051859999591604
1,purge,1190.0,100.0511612172015,7.1820688695112,0.07178396314581112,1.869352366105036,1.0,4.531415166059709e-05,1.000002265707583,-0.01735170228380545
1,purge,1192.0,100.05111610655952,7.099315759925176,0.07095688720117868,1.8353273351168888,1.0,3.710014903240217e-05,1.0000018550074516,-0.0166776085860925
1,purge,1194.0,100.0510726883548,7.019520762918851,0.0701593753500643,1.8026250675739808,1.0,3.0375107180851898e-05,1.000001518755359,-0.01602880876787855
1,purge,1196.0,100.05103091007122,6.942604173822993,0.06939063106769192,1.7711957595786425,1.0,2.4869114400703e-05,1.00000124345572,-0.015404517282340302
1,purge,1198.0,100.05099071874196,6.868484057523178,0.0686498355306795,1.7409911862304044,1.0,2.0361185493537973e-05,1.0000010180592747,-0.014803941999923124
1,purge,1200.0,100.05095206142332,6.79707720808899,0.06793615720834047,1.7119647075433877,1.0,1.6670382145904704e-05,1.0000008335191073,-0.01422629125279395
1,purge,1202.0,100.05091488556265,6.728299915731201,0.06724875952835584,1.6840712614300952,1.0,1.364859706317221e-05,1.000000682429853,-0.013670779322892629
1,purge,1204.0,100.05087913928949,6.662068587905298,0.06658680708472793,1.6572673474127189,1.0,1.117459604574345e-05,1.0000005587298022,-0.0131366307633387
1,purge,1206.0,100.05084477164387,6.598300253349988,0.06594947067573444,1.6315110032252782,1.0,9.149059902895639e-06,1.000000457452995,-0.012623083797781305
1,purge,1208.0,100.05081173274023,6.536912943642085,0.06533593111771797,1.606761774390173,1.0,7.490672229533733e-06,1.0000003745336115,-0.012129392763464421
1,purge,1210.0,100.05077997389162,6.4778259955015045,0.06474538226680393,1.5829806798428883,1.0,6.132882804367313e-06,1.0000003066441403,-0.011654829948270358
1,purge,1212.0,100.05074944770071,6.420960289994649,0.06417703340994024,1.5601301747633254,1.0,5.021212376489013e-06,1.0000002510606187,-0.011198686949612843
1,purge,1214.0,100.0507201081212,6.3662384315541285,0.06363011105441685,1.5381741110016722,1.0,4.111072632742064e-06,1.0000002055536317,-0.010760275583379907
1,purge,1216.0,100.05069191050002,6.313584887481003,0.06310386032241332,1.517077696214296,1.0,3.3659223147607776e-06,1.0000001682961157,-0.010338928504880409
1,purge,1218.0,100.05066481159542,6.262926079340432,0.06259754586472858,1.4968074516937244,1.0,2.7558351899056387e-06,1.0000001377917596,-0.009933999482426363
1,purge,1220.0,100.05063876958235,6.214190445157913,0.06211045248265988,1.4773311699208571,1.0,2.2563222699419338e-06,1.0000001128161138,-0.00954486346704659
1,purge,1222.0,100.05061374404717,6.167308479736397,0.06164188553119536,1.4586178722719034,1.0,1.8473468994983718e-06,1.0000000923673449,-0.009170916514856457
1,purge,1224.0,100.05058969597465,6.1222127563371025,0.06119117113593003,1.4406377670760342,1.0,1.5125041935161448e-06,1.0000000756252097,-0.00881157558824974
1,purge,1226.0,100.0505665877273,6.078837930830065,0.06075765623475965,1.4233622081283446,1.0,1.2383561793820475e-06,1.000000061917809,-0.008466278244746972
1,purge,1228.0,100.05054438301846,6.037120731434372,0.060340708475535784,1.4067636538536812,1.0,1.0138981724340121e-06,1.0000000506949087,-0.008134482236499126
1,purge,1230.0,100.05052304688186,5.996999938139034,0.05993971601056945,1.3908156273382544,1.0,8.301227274882124e-07,1.0000000415061363,-0.007815665051037646
1,purge,1232.0,100.0505025456387,5.9584163546650615,0.05955408721657436,1.3754926773567613,1.0,6.79657387066706e-07,1.0000000339828694,-0.007509323414373315
1,purge,1234.0,100.05048284686168,5.921312774257381,0.05918325035293038,1.3607703404358096,1.0,5.564655652945684e-07,1.0000000278232783,-0.007214972765575261
1,purge,1236.0,100.05046391933936,5.885633940219349,0.05882665316738905,1.3466251039767565,1.0,4.556034240673479e-07,1.0000000227801715,-0.006932146708864356
1,purge,1238.0,100.05044573303807,5.851326502428956,0.05848376246160756,1.333034370476705,1.0,3.7302287619306913e-07,1.0000000186511437,-0.006660396451690667
1,purge,1240.0,100.05042825906412,5.81833897112183,0.05815406362935498,1.3199764228826514,1.0,3.0541018386903104e-07,1.0000000152705093,-0.00639929023770961
1,purge,1242.0,100.0504114696258,5.78662166884908,0.05783706017646749,1.3074303910879546,1.0,2.5005267358366446e-07,1.0000000125026338,-0.006148412780673699
1,purge,1244.0,100.05039533799608,5.756126681162248,0.05753227322807236,1.2953762195592464,1.0,2.0472920893615825e-07,1.0000000102364603,-0.005907364702401958
1,purge,1246.0,100.05037983847527,5.726807806431708,0.05723924102714314,1.2837946360775296,1.0,1.676209580797472e-07,1.0000000083810479,-0.005675761977203292
1,purge,1248.0,100.05036494635432,5.698620505256554,0.05695751842896403,1.2726671215792131,1.0,1.3723872606677234e-07,1.0000000068619364,-0.005453235385377928
1,purge,1250.0,100.05035063787928,5.671521849897059,0.05668667639581274,1.261975881080072,1.0,1.1236338168451496e-07,1.000000005618169,-0.005239429978163727
1,purge,1252.0,100.05033689021633,5.645470474011029,0.05642630149467378,1.2517038156583944,1.0,9.199684371855257e-08,1.0000000045998423,-0.005034004555629787
1,purge,1254.0,100.05032368141758,5.620426522890278,0.05617599539994455,1.2418344954689022,1.0,7.532189580415171e-08,1.0000000037660948,-0.004836631158299319
1,purge,1256.0,100.05031099038818,5.596351604380546,0.05593537440296598,1.2323521337583285,1.0,6.166938929215961e-08,1.0000000030834695,-0.004646994573042922
1,purge,1258.0,100.05029879685425,5.57320874061504,0.055704068929679905,1.2232415618540373,1.0,5.049146225889614e-08,1.0000000025245732,-0.0044647918537401845
1,purge,1260.0,100.05028708133156,5.550962320613881,0.05548172306693599,1.2144882050600514,1.0,4.133942034380432e-08,1.000000002066971,-0.004289731856453159
2,pressurization,1260.0,100.05028708133156,5.550962320613881,0.05548172306693599,1.2144882050600514,1.0,4.133942034380432e-08,1.000000002066971,-0.004289731856453159
2,pressurization,1262.0,100.00027582511704,7.503392409189666,0.07503371713005856,1.2060780752425717,1.0,3.3845991825158e-08,1.0000000016922999,-0.004121535104977811
2,pressurization,1264.0,100.00026501017757,9.343803223046907,0.09343778461083017,1.1979976877745881,1.0,2.7710886711593265e-08,1.0000000013855443,-0.003959932141000129
2,pressurization,1266.0,99.99977035935817,9.632261049031952,0.09632283168668843,1.1968611988648896,1.0,0.00941034669080943,1.0004705173345405,0.0034028464415335616
2,pressurization,1268.0,99.99986686259555,8.508659441551211,0.08508670769774629,1.2021761503590838,1.0,0.007704542298803685,1.0003852271149403,0.0019660199858851975
2,pressurization,1270.0,99.99994372124632,7.928974349942326,0.07928978812272781,1.204920070531196,1.0,0.006307944368833565,1.0003153972184418,0.0008217951970662625
2,pressurization,1272.0,100.0000045797233,7.781237873437056,0.0778123751707791,1.205621999651395,1.0,0.005164507869082641,1.0002582253934542,-8.412385514344123e-05
2,pressurization,1274.0,100.0000524211683,7.989652943452449,0.07989648755185229,1.204712652345325,1.0,0.0042283424109251025,1.0002114171205463,-0.000796145966384923
2,pressurization,1276.0,100.00008968159085,8.485140196991207,0.08485132587389319,1.2025423175208092,1.0,0.0034618735957818786,1.000173093679789,-0.0013505849457063183
2,pressurization,1278.0,100.00011835431434,9.198790906509958,0.09198780019356938,1.1993954774270814,1.0,0.0028343410466091287,1.0001417170523303,-0.001777123532186507
2,pressurization,1280.0,100.00012475915861,10.068635422949177,0.10068622861420011,1.195526109474585,1.0,0.0028790548323741677,1.0001439527416187,-0.0016648594202398495
2,pressurization,1282.0,99.99991728919335,9.533061046993344,0.09533068931871556,1.1980671777258087,1.0,0.006637309430660007,1.000331865471533,0.001215757801398629
2,pressurization,1284.0,99.99998224727258,9.231787625047032,0.09231789263941415,1.199494018528163,1.0,0.005434168000846376,1.0002717084000423,0.000248770670096912
2,pressurization,1286.0,100.0000334711708,9.299721638882312,0.09299718526157641,1.1991984541592011,1.0,0.004449121183343566,1.0002224560591673,-0.0005136545601760438
2,pressurization,1288.0,100.00007352729897,9.670927774402664,0.09670920663635914,1.1975501048892092,1.0,0.003642634430671002,1.0001821317215338,-0.0011097472418608021
2,pressurization,1290.0,99.9999093075681,9.989765453695627,0.09989774513665076,1.1961488880192588,1.0,0.006740606067196405,1.0003370303033599,0.0013346949720280206
2,pressurization,1292.0,99.9999755399125,9.642292199735193,0.09642294558248878,1.1977939966774547,1.0,0.005518742276219738,1.000275937113811,0.0003487390419023012
2,pressurization,1294.0,100.00002781345913,9.669542396898903,0.09669539707465429,1.1976822385539885,1.0,0.004518364128017791,1.0002259182064008,-0.00042932075122589444
2,pressurization,1296.0,100.00006940103074,10.004453685623668,0.10004446742434508,1.1961892681968536,1.0,0.0037036047760043594,1.0001851802388002,-0.00103497363865367
2,pressurization,1298.0,99.99997054923153,9.819278633858481,0.09819281525712348,1.1970781964908743,1.0,0.005595696008589199,1.0002797848004295,0.0004230789568820883
2,pressurization,1300.0,100.00002374141745,9.817074364662307,0.09817072033950254,1.1971010806859492,1.0,0.004581369657441414,1.0002290684828723,-0.0003685532809146792
2,pressurization,1302.0,99.99996183450234,10.030332646551848,0.10030336474679677,1.196152642000253,1.0,0.00585612468395216,1.0002928062341976,0.0006447244134776265
2,pressurization,1304.0,99.99999956909355,9.85734791196408,0.09857347954440028,1.1969720576726768,1.0,0.005039214680407917,1.0002519607340203,-8.853702735359944e-06
2,pressurization,1306.0,100.00004161600008,10.022343993089033,0.10022339822192085,1.1962357215834316,1.0,0.004304534636350321,1.0002152267318176,-0.000567177415315381
2,pressurization,1308.0,99.99999488476266,9.90482545086692,0.09904825957522276,1.1967958379823191,1.0,0.00512409286382263,1.0002562046431913,6.0875674135271276e-05
2,pressurization,1310.0,100.00001863250043,10.032015865300309,0.10032013996085257,1.1962284585777652,1.0,0.004780531968850722,1.0002390265984424,-0.00019575423585173842
2,pressurization,1312.0,100.0000050669337,9.934944524153044,0.09934944020756019,1.1966886932981589,1.0,0.0049270446227083885,1.0002463522311353,-9.0679060250633e-05
2,pressurization,1314.0,99.99997212956869,9.990854635532536,0.09990857420027591,1.196448422228935,1.0,0.005549453322899902,1.0002774726661452,0.0003996051472832243
2,pressurization,1316.0,100.00002482226647,9.997087960764807,0.0999708547926161,1.196431978586627,1.0,0.0045435064576262426,1.0002271753228813,-0.00038470453478407546
2,pressurization,1318.0,100.00000350070601,9.965409645371802,0.09965409296512118,1.1965898219983198,1.0,0.004954411176036793,1.0002477205588018,-6.735572265769603e-05
2,pressurization,1320.0,99.9999871407245,9.981126710788448,0.09981127994289196,1.1965304020010787,1.0,0.0052650915124550215,1.0002632545756227,0.00017616333969334264
2,adsorption,1320.0,99.9999871407245,9.981126710788448,0.09981127994289196,1.1965304020010787,1.0,0.0052650915124550215,1.0002632545756227,0.00017616333969334264
2,adsorption,1322.0,100.04648767652364,8.572773051943406,0.08568789620742524,1.2847382510660477,1.0,0.07429768442022802,1.0037148842210113,0.05225742882645691
2,adsorption,1324.0,100.0473162301642,9.792321455076383,0.09787690289011476,1.3764811609775582,1.0,0.060829799128062384,1.003041489956403,0.039917620100337496
2,adsorption,1326.0,100.04730644114183,10.085479703936088,0.1008071087837773,1.4573153292805567,1.0,0.06341271959897883,1.003170635979949,0.04031561470159237
2,adsorption,1328.0,100.0472602142018,10.080788911187204,0.10076026959263225,1.5391697769447183,1.0,0.06636749878771357,1.0033183749393857,0.04098325351552223
2,adsorption,1330.0,100.04726269589534,10.078096757271444,0.10073335827192922,1.6210544157591513,1.0,0.06840114069086682,1.0034200570345435,0.0409318014236931
2,adsorption,1332.0,100.04726471515636,10.080829855580445,0.10076067431010215,1.7028803420885186,1.0,0.07046317007925142,1.0035231585039626,0.040903665820045745
2,adsorption,1334.0,100.04726567283012,10.082938335781186,0.10078174818644156,1.7846750918298075,1.0,0.07254224015585534,1.0036271120077929,0.040889445484971025
2,adsorption,1336.0,100.04726675777664,10.08499289101395,0.10080228293922928,1.8664377566433588,1.0,0.07461785223113239,1.0037308926115567,0.0408731696074161
2,adsorption,1338.0,100.047267845715,10.087064271913762,0.10082298586573338,1.9481678318409816,1.0,0.07669264013168592,1.0038346320065843,0.04085690266589539
2,adsorption,1340.0,100.04726893129184,10.089134332726442,0.10084367559953314,2.0298654063232173,1.0,0.07876663786175721,1.003938331893088,0.04084066940570628
2,adsorption,1342.0,100.04727001777798,10.091203561577702,0.10086435701628378,2.1115304939856734,1.0,0.08083978524442142,1.004041989262221,0.04082442261093525
2,adsorption,1344.0,100.04727110339344,10.09327171254007,0.10088502765966717,2.1931631062161676,1.0,0.08291211558845155,1.0041456057794225,0.04080818803466886
2,adsorption,1346.0,100.04727218874467,10.09533905835846,0.10090569025523305,2.2747632526985293,1.0,0.08498361862641,1.0042491809313205,0.04079195747462923
2,adsorption,1348.0,100.047273273703,10.09740563143989,0.10092634512702857,2.356330944247894,1.0,0.08705429721493833,1.004352714860747,0.04077573294269403
2,adsorption,1350.0,100.04727435825757,10.099471363195859,0.10094699158950433,2.437866192643288,1.0,0.08912415159442996,1.0044562075797214,0.04075951439078962
2,adsorption,1352.0,100.04727544244138,10.101536269575684,0.10096762980204535,2.5193690093386873,1.0,0.09119318149227332,1.0045596590746138,0.04074330137719945
2,adsorption,1354.0,100.0472765262441,10.103600357605172,0.10098825983488739,2.600839405736304,1.0,0.09326138742214397,1.0046630693711072,0.040727094074546236
2,adsorption,1356.0,100.04727760966244,10.10566362245602,0.10100888163977416,2.6822773932867316,1.0,0.09532876972226668,1.0047664384861132,0.04071089251763339
2,adsorption,1358.0,100.04727869269942,10.107726064897166,0.10102949522438875,2.763682983416474,1.0,0.09739532862850982,1.0048697664314254,0.04069469666190819
2,adsorption,1360.0,100.04727977535481,10.109787685998073,0.10105010059942153,2.845056187162212,1.0,0.09946106443041411,1.0049730532215206,0.04067850651247878
2,adsorption,1362.0,100.04728085762828,10.111848485775967,0.10107069776504546,2.92639701594152,1.0,0.10152597742841381,1.0050762988714206,0.04066232207533237
2,adsorption,1364.0,100.04728193952023,10.113908464379106,0.1010912867227426,3.007705480617631,1.0,0.10359006789266234,1.0051795033946331,0.04064614334392402
2,adsorption,1366.0,100.04728302103064,10.1159676222769,0.1011118674772053,3.0889815932219538,1.0,0.1056533361304405,1.005282666806522,0.04062997031730454
2,adsorption,1368.0,100.04728410215955,10.11802595969131,0.10113244003065258,3.170225365502117,1.0,0.1077157824430947,1.0053857891221547,0.04061380299557154
2,adsorption,1370.0,100.04728518290716,10.120083476897557,0.10115300438583563,3.251436808913802,1.0,0.10977740712083876,1.0054888703560418,0.04059764137597821
2,adsorption,1372.0,100.04728626327359,10.12214017423239,0.10117356054612081,3.3326159348135245,1.0,0.11183821045309295,1.0055919105226547,0.04058148545714202
2,adsorption,1374.0,100.04728734325882,10.124196051962443,0.10119410851417364,3.413762754570022,1.0,0.1138981927301992,1.00569490963651,0.04056533523815494
2,adsorption,1376.0,100.04728842286303,10.126251110370436,0.10121464829282034,3.494877279577276,1.0,0.11595735424200206,1.0057978677121,0.0405491907172161
2,adsorption,1378.0,100.0472895020863,10.128305349761153,0.10123517988510768,3.5759595212360087,1.0,0.1180156952789573,1.0059007847639478,0.04053305189286654
2,adsorption,1380.0,100.04729058092875,10.130358770418566,0.1012557032938745,3.6570094909420927,1.0,0.12007321613162422,1.0060036608065812,0.04051691876382505
2,adsorption,1382.0,100.04729165939041,10.132411372629731,0.1012762185219904,3.7380272000851256,1.0,0.12212991709006317,1.0061064958545032,0.040500791328546754
2,adsorption,1384.0,100.04729273747144,10.134463156688762,0.10129672557239548,3.8190126600505536,1.0,0.12418579844434084,1.006209289922217,0.040484669585574784
2,adsorption,1386.0,100.04729381517191,10.136514122883733,0.10131722444796959,3.8999658822211467,1.0,0.12624086048453334,1.0063120430242267,0.04046855353351308
2,adsorption,1388.0,100.04729489249192,10.138564271503268,0.10133771515159798,3.980886877977166,1.0,0.12829510350055315,1.0064147551750278,0.040452443170888135
2,adsorption,1390.0,100.04729596943153,10.14061360283818,0.10135819768618777,4.061775658696115,1.0,0.1303485277822713,1.0065174263891135,0.04043633849624931
2,adsorption,1392.0,100.047297045991,10.142662117177492,0.10137867205462818,4.142632235752591,1.0,0.13240113361951,1.0066200566809755,0.04042023950816599
2,adsorption,1394.0,100.04729812217015,10.144709814810188,0.1013991382598083,4.2234566205182515,1.0,0.134452921301983,1.006722646065099,0.040404146205181714
2,adsorption,1396.0,100.04729919796927,10.146756696026035,0.1014195963046246,4.304248824361842,1.0,0.13650389111934144,1.006825194555967,0.04038805858584947
2,adsorption,1398.0,100.04730027338843,10.148802761114071,0.10144004619196656,4.385008858649222,1.0,0.1385540433611711,1.0069277021680585,0.04037197664872901
2,adsorption,1400.0,100.04730134842775,10.150848010363301,0.10146048792472326,4.465736734743361,1.0,0.14060337831696992,1.0070301689158485,0.04035590039236932
2,adsorption,1402.0,100.04730242308725,10.152892444062967,0.10148092150578618,4.546432464004335,1.0,0.14265189627616748,1.0071325948138083,0.04033982981532395
2,adsorption,1404.0,100.04730349736707,10.15493606250197,0.10150134693804332,4.627096057789328,1.0,0.1446995975281211,1.007234979876406,0.04032376491614788
2,adsorption,1406.0,100.04730457126732,10.156978865969188,0.1015217642243825,4.707727527452632,1.0,0.14674648236210866,1.0073373241181054,0.04030770569339212
2,adsorption,1408.0,100.04730564478803,10.159020854753523,0.10154217336769185,4.788326884345638,1.0,0.148792551067337,1.0074396275533668,0.040291652145610084
2,adsorption,1410.0,100.04730671792939,10.161062029143718,0.10156257437085772,4.868894139816851,1.0,0.1508378039329403,1.007541890196647,0.04027560427135643
2,adsorption,1412.0,100.04730779069138,10.16310238942842,0.10158296723676571,4.949429305211878,1.0,0.15288224124797567,1.0076441120623987,0.04025956206918346
2,adsorption,1414.0,100.04730886307424,10.16514193589629,0.10160335196830138,5.029932391873434,1.0,0.1549258633014269,1.0077462931650714,0.040243525537644306
2,adsorption,1416.0,100.04730993507798,10.167180668835824,0.10162372856834874,5.110403411141338,1.0,0.15696867038220172,1.0078484335191102,0.0402274946752906
2,adsorption,1418.0,100.04731100670274,10.169218588535536,0.10164409703979194,5.190842374352515,1.0,0.15901066277913634,1.0079505331389569,0.04021146948067604
2,adsorption,1420.0,100.04731207794852,10.171255695283753,0.10166445738551337,5.271249292840996,1.0,0.16105184078099047,1.0080525920390495,0.04019544995235264
2,adsorption,1422.0,100.04731314881549,10.173291989368836,0.1016848096083956,5.351624177937914,1.0,0.16309220467645066,1.0081546102338226,0.04017943608887323
2,adsorption,1424.0,100.04731421930379,10.175327471079049,0.10170515371132025,5.431967040971514,1.0,0.1651317547541323,1.0082565877377065,0.0401634278887929
2,adsorption,1426.0,100.04731528941349,10.177362140702465,0.10172548969716716,5.512277893267145,1.0,0.16717049130257022,1.0083585245651285,0.04014742535066188
2,adsorption,1428.0,100.0473163591446,10.179395998527252,0.10174581756881705,5.592556746147255,1.0,0.16920841461022668,1.0084604207305112,0.040131428473031694
2,adsorption,1430.0,100.04731742849734,10.181429044841444,0.10176613732914921,5.672803610931402,1.0,0.17124552496549408,1.0085622762482747,0.04011543725445735
2,adsorption,1432.0,100.04731849747166,10.183461279932894,0.10178644898104133,5.753018498936248,1.0,0.1732818226566852,1.0086640911328342,0.040099451693489524
2,adsorption,1434.0,100.04731956606783,10.185492704089569,0.10180675252737198,5.83320142147556,1.0,0.17531730797204173,1.008765865398602,0.04008347178868133
2,adsorption,1436.0,100.04732063428587,10.187523317599204,0.10182704797101758,5.913352389860209,1.0,0.1773519811997298,1.0088675990599865,0.04006749753858507
2,adsorption,1438.0,100.04732170212581,10.189553120749508,0.10184733531485432,5.993471415398168,1.0,0.17938584262783852,1.008969292131392,0.040051528941750694
2,adsorption,1440.0,100.04732276958786,10.191582113828211,0.1018676145617584,6.073558509394516,1.0,0.18141889254438887,1.0090709446272195,0.04003556599673301
2,adsorption,1442.0,100.04732383667205,10.193610297122815,0.10188788571460397,6.153613683151439,1.0,0.18345113123732604,1.0091725565618663,0.04001960870208551
2,adsorption,1444.0,100.04732490337852,10.195637670920783,0.10190814877626463,6.233636947968229,1.0,0.18548255899451427,1.0092741279497257,0.040003657056356556
2,adsorption,1446.0,100.04732596970726,10.197664235509624,0.10192840374961462,6.313628315141272,1.0,0.18751317610374854,1.0093756588051874,0.03998771105809843
2,adsorption,1448.0,100.04732703565853,10.199689991176674,0.10194865063752613,6.3935877959640655,1.0,0.18954298285275284,1.0094771491426378,0.039971770705865904
2,adsorption,1450.0,100.04732810123225,10.201714938209129,0.10196888944287034,6.473515401727212,1.0,0.191571979529171,1.0095785989764585,0.03995583599820913
2,adsorption,1452.0,100.04732916642865,10.203739076894257,0.10198912016851888,6.553411143718413,1.0,0.19360016642057298,1.0096800083210287,0.03993990693367868
2,adsorption,1454.0,100.04733023124774,10.205762407519183,0.10200934281734209,6.633275033222473,1.0,0.1956275438144581,1.009781377190723,0.039923983510827876
2,adsorption,1456.0,100.0473312956897,10.207784930370943,0.10202955739220923,6.713107081521306,1.0,0.1976541119982504,1.0098827055999124,0.0399080657282092
2,adsorption,1458.0,100.04733235975462,10.20980664573652,0.10204976389598922,6.792907299893925,1.0,0.19967987125929873,1.0099839935629649,0.0398921535843745
2,adsorption,1460.0,100.04733342344258,10.211827553902806,0.10206996233155,6.872675699616452,1.0,0.2017048218848764,1.0100852410942438,0.039876247077874565
2,adsorption,1462.0,100.04733448675363,10.213847655156608,0.10209015270175874,6.952412291962105,1.0,0.20372896416218075,1.010186448208109,0.03986034620725889
2,adsorption,1464.0,100.04733554968784,10.215866949784733,0.10211033500948248,7.032117088201206,1.0,0.20575229837833856,1.0102876149189168,0.03984445097107997
2,adsorption,1466.0,100.04733661224543,10.217885438073845,0.10213050925758689,7.111790099601178,1.0,0.20777482482040308,1.0103887412410202,0.03982856136789083
2,adsorption,1468.0,100.04733767442642,10.219903120310503,0.10215067544893665,7.191431337426554,1.0,0.20979654377534981,1.0104898271887675,0.03981267739624178
2,adsorption,1470.0,100.04733873623094,10.221919996781335,0.10217083358639692,7.271040812938967,1.0,0.21181745553008438,1.0105908727765043,0.03979679905468647
2,adsorption,1472.0,100.04733979765906,10.22393606777266,0.10219098367283007,7.350618537397152,1.0,0.21383756037143092,1.0106918780185716,0.03978092634177307
2,adsorption,1474.0,100.04734085871084,10.225951333570961,0.10221112571109996,7.430164522056946,1.0,0.21585685858614223,1.0107928429293072,0.039765059256052025
2,adsorption,1476.0,100.04734191938644,10.22796579446257,0.10223125970406888,7.509678778171285,1.0,0.2178753504609034,1.0108937675230452,0.03974919779607896
2,adsorption,1478.0,100.04734297968596,10.229979450733625,0.10225138565459715,7.589161316990219,1.0,0.21989303628231827,1.010994651814116,0.03973334196040386
2,adsorption,1480.0,100.0473440396095,10.231992302670292,0.10227150356554564,7.668612149760889,1.0,0.22190991633691154,1.0110954958168457,0.03971749174757324
2,adsorption,1482.0,100.04734509915704,10.234004350558791,0.10229161343977551,7.74803128772754,1.0,0.22392599091114568,1.0111962995455572,0.039701647156142834
2,adsorption,1484.0,100.04734615832882,10.23601559468496,0.10231171528014411,7.82741874213152,1.0,0.2259412602914015,1.0112970630145701,0.039685808184662774
2,adsorption,1486.0,100.04734721712492,10.238026035334832,0.10233180908951085,7.906774524211284,1.0,0.2279557247639853,1.0113977862381993,0.03966997483168286
2,adsorption,1488.0,100.04734827554532,10.240035672794258,0.10235189487073335,7.98609864520238,1.0,0.22996938461513175,1.0114984692307565,0.03965414709575518
2,adsorption,1490.0,100.04734933359026,10.242044507348972,0.10237197262666779,8.065391116337462,1.0,0.23198224013099686,1.01159911200655,0.03963832497542832
2,adsorption,1492.0,100.04735039125971,10.244052539284784,0.10239204236017149,8.144651948846288,1.0,0.23399429159766855,1.0116997145798834,0.03962250846925571
2,adsorption,1494.0,100.04735144855393,10.246059768887248,0.10241210407409886,8.223881153955714,1.0,0.23600553930115692,1.0118002769650578,0.0396066975757881
2,adsorption,1496.0,100.04735250547286,10.248066196441961,0.10243215777130499,8.303078742889701,1.0,0.23801598352739659,1.0119007991763698,0.039590892293575326
2,adsorption,1498.0,100.0473535620167,10.250071822234398,0.10245220345464363,8.38224472686931,1.0,0.24002562456224824,1.0120012812281127,0.03957509262116744
2,adsorption,1500.0,100.04735461818544,10.252076646550009,0.10247224112696836,8.461379117112703,1.0,0.2420344626915004,1.012101723134575,0.03955929855711627
2,adsorption,1502.0,100.04735567397924,10.254080669674076,0.10249227079113099,8.540481924835138,1.0,0.24404249820086452,1.0122021249100432,0.03954351009997155
2,adsorption,1504.0,100.04735672939825,10.256083891891944,0.10251229244998397,8.619553161248987,1.0,0.24604973137598118,1.012302486568799,0.0395277272482856
2,adsorption,1506.0,100.04735778444247,10.2580863134887,0.10253230610637724,8.698592837563712,1.0,0.24805616250241083,1.0124028081251206,0.03951195000060622
2,adsorption,1508.0,100.04735883911204,10.260087934749542,0.10255231176316185,8.777600964985874,1.0,0.2500617918656422,1.012503089593282,0.03949617835548346
2,adsorption,1510.0,100.04735989340708,10.262088755959557,0.10257230942318757,8.856577554719147,1.0,0.25206661975109657,1.0126033309875548,0.0394804123114724
2,adsorption,1512.0,100.04736094732769,10.264088777403556,0.10259229908930159,8.935522617964294,1.0,0.2540706464441097,1.0127035323222056,0.039464651867119685
2,adsorption,1514.0,100.04736200087392,10.26608799936658,0.10261228076435343,9.014436165919188,1.0,0.25607387222994793,1.0128036936114975,0.03944889702097563
2,adsorption,1516.0,100.04736305404587,10.268086422133415,0.10263225445118992,9.093318209778799,1.0,0.2580762973938073,1.0129038148696903,0.03943314777159373
2,adsorption,1518.0,100.04736410684363,10.270084045988702,0.10265222015265654,9.172168760735193,1.0,0.26007792222079973,1.01300389611104,0.03941740411751994
2,adsorption,1520.0,100.04736515926739,10.272080871217266,0.10267217787160046,9.250987829977541,1.0,0.2620787469959692,1.0131039373497985,0.0394016660573052
2,adsorption,1522.0,100.04736621131713,10.274076898103635,0.10269212761086612,9.329775428692113,1.0,0.26407877200428737,1.0132039386002143,0.039385933589501904
2,adsorption,1524.0,100.04736726299303,10.276072126932304,0.10271206937329741,9.408531568062282,1.0,0.2660779975306476,1.0133038998765325,0.039370206712659526
2,adsorption,1526.0,100.04736831429513,10.27806655798776,0.10273200316173825,9.487256259268516,1.0,0.2680764238598693,1.0134038211929937,0.03935448542532774
2,adsorption,1528.0,100.04736936522359,10.28006019155439,0.10275192897903156,9.565949513488393,1.0,0.27007405127669987,1.013503702563835,0.03933876972605808
2,adsorption,1530.0,100.0473704157784,10.28205302791639,0.10277184682801835,9.644611341896578,1.0,0.2720708800658058,1.0136035440032902,0.039323059613397
2,adsorption,1532.0,100.04737146595976,10.284045067358122,0.10279175671154117,9.723241755664844,1.0,0.2740669105117846,1.0137033455255895,0.03930735508589513
2,adsorption,1534.0,100.04737251576773,10.286036310163714,0.10281165863244042,9.801840765962062,1.0,0.27606214289916436,1.0138031071449582,0.03929165614210697
2,adsorption,1536.0,100.04737356520245,10.288026756617136,0.10283155259355475,9.880408383954206,1.0,0.2780565775123899,1.0139028288756196,0.03927596278058
2,adsorption,1538.0,100.04737461426387,10.290016407002424,0.10285143859772372,9.958944620804342,1.0,0.2800502146358282,1.0140025107317914,0.03926027499985915
2,adsorption,1540.0,100.04737566295225,10.292005261603627,0.10287131664778666,10.03744948767264,1.0,0.28204305455378326,1.0141021527276892,0.03924459279849813
2,adsorption,1542.0,100.04737671126762,10.293993320704512,0.10289118674658038,10.115922995716371,1.0,0.28403509755048567,1.0142017548775242,0.039228916175051406
2,adsorption,1544.0,100.04737775921012,10.295980584588785,0.10291104889694085,10.19436515608991,1.0,0.2860263439100808,1.014301317195504,0.039213245128064865
2,adsorption,1546.0,100.04737880677982,10.297967053540209,0.10293090310170482,10.272775979944724,1.0,0.288016793916638,1.014400839695832,0.03919757965608318
2,adsorption,1548.0,100.04737985397676,10.299952727842498,0.1029507493637085,10.351155478429375,1.0,0.29000644785416396,1.0145003223927083,0.03918191975766041
2,adsorption,1550.0,100.04738090080104,10.301937607779095,0.10297058768578529,10.429503662689532,1.0,0.2919953060065883,1.0145997653003294,0.03916626543134825
2,adsorption,1552.0,100.0473819472529,10.303921693633482,0.10299041807076899,10.507820543867963,1.0,0.29398336865775937,1.0146991684328879,0.03915061667569311
2,adsorption,1554.0,100.04738299333233,10.305904985689194,0.10301024052149403,10.586106133104536,1.0,0.29597063609146024,1.014798531804573,0.03913497348924831
2,adsorption,1556.0,100.04738403903941,10.307887484229399,0.10303005504079114,10.66436044153622,1.0,0.29795710859139335,1.0148978554295696,0.03911933587056244
2,adsorption,1558.0,100.04738508437428,10.309869189537384,0.10304986163149214,10.742583480297078,1.0,0.2999427864411808,1.014997139322059,0.03910370381817947
2,adsorption,1560.0,100.04738612933704,10.311850101896466,0.10306966029642933,10.820775260518268,1.0,0.30192766992438236,1.0150963834962192,0.03908807733065293
2,adsorption,1562.0,100.04738717392776,10.313830221589612,0.10308945103843137,10.898935793328052,1.0,0.30391175932448056,1.015195587966224,0.0390724564065338
2,adsorption,1564.0,100.04738821814645,10.315809548899853,0.10310923386032765,10.977065089851795,1.0,0.305895054924876,1.0152947527462437,0.03905684104436742
2,adsorption,1566.0,100.04738926199346,10.317788084110315,0.10312900876494828,11.055163161211954,1.0,0.3078775570089068,1.0153938778504454,0.03904123124270825
2,adsorption,1568.0,100.04739030546862,10.319765827503664,0.10314877575511915,11.133230018528089,1.0,0.30985926585982665,1.0154929632929914,0.03902562700010303
2,adsorption,1570.0,100.04739134857222,10.32174277936282,0.10316853483366832,11.211265672916856,1.0,0.3118401817608147,1.0155920090880408,0.03901002831509838
2,adsorption,1572.0,100.04739239130419,10.323718939970574,0.10318828600342292,11.289270135492009,1.0,0.31382030499498387,1.0156910152497491,0.038994435186247296
2,adsorption,1574.0,100.0473934336647,10.325694309609448,0.10320802926720708,11.367243417364405,1.0,0.31579963584536563,1.0157899817922682,0.03897884761209712
2,adsorption,1576.0,100.04739447565395,10.327668888562162,0.10322776462784697,11.445185529641991,1.0,0.31777817459492064,1.015888908729746,0.038963265591198316
2,adsorption,1578.0,100.04739551727192,10.329642677111169,0.1032474920881662,11.523096483429823,1.0,0.3197559215265353,1.0159877960763268,0.038947689122101135
2,adsorption,1580.0,100.04739655851866,10.331615675538833,0.1032672116509876,11.60097628983005,1.0,0.3217328769230145,1.0160866438461507,0.03893211820335031
2,adsorption,1582.0,100.04739759939437,10.333587884127702,0.10328692331913544,11.678824959941917,1.0,0.323709041067099,1.0161854520533549,0.03891655283349897
2,adsorption,1584.0,100.0473986398992,10.335559303159942,0.10330662709543045,11.756642504861773,1.0,0.3256844142414536,1.0162842207120726,0.03890099301109839
2,adsorption,1586.0,100.04739968003307,10.337529932917684,0.10332632298269312,11.834428935683064,1.0,0.3276589967286572,1.016382949836433,0.038885438734691365
2,adsorption,1588.0,100.04740071979616,10.339499773683253,0.1033460109837456,11.912184263496325,1.0,0.3296327888112236,1.0164816394405611,0.03886989000282795
2,adsorption,1590.0,100.04740175918862,10.341468825738641,0.10336569110140688,11.9899084993892,1.0,0.33160579077159574,1.0165802895385798,0.03885434681406074
2,adsorption,1592.0,100.04740279821053,10.34343708936578,0.1033853633384952,12.06760165444642,1.0,0.33357800289213524,1.0166789001446068,0.0388388091669371
2,adsorption,1594.0,100.04740383686192,10.345404564846657,0.10340502769782965,12.145263739749831,1.0,0.3355494254551303,1.0167774712727564,0.038823277060005046
2,adsorption,1596.0,100.04740487514289,10.347371252463086,0.10342468418222733,12.22289476637836,1.0,0.33752005874279584,1.0168760029371398,0.03880775049181357
2,adsorption,1598.0,100.04740591305367,10.34933715249689,0.10344433279450539,12.300494745408042,1.0,0.33948990303727666,1.0169744951518638,0.038792229460915
2,adsorption,1600.0,100.04740695059421,10.351302265229666,0.10346397353747895,12.378063687912007,1.0,0.34145895862063647,1.0170729479310319,0.03877671396585632
2,adsorption,1602.0,100.04740798776464,10.353266590943042,0.10348360641396327,12.455601604960478,1.0,0.3434272257748607,1.017171361288743,0.03876120400518179
2,adsorption,1604.0,100.04740902456516,10.355230129918702,0.10350323142677419,12.533108507620781,1.0,0.34539470478187145,1.0172697352390936,0.038745699577444136
2,adsorption,1606.0,100.04741006099566,10.357192882437953,0.10352284857872392,12.610584406957338,1.0,0.34736139592351223,1.0173680697961756,0.038730200681192824
2,adsorption,1608.0,100.04741109705647,10.35915484878228,0.10354245787262617,12.688029314031668,1.0,0.349327299481551,1.0174663649740778,0.03871470731497645
2,adsorption,1610.0,100.04741213274752,10.36111602923301,0.10356205931129334,12.76544323990239,1.0,0.3512924157376831,1.0175646207868843,0.03869921947734504
2,adsorption,1612.0,100.04741316806896,10.363076424071247,0.10358165289753556,12.842826195625221,1.0,0.3532567449735206,1.017662837248676,0.0386837371668417
2,adsorption,1614.0,100.04741420302092,10.36503603357841,0.10360123863416591,12.92017819225297,1.0,0.3552202874706142,1.017761014373531,0.03866826038201971
2,adsorption,1616.0,100.04741523760345,10.366994858035406,0.10362081652399259,12.997499240835548,1.0,0.3571830435104352,1.0178591521755218,0.03865278912142854
2,adsorption,1618.0,100.04741627181667,10.368952897723293,0.10364038656982513,13.07478935241996,1.0,0.3591450133743761,1.017957250668719,0.0386373233836142
2,adsorption,1620.0,100.04741730566064,10.370910152923068,0.10365994877447261,13.152048538050312,1.0,0.3611061973437579,1.0180553098671878,0.03862186316712496
2,adsorption,1622.0,100.0474183391355,10.372866623915579,0.1036795031407425,13.229276808767803,1.0,0.3630665956998287,1.0181533297849914,0.03860640847051037
2,adsorption,1624.0,100.04741937224141,10.374822310981678,0.10369904967144228,13.306474175610731,1.0,0.3650262087237657,1.0182513104361886,0.03859095929232264
2,adsorption,1626.0,100.04742040497835,10.376777214401981,0.10371858836937722,13.383640649614499,1.0,0.3669850366966644,1.0183492518348332,0.03857551563110831
2,adsorption,1628.0,100.04742143734644,10.37873133445715,0.10373811923735297,13.460776241811597,1.0,0.3689430798995404,1.018447153994977,0.038560077485409607
2,adsorption,1630.0,100.04742246934583,10.380684671427925,0.10375764227817591,13.537880963231608,1.0,0.3709003386133497,1.0185450169306676,0.03854464485378064
2,adsorption,1632.0,100.04742350097658,10.382637225594655,0.10377715749464862,13.614954824901226,1.0,0.37285681311896957,1.0186428406559485,0.03852921773477178
2,adsorption,1634.0,100.04742453223871,10.38458899723775,0.10379666488957423,13.69199783784423,1.0,0.374812503697195,1.0187406251848596,0.03851379612692755
2,adsorption,1636.0,100.04742556313252,10.386539986637667,0.10381616446575621,13.769010013081502,1.0,0.3767674106287515,1.0188383705314377,0.038498380028796214
2,adsorption,1638.0,100.0474265936579,10.388490194074661,0.1038356562259963,13.845991361631016,1.0,0.37872153419429405,1.0189360767097149,0.03848296943892911
2,adsorption,1640.0,100.04742762381514,10.390439619828927,0.10385514017309531,13.922941894507854,1.0,0.38067487467440286,1.0190337437337205,0.03846756435587716
2,adsorption,1642.0,100.04742865360416,10.392388264180507,0.10387461630985284,13.999861622724186,1.0,0.38262743234957386,1.019131371617479,0.038452164778183924
2,adsorption,1644.0,100.04742968302509,10.394336127409547,0.10389408463906936,14.076750557289284,1.0,0.38457920750023245,1.0192289603750115,0.0384367707043957
2,adsorption,1646.0,100.04743071207807,10.396283209796053,0.10391354516354388,14.1536087092095,1.0,0.386530200406735,1.0193265100203368,0.03842138213306335
2,adsorption,1648.0,100.0474317407632,10.3982295116199,0.10393299788607424,14.230436089488304,1.0,0.3884804113493652,1.0194240205674683,0.038405999062738824
2,adsorption,1650.0,100.04743276908063,10.400175033160858,0.10395244280945712,14.30723270912625,1.0,0.3904298406083234,1.0195214920304163,0.0383906214919673
2,adsorption,1652.0,100.0474337970304,10.40211977469882,0.10397187993649044,14.383998579121,1.0,0.39237848846374285,1.0196189244231872,0.03837524941929946
2,adsorption,1654.0,100.04743482461252,10.404063736513265,0.10399130926996818,14.460733710467304,1.0,0.3943263551956721,1.0197163177597837,0.03835988284327823
2,adsorption,1656.0,100.04743585182722,10.40600691888401,0.1040107308126874,14.537438114157002,1.0,0.3962734410840945,1.0198136720542048,0.03834452176245372
2,adsorption,1658.0,100.04743687867456,10.407949322090595,0.10403014456744253,14.614111801179044,1.0,0.39821974640892766,1.0199109873204466,0.038329166175382734
2,adsorption,1660.0,100.0474379051546,10.409890946412123,0.1040495505370237,14.690754782519479,1.0,0.4001652714499869,1.0200082635724996,0.03831381608060028
2,adsorption,1662.0,100.04743893126741,10.411831792128439,0.10406894872422838,14.76736706916143,1.0,0.4021100164870332,1.0201055008243518,0.038298471476657325
2,adsorption,1664.0,100.04743995701318,10.413771859518711,0.10408833913184723,14.843948672085135,1.0,0.40405398179976243,1.0202026990899882,0.03828313236211201
2,adsorption,1666.0,100.04744098239199,10.415711148861938,0.10410772176266928,14.920499602267927,1.0,0.40599716766777355,1.0202998583833887,0.03826779873550486
2,adsorption,1668.0,100.04744200740392,10.417649660437647,0.10412709661948875,14.997019870684237,1.0,0.4079395743706045,1.0203969787185303,0.038252470595386806
2,adsorption,1670.0,100.04744303204903,10.419587394524644,0.10414646370509288,15.07350948830559,1.0,0.4098812021877128,1.020494060109386,0.038237147940304195
2,adsorption,1672.0,100.04744405632744,10.421524351402002,0.10416582302227138,15.149968466100598,1.0,0.41182205139847783,1.020591102569924,0.03822183076880078
2,adsorption,1674.0,100.04744508023923,10.423460531348834,0.10418517457381442,15.226396815034976,1.0,0.413762122282219,1.0206881061141109,0.038206519079431366
2,adsorption,1676.0,100.04744610378458,10.425395934643813,0.10420451836250763,15.30279454607154,1.0,0.415701415118175,1.0207850707559087,0.038191212870745735
2,adsorption,1678.0,100.04744712696355,10.42733056156576,0.10422385439113833,15.379161670170202,1.0,0.4176399301855025,1.020881996509275,0.03817591214128796
2,adsorption,1680.0,100.04744814977616,10.429264412393412,0.10424318266249298,15.455498198287962,1.0,0.419577667763285,1.0209788833881643,0.038160616889603066
2,adsorption,1682.0,100.04744917222257,10.431197487405456,0.10426250317935742,15.531804141378922,1.0,0.42151462813053947,1.021075731406527,0.03814532711424241
2,adsorption,1684.0,100.04745019430283,10.433129786880388,0.10428181594451567,15.608079510394273,1.0,0.4234508115662054,1.0211725405783103,0.038130042813754796
2,adsorption,1686.0,100.04745121601712,10.43506131109673,0.10430112096075192,15.684324316282312,1.0,0.42538621834914564,1.0212693109174573,0.03811476398668738
2,adsorption,1688.0,100.04745223736552,10.436992060332972,0.10432041823085011,15.76053856998843,1.0,0.4273208487581552,1.0213660424379079,0.038099490631592486
2,adsorption,1690.0,100.04745325834804,10.438922034867266,0.10433970775759085,15.836722282455113,1.0,0.429254703071943,1.0214627351535972,0.03808422274701332
2,adsorption,1692.0,100.04745427896488,10.440851234978025,0.10435898954375722,15.912875464621946,1.0,0.4311877815691465,1.0215593890784573,0.038068960331495434
2,adsorption,1694.0,100.04745529921611,10.442779660943536,0.10437826359213113,15.988998127425601,1.0,0.4331200845283419,1.0216560042264171,0.03805370338359472
2,adsorption,1696.0,100.04745631910177,10.444707313041667,0.10439752990549035,16.065090281799858,1.0,0.4350516122280173,1.021752580611401,0.0380384519018564
2,adsorption,1698.0,100.047457338622,10.446634191550547,0.10441678848661516,16.141151938675584,1.0,0.4369823649465802,1.021849118247329,0.038023205884820936
2,adsorption,1700.0,100.04745835777689,10.448560296748367,0.10443603933828648,16.21718310898074,1.0,0.43891234296238374,1.0219456171481192,0.03800796533104453
2,adsorption,1702.0,100.04745937656654,10.450485628912748,0.10445528246327958,16.293183803640392,1.0,0.4408415465536975,1.0220420773276848,0.03799273023907626
2,adsorption,1704.0,100.04746039499106,10.452410188321565,0.1044745178643722,16.3691540335767,1.0,0.4427699759987083,1.0221384987999353,0.03797750060745855
2,adsorption,1706.0,100.04746141305061,10.454333975252709,0.10449374554434224,16.445093809708915,1.0,0.4446976315755381,1.022234881578777,0.03796227643474149
2,adsorption,1708.0,100.04746243074516,10.456256989983752,0.10451296550596455,16.52100314295339,1.0,0.4466245135622367,1.0223312256781119,0.03794705771947687
2,adsorption,1710.0,100.04746344807482,10.458179232792189,0.10453217775201308,16.596882044223577,1.0,0.4485506222367673,1.0224275311118383,0.03793184446020698
2,adsorption,1712.0,100.04746446503977,10.460100703955717,0.1045513822852638,16.672730524430005,1.0,0.45047595787702466,1.0225237978938513,0.03791663665547916
2,adsorption,1714.0,100.04746548164009,10.462021403751788,0.1045705791084902,16.748548594480315,1.0,0.4524005207608385,1.022620026038042,0.037901434303847716
2,adsorption,1716.0,100.0474664978758,10.463941332457583,0.10458976822446327,16.824336265279246,1.0,0.4543243111659509,1.0227162155582976,0.0378862374038568
2,adsorption,1718.0,100.04746751374705,10.465860490350586,0.1046089496359568,16.900093547728627,1.0,0.4562473293700337,1.0228123664685016,0.037871045954053814
2,adsorption,1720.0,100.04746852925399,10.467778877708,0.10462812334574172,16.97582045272738,1.0,0.4581695756506889,1.0229084787825347,0.037855859952989776
2,adsorption,1722.0,100.04746954439659,10.469696494806856,0.1046472893565876,17.051516991171532,1.0,0.4600910502854358,1.0230045525142717,0.03784067939920934
2,adsorption,1724.0,100.04747055917511,10.471613341924396,0.10466644767126568,17.127183173954197,1.0,0.4620117535517265,1.0231005876775863,0.03782550429126274
2,adsorption,1726.0,100.0474715735895,10.473529419337458,0.10468559829254352,17.20281901196559,1.0,0.46393168572693166,1.0231965842863466,0.03781033462769492
2,adsorption,1728.0,100.0474725876399,10.47544472732309,0.1047047412231906,17.278424516093022,1.0,0.4658508470883523,1.0232925423544177,0.03779517040705438
2,adsorption,1730.0,100.04747360132649,10.477359266158171,0.10472387646597461,17.35399969722089,1.0,0.4677692379132207,1.023388461895661,0.037780011627894426
2,adsorption,1732.0,100.04747461464916,10.479273036119295,0.10474300402366074,17.429544566230703,1.0,0.46968685847868114,1.023484342923934,0.03776485828875727
2,adsorption,1734.0,100.04747562760832,10.481186037483365,0.10476212389901678,17.505059134001055,1.0,0.47160370906181137,1.0235801854530906,0.03774971038819181
2,adsorption,1736.0,100.04747664020385,10.483098270526993,0.10478123609480805,17.580543411407643,1.0,0.4735197899396205,1.0236759894969814,0.0377345679247512
2,adsorption,1738.0,100.04747765243577,10.485009735526425,0.10480034061379613,17.655997409323255,1.0,0.4754351013890202,1.023771755069451,0.0377194308969707
2,adsorption,1740.0,100.0474786643044,10.486920432758643,0.10481943745874965,17.731421138617762,1.0,0.47734964368687294,1.0238674821843436,0.03770429930340569
2,adsorption,1742.0,100.04747967580975,10.48883036249985,0.10483852663242971,17.806814610158156,1.0,0.4792634171099727,1.0239631708554988,0.037689173142615634
2,adsorption,1744.0,100.04748068695187,10.490739525026049,0.10485760813759545,17.88217783480852,1.0,0.4811764219350051,1.0240588210967503,0.037674052413133624
2,adsorption,1746.0,100.04748169773087,10.49264792061392,0.1048766819770127,17.957510823430013,1.0,0.48308865843859544,1.0241544329219299,0.03765893711350422
2,adsorption,1748.0,100.0474827081469,10.494555549539667,0.10489574815344249,18.032813586880906,1.0,0.48500012689731825,1.0242500063448658,0.03764382724229015
2,adsorption,1750.0,100.04748371820003,10.496462412079037,0.10491480666964126,18.10808613601657,1.0,0.48691082758764903,1.0243455413793825,0.037628722798034864
2,adsorption,1752.0,100.04748472789034,10.498368508508223,0.10493385752837008,18.183328481689465,1.0,0.4888207607859812,1.024441038039299,0.037613623779276094
2,adsorption,1754.0,100.04748573721791,10.500273839103428,0.10495290073238993,18.25854063474914,1.0,0.490729926768658,1.024536496338433,0.03759853018457055
2,adsorption,1756.0,100.04748674618284,10.502178404140178,0.10497193628445517,18.33372260604224,1.0,0.49263832581193645,1.0246319162905968,0.037583442012465676
2,adsorption,1758.0,100.04748775478532,10.504082203894507,0.10499096418732504,18.408874406412522,1.0,0.4945459581919991,1.0247272979096,0.0375683592615089
2,adsorption,1760.0,100.04748876302538,10.505985238642118,0.1050099844437557,18.48399604670083,1.0,0.49645282418495773,1.0248226412092478,0.03755328193025041
2,adsorption,1762.0,100.04748977090308,10.507887508658516,0.10502899705650122,18.559087537745107,1.0,0.4983589240668386,1.024917946203342,0.03753821001723207
2,adsorption,1764.0,100.04749077841853,10.5097890142195,0.10504800202831863,18.634148890380377,1.0,0.5002642581136034,1.0250132129056801,0.03752314352100317
2,adsorption,1766.0,100.04749178557192,10.511689755600553,0.10506699936196169,18.709180115438777,1.0,0.5021688266011449,1.0251084413300573,0.037508082440117566
2,adsorption,1768.0,100.04749279236323,10.513589733076934,0.10508598906018214,18.784181223749528,1.0,0.5040726298052678,1.0252036314902635,0.03749302677311837
2,adsorption,1770.0,100.0474937987926,10.515488946924215,0.10510497112573469,18.859152226138963,1.0,0.5059756680017098,1.0252987834000855,0.03747797651855441
2,adsorption,1772.0,100.04749480486012,10.517387397417549,0.10512394556136985,18.934093133430494,1.0,0.5078779414661314,1.0253938970733065,0.0374629316749727
2,adsorption,1774.0,100.04749581056595,10.519285084832244,0.10514291236983976,19.009003956444634,1.0,0.5097794504741221,1.0254889725237062,0.03744789224092265
2,adsorption,1776.0,100.04749681591015,10.521182009443418,0.10516187155389456,19.083884705998997,1.0,0.5116801953011976,1.02558400976506,0.03743285821495421
2,adsorption,1778.0,100.04749782089273,10.523078171526029,0.105180823116283,19.158735392908287,1.0,0.5135801762227903,1.0256790088111396,0.03741782959561067
2,adsorption,1780.0,100.04749882551388,10.52497357135524,0.10519976705975566,19.233556027984314,1.0,0.5154793935142669,1.0257739696757133,0.03740280638144193
2,adsorption,1782.0,100.04749982977368,10.526868209205862,0.10521870338705967,19.308346622035963,1.0,0.5173778474509183,1.0258688923725459,0.03738778857099707
2,adsorption,1784.0,100.04750083367227,10.52876208535276,0.1052376321009427,19.38310718586924,1.0,0.5192755383079591,1.025963776915398,0.03737277616282337
2,adsorption,1786.0,100.04750183720961,10.53065520007067,0.1052565532041512,19.457837730287224,1.0,0.521172466360527,1.0260586233180264,0.03735776915546669
2,adsorption,1788.0,100.04750284038596,10.532547553634393,0.10527546669943214,19.532538266090107,1.0,0.5230686318836921,1.0261534315941847,0.03734276754747774
2,adsorption,1790.0,100.04750384320133,10.534439146318478,0.10529437258953002,19.607208804075174,1.0,0.5249640351524503,1.0262482017576227,0.03732777133740778
2,adsorption,1792.0,100.04750484565585,10.536329978397402,0.10531327087718868,19.681849355036807,1.0,0.5268586764417129,1.0263429338220857,0.03731278052379998
2,adsorption,1794.0,100.04750584774958,10.538220050145801,0.10533216156515354,19.756459929766475,1.0,0.5287525560263281,1.0264376278013163,0.037297795105206435
2,adsorption,1796.0,100.04750684948264,10.540109361837867,0.10535104465616546,19.831040539052758,1.0,0.530645674181058,1.026532283709053,0.03728281508017016
2,adsorption,1798.0,100.04750785085511,10.541997913748046,0.10536992015296803,19.905591193681314,1.0,0.5325380311805942,1.0266269015590297,0.03726784044723718
2,adsorption,1800.0,100.04750885186706,10.543885706150588,0.10538878805830275,19.9801119044349,1.0,0.5344296272995589,1.0267214813649779,0.037252871204957995
2,adsorption,1802.0,100.04750985251871,10.545772739319688,0.1054076483749105,20.05460268209338,1.0,0.5363204628125031,1.0268160231406251,0.03723790735188496
2,adsorption,1804.0,100.04751085281002,10.547659013529353,0.10542650110553052,20.1290635374337,1.0,0.538210537993896,1.0269105268996948,0.03722294888656488
2,adsorption,1806.0,100.04751185274117,10.54954452905369,0.1054453462529028,20.203494481229928,1.0,0.5400998531181341,1.0270049926559066,0.037207995807546135
2,adsorption,1808.0,100.04751285231228,10.5514292861666,0.10546418381976536,20.277895524253207,1.0,0.5419884084595373,1.0270994204229769,0.03719304811337503
2,adsorption,1810.0,100.04751385152329,10.553313285141947,0.10548301380885601,20.35226667727178,1.0,0.5438762042923501,1.0271938102146174,0.037178105802597505
2,adsorption,1812.0,100.04751485037447,10.555196526253562,0.10550183622291198,20.426607951050983,1.0,0.5457632408907452,1.0272881620445373,0.03716316887376165
2,adsorption,1814.0,100.04751584886579,10.557079009775226,0.10552065106467018,20.50091935635325,1.0,0.5476495185288274,1.0273824759264414,0.037148237325420386
2,adsorption,1816.0,100.04751684699748,10.55896073598054,0.10553945833686547,20.57520090393812,1.0,0.5495350374806239,1.027476751874031,0.037133311156124234
2,adsorption,1818.0,100.04751784476954,10.560841705142959,0.10555825804223165,20.649452604562228,1.0,0.5514197980200743,1.027570989901004,0.03711839036441348
2,adsorption,1820.0,100.04751884218206,10.562721917536129,0.1055770501835041,20.723674468979286,1.0,0.5533038004210511,1.0276651900210525,0.03710347494883416
2,adsorption,1822.0,100.04751983923522,10.564601373433616,0.10559583476341747,20.797866507940117,1.0,0.5551870449573685,1.0277593522478685,0.03708856490794512
2,adsorption,1824.0,100.04752083592906,10.566480073108433,0.10561461178470102,20.872028732192646,1.0,0.5570695319027482,1.0278534765951375,0.03707366024029066
2,adsorption,1826.0,100.04752183226364,10.568358016833983,0.10563338125008777,20.946161152481885,1.0,0.5589512615308305,1.0279475630765416,0.03705876094441016
2,adsorption,1828.0,100.04752282823912,10.570235204883723,0.10565214316231124,21.020263779549936,1.0,0.5608322341152036,1.0280416117057602,0.03704386701886012
2,adsorption,1830.0,100.04752382385558,10.572111637530526,0.10567089752409929,21.09433662413601,1.0,0.5627124499293776,1.0281356224964688,0.03702897846219436
2,adsorption,1832.0,100.04752481911312,10.573987315047413,0.10568964433818112,21.16837969697642,1.0,0.5645919092467716,1.0282295954623386,0.037014095272953504
2,adsorption,1834.0,100.0475258140118,10.5758622377075,0.1057083836072869,21.242393008804562,1.0,0.5664706123407365,1.0283235306170369,0.036999217449683236
2,adsorption,1836.0,100.04752680855181,10.57773640578372,0.10572711533414497,21.31637657035093,1.0,0.5683485594845576,1.028417427974228,0.03698434499093643
2,adsorption,1838.0,100.04752780273307,10.579609819548775,0.10574583952148156,21.39033039234311,1.0,0.5702257509514403,1.028511287547572,0.036969477895261234
2,adsorption,1840.0,100.04752879655594,10.581482479275536,0.10576455617202406,21.464254485505812,1.0,0.5721021870145175,1.0286051093507258,0.03695461616120747
2,adsorption,1842.0,100.04752979002032,10.583354385236564,0.1057832652884974,21.53814886056081,1.0,0.5739778679468381,1.028698893397342,0.0369397597873176
2,adsorption,1844.0,100.0475307831263,10.585225537704602,0.10580196687362796,21.61201352822698,1.0,0.5758527940213862,1.0287926397010694,0.036924908772141656
2,adsorption,1846.0,100.04753177587409,10.58709593695217,0.10582066093013992,21.685848499220313,1.0,0.5777269655110763,1.028886348275554,0.036910063114233206
2,adsorption,1848.0,100.04753276826368,10.588965583251632,0.10583934746075599,21.75965378425388,1.0,0.57960038268874,1.028980019134437,0.0368952228121396
2,adsorption,1850.0,100.04753376029531,10.590834476875418,0.10585802646819945,21.833429394037864,1.0,0.581473045827131,1.0290736522913566,0.036880387864404916
2,adsorption,1852.0,100.04753475196888,10.592702618095911,0.10587669795519328,21.907175339279533,1.0,0.5833449551989356,1.0291672477599467,0.03686555826957911
2,adsorption,1854.0,100.04753574328467,10.594570007185286,0.10589536192445809,21.980891630683246,1.0,0.5852161110767681,1.0292608055538384,0.03685073402621414
2,adsorption,1856.0,100.04753673424261,10.596436644415617,0.10591401837871378,22.054578278950476,1.0,0.5870865137331551,1.0293543256866577,0.036835915132851435
2,adsorption,1858.0,100.04753772484294,10.598302530059174,0.10593266732068207,22.12823529477978,1.0,0.5889561634405615,1.029447808172028,0.03682110158804231
2,adsorption,1860.0,100.04753871508571,10.600167664387897,0.10595130875308126,22.20186268886681,1.0,0.5908250604713783,1.0295412530235688,0.03680629339033884
2,adsorption,1862.0,100.04753970497104,10.602032047673676,0.10596994267862937,22.275460471904328,1.0,0.5926932050979157,1.0296346602548958,0.03679149053828772
2,adsorption,1864.0,100.04754069449896,10.603895680188497,0.10598856910004528,22.34902865458219,1.0,0.5945605975924159,1.0297280298796208,0.03677669303044058
2,adsorption,1866.0,100.04754168366965,10.605758562203965,0.10600718802004405,22.422567247587345,1.0,0.5964272382270364,1.0298213619113519,0.03676190086534146
2,adsorption,1868.0,100.04754267248309,10.60762069399188,0.10602579944134281,22.496076261603832,1.0,0.5982931272738593,1.029914656363693,0.03674711404153358
2,adsorption,1870.0,100.04754366093945,10.609482075824056,0.10604440336665867,22.569555707312805,1.0,0.6001582650049118,1.0300079132502455,0.03673233255757508
2,adsorption,1872.0,100.04754464903885,10.611342707971872,0.10606299979870434,22.6430055953925,1.0,0.6020226516921373,1.0301011325846068,0.03671755641201709
2,adsorption,1874.0,100.04754563678138,10.61320259070671,0.10608158874019276,22.71642593651825,1.0,0.6038862876073878,1.0301943143803693,0.0367027856033975
2,adsorption,1876.0,100.04754662416714,10.615061724300302,0.10610017019384027,22.789816741362504,1.0,0.605749173022459,1.030287458651123,0.03668802013026802
2,adsorption,1878.0,100.04754761119615,10.6169201090238,0.10611874416235743,22.86317802059478,1.0,0.6076113082090719,1.0303805654104536,0.036673259991180575
2,adsorption,1880.0,100.04754859786856,10.618777745148428,0.10613731064845554,22.93650978488171,1.0,0.609472693438865,1.0304736346719434,0.03665850518468051
2,adsorption,1882.0,100.04754958418452,10.62063463294564,0.10615586965484804,23.00981204488703,1.0,0.611333328983416,1.0305666664491708,0.03664375570932384
2,adsorption,1884.0,100.04755057014404,10.622490772686232,0.10617442118424207,23.08308481127156,1.0,0.613193215114214,1.0306596607557108,0.03662901156365571
2,adsorption,1886.0,100.04755155574728,10.624346164641347,0.106192965239348,23.15632809469323,1.0,0.6150523521026672,1.0307526176051336,0.0366142727462158
2,adsorption,1888.0,100.04755254099422,10.626200809082174,0.10621150182287685,23.229541905807036,1.0,0.6169107402201319,1.0308455370110066,0.036599539255562204
2,adsorption,1890.0,100.04755352588518,10.628054706279412,0.10623003093753441,23.302726255265124,1.0,0.6187683797378833,1.0309384189868942,0.036584811090246534
2,adsorption,1892.0,100.04755451042008,10.629907856503879,0.10624855258602808,23.375881153716705,1.0,0.6206252709271133,1.0310312635463557,0.036570088248814255
2,adsorption,1894.0,100.04755549459905,10.631760260026354,0.10626706677106465,23.449006611808098,1.0,0.6224814140589395,1.031124070702947,0.03655537072981091
2,adsorption,1896.0,100.0475564784222,10.633611917117516,0.10628557349534991,23.522102640182695,1.0,0.6243368094044064,1.0312168404702202,0.036540658531783045
2,adsorption,1898.0,100.04755746188965,10.635462828048084,0.10630407276159012,23.59516924948101,1.0,0.626191457234497,1.0313095728617248,0.03652595165328746
2,adsorption,1900.0,100.04755844500143,10.637312993088377,0.10632256457248744,23.66820645034066,1.0,0.6280453578201077,1.0314022678910053,0.036511250092870894
2,adsorption,1902.0,100.04755942775772,10.639162412509005,0.10634104893074703,23.741214253396336,1.0,0.6298985114320629,1.031494925571603,0.036496553849082285
2,adsorption,1904.0,100.04756041015855,10.641011086580244,0.1063595258390707,23.81419266927986,1.0,0.6317509183411094,1.0315875459170554,0.036481862920468185
2,adsorption,1906.0,100.0475613922041,10.642859015572494,0.10637799530016137,23.88714170862012,1.0,0.6336025788179255,1.0316801289408963,0.03646717730557951
2,adsorption,1908.0,100.0475623738944,10.644706199755891,0.10639645731671954,23.96006138204312,1.0,0.6354534931331104,1.0317726746566556,0.03645249700296371
2,adsorption,1910.0,100.04756335522951,10.64655263940069,0.10641491189144679,24.03295170017195,1.0,0.6373036615571951,1.0318651830778598,0.0364378220111732
2,adsorption,1912.0,100.04756433620956,10.648398334776843,0.10643335902704167,24.10581267362681,1.0,0.6391530843606283,1.0319576542180313,0.03642315232875384
2,adsorption,1914.0,100.04756531683472,10.650243286154462,0.10645179872620426,24.178644313025,1.0,0.6410017618137887,1.0320500880906893,0.036408487954255137
2,adsorption,1916.0,100.04756629710508,10.652087493803512,0.1064702309916332,24.251446628980908,1.0,0.6428496941869846,1.0321424847093492,0.03639382888622982
2,adsorption,1918.0,100.04756727702056,10.653930957993635,0.10648865582602413,24.32421963210602,1.0,0.6446968817504372,1.0322348440875218,0.03637917512322066
2,adsorption,1920.0,100.04756825658149,10.655773678995,0.10650707323207755,24.396963333009108,1.0,0.6465433247743164,1.032327166238716,0.03636452666378465
2,purge,1920.0,100.04756825658149,10.655773678995,0.10650707323207755,24.396963333009108,1.0,0.6465433247743164,1.032327166238716,0.03636452666378465
2,purge,1922.0,100.0535008491849,9.19730062477341,0.09192382622010313,24.37659377230713,1.0,0.5302687680413001,1.026513438402065,-0.053922236373928574
2,purge,1924.0,100.05329072896217,10.589737440126394,0.10584097097629004,24.277996332622703,1.0,0.5340470507545583,1.026702352537728,-0.049003227063898515
2,purge,1926.0,100.05307040046128,10.536075716360369,0.10530487144662172,24.185706904974268,1.0,0.5356867993127886,1.0267843399656393,-0.04587843463551021
2,purge,1928.0,100.0530776206691,10.519460412255299,0.10513879894967045,24.093668993135477,1.0,0.5331337083907233,1.0266566854195365,-0.046029087317945326
2,purge,1930.0,100.0530782383137,10.519130380381029,0.10513549973270987,24.001586535132837,1.0,0.5307687099326578,1.026538435496633,-0.04603213695518363
2,purge,1932.0,100.05307656222132,10.51679102751697,0.10511212037519659,23.90955074031485,1.0,0.5284408830160859,1.0264220441508043,-0.04600712605374994
2,purge,1934.0,100.0530751942019,10.514441419859153,0.10508863819978286,23.817556743920473,1.0,0.5261082039184223,1.026305410195921,-0.04598673582204006
2,purge,1936.0,100.05307381765775,10.512118803294898,0.10506542580043833,23.725603825944653,1.0,0.5237768415027817,1.026188842075139,-0.045966140146723275
2,purge,1938.0,100.05307244201543,10.509797806025185,0.10504222958386424,23.633695938287183,1.0,0.5214466181764486,1.0260723309088224,-0.04594555658811371
2,purge,1940.0,100.0530710662146,10.50747369862245,0.10501900228198549,23.541830758504204,1.0,0.5191174768821888,1.0259558738441095,-0.04592498320197678
2,purge,1942.0,100.05306969060292,10.505150803968505,0.10499578710032481,23.450003571566633,1.0,0.516789306955545,1.0258394653477771,-0.04590441200600754
2,purge,1944.0,100.05306831567164,10.502828797316555,0.10497258079262185,23.35821576433049,1.0,0.5144621333088513,1.0257231066654426,-0.045883851305705804
2,purge,1946.0,100.05306694149185,10.5005078610856,0.10494938518202539,23.266468650355137,1.0,0.512135988841283,1.0256067994420641,-0.04586330171090195
2,purge,1948.0,100.0530655679652,10.498187969428136,0.1049262000103016,23.174762586973397,1.0,0.5098108844594348,1.0254905442229718,-0.04584276186110882
2,purge,1950.0,100.05306419511646,10.495869095329553,0.10490302500742255,23.083097617349157,1.0,0.5074868206876021,1.02537434103438,-0.04582223221065351
2,purge,1952.0,100.05306282296783,10.493551266557501,0.10487986045089506,22.99147369511048,1.0,0.5051637960243386,1.0252581898012172,-0.04580171300322538
2,purge,1954.0,100.05306145149642,10.491234477203355,0.10485670628168912,22.899890789175206,1.0,0.5028418100891555,1.025142090504458,-0.04578120391396277
2,purge,1956.0,100.05306008070703,10.488918718402612,0.1048335624112027,22.80834888212949,1.0,0.5005208623143147,1.0250260431157157,-0.045760705037424264
2,purge,1958.0,100.053058710604,10.4866039960143,0.10481042889799118,22.716847959494487,1.0,0.498200952267308,1.0249100476133655,-0.045740216421389465
2,purge,1960.0,100.05305734118362,10.484290309025873,0.10478730573193941,22.625388003266675,1.0,0.49588207955503616,1.024794103977752,-0.04571973801240525
2,purge,1962.0,100.05305597244583,10.481977655904878,0.10476419289773184,22.533968993643146,1.0,0.49356424366913915,1.024678212183457,-0.045699269810934376
2,purge,1964.0,100.05305460439062,10.479666036506275,0.1047410903939198,22.442590910689667,1.0,0.49124744409716004,1.024562372204858,-0.0456788118180085
2,purge,1966.0,100.05305323701745,10.47735545040826,0.10471799821628895,22.351253733223007,1.0,0.4889316803085066,1.0244465840154253,-0.04565836402382497
2,purge,1968.0,100.05305187032602,10.47504589702618,0.10469491635899708,22.259957443022753,1.0,0.4866169518428364,1.0243308475921418,-0.04563792642304268
2,purge,1970.0,100.05305050431575,10.472737375869182,0.10467184481713973,22.168702019123206,1.0,0.48430325817008496,1.0242151629085043,-0.04561749900979779
2,purge,1972.0,100.05304913898627,10.470429886400014,0.10464878358534851,22.077487440221297,1.0,0.4819905987524628,1.0240995299376232,-0.045597081777504926
2,purge,1974.0,100.0530477743373,10.468123428082789,0.10462573265826858,21.986313685528334,1.0,0.4796789730645418,1.0239839486532272,-0.045576674720224045
2,purge,1976.0,100.05304641036834,10.465818000413945,0.10460269203086843,21.895180734672937,1.0,0.4773683805915461,1.0238684190295773,-0.045556277832052745
2,purge,1978.0,100.05304504707897,10.463513602882987,0.10457966169804712,21.804088567401088,1.0,0.47505882082200673,1.0237529410411004,-0.04553589110685644
2,purge,1980.0,100.05304368446875,10.461210234975294,0.10455664165466251,21.71303716343437,1.0,0.4727502932436395,1.023637514662182,-0.045515514538648584
2,purge,1982.0,100.05304232253745,10.45890789618174,0.10453363189562723,21.622026502465733,1.0,0.4704427973433892,1.0235221398671694,-0.04549514812147107
2,purge,1984.0,100.05304096128447,10.45660658599145,0.10451063241583668,21.531056564189413,1.0,0.46813633260835097,1.0234068166304175,-0.04547479184927446
2,purge,1986.0,100.05303960070958,10.454306303891922,0.10448764321016968,21.44012732831627,1.0,0.4658308985259905,1.0232915449262996,-0.0454544457160527
2,purge,1988.0,100.05303824081226,10.452007049373087,0.10446466427352978,21.349238774574022,1.0,0.4635264945841649,1.0231763247292083,-0.04543410971583182
2,purge,1990.0,100.05303688159216,10.4497088219251,0.10444169560082234,21.25839088270377,1.0,0.4612231202711107,1.0230611560135556,-0.04541378384260906
2,purge,1992.0,100.05303552304878,10.447411621037512,0.10441873718694712,21.167583632458097,1.0,0.4589207750753496,1.0229460387537674,-0.04539346809038921
2,purge,1994.0,100.05303416518191,10.445115446200605,0.10439578902681061,21.07681700360102,1.0,0.456619458485667,1.0228309729242833,-0.045373162453200035
2,purge,1996.0,100.05303280799106,10.442820296905287,0.10437285111532608,20.98609097590832,1.0,0.4543191699911604,1.022715958499558,-0.045352866925061235
2,purge,1998.0,100.05303145147577,10.440526172642391,0.10434992344740589,20.895405529167824,1.0,0.45201990908124423,1.0226009954540622,-0.04533258149998595
2,purge,2000.0,100.05303009563572,10.438233072902847,0.10432700601796327,20.804760643179367,1.0,0.44972167524561213,1.0224860837622807,-0.04531230617200983
2,purge,2002.0,100.05302874047045,10.435940997178356,0.10430409882191925,20.714156297754716,1.0,0.4474244679742553,1.0223712233987128,-0.045292040935175144
2,purge,2004.0,100.0530273859796,10.433649944960825,0.10428120185419686,20.623592472717572,1.0,0.4451282867574827,1.022256414337874,-0.045271785783514845
2,purge,2006.0,100.05302603216273,10.431359915742304,0.10425831510972064,20.53306914790355,1.0,0.4428331310859114,1.0221416565542956,-0.04525154071106011
2,purge,2008.0,100.05302467901959,10.429070909014838,0.10423543858341487,20.442586303160176,1.0,0.44053900045042194,1.0220269500225212,-0.04523130571187437
2,purge,2010.0,100.05302332654954,10.426782924271711,0.1042125722702166,20.35214391834687,1.0,0.43824589434222333,1.0219122947171113,-0.04521108078000311
2,purge,2012.0,100.05302197475235,10.424495961005498,0.1041897161650554,20.261741973334942,1.0,0.4359538122528193,1.021797690612641,-0.04519086590949974
2,purge,2014.0,100.05302062362756,10.42221001870963,0.1041668702628696,20.171380448007604,1.0,0.43366275367400714,1.0216831376837003,-0.045170661094426474
2,purge,2016.0,100.05301927317483,10.419925096877677,0.10414403455859886,20.081059322259925,1.0,0.431372718097882,1.021568635904894,-0.04515046632885048
2,purge,2018.0,100.05301792339372,10.417641195003606,0.10412120904718676,19.990778575998842,1.0,0.429083705016845,1.0214541852508425,-0.045130281606837706
2,purge,2020.0,100.05301657428389,10.415358312581494,0.10409839372357817,19.900538189143166,1.0,0.42679571392359217,1.02133978569618,-0.04511010692246136
2,purge,2022.0,100.05301522584479,10.413076449105924,0.10407558858272281,19.81033814162354,1.0,0.4245087443111202,1.021225437215556,-0.045089942269797
2,purge,2024.0,100.05301387807621,10.410795604071515,0.10405279361957076,19.720178413382452,1.0,0.422222795672713,1.0211111397836357,-0.045069787642932894
2,purge,2026.0,100.0530125309777,10.408515776973552,0.10403000882907891,19.630058984374227,1.0,0.4199378675019614,1.0209968933750981,-0.04504964303595461
2,purge,2028.0,100.05301118454872,10.406236967307404,0.10400723420620495,19.539979834565003,1.0,0.41765395929276616,1.0208826979646384,-0.04502950844294241
2,purge,2030.0,100.0530098387891,10.40395917456839,0.10398446974590589,19.449940943932745,1.0,0.4153710705392954,1.020768553526965,-0.045009383858004445
2,purge,2032.0,100.05300849369831,10.401682398252962,0.10396171544315029,19.35994229246721,1.0,0.4130892007360346,1.0206544600368017,-0.044989269275237165
2,purge,2034.0,100.053007149276,10.399406637857124,0.10393897129290207,19.26998386016996,1.0,0.4108083493777694,1.0205404174688886,-0.044969164688739
2,purge,2036.0,100.0530058055217,10.397131892877395,0.10391623729013046,19.180065627054336,1.0,0.40852851595957085,1.0204264257979785,-0.04494907009262141
2,purge,2038.0,100.0530044624351,10.394858162810722,0.10389351342980883,19.09018757314547,1.0,0.40624969997680654,1.0203124849988403,-0.044928985481000265
2,purge,2040.0,100.05300312001586,10.392585447154316,0.10387079970691307,19.000349678480262,1.0,0.40397190092515023,1.0201985950462575,-0.04490891084798802
2,purge,2042.0,100.05300177826344,10.390313745405463,0.1038480961164202,18.910551923107366,1.0,0.40169511830056476,1.0200847559150283,-0.04488884618770675
2,purge,2044.0,100.0530004371776,10.388043057061871,0.10382540265331107,18.820794287087182,1.0,0.39941935159929765,1.0199709675799649,-0.04486879149429147
2,purge,2046.0,100.05299909675776,10.385773381622036,0.1038027193125747,18.73107675049188,1.0,0.39714460031792836,1.0198572300158963,-0.04484874676185341
2,purge,2048.0,100.05299775700364,10.38350471858361,0.10378004608919147,18.641399293405353,1.0,0.39487086395330195,1.0197435431976651,-0.04482871198453152
2,purge,2050.0,100.05299641791497,10.381237067445456,0.10375738297815383,18.55176189592322,1.0,0.3925981420025395,1.019629907100127,-0.04480868715648353
2,purge,2052.0,100.05299507949108,10.378970427706989,0.10373472997446007,18.462164538152816,1.0,0.39032643396310973,1.0195163216981555,-0.044788672271830664
2,purge,2054.0,100.05299374173185,10.376704798866601,0.10371208707309776,18.372607200213185,1.0,0.38805573933274,1.0194027869666373,-0.04476866732472645
2,purge,2056.0,100.05299240463671,10.374440180424319,0.10368945426907134,18.283089862235084,1.0,0.38578605760945345,1.0192893028804726,-0.04474867230932798
2,purge,2058.0,100.05299106820526,10.372176571879981,0.10366683155738302,18.19361250436096,1.0,0.38351738829159254,1.0191758694145796,-0.044728687219777026
2,purge,2060.0,100.0529897324373,10.369913972733093,0.10364421893303159,18.10417510674494,1.0,0.3812497308777517,1.0190624865438875,-0.0447087120502524
2,purge,2062.0,100.0529883973322,10.367652382484936,0.10362161639103404,18.014777649552816,1.0,0.37898308486686294,1.018949154243343,-0.04468874679490317
2,purge,2064.0,100.0529870628898,10.36539180063531,0.103599023926392,17.92542011296207,1.0,0.37671744975812393,1.0188358724879063,-0.04466879144790466
2,purge,2066.0,100.05298572910951,10.363132226685718,0.10357644153412462,17.83610247716182,1.0,0.3744528250510304,1.0187226412525514,-0.04464884600343266
2,purge,2068.0,100.05298439599113,10.360873660137347,0.10355386920924751,17.74682472235285,1.0,0.3721892102453857,1.0186094605122693,-0.04462891045565613
2,purge,2070.0,100.05298306353401,10.358616100491583,0.10353130694677862,17.657586828747586,1.0,0.3699266048412768,1.0184963302420638,-0.044608984798755774
2,purge,2072.0,100.05298173173809,10.356359547250237,0.10350875474173966,17.568388776570078,1.0,0.3676650083390675,1.0183832504169534,-0.044589069026928885
2,purge,2074.0,100.05298040060266,10.354103999915825,0.10348621258915996,17.479230546056005,1.0,0.36540442023944286,1.018270221011972,-0.04456916313435463
2,purge,2076.0,100.05297907012759,10.351849457990191,0.10346368048406164,17.390112117452656,1.0,0.3631448400433541,1.0181572420021676,-0.04454926711523689
2,purge,2078.0,100.05297774031237,10.349595920976654,0.1034411584214819,17.30103347101893,1.0,0.36088626725206846,1.0180443133626034,-0.044529380963765144
2,purge,2080.0,100.05297641115662,10.347343388377785,0.10341864639645026,17.211994587025327,1.0,0.35862870136713404,1.0179314350683566,-0.04450950467414196
2,purge,2082.0,100.05297508265991,10.345091859696979,0.10339614440400456,17.122995445753943,1.0,0.35637214189037986,1.017818607094519,-0.04448963824058257
2,purge,2084.0,100.05297375482199,10.342841334438077,0.10337365243918711,17.03403602749845,1.0,0.35411658832394954,1.0177058294161976,-0.0444697816572883
2,purge,2086.0,100.05297242764232,10.34059181210454,0.10335117049703636,16.945116312564092,1.0,0.3518620401702591,1.017593102008513,-0.04444993491847971
2,purge,2088.0,100.05297110112055,10.338343292200843,0.10332869857260096,16.85623628126768,1.0,0.3496084969320196,1.017480424846601,-0.044430098018378286
2,purge,2090.0,100.05296977525643,10.336095774231284,0.10330623666092768,16.767395913937577,1.0,0.3473559581122309,1.0173677979056115,-0.04441027095121136
2,purge,2092.0,100.05296845004936,10.333849257700878,0.10328378475707065,16.678595190913693,1.0,0.34510442321420337,1.0172552211607102,-0.044390453711195176
2,purge,2094.0,100.05296712549912,10.33160374211416,0.10326134285607892,16.589834092547484,1.0,0.342853891741508,1.0171426945870754,-0.04437064629257345
2,purge,2096.0,100.05296580160524,10.329359226977108,0.10323891095301628,16.50111259920194,1.0,0.3406043631980346,1.0170302181599018,-0.04435084868957174
2,purge,2098.0,100.05296447836739,10.32711571179468,0.10321648904293607,16.412430691251565,1.0,0.33835583708793937,1.016917791854397,-0.04433106089643859
2,purge,2100.0,100.05296315578515,10.324873196073238,0.1031940771209058,16.32378834908239,1.0,0.33610831291567506,1.0168054156457838,-0.04431128290742119
2,purge,2102.0,100.05296183385812,10.322631679318842,0.1031716751819899,16.235185553091924,1.0,0.33386179018599393,1.0166930895092996,-0.0442915147167632
2,purge,2104.0,100.05296051258594,10.320391161037934,0.10314928322125666,16.14662228368908,1.0,0.33161626840392855,1.0165808134201963,-0.04427175631871732
2,purge,2106.0,100.05295919196824,10.318151640737227,0.10312690123377695,16.0580985212946,1.0,0.3293717470747997,1.01646858735374,-0.04425200770754815
2,purge,2108.0,100.05295787200465,10.315913117923973,0.10310452921462725,15.969614246339773,1.0,0.3271282257042064,1.0163564112852104,-0.044232268877514434
2,purge,2110.0,100.0529565526947,10.313675592105358,0.10308216715888326,15.881169439268156,1.0,0.32488570379806037,1.0162442851899032,-0.044212539822875985
2,purge,2112.0,100.05295523403808,10.311439062788937,0.10305981506162426,15.792764080535054,1.0,0.32264418086255287,1.0161322090431277,-0.04419282053790979
2,purge,2114.0,100.0529539160344,10.309203529482861,0.10303747291793568,15.70439815060719,1.0,0.32040365640416923,1.0160201828202085,-0.04417311101689173
2,purge,2116.0,100.05295259868322,10.306968991695388,0.10301514072290395,15.616071629962171,1.0,0.31816412992968823,1.0159082064964844,-0.04415341125408657
2,purge,2118.0,100.05295128198424,10.304735448934371,0.10299281847161128,15.527784499089904,1.0,0.3159256009461507,1.0157962800473075,-0.04413372124380049
2,purge,2120.0,100.05294996593706,10.302502900709612,0.10297050615915963,15.439536738490872,1.0,0.3136880689609101,1.0156844034480457,-0.044114040980307516
2,purge,2122.0,100.05294865054128,10.30027134652944,0.10294820378063607,15.351328328676905,1.0,0.31145153348159854,1.01557257667408,-0.04409437045789117
2,purge,2124.0,100.05294733579647,10.298040785903304,0.10292591133113896,15.263159250171404,1.0,0.3092159940161163,1.015460799700806,-0.04407470967085733
2,purge,2126.0,100.05294602170237,10.295811218340956,0.10290362880576955,15.175029483509299,1.0,0.3069814500726578,1.015349072503633,-0.04405505861351284
2,purge,2128.0,100.05294470825851,10.293582643352632,0.10288135619963404,15.086939009236957,1.0,0.3047479011597423,1.0152373950579872,-0.044035417280140106
2,purge,2130.0,100.0529433954645,10.29135506044778,0.10285909350783075,14.998887807912121,1.0,0.30251534678613196,1.0151257673393066,-0.04401578566505947
2,purge,2132.0,100.05294208331996,10.289128469137605,0.10283684072547557,14.910875860103896,1.0,0.3002837864608912,1.0150141893230447,-0.04399616376258271
2,purge,2134.0,100.0529407718246,10.286902868932557,0.10281459784767666,14.822903146392765,1.0,0.2980532196933741,1.0149026609846687,-0.04397655156702343
2,purge,2136.0,100.05293946097791,10.284678259343748,0.10279236486954908,14.734969647370566,1.0,0.29582364599321614,1.0147911822996607,-0.04395694907270268
2,purge,2138.0,100.05293815077962,10.282454639882479,0.10277014178620955,14.64707534364049,1.0,0.2935950648703321,1.0146797532435166,-0.04393735627395072
2,purge,2140.0,100.05293684122937,10.280232010060613,0.10274792859278052,14.559220215817085,1.0,0.29136747583493894,1.014568373791747,-0.04391777316508927
2,purge,2142.0,100.05293553232659,10.278010369389799,0.10272572528438233,14.471404244526232,1.0,0.28914087839752983,1.0144570439198766,-0.04389819974045132
2,purge,2144.0,100.05293422407112,10.275789717382395,0.10270353185614227,14.38362741040515,1.0,0.2869152720688841,1.0143457636034443,-0.043878635994373354
2,purge,2146.0,100.05293291646248,10.273570053550804,0.10268134830318817,14.295889694102373,1.0,0.28469065636006113,1.0142345328180031,-0.043859081921199784
2,purge,2148.0,100.05293160950026,10.271351377407882,0.1026591746206524,14.208191076277759,1.0,0.2824670307824108,1.0141233515391206,-0.0438395375152747
2,purge,2150.0,100.05293030318421,10.269133688466608,0.10263701080366848,14.120531537602448,1.0,0.2802443948475651,1.0140122197423782,-0.04382000277094818
2,purge,2152.0,100.05292899751375,10.266916986240453,0.10261485684737502,14.032911058758907,1.0,0.2780227480674494,1.0139011374033724,-0.043800477682567555
2,purge,2154.0,100.05292769248871,10.264701270242842,0.10259271274690991,13.94532962044088,1.0,0.2758020899542628,1.0137901044977131,-0.0437809622444926
2,purge,2156.0,100.05292638810862,10.262486539987831,0.1025705784974175,13.857787203353395,1.0,0.27358242002048844,1.0136791210010245,-0.04376145645108688
2,purge,2158.0,100.05292508437307,10.260272794989493,0.10254845409404241,13.77028378821274,1.0,0.2713637377788914,1.0135681868889446,-0.04374196029671948
2,purge,2160.0,100.05292378128175,10.258060034762474,0.1025263395319347,13.682819355746481,1.0,0.2691460427425322,1.0134573021371267,-0.04372247377575451
2,purge,2162.0,100.05292247883419,10.255848258821416,0.10250423480624467,13.59539388669344,1.0,0.2669293344247541,1.0133464667212377,-0.043702996882560595
2,purge,2164.0,100.05292117703014,10.253637466681141,0.10248213991212424,13.508007361803685,1.0,0.26471361233915724,1.0132356806169578,-0.04368352961153107
2,purge,2166.0,100.05291987586916,10.251427657857466,0.10246005484473536,13.420659761838516,1.0,0.26249887599965527,1.0131249437999827,-0.04366407195703924
2,purge,2168.0,100.05291857535086,10.249218831865631,0.10243797959923416,13.333351067570481,1.0,0.26028512492044314,1.0130142562460223,-0.04364462391346395
2,purge,2170.0,100.05291727547488,10.2470109882214,0.10241591417078214,13.246081259783333,1.0,0.2580723586159716,1.0129036179307986,-0.04362518547520882
2,purge,2172.0,100.05291597624085,10.244804126441379,0.10239385855454895,13.15885031927206,1.0,0.25586057660100087,1.01279302883005,-0.04360575663666053
2,purge,2174.0,100.05291467764843,10.24259824604162,0.10237181274569894,13.071658226842844,1.0,0.2536497783905628,1.012682488919528,-0.043586337392217886
2,purge,2176.0,100.05291337969717,10.240393346539,0.10234977673940468,12.984504963313068,1.0,0.25143996349997,1.0125719981749985,-0.04356692773628475
2,purge,2178.0,100.05291208238675,10.238189427450546,0.10232775053084009,12.89739050951119,1.0,0.24923113144481698,1.0124615565722408,-0.04354752766326653
2,purge,2180.0,100.05291078571672,10.235986488293486,0.10230573411518123,12.81031484627719,1.0,0.2470232817409874,1.0123511640870493,-0.04352813716757366
2,purge,2182.0,100.05290948968688,10.233784528585327,0.10228372748760686,12.72327795446133,1.0,0.24481641390461872,1.012240820695231,-0.04350875624362401
2,purge,2184.0,100.05290819429672,10.231583547844098,0.10226173064330105,12.636279814925786,1.0,0.24261052745215658,1.012130526372608,-0.04348938488583356
2,purge,2186.0,100.05290689954585,10.229383545587668,0.10223974357744621,12.549320408544178,1.0,0.24040562190032946,1.0120202810950165,-0.043470023088626575
2,purge,2188.0,100.05290560543392,10.227184521334808,0.10221776628523385,12.462399716201254,1.0,0.23820169676615874,1.011910084838308,-0.04345067084642124
2,purge,2190.0,100.05290431196059,10.22498647460376,0.10219579876185002,12.375517718792349,1.0,0.23599875156691388,1.0117999375783457,-0.043431328153654136
2,purge,2192.0,100.05290301912544,10.222789404913831,0.10217384100249156,12.288674397224773,1.0,0.23379678582016783,1.0116898392910083,-0.043411995004764545
2,purge,2194.0,100.05290172692818,10.220593311784171,0.10215189300235362,12.201869732416135,1.0,0.23159579904376115,1.0115797899521881,-0.043392671394189
2,purge,2196.0,100.0529004353684,10.218398194734315,0.10212995475663533,12.115103705295072,1.0,0.2293957907558165,1.0114697895377909,-0.043373357316364575
2,purge,2198.0,100.05289914444572,10.216204053283851,0.10210802626053629,12.028376296801497,1.0,0.22719676047471982,1.011359838023736,-0.043354052765748455
2,purge,2200.0,100.05289785415974,10.214010886953206,0.10208610750926447,11.941687487886536,1.0,0.22499870771915728,1.0112499353859579,-0.043334757736788056
2,purge,2202.0,100.05289656451012,10.211818695262616,0.1020641984980259,11.85503725951247,1.0,0.22280163200810474,1.0111400816004052,-0.0433154722239277
2,purge,2204.0,100.0528952754965,10.209627477732361,0.10204229922202718,11.768425592652623,1.0,0.2206055328607812,1.011030276643039,-0.04329619622164312
2,purge,2206.0,100.05289398711847,10.207437233884116,0.10202040967648869,11.681852468291408,1.0,0.21841040979672913,1.0109205204898364,-0.043276929724379444
2,purge,2208.0,100.05289269937573,10.20524796323816,0.10199852985661688,11.595317867424296,1.0,0.21621626233572921,1.0108108131167866,-0.043257672726617104
2,purge,2210.0,100.05289141226781,10.203059665316692,0.10197665975763756,11.508821771057816,1.0,0.21402308999786057,1.010701154499893,-0.043238425222825054
2,purge,2212.0,100.05289012579442,10.200872339641117,0.1019547993747684,11.42236416020956,1.0,0.21183089230348245,1.010591544615174,-0.043219187207474856
2,purge,2214.0,100.05288883995519,10.198685985733531,0.10193294870323405,11.33594501590816,1.0,0.20963966877323004,1.0104819834386616,-0.04319995867504378
2,purge,2216.0,100.05288755474974,10.196500603116068,0.10191110773825954,11.249564319193288,1.0,0.20744941892799781,1.0103724709464,-0.04318073962002747
2,purge,2218.0,100.05288627017761,10.194316191311836,0.10188927647507975,11.163222051115651,1.0,0.2052601422889991,1.01026300711445,-0.0431615300368937
2,purge,2220.0,100.05288498623865,10.19213274984284,0.10186745490891816,11.07691819273697,1.0,0.20307183837767892,1.010153591918884,-0.04314232992014983
2,purge,2222.0,100.05288370293222,10.18995027823307,0.10184564303501864,10.99065272512998,1.0,0.20088450671578828,1.0100442253357893,-0.04312313926428474
2,purge,2224.0,100.0528824202581,10.187768776005358,0.10182384084861307,10.90442562937843,1.0,0.19869814682535186,1.0099349073412676,-0.04310395806379414
2,purge,2226.0,100.05288113821601,10.185588242683558,0.10180204834494357,10.818236886577058,1.0,0.19651275822865769,1.0098256379114332,-0.04308478631318817
2,purge,2228.0,100.05287985680536,10.18340867779189,0.10178026551925619,10.732086477831606,1.0,0.19432834044829916,1.009716417022415,-0.043065624006958785
2,purge,2230.0,100.05287857602593,10.181230080853986,0.10175849236679083,10.645974384258796,1.0,0.19214489300711063,1.0096072446503557,-0.04304647113962964
2,purge,2232.0,100.05287729587737,10.179052451394822,0.10173672888280091,10.55990058698631,1.0,0.1899624154282103,1.0094981207714104,-0.04302732770572217
2,purge,2234.0,100.05287601635925,10.176875788939284,0.10171497506253897,10.473865067152802,1.0,0.18778090723502086,1.0093890453617511,-0.04300819369973975
2,purge,2236.0,100.05287473747123,10.174700093011896,0.10169323090125391,10.387867805907886,1.0,0.1856003679512122,1.0092800183975605,-0.04298906911621222
2,purge,2238.0,100.05287345921295,10.172525363138444,0.10167149639420725,10.301908784412129,1.0,0.18342079710073242,1.0091710398550366,-0.042969953949671263
2,purge,2240.0,100.05287218158402,10.17035159884451,0.1016497715366585,10.215987983837033,1.0,0.1812421942078263,1.0090621097103913,-0.04295084819463615
2,purge,2242.0,100.05287090458408,10.168178799655633,0.10162805632386668,10.130105385365049,1.0,0.17906455879698815,1.0089532279398494,-0.04293175184565023
2,purge,2244.0,100.05286962821276,10.166006965098374,0.10160635075110108,10.044260970189539,1.0,0.1768878903930009,1.0088443945196501,-0.04291266489725009
2,purge,2246.0,100.05286835246972,10.163836094698913,0.10158465481362715,9.958454719514794,1.0,0.17471218852092188,1.008735609426046,-0.0428935873439768
2,purge,2248.0,100.05286707735462,10.161666187984043,0.10156296850671633,9.87268661455601,1.0,0.17253745270607992,1.008626872635304,-0.042874519180377865
2,purge,2250.0,100.05286580286698,10.159497244480711,0.10154129182564198,9.78695663653929,1.0,0.17036368247407796,1.0085181841237039,-0.042855460401005005
2,purge,2252.0,100.05286452900654,10.157329263716228,0.10151962476568069,9.701264766701634,1.0,0.16819087735080113,1.00840954386754,-0.04283641100040779
2,purge,2254.0,100.05286325577296,10.15516224521804,0.10149796732211057,9.615610986290926,1.0,0.16601903686240133,1.00830095184312,-0.04281737097314549
2,purge,2256.0,100.05286198316578,10.152996188513908,0.10147631949021291,9.529995276565934,1.0,0.16384816053529738,1.008192408026765,-0.04279834031378672
2,purge,2258.0,100.05286071118466,10.150831093132075,0.10145468126527378,9.44441761879629,1.0,0.16167824789619592,1.0080839123948098,-0.042779319016893004
2,purge,2260.0,100.05285943982928,10.148666958600721,0.1014330526425786,9.358877994262377,1.0,0.1595092984720694,1.0079754649236035,-0.0427603070770334
2,purge,2262.0,100.05285816909931,10.146503784448463,0.1014114336174171,9.27337638425576,1.0,0.157341311790165,1.0078670655895083,-0.04274130448878652
2,purge,2264.0,100.05285689899429,10.144341570204345,0.10138982418508348,9.18791277007799,1.0,0.15517428737799202,1.0077587143688995,-0.04272231124672601
2,purge,2266.0,100.0528556295139,10.142180315397306,0.10136822434087063,9.102487133042192,1.0,0.15300822476334922,1.0076504112381675,-0.04270332734543144
2,purge,2268.0,100.05285436065772,10.140020019556882,0.10134663408007766,9.017099454472598,1.0,0.1508431234743068,1.0075421561737152,-0.04268435277949268
2,purge,2270.0,100.05285309242558,10.137860682212805,0.10132505339800535,8.931749715704115,1.0,0.14867898303920704,1.0074339491519604,-0.042665387543500806
2,purge,2272.0,100.05285182481695,10.135702302895057,0.10130348228995718,8.84643789808224,1.0,0.14651580298666442,1.0073257901493335,-0.042646431632046546
2,purge,2274.0,100.05285055783142,10.133544881133837,0.10128192075123897,8.761163982963234,1.0,0.1443535828455662,1.0072176791422782,-0.04262748503972305
2,purge,2276.0,100.05284929146876,10.131388416459568,0.10126036877715829,8.675927951714211,1.0,0.14219232214505953,1.007109616107253,-0.04260854776113777
2,purge,2278.0,100.05284802572857,10.129232908403301,0.10123882636302936,8.59072978571311,1.0,0.14003202041457594,1.0070016010207288,-0.04258961979089295
2,purge,2280.0,100.05284676061049,10.12707835649579,0.10121729350416335,8.505569466348657,1.0,0.1378726771838132,1.006893633859191,-0.042570701123598814
2,purge,2282.0,100.05284549611416,10.124924760268545,0.10119577019587889,8.420446975020333,1.0,0.135714291982739,1.006785714599137,-0.042551791753870256
2,purge,2284.0,100.05284423223918,10.122772119253169,0.1011742564334957,8.335362293138393,1.0,0.13355686434159916,1.00667784321708,-0.042532891676320524
2,purge,2286.0,100.05284296898526,10.120620432981399,0.10115275221233469,8.250315402123853,1.0,0.13140039379090515,1.0065700196895453,-0.04251400088557103
2,purge,2288.0,100.05284170635193,10.118469700985473,0.10113125752772192,8.165306283408487,1.0,0.1292448798614382,1.006462243993072,-0.04249511937624794
2,purge,2290.0,100.05284044433893,10.116319922797814,0.1011097723749851,8.080334918434824,1.0,0.12709032208425447,1.0063545161042127,-0.04247624714297798
2,purge,2292.0,100.05283918294592,10.11417109795102,0.10108829674945384,7.995401288656119,1.0,0.12493671999067792,1.0062468359995338,-0.04245738418039359
2,purge,2294.0,100.05283792217249,10.112023225978085,0.10106683064646167,7.910505375536366,1.0,0.12278407311230201,1.0061392036556152,-0.042438530483131745
2,purge,2296.0,100.05283666201828,10.109876306412229,0.10104537406134438,7.825647160550282,1.0,0.12063238098099245,1.0060316190490497,-0.04241968604583154
2,purge,2298.0,100.05283540248296,10.107730338786899,0.10102392698944003,7.740826625183301,1.0,0.11848164312888329,1.0059240821564444,-0.042400850863137045
2,purge,2300.0,100.05283414356607,10.105585322635873,0.10100248942609007,7.656043750931563,1.0,0.1163318590883784,1.005816592954419,-0.042382024929696095
2,purge,2302.0,100.05283288526739,10.103441257493177,0.10098106136663815,7.571298519301911,1.0,0.1141830283921519,1.0057091514196077,-0.042363208240159746
2,purge,2304.0,100.05283162758651,10.101298142893077,0.1009596428064306,7.4865909118118825,1.0,0.11203515057314614,1.0056017575286573,-0.042344400789183646
2,purge,2306.0,100.05283037052305,10.09915597837014,0.10093823374081672,7.401920909989696,1.0,0.10988822516457293,1.0054944112582287,-0.04232560257142702
2,purge,2308.0,100.0528291140767,10.097014763459201,0.10091683416514831,7.3172884953742505,1.0,0.10774225169991318,1.0053871125849956,-0.04230681358155272
2,purge,2310.0,100.05282785824703,10.094874497695336,0.10089544407477986,7.2326936495151175,1.0,0.10559722971291638,1.0052798614856457,-0.04228803381422756
2,purge,2312.0,100.0528266030338,10.09273518061392,0.10087406346506846,7.148136353972525,1.0,0.1034531587376003,1.00517265793688,-0.04226926326412227
2,purge,2314.0,100.05282534843653,10.090596811750567,0.100852692331374,7.063616590317363,1.0,0.10131003830825099,1.0050655019154124,-0.04225050192591147
2,purge,2316.0,100.05282409445495,10.088459390641178,0.10083133066905897,6.979134340131163,1.0,0.09916786795942321,1.004958393397971,-0.04223174979427315
2,purge,2318.0,100.05282284108861,10.086322916821912,0.10080997847348859,6.894689585006099,1.0,0.09702664722593872,1.0048513323612969,-0.042213006863889777
2,purge,2320.0,100.05282158833725,10.084187389829202,0.10078863574003068,6.810282306544975,1.0,0.0948863756428879,1.0047443187821443,-0.04219427312944693
2,purge,2322.0,100.05282033620054,10.082052809199736,0.10076730246405563,6.7259124863612225,1.0,0.0927470527456281,1.0046373526372814,-0.04217554858563453
2,purge,2324.0,100.05281908467799,10.079919174470477,0.10074597864093675,6.6415801060788855,1.0,0.0906086780697839,1.0045304339034893,-0.042156833227146265
2,purge,2326.0,100.05281783376937,10.077786485178658,0.10072466426604978,6.557285147332621,1.0,0.08847125115124771,1.0044235625575624,-0.042138127048679204
2,purge,2328.0,100.05281658347421,10.075654740861758,0.10070335933477319,6.473027591767685,1.0,0.08633477152617806,1.004316738576309,-0.042119430044934805
2,purge,2330.0,100.05281533379235,10.07352394105756,0.10068206384248815,6.388807421039928,1.0,0.08419923873100095,1.0042099619365503,-0.042100742210617825
2,purge,2332.0,100.05281408472317,10.071394085304059,0.10066077778457842,6.304624616815788,1.0,0.08206465230240867,1.0041032326151205,-0.04208206354043699
2,purge,2334.0,100.05281283626655,10.069265173139573,0.1006395011564305,6.220479160772279,1.0,0.07993101177735981,1.003996550588868,-0.04206339402910491
2,purge,2336.0,100.05281158842202,10.067137204102641,0.10061823395343342,6.13637103459699,1.0,0.07779831669307928,1.003889915834654,-0.04204473367133794
2,purge,2338.0,100.05281034118924,10.065010177732088,0.10059697617097892,6.05230021998807,1.0,0.07566656658705821,1.003783328329353,-0.042026082461856
2,purge,2340.0,100.0528090945679,10.062884093566998,0.10057572780446136,5.968266698654225,1.0,0.073535760997053,1.0036767880498527,-0.04200744039538316
2,purge,2342.0,100.05280784855755,10.060758951146717,0.10055448884927784,5.884270452314711,1.0,0.07140589946108623,1.0035702949730543,-0.041988807466646946
2,purge,2344.0,100.0528066031579,10.058634750010867,0.10053325930082799,5.800311462699323,1.0,0.06927698151744557,1.0034638490758723,-0.04197018367037891
2,purge,2346.0,100.05280535836869,10.056511489699329,0.10051203915451408,5.716389711548391,1.0,0.06714900670468427,1.0033574503352343,-0.04195156900131409
2,purge,2348.0,100.05280411418937,10.054389169752236,0.10049082840574113,5.63250518061277,1.0,0.06502197456162025,1.003251098728081,-0.041932963454191605
2,purge,2350.0,100.05280287061977,10.052267789710006,0.10046962704991673,5.548657851653833,1.0,0.06289588462733661,1.003144794231367,-0.041914367023754104
2,purge,2352.0,100.05280162765946,10.050147349113299,0.100448435082451,5.464847706443464,1.0,0.060770736441181104,1.0030385368220591,-0.041895779704748025
2,purge,2354.0,100.05280038530805,10.048027847503056,0.10042725249875692,5.3810747267640515,1.0,0.058646529542765814,1.0029323264771384,-0.04187720149192369
2,purge,2356.0,100.05279914356524,10.045909284420473,0.10040607929424994,5.297338894408477,1.0,0.05652326347196729,1.0028261631735984,-0.04185863238003505
2,purge,2358.0,100.05279790243074,10.043791659407011,0.10038491546434807,5.213640191180114,1.0,0.05440093776892624,1.0027200468884463,-0.04184007236383982
2,purge,2360.0,100.0527966619041,10.04167497200439,0.10036376100447215,5.129978598892813,1.0,0.052279551974047093,1.0026139775987024,-0.04182152143809952
2,purge,2362.0,100.05279542198497,10.039559221754612,0.10034261591004563,5.046354099370901,1.0,0.05015910562799824,1.0025079552814,-0.041802979597579386
2,purge,2364.0,100.05279418267305,10.037444408199901,0.10032148017649432,4.962766674449168,1.0,0.04803959827171166,1.0024019799135855,-0.04178444683704827
2,purge,2366.0,100.05279294396796,10.035330530882781,0.10030035379924693,4.879216305972864,1.0,0.04592102944638239,1.0022960514723191,-0.04176592315127902
2,purge,2368.0,100.05279170586934,10.03321758934603,0.1002792367737347,4.795702975797692,1.0,0.04380339869346902,1.0021901699346734,-0.041747408535048
2,purge,2370.0,100.05279046837697,10.03110558313269,0.10025812909539147,4.712226665789792,1.0,0.041686705554692914,1.0020843352777347,-0.041728902983135384
2,purge,2372.0,100.05278923149034,10.02899451178604,0.10023703075965365,4.628787357825748,1.0,0.03957094957203842,1.0019785474786018,-0.04171040649032498
2,purge,2374.0,100.05278799520907,10.026884374849649,0.10021594176196046,4.545385033792565,1.0,0.03745613028775227,1.0018728065143876,-0.04169191905140452
2,purge,2376.0,100.05278675953302,10.02477517186734,0.10019486209775341,4.4620196755876735,1.0,0.035342247244344,1.0017671123622172,-0.041673440661165156
2,purge,2378.0,100.05278552446167,10.022666902383193,0.10017379176247697,4.378691265118918,1.0,0.033229299984584834,1.0016614649992293,-0.04165497131440219
2,purge,2380.0,100.05278428999476,10.020559565941557,0.10015273075157798,4.295399784304547,1.0,0.031117288051508728,1.0015558644025755,-0.04163651100591414
2,purge,2382.0,100.05278305613189,10.018453162087019,0.10013167906050591,4.212145215073209,1.0,0.02900621098841109,1.0014503105494206,-0.041618059730503525
2,purge,2384.0,100.0527818228727,10.016347690364467,0.10011063668471301,4.128927539363942,1.0,0.026896068338848927,1.0013448034169425,-0.04159961748297668
2,purge,2386.0,100.0527805902168,10.014243150319011,0.10008960361965401,4.045746739126171,1.0,0.024786859646641384,1.001239342982332,-0.041581184258143146
2,purge,2388.0,100.05277935816407,10.012139541496046,0.10006857986078604,3.9626027963196964,1.0,0.022678584455868383,1.0011339292227934,-0.04156276005081659
2,purge,2390.0,100.05277812671396,10.010036863441217,0.10004756540356921,3.879495692914687,1.0,0.020571242310870576,1.0010285621155435,-0.04154434485581469
2,purge,2392.0,100.05277689586612,10.00793511570043,0.10002656024346614,3.7964254108916724,1.0,0.018464832756250722,1.0009232416378124,-0.04152593866795789
2,purge,2394.0,100.0527756656203,10.005834297819845,0.1000055643759417,3.7133919322415405,1.0,0.016359355336871682,1.0008179677668436,-0.0415075414820709
2,purge,2396.0,100.05277443597609,10.003734409345888,0.0999845777964637,3.630395238965522,1.0,0.014254809597856632,1.0007127404798928,-0.041489153292982264
2,purge,2398.0,100.05277320693318,10.001635449825258,0.0999636005005026,3.54743531307519,1.0,0.012151195084589627,1.0006075597542294,-0.04147077409552388
2,purge,2400.0,100.05277154686478,9.99932563880213,0.09994051623166122,3.464513300351553,1.0,0.010058571132300805,1.000502928556615,-0.04144458052383644
2,purge,2402.0,100.05275639946119,9.980314652526557,0.09975052174155098,3.3818102001287653,1.0,0.008235261575842015,1.000411763078792,-0.04121269997341853
2,purge,2404.0,100.05272489254914,9.932631009216358,0.09927396799920672,3.299824523782313,1.0,0.006742461317432843,1.0003371230658717,-0.040737370648048644
2,purge,2406.0,100.0526807407609,9.861850126643546,0.09856657566423288,3.2189859244130874,1.0,0.0055202589337929285,1.0002760129466897,-0.04007391651990326
2,purge,2408.0,100.05262695592661,9.773282503233817,0.09768141827539388,3.1396242141762265,1.0,0.004519604167066729,1.0002259802083533,-0.03926719303321248
2,purge,2410.0,100.05256597564687,9.671236309656335,0.0966615520086746,3.0619883269275436,1.0,0.003700338901955222,1.0001850169450979,-0.038353502195025806
2,purge,2412.0,100.0524997687302,9.559195131306698,0.09554179209317737,2.986261841239478,1.0,0.00302958160959276,1.0001514790804797,-0.037362163169307204
2,purge,2414.0,100.05242992098523,9.439973299939517,0.0943502652298858,2.9125755846667536,1.0,0.0024804121497032025,1.000124020607485,-0.03631679021656657
2,purge,2416.0,100.05235770570951,9.315842034777457,0.09310967026063241,2.8410179654853724,1.0,0.0020307905044362933,1.0001015395252217,-0.035236342716247135
2,purge,2418.0,100.05228414138611,9.188630510962684,0.09183828824915204,2.771643404897758,1.0,0.001662671163115892,1.0000831335581557,-0.03413598459072476
2,purge,2420.0,100.05221003872272,9.059807460387038,0.09055079799717229,2.704479188615285,1.0,0.0013612804620169792,1.0000680640231008,-0.03302778501193246
2,purge,2422.0,100.05213603928725,8.930547649443545,0.08925894041819164,2.63953107231425,1.0,0.001114522495520116,1.000055726124776,-0.0319212938997793
2,purge,2424.0,100.05206264701187,8.80178580323043,0.08797205745056474,2.5767878309357473,1.0,0.0009124941132763173,1.0000456247056637,-0.030824011210359416
2,purge,2426.0,100.05199025399274,8.674260670891405,0.08669753244159223,2.5162249636470175,1.0,0.0007470872331290304,1.0000373543616565,-0.029741771231099706
2,purge,2428.0,100.05191916156244,8.548550982310587,0.08544114949465893,2.457807700259634,1.0,0.000611663494759222,1.000030583174738,-0.028679056479280485
2,purge,2430.0,100.05184959751317,8.425104885766933,0.08420738766608811,2.40149343923206,1.0,0.000500787879162443,1.000025039393958,-0.027639254238894493
2,purge,2432.0,100.05178173016573,8.304264050865463,0.08299966184771816,2.3472337210598284,1.0,0.00041001062124352194,1.0000205005310623,-0.02662486613662662
2,purge,2434.0,100.05171567987222,8.186283454031669,0.08182052050186417,2.29497582401951,1.0,0.00033568846748175643,1.000016784423374,-0.02563767947575443
2,purge,2436.0,100.0516515283887,8.071347577006058,0.08067180754848301,2.2446640472325443,1.0,0.000274838598408453,1.0000137419299204,-0.024678906837892294
2,purge,2438.0,100.05158932652563,7.959583703050005,0.07955479524741307,2.1962407417259353,1.0,0.0002250189654222361,1.0000112509482713,-0.02374930004148936
2,purge,2440.0,100.0515291004015,7.851072860149761,0.07847029356514104,2.1496471376175466,1.0,0.00018423007732213764,1.0000092115038661,-0.022849243292039665
2,purge,2442.0,100.05147085651687,7.745858760514215,0.07741873951680828,2.1048239996201414,1.0,0.00015083492731736984,1.0000075417463659,-0.021978828749095278
2,purge,2444.0,100.05141458589287,7.6439551516966855,0.07640027063419927,2.0617121472601503,1.0,0.00012349329680598167,1.0000061746648405,-0.02113791817369434
2,purge,2446.0,100.05136026744253,7.545351855206529,0.07541478531663547,2.0202528644721647,1.0,0.00010110788617801941,1.000005055394309,-0.020326193138224438
2,purge,2448.0,100.0513078707078,7.450019716748984,0.07446199230475167,1.980388218387844,1.0,8.278022164425382e-05,1.0000041390110823,-0.019543195794874364
2,purge,2450.0,100.05125735806548,7.3579146334041905,0.07354145092921256,1.942061302452004,1.0,6.777478270638752e-05,1.0000033887391353,-0.018788361718529097
2,purge,2452.0,100.05120868652646,7.268980876566408,0.07265260432126387,1.9052164224525838,1.0,5.5489404580960595e-05,1.0000027744702291,-0.01806104671347853
2,purge,2454.0,100.05116180919535,7.183153817870074,0.07179480665670686,1.8697992349115489,1.0,4.5430968292429165e-05,1.0000022715484147,-0.017360548542962883
2,purge,2456.0,100.05111667642622,7.100362119078712,0.07096734504265338,1.8357568436331315,1.0,3.719580358593944e-05,1.0000018597901792,-0.016686124145865597
2,purge,2458.0,100.05107323676751,7.020529543961748,0.07016945762638549,1.8030378674930676,1.0,3.0453400854351504e-05,1.0000015226700427,-0.01603700369719496
2,purge,2460.0,100.05103143770806,6.943576415851368,0.06940034816307165,1.7715924817837228,1.0,2.493322091414673e-05,1.0000012466610457,-0.01541240172336142
2,purge,2462.0,100.05099122628546,6.869420824873399,0.06865919808167435,1.7413724414551923,1.0,2.0413679954573595e-05,1.0000010206839978,-0.014811526158739277
2,purge,2464.0,100.05095254955373,6.797979577610754,0.06794517597664866,1.7123310862389904,1.0,1.671336142534478e-05,1.0000008356680712,-0.014233585302868041
2,purge,2466.0,100.05091535495244,6.729168964863343,0.06725744528163634,1.6844233336990548,1.0,1.3683791853893392e-05,1.0000006841895928,-0.013677793316335058
2,purge,2468.0,100.05087959060234,6.662905392176913,0.06659517057162136,1.6576056635684793,1.0,1.1203398609605861e-05,1.0000005601699304,-0.01314337462045409
2,purge,2470.0,100.05084520552845,6.599105873723678,0.06595752249936052,1.6318360937156082,1.0,9.172640055195442e-06,1.0000004586320028,-0.01262956721506911
2,purge,2472.0,100.05081214983075,6.537688426497289,0.06534368173550452,1.6070741505049888,1.0,7.5099854601374034e-06,1.000000375499273,-0.012135625221440866
2,purge,2474.0,100.05078037480716,6.478572370505072,0.06475284196920046,1.5832808342449405,1.0,6.148698095241828e-06,1.0000003074349049,-0.011660820700384522
2,purge,2476.0,100.0507498330429,6.421678565068339,0.06418421227011642,1.5604185818423086,1.0,5.034164380341586e-06,1.000000251708219,-0.011204444988629507
2,purge,2478.0,100.05072047847521,6.366929593542074,0.06363701893492958,1.5384512274796298,1.0,4.12166317824095e-06,1.000000206083159,-0.010765809652313567
2,purge,2480.0,100.05069226643124,6.314249895807899,0.06311050681181984,1.5173439615063087,1.0,3.374583010168738e-06,1.0000001687291504,-0.010344247055378243
2,purge,2482.0,100.05066515365098,6.263565867112996,0.06260394028859116,1.497063288560322,1.0,2.7629263258720924e-06,1.0000001381463164,-0.009939110688672257
2,purge,2484.0,100.05063909829134,6.214805920192746,0.06211660391381629,1.47757698508118,1.0,2.262132325173952e-06,1.0000001131066163,-0.009549775238409962
2,purge,2486.0,100.05061405992126,6.167900524093423,0.06164780278509244,1.4588540569273818,1.0,1.8521049397337809e-06,1.000000092605247,-0.009175636496694643
2,purge,2488.0,100.05058999950745,6.122782225214229,0.06119686275957366,1.4408646973999104,1.0,1.5163978652255244e-06,1.0000000758198933,-0.008816111157663334
2,purge,2490.0,100.05056687939467,6.079385652180157,0.06076313050288374,1.4235802457851088,1.0,1.2415427138518887e-06,1.0000000620771359,-0.00847063651238537
2,purge,2492.0,100.05054466327896,6.0376475064761435,0.06034597339570617,1.4069731465407722,1.0,1.0165076111213698e-06,1.0000000508253806,-0.008138670054878772
2,purge,2494.0,100.05052331617752,5.997506542023094,0.059944779329838216,1.3910169093088234,1.0,8.322601318657929e-07,1.0000000416130066,-0.00781968902327361
2,purge,2496.0,100.05050280439481,5.958903536871329,0.05955895642545016,1.3756860699090026,1.0,6.814075058966153e-07,1.0000000340703752,-0.00751318990032545
2,purge,2498.0,100.0504830954881,5.921781258854553,0.05918793268796923,1.360956152384353,1.0,5.57898021995539e-07,1.000000027894901,-0.007218687887229905
2,purge,2500.0,100.05046415823044,5.886084426322718,0.058831155615768446,1.3468036321195562,1.0,4.5677599285205126e-07,1.0000000228387997,-0.006935716357116701
2,purge,2502.0,100.05044596257294,5.851759664875161,0.058488091767868775,1.3332059000538172,1.0,3.7398304617314566e-07,1.0000000186991522,-0.006663826294300331
2,purge,2504.0,100.05042847960766,5.818755461148823,0.05815822630219724,1.3201412280177354,1.0,3.0619650359449314e-07,1.0000000153098252,-0.006402585727081903
2,purge,2506.0,100.0504116815291,5.7870221147089405,0.057841062494871434,1.3075887352106024,1.0,2.506964712611307e-07,1.0000000125348236,-0.006151579160964462
2,purge,2508.0,100.05039554159647,5.75651168870951,0.05753612124717898,1.295528355812417,1.0,2.052562170111611e-07,1.0000000102628108,-0.005910407016399073
2,purge,2510.0,100.05038003409733,5.727177959760183,0.05724294058461698,1.283940807713018,1.0,1.680524019808487e-07,1.0000000084026202,-0.005678685073386818
2,purge,2512.0,100.0503651343099,5.6989763673984495,0.056961075151979845,1.2728075623402293,1.0,1.3759200354109512e-07,1.0000000068796002,-0.005456043925041823
2,purge,2514.0,100.05035081846833,5.671863963457379,0.05669009570739464,1.2621108155692504,1.0,1.1265266153594137e-07,1.000000005632633,-0.005242128442309011
2,purge,2516.0,100.05033706372701,5.645799361816132,0.05642958862017669,1.2518334596913843,1.0,9.223368573100743e-08,1.0000000046116844,-0.005036597251552814
2,purge,2518.0,100.05032384812701,5.620742688615738,0.05617915537332827,1.2419590564148948,1.0,7.551578806918868e-08,1.0000000037757895,-0.004839122225983203
2,purge,2520.0,100.05031115056262,5.5966555331277785,0.05593841207255763,1.2324718108133061,1.0,6.18277846067605e-08,1.0000000030913891,-0.004649387990594129
3,pressurization,2520.0,100.05031115056262,5.5966555331277785,0.05593841207255763,1.2324718108133061,1.0,6.18277846067605e-08,1.0000000030913891,-0.004649387990594129
3,pressurization,2522.0,100.00029895077012,7.710115827619611,0.07710092778237873,1.223356561864081,1.0,5.0620504338052326e-08,1.0000000025310252,-0.004467091753288235
3,pressurization,2524.0,100.0002872292116,9.698704910491887,0.09698677053058254,1.2145986945138194,1.0,4.1444621388799465e-08,1.000000002072231,-0.004291941563471707
3,pressurization,2526.0,99.99977364684796,9.277365071393985,0.09277386071049785,1.216721581472485,1.0,0.009854877885409608,1.0004927438942706,0.0033523731211697935
3,pressurization,2528.0,99.99987415459249,8.188298206677699,0.08188308511287913,1.2218735164411896,1.0,0.008068492379042126,1.0004034246189522,0.0018559537268290687
3,pressurization,2530.0,99.99995411136203,7.665408154126606,0.07665411671679617,1.2243491846861354,1.0,0.006605921931183761,1.0003302960965592,0.0006656354126006238
3,pressurization,2532.0,100.00001733367954,7.592902272916735,0.07592900956787615,1.2247020054199873,1.0,0.005408471506407751,1.0002704235753204,-0.0002754323334016985
3,pressurization,2534.0,100.00006694288794,7.895803878168517,0.07895798592492916,1.2233824313105726,1.0,0.004428082563663122,1.0002214041281832,-0.0010137442265542131
3,pressurization,2536.0,100.00010549115316,8.495537801046758,0.08495528839015416,1.2207567027876813,1.0,0.0036254065623325693,1.0001812703281165,-0.0015873169371342247
3,pressurization,2538.0,100.00013506452581,9.319204721359998,0.09319192134437332,1.21712217034604,1.0,0.002968230623102454,1.0001484115311552,-0.002027223520900888
3,pressurization,2540.0,99.9999023136265,10.083473483521697,0.10083483333710887,1.2137269249081826,1.0,0.007647129126047818,1.0003823564563024,0.0016902222201536483
3,pressurization,2542.0,99.99992652409335,9.37935541334611,0.09379362304917599,1.217056952606341,1.0,0.006946110371412068,1.0003473055185705,0.001076827037574593
3,pressurization,2544.0,99.99999399134211,9.145138084553986,0.09145138634054079,1.2181669011487937,1.0,0.005686993245977498,1.0002843496622988,7.251670888657541e-05
3,pressurization,2546.0,100.00004710547233,9.298313185151832,0.09298308805139549,1.2174893357496495,1.0,0.004656117818375146,1.0002328058909187,-0.0007180148166603769
3,pressurization,2548.0,100.00008855177754,9.766227200081826,0.09766218551921697,1.2154105074286867,1.0,0.0038121077673822132,1.0001906053883691,-0.0013347660900156109
3,pressurization,2550.0,99.99991828808777,9.865453487482213,0.09865461548739494,1.2150234761847838,1.0,0.007051338632990317,1.0003525669316495,0.0011995746100367714
3,pressurization,2552.0,99.99998705650752,9.58351108957557,0.09583512330016766,1.2163588809240018,1.0,0.005773149594266281,1.0002886574797134,0.00017587906504766207
3,pressurization,2554.0,100.00004124385806,9.693647136705298,0.09693643138672882,1.2158715568643503,1.0,0.004726655109435232,1.0002363327554717,-0.0006306401519275273
3,pressurization,2556.0,99.99999100384163,10.06241671769703,0.10062417622928055,1.214226989049298,1.0,0.005885480226912801,1.0002942740113456,0.0003061347960060245
3,pressurization,2558.0,99.99998191615452,9.769299911661115,0.09769301678326534,1.215612891269399,1.0,0.005852188407228425,1.0002926094203615,0.00025244913225019145
3,pressurization,2560.0,100.00003703257845,9.848589672165584,0.09848586024980241,1.215264281218546,1.0,0.004791367765418326,1.0002395683882712,-0.0005680187673446243
3,pressurization,2562.0,99.99995024315783,9.957534610549065,0.09957539565106309,1.2148014707782167,1.0,0.006435874424668445,1.0003217937212334,0.0007239526356770537
3,pressurization,2564.0,100.00001203849831,9.854505432422068,0.09854504246087738,1.2152931386603727,1.0,0.005269247905934087,1.0002634623952966,-0.00019584940657886663
3,pressurization,2566.0,99.99997087036508,10.03182011627286,0.1003182303850629,1.2145037634814306,1.0,0.006158150722680558,1.000307907536134,0.0005132822940622212
3,pressurization,2568.0,100.00000720272185,9.89908689875425,0.0989908618575061,1.2151335945886652,1.0,0.0053572549653733825,1.0002678627482686,-0.0001240130187820644
3,pressurization,2570.0,99.99996133782432,10.009286132352678,0.10009290002161964,1.2146477590421707,1.0,0.006256369890205701,1.0003128184945103,0.0005870133335170331
3,pressurization,2572.0,100.00001777619438,9.948085295468704,0.0994808352707804,1.2149442981774665,1.0,0.005150734472889883,1.0002575367236446,-0.00028131307469522
3,pressurization,2574.0,99.99998366788147,9.958781493803297,0.09958783120283561,1.2149154200134928,1.0,0.0058009459367395,1.000290047296837,0.00022642943038695234
3,pressurization,2576.0,100.00000627613933,10.028630532554061,0.10028629903143275,1.2146072410603221,1.0,0.005472662605331192,1.0002736331302666,-2.3467989048112972e-05
3,pressurization,2578.0,100.0000162094112,9.978963240896732,0.09978961623365809,1.2148469935768682,1.0,0.005178555324642892,1.0002589277662322,-0.00025766671831590755
3,pressurization,2580.0,99.99999926654407,9.97069468131533,0.09970694754445984,1.2148984139115448,1.0,0.005502844657804908,1.0002751422328902,-5.749445143067488e-06
3,adsorption,2580.0,99.99999926654407,9.97069468131533,0.09970694754445984,1.2148984139115448,1.0,0.005502844657804908,1.0002751422328902,-5.749445143067488e-06
3,adsorption,2582.0,100.0464847965725,8.569420153949975,0.08565438527275027,1.3029657548849671,1.0,0.0748182008525313,1.0037409100426267,0.05229888156727507
3,adsorption,2584.0,100.04731830299266,9.794069886301973,0.097894376905143,1.394714906976648,1.0,0.06125596193698887,1.0030627980968494,0.03988535217131837
3,adsorption,2586.0,100.04730680087633,10.086511811214173,0.10081742461383103,1.4755369914497036,1.0,0.06387526945892844,1.0031937634729464,0.040311970348970105
3,adsorption,2588.0,100.04726034365996,10.081205443259714,0.1007644328153616,1.5573867420303857,1.0,0.06683193412053956,1.003341596706027,0.04098117377341315
3,adsorption,2590.0,100.04726294536843,10.07854876410785,0.10073787595380114,1.6392641479855516,1.0,0.06886323836137372,1.0034431619180688,0.04092804296216047
3,adsorption,2592.0,100.04726495967965,10.081293154824124,0.10076530486752451,1.7210827732776464,1.0,0.07092521958307423,1.0035462609791537,0.040900015809244974
3,adsorption,2594.0,100.04726591568077,10.083397787448412,0.10078634028786594,1.8028703003771458,1.0,0.07300412216923467,1.0036502061084618,0.04088580928446014
3,adsorption,2596.0,100.04726699768901,10.0854522675228,0.10080687429228591,1.8846257255062087,1.0,0.07507960512142545,1.0037539802560715,0.04086957748458769
3,adsorption,2598.0,100.04726808803105,10.08752376597733,0.10082757839125975,1.9663485705452861,1.0,0.07715416293137448,1.0038577081465687,0.04085327567556637
3,adsorption,2600.0,100.0472691726344,10.089594328447989,0.10084827314015045,2.0480389105398054,1.0,0.07922799640946472,1.0039613998204733,0.04083705898858639
3,adsorption,2602.0,100.04727025938521,10.091663988236629,0.10086895886387218,2.129696768484521,1.0,0.0813009557566603,1.004065047787833,0.04082081012050462
3,adsorption,2604.0,100.04727134483252,10.093731518132715,0.10088962329959696,2.211322156187174,1.0,0.08337310237272726,1.0041686551186364,0.040804576726983795
3,adsorption,2606.0,100.04727243025091,10.095799065466297,0.10091028790919511,2.292915076814484,1.0,0.08544442035307034,1.0042722210176538,0.040788346339105205
3,adsorption,2608.0,100.047273514954,10.0978652797112,0.10093093919447868,2.3744755474216346,1.0,0.08751491798390391,1.004375745899195,0.040772125079012365
3,adsorption,2610.0,100.04727459957864,10.099930858707369,0.10095158412990796,2.456003577867591,1.0,0.08958458607625333,1.0044792293038127,0.04075590558212579
3,adsorption,2612.0,100.04727568363451,10.101995626745175,0.1009722209597121,2.5374991796105104,1.0,0.0916534335984509,1.0045826716799224,0.04073969461458151
3,adsorption,2614.0,100.04727676732745,10.10405950720039,0.10099284891780365,2.6189623640908684,1.0,0.09372145661503735,1.0046860728307518,0.04072348887791177
3,adsorption,2616.0,100.04727785067571,10.106122589026683,0.10101346889328111,2.7003931421991214,1.0,0.09578865540079542,1.0047894327700397,0.04070728836863802
3,adsorption,2618.0,100.04727893362771,10.108184853448206,0.10103408069852723,2.7817915253631336,1.0,0.09785503116093683,1.0048927515580468,0.040691093798268074
3,adsorption,2620.0,100.0472800161955,10.110246290270755,0.10105468423163654,2.8631575250806645,1.0,0.099920583919109,1.0049960291959554,0.04067490495529174
3,adsorption,2622.0,100.04728109838496,10.112306906923957,0.1010752795668647,2.9444911527503375,1.0,0.10198531388174888,1.0050992656940874,0.04065872177275738
3,adsorption,2624.0,100.04728218019216,10.114366703368825,0.10109586670382653,3.0257924197840502,1.0,0.10404922141607545,1.0052024610708037,0.04064254430885786
3,adsorption,2626.0,100.04728326161741,10.116425678576668,0.10111644563224016,3.1070613369182425,1.0,0.10611230678725905,1.005305615339363,0.04062637255569722
3,adsorption,2628.0,100.04728434266164,10.118483833457935,0.10113701636120535,3.188297916669538,1.0,0.10817457029985557,1.0054087285149929,0.0406102065004966
3,adsorption,2630.0,100.04728542332444,10.120541168297432,0.10115757889356974,3.2695021688710257,1.0,0.11023601221299834,1.0055118006106498,0.040594046148718206
3,adsorption,2632.0,100.04728650360605,10.12259768322033,0.1011781332305847,3.3506741055282987,1.0,0.1122966328330226,1.005614831641651,0.04057789149919167
3,adsorption,2634.0,100.04728758350653,10.124653378598868,0.10119867937597125,3.4318137385181413,1.0,0.11435643245919712,1.0057178216229599,0.040561742547810926
3,adsorption,2636.0,100.04728866302597,10.126708254769964,0.10121921733309747,3.512921079377586,1.0,0.1164154113870273,1.0058207705693514,0.04054559929432959
3,adsorption,2638.0,100.04728974216447,10.128762311961806,0.1012397471042445,3.5939961394723783,1.0,0.11847356990647351,1.0059236784953236,0.04052946173760176
3,adsorption,2640.0,100.04729082092219,10.130815550480687,0.10126026869247418,3.675038930151082,1.0,0.12053090830574684,1.0060265454152872,0.0405133298754609
3,adsorption,2642.0,100.04729189929917,10.13286797063236,0.10128078210084306,3.756049462789134,1.0,0.12258742687510171,1.0061293713437551,0.040497203706796665
3,adsorption,2644.0,100.04729297729546,10.13491957268871,0.10130128733206913,3.837027748776339,1.0,0.12464312590487421,1.0062321562952437,0.04048108323027511
3,adsorption,2646.0,100.04729405491126,10.136970356943579,0.10132178438908972,3.9179737995005937,1.0,0.1266980056849238,1.006334900284246,0.04046496844422869
3,adsorption,2648.0,100.04729513214666,10.139020323691948,0.10134227327485373,3.9988876263432216,1.0,0.128752066505338,1.0064376033252669,0.0404488593472992
3,adsorption,2650.0,100.04729620900166,10.141069473218089,0.1013627539922029,4.079769240680616,1.0,0.13080530865601828,1.0065402654328008,0.04043275593808195
3,adsorption,2652.0,100.04729728547646,10.143117805812338,0.10138322654403958,4.16061865388608,1.0,0.13285773242665253,1.0066428866213326,0.04041665821506738
3,adsorption,2654.0,100.04729836157112,10.145165321765678,0.1014036909332727,4.2414358773304155,1.0,0.13490933810697203,1.0067454669053486,0.04040056617682988
3,adsorption,2656.0,100.04729943728566,10.147212021365938,0.1014241471627796,4.322220922381782,1.0,0.13696012598663007,1.0068480062993315,0.04038447982193582
3,adsorption,2658.0,100.04730051262034,10.149257904902543,0.10144459523545343,4.402973800405472,1.0,0.13901009635517006,1.0069505048177585,0.04036839914892322
3,adsorption,2660.0,100.04730158757508,10.151302972665002,0.10146503515418849,4.483694522763829,1.0,0.14105924950208332,1.0070529624751041,0.0403523241563484
3,adsorption,2662.0,100.04730266215007,10.15334722494209,0.10148546692187141,4.5643831008162845,1.0,0.1431075857167896,1.0071553792858394,0.04033625484277022
3,adsorption,2664.0,100.04730373634547,10.155390662022727,0.10150589054139042,4.64503954591937,1.0,0.14515510528862133,1.0072577552644313,0.04032019120673723
3,adsorption,2666.0,100.04730481016124,10.157433284195951,0.1015263060156351,4.725663869426728,1.0,0.1472018085068424,1.0073600904253421,0.0403041332468025
3,adsorption,2668.0,100.04730588359763,10.159475091750538,0.10154671334749203,4.806256082689111,1.0,0.1492476956606464,1.0074623847830324,0.04028808096152199
3,adsorption,2670.0,100.0473069566545,10.161516084975148,0.10156711253984703,4.886816197054378,1.0,0.1512927670391455,1.0075646383519572,0.04027203434944593
3,adsorption,2672.0,100.04730802933214,10.163556264158563,0.10158750359558685,4.967344223867492,1.0,0.153337022931382,1.0076668511465692,0.04025599340912811
3,adsorption,2674.0,100.04730910163063,10.16559562958931,0.10160788651759578,5.047840174470523,1.0,0.15538046362632257,1.0077690231813161,0.04023995813912113
3,adsorption,2676.0,100.04731017355009,10.167634181555997,0.10162826130875886,5.128304060202649,1.0,0.15742308941286437,1.0078711544706431,0.04022392853798123
3,adsorption,2678.0,100.04731124509043,10.169671920346893,0.10164862797195806,5.20873589240015,1.0,0.15946490057981957,1.0079732450289909,0.04020790460425625
3,adsorption,2680.0,100.04731231625196,10.171708846250569,0.10166898651007786,5.289135682396412,1.0,0.1615058974159334,1.0080752948707967,0.0401918863364998
3,adsorption,2682.0,100.04731338703469,10.173744959555243,0.10168933692599962,5.3695034415219265,1.0,0.16354608020988004,1.008177304010494,0.04017587373326791
3,adsorption,2684.0,100.04731445743876,10.175780260549082,0.10170967922260395,5.449839181104292,1.0,0.165585449250252,1.0082792724625127,0.04015986679311072
3,adsorption,2686.0,100.04731552746414,10.177814749520303,0.10173001340277217,5.530142912468212,1.0,0.16762400482556894,1.0083812002412784,0.040143865514579546
3,adsorption,2688.0,100.04731659711108,10.179848426756996,0.10175033946938408,5.6104146469354905,1.0,0.1696617472242802,1.008483087361214,0.04012786989622875
3,adsorption,2690.0,100.04731766637958,10.181881292547128,0.10177065742531846,5.690654395825044,1.0,0.1716986767347606,1.008584933836738,0.040111879936612395
3,adsorption,2692.0,100.04731873526985,10.183913347178608,0.10179096727345331,5.770862170452891,1.0,0.1737347936453061,1.0086867396822654,0.04009589563428094
3,adsorption,2694.0,100.04731980378183,10.185944590939304,0.10181126901666655,5.8510379821321505,1.0,0.1757700982441379,1.008788504912207,0.04007991698778455
3,adsorption,2696.0,100.04732087191572,10.187975024117046,0.10183156265783537,5.931181842173049,1.0,0.17780459081940903,1.0088902295409705,0.04006394399567805
3,adsorption,2698.0,100.0473219396716,10.190004646999466,0.10185184819983512,6.011293761882919,1.0,0.17983827165919597,1.00899191358296,0.04004797665651448
3,adsorption,2700.0,100.04732300704954,10.19203345987421,0.10187212564554132,6.091373752566195,1.0,0.18187114105149751,1.009093557052575,0.04003201496884415
3,adsorption,2702.0,100.04732407404961,10.19406146302885,0.10189239499782879,6.171421825524417,1.0,0.18390319928423993,1.009195159964212,0.040016058931218804
3,adsorption,2704.0,100.04732514067206,10.196088656750883,0.10191265625957137,6.251437992056228,1.0,0.1859344466452775,1.009296722332264,0.040000108542191895
3,adsorption,2706.0,100.04732620691684,10.198115041327691,0.10193290943364203,6.3314222634573785,1.0,0.1879648834223896,1.0093982441711196,0.03998416380031632
3,adsorption,2708.0,100.04732727278403,10.200140617046573,0.10195315452291275,6.4113746510207195,1.0,0.18999450990327724,1.0094997254951639,0.03996822470414186
3,adsorption,2710.0,100.04732833827386,10.20216538419483,0.10197339153025556,6.491295166036205,1.0,0.19202332637556802,1.0096011663187785,0.03995229125221895
3,adsorption,2712.0,100.04732940338629,10.204189343059697,0.10199362045854186,6.571183819790893,1.0,0.1940513331268223,1.009702566656341,0.039936363443103515
3,adsorption,2714.0,100.04733046812144,10.206212493928149,0.1020138413106405,6.651040623568949,1.0,0.19607853044451834,1.0098039265222258,0.039920441275345324
3,adsorption,2716.0,100.04733153247957,10.208234837087337,0.10203405408942182,6.730865588651639,1.0,0.19810491861606255,1.009905245930803,0.039904524747496006
3,adsorption,2718.0,100.04733259646052,10.210256372824135,0.10205425879775384,6.810658726317331,1.0,0.2001304979287839,1.0100065248964392,0.03988861385810482
3,adsorption,2720.0,100.04733366006464,10.212277101425558,0.10207445543850548,6.890420047841496,1.0,0.20215526866994593,1.0101077634334976,0.0398727086057279
3,adsorption,2722.0,100.04733472329175,10.214297023178254,0.10209464401454255,6.970149564496712,1.0,0.20417923112673017,1.0102089615563365,0.03985680898891532
3,adsorption,2724.0,100.04733578614226,10.216316138369065,0.10211482452873219,7.049847287552659,1.0,0.20620238558624376,1.0103101192793122,0.039840915006216976
3,adsorption,2726.0,100.04733684861601,10.218334447284644,0.10213499698394019,7.129513228276116,1.0,0.20822473233552283,1.0104112366167761,0.039825026656185473
3,adsorption,2728.0,100.04733791071325,10.220351950211573,0.10215516138303123,7.209147397930973,1.0,0.21024627166152896,1.0105123135830765,0.03980914393737314
3,adsorption,2730.0,100.04733897243393,10.222368647436301,0.10217531772886906,7.288749807778214,1.0,0.21226700385114472,1.0106133501925572,0.03979326684832861
3,adsorption,2732.0,100.04734003377831,10.224384539245372,0.10219546602431792,7.368320469075926,1.0,0.21428692919118322,1.0107143464595592,0.03977739538760437
3,adsorption,2734.0,100.04734109474643,10.226399625925124,0.10221560627224024,7.447859393079307,1.0,0.21630604796838504,1.0108153023984192,0.03976152955375419
3,adsorption,2736.0,100.04734215533837,10.22841390776179,0.10223573847549751,7.527366591040652,1.0,0.2183243604694115,1.0109162180234705,0.03974566934532795
3,adsorption,2738.0,100.0473432155542,10.23042738504162,0.10225586263695118,7.606842074209359,1.0,0.2203418669808483,1.0110170933490423,0.039729814760874504
3,adsorption,2740.0,100.04734427539404,10.232440058050779,0.10227597875946198,7.686285853831925,1.0,0.22235856778921026,1.0111179283894605,0.039713965798945525
3,adsorption,2742.0,100.04734533485804,10.234451927075353,0.1022960868458897,7.765697941151953,1.0,0.22437446318094154,1.011218723159047,0.039698122458095356
3,adsorption,2744.0,100.04734639394621,10.23646299240121,0.10231618689909211,7.845078347410148,1.0,0.22638955344240183,1.0113194776721204,0.039682284736870486
3,adsorption,2746.0,100.04734745265864,10.238473254314416,0.102336278921929,7.9244270838443125,1.0,0.22840383885988289,1.0114201919429942,0.03966645263382241
3,adsorption,2748.0,100.04734851099553,10.240482713100784,0.10235636291725733,8.003744161689353,1.0,0.2304173197196058,1.0115208659859802,0.039650626147505495
3,adsorption,2750.0,100.0473495689569,10.242491369046029,0.10237643888793344,8.083029592177281,1.0,0.23242999630771286,1.0116214998153856,0.03963480527647039
3,adsorption,2752.0,100.04735062654291,10.244499222435847,0.1023965068368132,8.162283386537212,1.0,0.23444186891026725,1.0117220934455133,0.039618990019264236
3,adsorption,2754.0,100.04735168375358,10.246506273555982,0.10241656676675316,8.241505555995355,1.0,0.23645293781326768,1.0118226468906635,0.039603180374441715
3,adsorption,2756.0,100.04735274058899,10.248512522691756,0.1024366186806056,8.320696111775021,1.0,0.23846320330262785,1.0119231601651313,0.03958737634054928
3,adsorption,2758.0,100.04735379704938,10.250517970128923,0.10245666258122692,8.399855065096634,1.0,0.24047266566419773,1.01202363328321,0.03957157791614156
3,adsorption,2760.0,100.04735485313473,10.252522616152605,0.10247669847146758,8.478982427177701,1.0,0.24248132518374374,1.0121240662591873,0.039555785099766094
3,adsorption,2762.0,100.04735590884515,10.254526461048378,0.10249672635418225,8.558078209232848,1.0,0.24448918214696747,1.0122244591073484,0.039539997889977675
3,adsorption,2764.0,100.04735696418072,10.25652950510125,0.10251674623222008,8.637142422473792,1.0,0.2464962368394854,1.0123248118419743,0.03952421628532278
3,adsorption,2766.0,100.04735801914163,10.258531748596571,0.10253675810843355,8.716175078109352,1.0,0.2485024895468438,1.0124251244773423,0.03950844028435115
3,adsorption,2768.0,100.0473590737278,10.2605331918194,0.10255676198567236,8.795176187345447,1.0,0.2505079405545186,1.012525397027726,0.03949266988561554
3,adsorption,2770.0,100.04736012793953,10.26253383505473,0.10257675786678537,8.8741457613851,1.0,0.2525125901479085,1.0126256295073954,0.03947690508766666
3,adsorption,2772.0,100.04736118177681,10.264533678587565,0.1025967457546217,8.953083811428431,1.0,0.25451643861233963,1.012725821930617,0.03946114588905628
3,adsorption,2774.0,100.04736223523975,10.26653272270271,0.10261672565202846,9.031990348672673,1.0,0.2565194862330596,1.012825974311653,0.039445392288333006
3,adsorption,2776.0,100.04736328832848,10.26853096768503,0.10263669756185323,9.110865384312147,1.0,0.2585217332952425,1.012926086664762,0.039429644284046196
3,adsorption,2778.0,100.047364341043,10.27052841381919,0.10265666148694187,9.189708929538273,1.0,0.2605231800839863,1.0130261590041993,0.03941390187474385
3,adsorption,2780.0,100.04736539338349,10.272525061389961,0.10267661743014093,9.268520995539573,1.0,0.26252382688432235,1.0131261913442164,0.03939816505897996
3,adsorption,2782.0,100.0473664453501,10.274520910681856,0.10269656539429464,9.347301593501681,1.0,0.26452367398120746,1.0132261836990604,0.039382433835308206
3,adsorption,2784.0,100.04736749694278,10.276515961979252,0.10271650538224586,9.426050734607319,1.0,0.2665227216595093,1.0133261360829755,0.03936670820227086
3,adsorption,2786.0,100.04736854816173,10.278510215566822,0.10273643739684027,9.504768430036314,1.0,0.2685209702040343,1.0134260485102018,0.0393509881584205
3,adsorption,2788.0,100.04736959900707,10.280503671728797,0.10275636144091914,9.58345469096559,1.0,0.27051841989951586,1.0135259209949758,0.03933527370231059
3,adsorption,2790.0,100.04737064947878,10.282496330749389,0.10277627751732382,9.662109528569173,1.0,0.27251507103060396,1.0136257535515305,0.03931956483248763
3,adsorption,2792.0,100.04737169957698,10.284488192912951,0.10279618562889681,9.740732954018192,1.0,0.2745109238818801,1.013725546194094,0.03930386154750265
3,adsorption,2794.0,100.04737274930189,10.28647925850355,0.10281608577847763,9.81932497848087,1.0,0.2765059787378517,1.0138252989368925,0.03928816384590692
3,adsorption,2796.0,100.04737379865357,10.288469527805196,0.10283597796890556,9.897885613122535,1.0,0.27850023588294714,1.0139250117941474,0.03927247172624807
3,adsorption,2798.0,100.04737484763204,10.290459001101985,0.10285586220302054,9.976414869105612,1.0,0.28049369560152565,1.0140246847800762,0.03925678518707776
3,adsorption,2800.0,100.04737589623737,10.29244767867767,0.10287573848365926,10.054912757589626,1.0,0.2824863581778648,1.0141243179088932,0.03924110422694209
3,adsorption,2802.0,100.04737694446982,10.294435560816295,0.10289560681366099,10.133379289731199,1.0,0.28447822389617805,1.0142239111948088,0.03922542884439493
3,adsorption,2804.0,100.04737799232927,10.29642264780143,0.10291546719586059,10.211814476684056,1.0,0.28646929304059765,1.0143234646520298,0.03920975903798508
3,adsorption,2806.0,100.04737903981605,10.298408939916882,0.10293531963309509,10.290218329599023,1.0,0.2884595658951837,1.0144229782947591,0.03919409480626287
3,adsorption,2808.0,100.04738008693013,10.300394437446199,0.102955164128199,10.368590859624023,1.0,0.29044904274391925,1.014522452137196,0.03917843614777659
3,adsorption,2810.0,100.04738113367156,10.302379140672944,0.10297500068400707,10.446932077904078,1.0,0.29243772387071437,1.0146218861935357,0.03916278306107567
3,adsorption,2812.0,100.04738218004049,10.304363049880592,0.102994829303353,10.525241995581307,1.0,0.2944256095594061,1.0147212804779704,0.03914713554471061
3,adsorption,2814.0,100.04738322603706,10.306346165352515,0.10301464998906952,10.603520623794935,1.0,0.2964127000937569,1.0148206350046878,0.039131493597231726
3,adsorption,2816.0,100.04738427166131,10.308328487371973,0.10303446274398834,10.681767973681279,1.0,0.29839899575744777,1.0149199497878725,0.03911585721718371
3,adsorption,2818.0,100.04738531691336,10.310310016222395,0.1030542675709427,10.759984056373755,1.0,0.3003844968340998,1.015019224841705,0.03910022640312275
3,adsorption,2820.0,100.04738636179334,10.312290752186716,0.10307406447276099,10.838168883002885,1.0,0.302369203607249,1.0151184601803624,0.039084601153596576
3,adsorption,2822.0,100.04738740630127,10.314270695548101,0.10309385345227395,10.916322464696282,1.0,0.30435311636035256,1.0152176558180177,0.03906898146714939
3,adsorption,2824.0,100.04738845043734,10.316249846589734,0.10311363451231234,10.994444812578665,1.0,0.30633623537680854,1.0153168117688405,0.03905336734233738
3,adsorption,2826.0,100.04738949420155,10.318228205594309,0.10313340765570224,11.072535937771848,1.0,0.30831856093993,1.0154159280469968,0.03903775877770845
3,adsorption,2828.0,100.04739053759407,10.32020577284478,0.10315317288527213,11.15059585139474,1.0,0.3103000933329506,1.0155150046666475,0.0390221557718067
3,adsorption,2830.0,100.04739158061487,10.32218254862406,0.10317293020385028,11.22862456456335,1.0,0.31228083283904157,1.0156140416419521,0.03900655832318542
3,adsorption,2832.0,100.04739262326423,10.324158533214735,0.1031926796142615,11.306622088390796,1.0,0.31426077974129774,1.015713038987065,0.03899096643039638
3,adsorption,2834.0,100.04739366554213,10.32613372689944,0.10321242111933118,11.384588433987279,1.0,0.3162399343227309,1.0158119967161365,0.03897538009198454
3,adsorption,2836.0,100.04739470744865,10.328108129960833,0.10323215472188496,11.46252361246011,1.0,0.3182182968662838,1.015910914843314,0.0389597993064992
3,adsorption,2838.0,100.04739574898404,10.330081742681438,0.10325188042474695,11.54042763491369,1.0,0.3201958676548314,1.0160097933827417,0.0389442240724947
3,adsorption,2840.0,100.04739679014831,10.332054565343505,0.10327159823073884,11.61830051244953,1.0,0.3221726469711628,1.0161086323485582,0.038928654388516455
3,adsorption,2842.0,100.04739783094148,10.334026598229537,0.10329130814268464,11.696142256166228,1.0,0.3241486350979956,1.0162074317548997,0.038913090253112
3,adsorption,2844.0,100.04739887136374,10.33599784162174,0.10331101016340545,11.773952877159482,1.0,0.32612383231797504,1.0163061916158989,0.03889753166483092
3,adsorption,2846.0,100.04739991141514,10.337968295802385,0.10333070429572305,11.851732386522096,1.0,0.3280982389136776,1.016404911945684,0.038881978622226684
3,adsorption,2848.0,100.04740095109578,10.339937961053463,0.10335039054245629,11.929480795343965,1.0,0.3300718551675954,1.0165035927583799,0.03886643112384518
3,adsorption,2850.0,100.0474019904057,10.341906837657076,0.10337006890642536,12.007198114712079,1.0,0.33204468136214443,1.0166022340681071,0.03885088916823111
3,adsorption,2852.0,100.04740302934519,10.343874925895333,0.10338973939045017,12.084884355710528,1.0,0.33401671777967895,1.016700835888984,0.03883535275393905
3,adsorption,2854.0,100.04740406791414,10.345842226049992,0.10340940199734747,12.162539529420508,1.0,0.335987964702475,1.0167993982351238,0.03881982187952036
3,adsorption,2856.0,100.04740510611278,10.34780873840279,0.10342905672993362,12.240163646920308,1.0,0.3379584224127198,1.0168979211206362,0.03880429654351532
3,adsorption,2858.0,100.04740614394109,10.349774463235747,0.10344870359102791,12.317756719285304,1.0,0.33992809119254214,1.0169964045596271,0.03878877674447679
3,adsorption,2860.0,100.04740718139932,10.35173940083039,0.10346834258344448,12.39531875758799,1.0,0.3418969713239994,1.0170948485662,0.038773262480959775
3,adsorption,2862.0,100.04740821848743,10.353703551468179,0.10348797370999714,12.472849772897941,1.0,0.3438650630890551,1.0171932531544527,0.03875775375150422
3,adsorption,2864.0,100.04740925520562,10.355666915430938,0.10350759697350302,12.550349776281838,1.0,0.3458323667696141,1.017291618338481,0.03874225055466228
3,adsorption,2866.0,100.04741029155386,10.357629492999909,0.10352721237677369,12.627818778803459,1.0,0.34779888264750364,1.0173899441323753,0.03872675288898374
3,adsorption,2868.0,100.04741132753232,10.359591284456533,0.10354681992262252,12.705256791523672,1.0,0.34976461100447465,1.017488230550224,0.03871126075301683
3,adsorption,2870.0,100.04741236314119,10.36155229008215,0.10356641961386186,12.782663825500457,1.0,0.35172955212220586,1.0175864776061103,0.03869577414531143
3,adsorption,2872.0,100.04741339838039,10.363512510157909,0.10358601145330239,12.860039891788878,1.0,0.3536937062822971,1.0176846853141148,0.0386802930644142
3,adsorption,2874.0,100.04741443325018,10.365471944964998,0.10360559544375483,12.937385001441106,1.0,0.3556570737662738,1.017782853688314,0.03866481750887153
3,adsorption,2876.0,100.04741546775054,10.367430594784631,0.10362517158803056,13.014699165506396,1.0,0.35761965485559816,1.01788098274278,0.03864934747723867
3,adsorption,2878.0,100.04741650188151,10.369388459897515,0.10364473988893562,13.091982395031119,1.0,0.3595814498316417,1.017979072491582,0.0386338829680582
3,adsorption,2880.0,100.04741753564339,10.371345540584887,0.10366430034928129,13.169234701058722,1.0,0.36154245897571075,1.0180771229487855,0.038618423979879975
3,adsorption,2882.0,100.04741856903618,10.373301837127517,0.10368385297187431,13.246456094629767,1.0,0.36350268256904283,1.0181751341284522,0.03860297051125807
3,adsorption,2884.0,100.04741960205995,10.375257349806011,0.10370339775951991,13.323646586781908,1.0,0.3654621208927854,1.0182731060446393,0.03858752256073446
3,adsorption,2886.0,100.04742063471477,10.377212078901296,0.1037229347150263,13.400806188549891,1.0,0.36742077422801844,1.0183710387114009,0.03857208012685662
3,adsorption,2888.0,100.04742166700083,10.379166024694053,0.10374246384119926,13.477934910965566,1.0,0.3693786428557618,1.0184689321427882,0.0385566432081829
3,adsorption,2890.0,100.04742269891824,10.381119187464542,0.1037619851408405,13.555032765057883,1.0,0.37133572705694035,1.0185667863528471,0.03854121180325587
3,adsorption,2892.0,100.04742373046692,10.383071567493442,0.1037814986167559,13.632099761852873,1.0,0.3732920271124044,1.0186646013556204,0.038525785910617984
3,adsorption,2894.0,100.04742476164714,10.385023165061275,0.10380100427174953,13.709135912373675,1.0,0.37524754330294713,1.0187623771651473,0.038510365528825294
3,adsorption,2896.0,100.04742579245892,10.386973980448097,0.10382050210862112,13.786141227640524,1.0,0.3772022759092713,1.0188601137954636,0.03849495065642117
3,adsorption,2898.0,100.04742682290238,10.388924013934496,0.1038399921301755,13.863115718670748,1.0,0.3791562252120205,1.018957811260601,0.03847954129196111
3,adsorption,2900.0,100.04742785297765,10.390873265800394,0.10385947433921096,13.940059396478786,1.0,0.38110939149175344,1.0190554695745877,0.038464137433992004
3,adsorption,2902.0,100.04742888268474,10.392821736325947,0.10387894873852811,14.01697227207616,1.0,0.38306177502894734,1.0191530887514473,0.038448739081055776
3,adsorption,2904.0,100.04742991202387,10.39476942579136,0.10389841533092793,14.093854356471489,1.0,0.3850133761040179,1.019250668805201,0.038433346231704246
3,adsorption,2906.0,100.047430940995,10.396716334476398,0.10391787411920722,14.170705660670487,1.0,0.38696419499730184,1.0193482097498652,0.03841795888448575
3,adsorption,2908.0,100.04743196959829,10.398662462661141,0.10393732510616578,14.247526195675983,1.0,0.38891423198906755,1.0194457115994533,0.03840257703795306
3,adsorption,2910.0,100.04743299783391,10.400607810625145,0.10395676829459807,14.324315972487875,1.0,0.39086348735949306,1.0195431743679746,0.03838720069064709
3,adsorption,2912.0,100.04743402570179,10.402552378648446,0.10397620368730369,14.401075002103179,1.0,0.39281196138869645,1.0196405980694347,0.03837182984111972
3,adsorption,2914.0,100.0474350532022,10.404496167010553,0.10399563128707655,14.477803295515999,1.0,0.39475965435672067,1.0197379827178361,0.03835646448792216
3,adsorption,2916.0,100.04743608033517,10.406439175991036,0.10401505109671147,14.554500863717541,1.0,0.3967065665435273,1.0198353283271764,0.038341104629600525
3,adsorption,2918.0,100.0474371071007,10.408381405869413,0.1040344631190027,14.6311677176961,1.0,0.3986526982289992,1.01993263491145,0.03832575026469742
3,adsorption,2920.0,100.04743813349904,10.4103228569253,0.10405386735674539,14.707803868437074,1.0,0.4005980496929615,1.020029902484648,0.03831040139176855
3,adsorption,2922.0,100.04743915953024,10.412263529437867,0.1040732638127302,14.784409326922951,1.0,0.40254262121515644,1.0201271310607578,0.038295058009363045
3,adsorption,2924.0,100.04744018519439,10.414203423686384,0.10409265248974896,14.86098410413332,1.0,0.4044864130752395,1.020224320653762,0.03827972011602043
3,adsorption,2926.0,100.04744121049156,10.41614253995039,0.10411203339059605,14.937528211044874,1.0,0.40642942555281664,1.020321471277641,0.03826438771029952
3,adsorption,2928.0,100.0474422354218,10.418080878508539,0.10413140651805705,15.014041658631383,1.0,0.4083716589273943,1.0204185829463697,0.038249060790739906
3,adsorption,2930.0,100.04744325998529,10.420018439640229,0.10415077187492498,15.090524457863724,1.0,0.4103131134784096,1.0205156556739206,0.038233739355885026
3,adsorption,2932.0,100.04744428418218,10.421955223624694,0.1041701294639911,15.16697661970987,1.0,0.41225378948525837,1.0206126894742629,0.038218423404304154
3,adsorption,2934.0,100.04744530801244,10.42389123074007,0.10418947928803594,15.2433981551349,1.0,0.4141936872272102,1.0207096843613606,0.03820311293452603
3,adsorption,2936.0,100.04744633147624,10.42582646126598,0.10420882134985467,15.319789075100966,1.0,0.4161328069834869,1.0208066403491745,0.03818780794510052
3,adsorption,2938.0,100.04744735457363,10.427760915480995,0.10422815565223206,15.396149390567338,1.0,0.4180711490332506,1.0209035574516625,0.038172508434588776
3,adsorption,2940.0,100.04744837730482,10.4296945936635,0.10424748219795096,15.472479112490381,1.0,0.4200087136555627,1.0210004356827782,0.038157214401531296
3,adsorption,2942.0,100.04744939966969,10.431627496092352,0.10426680098979908,15.548778251823546,1.0,0.42194550112940765,1.0210972750564704,0.03814192584446707
3,adsorption,2944.0,100.04745042166856,10.433559623046284,0.1042861120305626,15.625046819517378,1.0,0.42388151173372096,1.021194075586686,0.03812664276195485
3,adsorption,2946.0,100.04745144330145,10.435490974803477,0.10430541532302243,15.701284826519528,1.0,0.42581674574735306,1.0212908372873677,0.038111365152544846
3,adsorption,2948.0,100.04745246456845,10.437421551642391,0.10432471086996219,15.777492283774745,1.0,0.42775120344906936,1.0213875601724536,0.03809609301477924
3,adsorption,2950.0,100.04745348546956,10.439351353841362,0.10434399867416444,15.853669202224857,1.0,0.42968488511756137,1.021484244255878,0.03808082634720077
3,adsorption,2952.0,100.04745450600504,10.441280381678892,0.10436327873841295,15.929815592808808,1.0,0.43161779103147013,1.0215808895515734,0.0380655651483706
3,adsorption,2954.0,100.04745552617486,10.443208635432729,0.10438255106548441,16.005931466462627,1.0,0.4335499214693384,1.021677496073467,0.03805030941683142
3,adsorption,2956.0,100.04745654597924,10.445136115381207,0.10440181565816108,16.082016834119443,1.0,0.43548127670963444,1.0217740638354817,0.038035059151126
3,adsorption,2958.0,100.04745756541821,10.447062821802458,0.10442107251922338,16.15807170670948,1.0,0.437411857030765,1.0218705928515384,0.03801981434980715
3,adsorption,2960.0,100.04745858449185,10.44898875497425,0.104440321651448,16.23409609516006,1.0,0.4393416627110602,1.021967083135553,0.038004575011425804
3,adsorption,2962.0,100.04745960320024,10.450913915174445,0.10445956305761257,16.310090010395594,1.0,0.44127069402876273,1.0220635347014382,0.037989341134523125
3,adsorption,2964.0,100.04746062154358,10.452838302681046,0.10447879674049616,16.386053463337596,1.0,0.44319895126205333,1.0221599475631027,0.037974112717649756
3,adsorption,2966.0,100.04746163952179,10.454761917771618,0.10449802270287353,16.46198646490467,1.0,0.44512643468903695,1.0222563217344518,0.037958889759355456
3,adsorption,2968.0,100.0474626571352,10.45668476072387,0.10451724094752063,16.537889026012525,1.0,0.44705314458774237,1.022352657229387,0.03794367225818857
3,adsorption,2970.0,100.0474636743837,10.458606831815363,0.10453645147721222,16.61376115757396,1.0,0.44897908123611974,1.0224489540618062,0.037928460212694214
3,adsorption,2972.0,100.0474646912675,10.460528131323667,0.10455565429472292,16.689602870498877,1.0,0.4509042449120523,1.0225452122456027,0.037913253621423296
3,adsorption,2974.0,100.04746570778667,10.46244865952611,0.10457484940282519,16.765414175694257,1.0,0.45282863589334194,1.022641431794667,0.03789805248292163
3,adsorption,2976.0,100.0474667239413,10.464368416700152,0.10459403680429256,16.841195084064196,1.0,0.454752254457721,1.022737612722886,0.03788285679573848
3,adsorption,2978.0,100.0474677397315,10.466287403122987,0.10461321650189599,16.916945606509877,1.0,0.45667510088284285,1.0228337550441422,0.03786766655841991
3,adsorption,2980.0,100.04746875515733,10.468205619071835,0.10463238849840677,16.992665753929572,1.0,0.45859717544628376,1.0229298587723141,0.03785248176950993
3,adsorption,2982.0,100.04746977021897,10.470123064824051,0.10465155279659738,17.068355537218654,1.0,0.4605184784255658,1.0230259239212784,0.03783730242756826
3,adsorption,2984.0,100.04747078491637,10.472039740656287,0.10467070939923354,17.14401496726961,1.0,0.4624390100981125,1.0231219505049056,0.03782212853113563
3,adsorption,2986.0,100.04747179924979,10.473955646845802,0.10468985830908663,17.219644054971987,1.0,0.4643587707412762,1.0232179385370639,0.03780696007875575
3,adsorption,2988.0,100.04747281321927,10.475870783669635,0.10470899952892623,17.29524281121246,1.0,0.4662777606323545,1.0233138880316177,0.03779179706898732
3,adsorption,2990.0,100.04747382682483,10.477785151404241,0.1047281330615159,17.370811246874798,1.0,0.4681959800485503,1.0234097990024276,0.03777663950037333
3,adsorption,2992.0,100.04747484006666,10.479698750326577,0.10474725890962422,17.446349372839844,1.0,0.47011342926698885,1.0235056714633495,0.037761487371454516
3,adsorption,2994.0,100.04747585294491,10.481611580713588,0.10476637707601956,17.521857199985547,1.0,0.47203010856474775,1.0236015054282375,0.03774634068079235
3,adsorption,2996.0,100.04747686545949,10.483523642841309,0.10478548756346151,17.597334739186966,1.0,0.4739460182187984,1.02369730091094,0.037731199426923476
3,adsorption,2998.0,100.04747787761063,10.485434936986758,0.10480459037471916,17.672782001316225,1.0,0.47586115850605176,1.0237930579253027,0.03771606360839589
3,adsorption,3000.0,100.04747888939845,10.48734546342643,0.10482368551255641,17.74819899724258,1.0,0.47777552970336146,1.0238887764851683,0.03770093322377041
3,adsorption,3002.0,100.0474799008229,10.489255222436197,0.10484277297973121,17.823585737832357,1.0,0.4796891320874749,1.0239844566043736,0.03768580827158334
3,adsorption,3004.0,100.04748091188416,10.491164214292795,0.10486185277900983,17.898942233948983,1.0,0.48160196593506965,1.0240800982967535,0.037670688750374694
3,adsorption,3006.0,100.04748192258242,10.493072439272675,0.10488092491315575,17.974268496452982,1.0,0.48351403152278494,1.0241757015761392,0.03765557465871262
3,adsorption,3008.0,100.04748293291775,10.494979897651392,0.10489998938492356,18.049564536201984,1.0,0.48542532912715086,1.0242712664563576,0.03764046599513806
3,adsorption,3010.0,100.04748394289007,10.496886589705388,0.10491904619707686,18.124830364050702,1.0,0.4873358590246191,1.024366792951231,0.03762536275818887
3,adsorption,3012.0,100.04748495249974,10.498792515710848,0.1049380953523763,18.200065990850955,1.0,0.4892456214915945,1.0244622810745798,0.03761026494642465
3,adsorption,3014.0,100.04748596174657,10.500697675943345,0.10495713685357684,18.275271427451646,1.0,0.4911546168043882,1.0245577308402194,0.03759517255838992
3,adsorption,3016.0,100.04748697063087,10.502602070678893,0.10497617070343758,18.350446684698785,1.0,0.4930628452392344,1.0246531422619618,0.03758008559262717
3,adsorption,3018.0,100.04748797915266,10.504505700193501,0.1049951969047176,18.425591773435464,1.0,0.4949703070723109,1.0247485153536156,0.0375650040476932
3,adsorption,3020.0,100.04748898731208,10.506408564762545,0.10501421546016969,18.500706704501898,1.0,0.49687700257970613,1.0248438501289854,0.03754992792213288
3,adsorption,3022.0,100.04748999510919,10.508310664661826,0.10503322637255091,18.575791488735362,1.0,0.4987829320374324,1.0249391466018716,0.037534857214490056
3,adsorption,3024.0,100.04749100254412,10.510212000167023,0.10505222964461705,18.65084613697026,1.0,0.5006880957214385,1.025034404786072,0.03751979192331685
3,adsorption,3026.0,100.0474920096169,10.512112571553411,0.10507122527911995,18.725870660038066,1.0,0.5025924939075903,1.0251296246953796,0.037504732047159164
3,adsorption,3028.0,100.04749301632769,10.514012379096629,0.10509021327881499,18.800865068767365,1.0,0.5044961268716872,1.0252248063435843,0.03748967758456877
3,adsorption,3030.0,100.0474940226765,10.515911423071787,0.10510919364645231,18.875829373983834,1.0,0.5063989948894401,1.025319949744472,0.03747462853408663
3,adsorption,3032.0,100.04749502866359,10.517809703754413,0.10512816638478617,18.950763586510245,1.0,0.5083010982365004,1.025415054911825,0.03745958489426548
3,adsorption,3034.0,100.04749603428891,10.51970722141958,0.10514713149656638,19.025667717166463,1.0,0.5102024371884423,1.025510121859422,0.03744454666365572
3,adsorption,3036.0,100.04749703955257,10.52160397634226,0.10516608898454172,19.100541776769454,1.0,0.5121030120207503,1.0256051506010375,0.037429513840796166
3,adsorption,3038.0,100.04749804445481,10.523499968797893,0.10518503885146543,19.17538577613328,1.0,0.5140028230088588,1.025700141150443,0.03741448642424429
3,adsorption,3040.0,100.04749904899553,10.52539519906113,0.10520398110008332,19.250199726069095,1.0,0.5159018704281165,1.0257950935214057,0.03739946441254903
3,adsorption,3042.0,100.04750005317494,10.527289667406741,0.10522291573314196,19.324983637385152,1.0,0.5178001545537774,1.025890007727689,0.03738444780424335
3,adsorption,3044.0,100.04750105699313,10.529183374110174,0.10524184275339482,19.3997375208868,1.0,0.5196976756610597,1.025984883783053,0.03736943659789066
3,adsorption,3046.0,100.04750206045019,10.531076319445603,0.10526076216358277,19.474461387376483,1.0,0.521594434025092,1.0260797217012545,0.03735443079204214
3,adsorption,3048.0,100.0475030635462,10.532968503687654,0.10527967396645102,19.54915524765374,1.0,0.5234904299208999,1.0261745214960452,0.037339430385227114
3,adsorption,3050.0,100.04750406628128,10.534859927111528,0.10529857816475065,19.62381911251521,1.0,0.525385663623473,1.026269283181174,0.03732443537600482
3,adsorption,3052.0,100.04750506865544,10.536750589991218,0.10531747476122068,19.698452992754618,1.0,0.5272801354077182,1.0263640067703859,0.03730944576292788
3,adsorption,3054.0,100.04750607066894,10.538640492601266,0.10533636375860539,19.7730568991628,1.0,0.5291738455484505,1.0264586922774226,0.03729446154453542
3,adsorption,3056.0,100.04750707232175,10.540529635216265,0.10535524515964989,19.847630842527675,1.0,0.5310667943204251,1.0265533397160214,0.03727948271937816
3,adsorption,3058.0,100.047508073614,10.542418018110357,0.10537411896709459,19.922174833634262,1.0,0.5329589819983246,1.0266479490999163,0.037264509286008024
3,adsorption,3060.0,100.04750907454581,10.544305641557742,0.10539298518368045,19.99668888326468,1.0,0.5348504088567472,1.0267425204428373,0.03724954124296918
3,adsorption,3062.0,100.04751007511726,10.546192505832728,0.10541184381214966,20.071173002198147,1.0,0.5367410751702238,1.0268370537585112,0.03723457858881169
3,adsorption,3064.0,100.04751107532846,10.548078611209258,0.10543069485524059,20.145627201210974,1.0,0.5386309812132106,1.0269315490606605,0.03721962132208485
3,adsorption,3066.0,100.04751207517948,10.549963957961431,0.10544953831569333,20.220051491076564,1.0,0.5405201272600875,1.0270260063630043,0.037204669441337
3,adsorption,3068.0,100.04751307467039,10.55184854636296,0.1054683741962441,20.294445882565416,1.0,0.5424085135851462,1.0271204256792574,0.037189722945105766
3,adsorption,3070.0,100.04751407380135,10.55373237668807,0.10548720249963402,20.368810386445123,1.0,0.5442961404626256,1.0272148070231313,0.037174781831945565
3,adsorption,3072.0,100.04751507257248,10.555615449210382,0.1055060232285984,20.44314501348038,1.0,0.5461830081666936,1.0273091504083347,0.037159846100413486
3,adsorption,3074.0,100.04751607098385,10.55749776420352,0.10552483638587248,20.517449774432986,1.0,0.5480691169714312,1.0274034558485716,0.03714491574905673
3,adsorption,3076.0,100.04751706903541,10.559379321940957,0.1055436419741902,20.591724680061827,1.0,0.5499544671508225,1.027497723357541,0.03712999077640502
3,adsorption,3078.0,100.04751806672753,10.561260122696817,0.1055624399962915,20.665969741122876,1.0,0.5518390589788157,1.027591952948941,0.03711507118101878
3,adsorption,3080.0,100.04751906406005,10.563140166744123,0.10558123045490596,20.740184968369213,1.0,0.5537228927292772,1.0276861446364638,0.037100156961452024
3,adsorption,3082.0,100.04752006103325,10.565019454356316,0.1056000133527668,20.81437037255101,1.0,0.5556059686759823,1.0277802984337991,0.037085248116245986
3,adsorption,3084.0,100.04752105764717,10.566897985807,0.10561878869260914,20.88852596441556,1.0,0.5574882870926455,1.0278744143546323,0.037070344643952376
3,adsorption,3086.0,100.04752205390183,10.56877576136904,0.10563755647716071,20.962651754707213,1.0,0.5593698482528923,1.0279684924126447,0.03705544654311176
3,adsorption,3088.0,100.04752304979746,10.570652781316067,0.10565631670915682,21.036747754167436,1.0,0.5612506524302923,1.0280625326215147,0.037040553812279255
3,adsorption,3090.0,100.04752404533401,10.572529045920819,0.10567506939132393,21.110813973534793,1.0,0.5631306998983289,1.0281565349949164,0.0370256664500007
3,adsorption,3092.0,100.04752504051172,10.574404555456667,0.10569381452639462,21.18485042354494,1.0,0.5650099909304225,1.0282504995465211,0.03701078445483073
3,adsorption,3094.0,100.04752603533058,10.576279310196178,0.10571255211709377,21.25885711493063,1.0,0.5668885257998969,1.0283444262899948,0.036995907825307
3,adsorption,3096.0,100.04752702979074,10.578153310412615,0.10573128216615293,21.332834058421717,1.0,0.5687663047800187,1.0284383152390009,0.036981036559980196
3,adsorption,3098.0,100.04752802389228,10.58002655637867,0.10575000467629804,21.406781264745145,1.0,0.5706433281439833,1.0285321664071991,0.03696617065740409
3,adsorption,3100.0,100.04752901763531,10.58189904836698,0.1057687196502546,21.48069874462496,1.0,0.5725195961649019,1.028625979808245,0.03695131011612433
3,adsorption,3102.0,100.04753001101997,10.583770786650366,0.10578742709074967,21.554586508782297,1.0,0.5743951091158154,1.0287197554557908,0.03693645493469008
3,adsorption,3104.0,100.04753100404623,10.585641771501235,0.1058061270005066,21.6284445679354,1.0,0.5762698672696814,1.028813493363484,0.03692160511164348
3,adsorption,3106.0,100.04753199671431,10.587512003192435,0.10582481938225263,21.7022729327996,1.0,0.5781438708994051,1.0289071935449703,0.03690676064554396
3,adsorption,3108.0,100.04753298902425,10.589381481996059,0.10584350423870793,21.77607161408733,1.0,0.5800171202777994,1.02900085601389,0.03689192153493692
3,adsorption,3110.0,100.0475339809762,10.591250208184585,0.10586218157259614,21.849840622508122,1.0,0.5818896156775991,1.02909448078388,0.03687708777836483
3,adsorption,3112.0,100.04753497257018,10.593118182030391,0.1058808513866402,21.923579968768596,1.0,0.5837613573714708,1.0291880678685736,0.03686225937437531
3,adsorption,3114.0,100.04753596380634,10.594985403805735,0.10589951368356164,21.997289663572477,1.0,0.5856323456320205,1.029281617281601,0.03684743632152637
3,adsorption,3116.0,100.04753695468472,10.59685187378253,0.10591816846607871,22.070969717620585,1.0,0.5875025807317585,1.029375129036588,0.036832618618360034
3,adsorption,3118.0,100.04753794520553,10.598717592233022,0.10593681573691273,22.144620141610826,1.0,0.5893720629431262,1.0294686031471563,0.03681780626342194
3,adsorption,3120.0,100.0475389353687,10.600582559429247,0.10595545549878328,22.21824094623821,1.0,0.5912407925384957,1.0295620396269247,0.03680299925526241
3,adsorption,3122.0,100.04753992517448,10.602446775643044,0.10597408775440766,22.291832142194856,1.0,0.5931087697901695,1.0296554384895085,0.036788197592435117
3,adsorption,3124.0,100.04754091462293,10.604310241146282,0.10599271250650358,22.365393740169964,1.0,0.594975994970366,1.0297487997485186,0.03677340127348621
3,adsorption,3126.0,100.04754190371408,10.606172956210749,0.10601132975778801,22.43892575084984,1.0,0.5968424683512326,1.0298421234175617,0.03675861029696457
3,adsorption,3128.0,100.04754289244804,10.608034921108061,0.10602993951097621,22.512428184917894,1.0,0.598708190204836,1.0299354095102418,0.0367438246614142
3,adsorption,3130.0,100.04754388082503,10.60989613611002,0.10604854176878499,22.58590105305461,1.0,0.6005731608031806,1.030028658040159,0.03672904436538863
3,adsorption,3132.0,100.04754486884498,10.611756601488038,0.10606713653392769,22.65934436593759,1.0,0.6024373804181898,1.0301218690209097,0.03671426940743628
3,adsorption,3134.0,100.04754585650814,10.613616317513538,0.10608572380911749,22.732758134241525,1.0,0.6043008493217068,1.0302150424660854,0.03669949978610081
3,adsorption,3136.0,100.04754684381444,10.615475284458139,0.10610430359706968,22.8061423686382,1.0,0.6061635677855094,1.0303081783892756,0.036684735499933355
3,adsorption,3138.0,100.04754783076415,10.617333502593084,0.10612287590049563,22.8794970797965,1.0,0.6080255360813098,1.0304012768040656,0.0366699765474916
3,adsorption,3140.0,100.04754881735725,10.619190972189354,0.10614144072210425,22.952822278382424,1.0,0.6098867544807166,1.0304943377240359,0.03665522292731045
3,adsorption,3142.0,100.04754980359387,10.621047693518621,0.10615999806461122,23.026117975059048,1.0,0.6117472232552913,1.0305873611627645,0.03664047463794621
3,adsorption,3144.0,100.04755078947413,10.6229036668516,0.10617854793072276,23.099384180486545,1.0,0.6136069426765103,1.0306803471338255,0.03662573167794711
3,adsorption,3146.0,100.0475517749981,10.624758892459495,0.10619709032314995,23.1726209053222,1.0,0.6154659130157767,1.0307732956507891,0.03661099404586179
3,adsorption,3148.0,100.04755276016581,10.626613370613125,0.10621562524460006,23.245828160220388,1.0,0.6173241345444123,1.0308662067272205,0.036596261740233796
3,adsorption,3150.0,100.04755374497752,10.628467101583672,0.10623415269778379,23.31900595583257,1.0,0.6191816075336826,1.0309590803766842,0.036581534759621046
3,adsorption,3152.0,100.04755472943317,10.630320085641504,0.10625267268540398,23.39215430280733,1.0,0.621038332254758,1.0310519166127379,0.036566813102564585
3,adsorption,3154.0,100.04755571353303,10.632172323057759,0.1062711852101709,23.465273211790326,1.0,0.6228943089787478,1.0311447154489375,0.036552096767616754
3,adsorption,3156.0,100.04755669727703,10.634023814102932,0.10628969027478863,23.538362693424332,1.0,0.6247495379766883,1.0312374768988344,0.036537385753330265
3,adsorption,3158.0,100.04755768066528,10.635874559047412,0.10630818788196017,23.611422758349207,1.0,0.6266040195195228,1.0313302009759762,0.03652268005824369
3,adsorption,3160.0,100.04755866369796,10.637724558162123,0.10632667803439363,23.684453417201905,1.0,0.628457753878144,1.031422887693907,0.036507979680914134
3,adsorption,3162.0,100.04755964637522,10.639573811717225,0.10634516073478965,23.75745468061649,1.0,0.6303107413233616,1.0315155370661682,0.03649328461989223
3,adsorption,3164.0,100.04756062869703,10.641422319983045,0.10636363598585055,23.830426559224133,1.0,0.6321629821259027,1.0316081491062954,0.036478594873721425
3,adsorption,3166.0,100.04756161066341,10.643270083230068,0.10638210379028037,23.90336906365307,1.0,0.6340144765564294,1.0317007238278215,0.036463910440953554
3,adsorption,3168.0,100.04756259227467,10.64511710172824,0.10640056415077742,23.976282204528665,1.0,0.6358652248855191,1.031793261244276,0.03644923132013156
3,adsorption,3170.0,100.04756357353084,10.646963375748149,0.1064190170700466,24.049165992473366,1.0,0.6377152273836992,1.031885761369185,0.036434557509818034
3,adsorption,3172.0,100.04756455443191,10.648808905559253,0.10643746255078164,24.122020438106723,1.0,0.6395644843213917,1.0319782242160696,0.03641988900855106
3,adsorption,3174.0,100.04756553497809,10.650653691432003,0.10645590059568596,24.19484555204539,1.0,0.6414129959689586,1.032070649798448,0.036405225814879955
3,adsorption,3176.0,100.04756651516945,10.652497733636286,0.10647433120745747,24.26764134490311,1.0,0.6432607625966991,1.032163038129835,0.036390567927363116
3,adsorption,3178.0,100.04756749500606,10.654341032441558,0.10649275438878988,24.34040782729073,1.0,0.6451077844748135,1.0322553892237407,0.03637591534454004
3,adsorption,3180.0,100.04756847448805,10.656183588118095,0.10651117014238486,24.41314500981648,1.0,0.6469540618734453,1.0323477030936723,0.036361268064957736
3,purge,3180.0,100.04756847448805,10.656183588118095,0.10651117014238486,24.41314500981648,1.0,0.6469540618734453,1.0323477030936723,0.036361268064957736
3,purge,3182.0,100.05350474327359,9.2027675802777,0.09197846296230201,24.392712833465893,1.0,0.5306061641873859,1.0265303082093693,-0.05398144860315678
3,purge,3184.0,100.05329087865555,10.5905429455619,0.10584902158196968,24.294108458621825,1.0,0.5344588489157248,1.0267229424457862,-0.04900426701817109
3,purge,3186.0,100.05307058386416,10.536437837876743,0.10530849054797509,24.20181389453624,1.0,0.5360961019182211,1.026804805095911,-0.04588131839451232
3,purge,3188.0,100.05307786899851,10.519866795687847,0.10514286036719146,24.109768668373757,1.0,0.5335417567854257,1.0266770878392715,-0.046032803074843066
3,purge,3190.0,100.05307847944177,10.519538038380546,0.10513957389668953,24.017678978559616,1.0,0.5311767160090732,1.0265588358004536,-0.04603574108411511
3,purge,3192.0,100.05307680310796,10.517197824148388,0.105116185930443,23.925635976694647,1.0,0.5288487062770442,1.0264424353138522,-0.04601072863779844
3,purge,3194.0,100.05307543531497,10.514848159633532,0.10509270318663473,23.83363477394015,1.0,0.5265158385774203,1.026325791928871,-0.045990341388415124
3,purge,3196.0,100.05307405820281,10.512525110294563,0.1050694864625471,23.74167465360677,1.0,0.5241843013628008,1.0262092150681401,-0.045969738009150704
3,purge,3198.0,100.0530726825775,10.510204122902858,0.10504629034479446,23.649759060675972,1.0,0.5218538809894204,1.026092694049471,-0.04594915404177149
3,purge,3200.0,100.05307130674281,10.507879908176774,0.10502306197039872,23.557887474217363,1.0,0.5195245762435494,1.0259762288121774,-0.04592858001437866
3,purge,3202.0,100.0530699310157,10.505556816494943,0.10499984481973702,23.466053450130946,1.0,0.5171962331250229,1.0258598116562512,-0.04590800716510098
3,purge,3204.0,100.05306855597635,10.503234634954769,0.10497663676430431,23.37425860174312,1.0,0.5148688810183789,1.025743444050919,-0.04588744484052673
3,purge,3206.0,100.05306718167233,10.500913518414093,0.10495343935180872,23.282504317417317,1.0,0.512542555080801,1.02562712775404,-0.045866893385321496
3,purge,3208.0,100.05306580802494,10.498593443448476,0.10493025234821356,23.19079106715867,1.0,0.5102172687288794,1.025510863436444,-0.045846351734647434
3,purge,3210.0,100.05306443505872,10.496274389176328,0.1049070755447888,23.099118917461936,1.0,0.5078930231088948,1.0253946511554448,-0.045825820324300715
3,purge,3212.0,100.05306306278987,10.493956379736177,0.10488390918277563,23.00748782288038,1.0,0.5055698168452878,1.0252784908422643,-0.04580529931828306
3,purge,3214.0,100.05306169119821,10.491639408718234,0.10486075319813225,22.91589774751142,1.0,0.5032476493834314,1.0251623824691716,-0.045784788431151836
3,purge,3216.0,100.05306032028965,10.4893234689353,0.10483760751901941,22.82434867388026,1.0,0.500926520133674,1.0250463260066838,-0.0457642877733394
3,purge,3218.0,100.05305895006721,10.487008565730266,0.10481447219883548,22.732840587756815,1.0,0.4986064286980825,1.0249303214349041,-0.045743797370631875
3,purge,3220.0,100.05305758052738,10.484694697850674,0.10479134722506708,22.641373471448095,1.0,0.4962873746844382,1.024814368734222,-0.04572331717510006
3,purge,3222.0,100.05305621167017,10.482381863956247,0.10476823258431944,22.549947305278902,1.0,0.49396935758495863,1.024698467879248,-0.045702847189310274
3,purge,3224.0,100.05305484349577,10.48007006390552,0.10474512827517937,22.458562069046007,1.0,0.4916523768822945,1.024582618844115,-0.04568238741273036
3,purge,3226.0,100.05305347600344,10.477759297219459,0.1047220342928607,22.367217742105776,1.0,0.4893364320591734,1.0244668216029587,-0.045661937835960294
3,purge,3228.0,100.05305210919278,10.475449563339449,0.10469895063178164,22.27591430589434,1.0,0.4870215226464027,1.0243510761323202,-0.045641498453692614
3,purge,3230.0,100.05305074306351,10.473140861778642,0.10467587728707738,22.18465173962784,1.0,0.4847076481186035,1.0242353824059303,-0.04562106926004599
3,purge,3232.0,100.05304937761504,10.470833191996004,0.10465281425334202,22.0934300219963,1.0,0.48239480793787853,1.024119740396894,-0.045600650248380774
3,purge,3234.0,100.05304801284711,10.468526553454655,0.1046297615252108,22.002249132154304,1.0,0.4800830015772847,1.0240041500788641,-0.045580241412803986
3,purge,3236.0,100.05304664875932,10.466220945652152,0.10460671909766314,21.91110904969968,1.0,0.4777722285212854,1.0238886114260644,-0.04555984274739089
3,purge,3238.0,100.05304528535115,10.463916368076557,0.10458368696558393,21.820009754374176,1.0,0.47546248825832776,1.0237731244129165,-0.04553945424598784
3,purge,3240.0,100.05304392262222,10.461612820213217,0.1045606651238306,21.72895122590275,1.0,0.47315378027617905,1.023657689013809,-0.0455190759026353
3,purge,3242.0,100.05304256057227,10.459310301553966,0.10453765356732539,21.637933443979364,1.0,0.4708461040618289,1.0235423052030914,-0.045498707711360685
3,purge,3244.0,100.05304119920079,10.457008811587027,0.10451465229095461,21.546956388296383,1.0,0.4685394591023235,1.0234269729551162,-0.04547834966611528
3,purge,3246.0,100.05303983850736,10.454708349800141,0.10449166128959976,21.456020038561913,1.0,0.4662338448850479,1.0233116922442524,-0.04545800176090087
3,purge,3248.0,100.0530384784916,10.452408915683408,0.1044686805581658,21.36512437450122,1.0,0.4639292608978132,1.0231964630448906,-0.045437663989730086
3,purge,3250.0,100.05303711915315,10.45011050872653,0.1044457100915537,21.27426937585326,1.0,0.46162570662879976,1.02308128533144,-0.04541733634660143
3,purge,3252.0,100.05303576049157,10.44781312841908,0.10442274988466325,21.18345502236861,1.0,0.45932318156646096,1.022966159078323,-0.04539701882553258
3,purge,3254.0,100.05303440250647,10.445516774251743,0.10439979993240532,21.09268129380921,1.0,0.4570216851995525,1.0228510842599776,-0.045376711420533226
3,purge,3256.0,100.05303304519737,10.443221445714862,0.10437686022968742,21.0019481699488,1.0,0.45472121701712875,1.0227360608508564,-0.04535641412561553
3,purge,3258.0,100.05303168856408,10.440927142298992,0.10435393077141886,20.91125563057309,1.0,0.4524217765085098,1.0226210888254255,-0.045336126934824104
3,purge,3260.0,100.053030332606,10.438633863495951,0.10433101155252202,20.8206036554798,1.0,0.45012336316335705,1.0225061681581677,-0.045315849842177486
3,purge,3262.0,100.05302897732274,10.436341608796733,0.10430810256791082,20.72999222447864,1.0,0.44782597647163225,1.0223912988235817,-0.04529558284169954
3,purge,3264.0,100.05302762271404,10.434050377692923,0.10428520381250496,20.639421317391207,1.0,0.44552961592356277,1.0222764807961782,-0.045275325927445174
3,purge,3266.0,100.05302626877945,10.431760169677137,0.10426231528123465,20.548890914051043,1.0,0.4432342810097063,1.0221617140504853,-0.04525507909344986
3,purge,3268.0,100.05302491551846,10.429470984241435,0.10423943696902462,20.45840099430358,1.0,0.4409399712209311,1.0220469985610465,-0.04523484233374531
3,purge,3270.0,100.0530235629308,10.427182820878114,0.10421656887080159,20.367951538006178,1.0,0.4386466860483633,1.0219323343024183,-0.0452146156424001
3,purge,3272.0,100.05302221101601,10.424895679080732,0.10419371098150529,20.277542525028064,1.0,0.4363544249834557,1.0218177212491728,-0.045194399013465725
3,purge,3274.0,100.0530208597737,10.422609558342174,0.10417086329606848,20.187173935250364,1.0,0.4340631875179625,1.021703159375898,-0.04517419244099645
3,purge,3276.0,100.05301950920362,10.420324458155921,0.10414802580942979,20.09684574856607,1.0,0.4317729731439182,1.0215886486571961,-0.045153995919065174
3,purge,3278.0,100.05301815930504,10.41804037801623,0.10412519851653611,20.00655794488006,1.0,0.42948378135368526,1.0214741890676842,-0.04513380944172668
3,purge,3280.0,100.05301681007785,10.4157573174166,0.10410238141232611,19.91631050410906,1.0,0.42719561163989195,1.0213597805819945,-0.04511363300306545
3,purge,3282.0,100.05301546152161,10.413475275852065,0.1040795744917541,19.826103406181645,1.0,0.4249084634954846,1.0212454231747743,-0.04509346659715486
3,purge,3284.0,100.05301411363583,10.41119425281707,0.10405677774976867,19.73593663103824,1.0,0.4226223364137119,1.0211311168206856,-0.04507331021806949
3,purge,3286.0,100.05301276642014,10.408914247806495,0.10403399118132244,19.645810158631093,1.0,0.4203372298880971,1.0210168614944048,-0.045053163859906126
3,purge,3288.0,100.05301141987422,10.406635260316062,0.10401121478137659,19.555723968924287,1.0,0.41805314341248356,1.0209026571706241,-0.045033027516748564
3,purge,3290.0,100.05301007399757,10.404357289841101,0.10398844854488844,19.465678041893714,1.0,0.41577007648100944,1.0207885038240505,-0.04501290118268685
3,purge,3292.0,100.05300872878986,10.40208033587745,0.10396569246682025,19.375672357527073,1.0,0.41348802858809114,1.0206744014294045,-0.044992784851830316
3,purge,3294.0,100.05300738425076,10.399804397921606,0.10394294654214094,19.285706895823857,1.0,0.411206999228457,1.0205603499614229,-0.04497267851828065
3,purge,3296.0,100.05300604037976,10.397529475469963,0.10392021076581837,19.19578163679535,1.0,0.40892698789713994,1.020446349394857,-0.04495258217613782
3,purge,3298.0,100.05300469717646,10.3952555680192,0.10389748513282339,19.105896560464625,1.0,0.4066479940894572,1.0203323997044729,-0.0449324958195159
3,purge,3300.0,100.05300335464054,10.392982675066497,0.10387476963813164,19.016051646866522,1.0,0.4043700173010184,1.0202185008650508,-0.044912419442536024
3,purge,3302.0,100.05300201277163,10.390710796109389,0.10385206427672235,18.926246876047642,1.0,0.4020930570277443,1.0201046528513873,-0.04489235303931231
3,purge,3304.0,100.05300067156922,10.388439930645232,0.10382936904357315,18.836482228066345,1.0,0.39981711276583415,1.0199908556382917,-0.044872296603976194
3,purge,3306.0,100.05299933103305,10.386170078172407,0.10380668393367162,18.746757682992726,1.0,0.39754218401179997,1.0198771092005903,-0.04485225013065052
3,purge,3308.0,100.05299799116261,10.383901238188898,0.10378400894200168,18.65707322090864,1.0,0.39526827026244243,1.0197634135131222,-0.04483221361346769
3,purge,3310.0,100.05299665195757,10.381633410193267,0.10376134406355282,18.56742882190765,1.0,0.39299537101484433,1.0196497685507422,-0.0448121870465744
3,purge,3312.0,100.0529953134175,10.3793665936847,0.1037386892933208,18.47782446609505,1.0,0.39072348576640775,1.0195361742883204,-0.04479217042410291
3,purge,3314.0,100.0529939755421,10.377100788161925,0.10371604462629676,18.388260133587846,1.0,0.38845261401481074,1.0194226307007406,-0.04477216374020448
3,purge,3316.0,100.05299263833088,10.374835993124691,0.10369341005748219,18.298735804514735,1.0,0.38618275525803053,1.0193091377629016,-0.044752166989030846
3,purge,3318.0,100.05299130178349,10.372572208072627,0.10367078558187726,18.20925145901612,1.0,0.38391390899434064,1.019195695449717,-0.04473218016473665
3,purge,3320.0,100.05298996589953,10.370309432505834,0.1036481711944869,18.11980707724408,1.0,0.38164607472231227,1.0190823037361156,-0.044712203261478005
3,purge,3322.0,100.0529886306786,10.368047665924593,0.10362556689031782,18.030402639362386,1.0,0.3793792519408092,1.0189689625970404,-0.044692236273416557
3,purge,3324.0,100.05298729612039,10.365786907829444,0.10360297266437923,17.941038125546473,1.0,0.3771134401489767,1.0188556720074489,-0.04467227919472764
3,purge,3326.0,100.0529859622244,10.36352715772152,0.10358038851168652,17.851713515983427,1.0,0.37484863884626807,1.0187424319423135,-0.04465233201957942
3,purge,3328.0,100.05298462899029,10.361268415101787,0.10355781442725313,17.762428790871983,1.0,0.37258484753242177,1.018629242376621,-0.044632394742150666
3,purge,3330.0,100.05298329641766,10.359010679472012,0.10353525040610068,17.67318393042254,1.0,0.370322065707481,1.018516103285374,-0.044612467356615525
3,purge,3332.0,100.05298196450607,10.35675395033377,0.10351269644324884,17.583978914857113,1.0,0.36806029287177655,1.0184030146435887,-0.044592549857156494
3,purge,3334.0,100.05298063325534,10.354498227188937,0.1034901525337201,17.494813724409347,1.0,0.3657995285259004,1.018289976426295,-0.04457264223798458
3,purge,3336.0,100.05297930266482,10.352243509540639,0.10346761867254978,17.405688339324502,1.0,0.36353977217078925,1.0181769886085394,-0.04455274449327437
3,purge,3338.0,100.05297797273424,10.349989796890844,0.10344509485476139,17.31660273985946,1.0,0.36128102330765854,1.018064051165383,-0.044532856617215455
3,purge,3340.0,100.05297664346325,10.347737088742521,0.1034225810753884,17.227556906282686,1.0,0.3590232814379787,1.017951164071899,-0.044512978604030334
3,purge,3342.0,100.05297531485132,10.34548538459945,0.10340007732947269,17.13855081887425,1.0,0.3567665460635507,1.0178383273031775,-0.044493110447915436
3,purge,3344.0,100.05297398689827,10.343234683964658,0.10337758361204817,17.0495844579258,1.0,0.3545108166864561,1.017725540834323,-0.0444732521430802
3,purge,3346.0,100.0529726596036,10.340984986342125,0.10335509991815868,16.960657803740556,1.0,0.35225609280905823,1.017612804640453,-0.04445340368374563
3,purge,3348.0,100.05297133296686,10.33873629123611,0.10333262624285058,16.8717708366333,1.0,0.3500023739340248,1.0175001186967012,-0.04443356506412665
3,purge,3350.0,100.05297000698776,10.336488598150817,0.10331016258116986,16.782923536930376,1.0,0.3477496595643086,1.0173874829782155,-0.0444137362784468
3,purge,3352.0,100.0529686816659,10.33424190659109,0.10328770892816874,16.69411588496969,1.0,0.34549794920315463,1.0172748974601578,-0.04439391732093319
3,purge,3354.0,100.05296735700081,10.331996216061977,0.10326526527890166,16.60534786110068,1.0,0.34324724235411186,1.0171623621177055,-0.04437410818580627
3,purge,3356.0,100.0529660329923,10.329751526068264,0.10324283162842016,16.516619445684313,1.0,0.34099753852097825,1.017049876926049,-0.044354308867323215
3,purge,3358.0,100.05296470963978,10.327507836116265,0.10322040797179138,16.427930619093082,1.0,0.3387488372078787,1.016937441860394,-0.044334519359716294
3,purge,3360.0,100.0529633869429,10.325265145711425,0.10319799430407366,16.339281361711002,1.0,0.33650113791923614,1.0168250568959618,-0.044314739657215774
3,purge,3362.0,100.0529620649014,10.323023454359612,0.1031755906203294,16.250671653933583,1.0,0.3342544401597223,1.0167127220079861,-0.044294969754088274
3,purge,3364.0,100.05296074351477,10.320782761567866,0.10315319691563288,16.162101476167845,1.0,0.33200874343432674,1.0166004371717163,-0.04427520964458198
3,purge,3366.0,100.05295942278268,10.318543066842523,0.10313081318505135,16.073570808832283,1.0,0.3297640472483298,1.0164882023624164,-0.044255459322948394
3,purge,3368.0,100.05295810270478,10.316304369690647,0.1031084394236592,15.985079632356902,1.0,0.32752035110729183,1.0163760175553647,-0.04423571878345037
3,purge,3370.0,100.05295678328054,10.314066669619566,0.1030860756265337,15.896627927183154,1.0,0.32527765451706225,1.0162638827258532,-0.04421598802035452
3,purge,3372.0,100.05295546450971,10.311829966136836,0.10306372178875413,15.80821567376394,1.0,0.3230359569837784,1.016151797849189,-0.04419626702793159
3,purge,3374.0,100.05295414639197,10.30959425875029,0.10304137790540255,15.71984285256369,1.0,0.3207952580138624,1.0160397629006932,-0.04417655580046114
3,purge,3376.0,100.05295282892673,10.307359546968355,0.10301904397156732,15.63150944405767,1.0,0.31855555711403283,1.0159277778557017,-0.04415685433220777
3,purge,3378.0,100.05295151211382,10.305125830298952,0.10299671998233123,15.543215428733165,1.0,0.31631685379129004,1.0158158426895647,-0.04413716261745702
3,purge,3380.0,100.05295019595272,10.30289310825126,0.10297440593279006,15.454960787089245,1.0,0.314079147552926,1.0157039573776463,-0.04411748065050261
3,purge,3382.0,100.05294888044305,10.300661380334107,0.10295210181803582,15.366745499636304,1.0,0.31184243790652794,1.0155921218953263,-0.04409780842563425
3,purge,3384.0,100.05294756558449,10.298430646057014,0.10292980763316759,15.278569546895827,1.0,0.3096067243599764,1.0154803362179987,-0.044078145937134924
3,purge,3386.0,100.05294625137667,10.296200904929036,0.10290752337327962,15.190432909401299,1.0,0.3073720064214168,1.015368600321071,-0.04405849317932081
3,purge,3388.0,100.05294493781908,10.293972156460947,0.10288524903348373,15.102335567696917,1.0,0.3051382835993134,1.0152569141799657,-0.044038850146473865
3,purge,3390.0,100.05294362491152,10.291744400161797,0.10286298460887383,15.014277502338112,1.0,0.30290555540236136,1.015145277770118,-0.04401921683292034
3,purge,3392.0,100.0529423126535,10.289517635543074,0.10284073009456894,14.926258693891853,1.0,0.3006738213395821,1.015033691066979,-0.04399959323296299
3,purge,3394.0,100.0529410010447,10.287291862114856,0.10281848548567343,14.838279122936619,1.0,0.29844308092028227,1.014922154046014,-0.04397997934091218
3,purge,3396.0,100.05293969008466,10.285067079388215,0.10279625077730199,14.750338770062289,1.0,0.29621333365403074,1.0148106666827015,-0.04396037515110175
3,purge,3398.0,100.05293837977307,10.28284328687487,0.1027740259645755,14.662437615870084,1.0,0.2939845790507161,1.014699228952536,-0.04394078065784306
3,purge,3400.0,100.05293707010951,10.280620484086002,0.10275181104260962,14.57457564097258,1.0,0.2917568166205034,1.0145878408310252,-0.0439211958554589
3,purge,3402.0,100.05293576109362,10.2783986705334,0.10272960600652596,14.486752825993674,1.0,0.289530045873814,1.0144765022936908,-0.04390162073829855
3,purge,3404.0,100.052934452725,10.276177845729668,0.10270741085145446,14.398969151568593,1.0,0.2873042663213829,1.0143652133160692,-0.043882055300693175
3,purge,3406.0,100.05293314500335,10.273958009186908,0.10268522557251977,14.311224598343887,1.0,0.28507947747422985,1.0142539738737115,-0.04386249953697846
3,purge,3408.0,100.05293183792811,10.271739160418088,0.10266305016485558,14.223519146977445,1.0,0.28285567884366886,1.0141427839421835,-0.04384295344148715
3,purge,3410.0,100.05293053149907,10.269521298935683,0.10264088462359021,14.135852778138448,1.0,0.2806328699412585,1.0140316434970629,-0.04382341700858731
3,purge,3412.0,100.05292922571583,10.267304424253654,0.10261872894386713,14.048225472507367,1.0,0.2784110502788686,1.0139205525139434,-0.04380389023262982
3,purge,3414.0,100.05292792057801,10.265088535885289,0.10259658312082291,13.960637210775975,1.0,0.27619021936866583,1.0138095109684335,-0.043784373107960115
3,purge,3416.0,100.05292661608519,10.262873633344261,0.10257444714959825,13.873087973647326,1.0,0.27397037672307845,1.013698518836154,-0.043764865628945306
3,purge,3418.0,100.05292531223697,10.260659716144978,0.10255232102534087,13.785577741835748,1.0,0.2717515218548262,1.0135875760927413,-0.043745367789950515
3,purge,3420.0,100.05292400903305,10.25844678380175,0.1025302047431976,13.698106496066831,1.0,0.2695336542769132,1.0134766827138457,-0.04372587958534432
3,purge,3422.0,100.05292270647304,10.256234835829343,0.10250809829831993,13.610674217077431,1.0,0.26731677350263255,1.0133658386751316,-0.043706401009495216
3,purge,3424.0,100.05292140455646,10.254023871742602,0.1024860016858601,13.523280885615652,1.0,0.2651008790455497,1.0132550439522774,-0.043686932056784276
3,purge,3426.0,100.05292010328311,10.25181389105685,0.10246391490097496,13.435926482440834,1.0,0.26288597041950823,1.0131442985209753,-0.04366747272160024
3,purge,3428.0,100.05291880265251,10.249604893287815,0.1024418379388257,13.348610988323543,1.0,0.26067204713865333,1.0130336023569326,-0.04364802299832128
3,purge,3430.0,100.05291750266426,10.24739687795112,0.10241977079457226,13.261334384045583,1.0,0.25845910871740785,1.0129229554358703,-0.043628582881333526
3,purge,3432.0,100.05291620331802,10.24518984456303,0.10239771346338097,13.174096650399983,1.0,0.2562471546704805,1.012812357733524,-0.0436091523650249
3,purge,3434.0,100.0529149046135,10.242983792639631,0.1023756659404165,13.086897768190974,1.0,0.2540361845128372,1.012701809225642,-0.04358973144380647
3,purge,3436.0,100.05291360655015,10.240778721697959,0.10235362822085302,12.999737718233979,1.0,0.2518261977597412,1.012591309887987,-0.04357032011208143
3,purge,3438.0,100.05291230912775,10.238574631254924,0.1023316002998632,12.912616481355613,1.0,0.2496171939267552,1.012480859696338,-0.0435509183642432
3,purge,3440.0,100.05291101234577,10.23637152082744,0.10230958217262015,12.825534038393686,1.0,0.2474091725296965,1.0123704586264848,-0.04353152619471042
3,purge,3442.0,100.0529097162041,10.234169389933403,0.10228757383430626,12.738490370197171,1.0,0.24520213308467592,1.0122601066542338,-0.043512143597896194
3,purge,3444.0,100.05290842070207,10.231968238090495,0.10226557528010236,12.651485457626226,1.0,0.24299607510809354,1.0121498037554046,-0.04349277056821155
3,purge,3446.0,100.05290712583945,10.22976806481659,0.10224358650519083,12.564519281552164,1.0,0.2407909981166124,1.0120395499058308,-0.04347340710008558
3,purge,3448.0,100.0529058316158,10.227568869630398,0.10222160750476253,12.477591822857443,1.0,0.23858690162719257,1.0119293450813596,-0.04345405318793864
3,purge,3450.0,100.05290453803097,10.225370652050128,0.10219963827400308,12.39070306243567,1.0,0.23638378515705463,1.0118191892578527,-0.04343470882621076
3,purge,3452.0,100.05290324508434,10.223173411595164,0.1021776788081103,12.303852981191573,1.0,0.23418164822372006,1.011709082411186,-0.043415374009329835
3,purge,3454.0,100.05290195277554,10.220977147784398,0.10215572910227677,12.217041560041036,1.0,0.23198049034499027,1.0115990245172495,-0.04339604873172831
3,purge,3456.0,100.05290066110433,10.21878186013732,0.10213378915170104,12.130268779911049,1.0,0.22978031103893506,1.0114890155519467,-0.04337673298785161
3,purge,3458.0,100.05289937007032,10.216587548173713,0.10211185895158466,12.043534621739708,1.0,0.22758110982389862,1.011379055491195,-0.04335742677215323
3,purge,3460.0,100.052898079673,10.214394211413817,0.10208993849713384,11.956839066476228,1.0,0.22538288621852964,1.0112691443109265,-0.04333813007907141
3,purge,3462.0,100.05289678991217,10.21220184937746,0.10206802778355042,11.8701820950809,1.0,0.22318563974172587,1.0111592819870863,-0.043318842903071794
3,purge,3464.0,100.05289550078743,10.21001046158568,0.10204612680604856,11.783563688525104,1.0,0.22098936991267595,1.0110494684956337,-0.04329956523861485
3,purge,3466.0,100.05289421229834,10.207820047559348,0.10202423555984068,11.696983827791314,1.0,0.21879407625087163,1.0109397038125436,-0.04328029708014642
3,purge,3468.0,100.05289292444456,10.205630606819136,0.10200235404013724,11.610442493873068,1.0,0.21659975827604946,1.0108299879138025,-0.04326103842214278
3,purge,3470.0,100.0528916372257,10.203442138886894,0.10198048224216039,11.523939667774972,1.0,0.2144064155082308,1.0107203207754116,-0.043241789259079406
3,purge,3472.0,100.05289035064142,10.201254643284297,0.10195862016113057,11.43747533051267,1.0,0.2122140474677328,1.0106107023733866,-0.043222549585421835
3,purge,3474.0,100.05288906469136,10.199068119533134,0.10193676779226941,11.351049463112885,1.0,0.21002265367514178,1.0105011326837572,-0.043203319395647116
3,purge,3476.0,100.05288777937513,10.196882567155619,0.10191492513080269,11.264662046613353,1.0,0.2078322336513064,1.0103916116825653,-0.04318409868424807
3,purge,3478.0,100.0528864946923,10.194697985674717,0.10189309217196381,11.178313062062848,1.0,0.20564278691738352,1.0102821393458692,-0.04316488744569781
3,purge,3480.0,100.05288521064263,10.192514374612534,0.10187126891097747,11.092002490521175,1.0,0.2034543129947766,1.0101727156497389,-0.043145685674497766
3,purge,3482.0,100.05288392722568,10.190331733492812,0.10184945534308476,11.005730313059145,1.0,0.201266811405184,1.0100633405702593,-0.043126493365139386
3,purge,3484.0,100.0528826444411,10.188150061838481,0.10182765146351866,10.919496510758572,1.0,0.1990802816705766,1.0099540140835288,-0.04310731051212168
3,purge,3486.0,100.05288136228847,10.18596935917345,0.10180585726752198,10.833301064712279,1.0,0.19689472331320976,1.0098447361656604,-0.043088137109941985
3,purge,3488.0,100.0528800807675,10.1837896250213,0.10178407275033416,10.747143956024077,1.0,0.1947101358555971,1.0097355067927798,-0.043068973153115794
3,purge,3490.0,100.05287879987777,10.181610858906739,0.10176229790720602,10.661025165808763,1.0,0.19252651882055932,1.0096263259410279,-0.04304981863613898
3,purge,3492.0,100.05287751961895,10.179433060353627,0.10174053273337973,10.574944675192116,1.0,0.19034387173116807,1.0095171935865583,-0.04303067355353122
3,purge,3494.0,100.0528762399907,10.177256228886991,0.10171877722410928,10.488902465310874,1.0,0.18816219411076415,1.0094081097055383,-0.04301153789982142
3,purge,3496.0,100.05287496099251,10.175080364032072,0.10169703137465083,10.402898517312734,1.0,0.18598148548299748,1.0092990742741499,-0.042992411669516624
3,purge,3498.0,100.0528736826242,10.17290546531359,0.10167529518025509,10.316932812356349,1.0,0.1838017453717631,1.0091900872685882,-0.04297329485715177
3,purge,3500.0,100.05287240488524,10.170731532257651,0.1016535686361869,10.231005331611316,1.0,0.1816229733012458,1.0090811486650624,-0.04295418745725459
3,purge,3502.0,100.0528711277754,10.168558564389679,0.10163185173770402,10.145116056258159,1.0,0.17944516879589636,1.0089722584397949,-0.042935089464364
3,purge,3504.0,100.05286985129416,10.1663865612362,0.10161014448007559,10.059264967488337,1.0,0.17726833138045972,1.0088634165690231,-0.04291600087300816
3,purge,3506.0,100.05286857544141,10.164215522323047,0.10158844685856332,9.97345204650423,1.0,0.17509246057992983,1.0087546230289965,-0.04289692167773932
3,purge,3508.0,100.05286730021648,10.162045447177588,0.10156675886844475,9.887677274519133,1.0,0.17291755591960686,1.0086458777959804,-0.04287785187308932
3,purge,3510.0,100.05286602561922,10.15987633532595,0.10154508050498467,9.801940632757246,1.0,0.17074361692503348,1.0085371808462518,-0.042858791453618796
3,purge,3512.0,100.05286475164912,10.15770818629601,0.10152341176346562,9.716242102453663,1.0,0.16857064312204456,1.0084285321561022,-0.04283974041387849
3,purge,3514.0,100.05286347830598,10.155540999614788,0.1015017526391613,9.630581664854361,1.0,0.16639863403674057,1.008319931701837,-0.04282069874842957
3,purge,3516.0,100.05286220558935,10.15337477481039,0.10148010312735642,9.544959301216203,1.0,0.1642275891955075,1.0082113794597753,-0.04280166645182822
3,purge,3518.0,100.05286093349883,10.151209511410581,0.10145846322333239,9.45937499280693,1.0,0.162057508125002,1.0081028754062502,-0.042782643518637045
3,purge,3520.0,100.05285966203412,10.149045208943635,0.10143683292237544,9.373828720905143,1.0,0.15988839035213778,1.007994419517607,-0.042763629943435404
3,purge,3522.0,100.05285839119479,10.14688186693838,0.10141521221977765,9.288320466800299,1.0,0.1577202354041202,1.007886011770206,-0.042744625720792226
3,purge,3524.0,100.05285712098058,10.144719484923368,0.10139360111082797,9.2028502117927,1.0,0.15555304280842083,1.0077776521404211,-0.04272563084528577
3,purge,3526.0,100.05285585139102,10.142558062427952,0.10137199959082371,9.117417937193496,1.0,0.15338681209279054,1.0076693406046398,-0.0427066453114933
3,purge,3528.0,100.05285458242577,10.140397598981442,0.10135040765506155,9.032023624324685,1.0,0.1512215427852609,1.0075610771392631,-0.04268766911399019
3,purge,3530.0,100.0528533140845,10.13823809411305,0.10132882529883717,8.946667254519069,1.0,0.14905723441408872,1.0074528617207044,-0.04266870224739215
3,purge,3532.0,100.0528520463669,10.136079547353575,0.10130725251746218,8.861348809120267,1.0,0.14689388650785398,1.0073446943253928,-0.04264974470627923
3,purge,3534.0,100.05285077927249,10.13392195823263,0.10128568930623645,8.776068269482723,1.0,0.1447314985954099,1.0072365749297705,-0.04263079648523474
3,purge,3536.0,100.05284951280092,10.131765326280611,0.10126413566046748,8.690825616971685,1.0,0.1425700702058527,1.0071285035102926,-0.042611857578868574
3,purge,3538.0,100.05284824695198,10.129609651028472,0.1012425915754683,8.605620832963185,1.0,0.1404096008685484,1.0070204800434275,-0.04259292798179593
3,purge,3540.0,100.05284698172514,10.127454932007435,0.10122105704655496,8.520453898844048,1.0,0.1382500901131687,1.0069125045056584,-0.042574007688609375
3,purge,3542.0,100.05284571712016,10.125301168748207,0.10119953206903792,8.435324796011878,1.0,0.13609153746962702,1.0068045768734815,-0.042555096693928485
3,purge,3544.0,100.05284445313663,10.123148360782762,0.10117801663824068,8.350233505875046,1.0,0.13393394246810905,1.0066966971234055,-0.04253619499237584
3,purge,3546.0,100.05284318977408,10.120996507642996,0.10115651074948577,8.265180009852687,1.0,0.1317773046390969,1.0065888652319548,-0.04251730257855814
3,purge,3548.0,100.05284192703235,10.118845608860614,0.10113501439809375,8.180164289374703,1.0,0.129621623513323,1.0064810811756664,-0.042498419447102136
3,purge,3550.0,100.05284066491096,10.116695663968207,0.10111352757939418,8.09518632588174,1.0,0.12746689862178393,1.0063733449310892,-0.042479545592643324
3,purge,3552.0,100.05283940340954,10.114546672498463,0.1010920502887176,8.010246100825174,1.0,0.1253131294957623,1.006265656474788,-0.042460681009808925
3,purge,3554.0,100.05283814252783,10.112398633984196,0.10107058252139559,7.92534359566713,1.0,0.12316031566681222,1.0061580157833405,-0.04244182569322905
3,purge,3556.0,100.0528368822654,10.110251547958425,0.10104912427276204,7.840478791880445,1.0,0.12100845666673841,1.006050422833337,-0.04242297963755294
3,purge,3558.0,100.05283562262187,10.108105413954986,0.10102767553815885,7.755651670948685,1.0,0.11885755202764134,1.0059428776013821,-0.042404142837413464
3,purge,3560.0,100.05283436359694,10.105960231507073,0.10100623631292158,7.670862214366118,1.0,0.11670760128186834,1.0058353800640933,-0.04238531528746506
3,purge,3562.0,100.0528331051902,10.103816000149147,0.10098480659239838,7.586110403637721,1.0,0.11455860396205358,1.0057279301981026,-0.042366496982352626
3,purge,3564.0,100.05283184740131,10.101672719415037,0.10096338637193118,7.501396220279163,1.0,0.1124105596010876,1.0056205279800543,-0.04234768791673492
3,purge,3566.0,100.05283059023,10.099530388839469,0.10094197564687062,7.41671964581679,1.0,0.11026346773212829,1.0055131733866065,-0.04232888808527572
3,purge,3568.0,100.05282933367586,10.097389007957258,0.10092057441256858,7.3320806617876295,1.0,0.1081173278886129,1.0054058663944307,-0.042310097482634514
3,purge,3570.0,100.05282807773838,10.095248576303396,0.10089918266437865,7.247479249739385,1.0,0.10597213960425235,1.0052986069802126,-0.04229131610347085
3,purge,3572.0,100.05282682241742,10.093109093413117,0.10087780039765652,7.1629153912304275,1.0,0.10382790241301731,1.005191395120651,-0.04227254394245503
3,purge,3574.0,100.05282556771247,10.090970558822088,0.10085642760776256,7.0783890678297885,1.0,0.10168461584914158,1.005084230792457,-0.04225378099426532
3,purge,3576.0,100.05282431362326,10.088832972066204,0.10083506429005926,6.993900261117145,1.0,0.09954227944713934,1.004977113972357,-0.0422350272535742
3,purge,3578.0,100.05282306014944,10.08669633268131,0.10081371043990853,6.909448952682803,1.0,0.09740089274177237,1.0048700446370886,-0.04221628271507361
3,purge,3580.0,100.05282180729063,10.084560640204154,0.10079236605268153,6.825035124127707,1.0,0.0952604552680871,1.0047630227634043,-0.042197547373446186
3,purge,3582.0,100.05282055504651,10.082425894171216,0.10077103112374651,6.7406587570633905,1.0,0.09312096656140045,1.0046560483280702,-0.04217882122337546
3,purge,3584.0,100.05281930341654,10.080292094119477,0.10074970564847702,6.656319833112117,1.0,0.09098242615730331,1.0045491213078652,-0.04216010425954575
3,purge,3586.0,100.05281805240062,10.07815923958567,0.1007283896222437,6.572018333906158,1.0,0.08884483359160265,1.0044422416795802,-0.04214139647667307
3,purge,3588.0,100.05281680199833,10.076027330108165,0.1007070830404339,6.4877542410889175,1.0,0.08670818840042194,1.0043354094200212,-0.04212269786944923
3,purge,3590.0,100.05281555220921,10.073896365223726,0.10068578589841884,6.403527536314737,1.0,0.08457249012015441,1.0042286245060077,-0.042104008432574294
3,purge,3592.0,100.05281430303297,10.071766344470857,0.10066449819158706,6.319338201248461,1.0,0.08243773828744813,1.0041218869143724,-0.04208532816075966
3,purge,3594.0,100.05281305446928,10.06963726738773,0.10064321991532378,6.2351862175652055,1.0,0.08030393243921197,1.0040151966219608,-0.042066657048718765
3,purge,3596.0,100.05281180651777,10.06750913351274,0.10062195106501655,6.151071566951204,1.0,0.07817107211263472,1.0039085536056318,-0.042047995091168994
3,purge,3598.0,100.05281055917806,10.065381942384889,0.1006006916360589,6.066994231102621,1.0,0.07603915684516742,1.0038019578422583,-0.04202934228282183
3,purge,3600.0,100.05280931244988,10.063255693542775,0.10057944162384025,5.9829541917260345,1.0,0.07390818617449656,1.003695409308725,-0.04201069861841336
3,purge,3602.0,100.05280806633276,10.061130386526289,0.10055820102376324,5.898951430538706,1.0,0.07177815963860315,1.0035889079819302,-0.04199206409266367
3,purge,3604.0,100.05280682082639,10.059006020874588,0.10053696983122282,5.814985929268587,1.0,0.06964907677573809,1.003482453838787,-0.04197343870029603
3,purge,3606.0,100.05280557593042,10.056882596127535,0.10051574804162117,5.731057669654187,1.0,0.06752093712439788,1.0033760468562198,-0.04195482243605339
3,purge,3608.0,100.05280433164461,10.054760111825392,0.1004945356503644,5.647166633444537,1.0,0.06539374022335627,1.003269687011168,-0.04193621529467286
3,purge,3610.0,100.05280308796839,10.052638567508364,0.10047333265285818,5.56331280239917,1.0,0.06326748561164809,1.0031633742805823,-0.041917617270897885
3,purge,3612.0,100.05280184490158,10.050517962717286,0.10045213904451426,5.4794961582881365,1.0,0.06114217282858646,1.0030571086414293,-0.04189902835946529
3,purge,3614.0,100.05280060244375,10.048398296992643,0.10043095482074103,5.395716682891986,1.0,0.05901780141372139,1.002950890070686,-0.041880448555137034
3,purge,3616.0,100.05279936059462,10.046279569876038,0.10040977997695806,5.311974358001763,1.0,0.05689437090688532,1.0028447185453442,-0.0418618778526647
3,purge,3618.0,100.05279811935377,10.044161780908727,0.10038861450858144,5.228269165419005,1.0,0.054771880848183026,1.0027385940424092,-0.04184331624679733
3,purge,3620.0,100.05279687872088,10.042044929632118,0.10036745841102868,5.14460108695573,1.0,0.05265033077795998,1.002632516538898,-0.04182476373230582
3,purge,3622.0,100.05279563869554,10.039929015588735,0.1003463116797286,5.060970104434438,1.0,0.050529720236852864,1.0025264860118426,-0.041806220303943535
3,purge,3624.0,100.05279439927753,10.037814038320136,0.10032517431010023,4.977376199688094,1.0,0.04841004876574066,1.002420502438287,-0.04178768595648417
3,purge,3626.0,100.05279316046638,10.035699997369214,0.10030404629757599,4.893819354560121,1.0,0.04629131590577056,1.0023145657952885,-0.04176916068470138
3,purge,3628.0,100.05279192226176,10.033586892278576,0.1002829276375855,4.810299550904392,1.0,0.04417352119835765,1.0022086760599178,-0.04175064448336888
3,purge,3630.0,100.05279068466346,10.031474722591037,0.10026181832556029,4.72681677058522,1.0,0.04205666418516561,1.0021028332092583,-0.04173213734727521
3,purge,3632.0,100.05278944767092,10.029363487850356,0.10024071835694155,4.643370995477358,1.0,0.039940744408151665,1.0019970372204077,-0.04171363927118886
3,purge,3634.0,100.052788211284,10.02725318759935,0.10021962772716084,4.559962207465995,1.0,0.03782576140950638,1.0018912880704753,-0.04169515024990494
3,purge,3636.0,100.05278697550203,10.025143821382489,0.10019854643166662,4.476590388446748,1.0,0.03571171473170445,1.0017855857365852,-0.04167667027820549
3,purge,3638.0,100.05278574032502,10.023035388743036,0.10017747446589462,4.393255520325636,1.0,0.033598603917451335,1.0016799301958725,-0.041658199350900676
3,purge,3640.0,100.05278450575247,10.0209278892262,0.10015641182530062,4.309957585019086,1.0,0.03148642850974907,1.0015743214254875,-0.04163973746277745
3,purge,3642.0,100.05278327178402,10.018821322375784,0.10013535850532605,4.226696564453935,1.0,0.029375188051849396,1.0014687594025924,-0.04162128460863616
3,purge,3644.0,100.05278203841931,10.016715687736859,0.10011431450142523,4.1434724405674,1.0,0.027264882087250884,1.0013632441043625,-0.041602840783292315
3,purge,3646.0,100.05278080565807,10.014610984854711,0.1000932798090543,4.06028519530709,1.0,0.025155510159735623,1.0012577755079868,-0.041584405981548014
3,purge,3648.0,100.05277957349986,10.012507213274455,0.10007225442366804,3.977134810630994,1.0,0.023047071813342417,1.001152353590667,-0.04156598019821279
3,purge,3650.0,100.05277834194442,10.010404372541608,0.10005123834072499,3.89402126850747,1.0,0.020939566592358093,1.0010469783296179,-0.04154756342811009
3,purge,3652.0,100.05277711099136,10.008302462202273,0.10003023155568967,3.8109445509152344,1.0,0.018832994041337058,1.000941649702067,-0.04152915566606178
3,purge,3654.0,100.0527758806403,10.006201481802583,0.10000923406402691,3.7279046398433673,1.0,0.016727353705112295,1.0008363676852556,-0.04151075690687975
3,purge,3656.0,100.05277465089094,10.004101430888493,0.09998824586119971,3.644901517291293,1.0,0.014622645128745363,1.0007311322564374,-0.041492367145404475
3,purge,3658.0,100.05277342174294,10.002002309007263,0.0999672669426841,3.561935165268686,1.0,0.012518867857579842,1.000625943392879,-0.041473986376461436
3,purge,3660.0,100.05277219886256,9.99990177469769,0.09994627390055837,3.4790055768101253,1.0,0.010416458708664237,1.0005208229354332,-0.041455273743444404
3,purge,3662.0,100.05276034504696,9.9858266579692,0.09980560879611496,3.396229955986347,1.0,0.008528271526616728,1.0004264135763308,-0.04127254732896589
3,purge,3664.0,100.0527314078779,9.942800375778678,0.09937560160397386,3.3140847115113585,1.0,0.006982357733591772,1.0003491178866797,-0.04083545519802559
3,purge,3666.0,100.05268923124252,9.875643089530834,0.09870442429294604,3.233019239066195,1.0,0.005716669199832592,1.0002858334599916,-0.040201382805454475
3,purge,3668.0,100.05263693974021,9.789847936922383,0.0978469757155788,3.153379315428734,1.0,0.0046804114634896405,1.0002340205731748,-0.03941686536705276
3,purge,3670.0,100.05257706318395,9.68988556106419,0.0968479358102386,3.075426809415103,1.0,0.0038319971199892193,1.0001915998559994,-0.03851957843471047
3,purge,3672.0,100.05251164570755,9.579371383333218,0.09574343737870762,2.999355750276466,1.0,0.0031373741531713355,1.0001568687076587,-0.03753996316605567
3,purge,3674.0,100.05244233451954,9.461227066578688,0.09456267978892136,2.925305372372049,1.0,0.002568665454544892,1.0001284332727272,-0.03650254839289596
3,purge,3676.0,100.05237045310234,9.33781068892969,0.09332922994869583,2.8533708488732326,1.0,0.002103046136818836,1.000105152306841,-0.03542704099074596
3,purge,3678.0,100.05229706079196,9.211022442875958,0.09206207866751251,2.7836120039255343,1.0,0.001721829086040237,1.000086091454302,-0.034329213391399306
3,purge,3680.0,100.0522230016139,9.082388792806512,0.0907764817245491,2.7160604302858533,1.0,0.0014097148593322706,1.0000704857429665,-0.03322163101543789
3,purge,3682.0,100.05214894424779,8.95313173838861,0.08948465208256122,2.6507252920669537,1.0,0.0011541772336290791,1.0000577088616815,-0.03211424759910839
3,purge,3684.0,100.05207541467809,8.824224501363046,0.08819631641612595,2.587598043592044,1.0,0.0009449606809443513,1.0000472480340472,-0.03101489154070428
3,purge,3686.0,100.05200282291129,8.696437314207794,0.0869191727186131,2.5266562702551147,1.0,0.0007736686194751918,1.0000386834309738,-0.029929663881911643
3,purge,3688.0,100.05193148480541,8.570374574648662,0.08565926162005398,2.4678668066078466,1.0,0.0006334264948545394,1.0000316713247428,-0.02886326346617039
3,purge,3690.0,100.05186163991021,8.446505389115629,0.0844212716352532,2.411188265547095,1.0,0.000518605932978345,1.000025930296649,-0.027819252683218793
3,purge,3692.0,100.05179346604862,8.325188498277418,0.08320878826727351,2.356573086997789,1.0,0.00042459881923234065,1.0000212299409617,-0.026800274660954554
3,purge,3694.0,100.05172709122918,8.206692781007865,0.08202449892269062,2.3039691940136637,1.0,0.00034763226063285667,1.0000173816130316,-0.02580823071697965
3,purge,3696.0,100.05166260335487,8.091213998214759,0.08087036024870065,2.253321325046633,1.0,0.00028461736107218184,1.0000142308680537,-0.024844424959296358
3,purge,3698.0,100.05160005816097,7.978888587777221,0.07974773599961438,2.204572107111572,1.0,0.00023302513923491395,1.0000116512569617,-0.02390968253362821
3,purge,3700.0,100.05153948568712,7.869804968525065,0.07865751000913765,2.157662914741267,1.0,0.00019078496537494973,1.0000095392482689,-0.02300444602183288
3,purge,3702.0,100.05148089553813,7.764012800240604,0.07760017873545384,2.11253455261179,1.0,0.00015620161651196967,1.0000078100808256,-0.022128853791356456
3,purge,3704.0,100.05142428117739,7.661530597262591,0.07657592735243,2.069127798150734,1.0,0.00012788719648013238,1.0000063943598243,-0.021282803949760173
3,purge,3706.0,100.05136962342569,7.562351988029405,0.07558469230848772,2.027383829554303,1.0,0.0001047052902621682,1.000005235264513,-0.020466006464681573
3,purge,3708.0,100.05131689328758,7.466450815365924,0.07462621229992873,1.987244557065236,1.0,8.572551907291605e-05,1.0000042862759537,-0.019678025236427844
3,purge,3710.0,100.05126605424935,7.373785326997293,0.073700070152027,1.9486528794945608,1.0,7.018621004909069e-05,1.0000035093105024,-0.01891831234605293
3,purge,3712.0,100.05121706415022,7.284301622029268,0.07280572726425473,1.911552880083845,1.0,5.746371171751515e-05,1.000002873185586,-0.01818623590653724
3,purge,3714.0,100.0511698766855,7.197936454992513,0.07194255163496911,1.8758899710897814,1.0,4.704738899979252e-05,1.00000235236945,-0.01748110245837579
3,purge,3716.0,100.05112444261601,7.114619518665375,0.07110984067696252,1.8416109975717956,1.0,3.8519207060932746e-05,1.000001925960353,-0.016802174969928384
3,purge,3718.0,100.0510807107445,7.034275314547677,0.07030683991194774,1.8086643095932862,1.0,3.153693376067305e-05,1.0000015768466881,-0.0161486873835324
3,purge,3720.0,100.05103862870116,6.956824680187794,0.0695327582355764,1.7769998087041157,1.0,2.5820342130250613e-05,1.0000012910171066,-0.015519856307220718
3,purge,3722.0,100.05099814356491,6.882186020950268,0.06878678022856803,1.746568972865932,1.0,2.113998295519205e-05,1.0000010569991478,-0.014914890270613589
3,purge,3724.0,100.05095920235638,6.8102763048654795,0.0680680761000149,1.7173248647531911,1.0,1.73080037367506e-05,1.0000008654001868,-0.014332997052149155
3,purge,3726.0,100.05092175242402,6.741011863136866,0.06737580968836548,1.6892221269703767,1.0,1.4170643954046128e-05,1.0000007085321978,-0.01377338943712338
3,purge,3728.0,100.05088574175137,6.674309041431091,0.06670914497107637,1.6622169676637129,1.0,1.1602015947840706e-05,1.0000005801007974,-0.013235289780834944
3,purge,3730.0,100.05085111919374,6.610084720990364,0.06606725127321067,1.6362671381010396,1.0,9.499000343150897e-06,1.000000474950017,-0.012717933541753133
3,purge,3732.0,100.05081783465316,6.548256718832815,0.06544930726757926,1.611331903261831,1.0,7.777175381513969e-06,1.0000003888587692,-0.012220571868439035
3,purge,3734.0,100.05078583920924,6.488744105781579,0.06485450415361636,1.5873720082377902,1.0,6.367448392009255e-06,1.0000003183724195,-0.011742473555010041
3,purge,3736.0,100.05075508521672,6.431467457068878,0.06428204816236494,1.5643496415777618,1.0,5.213261884219283e-06,1.0000002606630942,-0.011282926487285547
3,purge,3738.0,100.05072552637267,6.376349042999181,0.06373116246236936,1.5422283961346368,1.0,4.268312806281729e-06,1.0000002134156403,-0.010841238638703834
3,purge,3740.0,100.05069711776078,6.323312973973401,0.0632010886094156,1.5209732283290331,1.0,3.4946605783213716e-06,1.000000174733029,-0.010416738731329572
3,purge,3742.0,100.05066981587369,6.272285298839485,0.0626910875297743,1.5005504161170262,1.0,2.8612359427593756e-06,1.000000143061797,-0.010008776558305173
3,purge,3744.0,100.0506435786201,6.223194072738233,0.06220044019854832,1.4809275165914804,1.0,2.3426161527446575e-06,1.0000001171308077,-0.00961672309123047
3,purge,3746.0,100.05061836532212,6.175969402115649,0.06172844808979471,1.4620733236841192,1.0,1.9179986278756105e-06,1.0000000958999313,-0.009239970434752644
3,purge,3748.0,100.05059413670377,6.130543469677575,0.06127443342616366,1.4439578261461918,1.0,1.5703495924261685e-06,1.0000000785174796,-0.008877931650241744
3,purge,3750.0,100.05057085487066,6.086850540983889,0.06083773924501871,1.4265521659340807,1.0,1.2857166180808033e-06,1.0000000642858309,-0.008530040459719512
3,purge,3752.0,100.05054848328507,6.044826956548535,0.06041772931967898,1.4098285972203202,1.0,1.0526741183389508e-06,1.0000000526337058,-0.008195750858594099
3,purge,3754.0,100.05052698673535,6.004411113125267,0.06001378797256438,1.3937604462622457,1.0,8.618702491610408e-07,1.0000000430935125,-0.007874536666450572
3,purge,3756.0,100.05050633130332,5.965543437042079,0.059625319808857456,1.3783220722491192,1.0,7.056505165458548e-07,1.0000000352825258,-0.0075658910375794785
3,purge,3758.0,100.05048648433005,5.928166351039055,0.0592517493852219,1.3634888291676808,1.0,5.777473331294501e-07,1.0000000288873667,-0.007269325940433775
3,purge,3760.0,100.05046741437835,5.892224235666596,0.05889252082414379,1.3492370287166453,1.0,4.730277540190281e-07,1.0000000236513877,-0.006984371612684773
3,purge,3762.0,100.05044909119665,5.857663386397186,0.058547097385418884,1.3355439043165875,1.0,3.872889282485477e-07,1.0000000193644465,-0.0067105760009677174
3,purge,3764.0,100.05043148568004,5.824431967902687,0.058214961009301826,1.322387576252837,1.0,3.170904237834855e-07,1.0000000158545213,-0.006447504194526188
3,purge,3766.0,100.05041456983291,5.792479966306175,0.057895611839400785,1.3097470179602375,1.0,2.5961580992032516e-07,1.0000000129807904,-0.006194737858873012
3,purge,3768.0,100.05039831673132,5.7617591400866,0.05758856773209934,1.297602023438464,1.0,2.1255897944219947e-07,1.000000010627949,-0.005951874672765315
3,purge,3770.0,100.05038270048534,5.732222969998199,0.05729336375612276,1.2859331757836652,1.0,1.7403153720031317e-07,1.0000000087015768,-0.005718527771074289
3,purge,3772.0,100.05036769620294,5.703826608517455,0.057009551687374004,1.2747218168239582,1.0,1.4248734675651203e-07,1.0000000071243673,-0.005494325196348694
3,purge,3774.0,100.05035327995361,5.676526829256297,0.05673669950342558,1.2639500178424288,1.0,1.1666065836695968e-07,1.000000005833033,-0.00527890936153505
3,purge,3776.0,100.05033942873341,5.650281976629007,0.05647439088054013,1.2536005513639632,1.0,9.55152160005092e-08,1.000000004775761,-0.005071936525410784
3,purge,3778.0,100.05032612043068,5.625051915983657,0.05622222469532759,1.243656863977739,1.0,7.820254432651118e-08,1.0000000039101273,-0.004873076281570206
3,purge,3780.0,100.05031333379297,5.600797984343517,0.05597981453249275,1.2341030501345243,1.0,6.402769699077624e-08,1.000000003201385,-0.004682011061086834
4,pressurization,3780.0,100.05031333379297,5.600797984343517,0.05597981453249275,1.2341030501345243,1.0,6.402769699077624e-08,1.000000003201385,-0.004682011061086834
4,pressurization,3782.0,100.00030104841527,7.7288429905401745,0.07728819723050878,1.2249238424049027,1.0,5.242164621785658e-08,1.0000000026210822,-0.004498435959214006
4,pressurization,3784.0,100.00028924462346,9.73082673613391,0.09730798590322168,1.2161045234839103,1.0,4.2919268421569894e-08,1.0000000021459634,-0.0043220569926488385
4,pressurization,3786.0,99.99977390012756,9.246542894373317,0.09246563800842277,1.2185165778030576,1.0,0.009895891663547868,1.0004947945831775,0.0033484639415061845
4,pressurization,3788.0,99.99987477939756,8.160349325161208,0.08160359543612591,1.2236549521637934,1.0,0.008102070025629415,1.0004051035012815,0.0018465155767150782
4,pressurization,3790.0,99.9999550239573,7.642399569385692,0.0764240300663613,1.2261072884990702,1.0,0.006633411787980471,1.000331670589399,0.0006519154246433637
4,pressurization,3792.0,100.00001847127446,7.576616499798767,0.07576615100301398,1.2264292504215362,1.0,0.005430978094834943,1.0002715489047418,-0.0002924220944594651
4,pressurization,3794.0,100.00006824012333,7.887951451908813,0.07887946069164689,1.2250731141581466,1.0,0.0044465103483167946,1.0002223255174159,-0.0010331842114758292
4,pressurization,3796.0,100.00010690884619,8.497019184362106,0.08497010100306646,1.222406613539442,1.0,0.003640494293616749,1.0001820247146809,-0.0016085467217677773
4,pressurization,3798.0,100.00013656692506,9.330553271165401,0.0933054052873311,1.218728285728052,1.0,0.0029805833142077126,1.0001490291657105,-0.0020497107294790195
4,pressurization,3800.0,99.99988574084793,10.070294321858439,0.1007030582810449,1.2154454185375498,1.0,0.00795621703208841,1.0003978108516045,0.0018969409142779606
4,pressurization,3802.0,99.99992733139847,9.366423964879125,0.09366430771333378,1.21877477401929,1.0,0.006974580600943592,1.0003487290300475,0.0010646773883502027
4,pressurization,3804.0,99.99999503171408,9.138115030331807,0.09138115484339515,1.2198568017582612,1.0,0.005710302435548521,1.0002855151217773,5.689986456262646e-05
4,pressurization,3806.0,100.0000483180842,9.298929854933553,0.09298925361870966,1.2191452745826152,1.0,0.0046752001896202995,1.000233760009481,-0.0007362493437484732
4,pressurization,3808.0,100.00008989801412,9.775480158674,0.09775471370719366,1.2170279569122993,1.0,0.003827729998185898,1.0001913864999092,-0.0013549297396609843
4,pressurization,3810.0,99.99991907677428,9.855192981815302,0.0985520095696182,1.2167308380624762,1.0,0.00707989695497666,1.000353994847749,0.0011877028636322721
4,pressurization,3812.0,99.99998807979208,9.579046314591219,0.09579047456433593,1.2180388524878407,1.0,0.005796531079068993,1.0002898265539535,0.00016051719191700081
4,pressurization,3814.0,100.00004244826127,9.696625027580671,0.0969662091153369,1.217518040804588,1.0,0.004745798254701583,1.000237289912735,-0.0006486381774245274
4,pressurization,3816.0,99.99997961008063,10.059780911775286,0.1005978296295692,1.2158989363479622,1.0,0.006135424523652626,1.0003067712261826,0.0004676524014898068
4,pressurization,3818.0,99.99998293217507,9.76564608517318,0.09765647751956844,1.2172900593796279,1.0,0.005875637527901744,1.000293781876395,0.00023719608417080342
4,pressurization,3820.0,100.00003821714988,9.852283491274608,0.098522797260141,1.2169081706749012,1.0,0.004810565832654194,1.0002405282916327,-0.000585922064027749
4,pressurization,3822.0,99.99995116621652,9.951538077408541,0.0995154293712347,1.2164903213846747,1.0,0.006461395721315637,1.0003230697860659,0.0007100822349327051
4,pressurization,3824.0,100.00001314944913,9.85513289671982,0.09855131600824302,1.2169510897653082,1.0,0.005290145894617486,1.000264507294731,-0.00021270799750452608
4,pressurization,3826.0,99.99996510928987,10.027626719276503,0.10027630217987896,1.2161842617107734,1.0,0.006294765858531885,1.0003147382929265,0.000586232135439402
4,pressurization,3828.0,100.00000832493468,9.899452965953062,0.09899452141830138,1.2167930165914398,1.0,0.005378356066193322,1.0002689178033097,-0.00014074260019800776
4,pressurization,3830.0,99.9999599769014,10.004594884455612,0.10004598888606091,1.2163310350509922,1.0,0.006307143167119223,1.000315357158356,0.0005929509693331498
4,pressurization,3832.0,100.00001893370413,9.950210634604675,0.09950208750661589,1.2165960782695135,1.0,0.005170794694288114,1.0002585397347143,-0.00029870170384554355
4,pressurization,3834.0,99.99998473662085,9.956697855992816,0.09956699375721592,1.2165866402263525,1.0,0.0058232369776150825,1.0002911618488808,0.00021039203801271095
4,pressurization,3836.0,100.0000015498202,10.028744168037601,0.10028744012610102,1.2162681838778568,1.0,0.005605734372877258,1.0002802867186438,4.71091332871242e-05
4,pressurization,3838.0,100.0000173445713,9.981184068981827,0.0998118233778854,1.2164987433327077,1.0,0.005198226232212848,1.0002599113116106,-0.0002753584055281296
4,pressurization,3840.0,100.00000041464563,9.970624703688296,0.09970624662345538,1.2165605416610463,1.0,0.005523388980705388,1.0002761694490352,-2.2967428270721176e-05
4,adsorption,3840.0,100.00000041464563,9.970624703688296,0.09970624662345538,1.2165605416610463,1.0,0.005523388980705388,1.0002761694490352,-2.2967428270721176e-05
4,adsorption,3842.0,100.04648455916086,8.569097357035453,0.08565115900667411,1.3046198448557202,1.0,0.0748649793704939,1.0037432489685247,0.05230228701187084
4,adsorption,3844.0,100.04731850984528,9.79426522089375,0.09789632912480242,1.3963689307713072,1.0,0.06129426094531279,1.0030647130472656,0.03988214492191784
4,adsorption,3846.0,100.0473068306001,10.086611374278188,0.10081841974374,1.4771899464892677,1.0,0.06391730765501985,1.003195865382751,0.04031170104113014
4,adsorption,3848.0,100.04726035360189,10.081239753531449,0.10076477574599077,1.5590393168083634,1.0,0.066874086853237,1.003343704342662,0.040981001409357586
4,adsorption,3850.0,100.0472629663902,10.078590521942619,0.10073829331371525,1.6409160470534734,1.0,0.06890519127504871,1.0034452595637524,0.04092772825346853
4,adsorption,3852.0,100.0472649862307,10.081337017129071,0.10076574325661522,1.7227340138060996,1.0,0.07096705831107852,1.003548352915554,0.04089962520651926
4,adsorption,3854.0,100.04726593239562,10.083440852949588,0.10078677072258244,1.8045208734598968,1.0,0.07304612849319657,1.0036523064246599,0.04088556275549539
4,adsorption,3856.0,100.04726701939545,10.08549186730803,0.10080727008117897,1.8862756658564854,1.0,0.07512148656012406,1.0037560743280063,0.04086924619976706
4,adsorption,3858.0,100.04726811130976,10.087564942726676,0.10082798994075018,1.9679978496532768,1.0,0.07719600359462779,1.0038598001797314,0.040852925810744144
4,adsorption,3860.0,100.04726919664134,10.089635913922605,0.10084868877421915,2.0496875327426713,1.0,0.07926980798205517,1.0039634903991028,0.04083669957114961
4,adsorption,3862.0,100.04727028122352,10.091704023125551,0.10086935900158708,2.131344738705188,1.0,0.08134278604617981,1.004067139302309,0.040820478341916495
4,adsorption,3864.0,100.04727136541052,10.093772521552618,0.10089003311930754,2.2129694642842077,1.0,0.08341494356717044,1.0041707471783585,0.040804266696708794
4,adsorption,3866.0,100.04727245072974,10.095841145666693,0.10091070849171413,2.2945617244213543,1.0,0.08548625074830134,1.0042743125374152,0.040788041095247966
4,adsorption,3868.0,100.0472735383024,10.097908681181474,0.10093137298054966,2.3761215379135807,1.0,0.08755668195723258,1.0043778340978615,0.040771781168369804
4,adsorption,3870.0,100.0472746227112,10.099971886188019,0.10095199418750862,2.457648923377494,1.0,0.08962632847967954,1.004481316423984,0.040755557746600175
4,adsorption,3872.0,100.04727570423854,10.102037180054971,0.10097263627566215,2.5391438627273666,1.0,0.09169520938296119,1.0045847604691482,0.04073938606416241
4,adsorption,3874.0,100.04727678976118,10.10410137776409,0.10099326740293788,2.6206063925421574,1.0,0.09376318198832775,1.0046881590994163,0.04072315410005252
4,adsorption,3876.0,100.04727787220594,10.106164083961236,0.10101388362480197,2.7020365153024244,1.0,0.09583037982267191,1.0047915189911336,0.04070696595563561
4,adsorption,3878.0,100.04727895570224,10.108226453115824,0.10103449647632523,2.7834342430105137,1.0,0.09789672885957011,1.0048948364429786,0.04069076365025442
4,adsorption,3880.0,100.04728003792407,10.110287932979212,0.1010551004399799,2.8647995869316314,1.0,0.09996227163722442,1.0049981135818613,0.04067458013840242
4,adsorption,3882.0,100.04728112019757,10.11234844769727,0.10107569475624446,2.946132561635736,1.0,0.1020269829224195,1.005101349146121,0.0406583954467725
4,adsorption,3884.0,100.0472822020516,10.114408278220248,0.10109628223377004,3.0274331754645805,1.0,0.10409087301197723,1.005204543650599,0.040642217440050636
4,adsorption,3886.0,100.0472832834392,10.116467237870921,0.10111686100671459,3.108701440410253,1.0,0.10615394238408872,1.0053076971192045,0.040626046251384156
4,adsorption,3888.0,100.04728436447519,10.118525366210232,0.10113743147038502,3.18993736784672,1.0,0.10821618928935559,1.0054108094644678,0.04060988028876296
4,adsorption,3890.0,100.0472854451359,10.120582687564964,0.10115799386795862,3.271140969044003,1.0,0.11027761456268398,1.0055138807281343,0.040593719978013455
4,adsorption,3892.0,100.04728652540804,10.122639186918198,0.10117854804935114,3.3523122554648537,1.0,0.11233821869338953,1.0056169109346695,0.04057756547154677
4,adsorption,3894.0,100.04728760530034,10.124694864963494,0.10119909402148654,3.4334512385230207,1.0,0.11439800180771675,1.0057199000903858,0.04056141663955866
4,adsorption,3896.0,100.04728868481264,10.126749724733134,0.10121963181467399,3.51455792930644,1.0,0.1164569642045304,1.0058228482102265,0.04054527349340493
4,adsorption,3898.0,100.04728976394334,10.128803765557057,0.10124016142221813,3.5956323397401153,1.0,0.11851510621539428,1.0059257553107697,0.04052913605320524
4,adsorption,3900.0,100.04729084269337,10.130856987470903,0.10126068284447481,3.676674479925829,1.0,0.1205724280835422,1.0060286214041771,0.04051300430664634
4,adsorption,3902.0,100.04729192106271,10.13290939114057,0.10128119608810035,3.7576843616100124,1.0,0.12262893010728299,1.0061314465053641,0.04049687825148049
4,adsorption,3904.0,100.04729299905132,10.134960976719087,0.10130170115462485,3.8386619966972786,1.0,0.12468461259536544,1.0062342306297682,0.04048075789043947
4,adsorption,3906.0,100.04729407665945,10.137011744433972,0.10132219804632264,3.919607396800965,1.0,0.1267394758404476,1.0063369737920225,0.04046464321952982
4,adsorption,3908.0,100.04729515388723,10.13906169468924,0.10134268676723238,4.000520573309915,1.0,0.12879352013229947,1.006439676006615,0.04044853423699528
4,adsorption,3910.0,100.04729623073452,10.141110827734225,0.10136316731984685,4.081401537557053,1.0,0.13084674576135782,1.006542337288068,0.04043243094271807
4,adsorption,3912.0,100.04729730720163,10.143159143831792,0.10138363970679361,4.162250300894292,1.0,0.13289915301595945,1.0066449576507979,0.04041633333456254
4,adsorption,3914.0,100.04729838328863,10.145206643304942,0.10140410393130159,4.24306687469251,1.0,0.13495074218561676,1.0067475371092809,0.04040024141093088
4,adsorption,3916.0,100.0472994589955,10.147253326433416,0.10142455999616742,4.323851270325238,1.0,0.13700151356062193,1.0068500756780312,0.04038415517078035
4,adsorption,3918.0,100.04730053432247,10.149299193497583,0.10144500790419368,4.404603499160458,1.0,0.1390514674303681,1.0069525733715183,0.04036807461247795
4,adsorption,3920.0,100.04730160926961,10.15134424479643,0.10146544765836928,4.485323572560492,1.0,0.14110060408426012,1.007055030204213,0.040351999734513075
4,adsorption,3922.0,100.04730268383695,10.153388480616748,0.10148587926156125,4.5660115018841045,1.0,0.14314892381185107,1.0071574461905926,0.04033593053556175
4,adsorption,3924.0,100.04730375802458,10.15543190124448,0.101506302716628,4.646667298487478,1.0,0.14519642690240697,1.0072598213451203,0.04031986701412787
4,adsorption,3926.0,100.04730483183276,10.157474506971441,0.10152671802648665,4.727290973724174,1.0,0.14724311364516057,1.007362155682258,0.04030380916874177
4,adsorption,3928.0,100.04730590526138,10.159516298085927,0.10154712519401934,4.807882538944955,1.0,0.14928898432934856,1.0074644492164675,0.04028775699799279
4,adsorption,3930.0,100.04730697831067,10.161557274875735,0.10156752422210291,4.88844200549766,1.0,0.15133403924407024,1.0075667019622034,0.040271710500421595
4,adsorption,3932.0,100.0473080509807,10.16359743763034,0.1015879151136312,4.968969384727198,1.0,0.15337827867835505,1.0076689139339177,0.04025566967457298
4,adsorption,3934.0,100.04730912327148,10.165636786638238,0.1016082978714883,5.04946468797557,1.0,0.15542170292118054,1.007771085146059,0.04023963451900942
4,adsorption,3936.0,100.04731019518329,10.1676753221877,0.10162867249855576,5.129927926581892,1.0,0.15746431226143637,1.0078732156130719,0.04022360503228255
4,adsorption,3938.0,100.04731126671602,10.169713044567317,0.10164903899771868,5.210359111882384,1.0,0.15950610698793433,1.0079753053493967,0.040207581212941094
4,adsorption,3940.0,100.0473123378699,10.171749954065518,0.10166939737186034,5.290758255210376,1.0,0.16154708738942178,1.008077354369471,0.040191563059541476
4,adsorption,3942.0,100.047313408645,10.173786050970476,0.1016897476238614,5.371125367896304,1.0,0.163587253754566,1.0081793626877282,0.04017555057063541
4,adsorption,3944.0,100.04731447904132,10.175821335570445,0.10171008975660366,5.451460461267705,1.0,0.1656266063719575,1.0082813303185978,0.04015954374477275
4,adsorption,3946.0,100.04731554905916,10.177855808153687,0.10173042377296847,5.5317635466492225,1.0,0.16766514553012096,1.0083832572765061,0.040143542580509915
4,adsorption,3948.0,100.04731661869846,10.179889469008131,0.10175074967583438,5.612034635362607,1.0,0.1697028715175022,1.008485143575875,0.04012754707639958
4,adsorption,3950.0,100.04731768795935,10.1819223184218,0.10177106746808054,5.692273738726712,1.0,0.1717397846224674,1.0085869892311237,0.04011155723099032
4,adsorption,3952.0,100.04731875684188,10.183954356682705,0.10179137715258622,5.772480868057498,1.0,0.17377588513331615,1.0086887942566658,0.04009557304283666
4,adsorption,3954.0,100.0473198253463,10.185985584078633,0.1018116787322281,5.852656034668026,1.0,0.1758111733382726,1.008790558666914,0.04007959451049209
4,adsorption,3956.0,100.04732089347257,10.188016000897363,0.10183197220988319,5.9327992498684665,1.0,0.17784564952548443,1.0088922824762743,0.04006362163250853
4,adsorption,3958.0,100.04732196122079,10.190045607426583,0.10185225758842735,6.0129105249660935,1.0,0.1798793139830229,1.0089939656991511,0.040047654407436004
4,adsorption,3960.0,100.0473230285911,10.192074403953985,0.10187253487073648,6.092989871265279,1.0,0.18191216699888924,1.0090956083499445,0.04003169283382803
4,adsorption,3962.0,100.04732409558359,10.194102390767057,0.10189280405968457,6.173037300067509,1.0,0.18394420886100937,1.0091972104430504,0.040015736910237125
4,adsorption,3964.0,100.04732516219838,10.1961295681533,0.10191306515814554,6.253052822671367,1.0,0.18597543985723336,1.0092987719928617,0.039999786635214696
4,adsorption,3966.0,100.04732622843547,10.198155936400125,0.10193331816899272,6.333036450372539,1.0,0.18800586027533786,1.0094002930137669,0.039983842007312746
4,adsorption,3968.0,100.0473272942951,10.20018149579485,0.10195356309509813,6.412988194463824,1.0,0.1900354704030247,1.0095017735201512,0.03996790302508278
4,adsorption,3970.0,100.04732835977727,10.20220624662476,0.10197379993933377,6.492908066235114,1.0,0.19206427052792316,1.0096032135263961,0.03995196968707778
4,adsorption,3972.0,100.04732942488214,10.20423018917702,0.10199402870457022,6.572796076973413,1.0,0.19409226093758777,1.0097046130468794,0.03993604199185021
4,adsorption,3974.0,100.04733048960968,10.206253323738695,0.10201424939367726,6.652652237962824,1.0,0.196119441919495,1.0098059720959747,0.03992011993794963
4,adsorption,3976.0,100.04733155396019,10.208275650596908,0.10203446200952504,6.732476560484557,1.0,0.19814581376105136,1.0099072906880526,0.03990420352392894
4,adsorption,3978.0,100.04733261793355,10.21029717003853,0.10205466655498145,6.81226905581692,1.0,0.2001713767495868,1.0100085688374794,0.03988829274833929
4,adsorption,3980.0,100.04733368153003,10.212317882350513,0.10207486303291491,6.89202973523533,1.0,0.20219613117235916,1.010109806558618,0.03987238760973353
4,adsorption,3982.0,100.04733474474962,10.214337787819609,0.10209505144619206,6.971758610012303,1.0,0.204220077316549,1.0102110038658274,0.039856488106662154
4,adsorption,3984.0,100.04733580759248,10.216356886732605,0.1021152317976797,7.0514556914175,1.0,0.20624321546926422,1.0103121607734633,0.039840594237676094
4,adsorption,3986.0,100.0473368700586,10.218375179376121,0.10213540409024316,7.131120990717571,1.0,0.20826554591753607,1.0104132772958767,0.03982470600132672
4,adsorption,3988.0,100.04733793214822,10.220392666036794,0.1021555683267478,7.210754519176527,1.0,0.2102870689483301,1.0105143534474166,0.03980882339616695
4,adsorption,3990.0,100.04733899386139,10.222409347001069,0.10217572451005706,7.290356288055271,1.0,0.21230778484852897,1.0106153892424266,0.039792946420747176
4,adsorption,3992.0,100.04734005519818,10.224425222555471,0.10219587264303524,7.3699263086117375,1.0,0.21432769390494213,1.0107163846952474,0.03977707507362013
4,adsorption,3994.0,100.04734111615863,10.226440292986242,0.10221601272854386,7.4494645921009734,1.0,0.2163467964043004,1.010817339820215,0.039761209353334846
4,adsorption,3996.0,100.04734217674294,10.228454558579797,0.10223614476944604,7.528971149775287,1.0,0.21836509263326773,1.0109182546316633,0.039745349258443086
4,adsorption,3998.0,100.04734323695122,10.230468019622293,0.10225626876860233,7.608445992883846,1.0,0.220382582878428,1.0110191291439214,0.03972949478749693
4,adsorption,4000.0,100.04734429678348,10.232480676399854,0.10227638472887307,7.687889132673148,1.0,0.22239926742629432,1.0111199633713148,0.039713645939046596
4,adsorption,4002.0,100.04734535623987,10.234492529198581,0.10229649265311831,7.767300580386816,1.0,0.22441514656330783,1.0112207573281655,0.03969780271164381
4,adsorption,4004.0,100.04734641532048,10.23650357830446,0.10231659254419687,7.846680347265526,1.0,0.22643022057583392,1.0113215110287916,0.03968196510383995
4,adsorption,4006.0,100.0473474740253,10.238513824003343,0.10233668440496645,7.926028444547023,1.0,0.22844448975015783,1.011422224487508,0.039666133114182656
4,adsorption,4008.0,100.0473485323546,10.24052326658121,0.10235676823828568,8.005344883466151,1.0,0.23045795437249827,1.011522897718625,0.03965030674122563
4,adsorption,4010.0,100.04734959030846,10.242531906323753,0.10237684404701053,8.08462967525486,1.0,0.23247061472899966,1.01162353073645,0.03963448598352255
4,adsorption,4012.0,100.04735064788682,10.244539743516588,0.10239691183399639,8.1638828311422,1.0,0.2344824711057227,1.011724123555286,0.0396186708396197
4,adsorption,4014.0,100.04735170508992,10.246546778445484,0.1024169716020998,8.24310436235433,1.0,0.2364935237886611,1.011824676189433,0.039602861308069066
4,adsorption,4016.0,100.04735276191784,10.248553011395895,0.10243702335417434,8.322294280114505,1.0,0.23850377306373338,1.0119251886531868,0.03958705738742193
4,adsorption,4018.0,100.0473538183706,10.25055844265329,0.1024570670930738,8.401452595643079,1.0,0.24051321921678073,1.0120256609608391,0.03957125907622739
4,adsorption,4020.0,100.04735487444833,10.252563072503134,0.10247710282165189,8.48057932015751,1.0,0.24252186253357516,1.0121260931266787,0.039555466373038424
4,adsorption,4022.0,100.0473559301512,10.25456690123069,0.10249713054276008,8.559674464872362,1.0,0.2445297032998116,1.0122264851649905,0.039539679276405816
4,adsorption,4024.0,100.0473569854792,10.256569929121179,0.10251715025924983,8.638738040999293,1.0,0.2465367418011056,1.0123268370900553,0.039523897784876506
4,adsorption,4026.0,100.04735804043253,10.258572156459865,0.10253716197397265,8.717770059747064,1.0,0.2485429783230053,1.0124271489161503,0.03950812189700287
4,adsorption,4028.0,100.04735909501127,10.260573583531835,0.10255716568977846,8.796770532321538,1.0,0.2505484131509867,1.0125274206575494,0.03949235161133886
4,adsorption,4030.0,100.04736014921538,10.262574210621974,0.10257716140951528,8.875739469925682,1.0,0.252553046570441,1.012627652328522,0.03947658692643036
4,adsorption,4032.0,100.04736120304506,10.26457403801539,0.10259714913603311,8.954676883759554,1.0,0.25455687886668976,1.0127278439433345,0.03946082784082694
4,adsorption,4034.0,100.04736225650048,10.266573065996974,0.10261712887217984,9.033582785020323,1.0,0.2565599103249884,1.0128279955162494,0.03944507435308451
4,adsorption,4036.0,100.04736330958158,10.268571294851318,0.10263710062080057,9.112457184902254,1.0,0.2585621412305031,1.0129281070615253,0.03942932646174735
4,adsorption,4038.0,100.04736436228868,10.270568724863445,0.10265706438474433,9.191300094596711,1.0,0.2605635718683391,1.013028178593417,0.039413584165370295
4,adsorption,4040.0,100.04736541462161,10.272565356317761,0.10267702016685447,9.270111525292167,1.0,0.2625642025235201,1.013128210126176,0.03939784746250235
4,adsorption,4042.0,100.04736646658064,10.27456118949893,0.10269696796997647,9.348891488174182,1.0,0.26456403348099283,1.0132282016740497,0.03938211635169078
4,adsorption,4044.0,100.04736751816579,10.276556224691513,0.10271690779695508,9.427639994425427,1.0,0.2665630650256357,1.013328153251282,0.039366390831487345
4,adsorption,4046.0,100.0473685693772,10.278550462179904,0.1027368396506332,9.506357055225667,1.0,0.2685612974422547,1.0134280648721128,0.03935067090044535
4,adsorption,4048.0,100.04736962021492,10.280543902248343,0.10275676353385231,9.58504268175177,1.0,0.2705587310155699,1.0135279365507786,0.03933495655710912
4,adsorption,4050.0,100.04737067067909,10.282536545181332,0.10277667944945644,9.6636968851777,1.0,0.27255536603023794,1.0136277683015118,0.039319247800031626
4,adsorption,4052.0,100.0473717207698,10.28452839126291,0.10279658740028495,9.742319676674528,1.0,0.2745512027708392,1.013727560138542,0.03930354462776403
4,adsorption,4054.0,100.04737277048719,10.286519440777253,0.10281648738917866,9.820911067410421,1.0,0.2765462415218765,1.013827312076094,0.03928784703885527
4,adsorption,4056.0,100.04737381983135,10.288509694008455,0.10283637941897754,9.899471068550648,1.0,0.27854048256778036,1.013927024128389,0.03927215503185574
4,adsorption,4058.0,100.04737486880225,10.290499151240448,0.10285626349252001,9.977999691257574,1.0,0.28053392619290574,1.0140266963096454,0.039256468605315016
4,adsorption,4060.0,100.0473759174001,10.292487812757141,0.10287613961264412,10.05649694669067,1.0,0.28252657268153153,1.0141263286340765,0.039240787757781184
4,adsorption,4062.0,100.047376965625,10.294475678842435,0.10289600778218788,10.134962846006497,1.0,0.28451842231786595,1.0142259211158933,0.0392251124878055
4,adsorption,4064.0,100.04737801347694,10.296462749779996,0.10291586800398711,10.213397400358721,1.0,0.2865094753860404,1.014325473769302,0.039209442793937094
4,adsorption,4066.0,100.04737906095616,10.298449025853593,0.10293572028087841,10.29180062089811,1.0,0.2884997321701136,1.0144249866085058,0.03919377867472647
4,adsorption,4068.0,100.04738010806268,10.300434507346788,0.10295556461569641,10.370172518772524,1.0,0.2904891929540688,1.0145244596477034,0.039178120128723175
4,adsorption,4070.0,100.04738115479658,10.302419194543127,0.1029754010112757,10.44851310512693,1.0,0.2924778580218139,1.0146238929010907,0.03916246715447628
4,adsorption,4072.0,100.04738220115802,10.304403087726051,0.10299522947044965,10.526822391103389,1.0,0.2944657276571807,1.014723286382859,0.039146819750533225
4,adsorption,4074.0,100.04738324714707,10.306386187179067,0.10301504999605235,10.605100387841064,1.0,0.29645280214393605,1.0148226401071967,0.03913117791544886
4,adsorption,4076.0,100.04738429276388,10.308368493185304,0.10303486259091413,10.683347106476214,1.0,0.29843908176576217,1.0149219540882881,0.039115541647770265
4,adsorption,4078.0,100.04738533800841,10.310350006028132,0.10305466725786774,10.761562558142204,1.0,0.3004245668062693,1.0150212283403135,0.03909991094604599
4,adsorption,4080.0,100.04738638288077,10.312330725990632,0.10307446399974309,10.83974675396949,1.0,0.30240925754899195,1.0151204628774495,0.03908428580882396
4,adsorption,4082.0,100.04738742738121,10.31431065335599,0.10309425281937093,10.91789970508563,1.0,0.30439315427739555,1.0152196577138697,0.039068666234655984
4,adsorption,4084.0,100.04738847150979,10.316289788407207,0.10311403371958026,10.996021422615279,1.0,0.306376257274873,1.0153188128637436,0.039053052222095395
4,adsorption,4086.0,100.04738951526652,10.318268131427027,0.1031338067031977,11.074111917680197,1.0,0.30835856682472623,1.0154179283412363,0.039037443769682545
4,adsorption,4088.0,100.04739055865149,10.320245682698657,0.10315357177305434,11.152171201399236,1.0,0.3103400832102013,1.0155170041605102,0.03902184087597231
4,adsorption,4090.0,100.04739160166486,10.322222442504593,0.10317332893197413,11.230199284888347,1.0,0.3123208067144619,1.015616040335723,0.03900624353951336
4,adsorption,4092.0,100.04739264430665,10.324198411127702,0.10319307818278475,11.308196179260582,1.0,0.3143007376205965,1.01571503688103,0.038990651758853696
4,adsorption,4094.0,100.04739368657715,10.326173588850681,0.10321281952831213,11.386161895626092,1.0,0.3162798762116283,1.0158139938105815,0.03897506553254825
4,adsorption,4096.0,100.04739472847619,10.328147975955837,0.10323255297137855,11.464096445092128,1.0,0.31825822277048826,1.0159129111385243,0.03895948485913833
4,adsorption,4098.0,100.04739577000406,10.330121572725941,0.10325227851481059,11.541999838763033,1.0,0.3202357775800437,1.0160117888790021,0.03894390973717343
4,adsorption,4100.0,100.04739681116077,10.332094379443353,0.10327199616143096,11.619872087740248,1.0,0.3222125409230942,1.0161106270461546,0.038928340165208554
4,adsorption,4102.0,100.04739785194653,10.334066396390341,0.10329170591406121,11.697713203122325,1.0,0.32418851308235797,1.0162094256541179,0.03891277614179278
4,adsorption,4104.0,100.04739889236122,10.33603762384913,0.10331140777552292,11.775523196004901,1.0,0.32616369434046905,1.0163081847170234,0.038897217665467894
4,adsorption,4106.0,100.04739993240514,10.338008062102134,0.10333110174863899,11.853302077480716,1.0,0.3281380849800031,1.016406904249,0.038881664734788136
4,adsorption,4108.0,100.04740097207832,10.33997771143127,0.10335078783622775,11.931049858639609,1.0,0.33011168528345514,1.0165055842641728,0.03886611734830289
4,adsorption,4110.0,100.04740201138083,10.341946572118637,0.10337046604110915,12.008766550568511,1.0,0.33208449553324204,1.016604224776662,0.03885057550455861
4,adsorption,4112.0,100.04740305031277,10.343914644446302,0.10339013636610293,12.086452164351462,1.0,0.3340565160117129,1.0167028258005857,0.038835039202106826
4,adsorption,4114.0,100.04740408887429,10.345881928696002,0.1034097988140255,12.16410671106959,1.0,0.33602774700113525,1.016801387350057,0.038819508439493715
4,adsorption,4116.0,100.04740512706547,10.347848425149744,0.10342945338769588,12.241730201801124,1.0,0.33799818878370985,1.0168999094391855,0.03880398321527126
4,adsorption,4118.0,100.04740616488631,10.349814134089103,0.10344910008992901,12.319322647621394,1.0,0.3399678416415568,1.0169983920820778,0.03878846352798646
4,adsorption,4120.0,100.04740720233703,10.351779055795877,0.10346873892354172,12.39688405960282,1.0,0.341936705856724,1.0170968352928362,0.03877294937618834
4,adsorption,4122.0,100.04740823941768,10.35374319055162,0.10348836989134867,12.474414448814928,1.0,0.34390478171118527,1.0171952390855594,0.03875744075842598
4,adsorption,4124.0,100.0474092761284,10.355706538637882,0.10350799299616431,12.55191382632434,1.0,0.3458720694868413,1.0172936034743423,0.038741937673249474
4,adsorption,4126.0,100.04741031246917,10.357669100336016,0.10352760824080134,12.629382203194771,1.0,0.3478385694655102,1.0173919284732755,0.03872644011920257
4,adsorption,4128.0,100.04741134844018,10.3596308759276,0.10354721562807448,12.706819590487031,1.0,0.3498042819289486,1.0174902140964475,0.03871094809483933
4,adsorption,4130.0,100.04741238404152,10.361591865693763,0.10356681516079401,12.784225999259041,1.0,0.3517692071588332,1.0175884603579417,0.0386954615987091
4,adsorption,4132.0,100.04741341927333,10.363552069915778,0.10358640684177171,12.861601440565812,1.0,0.35373334543676205,1.017686667271838,0.0386799806293582
4,adsorption,4134.0,100.04741445413565,10.365511488874839,0.10360599067381857,12.938945925459446,1.0,0.35569669704426127,1.0177848348522134,0.03866450518533489
4,adsorption,4136.0,100.0474154886285,10.367470122851948,0.10362556665974372,13.016259464989158,1.0,0.35765926226278105,1.017882963113139,0.03864903526518611
4,adsorption,4138.0,100.04741652275212,10.36942797212823,0.10364513480235729,13.093542070201236,1.0,0.35962104137370327,1.0179810520686852,0.03863357086746388
4,adsorption,4140.0,100.0474175565065,10.371385036984504,0.10366469510446659,13.170793752139089,1.0,0.3615820346583313,1.0180791017329165,0.03861811199071668
4,adsorption,4142.0,100.0474185898918,10.373341317701662,0.10368424756887952,13.248014521843208,1.0,0.3635422423978912,1.0181771121198946,0.03860265863349101
4,adsorption,4144.0,100.04741962290814,10.37529681456056,0.10370379219840364,13.32520439035119,1.0,0.3655016648735415,1.018275083243677,0.03858721079433859
4,adsorption,4146.0,100.04742065555558,10.377251527841755,0.10372332899584365,13.402363368697731,1.0,0.3674603023663589,1.018373015118318,0.03857176847180538
4,adsorption,4148.0,100.04742168783419,10.379205457826046,0.10374285796400651,13.479491467914617,1.0,0.3694181551573517,1.0184709077578675,0.03855633166444204
4,adsorption,4150.0,100.04742271974406,10.381158604793786,0.10376237910569479,13.556588699030733,1.0,0.37137522352744384,1.0185687611763723,0.038540900370791595
4,adsorption,4152.0,100.04742375128538,10.383110969025763,0.10378189242371537,13.633655073072054,1.0,0.3733315077575014,1.018666575387875,0.038525474589410046
4,adsorption,4154.0,100.0474247824581,10.385062550802047,0.10380139792086804,13.710690601061673,1.0,0.37528700812830174,1.018764350406415,0.038510054318841934
4,adsorption,4156.0,100.04742581326249,10.387013350403155,0.10382089559995687,13.787695294019752,1.0,0.377241724920547,1.0188620862460274,0.03849463955763163
4,adsorption,4158.0,100.0474268436985,10.38896336810946,0.1038403854637848,13.864669162963567,1.0,0.3791956584148813,1.018959782920744,0.03847923030433613
4,adsorption,4160.0,100.04742787376631,10.390912604200874,0.10385986751514979,13.941612218907494,1.0,0.38114880889185954,1.019057440444593,0.03846382655750058
4,adsorption,4162.0,100.047428903466,10.392861058957704,0.10387934175685405,14.018524472863,1.0,0.38310117663196347,1.019155058831598,0.03844842831567153
4,adsorption,4164.0,100.04742993279764,10.394808732659916,0.10389880819169628,14.09540593583864,1.0,0.38505276191560234,1.01925263809578,0.03843303557739706
4,adsorption,4166.0,100.04743096176142,10.396755625587561,0.10391826682247593,14.172256618840082,1.0,0.3870035650231178,1.0193501782511558,0.03841764834123025
4,adsorption,4168.0,100.04743199035732,10.398701738020339,0.10393771765198909,14.249076532870086,1.0,0.3889535862347637,1.0194476793117384,0.038402266605714004
4,adsorption,4170.0,100.04743301858548,10.400647070238275,0.10395716068303505,14.3258656889285,1.0,0.390902825830729,1.0195451412915364,0.03838689036939866
4,adsorption,4172.0,100.047434046446,10.402591622521012,0.1039765959184092,14.402624098012275,1.0,0.3928512840911283,1.0196425642045563,0.03837151963083462
4,adsorption,4174.0,100.04743507393897,10.404535395148148,0.10399602336090663,14.479351771115459,1.0,0.3947989612959947,1.0197399480647997,0.03835615438856672
4,adsorption,4176.0,100.04743610106446,10.406478388399375,0.10401544301332329,14.556048719229194,1.0,0.3967458577252896,1.0198372928862645,0.038340794641142026
4,adsorption,4178.0,100.04743712782265,10.408420602554228,0.10403485487845347,14.632714953341717,1.0,0.39869197365890696,1.0199345986829453,0.03832544038711313
4,adsorption,4180.0,100.04743815421352,10.410362037892043,0.10405425895908968,14.709350484438367,1.0,0.40063730937665926,1.020031865468833,0.03831009162502691
4,adsorption,4182.0,100.04743918023738,10.412302694692276,0.10407365525802531,14.785955323501579,1.0,0.40258186515828664,1.0201290932579146,0.03829474835343206
4,adsorption,4184.0,100.04744020589403,10.414242573234153,0.10409304377805186,14.862529481510878,1.0,0.404525641283451,1.0202262820641725,0.03827941057087427
4,adsorption,4186.0,100.04744123118375,10.416181673796968,0.1041124245219612,14.939072969442892,1.0,0.40646863803174604,1.0203234319015873,0.038264078275904126
4,adsorption,4188.0,100.04744225610666,10.418119996659833,0.10413179749254345,15.015585798271346,1.0,0.4084108556826901,1.0204205427841344,0.038248751467071414
4,adsorption,4190.0,100.0474432806628,10.42005754210177,0.10415116269258788,15.092067978967057,1.0,0.4103522945157219,1.0205176147257862,0.03823343014292197
4,adsorption,4192.0,100.04744430485222,10.421994310401791,0.10417052012488372,15.168519522497942,1.0,0.41229295481020484,1.0206146477405103,0.03821811430200095
4,adsorption,4194.0,100.0474453286751,10.423930301838881,0.10418986979221975,15.244940439829005,1.0,0.4142328368454348,1.0207116418422717,0.03820280394285909
4,adsorption,4196.0,100.04744635213153,10.42586551669189,0.10420921169738345,15.32133074192236,1.0,0.4161719409006362,1.0208085970450318,0.038187499064049085
4,adsorption,4198.0,100.04744737522152,10.42779995523941,0.10422854584315996,15.397690439737207,1.0,0.41811026725494527,1.0209055133627474,0.03817219966411318
4,adsorption,4200.0,100.04744839794525,10.429733617760384,0.10424787223233761,15.474019544229852,1.0,0.4200478161874338,1.0210023908093717,0.03815690574160138
4,adsorption,4202.0,100.04744942030281,10.43166650453327,0.10426719086769996,15.550318066353686,1.0,0.42198458797709626,1.0210992293988548,0.03814161729506139
4,adsorption,4204.0,100.0474504422942,10.433598615836631,0.1042865017520318,15.626586017059198,1.0,0.42392058290284934,1.0211960291451425,0.03812633432303856
4,adsorption,4206.0,100.04745146391974,10.435529951949139,0.1043058048881187,15.702823407293982,1.0,0.42585580124355105,1.0212927900621775,0.038111056824090224
4,adsorption,4208.0,100.04745248517929,10.437460513148828,0.10432510027874023,15.779030248002728,1.0,0.4277902432779634,1.021389512163898,0.038095784796756925
4,adsorption,4210.0,100.04745350607311,10.439390299714335,0.1043443879266816,15.85520655012721,1.0,0.429723909284783,1.0214861954642394,0.03808051823958658
4,adsorption,4212.0,100.04745452660116,10.441319311923742,0.10436366783472284,15.931352324606303,1.0,0.4316567995426309,1.0215828399771318,0.0380652571511261
4,adsorption,4214.0,100.0474555467637,10.443247550055366,0.10438294000564596,16.00746758237598,1.0,0.4335889143300616,1.021679445716503,0.038050001529928455
4,adsorption,4216.0,100.04745656656065,10.445175014387196,0.10440220444223006,16.083552334369315,1.0,0.43552025392554977,1.0217760126962774,0.038034751374542514
4,adsorption,4218.0,100.04745758599225,10.447101705197202,0.10442146114725369,16.159606591516475,1.0,0.43745081860748647,1.0218725409303744,0.03801950668350999
4,adsorption,4220.0,100.04745860505852,10.449027622763557,0.10444071012349776,16.235630364744715,1.0,0.4393806086542018,1.02196903043271,0.03800426745538313
4,adsorption,4222.0,100.04745962375951,10.450952767363892,0.10445995137373759,16.311623664978402,1.0,0.44130962434394394,1.0220654812171972,0.03798903368870826
4,adsorption,4224.0,100.04746064209544,10.452877139276186,0.10447918490075188,16.387586503138976,1.0,0.4432378659548893,1.0221618932977445,0.037973805382034126
4,adsorption,4226.0,100.04746166006638,10.454800738778085,0.10449841070731619,16.463518890144993,1.0,0.44516533376513884,1.0222582666882571,0.037958582533908464
4,adsorption,4228.0,100.04746267767237,10.456723566147309,0.10451762879620674,16.5394208369121,1.0,0.44709202805272336,1.0223546014026361,0.03794336514288225
4,adsorption,4230.0,100.04746369491349,10.458645621661251,0.10453683917019659,16.615292354353038,1.0,0.44901794909558557,1.0224508974547792,0.03792815320749604
4,adsorption,4232.0,100.04746471178997,10.460566905597712,0.10455604183206253,16.69113345337764,1.0,0.4509430971716092,1.0225471548585805,0.03791294672630244
4,adsorption,4234.0,100.04746572830176,10.462487418233948,0.10457523678457642,16.76694414489284,1.0,0.4528674725586028,1.0226433736279301,0.03789774569785348
4,adsorption,4236.0,100.04746674444903,10.464407159847235,0.10459442403050988,16.84272443980267,1.0,0.4547910755342884,1.0227395537767143,0.037882550120691603
4,adsorption,4238.0,100.0474677602319,10.466326130715087,0.10461360357263706,16.918474349008253,1.0,0.45671390637632336,1.0228356953188162,0.03786735999336722
4,adsorption,4240.0,100.04746877565036,10.468244331114446,0.10463277541372659,16.994193883407814,1.0,0.4586359653622831,1.022931798268114,0.037852175314424606
4,adsorption,4242.0,100.04746979070465,10.470161761322688,0.10465193955655101,17.069883053896667,1.0,0.46055725276967685,1.023027862638484,0.03783699608241466
4,adsorption,4244.0,100.04747080539475,10.47207842161675,0.10467109600387896,17.14554187136722,1.0,0.4624777688759392,1.023123888443797,0.037821822295888236
4,adsorption,4246.0,100.0474718197208,10.473994312273511,0.10469024475847812,17.221170346708988,1.0,0.4643975139584169,1.023219875697921,0.03780665395338544
4,adsorption,4248.0,100.04747283368286,10.475909433570196,0.1047093858231198,17.29676849080857,1.0,0.4663164882944015,1.02331582441472,0.03779149105346174
4,adsorption,4250.0,100.04747384728108,10.477823785783261,0.1047285192005676,17.372336314549678,1.0,0.4682346921610955,1.0234117346080547,0.037776333594660975
4,adsorption,4252.0,100.04747486051565,10.479737369189793,0.10474764489359127,17.44787382881309,1.0,0.47015212583563604,1.0235076062917818,0.03776118157553434
4,adsorption,4254.0,100.04747587338646,10.481650184066229,0.10476676290495443,17.523381044476714,1.0,0.47206878959507736,1.023603439479754,0.037746034994626136
4,adsorption,4256.0,100.04747688589369,10.483562230689326,0.10478587323742361,17.59885797241553,1.0,0.4739846837164048,1.0236992341858202,0.03773089385048514
4,adsorption,4258.0,100.04747789803758,10.485473509335645,0.1048049758937633,17.674304623501627,1.0,0.47589980847653307,1.0237949904238266,0.03771575814166328
4,adsorption,4260.0,100.04747890981797,10.487384020281443,0.10482407087673534,17.749721008604183,1.0,0.47781416415228906,1.0238907082076145,0.03770062786670188
4,adsorption,4262.0,100.04747992123515,10.489293763803412,0.10484315818910549,17.82510713858947,1.0,0.4797277510204413,1.023986387551022,0.03768550302415489
4,adsorption,4264.0,100.0474809322891,10.491202740177583,0.1048622378336332,17.900463024320864,1.0,0.48164056935767113,1.0240820284678835,0.03767038361256627
4,adsorption,4266.0,100.0474819429801,10.493110949680398,0.10488130981308175,17.97578867665883,1.0,0.4835526194405935,1.0241776309720296,0.03765526963048641
4,adsorption,4268.0,100.04748295330799,10.495018392587912,0.10490037413021096,18.051084106460937,1.0,0.48546390154574476,1.0242731950772872,0.03764016107646224
4,adsorption,4270.0,100.04748396327305,10.496925069176157,0.10491943078777999,18.126349324581835,1.0,0.48737441594958125,1.0243687207974792,0.03762505794903673
4,adsorption,4272.0,100.04748497287527,10.498830979721438,0.10493847978855106,18.201584341873282,1.0,0.48928416292850263,1.024464208146425,0.03760996024676647
4,adsorption,4274.0,100.04748598211492,10.500736124499358,0.10495752113527902,18.27678916918413,1.0,0.4911931427588217,1.0245596571379412,0.03759486796819837
4,adsorption,4276.0,100.04748699099181,10.502640503785882,0.10497655483072284,18.351963817360325,1.0,0.49310135571676805,1.0246550677858384,0.037579781111872594
4,adsorption,4278.0,100.04748799950639,10.504544117857062,0.10499558087764171,18.427108297244914,1.0,0.4950088020785217,1.024750440103926,0.037564699676348685
4,adsorption,4280.0,100.04748900765847,10.506446966988097,0.10501459927878694,18.502222619678033,1.0,0.4969154821201576,1.024845774106008,0.03754962366016233
4,adsorption,4282.0,100.04749001544825,10.5083490514551,0.10503361003691863,18.577306795496913,1.0,0.4988213961176949,1.0249410698058847,0.03753455306186381
4,adsorption,4284.0,100.04749102287585,10.510250371533543,0.1050526131547904,18.65236083553588,1.0,0.5007265443470861,1.0250363272173544,0.03751948788000958
4,adsorption,4286.0,100.04749202994134,10.512150927498709,0.10507160863515422,18.727384750626367,1.0,0.5026309270841924,1.0251315463542099,0.03750442811314281
4,adsorption,4288.0,100.04749303664478,10.51405071962621,0.10509059648076527,18.802378551596895,1.0,0.504534544604804,1.0252267272302402,0.03748937375980922
4,adsorption,4290.0,100.04749404298641,10.515949748191423,0.10510957669437616,18.877342249273084,1.0,0.5064373971846456,1.0253218698592323,0.03747432481856195
4,adsorption,4292.0,100.04749504896611,10.517848013469404,0.10512854927873674,18.95227585447765,1.0,0.5083394850993554,1.0254169742549677,0.037459281287944256
4,adsorption,4294.0,100.04749605458416,10.519745515735496,0.10514751423659928,19.0271793780304,1.0,0.5102408086244973,1.0255120404312248,0.03744424316649989
4,adsorption,4296.0,100.04749705984052,10.52164225526494,0.10516647157071529,19.102052830748235,1.0,0.5121413680355766,1.0256070684017788,0.03742921045278516
4,adsorption,4298.0,100.04749806473541,10.523538232332532,0.1051854212838317,19.17689622344515,1.0,0.5140411636080121,1.0257020581804006,0.03741418314534642
4,adsorption,4300.0,100.0474990692689,10.525433447213468,0.10520436337869953,19.25170956693226,1.0,0.5159401956171517,1.0257970097808575,0.03739916124273313
4,adsorption,4302.0,100.04750007344101,10.527327900182431,0.10522329785806468,19.32649287201775,1.0,0.5178384643382599,1.025891923216913,0.037384144743487724
4,adsorption,4304.0,100.0475010772519,10.529221591514442,0.10524222472467636,19.401246149506914,1.0,0.519735970046536,1.0259867985023268,0.03736913364615992
4,adsorption,4306.0,100.04750208070172,10.531114521484238,0.10526114398128086,19.475969410202133,1.0,0.521632713017112,1.0260816356508555,0.03735412794930475
4,adsorption,4308.0,100.04750308379039,10.533006690366186,0.1052800556306211,19.55066266490289,1.0,0.5235286935250185,1.026176434676251,0.03733912765145673
4,adsorption,4310.0,100.04750408651809,10.534898098435379,0.1052989596754469,19.62532592440576,1.0,0.5254239118452395,1.0262711955922619,0.03732413275117168
4,adsorption,4312.0,100.0475050888851,10.536788745966087,0.10531785611849988,19.699959199504416,1.0,0.527318368252684,1.0263659184126341,0.03730914324700521
4,adsorption,4314.0,100.04750609089129,10.538678633232594,0.10533674496252213,19.77456250098964,1.0,0.5292120630221626,1.026460603151108,0.0372941591374941
4,adsorption,4316.0,100.04750709253685,10.540567760509537,0.10535562621025889,19.849135839649282,1.0,0.5311049964284241,1.0265552498214212,0.0372791804211852
4,adsorption,4318.0,100.04750809382179,10.542456128071228,0.10537449986445242,19.923679226268312,1.0,0.5329971687461537,1.0266498584373076,0.03726420709663367
4,adsorption,4320.0,100.04750909474633,10.544343736191735,0.10539336592784235,19.998192671628782,1.0,0.5348885802499546,1.0267444290124976,0.037249239162388925
4,adsorption,4322.0,100.0475100953105,10.546230585145285,0.10541222440316998,20.07267618650986,1.0,0.536779231214349,1.0268389615607174,0.0372342766169951
4,adsorption,4324.0,100.04751109551441,10.54811667520587,0.1054310752931743,20.14712978168778,1.0,0.5386691219137818,1.026933456095689,0.03721931945899423
4,adsorption,4326.0,100.0475120953582,10.550002006647885,0.1054499186005982,20.2215534679359,1.0,0.5405582526226508,1.0270279126311326,0.03720436768694966
4,adsorption,4328.0,100.0475130948418,10.551886579744563,0.10546875432817321,20.29594725602466,1.0,0.5424466236152423,1.027122331180762,0.03718942129939583
4,adsorption,4330.0,100.04751409396555,10.553770394770384,0.10548758247864294,20.3703111567216,1.0,0.544334235165787,1.0272167117582893,0.037174480294881976
4,adsorption,4332.0,100.0475150927294,10.555653451998964,0.10550640305474271,20.444645180791348,1.0,0.5462210875484511,1.0273110543774226,0.03715954467196494
4,adsorption,4334.0,100.0475160911334,10.557535751703737,0.10552521605920595,20.518949338995643,1.0,0.5481071810373038,1.0274053590518653,0.0371446144291842
4,adsorption,4336.0,100.04751708917782,10.559417294158749,0.10554402149477196,20.593223642093303,1.0,0.5499925159063563,1.0274996257953177,0.037129689565091946
4,adsorption,4338.0,100.04751808686261,10.561298079637318,0.10556281936417311,20.66746810084026,1.0,0.5518770924295442,1.0275938546214771,0.037114770078239226
4,adsorption,4340.0,100.04751908418798,10.563178108412911,0.10558160967014295,20.741682725989538,1.0,0.5537609108807193,1.027688045544036,0.03709985596717036
4,adsorption,4342.0,100.04752008115389,10.56505738075907,0.10560039241541606,20.815867528291253,1.0,0.5556439715336643,1.0277821985766833,0.037084947230433186
4,adsorption,4344.0,100.0475210777605,10.566935896949012,0.10561916760272361,20.890022518492614,1.0,0.5575262746620874,1.0278763137331044,0.03707004386657584
4,adsorption,4346.0,100.04752207400793,10.568813657256065,0.10563793523479792,20.964147707337933,1.0,0.559407820539622,1.027970391026981,0.037055145874146614
4,adsorption,4348.0,100.04752306989627,10.570690661953451,0.10565669531437016,21.038243105568615,1.0,0.5612886094398316,1.0280644304719915,0.03704025325169643
4,adsorption,4350.0,100.04752406542558,10.572566911314087,0.10567544784416863,21.112308723923157,1.0,0.5631686416361923,1.0281584320818096,0.03702536599776686
4,adsorption,4352.0,100.04752506059607,10.574442405611403,0.1056941928269265,21.186344573137163,1.0,0.5650479174021283,1.0282523958701064,0.03701048411091694
4,adsorption,4354.0,100.04752605540769,10.576317145117926,0.10571293026536827,21.260350663943328,1.0,0.5669264370109701,1.0283463218505484,0.03699560758969013
4,adsorption,4356.0,100.04752704986069,10.578191130106744,0.10573166016222361,21.334327007071455,1.0,0.568804200735972,1.0284402100367989,0.03698073643262915
4,adsorption,4358.0,100.04752804395498,10.580064360850775,0.10575038252022098,21.408273613248415,1.0,0.570681208850328,1.0285340604425164,0.036965870638287546
4,adsorption,4360.0,100.04752903769075,10.581936837622498,0.10576909734208409,21.482190493198203,1.0,0.5725574616271463,1.0286278730813574,0.036951010205210084
4,adsorption,4362.0,100.04753003106816,10.58380856069493,0.10578780463054209,21.556077657641897,1.0,0.5744329593394755,1.0287216479669739,0.03693615513195297
4,adsorption,4364.0,100.04753102408722,10.585679530340293,0.10580650438831628,21.62993511729768,1.0,0.576307702260273,1.0288153851130137,0.036921305417059264
4,adsorption,4366.0,100.04753201674805,10.587549746831256,0.10582519661813235,21.703762882880824,1.0,0.5781816906624191,1.028909084533121,0.036906461059070424
4,adsorption,4368.0,100.0475330090508,10.589419210440484,0.10584388132271601,21.7775609651037,1.0,0.5800549248187444,1.0290027462409372,0.03689162205654669
4,adsorption,4370.0,100.04753400099548,10.591287921440003,0.10586255850478654,21.85132937467578,1.0,0.5819274050019886,1.0290963702500995,0.036876788408035405
4,adsorption,4372.0,100.0475349925822,10.59315588010221,0.10588122816706694,21.925068122303635,1.0,0.5837991314848088,1.0291899565742404,0.03686196011207814
4,adsorption,4374.0,100.0475359838111,10.595023086699443,0.10589989031227963,21.99877721869092,1.0,0.5856701045397995,1.02928350522699,0.036847137167225215
4,adsorption,4376.0,100.04753697468237,10.596889541503822,0.10591854494314466,22.072456674538405,1.0,0.5875403244394868,1.0293770162219744,0.0368323195720316
4,adsorption,4378.0,100.0475379651958,10.598755244787089,0.10593719206237887,22.146106500543933,1.0,0.5894097914562939,1.0294704895728146,0.03681750732503059
4,adsorption,4380.0,100.04753895535188,10.600620196821886,0.10595583167270725,22.219726707402458,1.0,0.5912785058626093,1.0295639252931306,0.0368027004247861
4,adsorption,4382.0,100.04753994515043,10.602484397879604,0.10597446377684305,22.293317305806042,1.0,0.5931464679307284,1.0296573233965365,0.036787898869847326
4,adsorption,4384.0,100.04754093459162,10.604347848232052,0.1059930883775033,22.366878306443827,1.0,0.5950136779328515,1.0297506838966426,0.03677310265874771
4,adsorption,4386.0,100.04754192367557,10.606210548151553,0.10601170547741029,22.44040972000206,1.0,0.5968801361411388,1.029844006807057,0.03675831179004715
4,adsorption,4388.0,100.04754291240238,10.608072497909282,0.10603031507927473,22.51391155716408,1.0,0.5987458428276655,1.0299372921413832,0.03674352626229755
4,adsorption,4390.0,100.04754390077211,10.609933697776905,0.10604891718581232,22.587383828610328,1.0,0.6006107982644107,1.0300305399132206,0.03672874607403373
4,adsorption,4392.0,100.0475448887849,10.611794148026348,0.10606751179974139,22.660826545018335,1.0,0.6024750027233082,1.0301237501361653,0.03671397122381367
4,adsorption,4394.0,100.0475458764408,10.61365384892877,0.10608609892377255,22.734239717062742,1.0,0.6043384564762119,1.0302169228238105,0.03669920171019038
4,adsorption,4396.0,100.04754686374,10.615512800755504,0.10610467856061807,22.807623355415277,1.0,0.6062011597948823,1.0303100579897444,0.03668443753170266
4,adsorption,4398.0,100.04754785068245,10.617371003778205,0.10612325071299368,22.88097747074477,1.0,0.6080631129510243,1.0304031556475512,0.03666967868690361
4,adsorption,4400.0,100.04754883726834,10.619228458267834,0.10614181538360795,22.954302073717145,1.0,0.6099243162162634,1.030496215810813,0.036654925174342566
4,adsorption,4402.0,100.0475498234978,10.621085164495728,0.10616037257517319,23.02759717499542,1.0,0.6117847698621506,1.0305892384931077,0.036640176992568975
4,adsorption,4404.0,100.04755080937083,10.622941122732941,0.1061789222903991,23.100862785239737,1.0,0.613644474160163,1.0306822237080082,0.036625434140132446
4,adsorption,4406.0,100.0475517948876,10.624796333250348,0.1061974645319934,23.174098915107294,1.0,0.6155034293816904,1.0307751714690845,0.036610696615572674
4,adsorption,4408.0,100.04755278004824,10.626650796319389,0.10621599930266944,23.24730557525242,1.0,0.6173616357980792,1.0308680817899039,0.03659596441745341
4,adsorption,4410.0,100.04755376485271,10.628504512210249,0.1062345266051283,23.32048277632652,1.0,0.6192190936805683,1.0309609546840284,0.03658123754431285
4,adsorption,4412.0,100.04755474930121,10.630357481194219,0.10625304644208178,23.3936305289781,1.0,0.6210758033003315,1.0310537901650165,0.03656651599469654
4,adsorption,4414.0,100.04755573339379,10.632209703542031,0.10627155881623626,23.46674884385278,1.0,0.6229317649284839,1.0311465882464241,0.03655179976716188
4,adsorption,4416.0,100.0475567171306,10.634061179524117,0.106290063730295,23.539837731593263,1.0,0.6247869788360573,1.0312393489418028,0.036537088860259394
4,adsorption,4418.0,100.04755770051173,10.635911909411126,0.10630856118696363,23.612897202839356,1.0,0.6266414452939976,1.0313320722647,0.03652238327253095
4,adsorption,4420.0,100.04755868353726,10.637761893473726,0.10632705118894781,23.685927268227964,1.0,0.6284951645731924,1.0314247582286595,0.03650768300253075
4,adsorption,4422.0,100.04755966620729,10.639611131982162,0.10634553373894902,23.75892793839309,1.0,0.6303481369444472,1.0315174068472224,0.036492988048807046
4,adsorption,4424.0,100.04756064852192,10.6414596252067,0.10636400883966894,23.831899223965824,1.0,0.6322003626784797,1.031610018133924,0.03647829840989772
4,adsorption,4426.0,100.04756163048117,10.643307373418125,0.10638247649381455,23.904841135574358,1.0,0.6340518420459663,1.0317025921022984,0.03646361408436663
4,adsorption,4428.0,100.04756261208526,10.64515437688603,0.10640093670408066,23.977753683843996,1.0,0.6359025753174838,1.0317951287658744,0.036448935070757436
4,adsorption,4430.0,100.04756359333426,10.64700063588105,0.10641938947317268,24.050636879397135,1.0,0.6377525627635481,1.0318876281381775,0.036434261367624864
4,adsorption,4432.0,100.04756457422809,10.648846150672753,0.1064378348037855,24.12349073285326,1.0,0.6396018046545764,1.0319800902327287,0.03641959297350439
4,adsorption,4434.0,100.04756555476717,10.6506909215317,0.10645627269862344,24.196315254828956,1.0,0.6414503012609443,1.0320725150630474,0.0364049298869574
4,adsorption,4436.0,100.04756653495133,10.652534948727302,0.10647470316037991,24.269110455937923,1.0,0.6432980528529297,1.0321649026426465,0.03639027210652675
4,adsorption,4438.0,100.04756751478082,10.654378232529723,0.10649312619175541,24.341876346790936,1.0,0.6451450597007493,1.0322572529850376,0.036375619630765764
4,adsorption,4440.0,100.04756849425564,10.656220773208638,0.10651154179544581,24.414612937996008,1.0,0.6469913220745456,1.0323495661037272,0.036360972458225366
4,purge,4440.0,100.04756849425564,10.656220773208638,0.10651154179544581,24.414612937996008,1.0,0.6469913220745456,1.0323495661037272,0.036360972458225366
4,purge,4442.0,100.05350509652035,9.203264636191136,0.09198343053861895,24.394175077237303,1.0,0.5306367712610203,1.026531838563051,-0.0539868199611502
4,purge,4444.0,100.05329088657653,10.590612362816277,0.10584971537639994,24.295570095711433,1.0,0.5344962996469808,1.0267248149823491,-0.04900428818958364
4,purge,4446.0,100.05307060039168,10.536470471749755,0.1053088166962115,24.20327505914943,1.0,0.5361332335505871,1.0268066616775293,-0.04588157901353069
4,purge,4448.0,100.05307789173713,10.519904187124604,0.10514323405930312,24.11122916657954,1.0,0.533578771317699,1.026678938565885,-0.04603314170378553
4,purge,4450.0,100.05307850176513,10.519574063868433,0.10513993393699372,24.019138827927897,1.0,0.5312137165912587,1.0265606858295628,-0.04603607761737608
4,purge,4452.0,100.05307682683474,10.517236932503032,0.10511657678159736,23.927095160115453,1.0,0.5288856750304439,1.0264442837515222,-0.046011076678562794
4,purge,4454.0,100.05307545203631,10.51488420107046,0.10509306339225036,23.83509330597673,1.0,0.526552912496174,1.0263276456248087,-0.04599059437251886
4,purge,4456.0,100.05307407797704,10.512560554354588,0.1050698406943654,23.743132540040286,1.0,0.524221298205228,1.0262110649102614,-0.04597003820072782
4,purge,4458.0,100.05307270428139,10.510241056831067,0.10504665946537509,23.65121606355239,1.0,0.5218908242016217,1.026094541210081,-0.0459494783937828
4,purge,4460.0,100.05307132857816,10.507916728213592,0.10502342995254178,23.559343520272037,1.0,0.5195614920829609,1.025978074604148,-0.0459289065807312
4,purge,4462.0,100.05306995280813,10.505593637886685,0.10500021281547722,23.467508572659316,1.0,0.5172331261980778,1.025861656309904,-0.04590833301868559
4,purge,4464.0,100.05306857774848,10.503271410749552,0.10497700430434823,23.375712827250542,1.0,0.5149057513921181,1.025745287569606,-0.04588777045915866
4,purge,4466.0,100.05306720345308,10.500950289393224,0.10495380684372273,23.28395784052258,1.0,0.5125794073311624,1.0256289703665582,-0.045867219092144855
4,purge,4468.0,100.05306582978402,10.498630201269844,0.10493061970865254,23.19224393965668,1.0,0.5102541047235506,1.0255127052361774,-0.045846677108764056
4,purge,4470.0,100.05306445680466,10.496311123730068,0.10490744267269879,23.100571148655405,1.0,0.5079298428845155,1.0253964921442258,-0.04582614552318598
4,purge,4472.0,100.05306308452947,10.493993100546517,0.10488427617334121,23.008939404966284,1.0,0.5056066201100116,1.0252803310055005,-0.04580562441351665
4,purge,4474.0,100.05306171292621,10.491676114088454,0.10486112003440065,22.917348680290832,1.0,0.5032844362247738,1.0251642218112387,-0.04578511335049299
4,purge,4476.0,100.05306034200615,10.489360156979043,0.10483797418213707,22.82579895647554,1.0,0.5009632905211915,1.0250481645260596,-0.04576461252298142
4,purge,4478.0,100.05305897177324,10.487045237428529,0.10481483869860601,22.73429022067818,1.0,0.4986431826271502,1.0249321591313578,-0.0457441219643864
4,purge,4480.0,100.05305760222255,10.484731353295366,0.10479171356240952,22.642822455233713,1.0,0.49632411217766625,1.0248162056088832,-0.04572364160609454
4,purge,4482.0,100.05305623335454,10.482418502965194,0.10476859875741293,22.55139564034209,1.0,0.4940060786528696,1.0247003039326434,-0.0457031714576035
4,purge,4484.0,100.05305486516927,10.480106686496535,0.10474549428420202,22.460009756670246,1.0,0.49168908155528807,1.0245844540777644,-0.04568271152028018
4,purge,4486.0,100.05305349766613,10.477795903470994,0.10472240013859652,22.36866478198082,1.0,0.4893731203304091,1.0244686560165204,-0.04566226178189725
4,purge,4488.0,100.05305213084475,10.475486153236735,0.10469931631408286,22.27736069861143,1.0,0.4870581945309053,1.0243529097265456,-0.0456418222381224
4,purge,4490.0,100.05305076470461,10.473177435328859,0.10467624280601595,22.1860974852053,1.0,0.48474430361654164,1.024237215180827,-0.04562139288320349
4,purge,4492.0,100.05304939924544,10.470869749205267,0.10465317960897888,22.094875120503854,1.0,0.48243144705107965,1.024121572352554,-0.045600973710234964
4,purge,4494.0,100.05304803446671,10.468563094324796,0.10463012671756426,22.003693583849074,1.0,0.4801196243122558,1.0240059812156128,-0.045580564713421916
4,purge,4496.0,100.05304667036812,10.466257470193094,0.10460708412683248,21.91255285492764,1.0,0.47780883488669523,1.0238904417443349,-0.04556016588693047
4,purge,4498.0,100.05304530694914,10.463952876298402,0.10458405183167005,21.821452913483412,1.0,0.47549907826300836,1.0237749539131504,-0.04553977722452169
4,purge,4500.0,100.05304394420955,10.46164931212276,0.10456102982690126,21.73039373922203,1.0,0.4731903539284421,1.023659517696422,-0.045519398720255684
4,purge,4502.0,100.0530425821488,10.459346777159704,0.10453801810746564,21.639375311827507,1.0,0.4708826613697086,1.0235441330684854,-0.0454990303681774
4,purge,4504.0,100.05304122076659,10.457045270897327,0.10451501666824803,21.54839761099181,1.0,0.46857600007387706,1.023428800003694,-0.04547867216221204
4,purge,4506.0,100.0530398600624,10.454744792822632,0.10449202550412255,21.45746061642511,1.0,0.46627036952837436,1.0233135184764188,-0.04545832409637013
4,purge,4508.0,100.05303850003594,10.452445342426293,0.10446904460999991,21.366564307853636,1.0,0.4639657692210242,1.0231982884610513,-0.04543798616467379
4,purge,4510.0,100.05303714068665,10.450146919198062,0.10444607398078172,21.275708665016218,1.0,0.46166219864001706,1.0230831099320008,-0.045417658361111043
4,purge,4512.0,100.0530357820144,10.447849522627278,0.1044231136113652,21.184893667662987,1.0,0.4593596572738017,1.0229679828636902,-0.04539734067969436
4,purge,4514.0,100.0530344240186,10.445553152204365,0.1044001634966587,21.09411929555556,1.0,0.4570581446110954,1.0228529072305548,-0.04537703311445676
4,purge,4516.0,100.05303306669886,10.44325780742039,0.10437722363157692,21.00338552846746,1.0,0.454757660140961,1.0227378830070482,-0.04535673565939961
4,purge,4518.0,100.05303171005475,10.44096348776545,0.1043542940110249,20.91269234618425,1.0,0.45245820335273623,1.0226229101676367,-0.0453364483085507
4,purge,4520.0,100.05303035408602,10.438670192731129,0.10433137462992223,20.82203972850348,1.0,0.45015977373605887,1.022507988686803,-0.04531617105594364
4,purge,4522.0,100.05302899879213,10.436377921808855,0.1043084654831874,20.731427655234654,1.0,0.44786237078088,1.022393118539044,-0.0452959038956067
4,purge,4524.0,100.05302764417269,10.434086674490255,0.10428556656574059,20.64085610619921,1.0,0.4455659939774482,1.0222782996988724,-0.0452756468215745
4,purge,4526.0,100.0530262902274,10.431796450267283,0.10426267787250533,20.550325061230478,1.0,0.44327064281629486,1.0221635321408147,-0.0452553998278995
4,purge,4528.0,100.05302493695575,10.429507248632698,0.10423979939841317,20.459834500173713,1.0,0.44097631678828014,1.022048815839414,-0.045235162908615734
4,purge,4530.0,100.05302358435746,10.427219069078486,0.10421693113838795,20.36938440288607,1.0,0.43868301538453036,1.0219341507692266,-0.045214936057787675
4,purge,4532.0,100.05302223243201,10.424931911098314,0.10419407308737037,20.27897474923659,1.0,0.4363907380965027,1.021819536904825,-0.045194719269459636
4,purge,4534.0,100.05302088117905,10.422645774184938,0.10417122524029195,20.18860551910622,1.0,0.43409948441594637,1.0217049742207973,-0.04517451253768617
4,purge,4536.0,100.0530195305982,10.420360657831857,0.10414838759209163,20.098276692387774,1.0,0.431809253834885,1.0215904626917442,-0.045154315856545134
4,purge,4538.0,100.05301818068911,10.418076561533221,0.10412556013771485,20.00798824898592,1.0,0.42952004584565906,1.0214760022922829,-0.04513412922010427
4,purge,4540.0,100.05301683145129,10.415793484783123,0.10410274287210655,19.917740168817204,1.0,0.42723185994092533,1.0213615929970463,-0.045113952622422245
4,purge,4542.0,100.05301548288438,10.41351142707557,0.10407993579021074,19.827532431810013,1.0,0.424944695613605,1.0212472347806802,-0.045093786057588306
4,purge,4544.0,100.053014134988,10.411230387905904,0.10405713888698484,19.737365017904583,1.0,0.42265855235694344,1.0211329276178471,-0.04507362951967574
4,purge,4546.0,100.0530127877617,10.408950366768652,0.10403435215737805,19.647237907052983,1.0,0.42037342966447133,1.0210186714832237,-0.04505348300277193
4,purge,4548.0,100.05301144120516,10.406671363159324,0.10401157559634945,19.5571510792191,1.0,0.4180893270300142,1.0209044663515008,-0.045033346500970864
4,purge,4550.0,100.0530100953179,10.404393376573546,0.10398880919885917,19.467104514378637,1.0,0.41580624394769833,1.020790312197385,-0.045013220008368035
4,purge,4552.0,100.05300875009964,10.402116406507279,0.10396605295987084,19.37709819251911,1.0,0.41352417991195767,1.0206762089955979,-0.04499310351905514
4,purge,4554.0,100.05300740554992,10.399840452456555,0.10394330687434868,19.287132093639826,1.0,0.41124313441751065,1.0205621567208756,-0.04497299702713819
4,purge,4556.0,100.05300606166828,10.397565513918032,0.10392057093726327,19.19720619775189,1.0,0.40896310695937543,1.0204481553479687,-0.044952900526724925
4,purge,4558.0,100.05300471845449,10.395291590388416,0.10389784514358551,19.107320484878183,1.0,0.4066840970328651,1.0203342048516433,-0.044932814011928834
4,purge,4560.0,100.05300337590795,10.393018681364909,0.10387512948829151,19.017474935053354,1.0,0.40440610413359585,1.0202203052066798,-0.04491273747686232
4,purge,4562.0,100.05300203402844,10.390746786344666,0.10385242396635663,18.927669528323825,1.0,0.4021291277574659,1.0201064563878732,-0.04489267091565306
4,purge,4564.0,100.0530006928155,10.38847590482567,0.10382972857276467,18.83790424474775,1.0,0.39985316740068183,1.019992658370034,-0.04487261432242318
4,purge,4566.0,100.05299935226874,10.38620603630587,0.10380704330249903,18.748179064395067,1.0,0.3975782225597606,1.019878911127988,-0.04485256769128802
4,purge,4568.0,100.05299801238776,10.383937180283077,0.10378436815054176,18.658493967347425,1.0,0.39530429273147477,1.0197652146365737,-0.04483253101639815
4,purge,4570.0,100.05299667317222,10.381669336256506,0.10376170311188891,18.56884893369821,1.0,0.3930313774129192,1.019651568870646,-0.0448125042918872
4,purge,4572.0,100.05299533462167,10.379402503724625,0.10373904818152913,18.479243943552525,1.0,0.39075947610148487,1.0195379738050745,-0.044792487511892215
4,purge,4574.0,100.05299399673568,10.377136682186638,0.10371640335445834,18.389678977027184,1.0,0.38848858829484834,1.0194244294147423,-0.044772480670561964
4,purge,4576.0,100.05299265951395,10.374871871142078,0.10369376862567581,18.30015401425036,1.0,0.38621871349097275,1.0193109356745487,-0.04475248376204839
4,purge,4578.0,100.05299132295602,10.37260807009061,0.10367114399018207,18.210669035362887,1.0,0.3839498511881434,1.0191974925594072,-0.04473249678050586
4,purge,4580.0,100.05298998706158,10.370345278532318,0.10364852944298182,18.121224020515697,1.0,0.3816820008849025,1.0190841000442452,-0.04471251972008997
4,purge,4582.0,100.0529886518302,10.368083495967376,0.10362592497908077,18.03181894987264,1.0,0.3794151620801069,1.0189707581040053,-0.044692552574969416
4,purge,4584.0,100.05298731726138,10.365822721896633,0.1036033305934914,17.942453803609347,1.0,0.3771493342729173,1.0188574667136459,-0.04467259533931143
4,purge,4586.0,100.05298598335497,10.363562955820857,0.10358074628122506,17.853128561913213,1.0,0.37488451696279457,1.0187442258481396,-0.044652648007284475
4,purge,4588.0,100.05298465011029,10.361304197241251,0.10355817203729795,17.763843204982166,1.0,0.3726207096494561,1.0186310354824728,-0.044632710573067565
4,purge,4590.0,100.05298331752725,10.359046445659432,0.10353560785672984,17.67459771302726,1.0,0.3703579118329535,1.0185178955916478,-0.044612783030841464
4,purge,4592.0,100.05298198560523,10.356789700577105,0.1035130537345419,17.585392066270003,1.0,0.3680961230136033,1.01840480615068,-0.04459286537478946
4,purge,4594.0,100.05298065434391,10.35453396149632,0.10349050966575842,17.496226244943568,1.0,0.36583534269201284,1.0182917671346006,-0.04457295759910133
4,purge,4596.0,100.05297932374302,10.352279227919484,0.1034679756454073,17.407100229292944,1.0,0.3635755703690871,1.0181787785184544,-0.04455305969797086
4,purge,4598.0,100.05297799380199,10.350025499349249,0.10344545166851912,17.31801399957483,1.0,0.3613168055460275,1.0180658402773013,-0.04453317166559515
4,purge,4600.0,100.05297666452051,10.34777277528855,0.103422937730127,17.228967536057542,1.0,0.3590590477243265,1.0179529523862163,-0.04451329349617614
4,purge,4602.0,100.05297533589828,10.345521055240686,0.10340043382526766,17.13996081902062,1.0,0.356802296405759,1.0178401148202882,-0.044493425183920285
4,purge,4604.0,100.05297400793467,10.343270338709104,0.10337793994897976,17.050993828756138,1.0,0.3545465510924164,1.0177273275546208,-0.0444735667230379
4,purge,4606.0,100.05297268062952,10.34102062519766,0.10335545609630552,16.962066545566174,1.0,0.3522918112866417,1.0176145905643321,-0.04445371810774289
4,purge,4608.0,100.05297135398246,10.338771914210449,0.10333298226228971,16.873178949765606,1.0,0.3500380764910983,1.017501903824555,-0.04443387933225543
4,purge,4610.0,100.05297002799287,10.336524205251926,0.10331051844198098,16.784331021680977,1.0,0.34778534620874574,1.0173892673104372,-0.04441405039079777
4,purge,4612.0,100.0529687026606,10.33427749782674,0.10328806463042942,16.695522741650137,1.0,0.34553361994282755,1.0172766809971414,-0.04439423127759724
4,purge,4614.0,100.05296737798518,10.332031791439901,0.1032656208226891,16.606754090022292,1.0,0.3432828971968715,1.0171641448598436,-0.044374421986886084
4,purge,4616.0,100.05296605396622,10.329787085596678,0.10324318701381659,16.51802504715817,1.0,0.34103317747469697,1.0170516588737348,-0.044354622512899664
4,purge,4618.0,100.0529647306033,10.32754337980262,0.10322076319887125,16.42933559343006,1.0,0.33878446028041487,1.0169392230140208,-0.0443348328498776
4,purge,4620.0,100.05296340789609,10.32530067356357,0.1031983493729153,16.34068570922183,1.0,0.33653674511842513,1.0168268372559213,-0.04431505299206497
4,purge,4622.0,100.05296208584414,10.323058966385696,0.10317594553101432,16.25207537492882,1.0,0.3342900314934187,1.016714501574671,-0.044295282933709774
4,purge,4624.0,100.05296076444718,10.320818257775393,0.103153551668236,16.16350457095785,1.0,0.3320443189103751,1.0166022159455188,-0.04427552266906437
4,purge,4626.0,100.05295944370472,10.318578547239388,0.10313116777965162,16.074973277727253,1.0,0.3297996068745627,1.0164899803437282,-0.04425577219238608
4,purge,4628.0,100.05295812361635,10.31633983428468,0.10310879386033492,15.986481475666821,1.0,0.3275558948915388,1.016377794744577,-0.04423603149793612
4,purge,4630.0,100.05295680418185,10.314102118418566,0.10308642990536264,15.898029145217842,1.0,0.3253131824671504,1.0162656591233574,-0.04421630057997947
4,purge,4632.0,100.05295548540064,10.311865399148626,0.10306407590981452,15.809616266833059,1.0,0.3230714691075335,1.0161535734553766,-0.04419657943278502
4,purge,4634.0,100.0529541672726,10.309629675982713,0.10304173186877275,15.721242820976673,1.0,0.3208307543191107,1.0160415377159555,-0.0441768680506271
4,purge,4636.0,100.05295284979698,10.307394948428982,0.10301939777732304,15.632908788124341,1.0,0.31859103760859364,1.0159295518804297,-0.04415716642778373
4,purge,4638.0,100.05295153297374,10.305161215995888,0.10299707363055344,15.544614148763142,1.0,0.3163523184829828,1.0158176159241492,-0.04413747455853623
4,purge,4640.0,100.05295021680232,10.302928478192133,0.1029747594235549,15.456358883391603,1.0,0.3141145964495654,1.0157057298224783,-0.04411779243717103
4,purge,4642.0,100.05294890128233,10.300696734526738,0.1029524551514215,15.368142972519674,1.0,0.31187787101591624,1.0155938935507958,-0.04409812005797878
4,purge,4644.0,100.05294758641347,10.298465984509015,0.10293016080925015,15.279966396668708,1.0,0.309642141689898,1.0154821070844948,-0.0440784574152537
4,purge,4646.0,100.05294627219533,10.296236227648533,0.10290787639214032,15.19182913637148,1.0,0.30740740797966043,1.015370370398983,-0.04405880450329442
4,purge,4648.0,100.05294495862749,10.294007463455163,0.10288560189519456,15.10373117217215,1.0,0.3051736693936397,1.015258683469682,-0.044039161316404014
4,purge,4650.0,100.05294364570958,10.291779691439071,0.10286333731351838,15.015672484626277,1.0,0.3029409254405592,1.015147046272028,-0.044019527848889364
4,purge,4652.0,100.05294233344131,10.289552911110695,0.10284108264221985,14.927653054300798,1.0,0.3007091756294287,1.0150354587814714,-0.043999904095061514
4,purge,4654.0,100.05294102182219,10.287327121980752,0.10281883787641004,14.839672861774028,1.0,0.2984784194695441,1.0149239209734773,-0.04398029004923611
4,purge,4656.0,100.05293971085187,10.285102323560272,0.10279660301120305,14.75173188763564,1.0,0.2962486564704877,1.0148124328235244,-0.043960685705732305
4,purge,4658.0,100.05293840053004,10.282878515360538,0.10277437804171541,14.663830112486668,1.0,0.2940198861421276,1.0147009943071064,-0.04394109105887381
4,purge,4660.0,100.0529370908562,10.280655696893133,0.10275216296306687,14.575967516939494,1.0,0.2917921079946173,1.0145896053997308,-0.04392150610298834
4,purge,4662.0,100.05293578183,10.278433867669937,0.10272995777037998,14.488144081617842,1.0,0.2895653215383962,1.0144782660769198,-0.043901930832407746
4,purge,4664.0,100.05293447345116,10.276213027203081,0.10270776245877979,14.400359787156765,1.0,0.2873395262841886,1.0143669763142094,-0.043882365241468185
4,purge,4666.0,100.05293316571921,10.273993175005016,0.10268557702339463,14.312614614202644,1.0,0.28511472174300423,1.0142557360871505,-0.04386280932450956
4,purge,4668.0,100.05293185863378,10.271774310588441,0.10266340145935529,14.224908543413175,1.0,0.28289090742613754,1.014144545371307,-0.04384326307587617
4,purge,4670.0,100.05293055219454,10.269556433466379,0.10264123576179578,14.137241555457358,1.0,0.2806680828451671,1.0140334041422585,-0.04382372648991681
4,purge,4672.0,100.05292924640108,10.267339543152103,0.10261907992585255,14.04961363101549,1.0,0.2784462475119571,1.0139223123755978,-0.04380419956098323
4,purge,4674.0,100.05292794125299,10.26512363915918,0.10259693394666514,13.962024750779166,1.0,0.27622540093865494,1.0138112700469328,-0.04378468228343247
4,purge,4676.0,100.05292663674999,10.262908721001466,0.10257479781937578,13.874474895451261,1.0,0.27400554263769167,1.0137002771318846,-0.04376517465162571
4,purge,4678.0,100.05292533289152,10.260694788193105,0.10255267153912981,13.786964045745924,1.0,0.2717866721217843,1.0135893336060893,-0.04374567665992671
4,purge,4680.0,100.05292402967744,10.258481840248484,0.10253055510107471,13.699492182388568,1.0,0.26956878890393116,1.0134784394451966,-0.043726188302705034
4,purge,4682.0,100.05292272710717,10.256269876682333,0.10250844850036168,13.612059286115866,1.0,0.2673518924974144,1.0133675946248708,-0.04370670957433407
4,purge,4684.0,100.05292142518049,10.254058897009626,0.10248635173214413,13.524665337675744,1.0,0.2651359824158014,1.0132567991207901,-0.04368724046918981
4,purge,4686.0,100.0529201238969,10.251848900745609,0.10246426479157834,13.437310317827365,1.0,0.2629210581729399,1.013146052908647,-0.04366778098165412
4,purge,4688.0,100.05291882325614,10.249639887405852,0.10244218767382371,13.349994207341128,1.0,0.26070711928296125,1.013035355964148,-0.04364833110611278
4,purge,4690.0,100.05291752325768,10.247431856506168,0.1024201203740422,13.262716986998655,1.0,0.2584941652602804,1.012924708263014,-0.043628890836954384
4,purge,4692.0,100.0529162239013,10.245224807562659,0.10239806288739849,13.17547863759279,1.0,0.2562821956195939,1.0128141097809797,-0.04360946016857251
4,purge,4694.0,100.05291492518654,10.243018740091724,0.1023760152090604,13.088279139927579,1.0,0.2540712098758801,1.012703560493794,-0.0435900390953651
4,purge,4696.0,100.05291362711309,10.24081365361004,0.10235397733419835,13.001118474818277,1.0,0.25186120754440017,1.01259306037722,-0.043570627611733394
4,purge,4698.0,100.0529123296805,10.238609547634542,0.10233194925798557,12.913996623091325,1.0,0.24965218814069673,1.012482609407035,-0.043551225712083044
4,purge,4700.0,100.05291103288846,10.236406421682473,0.10230993097559805,12.826913565584348,1.0,0.24744415118059365,1.0123722075590298,-0.04353183339082391
4,purge,4702.0,100.05290973673657,10.234204275271331,0.10228792248221469,12.739869283146156,1.0,0.24523709618019657,1.0122618548090099,-0.0435124506423698
4,purge,4704.0,100.0529084412244,10.232003107918928,0.10226592377301724,12.652863756636718,1.0,0.24303102265589208,1.0121515511327945,-0.04349307746113852
4,purge,4706.0,100.05290714635173,10.229802919143333,0.10224393484319008,12.56589696692717,1.0,0.24082593012434828,1.0120412965062173,-0.04347371384155174
4,purge,4708.0,100.05290585211796,10.227603708462869,0.10222195568792038,12.478968894899795,1.0,0.23862181810251312,1.0119310909051256,-0.043454359778035676
4,purge,4710.0,100.05290455852295,10.225405475396204,0.10219998630239825,12.392079521448027,1.0,0.2364186861076156,1.0118209343053808,-0.04343501526502035
4,purge,4712.0,100.05290326556619,10.22320821946223,0.10217802668181654,12.305228827476423,1.0,0.2342165336571652,1.0117108266828583,-0.04341568029693963
4,purge,4714.0,100.05290197324732,10.22101194018014,0.10215607682137084,12.218416793900685,1.0,0.23201536026895136,1.0116007680134476,-0.043396354868231624
4,purge,4716.0,100.05290068156606,10.218816637069406,0.10213413671625954,12.131643401647619,1.0,0.22981516546104355,1.0114907582730521,-0.0433770389733384
4,purge,4718.0,100.05289939052187,10.216622309649761,0.10211220636168386,12.044908631655154,1.0,0.22761594875179103,1.0113807974375897,-0.04335773260670607
4,purge,4720.0,100.05289810011452,10.214428957441248,0.10209028575284776,11.958212464872318,1.0,0.2254177096598222,1.011270885482991,-0.04333843576278506
4,purge,4722.0,100.0528968103437,10.212236579964173,0.10206837488495797,11.871554882259236,1.0,0.22322044770404548,1.0111610223852023,-0.043319148436029235
4,purge,4724.0,100.05289552120875,10.210045176739095,0.10204647375322402,11.784935864787117,1.0,0.2210241624036478,1.0110512081201823,-0.04329987062089706
4,purge,4726.0,100.05289423270965,10.20785474728691,0.10202458235285836,11.698355393438256,1.0,0.2188288532780956,1.0109414426639047,-0.04328060231185055
4,purge,4728.0,100.05289294484577,10.205665291128724,0.10200270067907585,11.61181344920601,1.0,0.21663451984713394,1.0108317259923567,-0.043261343503355726
4,purge,4730.0,100.05289165761685,10.20347680778596,0.10198082872709445,11.525310013094812,1.0,0.21444116163078547,1.0107220580815393,-0.043242094189883534
4,purge,4732.0,100.0528903710225,10.201289296780331,0.10195896649213491,11.438845066120141,1.0,0.21224877814935258,1.0106124389074675,-0.0432228543659078
4,purge,4734.0,100.05288908506246,10.199102757633785,0.10193711396942036,11.35241858930853,1.0,0.21005736892341556,1.0105028684461708,-0.043203624025906426
4,purge,4736.0,100.0528877997361,10.19691718986857,0.10191527115417719,11.266030563697543,1.0,0.20786693347383153,1.0103933466736916,-0.043184403164362256
4,purge,4738.0,100.05288651504334,10.194732593007226,0.10189343804163419,11.179680970335783,1.0,0.20567747132173642,1.0102838735660868,-0.043165191775761245
4,purge,4740.0,100.05288523098363,10.192548966572538,0.1018716146270231,11.093369790282875,1.0,0.20348898198854354,1.010174449099427,-0.04314598985459354
4,purge,4742.0,100.0528839475566,10.190366310087583,0.10184980090557846,11.007097004609456,1.0,0.201301464995943,1.010065073249797,-0.043126797395353564
4,purge,4744.0,100.05288266476197,10.188184623075726,0.10182799687253732,10.920862594397176,1.0,0.19911491986590268,1.009955745993295,-0.043107614392539406
4,purge,4746.0,100.05288138259941,10.186003905060593,0.10180620252313974,10.834666540738679,1.0,0.19692934612066712,1.0098464673060334,-0.04308844084065323
4,purge,4748.0,100.05288010106845,10.183824155566079,0.10178441785262836,10.748508824737605,1.0,0.19474474328275765,1.009737237164138,-0.04306927673420114
4,purge,4750.0,100.05287882016867,10.181645374116357,0.10176264285624873,10.662389427508577,1.0,0.19256111087497194,1.0096280555437487,-0.04305012206769341
4,purge,4752.0,100.05287753989987,10.179467560235912,0.10174087752924911,10.576308330177191,1.0,0.19037844842038418,1.0095189224210195,-0.04303097683564417
4,purge,4754.0,100.05287626026161,10.17729071344945,0.10171912186688034,10.490265513880015,1.0,0.1881967554423449,1.0094098377721172,-0.04301184103257125
4,purge,4756.0,100.05287498125345,10.175114833281983,0.10169737586439627,10.404260959764573,1.0,0.18601603146448029,1.009300801573224,-0.042992714652996825
4,purge,4758.0,100.05287370287512,10.172939919258791,0.1016756395170533,10.318294648989342,1.0,0.1838362760106922,1.0091918138005347,-0.042973597691446916
4,purge,4760.0,100.05287242512624,10.170765970905434,0.10165391282011065,10.232366562723746,1.0,0.18165748860515848,1.0090828744302582,-0.04295449014245127
4,purge,4762.0,100.05287114800637,10.168592987747731,0.10163219576883023,10.146476682148142,1.0,0.17947966877233182,1.0089739834386167,-0.042935392000544026
4,purge,4764.0,100.05286987151526,10.166420969311796,0.1016104883584768,10.060624988453817,1.0,0.1773028160369403,1.008865140801847,-0.04291630326026292
4,purge,4766.0,100.05286859565243,10.164249915123998,0.10158879058431777,9.974811462842977,1.0,0.17512692992398712,1.0087563464961993,-0.04289722391614959
4,purge,4768.0,100.05286732041759,10.162079824710993,0.10156710244162326,9.88903608652874,1.0,0.17295200995874996,1.0086476004979374,-0.04287815396274985
4,purge,4770.0,100.05286604581046,10.159910697599708,0.10154542392566612,9.803298840735133,1.0,0.17077805566678111,1.0085389027833391,-0.0428590933946134
4,purge,4772.0,100.05286477183044,10.157742533317332,0.10152375503172209,9.717599706697074,1.0,0.1686050665739073,1.0084302533286953,-0.042840042206293755
4,purge,4774.0,100.05286349847735,10.155575331391336,0.1015020957550694,9.631938665660373,1.0,0.16643304220622948,1.0083216521103118,-0.04282100039234847
4,purge,4776.0,100.0528622257508,10.153409091349484,0.10148044609098929,9.546315698881722,1.0,0.16426198209012227,1.0082130991045062,-0.04280196794733907
4,purge,4778.0,100.05286095365032,10.151243812719766,0.10145880603476545,9.46073078762868,1.0,0.16209188575223463,1.0081045942876117,-0.04278294486583062
4,purge,4780.0,100.05285968217574,10.149079495030492,0.10143717558168439,9.375183913179683,1.0,0.15992275271948836,1.0079961376359745,-0.04276393114239275
4,purge,4782.0,100.05285841132648,10.146916137810209,0.10141555472703545,9.289675056824013,1.0,0.15775458251907915,1.007887729125954,-0.04274492677159853
4,purge,4784.0,100.05285714110231,10.144753740587761,0.10139394346611054,9.204204199861808,1.0,0.15558737467847578,1.0077793687339238,-0.04272593174802504
4,purge,4786.0,100.05285587150291,10.142592302892258,0.10137234179420435,9.118771323604044,1.0,0.15342112872542005,1.007671056436271,-0.04270694606625322
4,purge,4788.0,100.05285460252777,10.14043182425306,0.10135074970661424,9.033376409372535,1.0,0.15125584418792629,1.0075627922093964,-0.0426879697208682
4,purge,4790.0,100.05285333417663,10.138272304199836,0.10132916719864048,8.948019438499918,1.0,0.14909152059428177,1.007454576029714,-0.042669002706458584
4,purge,4792.0,100.05285206644909,10.136113742262491,0.10130759426558568,8.862700392329653,1.0,0.146928157473046,1.0073464078736523,-0.042650045017617176
4,purge,4794.0,100.05285079934481,10.133956137971227,0.10128603090275555,8.777419252216005,1.0,0.1447657543530504,1.0072382877176524,-0.04263109664894078
4,purge,4796.0,100.05284953286349,10.131799490856519,0.10126447710545831,8.692175999524045,1.0,0.1426043107633992,1.0071302155381703,-0.042612157595029516
4,purge,4798.0,100.05284826700466,10.129643800449081,0.10124293286900482,8.606970615629638,1.0,0.14044382623346763,1.0070221913116735,-0.04259322785048801
4,purge,4800.0,100.05284700176797,10.127489066279914,0.10122139818870879,8.521803081919439,1.0,0.13828430029290278,1.006914215014645,-0.042574307409924614
4,purge,4802.0,100.0528457371531,10.125335287880313,0.10119987305988662,8.436673379790879,1.0,0.13612573247162363,1.0068062866235812,-0.04255539626795114
4,purge,4804.0,100.0528444731597,10.12318246478181,0.10117835747785729,8.351581490652162,1.0,0.13396812229981955,1.006698406114991,-0.04253649441918398
4,purge,4806.0,100.05284320978735,10.121030596516224,0.10115685143794262,8.266527395922257,1.0,0.1318114693079515,1.0065905734653975,-0.042517601858242944
4,purge,4808.0,100.05284194703579,10.118879682615646,0.10113535493546699,8.181511077030889,1.0,0.12965577302675127,1.0064827886513377,-0.042498718579751786
4,purge,4810.0,100.05284068490454,10.11672972261242,0.10111386796575762,8.09653251541853,1.0,0.12750103298722118,1.006375051649361,-0.042479844578338075
4,purge,4812.0,100.05283942339335,10.114580716039182,0.10109239052414432,8.011591692536395,1.0,0.12534724872063402,1.0062673624360317,-0.04246097984863336
4,purge,4814.0,100.0528381625018,10.11243266242882,0.10107092260595961,7.926688589846432,1.0,0.12319441975853293,1.0061597209879267,-0.042442124385272936
4,purge,4816.0,100.05283690222957,10.110285561314495,0.10104946420653865,7.841823188821313,1.0,0.12104254563273097,1.0060521272816365,-0.042423278182896124
4,purge,4818.0,100.05283564257618,10.108139412229638,0.10102801532121944,7.756995470944429,1.0,0.11889162587531095,1.0059445812937655,-0.04240444123614605
4,purge,4820.0,100.0528343835415,10.105994214707966,0.10100657594534256,7.672205417709879,1.0,0.11674166001862603,1.0058370830009313,-0.04238561353966927
4,purge,4822.0,100.05283312512498,10.103849968283418,0.10098514607425114,7.5874530106224665,1.0,0.11459264759529804,1.0057296323797649,-0.04236679508811686
4,purge,4824.0,100.05283186732633,10.101706672490263,0.10096372570329136,7.502738231197691,1.0,0.11244458813821832,1.0056222294069108,-0.042347985876143523
4,purge,4826.0,100.05283061014526,10.09956432686299,0.10094231482781163,7.418061060961733,1.0,0.1102974811805478,1.0055148740590276,-0.042329185898407375
4,purge,4828.0,100.0528293535812,10.09742293093637,0.10092091344316342,7.33342148145146,1.0,0.10815132625571577,1.0054075663127857,-0.04231039514957087
4,purge,4830.0,100.05282809763405,10.095282484245455,0.10089952154470065,7.248819474214405,1.0,0.10600612289742042,1.005300306144871,-0.04229161362430016
4,purge,4832.0,100.0528268423033,10.093142986325542,0.10087813912777988,7.164255020808768,1.0,0.10386187063962864,1.0051930935319815,-0.04227284131726502
4,purge,4834.0,100.05282558758861,10.091004436712215,0.1008567661877606,7.079728102803403,1.0,0.10171856901657539,1.0050859284508287,-0.04225407822313926
4,purge,4836.0,100.05282433348964,10.088866834941319,0.10083540272000475,6.995238701777819,1.0,0.09957621756276394,1.0049788108781381,-0.04223532433660049
4,purge,4838.0,100.05282308000608,10.086730180548962,0.10081404871987695,6.910786799322156,1.0,0.09743481581296529,1.0048717407906482,-0.04221657965233018
4,purge,4840.0,100.05282182713746,10.084594473071514,0.10079270418274455,6.8263723770371945,1.0,0.09529436330221851,1.004764718165111,-0.04219784416501343
4,purge,4842.0,100.05282057488361,10.08245971204563,0.10077136910397749,6.74199541653434,1.0,0.09315485956583013,1.0046577429782915,-0.04217911786933929
4,purge,4844.0,100.05281932324398,10.080325897008219,0.10075004347894859,6.657655899435612,1.0,0.09101630413937412,1.0045508152069687,-0.042160400760000445
4,purge,4846.0,100.05281807221833,10.078193027496447,0.10072872730303294,6.573353807373648,1.0,0.08887869655869138,1.0044439348279346,-0.04214169283169368
4,purge,4848.0,100.05281682180625,10.076061103047767,0.10070742057160868,6.4890891219916815,1.0,0.08674203635988981,1.0043371018179945,-0.04212299407911957
4,purge,4850.0,100.05281557200745,10.073930123199887,0.10068612328005637,6.404861824943542,1.0,0.0846063230793447,1.0042303161539672,-0.042104304496981985
4,purge,4852.0,100.05281432282152,10.07180008749077,0.10066483542375924,6.3206718978936545,1.0,0.08247155625369725,1.004123577812685,-0.04208562407998924
4,purge,4854.0,100.05281307424814,10.06967099545867,0.10064355699810333,6.236519322517014,1.0,0.08033773541985542,1.0040168867709929,-0.04206695282285305
4,purge,4856.0,100.05281182628693,10.067542846642093,0.10062228799847724,6.152404080499192,1.0,0.0782048601149935,1.0039102430057496,-0.0420482907202889
4,purge,4858.0,100.05281057893755,10.065415640579792,0.10060102842027203,6.068326153536328,1.0,0.07607292987655163,1.0038036464938276,-0.042029637767016285
4,purge,4860.0,100.0528093321996,10.063289376810815,0.10057977825888179,5.9842855233351155,1.0,0.07394194424223566,1.0036970972121118,-0.04201099395775849
4,purge,4862.0,100.05280808607277,10.061164054874459,0.10055853750970294,5.9002821716127976,1.0,0.07181190275001784,1.0035905951375008,-0.04199235928724204
4,purge,4864.0,100.05280684055685,10.059039674310286,0.10053730616813453,5.816316080097164,1.0,0.06968280493813478,1.0034841402469068,-0.04197373375019814
4,purge,4866.0,100.05280559565114,10.05691623465812,0.10051608422957857,5.732387230526532,1.0,0.06755465034508937,1.0033777325172546,-0.04195511734136093
4,purge,4868.0,100.05280435135563,10.054793735458068,0.1004948716894394,5.648495604649755,1.0,0.06542743850964923,1.0032713719254824,-0.04193651005546869
4,purge,4870.0,100.05280310766977,10.052672176250475,0.10047366854312416,5.564641184226198,1.0,0.06330116897084653,1.0031650584485423,-0.04191791188726365
4,purge,4872.0,100.05280186459332,10.050551556575975,0.10045247478604256,5.4808239510257435,1.0,0.061175841267978884,1.0030587920633989,-0.04189932283149133
4,purge,4874.0,100.05280062212587,10.048431875975423,0.10043129041360681,5.397043886828776,1.0,0.059051454940608046,1.0029525727470303,-0.041880742882901244
4,purge,4876.0,100.0527993802671,10.046313133989997,0.1004101154212321,5.313300973426179,1.0,0.056928009528559795,1.002846400476428,-0.04186217203624694
4,purge,4878.0,100.05279813901662,10.044195330161099,0.10038894980433598,5.229595192619325,1.0,0.0548055045719248,1.0027402752285965,-0.04184361028628515
4,purge,4880.0,100.05279689837408,10.04207846403039,0.1003677935583386,5.145926526220068,1.0,0.05268393961105723,1.0026341969805528,-0.04182505762777672
4,purge,4882.0,100.05279565833914,10.039962535139818,0.10034664667866292,5.062294956050737,1.0,0.05056331418657495,1.0025281657093288,-0.04180651405548628
4,purge,4884.0,100.05279441891149,10.037847543031583,0.10032550916073442,4.97870046394413,1.0,0.04844362783935979,1.002422181391968,-0.04178797956418197
4,purge,4886.0,100.05279318009079,10.035733487248146,0.1003043809999812,4.895143031743503,1.0,0.046324880110556715,1.0023162440055278,-0.041769454148635816
4,purge,4888.0,100.05279194187656,10.033620367332222,0.10028326219183396,4.811622641302563,1.0,0.0442070705415741,1.0022103535270788,-0.04175093780362347
4,purge,4890.0,100.0527907042686,10.031508182826805,0.1002621527317261,4.728139274485465,1.0,0.042090198674083104,1.0021045099337043,-0.041732430523924474
4,purge,4892.0,100.05278946726652,10.029396933275148,0.1002410526150936,4.6446929131668,1.0,0.039974264050018006,1.001998713202501,-0.04171393230432195
4,purge,4894.0,100.05278823086995,10.027286618220748,0.10021996183737499,4.561283539231587,1.0,0.0378592662115756,1.001892963310579,-0.04169544313960276
4,purge,4896.0,100.05278699507843,10.025177237207377,0.10019888039401154,4.477911134575271,1.0,0.03574520470121515,1.0017872602350608,-0.0416769630245576
4,purge,4898.0,100.05278575989183,10.023068789779078,0.10017780828044696,4.394575681103709,1.0,0.0336320790616581,1.001681603953083,-0.041658491953980865
4,purge,4900.0,100.05278452530968,10.020961275480138,0.10015674549212776,4.311277160733169,1.0,0.03151988883588828,1.0015759944417943,-0.04164002992267051
4,purge,4902.0,100.05278329133165,10.01885469385512,0.10013569202450295,4.228015555390313,1.0,0.029408633567151534,1.0014704316783576,-0.04162157692542808
4,purge,4904.0,100.05278205795742,10.016749044448822,0.10011464787302403,4.144790847012205,1.0,0.02729831279895487,1.0013649156399478,-0.041603132957059294
4,purge,4906.0,100.05278082518662,10.014644326806344,0.10009361303314546,4.061603017546286,1.0,0.02518892607506695,1.0012594463037534,-0.0415846980123735
4,purge,4908.0,100.05277959301888,10.01254054047301,0.10007258750032395,3.978452048950379,1.0,0.023080472939518655,1.001154023646976,-0.04156627208618304
4,purge,4910.0,100.05277836145383,10.010437684994397,0.10005157127001883,3.8953379231926775,1.0,0.020972952936600883,1.00104864764683,-0.041547855173304865
4,purge,4912.0,100.05277713049122,10.0083357599164,0.1000305643376924,3.8122606222517366,1.0,0.01886636561086619,1.0009433182805434,-0.0415294472685591
4,purge,4914.0,100.05277590013063,10.006234764785109,0.10000956669880907,3.7292201281164683,1.0,0.016760710507127914,1.0008380355253563,-0.041511048366769596
4,purge,4916.0,100.05277467037175,10.004134699146908,0.09998857834883608,3.6462164227861336,1.0,0.014655987170459675,1.000732799358523,-0.04149265846276413
4,purge,4918.0,100.05277344121423,10.00203556254844,0.09996759928324335,3.563249488270333,1.0,0.012552195146195672,1.0006276097573097,-0.041474277551374034
4,purge,4920.0,100.05277221800655,9.99993668459904,0.09994662279631816,3.4803193096924616,1.0,0.01044951776149326,1.0005224758880746,-0.04145576233988449
4,purge,4922.0,100.05276067731486,9.98628095040939,0.09981014899345599,3.3975379838109756,1.0,0.008555339970541427,1.000427766998527,-0.0412775944991972
4,purge,4924.0,100.05273197881257,9.943685461589084,0.09938444723023439,3.3153789436549017,1.0,0.007004519387492998,1.0003502259693746,-0.04084405375085349
4,purge,4926.0,100.0526899858308,9.876865683737856,0.09871664305214176,3.2342934157740344,1.0,0.00573481397314252,1.000286740698657,-0.04021271341642952
4,purge,4928.0,100.05263783346435,9.79132856989114,0.09786177338161352,3.154628664271348,1.0,0.004695266992384227,1.0002347633496191,-0.03943026503136726
4,purge,4930.0,100.05257806001632,9.691560318934597,0.0968646736231138,3.0766477498072056,1.0,0.0038441594606590766,1.000192207973033,-0.03853451061683003
4,purge,4932.0,100.05251271653484,9.581188989722191,0.09576160287815327,3.0005456617180952,1.0,0.0031473319302120187,1.0001573665965107,-0.037555994328796534
4,purge,4934.0,100.0524434559634,9.4631458128877,0.09458185613480558,2.926462421144071,1.0,0.0025768179671295994,1.0001288408983564,-0.03651933040852034
4,purge,4936.0,100.05237160637304,9.339797070909105,0.09334908229515859,2.854493820313301,1.0,0.0021097209136896316,1.0001054860456844,-0.03544429409358811
4,purge,4938.0,100.0522982309065,9.213049443497594,0.09208233700174666,2.7847001881784057,1.0,0.001727293920218252,1.0000863646960112,-0.034346714505797876
4,purge,4940.0,100.05222417665931,9.084434778146017,0.09079692983242325,2.7171135152248054,1.0,0.001414189106647392,1.0000707094553323,-0.033239202801311145
4,purge,4942.0,100.05215011482147,8.955179413377234,0.08950511711242712,2.6517432821140443,1.0,0.0011578404371072484,1.0000578920218555,-0.03213175010133724
4,purge,4944.0,100.05207657341467,8.8262601433373,0.08821666121902931,2.5885811915762846,1.0,0.0009479598482805456,1.000047397992414,-0.031032215149866874
4,purge,4946.0,100.05200396410032,8.698450096484596,0.08693928908815947,2.5276050225703406,1.0,0.0007761241246479256,1.0000388062062324,-0.029946723634181428
4,purge,4948.0,100.05193260407931,8.572356050936964,0.08567906513969181,2.46878175883286,1.0,0.0006354368957445096,1.0000317718447873,-0.02887999439797648
4,purge,4950.0,100.0518627339904,8.4484490460245,0.08444069720607335,2.4120701266079925,1.0,0.0005202519021592182,1.000026012595108,-0.027835606048475663
4,purge,4952.0,100.0517945325342,8.327089402318618,0.08322778658018842,2.357422649629729,1.0,0.00042594641942560803,1.0000212973209712,-0.026816214785442608
4,purge,4954.0,100.05172812842692,8.208547279286115,0.08204303346714394,2.3047873112387958,1.0,0.00034873559310585954,1.0000174367796553,-0.02582373246215335
4,purge,4956.0,100.05166361014322,8.093019489026394,0.08088840502004332,2.2541088917506964,1.0,0.0002855206808102137,1.0000142760340405,-0.024859471703981964
4,purge,4958.0,100.0516010338714,7.980643306934985,0.07976527336362386,2.205330043990875,1.0,0.00023376472075402086,1.0000116882360377,-0.023924264397629364
4,purge,4960.0,100.05154043001531,7.8715078394811515,0.07867452920414719,2.1583921567217303,1.0,0.00019139049856545796,1.0000095695249283,-0.023018558545553548
4,purge,4962.0,100.05148180846898,7.765663299648014,0.07761667452875924,2.1132360393021528,1.0,0.0001566973862777826,1.0000078348693142,-0.02214249682474639
4,purge,4964.0,100.0514251629227,7.6631286426263,0.07659189891745911,2.0698024660267986,1.0,0.00012829307750750503,1.0000064146538754,-0.02129598072008012
4,purge,4966.0,100.05137047437061,7.563897842342476,0.07560014227171492,2.0280326053885984,1.0,0.00010503760935681836,1.0000052518804678,-0.02047872277247365
4,purge,4968.0,100.0513177139556,7.467945026314166,0.07464114613327581,1.9878683542203968,1.0,8.599760994794919e-05,1.0000042998804974,-0.019690288948648535
4,purge,4970.0,100.05126684526967,7.375228662474433,0.07371449552838047,1.9492525942440457,1.0,7.04089610731536e-05,1.0000035204480537,-0.018930132895243854
4,purge,4972.0,100.05121782622516,7.285695011659098,0.07281965347301743,1.912129388169463,1.0,5.7646089102693157e-05,1.000002882304455,-0.018197623813889164
4,purge,4974.0,100.05117061057456,7.199280961845664,0.07195598929938718,1.8764441265272391,1.0,4.719671228880388e-05,1.0000023598356145,-0.01749206909495952
4,purge,4976.0,100.05112514911673,7.1159163027437575,0.07112280138917136,1.8421436310236172,1.0,3.8641470012115834e-05,1.0000019320735005,-0.016812732273862895
4,purge,4978.0,100.05108139068084,7.035525606767006,0.07031933597293757,1.8091762276748393,1.0,3.1637017521547746e-05,1.000001581850876,-0.01615884767982998
4,purge,4980.0,100.05103928290718,6.95802975286761,0.06954480236025222,1.7774917927741756,1.0,2.590228861503043e-05,1.0000012951144308,-0.015529632070363786
4,purge,4982.0,100.05099877288087,6.883347181045282,0.06879838547809713,1.7470417794323057,1.0,2.1207078727839107e-05,1.0000010603539364,-0.014924294067238397
4,purge,4984.0,100.0509598076199,6.81139487601031,0.0680792557023681,1.7177792251929862,1.0,1.7362943296940553e-05,1.0000008681471648,-0.01434204140808811
4,purge,4986.0,100.05092233446571,6.742089173262868,0.06738657691454726,1.6896587477800333,1.0,1.4215624756116035e-05,1.0000007107812379,-0.0137820867682909
4,purge,4988.0,100.05088630138988,6.675346413628197,0.06671951304378865,1.6626365307245135,1.0,1.1638829827617167e-05,1.0000005819414914,-0.013243652327224725
4,purge,4990.0,100.05085165723118,6.611083463853687,0.06607723327036638,1.636670300868776,1.0,9.529137501696369e-06,1.000000476456875,-0.012725973290124197
4,purge,4992.0,100.05081835187352,6.549218124866847,0.06545891610634896,1.611719299470132,1.0,7.801858515717637e-06,1.000000390092926,-0.01222830053976038
4,purge,4994.0,100.05078633637795,6.489669447455732,0.06486375255099942,1.5877442485610014,1.0,6.387666573555135e-06,1.0000003193833287,-0.011749902591292655
4,purge,4996.0,100.05075556307914,6.432357981101798,0.06429094857805827,1.5647073141576127,1.0,5.229815583955859e-06,1.0000002614907793,-0.01129006702699677
4,purge,4998.0,100.05072598565233,6.377205967296562,0.06373972706815818,1.5425720671493595,1.0,4.2818554968507175e-06,1.0000002140927748,-0.010848101495699645
4,purge,5000.0,100.0506975591581,6.324137484467399,0.0632093292575802,1.5213034425845657,1.0,3.5057440241202937e-06,1.0000001752872012,-0.010423334371352502
4,purge,5002.0,100.05067024006642,6.273078551141158,0.06269901576960185,1.5008676978177575,1.0,2.8703142300307905e-06,1.0000001435157115,-0.010015115111255725
4,purge,5004.0,100.0506439862641,6.223957192028524,0.062208067275239184,1.4812323700546117,1.0,2.350053870318444e-06,1.0000001175026936,-0.009622814359073384
4,purge,5006.0,100.05061875705121,6.176703480747388,0.061735784920491324,1.4623662339772403,1.0,1.9240894070739686e-06,1.0000000962044704,-0.009245823889807289
4,purge,5008.0,100.05059451312974,6.131249565722621,0.06128149058542587,1.4442392597107694,1.0,1.5753353770872614e-06,1.0000000787667689,-0.00888355643262126
4,purge,5010.0,100.05057121658307,6.087529679244221,0.06084452697492678,1.4268225712393974,1.0,1.2897981617772551e-06,1.000000064489908,-0.00853544538222176
4,purge,5012.0,100.05054883085248,6.045480129612982,0.06042425754039185,1.4100884054296343,1.0,1.0560164248877712e-06,1.0000000528008213,-0.008200944415781276
4,purge,5014.0,100.05052732070538,6.005039281429672,0.06002006628291837,1.3940100718711286,1.0,8.64607350764301e-07,1.0000000432303675,-0.007879527043688977
4,purge,5016.0,100.05050665220368,5.966147528869017,0.0596313574863602,1.3785619136900211,1.0,7.078914746426374e-07,1.0000000353945737,-0.007570686118450204
4,purge,5018.0,100.0504867926685,5.928747263198704,0.059257555392855425,1.3637192693975844,1.0,5.795817753879741e-07,1.0000000289790887,-0.007273933314166885
4,purge,5020.0,100.05046771064379,5.89278283433675,0.05889810381875756,1.3494584357970798,1.0,4.745295734980233e-07,1.0000000237264788,-0.006988798582874266
4,purge,5022.0,100.05044937585927,5.858200507835925,0.05855246572485086,1.3357566319800596,1.0,3.8851865874411325e-07,1.0000000194259329,-0.006714829595047372
4,purge,5024.0,100.0504317591924,5.824948419105849,0.05822012275894718,1.3225919644478241,1.0,3.1809737088856145e-07,1.0000000159048685,-0.00645159117300719
4,purge,5026.0,100.05041483263004,5.792976525796862,0.05790057478010141,1.3099433933745437,1.0,2.6044022070169583e-07,1.000000013022011,-0.006198664724118727
4,purge,5028.0,100.05039856923159,5.7622365586860305,0.05759333936784621,1.2977907000050946,1.0,2.1323389251722764e-07,1.0000000106616946,-0.005955647677665728
4,purge,5030.0,100.05038294309134,5.732681971615453,0.0572979513219475,1.28611445517118,1.0,1.745841020036216e-07,1.0000000087292051,-0.005722152927824038
4,purge,5032.0,100.05036792930134,5.704267890975229,0.05701396215760086,1.274895988910131,1.0,1.429397857351986e-07,1.0000000071469892,-0.005497808285169747
4,purge,5034.0,100.05035350391627,5.676951065106611,0.05674093959982257,1.2641173611700092,1.0,1.1703111087888725e-07,1.0000000058515557,-0.005282255939133695
4,purge,5036.0,100.05033964391781,5.650689813924865,0.05647846708003033,1.2537613335790878,1.0,9.581851445274611e-08,1.0000000047909257,-0.0050751519331404815
4,purge,5038.0,100.05032632718037,5.625443979047097,0.05622614323766427,1.2438113422523125,1.0,7.845085422236581e-08,1.0000000039225427,-0.004876165653379959
4,purge,5040.0,100.05031353243812,5.601174874515178,0.05598358142775009,1.2342514715096247,1.0,6.423057244316594e-08,1.0000000032115288,-0.0046849793303459855
5,pressurization,5040.0,100.05031353243812,5.601174874515178,0.05598358142775009,1.2342514715096247,1.0,6.423057244316594e-08,1.0000000032115288,-0.0046849793303459855
5,pressurization,5042.0,100.00030123927333,7.730546718000445,0.07730523430627839,1.2250664443739703,1.0,5.258774713542314e-08,1.0000000026293874,-0.00450128786903664
5,pressurization,5044.0,100.00028942799939,9.7337488247325,0.09733720652619547,1.2162415341695016,1.0,4.305526005631009e-08,1.000000002152763,-0.004324797100287188
5,pressurization,5046.0,99.99977392002326,9.243737917165692,0.09243758815453473,1.2186799124756154,1.0,0.00989968382316158,1.0004949841911581,0.003348155132553729
5,pressurization,5048.0,99.99987483375847,8.157788901272351,0.0815779911208289,1.2238171328032252,1.0,0.008105175017333483,1.0004052587508667,0.0018456938574556124
5,pressurization,5050.0,99.99995510507742,7.640274422275467,0.07640277852372294,1.2262674135296674,1.0,0.006635953633671613,1.0003317976816837,0.0006506955636705106
5,pressurization,5052.0,100.00001856772064,7.5751006512738766,0.0757509924475061,1.2265866182164757,1.0,0.0054330591077064155,1.0002716529553854,-0.0002939462603185134
5,pressurization,5054.0,100.00006835713666,7.887192567141399,0.07887187175686082,1.2252272038268395,1.0,0.004448213101810026,1.0002224106550905,-0.0010349378571249688
5,pressurization,5056.0,100.00010703712768,8.49710380965486,0.0849709471460874,1.2225570232832885,1.0,0.0036418880225983184,1.00018209440113,-0.0016104678080390825
5,pressurization,5058.0,100.00013670313092,9.331532107819763,0.09331519351340646,1.2188747275306713,1.0,0.0029817244754460097,1.0001490862237723,-0.0020517494597655367
5,pressurization,5060.0,99.99988439607156,10.069073678079457,0.10069085318337645,1.2156019601148031,1.0,0.007981147666388107,1.0003990573833195,0.0019132559774866617
5,pressurization,5062.0,99.99992739841514,9.365267471661983,0.09365274270999532,1.218931051910109,1.0,0.0069772933061345715,1.0003488646653067,0.0010636677405827855
5,pressurization,5064.0,99.99999512132416,9.137460669858521,0.0913746111564563,1.2200107069061146,1.0,0.005712523641834412,1.0002856261820918,5.555430250854955e-05
5,pressurization,5066.0,100.00004842863399,9.298939758611713,0.0929893525526439,1.2192962197958581,1.0,0.004677018941077489,1.0002338509470539,-0.0007378496218767191
5,pressurization,5068.0,100.00009001738405,9.77625757275738,0.09776248772433978,1.2171754908130934,1.0,0.003829220290586353,1.0001914610145295,-0.0013567179896045135
5,pressurization,5070.0,99.99991913416261,9.854315960535857,0.0985432392931742,1.2168860244713808,1.0,0.00708276547158634,1.0003541382735792,0.0011868365784097313
5,pressurization,5072.0,99.99998816165326,9.578616144518174,0.095786172784681,1.2181919273103436,1.0,0.005798879191906881,1.0002899439595954,0.00015928722348049386
5,pressurization,5074.0,100.00004254478185,9.69680394469203,0.09696799819209702,1.2176683591422546,1.0,0.004747721383447301,1.0002373860691725,-0.000650144503756194
5,pressurization,5076.0,99.99997874839988,10.05953971895609,0.10059541856769698,1.2160512190886152,1.0,0.006154824475403002,1.0003077412237702,0.0004797387090420395
5,pressurization,5078.0,99.99998300354734,9.765316798597663,0.09765318458355392,1.2174427826360406,1.0,0.005878176200715309,1.0002939088100358,0.00023612178383712972
5,pressurization,5080.0,100.00003832231961,9.852507351889988,0.09852503576182078,1.2170584143072536,1.0,0.004812645099710825,1.0002406322549855,-0.0005873051083706272
5,pressurization,5082.0,99.99995121920495,9.95111752446561,0.09951122378702222,1.2166435522587036,1.0,0.006464298385089551,1.0003232149192545,0.0007092816951957771
5,pressurization,5084.0,100.00001323562745,9.855133698300795,0.09855132393912187,1.2171023568847117,1.0,0.0052925198611311,1.0002646259930565,-0.00021388164601197427
5,pressurization,5086.0,99.99996475233792,10.027341205440958,0.10027344739845549,1.2163368761441464,1.0,0.0063043693370501445,1.0003152184668527,0.0005906705600161827
5,pressurization,5088.0,100.00000839683585,9.899468317170362,0.09899467485928327,1.2169443051225923,1.0,0.005380828258407729,1.0002690414129203,-0.00014184006089381878
5,pressurization,5090.0,99.99995991281546,10.004290252439487,0.10004294262879392,1.2164838398975273,1.0,0.0063110876813420175,1.0003155543840672,0.0005929715934962277
5,pressurization,5092.0,100.00001901841992,9.950332394454264,0.09950330502058628,1.2167468690855292,1.0,0.005173134573776535,1.000258656728689,-0.000299892414164887
5,pressurization,5094.0,99.99998479889308,9.956550522816192,0.09956552036322312,1.2167386808989027,1.0,0.005825932004833668,1.0002912966002417,0.000209453345792207
5,pressurization,5096.0,100.00000127590822,10.028742711021204,0.10028742583063655,1.2164195351404758,1.0,0.005614822428263036,1.0002807411214132,5.117079123565208e-05
5,pressurization,5098.0,100.00001744087382,9.981260950740706,0.09981259209921882,1.216649663091833,1.0,0.005200756336485987,1.0002600378168243,-0.00027640331937759034
5,pressurization,5100.0,100.00000045564731,9.970580897009674,0.09970580851578988,1.21671197231521,1.0,0.005526474353479183,1.000276323717674,-2.358945059043796e-05
5,adsorption,5100.0,100.00000045564731,9.970580897009674,0.09970580851578988,1.21671197231521,1.0,0.005526474353479183,1.000276323717674,-2.358945059043796e-05
5,adsorption,5102.0,100.04648456030147,8.569100421813596,0.0856511896392392,1.304770582778891,1.0,0.07486880768589509,1.0037434403842949,0.05230225833942037
5,adsorption,5104.0,100.0473185465374,9.794319273659312,0.09789686936090591,1.3965190606717328,1.0,0.061297395306427645,1.0030648697653213,0.03988158712557891
5,adsorption,5106.0,100.04730683144842,10.08662667747027,0.10081857270244567,1.4773400016545903,1.0,0.06392118350817258,1.0031960591754085,0.040311723103282814
5,adsorption,5108.0,100.04726035361334,10.08124446909036,0.10076482287929298,1.5591893607676217,1.0,0.06687793729295864,1.003343896864648,0.040981003873155314
5,adsorption,5110.0,100.04726297080161,10.078594718140838,0.10073833525143246,1.6410660402957125,1.0,0.06890895442393105,1.0034454477211965,0.04092766364475198
5,adsorption,5112.0,100.04726498135545,10.081338487169893,0.10076575795498881,1.7228839464574555,1.0,0.0709709865784594,1.003548549328923,0.040899690602049225
5,adsorption,5114.0,100.04726593973936,10.083443480071345,0.10078679697399054,1.804670759148963,1.0,0.07304982683985982,1.0036524913419933,0.040885449752111405
5,adsorption,5116.0,100.04726702189612,10.085498686342174,0.10080733823678444,1.8864254650968435,1.0,0.07512529140554111,1.0037562645702771,0.040869217994385205
5,adsorption,5118.0,100.04726811048201,10.087568835406547,0.1008280288499918,1.968147598123875,1.0,0.07719985930987647,1.0038599929654939,0.04085293829922615
5,adsorption,5120.0,100.04726919613276,10.089639817919654,0.10084872779625711,2.0498372221342573,1.0,0.07927365613973532,1.0039636828069867,0.04083670734630841
5,adsorption,5122.0,100.04727028234059,10.091709344679744,0.10086941219085954,2.1314943643241113,1.0,0.08134660705291431,1.0040673303526457,0.04082046621479094
5,adsorption,5124.0,100.04727136917462,10.093777374688129,0.10089008162393627,2.2131190368218903,1.0,0.08341871087675388,1.0041709355438377,0.04080421374743024
5,adsorption,5126.0,100.04727245393906,10.095844447768975,0.10091074149389748,2.2947112447360056,1.0,0.08549002129029518,1.0042745010645147,0.04078799171171013
5,adsorption,5128.0,100.04727353896206,10.097910806332376,0.10093139422135158,2.3762710013271566,1.0,0.0875604951411073,1.0043780247570553,0.040771766183520575
5,adsorption,5130.0,100.04727462340799,10.09997636359663,0.10095203893973485,2.4577983183594094,1.0,0.0896301483390675,1.0044815074169533,0.040755549337284466
5,adsorption,5132.0,100.0472757074807,10.10204105618367,0.10097267501536103,2.539293206744367,1.0,0.09169897702555059,1.0045849488512775,0.04073933794504212
5,adsorption,5134.0,100.04727679119823,10.104104942357633,0.10099330303057837,2.6207556775308523,1.0,0.09376698136535455,1.0046883490682676,0.04072313191435952
5,adsorption,5136.0,100.04727787452394,10.106168009290045,0.10101392285720033,2.702185742188069,1.0,0.09583416230233295,1.0047917081151168,0.040706931752058334
5,adsorption,5138.0,100.04727895746583,10.108230250065732,0.10103453442610019,2.783583412216313,1.0,0.0979005199481574,1.0048950259974079,0.04069073731523653
5,adsorption,5140.0,100.04728004002838,10.110291670015915,0.10105513779056102,2.8649486990304904,1.0,0.099966054532596,1.0049983027266298,0.04067454855481507
5,adsorption,5142.0,100.04728112220876,10.112352269248817,0.10107573295166787,2.9462816140474413,1.0,0.10203076639938473,1.0051015383199693,0.04065836551057127
5,adsorption,5144.0,100.04728220400719,10.114412047181487,0.10109631990359427,3.0275821686860347,1.0,0.10409465583333448,1.0052047327916667,0.0406421881762802
5,adsorption,5146.0,100.04728328542433,10.116471004376042,0.10111689865195858,3.1088503740128255,1.0,0.10615772310851385,1.0053078861554257,0.0406260165443843
5,adsorption,5148.0,100.04728436646013,10.11852914127069,0.1011374692011413,3.190086241342651,1.0,0.1082199685164388,1.005410998425822,0.040609850615969244
5,adsorption,5150.0,100.04728544711449,10.120586457986883,0.10115803155235707,3.27128978160092,1.0,0.11028139233677986,1.0055140696168392,0.0405936903906699
5,adsorption,5152.0,100.04728652738766,10.122642954865332,0.10117858570901157,3.352461006801553,1.0,0.11234199487406335,1.005617099743703,0.040577535865738354
5,adsorption,5154.0,100.04728760727976,10.124698632231244,0.10119913167435575,3.433599928676425,1.0,0.11440177642763875,1.005720088821382,0.04056138704002974
5,adsorption,5156.0,100.0472886867908,10.126753490348545,0.10121966945102809,3.51470655867007,1.0,0.11646073728931046,1.0058230368644656,0.04054524391226076
5,adsorption,5158.0,100.04728976592094,10.128807529511072,0.10124019904196589,3.5957809081302066,1.0,0.11851887774779261,1.0059259438873895,0.04052910648067411
5,adsorption,5160.0,100.04729084467027,10.130860750016396,0.10126072045014387,3.6768229884165917,1.0,0.1205761980926759,1.0060288099046337,0.04051297474395537
5,adsorption,5162.0,100.04729192303887,10.132913152146623,0.10128123367838222,3.7578328109139147,1.0,0.1226326986141076,1.0061316349307055,0.040496848700725646
5,adsorption,5164.0,100.04729300102682,10.134964736192702,0.10130173872958945,3.8388103870135266,1.0,0.12468837960219152,1.0062344189801096,0.04048072834943885
5,adsorption,5166.0,100.04729407863425,10.137015502447072,0.1013222356066889,3.9197557281018254,1.0,0.12674324134707302,1.0063371620673536,0.04046461368868045
5,adsorption,5168.0,100.04729515586124,10.139065451197096,0.10134272431255331,4.000668845558992,1.0,0.12879728413872862,1.0064398642069365,0.04044850471702849
5,adsorption,5170.0,100.04729623270791,10.141114582732426,0.10136320485007817,4.081549750761116,1.0,0.13085050826696099,1.006542525413348,0.04043240143300723
5,adsorption,5172.0,100.04729730917433,10.143162897343306,0.10138367722216501,4.16239845508158,1.0,0.1329029140215485,1.0066451457010774,0.04041630383517624
5,adsorption,5174.0,100.04729838526059,10.145210395318529,0.10140414143170073,4.243214969891259,1.0,0.13495450169221165,1.0067477250846106,0.04040021192209991
5,adsorption,5176.0,100.04729946096677,10.147257076947263,0.1014245974815761,4.323999306558276,1.0,0.13700527156857456,1.0068502635784287,0.04038412569232264
5,adsorption,5178.0,100.04730053629305,10.149302942519007,0.10144504537468513,4.404751476447837,1.0,0.13905522394019834,1.00695276119701,0.04036804514439798
5,adsorption,5180.0,100.04730161123948,10.151347992322735,0.10146548511391651,4.4854714909222135,1.0,0.1411043590965725,1.0070552179548287,0.04035197027688228
5,adsorption,5182.0,100.04730268580614,10.153392226647467,0.10148591670215956,4.566159361340767,1.0,0.1431526773271076,1.0071576338663555,0.0403359010883286
5,adsorption,5184.0,100.04730375999307,10.155435645782173,0.10150634014230307,4.6468150990599675,1.0,0.1452001789211378,1.0072600089460568,0.040319837577288124
5,adsorption,5186.0,100.04730483380055,10.157478250015814,0.10152675543723548,4.727438715433394,1.0,0.14724686416792754,1.0073623432083965,0.040303779742315596
5,adsorption,5188.0,100.04730590722849,10.159520039637133,0.10154716258984342,4.8080302218117374,1.0,0.14929273335666543,1.0074646366678333,0.040287727581964285
5,adsorption,5190.0,100.04730698027704,10.161561014934879,0.10156756160301339,4.888589629542792,1.0,0.1513377867764631,1.0075668893388232,0.04027168109478537
5,adsorption,5192.0,100.04730805294638,10.163601176197785,0.10158795247963162,4.969116949971457,1.0,0.15338202471636242,1.0076691012358183,0.04025564027933356
5,adsorption,5194.0,100.04730912523647,10.165640523714362,0.10160833522258249,5.04961219443974,1.0,0.1554254474653289,1.0077712723732664,0.04023960513416176
5,adsorption,5196.0,100.04731019714754,10.167679057773181,0.10162870983475047,5.1300753742867515,1.0,0.1574680553122531,1.0078734027656127,0.04022357565782239
5,adsorption,5198.0,100.04731126867966,10.169716778662684,0.10164907631901915,5.210506500848713,1.0,0.15950984854595257,1.0079754924272977,0.04020755184886875
5,adsorption,5200.0,100.04731233983284,10.171753686671204,0.10166943467827094,5.290905585458945,1.0,0.16155082745516838,1.0080775413727585,0.04019153370585244
5,adsorption,5202.0,100.04731341060725,10.17378978208708,0.10168978491538817,5.371272639447875,1.0,0.1635909923285688,1.0081795496164287,0.040175521227326164
5,adsorption,5204.0,100.04731448100291,10.175825065198534,0.10171012703325213,5.451607674143038,1.0,0.16563034345474967,1.0082815171727375,0.04015951441184397
5,adsorption,5206.0,100.04731555102,10.177859536293662,0.10173046103474284,5.531910700869075,1.0,0.16766888112222883,1.0083834440561115,0.040143513257957
5,adsorption,5208.0,100.04731662065863,10.179893195660593,0.10175078692274055,5.612181730947725,1.0,0.16970660561945097,1.0084853302809726,0.04012751776421725
5,adsorption,5210.0,100.04731768991878,10.181926043587312,0.10177110470012421,5.692420775697837,1.0,0.17174351723478815,1.0085871758617395,0.04011152792917801
5,adsorption,5212.0,100.04731875880064,10.18395808036174,0.10179141436977202,5.772627846435364,1.0,0.17377961625653796,1.008688980812827,0.04009554375139231
5,adsorption,5214.0,100.04731982730435,10.185989306271741,0.1018117159345616,5.85280295447337,1.0,0.17581490297292365,1.0087907451486462,0.040079565229413056
5,adsorption,5216.0,100.04732089542989,10.188019721605047,0.1018320093973694,5.932946111122014,1.0,0.1778493776720907,1.0088924688836047,0.040063592361790454
5,adsorption,5218.0,100.04732196317742,10.19004932664942,0.10185229476107202,6.013057327688564,1.0,0.1798830406421136,1.0089941520321057,0.040047625147077354
5,adsorption,5220.0,100.04732303054708,10.192078121692486,0.10187257202854468,6.093136615477393,1.0,0.18191589217099496,1.0090957946085497,0.040031663583828224
5,adsorption,5222.0,100.04732409753886,10.194106107021687,0.101892841202661,6.173183985789977,1.0,0.18394793254665456,1.0091973966273327,0.04001570767059104
5,adsorption,5224.0,100.04732516415297,10.196133282924665,0.10191310228629628,6.253199449924893,1.0,0.185979162056945,1.0092989581028473,0.03999975740591924
5,adsorption,5226.0,100.04732623038942,10.19815964968873,0.10193335528232277,6.333183019177826,1.0,0.18800958098964543,1.0094004790494824,0.039983812788366935
5,adsorption,5228.0,100.04732729624834,10.20018520760121,0.10195360019361263,6.413134704841566,1.0,0.190039189632456,1.0095019594816228,0.039967873816484374
5,adsorption,5230.0,100.0473283617298,10.20220995694941,0.1019738370230381,6.493054518206004,1.0,0.19206798827300545,1.0096033994136502,0.03995194048882415
5,adsorption,5232.0,100.04732942683397,10.204233898020453,0.1019940657734693,6.572942470558137,1.0,0.19409597719884544,1.0097047988599424,0.0399360128039367
5,adsorption,5234.0,100.04733049156086,10.206257031101485,0.10201428644777681,6.652798573182061,1.0,0.19612315669745456,1.0098061578348727,0.03992009076037334
5,adsorption,5236.0,100.0473315559106,10.208279356479558,0.10203449904883019,6.732622837358977,1.0,0.19814952705624078,1.009907476352812,0.03990417435668828
5,adsorption,5238.0,100.0473326198833,10.210300874441586,0.10205470357949753,6.8124152743671935,1.0,0.20017508856253505,1.0100087544281267,0.039888263591433465
5,adsorption,5240.0,100.04733368347908,10.212321585274433,0.10207490004264655,6.89217589548212,1.0,0.20219984150358863,1.0101099920751795,0.03987235846315674
5,adsorption,5242.0,100.04733474669796,10.214341489265,0.10209508844114533,6.971904711976267,1.0,0.20422378616658515,1.0102111893083292,0.03985645897041109
5,adsorption,5244.0,100.04733580954014,10.216360586699986,0.10211526877785977,7.051601735119249,1.0,0.20624692283863688,1.0103123461419319,0.0398405651117518
5,adsorption,5246.0,100.0473368720056,10.218378877865936,0.1021354410556545,7.131266976177787,1.0,0.2082692518067701,1.0104134625903385,0.03982467688572496
5,adsorption,5248.0,100.0473379340945,10.220396363049638,0.10215560527739632,7.210900446415699,1.0,0.21029077335794633,1.0105145386678973,0.03980879429088415
5,adsorption,5250.0,100.04733899580701,10.22241304253749,0.10217576144594823,7.29050215709391,1.0,0.2123114877790533,1.0106155743889527,0.03979291732578336
5,adsorption,5252.0,100.04734005714309,10.224428916615881,0.10219590956417322,7.370072119470447,1.0,0.2143313953568958,1.0107165697678449,0.03977704598896978
5,adsorption,5254.0,100.04734111810285,10.226443985571297,0.10221604963493523,7.4496103448004405,1.0,0.2163504963782112,1.0108175248189106,0.0397611802789959
5,adsorption,5256.0,100.04734217868648,10.228458249689943,0.10223618166109522,7.5291168443361185,1.0,0.21836879112966134,1.010918439556483,0.03974532019441347
5,adsorption,5258.0,100.0473432388941,10.230471709258076,0.10225630564551472,7.608591629326816,1.0,0.22038627989783333,1.011019313994892,0.03972946573377368
5,adsorption,5260.0,100.04734429872565,10.23248436456181,0.10227642159105414,7.688034711018969,1.0,0.2224029629692401,1.011120148148462,0.0397136168956279
5,adsorption,5262.0,100.04734535818136,10.234496215887235,0.10229652950057322,7.767446100656117,1.0,0.22441884063032047,1.0112209420315161,0.03969777367852765
5,adsorption,5264.0,100.04734641726124,10.236507263520279,0.10231662937693037,7.846825809478899,1.0,0.22643391316743414,1.0113216956583717,0.03968193608102067
5,adsorption,5266.0,100.04734747596545,10.238517507746968,0.1023367212229848,7.926173848725055,1.0,0.22844818086687296,1.0114224090433437,0.03966610410165981
5,adsorption,5268.0,100.04734853429407,10.240526948853109,0.10235680504159365,8.005490229629432,1.0,0.23046164401485705,1.0115230822007428,0.03965027773899987
5,adsorption,5270.0,100.04734959224717,10.242535587124319,0.10237688083561217,8.084774963423975,1.0,0.23247430289751794,1.011623715144876,0.039634456991584494
5,adsorption,5272.0,100.04735064982485,10.244543422846537,0.10239694860789869,8.164028061337726,1.0,0.23448615780092427,1.0117243078900462,0.039618641857966416
5,adsorption,5274.0,100.04735170702732,10.24655045630532,0.10241700836130782,8.24324953459684,1.0,0.23649720901107774,1.011824860450554,0.03960283233670385
5,adsorption,5276.0,100.04735276385449,10.248556687786015,0.10243706009869212,8.322439394424567,1.0,0.23850745681388763,1.0119253728406945,0.039587028426341035
5,adsorption,5278.0,100.04735382030658,10.250562117574287,0.10245710382290725,8.401597652041257,1.0,0.24051690149519245,1.0120258450747597,0.03957123012542496
5,adsorption,5280.0,100.04735487638366,10.252566745955573,0.10247713953680657,8.480724318664361,1.0,0.24252554334076953,1.0121262771670385,0.039555437432512996
5,adsorption,5282.0,100.04735593208585,10.25457057321502,0.10249716724324057,8.559819405508438,1.0,0.2445333826363122,1.0122266691318156,0.03953965034615475
5,adsorption,5284.0,100.04735698741317,10.256573599637976,0.10251718694506187,8.63888292378514,1.0,0.24654041966743728,1.012327020983372,0.03952386886489829
5,adsorption,5286.0,100.04735804236577,10.258575825509627,0.10253719864512123,8.717914884703225,1.0,0.24854665471969126,1.0124273327359845,0.03950809298729471
5,adsorption,5288.0,100.04735909694378,10.260577251115048,0.10255720234626849,8.796915299468548,1.0,0.25055208807854673,1.0125276044039273,0.03949232271189551
5,adsorption,5290.0,100.04736015114723,10.26257787673924,0.1025771980513527,8.875884179284068,1.0,0.2525567200293994,1.01262783600147,0.03947655803725018
5,adsorption,5292.0,100.04736120497623,10.264577702667198,0.10259718576322281,8.954821535349843,1.0,0.254560550857572,1.0127280275428785,0.0394607989619093
5,adsorption,5294.0,100.04736225843098,10.266576729183807,0.10261716548472669,9.033727378863036,1.0,0.256563580848315,1.0128281790424158,0.039445045484424984
5,adsorption,5296.0,100.04736331151142,10.268574956573797,0.10263713721871066,9.112601721017905,1.0,0.2585658102868003,1.01292829051434,0.039429297603346146
5,adsorption,5298.0,100.04736436421774,10.270572385121937,0.1026571009680215,9.191444573005812,1.0,0.26056723945812493,1.0130283619729064,0.039413555317221204
5,adsorption,5300.0,100.04736541655,10.272569015112914,0.1026770567355051,9.27025594601522,1.0,0.26256786864731607,1.0131283934323658,0.03939781862460214
5,adsorption,5302.0,100.0473664685083,10.274564846831241,0.10269700452400557,9.349035851231685,1.0,0.26456769813932357,1.013228384906966,0.03938208752403871
5,adsorption,5304.0,100.04736752009283,10.276559880561493,0.10271694433636765,9.427784299837871,1.0,0.26656672821902455,1.0133283364109513,0.039366362014081745
5,adsorption,5306.0,100.04736857130354,10.278554116588046,0.10273687617543428,9.506501303013541,1.0,0.26856495917122125,1.013428247958561,0.03935064209328178
5,adsorption,5308.0,100.0473696221406,10.280547555195234,0.10275680004404772,9.585186871935559,1.0,0.27056239128063775,1.013528119564032,0.03933492776018632
5,adsorption,5310.0,100.0473706726041,10.282540196667421,0.10277671594505065,9.663841017777882,1.0,0.27255902483192845,1.0136279512415964,0.03931921901334659
5,adsorption,5312.0,100.04737172269414,10.28453204128876,0.1027966238812836,9.742463751711574,1.0,0.2745548601096733,1.0137277430054836,0.03930351585131369
5,adsorption,5314.0,100.04737277241084,10.286523089343392,0.1028165238555871,9.821055084904799,1.0,0.2765498973983769,1.0138274948699189,0.03928781827263796
5,adsorption,5316.0,100.04737382175425,10.288513341115374,0.10283641587080065,9.899615028522822,1.0,0.2785441369824684,1.0139272068491236,0.03927212627586893
5,adsorption,5318.0,100.04737487072448,10.290502796888644,0.10285629992976274,9.978143593728001,1.0,0.2805375791462989,1.014026878957315,0.03925643985955315
5,adsorption,5320.0,100.04737591932165,10.292491456947202,0.10287617603531232,10.056640791679795,1.0,0.28253022417415113,1.0141265112087074,0.03924075902224199
5,adsorption,5322.0,100.04737696754586,10.294479321574872,0.10289604419028672,10.135106633534768,1.0,0.28452207235023713,1.0142261036175118,0.039225083762489635
5,adsorption,5324.0,100.04737801539714,10.296466391055255,0.10291590439752095,10.21354113044658,1.0,0.2865131239586811,1.0143256561979341,0.039209414078839676
5,adsorption,5326.0,100.04737906287569,10.29845266567227,0.10293575665985326,10.291944293565987,1.0,0.28850337928354325,1.0144251689641772,0.03919374996984401
5,adsorption,5328.0,100.04738010998153,10.300438145709398,0.10295560098011747,10.370316134040854,1.0,0.2904928386088104,1.0145246419304406,0.03917809143405509
5,adsorption,5330.0,100.04738115671476,10.30242283145012,0.10297543736114739,10.448656663016132,1.0,0.2924815022183852,1.0146240751109192,0.03916243847001783
5,adsorption,5332.0,100.04738220307554,10.304406723178067,0.10299526580577839,10.526965891633884,1.0,0.2944693703961049,1.0147234685198054,0.039146791076284146
5,adsorption,5334.0,100.04738324906386,10.306389821176499,0.10301508631684213,10.605243831033267,1.0,0.29645644342573185,1.0148228221712865,0.03913114925140554
5,adsorption,5336.0,100.04738429467994,10.30837212572875,0.1030348988971709,10.683490492350534,1.0,0.29844272159094987,1.0149221360795475,0.03911551299393026
5,adsorption,5338.0,100.0473853399238,10.310353637118043,0.10305470354959602,10.761705886719044,1.0,0.3004282051753661,1.0150214102587682,0.039099882302404756
5,adsorption,5340.0,100.04738638479554,10.312334355627636,0.10307450027694903,10.839890025269247,1.0,0.3024128944625208,1.015120644723126,0.03908425717538132
5,adsorption,5342.0,100.04738742929536,10.314314281540545,0.10309428908205914,10.918042919128697,1.0,0.30439678973587825,1.015219839486794,0.03906863761141111
5,adsorption,5344.0,100.04738847342318,10.316293415139736,0.10311406996775513,10.996164579422048,1.0,0.30637989127882137,1.0153189945639414,0.03905302360903975
5,adsorption,5346.0,100.0473895171792,10.318271756708256,0.10313384293686644,11.074255017271048,1.0,0.3083621993746647,1.0154181099687332,0.03903741516681754
5,adsorption,5348.0,100.04739056056351,10.320249306528913,0.10315360799222013,11.152314243794544,1.0,0.31034371430664826,1.0155171857153324,0.03902181228329476
5,adsorption,5350.0,100.04739160357619,10.322226064884477,0.10317336513664299,11.230342270108483,1.0,0.31232443635793383,1.0156162218178968,0.03900621495701875
5,adsorption,5352.0,100.04739264621736,10.324202032057768,0.10319311437296225,11.308339107325912,1.0,0.31430436581161525,1.0157152182905809,0.03899062318654173
5,adsorption,5354.0,100.04739368848708,10.326177208331327,0.1032128557040023,11.386304766556977,1.0,0.31628350295070873,1.0158141751475354,0.038975036970413296
5,adsorption,5356.0,100.04739473038552,10.328151593987732,0.10323258913258795,11.46423925890892,1.0,0.318261848058152,1.0159130924029076,0.038959456307180194
5,adsorption,5358.0,100.04739577191269,10.33012518930952,0.10325231466154364,11.542142595486082,1.0,0.32023940141681123,1.0160119700708405,0.03894388119539112
5,adsorption,5360.0,100.04739681306874,10.332097994579126,0.10327203229369271,11.620014787389907,1.0,0.32221616330948216,1.0161108081654742,0.03892831163359799
5,adsorption,5362.0,100.04739785385381,10.334070010078808,0.10329174203185675,11.697855845718928,1.0,0.3241921340188799,1.016209606700944,0.03891274762034783
5,adsorption,5364.0,100.04739889426789,10.336041236090932,0.10331144387885856,11.775665781568787,1.0,0.32616731382764874,1.0163083656913827,0.03889718915419035
5,adsorption,5366.0,100.04739993431104,10.338011672897595,0.1033311378375181,11.853444606032207,1.0,0.32814170301835444,1.0164070851509177,0.03888163623367232
5,adsorption,5368.0,100.0474009739835,10.339981320781037,0.10335082391065675,11.931192330199027,1.0,0.3301153018734945,1.0165057650936746,0.038866088857345236
5,adsorption,5370.0,100.04740201328538,10.341950180023268,0.10337050210109357,12.008908965156179,1.0,0.3320881106754928,1.0166044055337746,0.038850547023760854
5,adsorption,5372.0,100.04740305221662,10.343918250906148,0.10339017241164633,12.086594521987687,1.0,0.3340601297066887,1.0167030064853344,0.03883501073146348
5,adsorption,5374.0,100.04740409077745,10.345885533711757,0.10340983484513477,12.164249011774682,1.0,0.3360313592493554,1.0168015679624678,0.038819479979003604
5,adsorption,5376.0,100.04740512896795,10.347852028721796,0.10342948940437494,12.241872445595387,1.0,0.33800179958569027,1.0169000899792846,0.0388039547649307
5,adsorption,5378.0,100.04740616678811,10.349817736218027,0.10344913609218354,12.31946483452512,1.0,0.33997145099781373,1.0169985725498907,0.038788435087792346
5,adsorption,5380.0,100.04740720423818,10.351782656482218,0.10346877491137717,12.397026189636303,1.0,0.3419403137677772,1.017097015688389,0.03877292094614018
5,adsorption,5382.0,100.04740824131815,10.353746789795803,0.10348840586476936,12.474556521998457,1.0,0.34390838817754926,1.0171954194088775,0.038757412338519315
5,adsorption,5384.0,100.04740927802817,10.355710136440493,0.10350802895517609,12.552055842678193,1.0,0.34587567450903156,1.0172937837254517,0.038741909263480805
5,adsorption,5386.0,100.0474103143683,10.357672696697588,0.10352764418540948,12.629524162739221,1.0,0.3478421730440469,1.0173921086522024,0.038726411719572196
5,adsorption,5388.0,100.04741135033866,10.35963447084858,0.10354725155828345,12.706961493242357,1.0,0.34980788406434693,1.0174903942032174,0.03871091970534352
5,adsorption,5390.0,100.04741238593931,10.361595459174703,0.10356685107660939,12.784367845245507,1.0,0.3517728078516075,1.0175886403925805,0.03869543321934377
5,adsorption,5392.0,100.04741342117043,10.363555661957209,0.10358644274319878,12.861743229803677,1.0,0.3537369446874292,1.0176868472343714,0.03867995226012132
5,adsorption,5394.0,100.047414456032,10.365515079477174,0.10360602656086157,12.939087657968962,1.0,0.35570029485333216,1.0177850147426666,0.038664476826219873
5,adsorption,5396.0,100.04741549052424,10.367473712015888,0.10362560253240942,13.016401140790563,1.0,0.3576628586307762,1.017883142931539,0.03864900691619421
5,adsorption,5398.0,100.04741652464718,10.369431559854211,0.10364517066065018,13.093683689314785,1.0,0.3596246363011453,1.0179812318150572,0.03863354252859763
5,adsorption,5400.0,100.04741755840095,10.37138862327293,0.10366473094839064,13.170935314585021,1.0,0.36158562814572975,1.0180792814072868,0.03861808366196882
5,adsorption,5402.0,100.04741859178556,10.373344902553177,0.10368428339844128,13.24815602764176,1.0,0.3635458344457597,1.018177291722288,0.03860263031485741
5,adsorption,5404.0,100.04741962480117,10.3753003979756,0.1037038280136075,13.325345839522589,1.0,0.36550525548239327,1.0182752627741196,0.03858718248581502
5,adsorption,5406.0,100.04742065744789,10.377255109820906,0.10372336479669539,13.402504761262191,1.0,0.36746389153671155,1.0183731945768355,0.03857174017339119
5,adsorption,5408.0,100.04742168972587,10.379209038369758,0.10374289375051057,13.479632803892354,1.0,0.3694217428897193,1.018471087144486,0.038556303376134
5,adsorption,5410.0,100.04742272163503,10.381162183902639,0.10376241487785709,13.556729978441957,1.0,0.3713788098223432,1.0185689404911171,0.0385408720925886
5,adsorption,5412.0,100.04742375317568,10.383114546700178,0.10378192818154,13.633796295936975,1.0,0.37333509261544434,1.0186667546307722,0.03852544632130712
5,adsorption,5414.0,100.04742478434781,10.385066127042663,0.10380143366436137,13.710831767400487,1.0,0.37529059154980526,1.0187645295774903,0.038510026060838386
5,adsorption,5416.0,100.04742581515144,10.387016925210407,0.10382093132912343,13.787836403852657,1.0,0.37724530690612834,1.0188622653453063,0.03849461130972701
5,adsorption,5418.0,100.04742684558681,10.388966941483833,0.10384042117862924,13.864810216310758,1.0,0.3791992389650517,1.0189599619482526,0.038479202066525164
5,adsorption,5420.0,100.04742787565397,10.390916176142994,0.10385990321567848,13.941753215789156,1.0,0.3811523880071362,1.0190576194003569,0.03846379832978312
5,adsorption,5422.0,100.04742890535299,10.392864629467931,0.10387937744307056,14.018665413299313,1.0,0.3831047543128569,1.0191552377156428,0.038448400098042144
5,adsorption,5424.0,100.04742993468399,10.394812301738918,0.10389884386360727,14.095546819849787,1.0,0.3850563381626291,1.0192528169081314,0.03843300736985496
5,adsorption,5426.0,100.04743096364702,10.396759193235718,0.10391830248008527,14.172397446446228,1.0,0.3870071398367894,1.0193503569918394,0.038417620143771196
5,adsorption,5428.0,100.04743199224222,10.39870530423821,0.10393775329530233,14.24921730409139,1.0,0.3889571596155908,1.0194478579807795,0.03840223841833308
5,adsorption,5430.0,100.04743302046967,10.400650635026398,0.10395719631205758,14.326006403785119,1.0,0.39090639777922487,1.0195453198889612,0.038386862192093064
5,adsorption,5432.0,100.04743404832954,10.402595185879878,0.10397663153314592,14.402764756524354,1.0,0.3928548546078074,1.0196427427303905,0.038371491463602726
5,adsorption,5434.0,100.04743507582184,10.404538957078268,0.10399605896136266,14.479492373303145,1.0,0.3948025303813697,1.0197401265190686,0.03835612623140548
5,adsorption,5436.0,100.04743610294666,10.406481948901357,0.10401547859950465,14.556189265112634,1.0,0.3967494253798805,1.019837471268994,0.03834076649405414
5,adsorption,5438.0,100.04743712970422,10.408424161628444,0.10403489045036386,14.632855442941052,1.0,0.3986955398832259,1.0199347769941614,0.03832541225009521
5,adsorption,5440.0,100.04743815609446,10.410365595539051,0.10405429451673469,14.70949091777373,1.0,0.40064087417121536,1.0200320437085608,0.03831006349807343
5,adsorption,5442.0,100.04743918211753,10.4123062509126,0.10407369080141028,14.786095700593096,1.0,0.4025854285235902,1.0201292714261796,0.03829472023653848
5,adsorption,5444.0,100.04744020777359,10.414246128028326,0.104093079307182,14.862669802378669,1.0,0.4045292032200174,1.020226460161001,0.03827938246404021
5,adsorption,5446.0,100.04744123306264,10.416185227165506,0.10411246003684176,14.939213234107074,1.0,0.4064721985400915,1.0203236099270045,0.03826405017912993
5,adsorption,5448.0,100.0474422579848,10.418123548603115,0.10413183299317821,15.01572600675203,1.0,0.40841441476332035,1.020420720738166,0.038248723380349306
5,adsorption,5450.0,100.04744328254029,10.420061092620433,0.10415119817898318,15.092208131284348,1.0,0.4103558521691459,1.0205177926084572,0.03823340206624688
5,adsorption,5452.0,100.0474443067291,10.421997859496427,0.1041705555970454,15.168659618671935,1.0,0.41229651103694326,1.0206148255518475,0.03821808623537711
5,adsorption,5454.0,100.04744533055128,10.423933849509845,0.10418990525015145,15.245080479879801,1.0,0.4142363916460013,1.0207118195823002,0.038202775886285005
5,adsorption,5456.0,100.04744635400702,10.425869062939706,0.10420924714109046,15.321470725870048,1.0,0.4161754942755371,1.0208087747137768,0.038187471017517995
5,adsorption,5458.0,100.04744737709636,10.427803500064686,0.10422858127264822,15.397830367601877,1.0,0.41811381920469226,1.0209056909602345,0.038172171627622487
5,adsorption,5460.0,100.04744839981939,10.42973716116352,0.1042479076476112,15.474159416031577,1.0,0.42005136671253596,1.0210025683356267,0.03815687771514656
5,adsorption,5462.0,100.04744942217627,10.431670046514894,0.10426722626876517,15.550457882112537,1.0,0.4219881370780691,1.0210994068539034,0.03814158927864319
5,adsorption,5464.0,100.04745044416707,10.433602156397207,0.1042865371388932,15.626725776795253,1.0,0.423924130580208,1.0211962065290103,0.03812630631665727
5,adsorption,5466.0,100.04745146579191,10.435533491089034,0.10430584026078005,15.7029631110273,1.0,0.4258593474977966,1.0212929673748898,0.03811102882773536
5,adsorption,5468.0,100.04745248705079,10.437464050868781,0.10432513563720884,15.779169895753359,1.0,0.4277937881096084,1.0213896894054804,0.03809575681042737
5,adsorption,5470.0,100.04745350794391,10.439393836014718,0.10434442327096127,15.855346141915208,1.0,0.4297274526943401,1.021486372634717,0.038080490263281155
5,adsorption,5472.0,100.04745452847133,10.441322846805164,0.10436370316481955,15.931491860451716,1.0,0.4316603415306161,1.0215830170765308,0.0380652291848463
5,adsorption,5474.0,100.04745554863315,10.443251083518206,0.1043829753215636,16.007607062298852,1.0,0.4335924548969819,1.021679622744849,0.03804997357366889
5,adsorption,5476.0,100.0474565684295,10.445178546432018,0.10440223974397417,16.083691758389683,1.0,0.43552379307191064,1.0217761896535957,0.03803472342829662
5,adsorption,5478.0,100.04745758786038,10.447105235824617,0.1044214964348305,16.15974595965437,1.0,0.43745435633380303,1.0218727178166902,0.038019478747279026
5,adsorption,5480.0,100.04745860692596,10.449031151973898,0.10444074539691052,16.23576967702016,1.0,0.43938414496098205,1.0219692072480493,0.03800423952916285
5,adsorption,5482.0,100.0474596256263,10.45095629515779,0.1044599866329926,16.31176292141141,1.0,0.4413131592316973,1.0220656579615848,0.03798900577249573
5,adsorption,5484.0,100.04746064396154,10.452880665654112,0.10447922014585388,16.387725703749567,1.0,0.44324139942412555,1.0221620699712062,0.037973777475826656
5,adsorption,5486.0,100.04746166193182,10.454804263740595,0.10449844593827068,16.463658034953173,1.0,0.4451688658163722,1.0222584432908186,0.03795855463770686
5,adsorption,5488.0,100.04746267953715,10.456727089694777,0.10451766401301758,16.53955992593788,1.0,0.44709555868645734,1.022354777934323,0.03794333725667918
5,adsorption,5490.0,100.04746369677761,10.458649143794354,0.10453687437287039,16.615431387616407,1.0,0.4490214783123316,1.0224510739156167,0.03792812533129053
5,adsorption,5492.0,100.0474647136534,10.460570426316881,0.10455607702060372,16.691272430898593,1.0,0.4509466249718794,1.022547331248594,0.03791291886009407
5,adsorption,5494.0,100.04746573016455,10.462490937539636,0.10457527195898948,16.767083066691367,1.0,0.4528709989429025,1.0226435499471451,0.03789771784163665
5,adsorption,5496.0,100.04746674631114,10.464410677740066,0.10459445919080107,16.842863305898753,1.0,0.45479460050312787,1.0227397300251564,0.037882522274464696
5,adsorption,5498.0,100.04746776209332,10.466329647195431,0.1046136387188101,16.91861315942187,1.0,0.456717429930208,1.0228358714965105,0.03786733215712483
5,adsorption,5500.0,100.04746877751111,10.468247846182958,0.10463281054578798,16.99433263815893,1.0,0.4586394875017243,1.0229319743750862,0.03785214748816637
5,adsorption,5502.0,100.04746979256473,10.470165274979847,0.1046519746745056,17.070021753005253,1.0,0.4605607734951896,1.0230280386747594,0.03783696826614288
5,adsorption,5504.0,100.04747080725417,10.472081933862944,0.10467113110773055,17.145680514853243,1.0,0.46248128818802764,1.0231240644094013,0.03782179448959673
5,adsorption,5506.0,100.04747182157959,10.47399782310938,0.1046902798482331,17.221308934592408,1.0,0.4644010318575886,1.0232200515928795,0.037806626157070984
5,adsorption,5508.0,100.04747283554097,10.475912942996139,0.10470942089878221,17.296907023109338,1.0,0.46632000478116137,1.023316000239058,0.037791463267119144
5,adsorption,5510.0,100.04747384913858,10.477827293799937,0.10472855426214396,17.37247479128773,1.0,0.46823820723595666,1.0234119103617978,0.0377763058182917
5,adsorption,5512.0,100.04747486237241,10.479740875797539,0.10474767994108505,17.448012250008375,1.0,0.47015563949910466,1.0235077819749552,0.037761153809134196
5,adsorption,5514.0,100.04747587524261,10.481653689265674,0.10476679793837183,17.523519410149163,1.0,0.47207230184766236,1.023603615092383,0.03774600723819337
5,adsorption,5516.0,100.04747688774918,10.483565734480898,0.10478590825676896,17.59899628258508,1.0,0.4739881945586111,1.0236994097279306,0.03773086610401509
5,adsorption,5518.0,100.0474778998923,10.485477011719832,0.10480501089904154,17.67444287818819,1.0,0.47590331790886337,1.0237951658954432,0.037715730405149625
5,adsorption,5520.0,100.04747891167212,10.487387521258947,0.10482410586795333,17.749859207827683,1.0,0.47781767217526055,1.023890883608763,0.037700600140149636
5,adsorption,5522.0,100.04747992308864,10.489297263374482,0.1048431931662658,17.82524528236982,1.0,0.47973125763455765,1.023986562881728,0.03768547530755864
5,adsorption,5524.0,100.04748093414193,10.49120623834286,0.10486227279674223,17.900601112677975,1.0,0.4816440745634375,1.0240822037281718,0.03767035590592183
5,adsorption,5526.0,100.04748194483224,10.493114446440403,0.10488134476214475,17.975926709612605,1.0,0.48355612323851843,1.024177806161926,0.03765524193379239
5,adsorption,5528.0,100.04748295515945,10.49502188794308,0.10490040906523226,18.05122208403127,1.0,0.48546740393633503,1.0242733701968167,0.037640133389715946
5,adsorption,5530.0,100.04748396512386,10.496928563127087,0.10491946570876559,18.12648724678862,1.0,0.48737791693334637,1.0243688958466675,0.03762503027223777
5,adsorption,5532.0,100.04748497472548,10.498834472268499,0.10493851469550455,18.20172220873641,1.0,0.4892876625059448,1.0244643831252975,0.03760993257990877
5,adsorption,5534.0,100.04748598396435,10.500739615643138,0.10495755602820644,18.27692698072348,1.0,0.49119664093044363,1.0245598320465221,0.03759484031127646
5,adsorption,5536.0,100.04748699284066,10.502643993526933,0.10497658970962956,18.352101573595768,1.0,0.4931048524830802,1.024655242624154,0.03757975346488727
5,adsorption,5538.0,100.04748800135451,10.504547606195764,0.10499561574253168,18.42724599819632,1.0,0.49501229744002745,1.0247506148720014,0.03756467203929506
5,adsorption,5540.0,100.04748900950592,10.506450453925114,0.10501463412966669,18.502360265365265,1.0,0.496918976077368,1.0248459488038684,0.037549596033041754
5,adsorption,5542.0,100.04749001729506,10.508352536990836,0.10503364487379216,18.57744438593983,1.0,0.4988248886711163,1.0249412444335557,0.037534525444674095
5,adsorption,5544.0,100.04749102472199,10.510253855668521,0.10505264797766302,18.65249837075435,1.0,0.5007300354972237,1.0250365017748613,0.03751946027274754
5,adsorption,5546.0,100.0474920317868,10.512154410233418,0.10507164344403082,18.72752223064024,1.0,0.5026344168315503,1.0251317208415776,0.0375044005158045
5,adsorption,5548.0,100.04749303848963,10.514054200961146,0.10509063127565073,18.802515976426008,1.0,0.5045380329498835,1.0252269016474942,0.03748934617238903
5,adsorption,5550.0,100.04749404483053,10.51595322812712,0.10510961147527596,18.877479618937276,1.0,0.5064408841279522,1.0253220442063977,0.03747429724105724
5,adsorption,5552.0,100.04749505080956,10.517851492006379,0.10512858404565595,18.95241316899675,1.0,0.5083429706413969,1.0254171485320698,0.037459253720354635
5,adsorption,5554.0,100.047496056427,10.519748992874328,0.1051475489895436,19.027316637424235,1.0,0.5102442927657874,1.0255122146382896,0.03744421560882953
5,adsorption,5556.0,100.0474970616827,10.52164573100592,0.10516650630968774,19.10219003503664,1.0,0.512144850776614,1.0256072425388307,0.037429182905026205
5,adsorption,5558.0,100.04749806657692,10.523541706676337,0.10518545600883904,19.177033372647944,1.0,0.5140446449492985,1.0257022322474652,0.03741415560749393
5,adsorption,5560.0,100.04749907110968,10.525436920160503,0.10520439808974587,19.25184666106925,1.0,0.5159436755591886,1.0257971837779594,0.03739913371478214
5,adsorption,5562.0,100.04750007528115,10.527331371733254,0.10522333255515552,19.326629911108743,1.0,0.5178419428815523,1.0258920971440777,0.037384117225435984
5,adsorption,5564.0,100.04750107909139,10.52922506166961,0.10524225940781723,19.401383133571702,1.0,0.5197394471915945,1.0259869723595798,0.03736910613800968
5,adsorption,5566.0,100.0475020825405,10.531117990244132,0.10526117865047567,19.47610633926052,1.0,0.5216361887644378,1.0260818094382218,0.03735410045105116
5,adsorption,5568.0,100.0475030856286,10.533010157731425,0.10528009028587587,19.550799538974665,1.0,0.5235321678751186,1.026176608393756,0.03733910016309922
5,adsorption,5570.0,100.04750408835567,10.534901564406391,0.10529899431676605,19.625462743510713,1.0,0.5254273847986163,1.0262713692399308,0.037324105272706506
5,adsorption,5572.0,100.04750509072193,10.536792210543355,0.1053178907458883,19.700095963662328,1.0,0.5273218398098377,1.0263660919904918,0.037309115778426896
5,adsorption,5574.0,100.04750609272749,10.538682096416702,0.1053367795759855,19.77469921022028,1.0,0.5292155331835988,1.02646077665918,0.03729413167880151
5,adsorption,5576.0,100.04750709437238,10.540571222301041,0.10535566080980284,19.84927249397243,1.0,0.5311084651946545,1.0265554232597327,0.03727915297238196
5,adsorption,5578.0,100.04750809565668,10.542459588470397,0.10537453445007965,19.923815825703734,1.0,0.5330006361176752,1.0266500318058838,0.03726417965771206
5,adsorption,5580.0,100.04750909658057,10.54434719519924,0.1053934004995595,19.998329216196236,1.0,0.5348920462272645,1.0267446023113633,0.03724921173334164
5,adsorption,5582.0,100.04751009714408,10.54623404276166,0.10541225896098247,20.072812676229095,1.0,0.5367826957979559,1.026839134789898,0.037234249197823775
5,adsorption,5584.0,100.04751109734731,10.548120131431578,0.10543110983708674,20.14726621657855,1.0,0.5386725851041939,1.0269336292552096,0.03721929204970027
5,adsorption,5586.0,100.04751209719036,10.550005461483233,0.10544995313061371,20.22168984801795,1.0,0.5405617144203585,1.027028085721018,0.03720434028752071
5,adsorption,5588.0,100.04751309667341,10.551890033190404,0.10546878884430015,20.29608358131772,1.0,0.5424500840207527,1.027122504201038,0.03718939390983274
5,adsorption,5590.0,100.04751409579646,10.553773846827035,0.10548761698088464,20.370447427245402,1.0,0.5443376941796091,1.0272168847089804,0.03717445291518713
5,adsorption,5592.0,100.04751509455964,10.555656902666842,0.1055064375431033,20.44478139656562,1.0,0.5462245451710819,1.027311227258554,0.03715951730213148
5,adsorption,5594.0,100.04751609296301,10.557539200983491,0.10552525053369187,20.519085500040106,1.0,0.548110637269245,1.0274055318634623,0.03714458706920904
5,adsorption,5596.0,100.0475170910068,10.559420742050902,0.10554405595538843,20.593359748427677,1.0,0.5499959707481171,1.027499798537406,0.03712966221497786
5,adsorption,5598.0,100.0475180886909,10.561301526142183,0.1055628538109233,20.667604152484262,1.0,0.5518805458816214,1.0275940272940811,0.037114742737979455
5,adsorption,5600.0,100.04751908601557,10.563181553531152,0.10558164410303353,20.741818722962872,1.0,0.5537643629436133,1.0276882181471807,0.03709982863676092
5,adsorption,5602.0,100.04752008298087,10.565060824491129,0.10560042683445141,20.816003470613616,1.0,0.5556474222078771,1.027782371110394,0.03708491990987179
5,adsorption,5604.0,100.04752107958679,10.566939339295379,0.10561920200790868,20.8901584061837,1.0,0.5575297239481195,1.027876486197406,0.037070016555859155
5,adsorption,5606.0,100.04752207583354,10.568817098217295,0.10563796962613818,20.96428354041743,1.0,0.5594112684379768,1.0279705634218987,0.03705511857327334
5,adsorption,5608.0,100.04752307172123,10.57069410152998,0.10565672969187004,21.038378884056204,1.0,0.5612920559510102,1.0280646027975504,0.03704022596066394
5,adsorption,5610.0,100.04752406724994,10.572570349506526,0.10567548220783413,21.11244444783852,1.0,0.563172086760701,1.028158604338035,0.03702533871657634
5,adsorption,5612.0,100.04752506241977,10.574445842420063,0.1056942271767608,21.18648024249998,1.0,0.5650513611404616,1.0282525680570231,0.03701045683956053
5,adsorption,5614.0,100.04752605723073,10.576320580543468,0.10571296460137794,21.26048627877327,1.0,0.5669298793636282,1.0283464939681815,0.036995580328164544
5,adsorption,5616.0,100.04752705168298,10.578194564149674,0.10573169448441383,21.334462567388176,1.0,0.5688076417034631,1.028440382085173,0.03698070918093776
5,adsorption,5618.0,100.04752804577669,10.580067793511455,0.1057504168285952,21.408409119071585,1.0,0.5706846484331488,1.0285342324216578,0.03696584339642434
5,adsorption,5620.0,100.0475290395118,10.58194026890152,0.10576913163664832,21.48232594454747,1.0,0.5725608998257933,1.0286280449912897,0.03695098297316945
5,adsorption,5622.0,100.0475300328885,10.58381199059278,0.10578783891130122,21.5562130545369,1.0,0.5744363961544486,1.0287218198077224,0.036936127909731956
5,adsorption,5624.0,100.0475310259069,10.5856829588575,0.10580653865527556,21.630070459758066,1.0,0.5763111376920766,1.0288155568846038,0.036921278204658466
5,adsorption,5626.0,100.04753201856713,10.587553173968347,0.10582523087129701,21.70389817092623,1.0,0.5781851247115594,1.0289092562355782,0.03690643385649169
5,adsorption,5628.0,100.04753301086917,10.589422636197794,0.10584391556208947,21.77769619875376,1.0,0.5800583574857141,1.0290029178742857,0.036891594863781865
5,adsorption,5630.0,100.04753400281318,10.59129134581816,0.10586259273037502,21.851464553950116,1.0,0.5819308362872828,1.0290965418143643,0.036876761225078256
5,adsorption,5632.0,100.04753499439929,10.593159303101746,0.10588126237887577,21.925203247221866,1.0,0.5838025613889319,1.0291901280694467,0.036861932938929615
5,adsorption,5634.0,100.04753598562756,10.595026508320776,0.10589992451031295,21.998912289272663,1.0,0.5856735330632521,1.0292836766531626,0.03684711000388343
5,adsorption,5636.0,100.0475369764981,10.596892961747448,0.10591857912740756,22.07259169080326,1.0,0.587543751582765,1.0293771875791382,0.036832292418491466
5,adsorption,5638.0,100.04753796701104,10.598758663653719,0.10593722623287818,22.146241462511515,1.0,0.5894132172199101,1.0294706608609956,0.03681748018129953
5,adsorption,5640.0,100.04753895716635,10.600623614311628,0.10595586582944438,22.21986161509238,1.0,0.5912819302470526,1.0295640965123527,0.03680267329085342
5,adsorption,5642.0,100.04753994696426,10.602487813993166,0.10597449791982494,22.293452159237884,1.0,0.5931498909364886,1.0296574945468244,0.036787871745703464
5,adsorption,5644.0,100.04754093640477,10.604351262970113,0.10599312250673677,22.36701310563718,1.0,0.5950170995604392,1.0297508549780219,0.03677307554439894
5,adsorption,5646.0,100.0475419254881,10.606213961514298,0.10601173959289709,22.440544464976508,1.0,0.5968835563910541,1.0298441778195526,0.03675828468549197
5,adsorption,5648.0,100.04754291421428,10.608075909897389,0.10603034918102165,22.51404624793921,1.0,0.5987492617004044,1.0299374630850202,0.03674349916753134
5,adsorption,5650.0,100.04754390258337,10.609937108390866,0.10604895127382435,22.58751846520571,1.0,0.6006142157604742,1.0300307107880238,0.03672871898905569
5,adsorption,5652.0,100.04754489059543,10.611797557266506,0.10606754587402199,22.66096112745354,1.0,0.6024784188431878,1.0301239209421593,0.03671394414861563
5,adsorption,5654.0,100.0475458782507,10.613657256795799,0.10608613298432838,22.734374245357333,1.0,0.6043418712204057,1.0302170935610202,0.03669917464476977
5,adsorption,5656.0,100.04754686554918,10.615516207249854,0.10610471260745372,22.807757829588805,1.0,0.6062045731638921,1.0303102286581947,0.03668441047605977
5,adsorption,5658.0,100.04754785249101,10.617374408900297,0.10612328474611325,22.88111189081678,1.0,0.6080665249453462,1.0304033262472674,0.03666965164103446
5,adsorption,5660.0,100.04754883907627,10.619231862018275,0.10614184940301753,22.954436439707187,1.0,0.6099277268363955,1.0304963863418197,0.03665489813824477
5,adsorption,5662.0,100.04754982530511,10.621088566874995,0.10616040658087757,23.02773148692305,1.0,0.6117881791085953,1.0305894089554297,0.03664014996624341
5,adsorption,5664.0,100.0475508111775,10.622944523741403,0.10617895628240195,23.100997043124472,1.0,0.613647882033411,1.0306823941016705,0.036625407123571166
5,adsorption,5666.0,100.04755179669361,10.6247997328887,0.10619749851030169,23.17423311896867,1.0,0.6155068358822424,1.0307753417941121,0.036610669608775674
5,adsorption,5668.0,100.04755278185354,10.626654194587921,0.10621603326728615,23.24743972510996,1.0,0.6173650409264287,1.0308682520463215,0.03659593742041522
5,adsorption,5670.0,100.04755376665736,10.628507909109626,0.10623456055605994,23.32061687219974,1.0,0.6192224974372136,1.0309611248718606,0.03658121055703178
5,adsorption,5672.0,100.0475547511052,10.630360876724927,0.10625308037933327,23.393764570886525,1.0,0.6210792056857757,1.0310539602842888,0.036566489017174575
5,adsorption,5674.0,100.04755573519718,10.632213097704456,0.10627159273981139,23.466882831815923,1.0,0.622935165943223,1.0311467582971612,0.036551772799395435
5,adsorption,5676.0,100.04755671893335,10.634064572318817,0.10629009764019944,23.539971665630617,1.0,0.6247903784805835,1.031239518924029,0.03653706190224279
5,adsorption,5678.0,100.04755770231377,10.635915300838594,0.10630859508320233,23.613031082970426,1.0,0.6266448435688077,1.0313322421784403,0.03652235632426141
5,adsorption,5680.0,100.04755868533866,10.637765283534403,0.10632708507152511,23.686061094472244,1.0,0.6284985614787791,1.031424928073939,0.0365076560640029
5,adsorption,5682.0,100.04755966800803,10.639614520676643,0.10634556760787085,23.75906171077005,1.0,0.6303515324813083,1.0315175766240654,0.03649296112001939
5,adsorption,5684.0,100.047560650322,10.641463012535525,0.10636404269494076,23.832032942494962,1.0,0.6322037568471213,1.031610187842356,0.03647827149085533
5,adsorption,5686.0,100.04756163228062,10.643310759381567,0.10638251033543904,23.904974800275152,1.0,0.634055234846879,1.031702761742344,0.036463587175062546
5,adsorption,5688.0,100.04756261388407,10.645157761484803,0.10640097053206496,23.97788729473592,1.0,0.6359059667511631,1.0317952983375582,0.03644890817118887
5,adsorption,5690.0,100.04756359513233,10.647004019115368,0.10641942328751902,24.050770436499636,1.0,0.6377559528304758,1.0318877976415237,0.03643423447777837
5,adsorption,5692.0,100.04756457602569,10.648849532543661,0.1064378686045041,24.12362423618581,1.0,0.6396051933552711,1.0319802596677636,0.0364195660933952
5,adsorption,5694.0,100.04756555656404,10.65069430203907,0.10645630648571325,24.19644870441102,1.0,0.6414536885958938,1.0320726844297947,0.036404903016576756
5,adsorption,5696.0,100.04756653674755,10.652538327871957,0.10647473693384907,24.269243851788943,1.0,0.643301438822626,1.0321650719411313,0.036390245245869486
5,adsorption,5698.0,100.04756751657638,10.654381610312162,0.10649315995160893,24.342009688930368,1.0,0.64514844430569,1.0322574222152847,0.036375592779830775
5,adsorption,5700.0,100.04756849605053,10.656224149629145,0.10651157554168655,24.41474622644333,1.0,0.6469947053152202,1.032349735265761,0.036360945617005085
5,purge,5700.0,100.04756849605053,10.656224149629145,0.10651157554168655,24.41474622644333,1.0,0.6469947053152202,1.032349735265761,0.036360945617005085
5,purge,5702.0,100.05350512859572,9.203309654214467,0.0919838804486233,24.3943078498051,1.0,0.5306395503940872,1.0265319775197044,-0.05398730768871396
5,purge,5704.0,100.05329089805066,10.590631343795325,0.1058499050729541,24.295702813201892,1.0,0.5344995441383015,1.0267249772069151,-0.04900441183616266
5,purge,5706.0,100.05307060010941,10.536473165322212,0.1053088436179458,24.20340777223798,1.0,0.5361366390922794,1.026806831954614,-0.04588157695278167
5,purge,5708.0,100.05307789093648,10.519906201719353,0.10514325419540464,24.111361822456608,1.0,0.5335821826541313,1.0266791091327065,-0.04603313397890973
5,purge,5710.0,100.05307850555074,10.519581460391773,0.10514000785901023,24.019271407282947,1.0,0.531217059330111,1.0265608529665056,-0.046036121868172304
5,purge,5712.0,100.05307682527383,10.517247147643666,0.10511667888045363,23.927227658183494,1.0,0.5288891286790504,1.0264444564339525,-0.04601103279401059
5,purge,5714.0,100.05307545071928,10.514884566427636,0.10509306704526737,23.83522579033632,1.0,0.5265563229075819,1.026327816145379,-0.04599058393881244
5,purge,5716.0,100.05307408234144,10.512563204183023,0.10506986717401025,23.743264964036527,1.0,0.524224607503708,1.0262112303751856,-0.04597010542783818
5,purge,5718.0,100.05307270466352,10.510243302720026,0.10504668191195032,23.651346689284036,1.0,0.5218941619907621,1.0260947080995382,-0.04594948743288621
5,purge,5720.0,100.05307133073624,10.507920158079513,0.10502346423074257,23.559473076777703,1.0,0.5195647732791933,1.0259782386639598,-0.04592893837778327
5,purge,5722.0,100.05306995462718,10.505596795497217,0.10500024437292504,23.467637014816663,1.0,0.5172363843479248,1.0258618192173963,-0.04590836050495186
5,purge,5724.0,100.05306857974755,10.503274659014581,0.10497703676767214,23.375840910657168,1.0,0.5149089972945068,1.0257454498647254,-0.04588780032342799
5,purge,5726.0,100.05306720536184,10.500953548753849,0.10495383941803936,23.284085833932565,1.0,0.5125826527024075,1.0256291326351206,-0.04586724757077333
5,purge,5728.0,100.05306583168854,10.498633423568132,0.1049306519125477,23.192371856790427,1.0,0.5102573480831876,1.0255128674041594,-0.0458467056309222
5,purge,5730.0,100.05306445872905,10.496314359741788,0.10490747501363559,23.100698966741408,1.0,0.5079330833882338,1.0253966541694117,-0.04582617429200571
5,purge,5732.0,100.05306308644073,10.493996334750218,0.10488430849622207,23.009067135848497,1.0,0.5056098586300697,1.0252804929315036,-0.04580565298551552
5,purge,5734.0,100.05306171483589,10.491679341192627,0.1048611522863265,22.91747633910989,1.0,0.5032876729076762,1.0251643836453839,-0.0457851419142103
5,purge,5736.0,100.05306034391788,10.48936338476483,0.10483800644087414,22.82592655449618,1.0,0.5009665256134741,1.025048326280674,-0.04576464111141382
5,purge,5738.0,100.05305897368302,10.487048464238931,0.10481487094759737,22.734417761237175,1.0,0.4986464162859819,1.024932320814299,-0.04574415052167758
5,purge,5740.0,100.05305760413106,10.484734578131278,0.10479174579166861,22.64294993994967,1.0,0.49632734442552084,1.024816367221276,-0.045723670147087114
5,purge,5742.0,100.05305623526245,10.482421726454644,0.10476863097321606,22.551523068440797,1.0,0.49400930946142113,1.0247004654730711,-0.04570319998890744
5,purge,5744.0,100.05305486707627,10.480109908725671,0.10474552648741048,22.460137129066773,1.0,0.4916923109543796,1.024584615547719,-0.04568274003691934
5,purge,5746.0,100.05305349957212,10.477799124283308,0.10472243232764625,22.36879210046155,1.0,0.4893763483652125,1.0244688174182606,-0.045662290284365234
5,purge,5748.0,100.05305213274976,10.475489372640565,0.1046993484890571,22.277487961344416,1.0,0.4870614211538358,1.0243530710576918,-0.04564185072689634
5,purge,5750.0,100.05305076660873,10.473180653308258,0.10467627496675523,22.186224691031533,1.0,0.4847475287986943,1.0242373764399346,-0.04562142135764908
5,purge,5752.0,100.05304940114856,10.470872965732141,0.10465321175520254,22.095002269184903,1.0,0.48243467078636487,1.0241217335393182,-0.04560100217033344
5,purge,5754.0,100.05304803636889,10.468566309411774,0.10463015884939846,22.003820675524338,1.0,0.4801228466039122,1.0240061423301956,-0.04558059315943521
5,purge,5756.0,100.05304667226936,10.466260683847269,0.10460711624434813,21.912679889731507,1.0,0.4778120557383096,1.0238906027869155,-0.04556019431874861
5,purge,5758.0,100.05304530884948,10.463956088514994,0.10458408393481933,21.821579891466516,1.0,0.4755022976758784,1.023775114883794,-0.045539805642145104
5,purge,5760.0,100.05304394610891,10.461652522904433,0.10456106191571085,21.7305206603973,1.0,0.47319357190281425,1.0236596785951406,-0.04551942712375082
5,purge,5762.0,100.05304258404728,10.459349986507778,0.10453805018194864,21.63950217620992,1.0,0.47088587790599434,1.0235442938952997,-0.04549905875752276
5,purge,5764.0,100.05304122266405,10.457048478811132,0.10451504872839784,21.548524418606583,1.0,0.468579215172732,1.0234289607586369,-0.0454787005374007
5,purge,5766.0,100.05303986195891,10.454747999303072,0.1044920575499482,21.457587367302114,1.0,0.4662735831905266,1.0233136791595263,-0.04545835245743152
5,purge,5768.0,100.05303850193155,10.452448547474683,0.10446907664151443,21.366691002022637,1.0,0.4639689814472308,1.0231984490723616,-0.04543801451161271
5,purge,5770.0,100.05303714258136,10.450150122814714,0.1044461059979883,21.275835302505822,1.0,0.46166540943100803,1.0230832704715505,-0.04541768669393016
5,purge,5772.0,100.05303578390807,10.44785272481284,0.10442314561427041,21.18502024850124,1.0,0.45936286663027454,1.0229681433315136,-0.04539736899841058
5,purge,5774.0,100.05303442591135,10.445556352959906,0.10440019548527311,21.09424581977049,1.0,0.4570613525337682,1.0228530676266885,-0.04537706141907059
5,purge,5776.0,100.05303306859066,10.44326100674616,0.10437725560590307,21.003511996087212,1.0,0.4547608666305354,1.0227380433315267,-0.045356763949926604
5,purge,5778.0,100.05303171194565,10.44096668566261,0.1043543259710743,20.912818757237012,1.0,0.4524614084099323,1.0226230704204966,-0.04533647658499297
5,purge,5780.0,100.05303035597595,10.43867338920005,0.10433140657569868,20.822166083017432,1.0,0.4501629773615863,1.0225081488680794,-0.04531619931831128
5,purge,5782.0,100.05302900068106,10.436381116850447,0.10430849741470002,20.731553953237945,1.0,0.4478655729754526,1.0223932786487726,-0.045295932143905884
5,purge,5784.0,100.05302764606073,10.43408986810505,0.1042855984829946,20.64098234771996,1.0,0.44556919474176954,1.0222784597370884,-0.04527567505581887
5,purge,5786.0,100.05302629211452,10.431799642456228,0.1042627097755102,20.55045124629679,1.0,0.4432738421510808,1.022163692107554,-0.04525542804809279
5,purge,5788.0,100.053024938842,10.42951043939616,0.10423983128717258,20.459960628813675,1.0,0.44097951469422936,1.0220489757347115,-0.04523519111477456
5,purge,5790.0,100.0530235862427,10.427222258417663,0.10421696301291396,20.36951047512775,1.0,0.43868621186236845,1.0219343105931185,-0.045214964249907605
5,purge,5792.0,100.05302223431629,10.424935099013402,0.1041941049476649,20.27910076510806,1.0,0.43639393314693453,1.0218196966573467,-0.04519474744755217
5,purge,5794.0,100.05302088306242,10.42264896067686,0.1041712570863642,20.188731478635514,1.0,0.4341026780396698,1.0217051339019836,-0.04517454070176779
5,purge,5796.0,100.05301953248068,10.42036384290145,0.10414841942394992,20.098402595602913,1.0,0.4318124460326143,1.0215906223016307,-0.04515434400661905
5,purge,5798.0,100.0530181825706,10.418079745180966,0.10412559195536407,20.008114095914916,1.0,0.42952323661810116,1.021476161830905,-0.045134157356179316
5,purge,5800.0,100.05301683333185,10.415796667009829,0.10410277467555472,19.917865959488037,1.0,0.4272350492887852,1.0213617524644392,-0.04511398074450821
5,purge,5802.0,100.05301548476399,10.413514607882037,0.10407996757946593,19.82765816625066,1.0,0.4249478835375979,1.0212473941768798,-0.045093814165686856
5,purge,5804.0,100.05301413686665,10.411233567292594,0.10405717066205161,19.73749069614301,1.0,0.42266173885776925,1.0211330869428885,-0.0450736576138001
5,purge,5806.0,100.05301278963945,10.408953544736448,0.1040343839182652,19.647363529117122,1.0,0.42037661474283167,1.0210188307371415,-0.04505351108293373
5,purge,5808.0,100.053011443082,10.406674539709,0.10401160734306465,19.55727664513688,1.0,0.41809251068662306,1.0209046255343313,-0.045033374567171575
5,purge,5810.0,100.05301009719379,10.40439655170562,0.10398884093140777,19.467230024177976,1.0,0.41580942618326266,1.0207904713091631,-0.0450132480606146
5,purge,5812.0,100.05300875197463,10.402119580222445,0.10396608467825962,19.37722364622789,1.0,0.41352736072717083,1.0206763680363586,-0.044993131557364535
5,purge,5814.0,100.05300740742389,10.399843624755773,0.10394333857858737,19.287257491285924,1.0,0.41124631381308546,1.0205623156906543,-0.044973025051511815
5,purge,5816.0,100.0530060635414,10.39756868480168,0.10392060262735554,19.19733153936317,1.0,0.4089662849360121,1.0204483142468006,-0.04495292853717388
5,purge,5818.0,100.0530047203266,10.395294759857407,0.10389787681954059,19.107445770482478,1.0,0.4066872735912657,1.0203343636795632,-0.04493284200846228
5,purge,5820.0,100.0530033777792,10.393021849419883,0.10387516115011566,19.01760016467849,1.0,0.40440927927446524,1.0202204639637233,-0.04491276545948692
5,purge,5822.0,100.05300203589874,10.390749952986384,0.10385245561405756,18.927794701997616,1.0,0.40213230148151274,1.0201066150740756,-0.044892698884372396
5,purge,5824.0,100.05300069468488,10.388479070054691,0.10382976020634789,18.838029362498002,1.0,0.39985633970860496,1.0199928169854302,-0.044872642277248145
5,purge,5826.0,100.05299935413717,10.386209200122961,0.10380707492197228,18.748304126249547,1.0,0.3975813934522557,1.0198790696726128,-0.04485259563223147
5,purge,5828.0,100.05299801425528,10.383940342689073,0.10378439975591333,18.6586189733339,1.0,0.39530746220925167,1.0197653731104626,-0.04483255894346173
5,purge,5830.0,100.05299667503881,10.38167249725183,0.10376173470316304,18.568973883844425,1.0,0.393034545476673,1.0196517272738337,-0.04481253220508353
5,purge,5832.0,100.05299533648727,10.379405663310221,0.10373907975871527,18.47936883788621,1.0,0.39076264275191674,1.0195381321375958,-0.04479251541122907
5,purge,5834.0,100.05299399860043,10.377139840363027,0.10371643491756163,18.389803815576048,1.0,0.3884917535326538,1.0194245876766328,-0.04477250855605094
5,purge,5836.0,100.05299266137771,10.37487502791014,0.1036938001747051,18.30027879704245,1.0,0.38622187731686786,1.0193110938658434,-0.044752511633691976
5,purge,5838.0,100.05299132481888,10.37261122545091,0.10367117552514302,18.210793762425613,1.0,0.38395301360282497,1.0191976506801412,-0.044732524638308735
5,purge,5840.0,100.05298998892357,10.370348432485429,0.10364856096388006,18.121348691877422,1.0,0.3816851618890692,1.0190842580944535,-0.04471254756407443
5,purge,5842.0,100.05298865369127,10.368086648514423,0.10362595648592765,18.03194356556143,1.0,0.37941832167447537,1.0189709160837237,-0.04469258040513775
5,purge,5844.0,100.05298731912156,10.36582587303802,0.10360336208629087,17.942578363652878,1.0,0.3771524924581969,1.0188576246229097,-0.04467262315566394
5,purge,5846.0,100.05298598521415,10.363566105557265,0.10358077775998406,17.853253066338656,1.0,0.3748876737396653,1.0187443836869832,-0.0446526758098341
5,purge,5848.0,100.05298465196864,10.361307345573511,0.1035582035020246,17.7639676538173,1.0,0.37262386501861766,1.0186311932509309,-0.0446327383618242
5,purge,5850.0,100.05298331938461,10.359049592588153,0.10353563930743036,17.674722106299,1.0,0.37036106579508854,1.0185180532897544,-0.044612810805810886
5,purge,5852.0,100.0529819874617,10.356792846102975,0.10351308517122311,17.58551640400522,1.0,0.3680992755693914,1.0184049637784696,-0.044592893135979035
5,purge,5854.0,100.05298065619942,10.35453710562007,0.10349054108842771,17.496350527170037,1.0,0.3658384938421592,1.018291924692108,-0.04457298534651653
5,purge,5856.0,100.05297932559762,10.352282370641651,0.10346800705406997,17.407224456037543,1.0,0.36357872011426623,1.0181789360057134,-0.04455308743162315
5,purge,5858.0,100.05297799565564,10.350028640670672,0.10344548306318357,17.318138170864678,1.0,0.36131995388692134,1.018065997694346,-0.044533199385494916
5,purge,5860.0,100.05297666637324,10.347775915209862,0.1034229691107995,17.229091651920097,1.0,0.35906219466163347,1.0179531097330816,-0.044513321202327816
5,purge,5862.0,100.05297533775006,10.345524193762435,0.10340046519195376,17.140084879484153,1.0,0.3568054419401882,1.0178402720970094,-0.04449345287633626
5,purge,5864.0,100.0529740097856,10.343273475832225,0.10337797130168876,17.051117833847663,1.0,0.35454969522465196,1.0177274847612325,-0.04447359440172469
5,purge,5866.0,100.05297268247956,10.341023760922766,0.1033554874350435,16.962190495314502,1.0,0.3522949540174144,1.0176147477008708,-0.044453745772706776
5,purge,5868.0,100.05297135583149,10.338775048538237,0.1033330135870638,16.873302844198932,1.0,0.3500412178211192,1.0175020608910559,-0.04443390698350566
5,purge,5870.0,100.05297002984106,10.33652733818314,0.1033105497527984,16.784454860826816,1.0,0.34778848613870994,1.0173894243069355,-0.044414078028342574
5,purge,5872.0,100.05296870450783,10.334280629362052,0.10328809592729704,16.695646525535757,1.0,0.3455367584734244,1.0172768379236712,-0.04439425890144406
5,purge,5874.0,100.05296737983153,10.332034921579986,0.10326565210561359,16.60687781867501,1.0,0.343286034328791,1.0171643017164398,-0.044374449597043196
5,purge,5876.0,100.05296605581161,10.329790214342232,0.10324321828280496,16.518148720605367,1.0,0.3410363132086309,1.0170518156604316,-0.044354650109375164
5,purge,5878.0,100.05296473244776,10.327546507154366,0.10322079445393069,16.42945921169878,1.0,0.33878759461704644,1.0169393797308524,-0.04433486043267932
5,purge,5880.0,100.0529634097397,10.325303799522166,0.10319838061405229,16.34080927233968,1.0,0.3365398780584519,1.0168269939029226,-0.044315080561201065
5,purge,5882.0,100.05296208768674,10.3230620909518,0.10317597675823564,16.252198882922418,1.0,0.3342931630375133,1.0167146581518756,-0.04429531048918801
5,purge,5884.0,100.05296076628895,10.3208213809497,0.10315358288154843,16.163628023854088,1.0,0.33204744905921674,1.016602372452961,-0.044275550210892654
5,purge,5886.0,100.05295944554557,10.31858166902257,0.10313119897906192,16.07509667555337,1.0,0.32980273562883927,1.0164901367814423,-0.04425579972057278
5,purge,5888.0,100.0529581254563,10.316342954677449,0.1031088250458502,15.9866048184502,1.0,0.32755902225194244,1.0163779511125972,-0.044236059012488844
5,purge,5890.0,100.05295680602086,10.31410523742159,0.10308646107698957,15.898152432985784,1.0,0.3253163084343714,1.0162658154217186,-0.044216328080905885
5,purge,5892.0,100.05295548723879,10.311868516762589,0.10306410706755993,15.809739499612785,1.0,0.32307459368225855,1.016153729684113,-0.04419660692009405
5,purge,5894.0,100.05295416910975,10.30963279220831,0.10304176301264373,15.721365998795388,1.0,0.3208338775020274,1.0160416938751013,-0.04417689552432635
5,purge,5896.0,100.05295285163335,10.3073980632669,0.1030194289073262,15.633031911009246,1.0,0.31859415940038993,1.0159297079700196,-0.04415719388788075
5,purge,5898.0,100.05295153480914,10.305164329446798,0.10299710474669564,15.544737216741447,1.0,0.31635543888434536,1.0158177719442172,-0.04413750200503955
5,purge,5900.0,100.05295021863675,10.30293159025673,0.10297479052584314,15.456481896490494,1.0,0.31411771546118117,1.015705885773059,-0.04411781987008855
5,purge,5902.0,100.05294890311595,10.300699845205717,0.10295248623986256,15.368265930766311,1.0,0.3118809886384719,1.0155940494319236,-0.04409814747731812
5,purge,5904.0,100.05294758824617,10.298469093803032,0.10293019188385069,15.280089300090241,1.0,0.30964525792407926,1.015482262896204,-0.04407848482102298
5,purge,5906.0,100.0529462740271,10.296239335558296,0.10290790745290739,15.191951984995034,1.0,0.3074105228261526,1.015370526141308,-0.04405883189550164
5,purge,5908.0,100.05294496045839,10.294010569981355,0.10288563294213496,15.103853966024845,1.0,0.30517678285312816,1.0152588391426565,-0.044039188695056894
5,purge,5910.0,100.05294364753958,10.291782796582352,0.10286336834663873,15.015795223735214,1.0,0.30294403751372867,1.0151472018756864,-0.04401955521399586
5,purge,5912.0,100.05294233527036,10.289556014871762,0.10284111366152715,14.927775738693063,1.0,0.3007122863169631,1.015035614315848,-0.043999931446629996
5,purge,5914.0,100.05294102365035,10.287330224360298,0.10281886888191118,14.839795491476686,1.0,0.2984815287721277,1.0149240764386065,-0.04398031738727409
5,purge,5916.0,100.05293971267916,10.285105424558955,0.10279663400290456,14.751854462675745,1.0,0.2962517643888039,1.01481258821944,-0.0439607130302478
5,purge,5918.0,100.05293840235629,10.282881614979052,0.1027744090196244,14.663952632891256,1.0,0.29402299267685933,1.014701149633843,-0.04394111836987482
5,purge,5920.0,100.05293709268163,10.28065879513217,0.10275219392719004,14.576089982735587,1.0,0.2917952131464477,1.0145897606573224,-0.04392153340048254
5,purge,5922.0,100.0529357836545,10.27843696453015,0.10272998872072397,14.488266492832448,1.0,0.2895684253080072,1.0144784212654003,-0.04390195811640336
5,purge,5924.0,100.05293447527478,10.276216122685172,0.10270779339535159,14.400482143816875,1.0,0.287342628672262,1.0143671314336131,-0.043882392511973095
5,purge,5926.0,100.05293316754191,10.27399626910966,0.102685607946201,14.31273691633523,1.0,0.28511782275022224,1.014255891137511,-0.04386283658153125
5,purge,5928.0,100.05293186045559,10.27177740331631,0.10266343236840295,14.225030791045192,1.0,0.2828940070531811,1.0141447003526591,-0.043843290319422606
5,purge,5930.0,100.05293055401546,10.269559524818153,0.10264126665709145,14.137363748615751,1.0,0.28067118109271644,1.0140335590546359,-0.0438237537199962
5,purge,5932.0,100.05292924822106,10.267342633128473,0.10261911080740323,14.049735769727185,1.0,0.2784493443806927,1.0139224672190346,-0.04380422677760338
5,purge,5934.0,100.05292794307213,10.26512672776082,0.10259696481447746,13.962146835071074,1.0,0.27622849642925706,1.0138114248214631,-0.04378470948660096
5,purge,5936.0,100.05292663856818,10.262911808229038,0.10257482867345646,13.874596925350277,1.0,0.2740086367508399,1.013700431837542,-0.043765201841350396
5,purge,5938.0,100.05292533470883,10.260697874047302,0.10255270237948572,13.78708602127893,1.0,0.27178976485815737,1.013589488242908,-0.043745703836215795
5,purge,5940.0,100.05292403149386,10.258484924729974,0.10253058592771251,13.699614103582423,1.0,0.26957188026420803,1.0134785940132105,-0.043726215465566154
5,purge,5942.0,100.05292272892272,10.256272959791803,0.10250847931328827,13.61218115299742,1.0,0.26735498248227363,1.0133677491241138,-0.043706736723774973
5,purge,5944.0,100.05292142699507,10.254061978747743,0.10248638253136619,13.52478715027183,1.0,0.2651390710259204,1.013256953551296,-0.0436872676052187
5,purge,5946.0,100.05292012571067,10.251851981113049,0.10246429557710253,13.437432076164798,1.0,0.26292414540899617,1.0131462072704498,-0.043667808104278935
5,purge,5948.0,100.05291882506891,10.249642966403295,0.10244221844565697,13.350115911446713,1.0,0.26071020514563303,1.0130355102572817,-0.043648358215340466
5,purge,5950.0,100.05291752506962,10.247434934134269,0.10242015113219098,13.262838636899176,1.0,0.25849724975024385,1.0129248624875122,-0.04362891793279329
5,purge,5952.0,100.05291622571237,10.245227883822118,0.10239809363186979,13.175600233315013,1.0,0.25628527873752477,1.0128142639368762,-0.04360948725103095
5,purge,5954.0,100.05291492699672,10.24302181498322,0.10237604593986101,13.088400681498262,1.0,0.25407429162245543,1.0127037145811228,-0.043590066164450006
5,purge,5956.0,100.05291362892235,10.240816727134215,0.10235400805133471,13.001239962264158,1.0,0.2518642879202953,1.0125932143960148,-0.04357065466745281
5,purge,5958.0,100.05291233148888,10.238612619792095,0.10233197996146459,12.914118056439124,1.0,0.24965526714658612,1.0124827633573292,-0.0435512527544453
5,purge,5960.0,100.05291103469594,10.236409492474072,0.10230996166542652,12.827034944860777,1.0,0.2474472288171529,1.0123723614408577,-0.043531860419836275
5,purge,5962.0,100.05290973854318,10.23420734469764,0.10228795315839913,12.739990608377902,1.0,0.2452401724480997,1.012262008622405,-0.04351247765804026
5,purge,5964.0,100.05290844303012,10.232006175980635,0.10226595443556462,12.65298502785046,1.0,0.24303409755581346,1.0121517048777906,-0.04349310446347472
5,purge,5966.0,100.05290714815648,10.229805985841082,0.10224396549210685,12.566018184149566,1.0,0.2408290036569614,1.012041450182848,-0.043473740830561415
5,purge,5968.0,100.05290585392187,10.227606773797353,0.10222198632321332,12.479090058157492,1.0,0.23862489026849115,1.0119312445134245,-0.04345438675372672
5,purge,5970.0,100.05290456032597,10.225408539368093,0.1022000169240742,12.392200630767652,1.0,0.23642175690763143,1.0118210878453815,-0.04343504222740052
5,purge,5972.0,100.05290326736832,10.223211282072189,0.10217805728988208,12.305349882884592,1.0,0.23421960309189144,1.0117109801545945,-0.043415707246016524
5,purge,5974.0,100.05290197504858,10.221015001428835,0.10215610741583264,12.218537795423995,1.0,0.23201842833905995,1.011600921416953,-0.043396381804013125
5,purge,5976.0,100.05290068336637,10.218819696957514,0.1021341672971244,12.131764349312654,1.0,0.229818232167206,1.0114909116083604,-0.043377065895832394
5,purge,5978.0,100.05289939232134,10.216625368177958,0.10211223692895845,12.045029525488482,1.0,0.22761901409467886,1.011380950704734,-0.04335775951592015
5,purge,5980.0,100.05289810191319,10.21443201461019,0.10209031630653859,11.958333304900496,1.0,0.22542077364010615,1.0112710386820054,-0.04333846265872711
5,purge,5982.0,100.05289681214128,10.212239635774534,0.10206840542507202,11.871675668508791,1.0,0.22322351032239612,1.0111611755161198,-0.04331917531870685
5,purge,5984.0,100.05289552300563,10.210048231191555,0.10204650427976779,11.785056597284578,1.0,0.22102722366073557,1.0110513611830367,-0.043299897490317804
5,purge,5986.0,100.05289423450552,10.207857800382108,0.10202461286583846,11.698476072210124,1.0,0.21883191317458994,1.0109415956587295,-0.043280629168022305
5,purge,5988.0,100.05289294664081,10.20566834286735,0.10200273117849908,11.611934074278778,1.0,0.2166375783837041,1.0108318789191852,-0.04326137034628637
5,purge,5990.0,100.05289165941099,10.203479858168674,0.10198085921296743,11.525430584494957,1.0,0.21444421880810072,1.010722210940405,-0.043242121019580575
5,purge,5992.0,100.05289037281585,10.2012923458078,0.10195899696446421,11.438965583874122,1.0,0.21225183396808148,1.0106125916984041,-0.043222881182378874
5,purge,5994.0,100.05288908685476,10.19910580530667,0.1019371444282128,11.352539053442786,1.0,0.2100604233842261,1.0105030211692112,-0.04320365082915936
5,purge,5996.0,100.05288780152765,10.196920236187553,0.10191530159943932,11.266150974238506,1.0,0.2078699865773916,1.0103934993288697,-0.04318442995440469
5,purge,5998.0,100.05288651683385,10.194735637972949,0.10189346847337272,11.179801327309866,1.0,0.20568052306871348,1.0102840261534358,-0.04316521855260081
5,purge,6000.0,100.05288523277338,10.192552010185686,0.10187164504524461,11.093490093716474,1.0,0.20349203237960445,1.0101746016189803,-0.04314601661823799
5,purge,6002.0,100.05288394934546,10.190369352348819,0.1018498313102896,11.007217254528955,1.0,0.20130451403175445,1.0100652257015876,-0.04312682414581062
5,purge,6004.0,100.05288266655,10.188187663985707,0.10182802726374474,10.92098279082894,1.0,0.19911796754713104,1.0099558983773567,-0.04310764112981658
5,purge,6006.0,100.05288138438648,10.186006944619974,0.10180623290085006,10.83478668370906,1.0,0.19693239244797817,1.009846619622399,-0.043088467564758245
5,purge,6008.0,100.0528801028546,10.183827193775533,0.10178444821684828,10.748628914272942,1.0,0.19474778825681674,1.009737389412841,-0.0430693034451418
5,purge,6010.0,100.05287882195401,10.18164841097656,0.10176267320698484,10.66250946363519,1.0,0.19256415449644426,1.0096282077248222,-0.04305014876547728
5,purge,6012.0,100.05287754168427,10.17947059574751,0.10174090786650805,10.576428312921388,1.0,0.19038149068993457,1.0095190745344966,-0.0430310035202788
5,purge,6014.0,100.05287626204516,10.177293747613117,0.10171915219066871,10.490385443268085,1.0,0.18819979636063772,1.009409989818032,-0.043011867704064274
5,purge,6016.0,100.05287498303608,10.175117866098365,0.10169740617472062,10.40438083582279,1.0,0.1860190710321792,1.0093009535516089,-0.04299274131135603
5,purge,6018.0,100.05287370465692,10.172942950728569,0.10167566981392034,10.31841447174397,1.0,0.1838393142284609,1.009191965711423,-0.0429736243366799
5,purge,6020.0,100.05287242690714,10.170769001029253,0.1016539431035269,10.232486332201027,1.0,0.18166052547366007,1.009083026273683,-0.04295451677456569
5,purge,6022.0,100.05287114978645,10.168596016526267,0.1016322260388024,10.146596398374308,1.0,0.17948270429222915,1.0089741352146115,-0.042935418619547444
5,purge,6024.0,100.05286987329441,10.166423996745698,0.10161051861501141,10.060744651455082,1.0,0.1773058502088962,1.0088652925104449,-0.0429163298661626
5,purge,6026.0,100.05286859743079,10.16425294121393,0.10158882082742135,9.97493107264554,1.0,0.17512996274866302,1.0087564981374333,-0.04289725050895363
5,purge,6028.0,100.05286732219507,10.162082849457619,0.10156713267130253,9.889155643158784,1.0,0.1729550414368075,1.0086477520718404,-0.04287818054246583
5,purge,6030.0,100.05286604758696,10.15991372100368,0.10154545414192773,9.803418344218827,1.0,0.1707810857988821,1.0085390542899442,-0.04285911996124849
5,purge,6032.0,100.05286477360613,10.157745555379304,0.10152378523457242,9.717719157060571,1.0,0.1686080953607121,1.0084304047680357,-0.042840068759856
5,purge,6034.0,100.05286350025216,10.155578352111986,0.10150212594451524,9.632058062929813,1.0,0.16643606964839866,1.00832180348242,-0.042821026932845306
5,purge,6036.0,100.05286222752467,10.153412110729445,0.10148047626703706,9.546435043083227,1.0,0.16426500818831638,1.008213250409416,-0.042801994474777755
5,purge,6038.0,100.05286095542338,10.15124683075971,0.10145883619742173,9.460850078788361,1.0,0.1620949105071129,1.0081047455253556,-0.04278297138021918
5,purge,6040.0,100.05285968394786,10.149082511731075,0.10143720573095585,9.375303151323628,1.0,0.15992577613171033,1.0079962888065854,-0.04276395764373851
5,purge,6042.0,100.0528584130978,10.146919153172087,0.10141558486292847,9.289794241978303,1.0,0.1577576045893033,1.007887880229465,-0.04274495325990949
5,purge,6044.0,100.05285714287277,10.144756754611608,0.10139397358863195,9.204323332052505,1.0,0.15559039540736103,1.007779519770368,-0.04272595822330849
5,purge,6046.0,100.05285587327246,10.142595315578705,0.10137237190336053,9.118890402857195,1.0,0.1534241481136253,1.0076712074056813,-0.04270697252851616
5,purge,6048.0,100.05285460429647,10.14043483560277,0.10135077980241174,9.033495435714173,1.0,0.1512588622361087,1.0075629431118054,-0.042687996170118675
5,purge,6050.0,100.05285333594442,10.138275314213466,0.1013291972810859,8.948138411956062,1.0,0.14909453730309855,1.007454726865155,-0.042669029142704394
5,purge,6052.0,100.05285206821607,10.136116750940705,0.1013076243346856,8.862819312926305,1.0,0.1469311728431546,1.0073465586421577,-0.042650071440865515
5,purge,6054.0,100.05285080111094,10.13395914531467,0.10128606095851642,8.77753811997915,1.0,0.14476876838510763,1.0072384384192554,-0.042631123059199034
5,purge,6056.0,100.05284953462868,10.131802496865841,0.10126450714788672,8.692294814479657,1.0,0.142607323458061,1.007130366172903,-0.04261218399230555
5,purge,6058.0,100.05284826876895,10.12964680512494,0.10124296289810734,8.607089377803675,1.0,0.14044683759139015,1.0070223418795694,-0.042593254234789185
5,purge,6060.0,100.05284700353143,10.127492069622969,0.1012214282044919,8.521921791337842,1.0,0.1382873103147416,1.006914365515737,-0.042574333781258376
5,purge,6062.0,100.05284573891566,10.12533828989121,0.10119990306235686,8.436792036479575,1.0,0.13612874115803353,1.0068064370579017,-0.04255542262632533
5,purge,6064.0,100.05284447492146,10.12318546546122,0.10117838746702125,8.351700094637064,1.0,0.1339711296514557,1.0066985564825728,-0.04253652076460583
5,purge,6066.0,100.05284321154826,10.12103359586478,0.1011568814138067,8.26664594722926,1.0,0.13181447532546847,1.0065907237662735,-0.042517628190719796
5,purge,6068.0,100.05284194879577,10.118882680633998,0.10113538489803776,8.181629575685877,1.0,0.1296587777108028,1.00648293888554,-0.042498744899291334
5,purge,6070.0,100.05284068666373,10.116732719301238,0.10111389791504162,8.09665096144737,1.0,0.127504036338461,1.0063752018169232,-0.042479870884947805
5,purge,6072.0,100.05283942515162,10.114583711399096,0.10109242046014796,8.011710085964939,1.0,0.1253502507397155,1.0062675125369858,-0.04246100614232068
5,purge,6074.0,100.05283816425928,10.1124356564605,0.10107095252868949,7.926806930700516,1.0,0.12319742044610868,1.0061598710223054,-0.042442150666045564
5,purge,6076.0,100.05283690398606,10.110288554018583,0.10104949411600136,7.84194147712676,1.0,0.1210455449894539,1.0060522772494727,-0.04242330445076115
5,purge,6078.0,100.05283564433195,10.108142403606788,0.10102804521742127,7.757113706727047,1.0,0.11889462390183318,1.0059447311950918,-0.042404467491111056
5,purge,6080.0,100.05283438529636,10.105997204758824,0.10100660582829014,7.672323600995461,1.0,0.11674465671559896,1.0058372328357799,-0.042385639781742014
5,purge,6082.0,100.05283312687901,10.103852957008645,0.10098517594395098,7.587571141436788,1.0,0.11459564296337343,1.0057297821481688,-0.04236682131730447
5,purge,6084.0,100.05283186907944,10.101709659890483,0.10096375555974982,7.502856309566515,1.0,0.11244758217804732,1.0056223791089023,-0.04234801209245338
5,purge,6086.0,100.05283061189748,10.099567312938868,0.10094234467103533,7.418179086910809,1.0,0.11030047389278058,1.005515023694639,-0.04232921210184731
5,purge,6088.0,100.05282935533268,10.097425915688563,0.10092094327315876,7.33353945500652,1.0,0.10815431764100294,1.0054077158820502,-0.042310421340148084
5,purge,6090.0,100.05282809938454,10.095285467674586,0.10089955136147406,7.248937395401167,1.0,0.10600911295641188,1.0053004556478207,-0.042291639802022066
5,purge,6092.0,100.05282684405297,10.093145968432282,0.10087816893133796,7.164372889652935,1.0,0.10386485937297381,1.0051932429686488,-0.04227286748213911
5,purge,6094.0,100.05282558933744,10.091007417497202,0.10085679597810973,7.079845919330663,1.0,0.10172155642492349,1.0050860778212463,-0.04225410437517293
5,purge,6096.0,100.05282433523763,10.088869814405198,0.10083543249715135,6.9953564660138445,1.0,0.09957920364676358,1.0049789601823382,-0.042235350475801285
5,purge,6098.0,100.05282308175317,10.086733158692379,0.10081407848382758,6.910904511292607,1.0,0.09743780057326515,1.0048718900286633,-0.04221660577870531
5,purge,6100.0,100.05282182888376,10.084597449895124,0.1007927339335056,6.826490036767714,1.0,0.09529734673946669,1.0047648673369733,-0.04219787027857025
5,purge,6102.0,100.05282057662903,10.082462687550072,0.10077139884155546,6.742113024050557,1.0,0.09315784168067394,1.0046578920840337,-0.04217914397008546
5,purge,6104.0,100.05281932498849,10.080328871194135,0.10075007320334992,6.657773454763142,1.0,0.0910192849324609,1.004550964246623,-0.042160426847943334
5,purge,6106.0,100.05281807396199,10.07819600036449,0.10072875701426412,6.573471310538089,1.0,0.08888167603066835,1.0044440838015334,-0.042141718906840465
5,purge,6108.0,100.05281682354912,10.076064074598579,0.10070745026967604,6.48920657301862,1.0,0.08674501451140341,1.0043372507255701,-0.042123020141477736
5,purge,6110.0,100.05281557374944,10.073933093434112,0.10068615296496643,6.404979223858548,1.0,0.08460929991104095,1.004230464995552,-0.04210433054655901
5,purge,6112.0,100.05281432456266,10.071803056409054,0.10066486509551846,6.320789244722282,1.0,0.08247453176622214,1.0041237265883112,-0.04208565011679235
5,purge,6114.0,100.05281307598844,10.069673963061657,0.10064358665671808,6.236636617284803,1.0,0.08034070961385434,1.004017035480693,-0.04206697884688967
5,purge,6116.0,100.05281182802631,10.067545812930414,0.10062231764395393,6.152521323231668,1.0,0.07820783299111132,1.0039103916495555,-0.04204831673156652
5,purge,6118.0,100.05281058067611,10.065418605554106,0.10060105805261715,6.068443344259002,1.0,0.07607590143543318,1.0038037950717718,-0.042029663765542145
5,purge,6120.0,100.05280933393733,10.063292340471754,0.10057980787810167,5.9844026620734825,1.0,0.07394491448452535,1.0036972457242264,-0.042011019943539875
5,purge,6122.0,100.05280808780968,10.061167017222669,0.10055856711580403,5.9003992583923415,1.0,0.07181487167635939,1.003590743583818,-0.041992385260286494
5,purge,6124.0,100.05280684229282,10.059042635346412,0.10053733576112335,5.816433114943348,1.0,0.06968577254917213,1.0034842886274589,-0.041973759710512704
5,purge,6126.0,100.05280559738631,10.0569191943828,0.10051611380946142,5.7325042134648125,1.0,0.06755761664146537,1.0033778808320732,-0.04195514328895326
5,purge,6128.0,100.05280435308991,10.054796693871944,0.10049490125622274,5.648612535705566,1.0,0.06543040349200677,1.0032715201746003,-0.041936535990346045
5,purge,6130.0,100.05280310940323,10.052675133354184,0.10047369809681428,5.564758063424964,1.0,0.06330413263982831,1.0031652066319914,-0.04191793780943319
5,purge,6132.0,100.05280186632599,10.050554512370155,0.1004525043266459,5.480940778392872,1.0,0.06117880362422681,1.0030589401812113,-0.04189934874096053
5,purge,6134.0,100.05280062385762,10.048434830460723,0.10043131994112987,5.397160662389661,1.0,0.0590544159847638,1.0029527207992381,-0.041880768779677446
5,purge,6136.0,100.05279938199803,10.046316087167058,0.10041014493568122,5.313417697206198,1.0,0.05693096926126489,1.0028465484630633,-0.04186219792033734
5,purge,6138.0,100.05279814074667,10.044198282030548,0.1003889793057175,5.229711864643843,1.0,0.054808462993820244,1.002740423149691,-0.041843636157697074
5,purge,6140.0,100.0527969001033,10.04208141459287,0.10036782304665891,5.146043146514435,1.0,0.052686896722783615,1.0026343448361392,-0.04182508348651747
5,purge,6142.0,100.05279566006756,10.039965484395976,0.10034667615392844,5.0624115246402885,1.0,0.05056626998877256,1.0025283134994387,-0.04180653990156316
5,purge,6144.0,100.05279442063896,10.037850490982045,0.10032553862295156,4.978816980854185,1.0,0.048446582332668596,1.0024223291166334,-0.0417880053976022
5,purge,6146.0,100.05279318181742,10.035736433893549,0.10030441044915617,4.895259496999367,1.0,0.046327833295616204,1.0023163916647808,-0.04176947996940669
5,purge,6148.0,100.05279194360239,10.033623312673212,0.10028329162797327,4.811739054929529,1.0,0.04421002241902296,1.0022105011209512,-0.04175096361175265
5,purge,6150.0,100.05279070599359,10.031511126864029,0.10026218215483618,4.728255636508808,1.0,0.042093149244560576,1.002104657462228,-0.041732456319418916
5,purge,6152.0,100.05278946899065,10.029399876009217,0.1002410820251806,4.644809223611783,1.0,0.03997721331416262,1.0019988606657082,-0.04171395808718881
5,purge,6154.0,100.05278823259319,10.02728955965231,0.10021999123444542,4.561399798123457,1.0,0.03786221417002502,1.0018931107085012,-0.04169546890984962
5,purge,6156.0,100.05278699680088,10.025180177337083,0.10019890977807175,4.478027341939262,1.0,0.035748151354607266,1.0017874075677304,-0.04167698878219156
5,purge,6158.0,100.05278576161352,10.023071728607551,0.1001778376515032,4.394691836965039,1.0,0.03363502441063039,1.0016817512205316,-0.04165851769900907
5,purge,6160.0,100.05278452703045,10.02096421300801,0.10015677485018648,4.311393265117041,1.0,0.03152283288107771,1.0015761416440538,-0.041640055655100205
5,purge,6162.0,100.05278329305156,10.018857630083023,0.10013572136957041,4.228131608321919,1.0,0.029411576309194498,1.0014705788154596,-0.041621602645266674
5,purge,6164.0,100.05278205967649,10.016751979377398,0.10011467720510664,4.144906848516718,1.0,0.027301254238487584,1.0013650627119244,-0.04160315866431405
5,purge,6166.0,100.05278082690481,10.014647260436215,0.10009364235224952,4.0617189676488685,1.0,0.025191866212725587,1.0012595933106363,-0.04158472370705141
5,purge,6168.0,100.05277959473626,10.012543472804815,0.10007261680645574,3.9785679476761757,1.0,0.023083411775938447,1.001154170588797,-0.04156629776829153
5,purge,6170.0,100.05277836317036,10.010440616028784,0.10005160056318485,3.895453770566821,1.0,0.020975890472417012,1.0010487945236208,-0.041547880842851145
5,purge,6172.0,100.05277713220694,10.00833868965399,0.10003059361789877,3.812376418299343,1.0,0.018869301846713586,1.0009434650923357,-0.041529472925550266
5,purge,6174.0,100.05277590184551,10.00623769322653,0.10000959596606217,3.7293358728626425,1.0,0.01676364544364077,1.0008381822721821,-0.041511074011213046
5,purge,6176.0,100.05277467208575,10.004137626292803,0.09998860760314235,3.6463321162559628,1.0,0.014658920808272085,1.0007329460404135,-0.041492684094667026
5,purge,6178.0,100.05277344292746,10.002038488399435,0.099967628524609,3.563365130488891,1.0,0.01255512748594157,1.0006277563742971,-0.0414743031707434
5,purge,6180.0,100.05277223479702,9.999939690163748,0.09994665281933993,3.4804349003205277,1.0,0.010452433895584735,1.0005226216947793,-0.04145579956785446
5,purge,6182.0,100.05276070620367,9.98632030487355,0.09981054230175138,3.397653070408917,1.0,0.008557728178620957,1.000427886408931,-0.041278033428853986
5,purge,6184.0,100.05273202876953,9.943763531883844,0.0993852274720952,3.315492824775201,1.0,0.007006474755238664,1.000350323737762,-0.04084480618641786
5,purge,6186.0,100.05269005201873,9.876972849174699,0.09871771407684819,3.234405541114352,1.0,0.005736414764943094,1.0002868207382472,-0.04021370730563143
5,purge,6188.0,100.05263791194089,9.791458475924097,0.09786307168174647,3.154738610218042,1.0,0.004696577621043176,1.000234828881052,-0.03943144165994716
5,purge,6190.0,100.05257814758546,9.691707474878266,0.09686614432445939,3.0767551975082217,1.0,0.0038452327749292693,1.0001922616387464,-0.0385358223857196
5,purge,6192.0,100.05251281065492,9.581348695082534,0.09576319900345553,3.0006503836253238,1.0,0.0031482106158410078,1.000157410530792,-0.03755740339215049
5,purge,6194.0,100.05244355455072,9.463314502421495,0.09458354205274254,2.926564252018329,1.0,0.0025775375671659275,1.0001288768783583,-0.036520805737977155
5,purge,6196.0,100.05237170778847,9.339971737435494,0.09335082795152205,2.854592655445545,1.0,0.0021103100303721378,1.0001055155015186,-0.03544581128522063
5,purge,6198.0,100.05229833382329,9.213227730873564,0.09208411884886182,2.7847959639544606,1.0,0.0017277762424629886,1.0000863888121232,-0.034348253809968074
5,purge,6200.0,100.05222428002735,9.08461476239737,0.09079872864166659,2.717206203919855,1.0,0.0014145839687698507,1.0000707291984388,-0.03324074858275661
5,purge,6202.0,100.05215021780788,8.955359567036364,0.0895069176178728,2.6518328833442397,1.0,0.00115816372305218,1.0000579081861527,-0.0321332899629041
5,purge,6204.0,100.05207667536816,8.826439253436385,0.08821845129786665,2.5886677271632403,1.0,0.000948224543101944,1.0000474112271551,-0.031033739399645287
5,purge,6206.0,100.05200406451677,8.698627209390612,0.08694105920938329,2.527688531594762,1.0,0.0007763408462287807,1.0000388170423113,-0.029948224771836784
5,purge,6208.0,100.05193270257348,8.572530419105641,0.0856808078319625,2.468862293588518,1.0,0.0006356143332114206,1.0000317807166605,-0.028881466691865455
5,purge,6210.0,100.05186283027192,8.448620094478553,0.0844424067227094,2.412147749246111,1.0,0.0005203971827789308,1.0000260198591389,-0.027837045182354657
5,purge,6212.0,100.05179462639099,8.327256696735587,0.083229458580237,2.3574974298163744,1.0,0.0004260653701832051,1.0000213032685092,-0.02681761760758459
5,purge,6214.0,100.05172821971001,8.208710496790136,0.08204466472347287,2.304859324088832,1.0,0.00034883297328755026,1.0000174416486645,-0.025825096762612354
5,purge,6216.0,100.051663698752,8.093178395808376,0.08088999319567866,2.254178215734216,1.0,0.0002856004174353614,1.0000142800208718,-0.024860795989084736
5,purge,6218.0,100.05160111974767,7.98079775292619,0.07976681695852422,2.205396760256478,1.0,0.00023382999582469488,1.0000116914997912,-0.0239255478083863
5,purge,6220.0,100.05154051313201,7.871657726393471,0.0786760272357855,2.1584563475316982,1.0,0.0001914439290127519,1.0000095721964506,-0.023019800686004017
5,purge,6222.0,100.05148188882363,7.765808577966541,0.07761812650207263,2.1132977871867498,1.0,0.00015674112849214947,1.0000078370564247,-0.022143697663511118
5,purge,6224.0,100.0514252405317,7.663269304963195,0.07659330475842875,2.0698618531026174,1.0,0.00012832891479882776,1.0000064164457398,-0.021297140508509258
5,purge,6226.0,100.05137054927069,7.564033916096564,0.07560150225400088,2.028089713627153,1.0,0.0001050669368971812,1.0000052533468449,-0.02047984206176326
5,purge,6228.0,100.05131778619214,7.468076554692119,0.07464246068853649,1.9879232639261488,1.0,8.60216111821558e-05,1.000004301080559,-0.019691368421800894
5,purge,6230.0,100.05126691489569,7.375355710982045,0.07371576531115367,1.949305383980388,1.0,7.04286306035134e-05,1.0000035214315302,-0.018931173347737022
5,purge,6232.0,100.05121789330452,7.285817669280102,0.07282087937250059,1.9121801353144543,1.0,5.7662184176869507e-05,1.000002883109209,-0.01819862620263113
5,purge,6234.0,100.05117067517315,7.199399317442419,0.07195717220357213,1.876492906122518,1.0,4.720989209095828e-05,1.0000023604946044,-0.017493034406619413
5,purge,6236.0,100.0511252113057,7.116030456783785,0.071123942302047,1.8421905162892738,1.0,3.865225018526448e-05,1.0000019326125094,-0.016813661570640966
5,purge,6238.0,100.05108145053048,7.035635666600356,0.07032043596729214,1.8092212893283042,1.0,3.164586064667596e-05,1.0000015822930324,-0.01615974201526168
5,purge,6240.0,100.05103934049282,6.958135837546446,0.06954586262584019,1.777535099858868,1.0,2.5909519492280043e-05,1.0000012954759747,-0.01553049257197338
5,purge,6242.0,100.05099882827584,6.883449401765583,0.06879940712616077,1.7470833984461602,1.0,2.1212998198935167e-05,1.00000106064991,-0.014925121830328035
5,purge,6244.0,100.05095986089793,6.811493345234409,0.06808023985681408,1.7178192205129919,1.0,1.7367788293457408e-05,1.0000008683894146,-0.014342837535390939
5,purge,6246.0,100.05092238570015,6.742184009793364,0.06738752476266022,1.6896971816142596,1.0,1.4219585336919673e-05,1.0000007109792668,-0.013782852355722394
5,purge,6248.0,100.05088635065154,6.675437735727513,0.06672042576746291,1.662673462960222,1.0,1.1642082428346485e-05,1.0000005821041213,-0.013244388434910328
5,purge,6250.0,100.05085170459112,6.6111713886786685,0.06607811204045248,1.6367057894417008,1.0,9.531805952580745e-06,1.0000004765902977,-0.012726680980191002
5,purge,6252.0,100.05081839740143,6.549302763469243,0.06545976203268462,1.611753400249029,1.0,7.804038368170588e-06,1.0000003902019183,-0.012228980855053409
5,purge,6254.0,100.0507863801416,6.489750908865686,0.0648645667232236,1.5877770152810127,1.0,6.389445324223562e-06,1.0000003194722662,-0.011750556538267362
5,purge,6256.0,100.05075560514348,6.432436376492886,0.06429173210724061,1.5647387985525336,1.0,5.231267683064549e-06,1.000000261563384,-0.01129069558225788
5,purge,6258.0,100.05072602608033,6.377281405869143,0.06374048104565248,1.5426023189969613,1.0,4.283052112544621e-06,1.0000002141526056,-0.010848705599291438
5,purge,6260.0,100.0506975980117,6.324210073123219,0.06321005475177117,1.5213325098788317,1.0,3.506728238269773e-06,1.0000001753364118,-0.010423914949550786
5,purge,6262.0,100.05067027740573,6.273148390047378,0.06269971378156806,1.50089562674025,1.0,2.8711181949693026e-06,1.0000001435559098,-0.010015673062612923
5,purge,6264.0,100.05064402214705,6.2240243763195835,0.06220873875576296,1.4812592049952584,1.0,2.3507085726094724e-06,1.0000001175354287,-0.009623350547218532
5,purge,6266.0,100.05061879153347,6.176768105394747,0.06173643081873114,1.462392017610726,1.0,1.924624283624616e-06,1.000000096231214,-0.00924633914527329
5,purge,6268.0,100.05059454626466,6.131311725863955,0.06128211185220652,1.444264033085397,1.0,1.5757739628099801e-06,1.0000000787886982,-0.008884051558016949
5,purge,6270.0,100.05057124842295,6.087589466426383,0.060845124525186936,1.426846373839914,1.0,1.2901578344390495e-06,1.0000000645078917,-0.008535921153687419
5,purge,6272.0,100.05054886144723,6.045537630581209,0.060424832241082825,1.4101112752179397,1.0,1.0563105941316264e-06,1.0000000528155297,-0.00820140158209537
5,purge,6274.0,100.05052735010325,6.005094580018551,0.06002061897190344,1.3940320453327641,1.0,8.648477097499631e-07,1.0000000432423855,-0.007879966325441676
5,purge,6276.0,100.05050668045116,5.966200707154189,0.0596318889839258,1.378583025892457,1.0,7.080882166350308e-07,1.0000000354044107,-0.007571108209040163
5,purge,6278.0,100.0504868198102,5.928798400706429,0.05925806649381056,1.363739554049358,1.0,5.7974309303783e-07,1.0000000289871547,-0.00727433888137459
5,purge,6280.0,100.05046773672277,5.892832007407036,0.058898595286067994,1.3494779252991298,1.0,4.746617739881139e-07,1.0000000237330886,-0.006989188269798884
5,purge,6282.0,100.05044940091693,5.858247789969968,0.05855293829311155,1.3357753574716744,1.0,3.886268222176082e-07,1.0000000194313414,-0.006715204020512159
5,purge,6284.0,100.0504317832684,5.824993881361505,0.058220577138335027,1.3226099558528555,1.0,3.1818583453548014e-07,1.0000000159092917,-0.006451950932106168
5,purge,6286.0,100.05041485576291,5.793020236800137,0.05790101165648948,1.309960679448867,1.0,2.6051265177696297e-07,1.0000000130256326,-0.006199010389108954
5,purge,6288.0,100.0503985914581,5.7622785846013755,0.057593759402507126,1.2978073083826671,1.0,2.1329324619672416e-07,1.0000000106646623,-0.005955979798921308
5,purge,6290.0,100.05038296444683,5.7327223762180415,0.057298355152275424,1.2861304124070831,1.0,1.7463271714470566e-07,1.0000000087316359,-0.005722472034622289
5,purge,6292.0,100.05036794982001,5.704306735716857,0.05701435039777003,1.274911320521391,1.0,1.429795699076331e-07,1.0000000071489785,-0.0054981148863632884
5,purge,6294.0,100.05035352363072,5.676988409187409,0.05674131284150407,1.264132091675424,1.0,1.1706366576762813e-07,1.0000000058531833,-0.005282550523849182
5,purge,6296.0,100.05033966285954,5.650725714402106,0.05647882589347925,1.2537754865381707,1.0,9.58451714329456e-08,1.0000000047922586,-0.005075434971529696
5,purge,6298.0,100.05032634537967,5.625478490917575,0.05622648817254317,1.2438249403027744,1.0,7.847269026597061e-08,1.0000000039236345,-0.004876437597357077
5,purge,6300.0,100.05031354992413,5.601208050797616,0.05598391301395239,1.2342645364914078,1.0,6.424903317822298e-08,1.0000000032124516,-0.004685240615582277
