time_s,z_m,component,concentration_mol_m3,loading_mol_kg,pressure_pa
0.0,0.025,CO2,0.0,0.0,499999.49538678094
0.0,0.025,N2,0.0,0.0,499999.49538678094
0.0,0.07500000000000001,CO2,0.0,0.0,499998.48616034276
0.0,0.07500000000000001,N2,0.0,0.0,499998.48616034276
0.0,0.125,CO2,0.0,0.0,499997.47693390463
0.0,0.125,N2,0.0,0.0,499997.47693390463
0.0,0.17500000000000002,CO2,0.0,0.0,499996.46770746645
0.0,0.17500000000000002,N2,0.0,0.0,499996.46770746645
0.0,0.225,CO2,0.0,0.0,499995.4584810283
0.0,0.225,N2,0.0,0.0,499995.4584810283
0.0,0.275,CO2,0.0,0.0,499994.44925459014
0.0,0.275,N2,0.0,0.0,499994.44925459014
0.0,0.325,CO2,0.0,0.0,499993.440028152
0.0,0.325,N2,0.0,0.0,499993.440028152
0.0,0.375,CO2,0.0,0.0,499992.43080171384
0.0,0.375,N2,0.0,0.0,499992.43080171384
0.0,0.42500000000000004,CO2,0.0,0.0,499991.4215752757
0.0,0.42500000000000004,N2,0.0,0.0,499991.4215752757
0.0,0.47500000000000003,CO2,0.0,0.0,499990.41234883753
0.0,0.47500000000000003,N2,0.0,0.0,499990.41234883753
0.0,0.525,CO2,0.0,0.0,499989.4031223994
0.0,0.525,N2,0.0,0.0,499989.4031223994
0.0,0.5750000000000001,CO2,0.0,0.0,499988.3938959612
0.0,0.5750000000000001,N2,0.0,0.0,499988.3938959612
0.0,0.625,CO2,0.0,0.0,499987.3846695231
0.0,0.625,N2,0.0,0.0,499987.3846695231
0.0,0.675,CO2,0.0,0.0,499986.3754430849
0.0,0.675,N2,0.0,0.0,499986.3754430849
0.0,0.7250000000000001,CO2,0.0,0.0,499985.3662166468
0.0,0.7250000000000001,N2,0.0,0.0,499985.3662166468
0.0,0.775,CO2,0.0,0.0,499984.3569902086
0.0,0.775,N2,0.0,0.0,499984.3569902086
0.0,0.8250000000000001,CO2,0.0,0.0,499983.3477637705
0.0,0.8250000000000001,N2,0.0,0.0,499983.3477637705
0.0,0.875,CO2,0.0,0.0,499982.3385373323
0.0,0.875,N2,0.0,0.0,499982.3385373323
0.0,0.925,CO2,0.0,0.0,499981.3293108942
0.0,0.925,N2,0.0,0.0,499981.3293108942
0.0,0.9750000000000001,CO2,0.0,0.0,499980.320084456
0.0,0.9750000000000001,N2,0.0,0.0,499980.320084456
50.0,0.025,CO2,9.347616565023172,0.16931003047795606,499999.49538678094
50.0,0.025,N2,159.8481992710832,0.0896396228836547,499999.49538678094
50.0,0.07500000000000001,CO2,2.3005694434562387,0.04640261755275623,499998.48616034276
50.0,0.07500000000000001,N2,147.95807074180195,0.08080895070947995,499998.48616034276
50.0,0.125,CO2,0.5168090972092743,0.010105131720761098,499997.47693390463
50.0,0.125,N2,135.89326046375376,0.07176428998429032,499997.47693390463
50.0,0.17500000000000002,CO2,0.11180313353362412,0.0020512076756478165,499996.46770746645
50.0,0.17500000000000002,N2,123.68551585509188,0.06275155583032921,499996.46770746645
50.0,0.225,CO2,0.02367084497930335,0.0004070338007901136,499995.4584810283
50.0,0.225,N2,111.35973712219989,0.05394554788880411,499995.4584810283
50.0,0.275,CO2,0.004932301277796631,7.98748813426424e-05,499994.44925459014
50.0,0.275,N2,98.94546085507898,0.04550227276568016,499994.44925459014
50.0,0.325,CO2,0.0010142710129664339,1.5547353730252397e-05,499993.440028152
50.0,0.325,N2,86.50379613733847,0.03757037916474483,499993.440028152
50.0,0.375,CO2,0.00020620561982533377,3.0050154614298935e-06,499992.43080171384
50.0,0.375,N2,74.16080864589175,0.03028971635525798,499992.43080171384
50.0,0.42500000000000004,CO2,4.1501713682083864e-05,5.771031275364835e-07,499991.4215752757
50.0,0.42500000000000004,N2,62.12913898225328,0.023782849661144984,499991.4215752757
50.0,0.47500000000000003,CO2,8.277644165663602e-06,1.101744965320358e-07,499990.41234883753
50.0,0.47500000000000003,N2,50.699329837711346,0.018142437777212046,499990.41234883753
50.0,0.525,CO2,1.6375458244960822e-06,2.091698912794621e-08,499989.4031223994
50.0,0.525,N2,40.195053561552534,0.013418027554261582,499989.4031223994
50.0,0.5750000000000001,CO2,3.2153844156006805e-07,3.950507581382718e-09,499988.3938959612
50.0,0.5750000000000001,N2,30.90605596291078,0.009606834899188234,499988.3938959612
50.0,0.625,CO2,6.270212602339264e-08,7.42451752771224e-10,499987.3846695231
50.0,0.625,N2,23.025821368999793,0.006652754050241564,499987.3846695231
50.0,0.675,CO2,1.2149534767840378e-08,1.3888499736668909e-10,499986.3754430849
50.0,0.675,N2,16.61811904671045,0.004455345988701022,499986.3754430849
50.0,0.7250000000000001,CO2,2.3401937075775877e-09,2.586491614120879e-11,499985.3662166468
50.0,0.7250000000000001,N2,11.620554711294886,0.002886689381181369,499985.3662166468
50.0,0.775,CO2,4.482497184264147e-10,4.796462827796212e-12,499984.3569902086
50.0,0.775,N2,7.876187312426051,0.0018109366074993642,499984.3569902086
50.0,0.8250000000000001,CO2,8.540918793619244e-11,8.858523904567795e-13,499983.3477637705
50.0,0.8250000000000001,N2,5.176325321413415,0.0011010597325110088,499983.3477637705
50.0,0.875,CO2,1.6193045247777188e-11,1.6296704881949904e-13,499982.3385373323
50.0,0.875,N2,3.2999764418045223,0.000649475422595749,499982.3385373323
50.0,0.925,CO2,3.0559377210633674e-12,2.9870201622639164e-14,499981.3293108942
50.0,0.925,N2,2.044377199818894,0.00037249586140839305,499981.3293108942
50.0,0.9750000000000001,CO2,5.863700703135858e-13,5.568817102454118e-15,499980.320084456
50.0,0.9750000000000001,N2,1.2710087233558545,0.0002147974819029558,499980.320084456
100.0,0.025,CO2,12.212254034992615,0.31594238623870613,499999.49538678094
100.0,0.025,N2,163.51445990990365,0.15488767830090572,499999.49538678094
100.0,0.07500000000000001,CO2,3.706745160131816,0.10602011315719163,499998.48616034276
100.0,0.07500000000000001,N2,155.19107231740267,0.14593847815076397,499998.48616034276
100.0,0.125,CO2,0.9729223718351553,0.02736223144588966,499997.47693390463
100.0,0.125,N2,146.5830061630295,0.1365865217388159,499997.47693390463
100.0,0.17500000000000002,CO2,0.23941692228484904,0.006360723721510203,499996.46770746645
100.0,0.17500000000000002,N2,137.7272593602413,0.126980363505722,499996.46770746645
100.0,0.225,CO2,0.05688837260475576,0.0014207872552050727,499995.4584810283
100.0,0.225,N2,128.67156841859187,0.11722254740164602,499995.4584810283
100.0,0.275,CO2,0.013194467537605656,0.00031104141516862487,499994.44925459014
100.0,0.275,N2,119.47352815971752,0.10740535373160287,499994.44925459014
100.0,0.325,CO2,0.0030022940316529767,6.715367840525843e-05,499993.440028152
100.0,0.325,N2,110.19984575837618,0.09762040332240758,499993.440028152
100.0,0.375,CO2,0.0006722544338820077,1.4334295043473106e-05,499992.43080171384
100.0,0.375,N2,100.92528054054644,0.08796138618194779,499992.43080171384
100.0,0.42500000000000004,CO2,0.0001484487585162526,3.0294408446704186e-06,499991.4215752757
100.0,0.42500000000000004,N2,91.73106140620912,0.07852396384898237,499991.4215752757
100.0,0.47500000000000003,CO2,3.238229435634276e-05,6.345690695886296e-07,499990.41234883753
100.0,0.47500000000000003,N2,82.70269380947504,0.06940405577537438,499990.41234883753
100.0,0.525,CO2,6.987261561762654e-06,1.3185174215834315e-07,499989.4031223994
100.0,0.525,N2,73.92716759637854,0.06069500880035264,499989.4031223994
100.0,0.5750000000000001,CO2,1.4929639987332586e-06,2.7194641601859338e-08,499988.3938959612
100.0,0.5750000000000001,N2,65.48967426025547,0.05248398676592404,499988.3938959612
100.0,0.625,CO2,3.161763401861118e-07,5.57090663737195e-09,499987.3846695231
100.0,0.625,N2,57.47003806160623,0.044847937188684496,499987.3846695231
100.0,0.675,CO2,6.641709091940728e-08,1.1340500220601623e-09,499986.3754430849
100.0,0.675,N2,49.93914668016835,0.037849563888020854,499986.3754430849
100.0,0.7250000000000001,CO2,1.3847916885445174e-08,2.2950493127136693e-10,499985.3662166468
100.0,0.7250000000000001,N2,42.95571403805958,0.031533798909205255,499985.3662166468
100.0,0.775,CO2,2.8673938228094933e-09,4.6192466406320286e-11,499984.3569902086
100.0,0.775,N2,36.5637293702753,0.025925290387567676,499984.3569902086
100.0,0.8250000000000001,CO2,5.899300557131405e-10,9.249444050127739e-12,499983.3477637705
100.0,0.8250000000000001,N2,30.79114834410964,0.021027474895418983,499983.3477637705
100.0,0.875,CO2,1.2064510820448836e-10,1.843126442290359e-12,499982.3385373323
100.0,0.875,N2,25.652532491458384,0.016824906075592765,499982.3385373323
100.0,0.925,CO2,2.4537641247184323e-11,3.656420665032101e-13,499981.3293108942
100.0,0.925,N2,21.177499172923003,0.013302688888183036,499981.3293108942
100.0,0.9750000000000001,CO2,5.076374935896046e-12,7.382378737393143e-14,499980.320084456
100.0,0.9750000000000001,N2,17.6512843234281,0.010615072481803507,499980.320084456
150.0,0.025,CO2,14.879785747101895,0.4389500929027517,499999.49538678094
150.0,0.025,N2,166.0284364267111,0.1995154626517118,499999.49538678094
150.0,0.07500000000000001,CO2,5.328538173071497,0.1745402724228119,499998.48616034276
150.0,0.07500000000000001,N2,160.1983938508894,0.19144771402832383,499998.48616034276
150.0,0.125,CO2,1.5767481841373603,0.05208190279958529,499997.47693390463
150.0,0.125,N2,154.0426250088795,0.18292590983554455,499997.47693390463
150.0,0.17500000000000002,CO2,0.42659446707097104,0.013510684506698213,499996.46770746645
150.0,0.17500000000000002,N2,147.57267135672754,0.17403775570475014,499996.46770746645
150.0,0.225,CO2,0.1101513918446532,0.003303592814538441,499995.4584810283
150.0,0.225,N2,140.80688176254225,0.16484130932299484,499995.4584810283
150.0,0.275,CO2,0.027587334941104817,0.0007843114018309598,499994.44925459014
150.0,0.275,N2,133.77026389325385,0.15538934285817582,499994.44925459014
150.0,0.325,CO2,0.006749321650531336,0.00018263610125257085,499993.440028152
150.0,0.325,N2,126.4946081842879,0.1457364583014552,499993.440028152
150.0,0.375,CO2,0.0016194869136631758,4.188550347689987e-05,499992.43080171384
150.0,0.375,N2,119.0186116990694,0.13594181217103765,499992.43080171384
150.0,0.42500000000000004,CO2,0.0003821607178051898,9.481672803185927e-06,499991.4215752757
150.0,0.42500000000000004,N2,111.38786360729912,0.12607013060830752,499991.4215752757
150.0,0.47500000000000003,CO2,8.887134952895647e-05,2.1218409842233547e-06,499990.41234883753
150.0,0.47500000000000003,N2,103.65459263269163,0.11619177596584401,499990.41234883753
150.0,0.525,CO2,2.0400321806158094e-05,4.69960976363479e-07,499989.4031223994
150.0,0.525,N2,95.87709250353116,0.10638211178335263,499989.4031223994
150.0,0.5750000000000001,CO2,4.628643752423619e-06,1.0312243673649448e-07,499988.3938959612
150.0,0.5750000000000001,N2,88.11875489104983,0.09672025501714174,499988.3938959612
150.0,0.625,CO2,1.0391923374961428e-06,2.2435755087531416e-08,499987.3846695231
150.0,0.625,N2,80.44666223905739,0.08728726645815077,499987.3846695231
150.0,0.675,CO2,2.310848555663586e-07,4.843126442267029e-09,499986.3754430849
150.0,0.675,N2,72.92973281968528,0.07816384107350342,499986.3754430849
150.0,0.7250000000000001,CO2,5.093639024811446e-08,1.037930281666196e-09,499985.3662166468
150.0,0.7250000000000001,N2,65.63647260555378,0.06942760215050475,499985.3662166468
150.0,0.775,CO2,1.1136926790299111e-08,2.209497497675203e-10,499984.3569902086
150.0,0.775,N2,58.632510614067776,0.06115020001624502,499984.3569902086
150.0,0.8250000000000001,CO2,2.416813117311742e-09,4.674116346676635e-11,499983.3477637705
150.0,0.8250000000000001,N2,51.97862013254634,0.05339485172822673,499983.3477637705
150.0,0.875,CO2,5.208218165248818e-10,9.830168349131861e-12,499982.3385373323
150.0,0.875,N2,45.73368872746353,0.04621837343861349,499982.3385373323
150.0,0.925,CO2,1.1152357238826965e-10,2.0563242130319513e-12,499981.3293108942
150.0,0.925,N2,39.99689816371982,0.039711837135504614,499981.3293108942
150.0,0.9750000000000001,CO2,2.4291221595294666e-11,4.3779381643370736e-13,499980.320084456
150.0,0.9750000000000001,N2,35.261930453225006,0.03437941592225219,499980.320084456
200.0,0.025,CO2,17.28554603024022,0.5407194981587847,499999.49538678094
200.0,0.025,N2,167.75482837756596,0.23003182239164968,499999.49538678094
200.0,0.07500000000000001,CO2,7.125796973462954,0.24848063866186662,499998.48616034276
200.0,0.07500000000000001,N2,163.6769103849427,0.22320139975101475,499998.48616034276
200.0,0.125,CO2,2.34067971314733,0.08450058022960162,499997.47693390463
200.0,0.125,N2,159.28951877242682,0.2159288342210687,499997.47693390463
200.0,0.17500000000000002,CO2,0.6856364842073064,0.024160252055993744,499996.46770746645
200.0,0.17500000000000002,N2,154.59145633409702,0.20826328962530372,499996.46770746645
200.0,0.225,CO2,0.18944890532182515,0.006378568479182351,499995.4584810283
200.0,0.225,N2,149.58559418369575,0.20023428240673444,499995.4584810283
200.0,0.275,CO2,0.050483861529847726,0.0016191096473846766,499994.44925459014
200.0,0.275,N2,144.2788872975759,0.19186808044764234,499994.44925459014
200.0,0.325,CO2,0.01309558947459954,0.00040103632548103726,499993.440028152
200.0,0.325,N2,138.68263062160753,0.1831926884304566,499993.440028152
200.0,0.375,CO2,0.0033229918805503873,9.750151893654269e-05,499992.43080171384
200.0,0.375,N2,132.81279092530247,0.17424000496151373,499992.43080171384
200.0,0.42500000000000004,CO2,0.0008274484616028121,2.3338054223367142e-05,499991.4215752757
200.0,0.42500000000000004,N2,126.6903389342596,0.16504694543172616,499991.4215752757
200.0,0.47500000000000003,CO2,0.00020266525614035156,5.510512309768402e-06,499990.41234883753
200.0,0.47500000000000003,N2,120.34152917742104,0.15565604330470872,499990.41234883753
200.0,0.525,CO2,4.891595354146015e-05,1.2853855950910583e-06,499989.4031223994
200.0,0.525,N2,113.79808005009518,0.14611569392189958,499989.4031223994
200.0,0.5750000000000001,CO2,1.165234967299783e-05,2.965558625883387e-07,499988.3938959612
200.0,0.5750000000000001,N2,107.09720625887438,0.13648008808039339,499988.3938959612
200.0,0.625,CO2,2.7429459239573504e-06,6.77396884930541e-08,499987.3846695231
200.0,0.625,N2,100.28145493111164,0.12680883963249506,499987.3846695231
200.0,0.675,CO2,6.387420146765206e-07,1.5332406566607266e-08,499986.3754430849
200.0,0.675,N2,93.39829947235593,0.1171662949325599,499986.3754430849
200.0,0.7250000000000001,CO2,1.4727679775525323e-07,3.441305027477059e-09,499985.3662166468
200.0,0.7250000000000001,N2,86.49946262459672,0.10762051607739236,499985.3662166468
200.0,0.775,CO2,3.365002230513319e-08,7.663994727273981e-10,499984.3569902086
200.0,0.775,N2,79.64003589259337,0.09824200788141603,499984.3569902086
200.0,0.8250000000000001,CO2,7.62387135941784e-09,1.6945155511056796e-10,499983.3477637705
200.0,0.8250000000000001,N2,72.87811457872661,0.08910288354112017,499983.3477637705
200.0,0.875,CO2,1.7138215406705672e-09,3.7213909101393726e-11,499982.3385373323
200.0,0.875,N2,66.28055553700568,0.08028240491917595,499982.3385373323
200.0,0.925,CO2,3.825205002735892e-10,8.122449533207362e-12,499981.3293108942
200.0,0.925,N2,59.9778780740202,0.07192954096405246,499981.3293108942
200.0,0.9750000000000001,CO2,8.684244236669266e-11,1.8042318929261741e-12,499980.320084456
200.0,0.9750000000000001,N2,54.59802987795185,0.06481214465569066,499980.320084456
250.0,0.025,CO2,19.40031738241787,0.6239913129169001,499999.49538678094
250.0,0.025,N2,168.93989237965386,0.25089891897095534,499999.49538678094
250.0,0.07500000000000001,CO2,9.046124027623096,0.3244287539901837,499998.48616034276
250.0,0.07500000000000001,N2,166.09045990018268,0.24533774006295778,499998.48616034276
250.0,0.125,CO2,3.272471720489724,0.12440348717584632,499997.47693390463
250.0,0.125,N2,162.97106981466234,0.23937480544724415,499997.47693390463
250.0,0.17500000000000002,CO2,1.0294536962387828,0.03894200970776931,499996.46770746645
250.0,0.17500000000000002,N2,159.57458095243695,0.233035481926221,499996.46770746645
250.0,0.225,CO2,0.30165405894748337,0.011013973090014135,499995.4584810283
250.0,0.225,N2,155.8961702923213,0.22633189607024917,499995.4584810283
250.0,0.275,CO2,0.08475550268887835,0.002963348079892118,499994.44925459014
250.0,0.275,N2,151.9333703147914,0.21927389974042022,499994.44925459014
250.0,0.325,CO2,0.02310860230626255,0.0007739606585335602,499993.440028152
250.0,0.325,N2,147.68628730550697,0.21187246637182972,499993.440028152
250.0,0.375,CO2,0.006149858893115033,0.000197806070576818,499992.43080171384
250.0,0.375,N2,143.15789819411782,0.20414124841736894,499992.43080171384
250.0,0.42500000000000004,CO2,0.0016032273465092074,4.9661263398408415e-05,499991.4215752757
250.0,0.42500000000000004,N2,138.35438415929724,0.1960974958436767,499991.4215752757
250.0,0.47500000000000003,CO2,0.000410469637924536,1.2276578497778007e-05,499990.41234883753
250.0,0.47500000000000003,N2,133.28547534626506,0.18776268360540965,499990.41234883753
250.0,0.525,CO2,0.00010341870788878735,2.9934030075713585e-06,499989.4031223994
250.0,0.525,N2,127.96478459938643,0.17916296463031967,499989.4031223994
250.0,0.5750000000000001,CO2,2.5684151601159815e-05,7.209030617257074e-07,499988.3938959612
250.0,0.5750000000000001,N2,122.4101071326944,0.17032948641506848,499988.3938959612
250.0,0.625,CO2,6.296182726215307e-06,1.7167503156615734e-07,499987.3846695231
250.0,0.625,N2,116.64366058656309,0.1612985783565622,499987.3846695231
250.0,0.675,CO2,1.525253219376083e-06,4.046462800847456e-08,499986.3754430849
250.0,0.675,N2,110.69223864397722,0.1521118018488196,499986.3754430849
250.0,0.7250000000000001,CO2,3.655046609960319e-07,9.448057263233377e-09,499985.3662166468
250.0,0.7250000000000001,N2,104.58726177379843,0.14281585556182275,499985.3662166468
250.0,0.775,CO2,8.67171834613415e-08,2.186858104663221e-09,499984.3569902086
250.0,0.775,N2,98.36480418601222,0.13346241471984746,499984.3569902086
250.0,0.8250000000000001,CO2,2.0384747398115996e-08,5.020917804138973e-10,499983.3477637705
250.0,0.8250000000000001,N2,92.06640478873624,0.12410875615975196,499983.3477637705
250.0,0.875,CO2,4.7509515910172505e-09,1.144118958493774e-10,499982.3385373323
250.0,0.875,N2,85.74692631535768,0.11482647751648806,499982.3385373323
250.0,0.925,CO2,1.09865331807945e-09,2.5892296525068663e-11,499981.3293108942
250.0,0.925,N2,79.5363984808681,0.10577921551351345,499981.3293108942
250.0,0.9750000000000001,CO2,2.5840694172981577e-10,5.962922414605488e-12,499980.320084456
250.0,0.9750000000000001,N2,74.10460859625252,0.09787085261068039,499980.320084456
300.0,0.025,CO2,21.223010181344858,0.6915608303891351,499999.49538678094
300.0,0.025,N2,169.75309539743208,0.26516689894234047,499999.49538678094
300.0,0.07500000000000001,CO2,11.029814226940077,0.39938296858808475,499998.48616034276
300.0,0.07500000000000001,N2,167.7636039655219,0.26075841936060573,499998.48616034276
300.0,0.125,CO2,4.3733261900458995,0.17109557192478242,499997.47693390463
300.0,0.125,N2,165.54984337790327,0.25599943148778725,499997.47693390463
300.0,0.17500000000000002,CO2,1.471127147645066,0.058414535939859555,499996.46770746645
300.0,0.17500000000000002,N2,163.10236855005007,0.25090095775794086,499996.46770746645
300.0,0.225,CO2,0.4545636737041732,0.01761895347554107,499995.4584810283
300.0,0.225,N2,160.4129737359185,0.24546499585775164,499995.4584810283
300.0,0.275,CO2,0.13383581746354217,0.004996197532131933,499994.44925459014
300.0,0.275,N2,157.47471761947565,0.23969182252762192,499994.44925459014
300.0,0.325,CO2,0.038120904958189726,0.0013677208791883027,499993.440028152
300.0,0.325,N2,154.28207599192342,0.23358227075566748,499993.440028152
300.0,0.375,CO2,0.010578076871580413,0.00036529846993433375,499992.43080171384
300.0,0.375,N2,150.83115700504732,0.22713880343709522,499992.43080171384
300.0,0.42500000000000004,CO2,0.0028710658835479222,9.565057263413258e-05,499991.4215752757
300.0,0.42500000000000004,N2,147.11995496524358,0.22036618452470041,499991.4215752757
300.0,0.47500000000000003,CO2,0.0007643223607821454,2.4621865774178132e-05,499990.41234883753
300.0,0.47500000000000003,N2,143.14863000729008,0.21327198264490618,499990.41234883753
300.0,0.525,CO2,0.00020000340930505974,6.242967563395641e-06,499989.4031223994
300.0,0.525,N2,138.9198040514394,0.20586698943259196,499989.4031223994
300.0,0.5750000000000001,CO2,5.1532851565132964e-05,1.5615594407447915e-06,499988.3938959612
300.0,0.5750000000000001,N2,134.43886353727794,0.1981655835739972,499988.3938959612
300.0,0.625,CO2,1.309337804633801e-05,3.8580600853738963e-07,499987.3846695231
300.0,0.625,N2,129.7142584878195,0.19018605135296876,499987.3846695231
300.0,0.675,CO2,3.2845770324235177e-06,9.425074373328579e-08,499986.3754430849
300.0,0.675,N2,124.75778748160204,0.18195086489675724,499986.3754430849
300.0,0.7250000000000001,CO2,8.143869527309835e-07,2.2787842286630203e-08,499985.3662166468
300.0,0.7250000000000001,N2,119.58486957325884,0.17348692453099018,499985.3662166468
300.0,0.775,CO2,1.9975945657144932e-07,5.457190005484743e-09,499984.3569902086
300.0,0.775,N2,114.21490356040691,0.1648258723939069,499984.3569902086
300.0,0.8250000000000001,CO2,4.851317919354514e-08,1.295340998404235e-09,499983.3477637705
300.0,0.8250000000000001,N2,108.67256402472194,0.1560054456128484,499983.3477637705
300.0,0.875,CO2,1.1673387301697731e-08,3.04940225679181e-10,499982.3385373323
300.0,0.875,N2,102.99638854298553,0.1470798477198472,499982.3385373323
300.0,0.925,CO2,2.785316819006311e-09,7.124844092733935e-11,499981.3293108942
300.0,0.925,N2,97.30113380175564,0.13820380339826574,499981.3293108942
300.0,0.9750000000000001,CO2,6.759101149168481e-10,1.6938984274344118e-11,499980.320084456
300.0,0.9750000000000001,N2,92.23098267265549,0.13030886416409737,499980.320084456
350.0,0.025,CO2,22.77096320545069,0.7460637005030232,499999.49538678094
350.0,0.025,N2,170.3109531752586,0.27492146270319145,499999.49538678094
350.0,0.07500000000000001,CO2,13.016365602736158,0.47096798535604556,499998.48616034276
350.0,0.07500000000000001,N2,168.92266776755292,0.2714939941626662,499998.48616034276
350.0,0.125,CO2,5.636233850729457,0.2234366711509715,499997.47693390463
350.0,0.125,N2,167.3538410645822,0.2677690064929476,499997.47693390463
350.0,0.17500000000000002,CO2,2.023227652339829,0.08300510429398719,499996.46770746645
350.0,0.17500000000000002,N2,165.5946456920644,0.2637491361282088,499996.46770746645
350.0,0.225,CO2,0.6568946562612433,0.026634511250229847,499995.4584810283
350.0,0.225,N2,163.63584514558963,0.25943081237949694,499995.4584810283
350.0,0.275,CO2,0.201786348917524,0.00793040867273024,499994.44925459014
350.0,0.275,N2,161.4688037263729,0.2548091101426586,499994.44925459014
350.0,0.325,CO2,0.059772425895569865,0.0022656393588159967,499993.440028152
350.0,0.325,N2,159.08558362542934,0.2498792613964126,499993.440028152
350.0,0.375,CO2,0.017218128532421096,0.0006295934645120194,499992.43080171384
350.0,0.375,N2,156.47908726759556,0.24463737532282026,499992.43080171384
350.0,0.42500000000000004,CO2,0.004845144399053254,0.00017120270030226205,499991.4215752757
350.0,0.42500000000000004,N2,153.6432305350941,0.23908090094745243,499991.4215752757
350.0,0.47500000000000003,CO2,0.0013358361557185084,4.5703195179139214e-05,499990.41234883753
350.0,0.47500000000000003,N2,150.573140382665,0.23320899002637518,499990.41234883753
350.0,0.525,CO2,0.0003616600061620879,1.2003408063881862e-05,499989.4031223994
350.0,0.525,N2,147.2653728857459,0.22702281709486194,499989.4031223994
350.0,0.5750000000000001,CO2,9.632502583902338e-05,3.1067159971567576e-06,499988.3938959612
350.0,0.5750000000000001,N2,143.71814845293628,0.22052588029413356,499988.3938959612
350.0,0.625,CO2,2.5277345203816035e-05,7.934601781103237e-07,499987.3846695231
350.0,0.625,N2,139.93160094626612,0.21372429399321002,499987.3846695231
350.0,0.675,CO2,6.543980473746479e-06,2.0020386272123337e-07,499986.3754430849
350.0,0.675,N2,135.90803841621238,0.2066270791203664,499986.3754430849
350.0,0.7250000000000001,CO2,1.6732362553789298e-06,4.995409057393457e-08,499985.3662166468
350.0,0.7250000000000001,N2,131.65222539015713,0.19924646640312338,499985.3662166468
350.0,0.775,CO2,4.2296082247210857e-07,1.2336516115221231e-08,499984.3569902086
350.0,0.775,N2,127.17179423663976,0.19159833599049392,499984.3569902086
350.0,0.8250000000000001,CO2,1.0578907753689649e-07,3.0176051603572256e-09,499983.3477637705
350.0,0.8250000000000001,N2,122.4786100091081,0.18370379961143218,499983.3477637705
350.0,0.875,CO2,2.6200298597198854e-08,7.315912542572235e-10,499982.3385373323
350.0,0.875,N2,117.5970847866787,0.1755999337714111,499982.3385373323
350.0,0.925,CO2,6.430945763164611e-09,1.7593430801072816e-10,499981.3293108942
350.0,0.925,N2,112.62245967914441,0.16742297692795186,499981.3293108942
350.0,0.9750000000000001,CO2,1.6053007733636803e-09,4.304761865834247e-11,499980.320084456
350.0,0.9750000000000001,N2,108.1352797494066,0.16006014475729308,499980.320084456
400.0,0.025,CO2,24.071468116768845,0.789854727903242,499999.49538678094
400.0,0.025,N2,170.69360619403787,0.28159050759907245,499999.49538678094
400.0,0.07500000000000001,CO2,14.950805410564712,0.5375110122832343,499998.48616034276
400.0,0.07500000000000001,N2,169.72528248167023,0.27896477342287745,499998.48616034276
400.0,0.125,CO2,7.045028609279286,0.2799422703928738,499997.47693390463
400.0,0.125,N2,168.6147693834482,0.27609157708342014,499997.47693390463
400.0,0.17500000000000002,CO2,2.6968933201321525,0.11294948503256802,499996.46770746645
400.0,0.17500000000000002,N2,167.3528269587357,0.2729688781380342,499996.46770746645
400.0,0.225,CO2,0.9182178451262397,0.038518328269560656,499995.4584810283
400.0,0.225,N2,165.93042635628711,0.2695903313291307,499995.4584810283
400.0,0.275,CO2,0.2933615175070605,0.012013704591909249,499994.44925459014
400.0,0.275,N2,164.33874893756777,0.265948505138774,499994.44925459014
400.0,0.325,CO2,0.09005722722223689,0.0035704382553590134,499993.440028152
400.0,0.325,N2,162.56924382397796,0.2620358779910019,499993.440028152
400.0,0.375,CO2,0.026837325308201265,0.0010287938715838765,499992.43080171384
400.0,0.375,N2,160.61371659389235,0.2578453124093006,499992.43080171384
400.0,0.42500000000000004,CO2,0.007803645986765759,0.00028955400427220046,499991.4215752757
400.0,0.42500000000000004,N2,158.4644402888312,0.2533703625321595,499991.4215752757
400.0,0.47500000000000003,CO2,0.0022211562578143035,7.990342712444037e-05,499990.41234883753
400.0,0.47500000000000003,N2,156.11428532176856,0.2486055202766791,499990.41234883753
400.0,0.525,CO2,0.0006202963763898016,2.167057512726002e-05,499989.4031223994
400.0,0.525,N2,153.5568667799002,0.2435464388481186,499989.4031223994
400.0,0.5750000000000001,CO2,0.00017028359335502405,5.786460925384144e-06,499988.3938959612
400.0,0.5750000000000001,N2,150.7867082929821,0.23819015084297793,499988.3938959612
400.0,0.625,CO2,4.602376062221895e-05,1.5234067210682366e-06,499987.3846695231
400.0,0.625,N2,147.79942192941937,0.23253529065900025,499987.3846695231
400.0,0.675,CO2,1.226338192735312e-05,3.959172907235301e-07,499986.3754430849
400.0,0.675,N2,144.59190501730612,0.22658232852768925,499986.3754430849
400.0,0.7250000000000001,CO2,3.2252359876004128e-06,1.0167895975213704e-07,499985.3662166468
400.0,0.7250000000000001,N2,141.1625669857428,0.22033383435502574,499985.3662166468
400.0,0.775,CO2,8.38060733316495e-07,2.5827919485702008e-08,499984.3569902086
400.0,0.775,N2,137.51168992990006,0.2137948973114683,499984.3569902086
400.0,0.8250000000000001,CO2,2.1534670642171478e-07,6.494189087719001e-09,499983.3477637705
400.0,0.8250000000000001,N2,133.64267663025296,0.20697467830351554,499983.3477637705
400.0,0.875,CO2,5.4763531919049964e-08,1.6174971599253722e-09,499982.3385373323
400.0,0.875,N2,129.56955879252266,0.19989667503730174,499982.3385373323
400.0,0.925,CO2,1.3795374112101272e-08,3.9939930255544543e-10,499981.3293108942
400.0,0.925,N2,125.36874101709743,0.19267635761249619,499981.3293108942
400.0,0.9750000000000001,CO2,3.534018915506334e-09,1.0033606083578982e-10,499980.320084456
400.0,0.9750000000000001,N2,121.54142787100962,0.18611670268437125,499980.320084456
450.0,0.025,CO2,25.155608750131343,0.8249595589138129,499999.49538678094
450.0,0.025,N2,170.95607302770526,0.28615027571110857,499999.49538678094
450.0,0.07500000000000001,CO2,16.788419708391046,0.5980086022006367,499998.48616034276
450.0,0.07500000000000001,N2,170.28092130515373,0.2841619137442151,499998.48616034276
450.0,0.125,CO2,8.574507645805848,0.3389302551615957,499997.47693390463
450.0,0.125,N2,169.49557771521825,0.2819709998540162,499997.47693390463
450.0,0.17500000000000002,CO2,3.500662237208181,0.14823757741150778,499996.46770746645
450.0,0.17500000000000002,N2,168.59182811204883,0.27957309908477707,499996.46770746645
450.0,0.225,CO2,1.248797229410692,0.05372239932436524,499995.4584810283
450.0,0.225,N2,167.56145469386198,0.2769607647301026,499995.4584810283
450.0,0.275,CO2,0.4140690492639895,0.017528874643430944,499994.44925459014
450.0,0.275,N2,166.3962287737381,0.27412567015313366,499994.44925459014
450.0,0.325,CO2,0.1313764740754317,0.005406766293480197,499993.440028152
450.0,0.325,N2,165.08794227825646,0.2710592617295992,499993.440028152
450.0,0.375,CO2,0.04038821940820555,0.0016110598063390292,499992.43080171384
450.0,0.375,N2,163.62846013371703,0.26775306659907944,499992.43080171384
450.0,0.42500000000000004,CO2,0.012102201656842863,0.00046803533390125967,499991.4215752757
450.0,0.42500000000000004,N2,162.00978801199798,0.26419889166711746,499991.4215752757
450.0,0.47500000000000003,CO2,0.003546893014422596,0.00013315771778428038,499990.41234883753
450.0,0.47500000000000003,N2,160.22415355192743,0.26038898399416777,499990.41234883753
450.0,0.525,CO2,0.0010192060922277102,3.71980264990756e-05,499989.4031223994
450.0,0.525,N2,158.2641004463591,0.25631617862169603,499989.4031223994
450.0,0.5750000000000001,CO2,0.00028770023295905775,1.0222519970165415e-05,499988.3938959612
450.0,0.5750000000000001,N2,156.1225953076383,0.2519740458391571,499988.3938959612
450.0,0.625,CO2,7.990592719855425e-05,2.7677921305751723e-06,499987.3846695231
450.0,0.625,N2,153.79314772052578,0.24735704527646624,499987.3846695231
450.0,0.675,CO2,2.186626548896152e-05,7.392563155473195e-07,499986.3754430849
450.0,0.675,N2,151.2699457204864,0.24246069358091782,499986.3754430849
450.0,0.7250000000000001,CO2,5.902614174811495e-06,1.9499118901758578e-07,499985.3662166468
450.0,0.7250000000000001,N2,148.5480203715497,0.2372817640939175,499985.3662166468
450.0,0.775,CO2,1.5734064649165538e-06,5.0839950084350785e-08,499984.3569902086
450.0,0.775,N2,145.62353312583318,0.23181863880053594,499984.3569902086
450.0,0.8250000000000001,CO2,4.1453650222026713e-07,1.3113768388513267e-08,499983.3477637705
450.0,0.8250000000000001,N2,142.49484570649506,0.2260727174785607,499983.3477637705
450.0,0.875,CO2,1.0803482950922969e-07,3.348909526375042e-09,499982.3385373323
450.0,0.875,N2,139.16901167802968,0.22005776291338874,499982.3385373323
450.0,0.925,CO2,2.7877883717398028e-08,8.474514671936417e-10,499981.3293108942
450.0,0.925,N2,135.7061039578563,0.21386944772101954,499981.3293108942
450.0,0.9750000000000001,CO2,7.315341974408102e-09,2.1816602224445097e-10,499980.320084456
450.0,0.9750000000000001,N2,132.5262163960922,0.20820952905001935,499980.320084456
500.0,0.025,CO2,26.054450605096356,0.8530745082664749,499999.49538678094
500.0,0.025,N2,171.136078037867,0.28926761415320473,499999.49538678094
500.0,0.07500000000000001,CO2,18.497038887828843,0.6520227606822082,499998.48616034276
500.0,0.07500000000000001,N2,170.66546511109166,0.28777598526002396,499998.48616034276
500.0,0.125,CO2,10.191899378102475,0.3986870171734068,499997.47693390463
500.0,0.125,N2,170.11051309544825,0.2861207506327007,499997.47693390463
500.0,0.17500000000000002,CO2,4.4391740541703335,0.1885771198800381,499996.46770746645
500.0,0.17500000000000002,N2,169.46417690234048,0.2842964642307782,499996.46770746645
500.0,0.225,CO2,1.6593033914496247,0.07266274738074194,499995.4584810283
500.0,0.225,N2,168.71929364048842,0.2822955515857088,499995.4584810283
500.0,0.275,CO2,0.5702151507888982,0.02479158950139644,499994.44925459014
500.0,0.275,N2,167.86857242021352,0.2801097202705156,499994.44925459014
500.0,0.325,CO2,0.18659578061076582,0.007923649272035713,499993.440028152
500.0,0.325,N2,166.90460960047818,0.277730385753621,499993.440028152
500.0,0.375,CO2,0.05904092531458354,0.002436345693953306,499992.43080171384
500.0,0.375,N2,165.81991771323328,0.2751488685292409,499992.43080171384
500.0,0.42500000000000004,CO2,0.018189436793081735,0.0007289397800157881,499991.4215752757
500.0,0.42500000000000004,N2,164.6069645193754,0.2723565197579831,499991.4215752757
500.0,0.47500000000000003,CO2,0.005477082515710959,0.00021333813781439226,499990.41234883753
500.0,0.47500000000000003,N2,163.25822113451372,0.26934482205293453,499990.41234883753
500.0,0.525,CO2,0.0016160181356022975,6.125565950008805e-05,499989.4031223994
500.0,0.525,N2,161.76621909340383,0.26610548285131663,499989.4031223994
500.0,0.5750000000000001,CO2,0.0004681239269209041,1.729006538753968e-05,499988.3938959612
500.0,0.5750000000000001,N2,160.12361662664935,0.2626305285772906,499988.3938959612
500.0,0.625,CO2,0.00013335178126800852,4.805073551380405e-06,499987.3846695231
500.0,0.625,N2,158.32327477050458,0.2589124048817536,499987.3846695231
500.0,0.675,CO2,3.740804625295353e-05,1.316509859600863e-06,499986.3754430849
500.0,0.675,N2,156.35834539453379,0.2549440884197446,499986.3754430849
500.0,0.7250000000000001,CO2,1.0346319733857766e-05,3.5600598769201197e-07,499985.3662166468
500.0,0.7250000000000001,N2,154.22238311732173,0.2507192270645841,499985.3662166468
500.0,0.775,CO2,2.8243833345360447e-06,9.511000018742409e-08,499984.3569902086
500.0,0.775,N2,151.90956192576118,0.2462324184396474,499984.3569902086
500.0,0.8250000000000001,CO2,7.617046944598786e-07,2.5125032310536316e-08,499983.3477637705
500.0,0.8250000000000001,N2,149.41555773169213,0.24148043692510243,499983.3477637705
500.0,0.875,CO2,2.0311338814868605e-07,6.567995891439634e-09,499982.3385373323
500.0,0.875,N2,146.74299940138755,0.23647046348317358,499982.3385373323
500.0,0.925,CO2,5.360567116699408e-08,1.7006103239887294e-09,499981.3293108942
500.0,0.925,N2,143.9384910369547,0.23128058559745024,499981.3293108942
500.0,0.9750000000000001,CO2,1.4386439924159913e-08,4.479394687952006e-10,499980.320084456
500.0,0.9750000000000001,N2,141.34675337634323,0.22650891901364337,499980.320084456
550.0,0.025,CO2,26.79683400212706,0.87559212811735,499999.49538678094
550.0,0.025,N2,171.2595434927199,0.29139915688835066,499999.49538678094
550.0,0.07500000000000001,CO2,20.057110435219418,0.6995485260598698,499998.48616034276
550.0,0.07500000000000001,N2,170.93158402685347,0.29028877110810314,499998.48616034276
550.0,0.125,CO2,11.859516747817349,0.45762168990740676,499997.47693390463
550.0,0.125,N2,170.53970465268748,0.289047719919277,499997.47693390463
550.0,0.17500000000000002,CO2,5.511857527632028,0.23338468467425252,499996.46770746645
550.0,0.17500000000000002,N2,170.07801277935872,0.28767036168603466,499996.46770746645
550.0,0.225,CO2,2.1603614984302517,0.09568221939327703,499995.4584810283
550.0,0.225,N2,169.5404440668263,0.28614953314826497,499995.4584810283
550.0,0.275,CO2,0.7689229394258028,0.03414516432923233,499994.44925459014
550.0,0.275,N2,168.9207512418422,0.284477481637822,499994.44925459014
550.0,0.325,CO2,0.25910660964027493,0.01129672117872653,499993.440028152
550.0,0.325,N2,168.2125095897763,0.2826461415130733,499993.440028152
550.0,0.375,CO2,0.08422014428242708,0.003578318270085366,499992.43080171384
550.0,0.375,N2,167.40913135953332,0.28064725880079106,499992.43080171384
550.0,0.42500000000000004,CO2,0.02662507968137035,0.0011005222123914033,499991.4215752757
550.0,0.42500000000000004,N2,166.50388676912348,0.27847246854394087,499991.4215752757
550.0,0.47500000000000003,CO2,0.008221380919912114,0.0003307066035244141,499990.41234883753
550.0,0.47500000000000003,N2,165.48993092666782,0.2761133557728828,499990.41234883753
550.0,0.525,CO2,0.002486216897643697,9.742039590842125e-05,499989.4031223994
550.0,0.525,N2,164.3603366026202,0.27356151169199566,499989.4031223994
550.0,0.5750000000000001,CO2,0.0007378041319352304,2.8193684348305163e-05,499988.3938959612
550.0,0.5750000000000001,N2,163.10813313281102,0.2708085906636759,499988.3938959612
550.0,0.625,CO2,0.00021521010742337534,8.028885709585506e-06,499987.3846695231
550.0,0.625,N2,161.72635213463568,0.26784637179566334,499987.3846695231
550.0,0.675,CO2,6.178929108254679e-05,2.2529090174290316e-06,499986.3754430849
550.0,0.675,N2,160.20808206229233,0.2646668294858821,499986.3754430849
550.0,0.7250000000000001,CO2,1.7483349135067806e-05,6.236171044696383e-07,499985.3662166468
550.0,0.7250000000000001,N2,158.54654191502848,0.26126222774029406,499985.3662166468
550.0,0.775,CO2,4.880514431121261e-06,1.7045767061868877e-07,499984.3569902086
550.0,0.775,N2,156.73524177913015,0.2576253352924418,499984.3569902086
550.0,0.8250000000000001,CO2,1.3454007078729676e-06,4.604963429667692e-08,499983.3477637705
550.0,0.8250000000000001,N2,154.76869640748467,0.253750468016391,499983.3477637705
550.0,0.875,CO2,3.6656758150276307e-07,1.230528949006155e-08,499982.3385373323
550.0,0.875,N2,152.64690939035418,0.24964056475117113,499982.3385373323
550.0,0.925,CO2,9.881382267762047e-08,3.2555868216021875e-09,499981.3293108942
550.0,0.925,N2,150.4057167817025,0.2453586760182464,499981.3293108942
550.0,0.9750000000000001,CO2,2.7086161566246105e-08,8.76183863661714e-10,499980.320084456
550.0,0.9750000000000001,N2,148.32358558790133,0.24140513748459627,499980.320084456
600.0,0.025,CO2,27.40847173851278,0.8936409623039129,499999.49538678094
600.0,0.025,N2,171.34424531649995,0.2928569763484057,499999.49538678094
600.0,0.07500000000000001,CO2,21.46000701420019,0.7408790952510017,499998.48616034276
600.0,0.07500000000000001,N2,171.11575664507203,0.29203570039626714,499998.48616034276
600.0,0.125,CO2,13.53821349108916,0.5143834451391107,499997.47693390463
600.0,0.125,N2,170.83920860561963,0.29111108236610356,499997.47693390463
600.0,0.17500000000000002,CO2,6.711912696401922,0.28181285684451135,499996.46770746645
600.0,0.17500000000000002,N2,170.5097648788194,0.29007774359635785,499996.46770746645
600.0,0.225,CO2,2.7619171778018994,0.12300842838470769,499995.4584810283
600.0,0.225,N2,170.12239931247194,0.2889292034049368,499995.4584810283
600.0,0.275,CO2,1.018105190081767,0.04595097371406918,499994.44925459014
600.0,0.275,N2,169.67188486336167,0.2876584944141926,499994.44925459014
600.0,0.325,CO2,0.35288853860413283,0.01572989713529389,499993.440028152
600.0,0.325,N2,169.15279336660487,0.28625834101996767,499993.440028152
600.0,0.375,CO2,0.11764709143600338,0.0051264346251924595,499992.43080171384
600.0,0.375,N2,168.559500988361,0.28472123701441243,499992.43080171384
600.0,0.42500000000000004,CO2,0.03810103326763915,0.0016181480126262577,499991.4215752757
600.0,0.42500000000000004,N2,167.88619786005663,0.2830394917978025,499991.4215752757
600.0,0.47500000000000003,CO2,0.012044725355687576,0.0004984485387450884,499990.41234883753
600.0,0.47500000000000003,N2,167.12690149548962,0.28120526565804566,499990.41234883753
600.0,0.525,CO2,0.003727347900859582,0.0001504054130656153,499989.4031223994
600.0,0.525,N2,166.27547401538726,0.279210601781349,499989.4031223994
600.0,0.5750000000000001,CO2,0.0011314435803776582,4.4560650576594895e-05,499988.3938959612
600.0,0.5750000000000001,N2,165.32564341422858,0.27704745870484165,499988.3938959612
600.0,0.625,CO2,0.0003374515093002418,1.2984295847942403e-05,499987.3846695231
600.0,0.625,N2,164.2710293551555,0.2747077458456505,499987.3846695231
600.0,0.675,CO2,9.902528009442245e-05,3.7261554828662484e-06,499986.3754430849
600.0,0.675,N2,163.10517506014767,0.2721833655181283,499986.3754430849
600.0,0.7250000000000001,CO2,2.8626687473089778e-05,1.0543623269275294e-06,499985.3662166468
600.0,0.7250000000000001,N2,161.8215938165216,0.26946627419594527,499985.3662166468
600.0,0.775,CO2,8.161287611258066e-06,2.944774349946884e-07,499984.3569902086
600.0,0.775,N2,160.41388603919611,0.26654864683106616,499984.3569902086
600.0,0.8250000000000001,CO2,2.2968310351116527e-06,8.125365193055815e-08,499983.3477637705
600.0,0.8250000000000001,N2,158.87630867652163,0.2634237481175683,499983.3477637705
600.0,0.875,CO2,6.386441872897956e-07,2.2167459468324947e-08,499982.3385373323
600.0,0.875,N2,157.2074114395129,0.2600919073932276,499982.3385373323
600.0,0.925,CO2,1.7563256586836185e-07,5.985506722741751e-09,499981.3293108942
600.0,0.925,N2,155.43456354094985,0.25660360676830657,499981.3293108942
600.0,0.9750000000000001,CO2,4.911527385001136e-08,1.6440083711865748e-09,499980.320084456
600.0,0.9750000000000001,N2,153.780072198429,0.2533714076248565,499980.320084456
650.0,0.025,CO2,27.911625315047115,0.9081273579210358,499999.49538678094
650.0,0.025,N2,171.40234457963942,0.2938538624937744,499999.49538678094
650.0,0.07500000000000001,CO2,22.70574609608036,0.7764906852077709,499998.48616034276
650.0,0.07500000000000001,N2,171.24318567688974,0.29324976997213614,499998.48616034276
650.0,0.125,CO2,15.190812320029677,0.5679280086241225,499997.47693390463
650.0,0.125,N2,171.04813305733816,0.2925646477110822,499997.47693390463
650.0,0.17500000000000002,CO2,8.025811684097548,0.33281216123718066,499996.46770746645
650.0,0.17500000000000002,N2,170.8132758786036,0.29179361684246324,499996.46770746645
650.0,0.225,CO2,3.472412498885138,0.1547122573724055,499995.4584810283
650.0,0.225,N2,170.53451579574934,0.2909309889005466,499995.4584810283
650.0,0.275,CO2,1.3263683445039365,0.06057355877040803,499994.44925459014
650.0,0.275,N2,170.2075566300385,0.28997067134946974,499994.44925459014
650.0,0.325,CO2,0.47256798621676016,0.02145603992738335,499993.440028152
650.0,0.325,N2,169.8279010827337,0.2889062819956127,499993.440028152
650.0,0.375,CO2,0.16138638912937295,0.00718812748655151,499992.43080171384
650.0,0.375,N2,169.3908510684725,0.28773119631419514,499992.43080171384
650.0,0.42500000000000004,CO2,0.05346582581224994,0.0023256035521042138,499991.4215752757
650.0,0.42500000000000004,N2,168.89151064620765,0.2864385738237043,499991.4215752757
650.0,0.47500000000000003,CO2,0.017278704704975067,0.0007332990046629039,499990.41234883753
650.0,0.47500000000000003,N2,168.32479124684144,0.28502137706974073,499990.41234883753
650.0,0.525,CO2,0.005464026022541358,0.00022633416450271968,499989.4031223994
650.0,0.525,N2,167.68541919577967,0.2834723882800899,499989.4031223994
650.0,0.5750000000000001,CO2,0.0016943147682879148,6.855450737818875e-05,499988.3938959612
650.0,0.5750000000000001,N2,166.967945729391,0.2817842261386114,499988.3938959612
650.0,0.625,CO2,0.0005160290013678046,2.0412850076992695e-05,499987.3846695231
650.0,0.625,N2,166.16675995785016,0.2799493644495323,499987.3846695231
650.0,0.675,CO2,0.00015458319767037545,5.9835951999063894e-06,499986.3754430849
650.0,0.675,N2,165.27610609440111,0.27796015526573364,499986.3754430849
650.0,0.7250000000000001,CO2,4.560285950333682e-05,1.728739511329992e-06,499985.3662166468
650.0,0.7250000000000001,N2,164.29011181552292,0.27580886721078784,499985.3662166468
650.0,0.775,CO2,1.3262846491031076e-05,4.927865715200179e-07,499984.3569902086
650.0,0.775,N2,163.20287295813603,0.27348781021062435,499984.3569902086
650.0,0.8250000000000001,CO2,3.8064398980176727e-06,1.3872411638590193e-07,499983.3477637705
650.0,0.8250000000000001,N2,162.0089028103241,0.27099005500225204,499983.3477637705
650.0,0.875,CO2,1.0789944083251715e-06,3.859836937170648e-08,499982.3385373323
650.0,0.875,N2,160.70604596485123,0.2683144082981455,499982.3385373323
650.0,0.925,CO2,3.0241555858231716e-07,1.0625565089501356e-08,499981.3293108942
650.0,0.925,N2,159.31508640844,0.26550099854540016,499981.3293108942
650.0,0.9750000000000001,CO2,8.619029629785042e-08,2.975415503982889e-09,499980.320084456
650.0,0.9750000000000001,N2,158.01184037875106,0.26288617128993336,499980.320084456
700.0,0.025,CO2,28.325204418385038,0.919774426993781,499999.49538678094
700.0,0.025,N2,171.4421839429821,0.2945353325815946,499999.49538678094
700.0,0.07500000000000001,CO2,23.800517332431077,0.8069532949406885,499998.48616034276
700.0,0.07500000000000001,N2,171.33132140966725,0.2940931198095272,499998.48616034276
700.0,0.125,CO2,16.784965074226808,0.6175361128182908,499997.47693390463
700.0,0.125,N2,171.19380394206675,0.29358786069883425,499997.47693390463
700.0,0.17500000000000002,CO2,9.433536921728441,0.38521758821985597,499996.46770746645
700.0,0.17500000000000002,N2,171.02650749609333,0.29301527618564494,499996.46770746645
700.0,0.225,CO2,4.297822975850024,0.19067364085855304,499995.4584810283
700.0,0.225,N2,170.82613391878823,0.29237048349523936,499995.4584810283
700.0,0.275,CO2,1.7028277646415464,0.07835997368056197,499994.44925459014
700.0,0.275,N2,170.5892015045468,0.2916482629266334,499994.44925459014
700.0,0.325,CO2,0.6234674112281479,0.02873607257350811,499993.440028152
700.0,0.325,N2,170.31204009767785,0.29084313052059346,499993.440028152
700.0,0.375,CO2,0.21789743153777366,0.00989099989989118,499992.43080171384
700.0,0.375,N2,169.99078847882805,0.28994936603222726,499992.43080171384
700.0,0.42500000000000004,CO2,0.07375271843255657,0.003276570379750928,499991.4215752757
700.0,0.42500000000000004,N2,169.6213933764068,0.28896102685753816,499991.4215752757
700.0,0.47500000000000003,CO2,0.02433485066356391,0.0010562707654316393,499990.41234883753
700.0,0.47500000000000003,N2,169.19960991671914,0.28787195687778405,499990.41234883753
700.0,0.525,CO2,0.007853853950173576,0.00033306487102410196,499989.4031223994
700.0,0.525,N2,168.72100349951285,0.28667579355302536,499989.4031223994
700.0,0.5750000000000001,CO2,0.0024847911954935277,0.00010301179847779672,499988.3938959612
700.0,0.5750000000000001,N2,168.18095318346397,0.2853659748907719,499988.3938959612
700.0,0.625,CO2,0.0007719220598205568,3.130776160981545e-05,499987.3846695231
700.0,0.625,N2,167.57465683832234,0.2839357475070326,499987.3846695231
700.0,0.675,CO2,0.0002357979552586836,9.363661603284471e-06,499986.3754430849
700.0,0.675,N2,166.89713907080701,0.28237817771990475,499986.3754430849
700.0,0.7250000000000001,CO2,7.091206005843837e-05,2.7592521805074284e-06,499985.3662166468
700.0,0.7250000000000001,N2,166.14326753510073,0.28068617454033923,499985.3662166468
700.0,0.775,CO2,2.1017721969949792e-05,8.019483229153887e-07,499984.3569902086
700.0,0.775,N2,165.30781415854824,0.27885258418760983,499984.3569902086
700.0,0.8250000000000001,CO2,6.145536716410868e-06,2.3010014746378615e-07,499983.3477637705
700.0,0.8250000000000001,N2,164.38580805031012,0.27687077868264587,499983.3477637705
700.0,0.875,CO2,1.7742915575802445e-06,6.523309259440003e-08,499982.3385373323
700.0,0.875,N2,163.374851164915,0.27473875182466684,499982.3385373323
700.0,0.925,CO2,5.063566771576953e-07,1.8291643189469688e-08,499981.3293108942
700.0,0.925,N2,162.29065938067774,0.27248819708676797,499981.3293108942
700.0,0.9750000000000001,CO2,1.4694885704559876e-07,5.21734642691352e-09,499980.320084456
700.0,0.9750000000000001,N2,161.27125042747855,0.27039080143049254,499980.320084456
750.0,0.025,CO2,28.665067638803816,0.9291571768848678,499999.49538678094
750.0,0.025,N2,171.46951830107284,0.29500147391304404,499999.49538678094
750.0,0.07500000000000001,CO2,24.754457912155182,0.8328648305263485,499998.48616034276
750.0,0.07500000000000001,N2,171.39230489965578,0.2946790882446433,499998.48616034276
750.0,0.125,CO2,18.294987313230816,0.6627954994053353,499997.47693390463
750.0,0.125,N2,171.2953924454893,0.29430798566274474,499997.47693390463
750.0,0.17500000000000002,CO2,10.90969794126404,0.43784551481929973,499996.46770746645
750.0,0.17500000000000002,N2,171.17631076418652,0.29388450357994916,499996.46770746645
750.0,0.225,CO2,5.240603568426768,0.23056106004426796,499995.4584810283
750.0,0.225,N2,171.03243428019948,0.29340452271290607,499995.4584810283
750.0,0.275,CO2,2.1568030366471413,0.09961363491156107,499994.44925459014
750.0,0.275,N2,170.8609735698625,0.2928636420939513,499994.44925459014
750.0,0.325,CO2,0.8116379231036484,0.037855940043866415,499993.440028152
750.0,0.325,N2,170.65896981387218,0.29225722460051246,499993.440028152
750.0,0.375,CO2,0.29009033784740423,0.013384897490141115,499992.43080171384
750.0,0.375,N2,170.42329063238853,0.291580412677815,499992.43080171384
750.0,0.42500000000000004,CO2,0.10021205777348673,0.004536259191490057,499991.4215752757
750.0,0.42500000000000004,N2,170.1506268610313,0.2908281346159985,499991.4215752757
750.0,0.47500000000000003,CO2,0.03372015533070697,0.001493493351477396,499990.41234883753
750.0,0.47500000000000003,N2,169.83749015530972,0.28999510729796424,499990.41234883753
750.0,0.525,CO2,0.011094383443873614,0.00048057127022844314,499989.4031223994
750.0,0.525,N2,169.48021144190665,0.28907583759715527,499989.4031223994
750.0,0.5750000000000001,CO2,0.003577350226968681,0.00015160483125935902,499988.3938959612
750.0,0.5750000000000001,N2,169.0749403029144,0.2880646234933511,499988.3938959612
750.0,0.625,CO2,0.001132389197521855,4.698060053799737e-05,499987.3846695231
750.0,0.625,N2,168.61764547940172,0.286955555747559,499987.3846695231
750.0,0.675,CO2,0.000352377888935023,1.4322214168874204e-05,499986.3754430849
750.0,0.675,N2,168.10411722656048,0.28574252163439184,499986.3754430849
750.0,0.7250000000000001,CO2,0.00010792589329251355,4.300465275428751e-06,499985.3662166468
750.0,0.7250000000000001,N2,167.52997591556195,0.2844192180283271,499985.3662166468
750.0,0.775,CO2,3.256981206784961e-05,1.2731921277747991e-06,499984.3569902086
750.0,0.775,N2,166.89071600139883,0.28297922318908136,499984.3569902086
750.0,0.8250000000000001,CO2,9.693912591831022e-06,3.7200975386057574e-07,499983.3477637705
750.0,0.8250000000000001,N2,166.18198144483577,0.2814164747039678,499983.3477637705
750.0,0.875,CO2,2.8481297642326192e-06,1.0736552133329144e-07,499982.3385373323
750.0,0.875,N2,165.4013932175518,0.2797286101804646,499982.3385373323
750.0,0.925,CO2,8.269510719007976e-07,3.063994633793462e-08,499981.3293108942
750.0,0.925,N2,164.56078405403193,0.2779405188719103,499981.3293108942
750.0,0.9750000000000001,CO2,2.441689202543459e-07,8.89460489792753e-09,499980.320084456
750.0,0.9750000000000001,N2,163.76785489884682,0.2762699837454666,499980.320084456
800.0,0.025,CO2,28.944399995578877,0.9367320664470605,499999.49538678094
800.0,0.025,N2,171.48828616439357,0.2953205638038307,499999.49538678094
800.0,0.07500000000000001,CO2,25.57990980978522,0.8548097995177281,499998.48616034276
800.0,0.07500000000000001,N2,171.43452337244057,0.29508636976928715,499998.48616034276
800.0,0.125,CO2,19.702535313872236,0.7035529151128561,499997.47693390463
800.0,0.125,N2,171.3662619903775,0.29481476354286373,499997.47693390463
800.0,0.17500000000000002,CO2,12.425400168735656,0.4895879789346641,499996.46770746645
800.0,0.17500000000000002,N2,171.28156571783916,0.2945026682101084,499996.46770746645
800.0,0.225,CO2,6.298728661624217,0.2738326622418354,499995.4584810283
800.0,0.225,N2,171.17836326225782,0.29414665682477575,499995.4584810283
800.0,0.275,CO2,2.6973674781638546,0.12456290873501334,499994.44925459014
800.0,0.275,N2,171.0544408854425,0.29374306669736244,499994.44925459014
800.0,0.325,CO2,1.0438575105001977,0.049120345972566565,499993.440028152
800.0,0.325,N2,170.90743680874942,0.29328802732194914,499993.440028152
800.0,0.375,CO2,0.3813835564619121,0.017843638185325146,499992.43080171384
800.0,0.375,N2,170.73483646405126,0.29277746841432883,499992.43080171384
800.0,0.42500000000000004,CO2,0.1343482383817883,0.006183217950756897,499991.4215752757
800.0,0.42500000000000004,N2,170.5339682834545,0.2922071215843828,499991.4215752757
800.0,0.47500000000000003,CO2,0.046055345210166895,0.002077193020125112,499990.41234883753
800.0,0.47500000000000003,N2,170.30199992975176,0.2915725195477453,499990.41234883753
800.0,0.525,CO2,0.015431424532971529,0.0006813969356166761,499989.4031223994
800.0,0.525,N2,170.03593495427336,0.2908689942984259,499989.4031223994
800.0,0.5750000000000001,CO2,0.005066195599213681,0.0002190388135253029,499988.3938959612
800.0,0.5750000000000001,N2,169.7326099280749,0.2900916749290384,499988.3938959612
800.0,0.625,CO2,0.001632496839092152,6.91432768181709e-05,499987.3846695231
800.0,0.625,N2,169.38869219581028,0.2892354856622997,499987.3846695231
800.0,0.675,CO2,0.0005170304680103825,2.1465442552922943e-05,499986.3754430849
800.0,0.675,N2,169.0006788553854,0.28829514525226513,499986.3754430849
800.0,0.7250000000000001,CO2,0.00016113579547864825,6.561786420322436e-06,499985.3662166468
800.0,0.7250000000000001,N2,168.56490046080364,0.28726517373866534,499985.3662166468
800.0,0.775,CO2,4.947013711845181e-05,1.977228395032982e-06,499984.3569902086
800.0,0.775,N2,168.07755246644473,0.2861399470344623,499984.3569902086
800.0,0.8250000000000001,CO2,1.4975718155616092e-05,5.878322788357677e-07,499983.3477637705
800.0,0.8250000000000001,N2,167.53490902490466,0.2849140825566006,499983.3477637705
800.0,0.875,CO2,4.474111582601102e-06,1.7257651216012073e-07,499982.3385373323
800.0,0.875,N2,166.93475630240926,0.2835851426873694,499982.3385373323
800.0,0.925,CO2,1.3206532760803578e-06,5.008550763924488e-08,499981.3293108942
800.0,0.925,N2,166.28596837980936,0.2821725709320954,499981.3293108942
800.0,0.9750000000000001,CO2,3.96439642686251e-07,1.478647173238413e-08,499980.320084456
800.0,0.9750000000000001,N2,165.67215918381177,0.28084982304674827,499980.320084456
850.0,0.025,CO2,29.174088356021436,0.9428609987933521,499999.49538678094
850.0,0.025,N2,171.50116758067267,0.29553890681323847,499999.49538678094
850.0,0.07500000000000001,CO2,26.29016872370152,0.8733350649130259,499998.48616034276
850.0,0.07500000000000001,N2,171.46373999037206,0.29536932274467226,499998.48616034276
850.0,0.125,CO2,20.996259391159217,0.7398561611291172,499997.47693390463
850.0,0.125,N2,171.415680538443,0.29517116894616746,499997.47693390463
850.0,0.17500000000000002,CO2,13.950555444538606,0.5394863408702942,499996.46770746645
850.0,0.17500000000000002,N2,171.35548291348582,0.2949418992293074,499996.46770746645
850.0,0.225,CO2,7.465007670174035,0.3197621758368039,499995.4584810283
850.0,0.225,N2,171.28152594009842,0.29467869600187035,499995.4584810283
850.0,0.275,CO2,3.332738340998328,0.15332783233781153,499994.44925459014
850.0,0.275,N2,171.19206703992205,0.294378544449547,499994.44925459014
850.0,0.325,CO2,1.3275785266444575,0.06284245036847735,499993.440028152
850.0,0.325,N2,171.08523686020956,0.2940382491056913,499993.440028152
850.0,0.375,CO2,0.49576019205377536,0.02346603543004802,499992.43080171384
850.0,0.375,N2,170.95903439984718,0.2936544371368685,499992.43080171384
850.0,0.42500000000000004,CO2,0.17796135263285062,0.008311261353867415,499991.4215752757
850.0,0.42500000000000004,N2,170.81132243472462,0.2932235573245769,499991.4215752757
850.0,0.47500000000000003,CO2,0.062096206685969615,0.002846818762325135,499990.41234883753
850.0,0.47500000000000003,N2,170.63982318275356,0.292741877320275,499990.41234883753
850.0,0.525,CO2,0.021168874303783256,0.000951190769275996,499989.4031223994
850.0,0.525,N2,170.44211419864268,0.29220548009994796,499989.4031223994
850.0,0.5750000000000001,CO2,0.007069582145572459,0.00031128766876833654,499988.3938959612
850.0,0.5750000000000001,N2,170.21562451579356,0.29161026005497304,499988.3938959612
850.0,0.625,CO2,0.0023169627503301328,0.000100007426920142,499987.3846695231
850.0,0.625,N2,169.9576311161713,0.2909519190884962,499987.3846695231
850.0,0.675,CO2,0.000746225664397863,3.159033121712258e-05,499986.3754430849
850.0,0.675,N2,169.6652561652682,0.29022596359921143,499986.3754430849
850.0,0.7250000000000001,CO2,0.00023646024037209253,9.823430970167462e-06,499985.3662166468
850.0,0.7250000000000001,N2,169.33546775938046,0.2894277072143074,499985.3662166468
850.0,0.775,CO2,7.379702910561062e-05,3.010363313901475e-06,499984.3569902086
850.0,0.775,N2,168.9651023422819,0.28855231223221095,499984.3569902086
850.0,0.8250000000000001,CO2,2.270521555931576e-05,9.09975744354947e-07,499983.3477637705
850.0,0.8250000000000001,N2,168.55103015871939,0.28759509893796104,499983.3477637705
850.0,0.875,CO2,6.8928145552010685e-06,2.71560026953465e-07,499982.3385373323
850.0,0.875,N2,168.09127414867964,0.2865537187682942,499982.3385373323
850.0,0.925,CO2,2.067018569102359e-06,8.009475723995764e-08,499981.3293108942
850.0,0.925,N2,167.5924685804812,0.28544328476729525,499981.3293108942
850.0,0.9750000000000001,CO2,6.30402719564277e-07,2.4031175912897145e-08,499980.320084456
850.0,0.9750000000000001,N2,167.11924866826106,0.2844011859621253,499980.320084456
900.0,0.025,CO2,29.363081727792487,0.9478311210649988,499999.49538678094
900.0,0.025,N2,171.5100041902023,0.29568822824221486,499999.49538678094
900.0,0.07500000000000001,CO2,26.8985078885702,0.8889357836172574,499998.48616034276
900.0,0.07500000000000001,N2,171.48394863926217,0.2955657866561951,499998.48616034276
900.0,0.125,CO2,22.17105552576956,0.7718985667880655,499997.47693390463
900.0,0.125,N2,171.45012258193847,0.2954216398305146,499997.47693390463
900.0,0.17500000000000002,CO2,15.456222131645633,0.5867773941261949,499996.46770746645
900.0,0.17500000000000002,N2,171.40736207457684,0.29525370714897825,499996.46770746645
900.0,0.225,CO2,8.726806509427718,0.3674859246736372,499995.4584810283
900.0,0.225,N2,171.35440704308286,0.29505969551767736,499995.4584810283
900.0,0.275,CO2,4.069544558369636,0.18588947265855282,499994.44925459014
900.0,0.275,N2,171.28989560445558,0.29483714713196346,499994.44925459014
900.0,0.325,CO2,1.6708137204486868,0.0793292488830499,499993.440028152
900.0,0.325,N2,171.21235910189594,0.2945834487809204,499993.440028152
900.0,0.375,CO2,0.6378195429199554,0.03047584180688645,499992.43080171384
900.0,0.375,N2,171.1202174000578,0.2942958322613621,499992.43080171384
900.0,0.42500000000000004,CO2,0.23319322870362846,0.011031444090757722,499991.4215752757
900.0,0.42500000000000004,N2,171.0117743023015,0.2939713718657884,499991.4215752757
900.0,0.47500000000000003,CO2,0.08275812507645736,0.0038503101597726873,499990.41234883753
900.0,0.47500000000000003,N2,170.88521304915457,0.29360698064295676,499990.41234883753
900.0,0.525,CO2,0.028680186909013153,0.0013093278883001373,499989.4031223994
900.0,0.525,N2,170.73859189931952,0.2931994060338608,499989.4031223994
900.0,0.5750000000000001,CO2,0.009734903769736914,0.00043587146320478963,499988.3938959612
900.0,0.5750000000000001,N2,170.5698398215537,0.2927452251656023,499988.3938959612
900.0,0.625,CO2,0.0032423423615865806,0.00014240271395310464,499987.3846695231
900.0,0.625,N2,170.37675237316793,0.29224084005293055,499987.3846695231
900.0,0.675,CO2,0.0010611100732520022,4.5733413965246824e-05,499986.3754430849
900.0,0.675,N2,170.15698810464113,0.2916824733781877,499986.3754430849
900.0,0.7250000000000001,CO2,0.000341616804149455,1.4455915684070455e-05,499985.3662166468
900.0,0.7250000000000001,N2,169.90806762332244,0.2910661687608147,499985.3662166468
900.0,0.775,CO2,0.00010830356217632949,4.502073264814358e-06,499984.3569902086
900.0,0.775,N2,169.62738952229446,0.29038782215951425,499984.3569902086
900.0,0.8250000000000001,CO2,3.3843678746554276e-05,1.3827408713317841e-06,499983.3477637705
900.0,0.8250000000000001,N2,169.3123579940301,0.2896434286458711,499983.3477637705
900.0,0.875,CO2,1.0433200143462164e-05,4.191785115690995e-07,499982.3385373323
900.0,0.875,N2,168.96125276722069,0.28883081906072017,499982.3385373323
900.0,0.925,CO2,3.176569411010967e-06,1.2556530361871062e-07,499981.3293108942
900.0,0.925,N2,168.5790157393194,0.2879616841042955,499981.3293108942
900.0,0.9750000000000001,CO2,9.836681728702158e-07,3.82637500186605e-08,499980.320084456
900.0,0.9750000000000001,N2,168.21543032936495,0.2871443174037935,499980.320084456
950.0,0.025,CO2,29.518716882502442,0.9518704460375534,499999.49538678094
950.0,0.025,N2,171.5160659616799,0.29579034505635277,499999.49538678094
950.0,0.07500000000000001,CO2,27.41764188788365,0.9020506108425752,499998.48616034276
950.0,0.07500000000000001,N2,171.49792507212754,0.2957021656698428,499998.48616034276
950.0,0.125,CO2,23.226878265733646,0.7999682830666593,499997.47693390463
950.0,0.125,N2,171.4741214772093,0.2955975737088241,499997.47693390463
950.0,0.17500000000000002,CO2,16.916528793309563,0.6309109842169351,499996.46770746645
950.0,0.17500000000000002,N2,171.44376115677957,0.2954748871145353,499996.46770746645
950.0,0.225,CO2,10.066407124393933,0.4160672130475074,499995.4584810283
950.0,0.225,N2,171.40587069815706,0.29533225625681064,499995.4584810283
950.0,0.275,CO2,4.911973131922035,0.22206657995893309,499994.44925459014
950.0,0.275,N2,171.35939240513028,0.2951676943584633,499994.44925459014
950.0,0.325,CO2,2.081923178533962,0.09886186302180948,499993.440028152
950.0,0.325,N2,171.30317984034244,0.294979082213924,499993.440028152
950.0,0.375,CO2,0.8128143357475967,0.039119994631345106,499992.43080171384
950.0,0.375,N2,171.23599349785187,0.29476416694208324,499992.43080171384
950.0,0.42500000000000004,CO2,0.30257732719678504,0.014473991677867276,499991.4215752757
950.0,0.42500000000000004,N2,171.15649650753878,0.29452055873552896,499991.4215752757
950.0,0.47500000000000003,CO2,0.10914447579284726,0.005145531033349389,499990.41234883753
950.0,0.47500000000000003,N2,171.06325033129824,0.2942457267239005,499990.41234883753
950.0,0.525,CO2,0.03842193598119612,0.0017796392604474106,499989.4031223994
950.0,0.525,N2,170.95471043465682,0.29393699434188475,499989.4031223994
950.0,0.5750000000000001,CO2,0.013244774587970538,0.0006021880259497464,499988.3938959612
950.0,0.5750000000000001,N2,170.82922193878807,0.29359153438605323,499988.3938959612
950.0,0.625,CO2,0.004479664959326512,0.00019991997068258746,499987.3846695231
950.0,0.625,N2,170.6850153067589,0.29320636393692573,499987.3846695231
950.0,0.675,CO2,0.0014886198264537482,6.523048093007042e-05,499986.3754430849
950.0,0.675,N2,170.52020234261704,0.29277833966768013,499986.3754430849
950.0,0.7250000000000001,CO2,0.00048658021823638406,2.0944244818415494e-05,499985.3662166468
950.0,0.7250000000000001,N2,170.33277419555293,0.2923041566752561,499985.3662166468
950.0,0.775,CO2,0.00015660134022109799,6.624535884897052e-06,499984.3569902086
950.0,0.775,N2,170.12061247223656,0.2917803722308241,499984.3569902086
950.0,0.8250000000000001,CO2,4.9671294326681495e-05,2.0659790748784353e-06,499983.3477637705
950.0,0.8250000000000001,N2,169.8815872237242,0.29120360170628884,499983.3477637705
950.0,0.875,CO2,1.5540056708575326e-05,6.358318480561666e-07,499982.3385373323
950.0,0.875,N2,169.6142306531655,0.29057189916865556,499982.3385373323
950.0,0.925,CO2,4.801029662127602e-06,1.933264039242001e-07,499981.3293108942
950.0,0.925,N2,169.32221019327807,0.2898942669741725,499981.3293108942
950.0,0.9750000000000001,CO2,1.5086664378559441e-06,5.980066119242714e-08,499980.320084456
950.0,0.9750000000000001,N2,169.04374081858901,0.28925569523676953,499980.320084456
1000.0,0.025,CO2,29.64700353792354,0.9551605438015719,499999.49538678094
1000.0,0.025,N2,171.52022931314298,0.29586027002556614,499999.49538678094
1000.0,0.07500000000000001,CO2,27.85931526396735,0.9130616602241503,499998.48616034276
1000.0,0.07500000000000001,N2,171.50760043360967,0.2957969053006089,499998.48616034276
1000.0,0.125,CO2,24.167317705694018,0.824406592979946,499997.47693390463
1000.0,0.125,N2,171.4908552719298,0.29572118311719764,499997.47693390463
1000.0,0.17500000000000002,CO2,18.310273787569262,0.6715450069694734,499996.46770746645
1000.0,0.17500000000000002,N2,171.46931080117758,0.295631756046492,499996.46770746645
1000.0,0.225,CO2,11.461931184513587,0.46456595955545354,499995.4584810283
1000.0,0.225,N2,171.44221915571023,0.2955271438457409,499995.4584810283
1000.0,0.275,CO2,5.860902926172648,0.2615046441988335,499994.44925459014
1000.0,0.275,N2,171.4087634398521,0.2954057525204568,499994.44925459014
1000.0,0.325,CO2,2.5692990606147235,0.12167172875405845,499993.440028152
1000.0,0.325,N2,171.3680537832831,0.29526587619871086,499993.440028152
1000.0,0.375,CO2,1.0266702796517473,0.049664662774791674,499992.43080171384
1000.0,0.375,N2,171.31912344457635,0.29510569499377126,499992.43080171384
1000.0,0.42500000000000004,CO2,0.38909268228754695,0.018790021689492113,499991.4215752757
1000.0,0.42500000000000004,N2,171.26092490239088,0.2949232714871035,499991.4215752757
1000.0,0.47500000000000003,CO2,0.1425792852119984,0.0068018442102431905,499990.41234883753
1000.0,0.47500000000000003,N2,171.19232591185138,0.2947165465667698,499990.41234883753
1000.0,0.525,CO2,0.050949673155263026,0.002391250759848036,499989.4031223994
1000.0,0.525,N2,171.11210551445447,0.29448333487194545,499989.4031223994
1000.0,0.5750000000000001,CO2,0.017824185141756512,0.0008219011208154852,499988.3938959612
1000.0,0.5750000000000001,N2,171.01894999503574,0.29422131995859746,499988.3938959612
1000.0,0.625,CO2,0.0061175525411127935,0.00027708058781996357,499987.3846695231
1000.0,0.625,N2,170.91144880535572,0.2939280493069786,499987.3846695231
1000.0,0.675,CO2,0.0020628062108682104,9.178794504264826e-05,499986.3754430849
1000.0,0.675,N2,170.78809064525686,0.2936009295798596,499986.3754430849
1000.0,0.7250000000000001,CO2,0.0006841326765945075,2.991713402807467e-05,499985.3662166468
1000.0,0.7250000000000001,N2,170.6472610062489,0.2932372246450803,499985.3662166468
1000.0,0.775,CO2,0.00022338356187573118,9.60428415304633e-06,499984.3569902086
1000.0,0.775,N2,170.48724982393907,0.2928340734607607,499984.3569902086
1000.0,0.8250000000000001,CO2,7.187543092125784e-05,3.0396228736647688e-06,499983.3477637705
1000.0,0.8250000000000001,N2,170.30632645878106,0.2923886449205895,499983.3477637705
1000.0,0.875,CO2,2.2808107578821034e-05,9.491757833266675e-07,499982.3385373323
1000.0,0.875,N2,170.10325966159954,0.2918992302851132,499982.3385373323
1000.0,0.925,CO2,7.146210392847626e-06,2.927760201150365e-07,499981.3293108942
1000.0,0.925,N2,169.8807637974372,0.2913727320854054,499981.3293108942
1000.0,0.9750000000000001,CO2,2.2775647683176896e-06,9.187824780805822e-08,499980.320084456
1000.0,0.9750000000000001,N2,169.6680861925337,0.29087559375073246,499980.320084456
1050.0,0.025,CO2,29.75285657282582,0.9578461574677488,499999.49538678094
1050.0,0.025,N2,171.52309085015,0.29590818721918405,499999.49538678094
1050.0,0.07500000000000001,CO2,28.23419163273486,0.9222984312708867,499998.48616034276
1050.0,0.07500000000000001,N2,171.5143021389874,0.29586274686877717,499998.48616034276
1050.0,0.125,CO2,24.99871896863623,0.8455761237327192,499997.47693390463
1050.0,0.125,N2,171.5025281149348,0.2958080385368649,499997.47693390463
1050.0,0.17500000000000002,CO2,19.621280025425968,0.7085211135666889,499996.46770746645
1050.0,0.17500000000000002,N2,171.487249449623,0.2957429914800162,499996.46770746645
1050.0,0.225,CO2,12.888898144613245,0.5121055794928834,499995.4584810283
1050.0,0.225,N2,171.4678943814057,0.29566642937021714,499995.4584810283
1050.0,0.275,CO2,6.913155009772376,0.30368241809156205,499994.44925459014
1050.0,0.275,N2,171.4438351563078,0.29557708194709387,499994.44925459014
1050.0,0.325,CO2,3.140908115934773,0.14791333192077213,499993.440028152
1050.0,0.325,N2,171.41438459180765,0.29547358517531896,499993.440028152
1050.0,0.375,CO2,1.2859645699949496,0.06238816128014531,499992.43080171384
1050.0,0.375,N2,171.37879262766123,0.2953544786974292,499992.43080171384
1050.0,0.42500000000000004,CO2,0.49621726474440875,0.024152817269398653,499991.4215752757
1050.0,0.42500000000000004,N2,171.3362428213306,0.2952182023302494,499991.4215752757
1050.0,0.47500000000000003,CO2,0.18464414446682287,0.008901832587506583,499990.41234883753
1050.0,0.47500000000000003,N2,171.2858487747207,0.29506309208918785,499990.41234883753
1050.0,0.525,CO2,0.06693654925924923,0.0031795602338029407,499989.4031223994
1050.0,0.525,N2,171.22665049167662,0.29488737590145103,499989.4031223994
1050.0,0.5750000000000001,CO2,0.02374903488271188,0.0011094026649034867,499988.3938959612
1050.0,0.5750000000000001,N2,171.1576106738554,0.294689169077413,499988.3938959612
1050.0,0.625,CO2,0.008265971905162858,0.0003795406784293612,499987.3846695231
1050.0,0.625,N2,171.07761098152912,0.29446646961817907,499987.3846695231
1050.0,0.675,CO2,0.0028264433846757375,0.00012756974576319397,499986.3754430849
1050.0,0.675,N2,170.9854484095478,0.29421715367459955,499986.3754430849
1050.0,0.7250000000000001,CO2,0.0009505372867374371,4.218298147708787e-05,499985.3662166468
1050.0,0.7250000000000001,N2,170.87983278017947,0.29393897316223944,499985.3662166468
1050.0,0.775,CO2,0.00031470082102340443,1.3736721148796141e-05,499984.3569902086
1050.0,0.775,N2,170.75939203841455,0.2936295691364978,499984.3569902086
1050.0,0.8250000000000001,CO2,0.00010266102975953784,4.4094005399053995e-06,499983.3477637705
1050.0,0.8250000000000001,N2,170.62272957346434,0.29328659363492804,499983.3477637705
1050.0,0.875,CO2,3.302519493568302e-05,1.3963188152540225e-06,499982.3385373323
1050.0,0.875,N2,170.46882451278546,0.29290857049065827,499982.3385373323
1050.0,0.925,CO2,1.0488537168108746e-05,4.3670664886438427e-07,499981.3293108942
1050.0,0.925,N2,170.29967988852428,0.29250077052972173,499981.3293108942
1050.0,0.9750000000000001,CO2,3.38865904575379e-06,1.3896628794909042e-07,499980.320084456
1050.0,0.9750000000000001,N2,170.13762529283537,0.2921149573734883,499980.320084456
1100.0,0.025,CO2,29.840291020539635,0.9600428305938241,499999.49538678094
1100.0,0.025,N2,171.52505602207393,0.2959409939469048,499999.49538678094
1100.0,0.07500000000000001,CO2,28.551773204989967,0.9300427968404591,499998.48616034276
1100.0,0.07500000000000001,N2,171.5189408354165,0.2959084718422616,499998.48616034276
1100.0,0.125,CO2,25.729017725876236,0.8638388705391347,499997.47693390463
1100.0,0.125,N2,171.51066531230873,0.29586902395467357,499997.47693390463
1100.0,0.17500000000000002,CO2,20.83865729067022,0.7418310924528537,499996.46770746645
1100.0,0.17500000000000002,N2,171.49983630689982,0.29582180551181003,499996.46770746645
1100.0,0.225,CO2,14.321963498788623,0.5579257926312335,499995.4584810283
1100.0,0.225,N2,171.48601862809988,0.29576588767336076,499995.4584810283
1100.0,0.275,CO2,8.06100685856131,0.34793718520838024,499994.44925459014
1100.0,0.275,N2,171.46873204322452,0.2957002644009554,499994.44925459014
1100.0,0.325,CO2,3.8037133406695953,0.17763664306613072,499993.440028152
1100.0,0.325,N2,171.44744833337117,0.2956238516314817,499993.440028152
1100.0,0.375,CO2,1.5978561526496446,0.07757017822491902,499992.43080171384
1100.0,0.375,N2,171.4215883082823,0.29553548461758494,499992.43080171384
1100.0,0.42500000000000004,CO2,0.6279792748015239,0.030758305819793722,499991.4215752757
1100.0,0.42500000000000004,N2,171.39051874798287,0.2954339145960407,499991.4215752757
1100.0,0.47500000000000003,CO2,0.2372196326306516,0.01154310434411751,499990.41234883753
1100.0,0.47500000000000003,N2,171.35354925510234,0.2953178051027858,499990.41234883753
1100.0,0.525,CO2,0.0871950027614,0.004187353620624633,499989.4031223994
1100.0,0.525,N2,171.30992900915317,0.29518572803862403,499989.4031223994
1100.0,0.5750000000000001,CO2,0.03135620630929276,0.0014823552782058764,499988.3938959612
1100.0,0.5750000000000001,N2,171.25884342241014,0.2950361595289259,499988.3938959612
1100.0,0.625,CO2,0.011060697604445266,0.0005143338413187602,499987.3846695231
1100.0,0.625,N2,171.1994107191111,0.29486747563012566,499987.3846695231
1100.0,0.675,CO2,0.0038329534009666055,0.00017530167589183338,499986.3754430849
1100.0,0.675,N2,171.13067856580074,0.29467794812501374,499986.3754430849
1100.0,0.7250000000000001,CO2,0.0013063505749561313,5.877346620671058e-05,499985.3662166468
1100.0,0.7250000000000001,N2,171.05162154685596,0.2944657419941681,499985.3662166468
1100.0,0.775,CO2,0.0004382968365715955,1.940389797026673e-05,499984.3569902086
1100.0,0.775,N2,170.9611446694068,0.29422892533979783,499984.3569902086
1100.0,0.8250000000000001,CO2,0.00014488635372854664,6.31391621011037e-06,499983.3477637705
1100.0,0.8250000000000001,N2,170.85812699773203,0.2939655648679876,499983.3477637705
1100.0,0.875,CO2,4.722597884373118e-05,2.026577594627551e-06,499982.3385373323
1100.0,0.875,N2,170.74172900161778,0.29367440163054526,499982.3385373323
1100.0,0.925,CO2,1.519584779279334e-05,6.423545198570119e-07,499981.3293108942
1100.0,0.925,N2,170.61342260993786,0.29335944439125694,499981.3293108942
1100.0,0.9750000000000001,CO2,4.974519097089745e-06,2.0717177382218743e-07,499980.320084456
1100.0,0.9750000000000001,N2,170.4902152164231,0.29306089193127927,499980.320084456
1150.0,0.025,CO2,29.912588244523306,0.9618430625840982,499999.49538678094
1150.0,0.025,N2,171.52640452076028,0.2959634357645755,499999.49538678094
1150.0,0.07500000000000001,CO2,28.820416446247176,0.9365341316404894,499998.48616034276
1150.0,0.07500000000000001,N2,171.52214918884545,0.2959402012687166,499998.48616034276
1150.0,0.125,CO2,26.367028976938496,0.8795416690343947,499997.47693390463
1150.0,0.125,N2,171.51633367969615,0.29591180874124207,499997.47693390463
1150.0,0.17500000000000002,CO2,21.956294501531005,0.7715814275983357,499996.46770746645
1150.0,0.17500000000000002,N2,171.508661568567,0.2958775960095929,499996.46770746645
1150.0,0.225,CO2,15.73674207232397,0.601415939412177,499995.4584810283
1150.0,0.225,N2,171.49880296605846,0.2958368339472451,499995.4584810283
1150.0,0.275,CO2,9.292103404985642,0.39350641829889627,499994.44925459014
1150.0,0.275,N2,171.48639200878958,0.29578873030116926,499994.44925459014
1150.0,0.325,CO2,4.562979706175275,0.21076313106567385,499993.440028152
1150.0,0.325,N2,171.4710243573218,0.29573242835426483,499993.440028152
1150.0,0.375,CO2,1.9699453619445886,0.09547692593177345,499992.43080171384
1150.0,0.375,N2,171.45225464147762,0.2956670043369135,499992.43080171384
1150.0,0.42500000000000004,CO2,0.7890004495730591,0.03882431334892588,499991.4215752757
1150.0,0.42500000000000004,N2,171.42959383325334,0.2955914643580551,499991.4215752757
1150.0,0.47500000000000003,CO2,0.3025308330079629,0.014840101793662991,499990.41234883753
1150.0,0.47500000000000003,N2,171.40250653755888,0.2955047410645395,499990.41234883753
1150.0,0.525,CO2,0.1127018453817807,0.005466064447475885,499989.4031223994
1150.0,0.525,N2,171.37040819279113,0.29540569009498324,499989.4031223994
1150.0,0.5750000000000001,CO2,0.04105542009034372,0.0019623256197110464,499988.3938959612
1150.0,0.5750000000000001,N2,171.33266217402326,0.29529308635574575,499988.3938959612
1150.0,0.625,CO2,0.01466860644329198,0.0006901586821470857,499987.3846695231
1150.0,0.625,N2,171.28857680300138,0.2951656201573663,499987.3846695231
1150.0,0.675,CO2,0.005148704074781314,0.00023839611526372636,499986.3754430849
1150.0,0.675,N2,171.23740234945694,0.2950218933998358,499986.3754430849
1150.0,0.7250000000000001,CO2,0.0017773989239043932,8.099613765734042e-05,499985.3662166468
1150.0,0.7250000000000001,N2,171.17832862868462,0.2948604170595803,499985.3662166468
1150.0,0.775,CO2,0.0006040151502380549,2.709616420584208e-05,499984.3569902086
1150.0,0.775,N2,171.11048719675622,0.29467961847896085,499984.3569902086
1150.0,0.8250000000000001,CO2,0.0002022289548061887,8.933363612817762e-06,499983.3477637705
1150.0,0.8250000000000001,N2,171.0329843784384,0.2944779158922041,499983.3477637705
1150.0,0.875,CO2,6.675826754019898e-05,2.9049069487997424e-06,499982.3385373323
1150.0,0.875,N2,170.94513651062198,0.29425424701882097,499982.3385373323
1150.0,0.925,CO2,2.175336887922737e-05,9.327215342850954e-07,499981.3293108942
1150.0,0.925,N2,170.848022023416,0.2940116488414821,499981.3293108942
1150.0,0.9750000000000001,CO2,7.212283487056214e-06,3.047541506039015e-07,499980.320084456
1150.0,0.9750000000000001,N2,170.7545631664061,0.2937812462469138,499980.320084456
1200.0,0.025,CO2,29.97243266033555,0.9633211274258765,499999.49538678094
1200.0,0.025,N2,171.5273302105825,0.29597879383170456,499999.49538678094
1200.0,0.07500000000000001,CO2,29.047400250169993,0.9419746182535643,499998.48616034276
1200.0,0.07500000000000001,N2,171.5243686625796,0.295962219436466,499998.48616034276
1200.0,0.125,CO2,26.921875910921386,0.8930073084083187,499997.47693390463
1200.0,0.125,N2,171.52028231235218,0.2959418155509681,499997.47693390463
1200.0,0.17500000000000002,CO2,22.972169044277255,0.7979598827240618,499996.46770746645
1200.0,0.17500000000000002,N2,171.51484849112103,0.2959170661630999,499996.46770746645
1200.0,0.225,CO2,17.11129399065279,0.6421283792947909,499995.4584810283
1200.0,0.225,N2,171.50781807809935,0.2958874019832274,499995.4584810283
1200.0,0.275,CO2,10.589872037965463,0.4395803924507761,499994.44925459014
1200.0,0.275,N2,171.49891341480014,0.2958522023678047,499994.44925459014
1200.0,0.325,CO2,5.421522925481094,0.24706978366432775,499993.440028152
1200.0,0.325,N2,171.48782619791152,0.2958107937681126,499993.440028152
1200.0,0.375,CO2,2.410043063960801,0.11634213223310304,499992.43080171384
1200.0,0.375,N2,171.47421530969532,0.29576244731847834,499992.43080171384
1200.0,0.42500000000000004,CO2,0.9845234694528137,0.048588027889071246,499991.4215752757
1200.0,0.42500000000000004,N2,171.4577045727089,0.2957063760756149,499991.4215752757
1200.0,0.47500000000000003,CO2,0.3831961242764233,0.01892579183207406,499990.41234883753
1200.0,0.47500000000000003,N2,171.4378804242924,0.29564173204558236,499990.41234883753
1200.0,0.525,CO2,0.14462714627730625,0.007077181586761527,499989.4031223994
1200.0,0.525,N2,171.41428950963234,0.2955676030398174,499989.4031223994
1200.0,0.5750000000000001,CO2,0.05334320727322653,0.0025755240789250506,499988.3938959612
1200.0,0.5750000000000001,N2,171.38643619387193,0.29548300937674193,499988.3938959612
1200.0,0.625,CO2,0.019293981141950287,0.0009177204503949077,499987.3846695231
1200.0,0.625,N2,171.35378000068476,0.2953869004563101,499987.3846695231
1200.0,0.675,CO2,0.0068557631140976575,0.0003211017199367855,499986.3754430849
1200.0,0.675,N2,171.3157330411166,0.29527815135498103,499986.3754430849
1200.0,0.7250000000000001,CO2,0.0023959565378451064,0.0001104980667397506,499985.3662166468
1200.0,0.7250000000000001,N2,171.27165789039125,0.2951555604283803,499985.3662166468
1200.0,0.775,CO2,0.0008242934375094919,3.743860872607074e-05,499984.3569902086
1200.0,0.775,N2,171.22086897787796,0.29501785460233126,499984.3569902086
1200.0,0.8250000000000001,CO2,0.00027938914265219713,1.2500273650899311e-05,499983.3477637705
1200.0,0.8250000000000001,N2,171.16265760356782,0.29486374731538084,499983.3477637705
1200.0,0.875,CO2,9.336512667969442e-05,4.1161763935364775e-06,499982.3385373323
1200.0,0.875,N2,171.09647162780152,0.2946923506371727,499982.3385373323
1200.0,0.925,CO2,3.0796213226597994e-05,1.3382425497067264e-06,499981.3293108942
1200.0,0.925,N2,171.02309949639087,0.2945059568201341,499981.3293108942
1200.0,0.9750000000000001,CO2,1.0336685639237154e-05,4.4278314367794793e-07,499980.320084456
1200.0,0.9750000000000001,N2,170.95234025506062,0.2943285980369366,499980.320084456
1250.0,0.025,CO2,30.022022768597623,0.9645368565562261,499999.49538678094
1250.0,0.025,N2,171.52796658550912,0.29598932050840654,499999.49538678094
1250.0,0.07500000000000001,CO2,29.2390123990619,0.9465344990897463,499998.48616034276
1250.0,0.07500000000000001,N2,171.52590578093412,0.29597751255943394,499998.48616034276
1250.0,0.125,CO2,27.40253150638416,0.904529573665734,499997.47693390463
1250.0,0.125,N2,171.52303527485526,0.29596286959124496,499997.47693390463
1250.0,0.17500000000000002,CO2,23.887577028105632,0.8212058552034666,499996.46770746645
1250.0,0.17500000000000002,N2,171.51918836413682,0.29594499160629834,499996.46770746645
1250.0,0.225,CO2,18.427243874349468,0.6797764088534493,499995.4584810283
1250.0,0.225,N2,171.5141775649602,0.29592343628711726,499995.4584810283
1250.0,0.275,CO2,11.93438421584246,0.48535768447260097,499994.44925459014
1250.0,0.275,N2,171.50779289400506,0.29589771975377965,499994.44925459014
1250.0,0.325,CO2,6.378970207913423,0.2861842967572535,499993.440028152
1250.0,0.325,N2,171.4998001146994,0.29586731497867147,499993.440028152
1250.0,0.375,CO2,2.925837311710279,0.14034487735567824,499992.43080171384
1250.0,0.375,N2,171.4899389194003,0.2958316496038731,499992.43080171384
1250.0,0.42500000000000004,CO2,1.2204155991764543,0.06030123784959122,499991.4215752757
1250.0,0.42500000000000004,N2,171.47792103591746,0.2957901035009305,499991.4215752757
1250.0,0.47500000000000003,CO2,0.4822779837697546,0.023953073624811312,499990.41234883753
1250.0,0.47500000000000003,N2,171.4634282519491,0.29574200616253027,499990.41234883753
1250.0,0.525,CO2,0.18436702880312664,0.009093782938702569,499989.4031223994
1250.0,0.525,N2,171.44611035384384,0.2956866339520418,499989.4031223994
1250.0,0.5750000000000001,CO2,0.06881917734731258,0.003353654419334312,499988.3938959612
1250.0,0.5750000000000001,N2,171.42558297979946,0.2956232072200946,499988.3938959612
1250.0,0.625,CO2,0.025185922141963277,0.00121013102950333,499987.3846695231
1250.0,0.625,N2,171.4014253973516,0.2955508873068438,499987.3846695231
1250.0,0.675,CO2,0.009055154943672813,0.00042868040761933387,499986.3754430849
1250.0,0.675,N2,171.3731782631349,0.2954687735449231,499986.3754430849
1250.0,0.7250000000000001,CO2,0.0032021458311900395,0.0001493416776115035,499985.3662166468
1250.0,0.7250000000000001,N2,171.3403417278774,0.2953759010394465,499985.3662166468
1250.0,0.775,CO2,0.0011147547672361844,5.122280375695074e-05,499984.3569902086
1250.0,0.775,N2,171.3023762476486,0.29527124445878694,499984.3569902086
1250.0,0.8250000000000001,CO2,0.00038233512391014785,1.731252730083022e-05,499983.3477637705
1250.0,0.8250000000000001,N2,171.25872150168126,0.2951537629251404,499983.3477637705
1250.0,0.875,CO2,0.00012928462450107023,5.770396393371865e-06,499982.3385373323
1250.0,0.875,N2,171.208933446898,0.29502272034999516,499982.3385373323
1250.0,0.925,CO2,4.314921903550315e-05,1.8988434832571698e-06,499981.3293108942
1250.0,0.925,N2,171.1535861364926,0.2948798408290102,499981.3293108942
1250.0,0.9750000000000001,CO2,1.4656181870048284e-05,6.359595318919554e-07,499980.320084456
1250.0,0.9750000000000001,N2,171.10009768425851,0.29474363254830904,499980.320084456
1300.0,0.025,CO2,30.06315991059153,0.9655385230662971,499999.49538678094
1300.0,0.025,N2,171.5284042784916,0.2959965391076422,499999.49538678094
1300.0,0.07500000000000001,CO2,29.40065716335888,0.9503568614841396,499998.48616034276
1300.0,0.07500000000000001,N2,171.52697077112558,0.29598813819247644,499998.48616034276
1300.0,0.125,CO2,27.81755347739084,0.9143717242342501,499997.47693390463
1300.0,0.125,N2,171.5249552584249,0.29597764401046767,499997.47693390463
1300.0,0.17500000000000002,CO2,24.706262526028258,0.8415863000032796,499996.46770746645
1300.0,0.17500000000000002,N2,171.52223331776605,0.2959647479862361,499996.46770746645
1300.0,0.225,CO2,19.67037545932409,0.7142182588473264,499995.4584810283
1300.0,0.225,N2,171.5186642894507,0.29594910800596524,499995.4584810283
1300.0,0.275,CO2,13.303683331690646,0.5300971467745887,499994.44925459014
1300.0,0.275,N2,171.51408986825248,0.29593034848642913,499994.44925459014
1300.0,0.325,CO2,7.431148131644394,0.3275952520729964,499993.440028152
1300.0,0.325,N2,171.50833265481344,0.29590805886060706,499993.440028152
1300.0,0.375,CO2,3.5244340612177405,0.16758533783520305,499992.43080171384
1300.0,0.375,N2,171.50119464766308,0.295881791643966,499992.43080171384
1300.0,0.42500000000000004,CO2,1.5031331950277067,0.07422251737811521,499991.4215752757
1300.0,0.42500000000000004,N2,171.49245566803376,0.29585106030662917,499991.4215752757
1300.0,0.47500000000000003,CO2,0.6033337688681232,0.030095637393241666,499990.41234883753
1300.0,0.47500000000000003,N2,171.48187171207138,0.2958153370099336,499990.41234883753
1300.0,0.525,CO2,0.23358103303266786,0.011602184324198883,499989.4031223994
1300.0,0.525,N2,171.46917322518163,0.2957740502234847,499989.4031223994
1300.0,0.5750000000000001,CO2,0.08820518863154962,0.004334896746046965,499988.3938959612
1300.0,0.5750000000000001,N2,171.45406329373412,0.29572658222748366,499988.3938959612
1300.0,0.625,CO2,0.03264718886933125,0.0015833830563268686,499987.3846695231
1300.0,0.625,N2,171.43621575531446,0.29567226651289946,499987.3846695231
1300.0,0.675,CO2,0.011870769729351142,0.0005676195264396239,499986.3754430849
1300.0,0.675,N2,171.4152732665918,0.2956103851684678,499986.3754430849
1300.0,0.7250000000000001,CO2,0.004245626983769298,0.00020009637562485417,499985.3662166468
1300.0,0.7250000000000001,N2,171.3908456061848,0.2955401668630302,499985.3662166468
1300.0,0.775,CO2,0.0014949251462100463,6.944545589735731e-05,499984.3569902086
1300.0,0.775,N2,171.3625100266748,0.2954607895126422,499984.3569902086
1300.0,0.8250000000000001,CO2,0.000518602586725343,2.3749332694651375e-05,499983.3477637705
1300.0,0.8250000000000001,N2,171.329825434776,0.29537141494050273,499983.3477637705
1300.0,0.875,CO2,0.00017737272117275738,8.009194500071697e-06,499982.3385373323
1300.0,0.875,N2,171.29243662703078,0.2952714371822359,499982.3385373323
1300.0,0.925,CO2,5.987647921201079e-05,2.6665172517883986e-06,499981.3293108942
1300.0,0.925,N2,171.25075979368196,0.29516214850002975,499981.3293108942
1300.0,0.9750000000000001,CO2,2.0573201658710643e-05,9.036535223253719e-07,499980.320084456
1300.0,0.9750000000000001,N2,171.21039958198364,0.2950577690474531,499980.320084456
1350.0,0.025,CO2,30.097320403872075,0.9663651375692377,499999.49538678094
1350.0,0.025,N2,171.528704969949,0.2960014828367802,499999.49538678094
1350.0,0.07500000000000001,CO2,29.53695697945895,0.9535617535382797,499998.48616034276
1350.0,0.07500000000000001,N2,171.52770796043328,0.2959955142869243,499998.48616034276
1350.0,0.125,CO2,28.174920683725542,0.9227670079201546,499997.47693390463
1350.0,0.125,N2,171.52629324985656,0.2959880040038638,499997.47693390463
1350.0,0.17500000000000002,CO2,25.433674673531154,0.8593776776996177,499996.46770746645
1350.0,0.17500000000000002,N2,171.52436823956108,0.2959787150007248,499996.46770746645
1350.0,0.225,CO2,20.83066199999919,0.7454333243522909,499995.4584810283
1350.0,0.225,N2,171.52182770841335,0.295967383780866,499995.4584810283
1350.0,0.275,CO2,14.675323308758474,0.5731585675891463,499994.44925459014
1350.0,0.275,N2,171.51855266512158,0.29595372002643827,499994.44925459014
1350.0,0.325,CO2,8.569770473071937,0.3706777396225312,499993.440028152
1350.0,0.325,N2,171.51440915826797,0.2959374052121168,499993.440028152
1350.0,0.375,CO2,4.211791399935713,0.19806133498130818,499992.43080171384
1350.0,0.375,N2,171.50924703092534,0.29591809092041266,499992.43080171384
1350.0,0.42500000000000004,CO2,1.839630497580447,0.0906059072880647,499991.4215752757
1350.0,0.42500000000000004,N2,171.50289861492527,0.29589539700764955,499991.4215752757
1350.0,0.47500000000000003,CO2,0.7504610041452073,0.037547927257861914,499990.41234883753
1350.0,0.47500000000000003,N2,171.49517736222575,0.29586890965851154,499990.41234883753
1350.0,0.525,CO2,0.29423330340276543,0.014703640750305894,499989.4031223994
1350.0,0.525,N2,171.48587641142544,0.2958381793388443,499989.4031223994
1350.0,0.5750000000000001,CO2,0.11236755875815872,0.005565027584415774,499988.3938959612
1350.0,0.5750000000000001,N2,171.47476708749502,0.29580271864904084,499988.3938959612
1350.0,0.625,CO2,0.042044631567354544,0.002056906645044332,499987.3846695231
1350.0,0.625,N2,171.46159733550118,0.2957620000866639,499987.3846695231
1350.0,0.675,CO2,0.015454015121853319,0.0007458841920868043,499986.3754430849
1350.0,0.675,N2,171.4460901148239,0.2957154537865161,499986.3754430849
1350.0,0.7250000000000001,CO2,0.005587620163833481,0.0002659483849333068,499985.3662166468
1350.0,0.7250000000000001,N2,171.42794195939024,0.29566246571249455,499985.3662166468
1350.0,0.775,CO2,0.0019890971903224015,9.335506583872885e-05,499984.3569902086
1350.0,0.775,N2,171.40682308233696,0.2956023794870849,499984.3569902086
1350.0,0.8250000000000001,CO2,0.0006976576013037504,3.2290658542339866e-05,499983.3477637705
1350.0,0.8250000000000001,N2,171.38238799955033,0.29553452305575556,499983.3477637705
1350.0,0.875,CO2,0.00024125322654504228,1.101375853490277e-05,499982.3385373323
1350.0,0.875,N2,171.35435462308013,0.2954584006479364,499982.3385373323
1350.0,0.925,CO2,8.234228130824394e-05,3.7085123074121095e-06,499981.3293108942
1350.0,0.925,N2,171.323024202048,0.2953749774845584,499981.3293108942
1350.0,0.9750000000000001,CO2,2.8609291231218005e-05,1.2712028861150507e-06,499980.320084456
1350.0,0.9750000000000001,N2,171.29262353553756,0.29529515449072413,499980.320084456
1400.0,0.025,CO2,30.125715679341585,0.9670483094970325,499999.49538678094
1400.0,0.025,N2,171.52891134860903,0.2960048652045311,499999.49538678094
1400.0,0.07500000000000001,CO2,29.651848316874645,0.9562497167201129,499998.48616034276
1400.0,0.07500000000000001,N2,171.52821780356933,0.29600063000272203,499998.48616034276
1400.0,0.125,CO2,28.48193271955973,0.9299202152214363,499997.47693390463
1400.0,0.125,N2,171.5272248933553,0.2959952619776327,499997.47693390463
1400.0,0.17500000000000002,CO2,26.076363938906404,0.8748531494743524,499996.46770746645
1400.0,0.17500000000000002,N2,171.5258638913546,0.29598857987583244,499996.46770746645
1400.0,0.225,CO2,21.90207361005231,0.7734957720376492,499995.4584810283
1400.0,0.225,N2,171.52405630513354,0.29598038154987405,499995.4584810283
1400.0,0.275,CO2,16.02776634684837,0.6140283521782341,499994.44925459014
1400.0,0.275,N2,171.52171294786322,0.29597044346050716,499994.44925459014
1400.0,0.325,CO2,9.782453075860495,0.4147316820823024,499993.440028152
1400.0,0.325,N2,171.51873296881797,0.2959585194448357,499993.440028152
1400.0,0.375,CO2,4.992064042277944,0.231649219606573,499992.43080171384
1400.0,0.375,N2,171.51500283314914,0.29594433926872465,499992.43080171384
1400.0,0.42500000000000004,CO2,2.2371983678814176,0.10968588633937792,499991.4215752757
1400.0,0.42500000000000004,N2,171.51039524639688,0.29592760706209376,499991.4215752757
1400.0,0.47500000000000003,CO2,0.9283332193605792,0.04652377389985356,499990.41234883753
1400.0,0.47500000000000003,N2,171.5047680208942,0.2959079996614722,499990.41234883753
1400.0,0.525,CO2,0.3686376295946451,0.01851600532882634,499989.4031223994
1400.0,0.525,N2,171.49796288229544,0.2958851648654515,499989.4031223994
1400.0,0.5750000000000001,CO2,0.14234275176127392,0.0070986777797729,499988.3938959612
1400.0,0.5750000000000001,N2,171.4898042158843,0.2958587196041327,499988.3938959612
1400.0,0.625,CO2,0.05382148216991026,0.0026542188270157353,499987.3846695231
1400.0,0.625,N2,171.4800977562471,0.2958282480289586,499987.3846695231
1400.0,0.675,CO2,0.019989340826996133,0.0009732161036164641,499986.3754430849
1400.0,0.675,N2,171.46862924503102,0.29579329957551304,499986.3754430849
1400.0,0.7250000000000001,CO2,0.00730331937843433,0.00035083189825380425,499985.3662166468
1400.0,0.7250000000000001,N2,171.45516321825983,0.29575338736774337,499985.3662166468
1400.0,0.775,CO2,0.002627366098027878,0.00012450801718804695,499984.3569902086
1400.0,0.775,N2,171.4394429770548,0.2957079894374965,499984.3569902086
1400.0,0.8250000000000001,CO2,0.0009313343784281545,4.354075736612184e-05,499983.3477637705
1400.0,0.8250000000000001,N2,171.4211985706207,0.29565656916959526,499983.3477637705
1400.0,0.875,CO2,0.00032549989222497775,1.5014525577316534e-05,499982.3385373323
1400.0,0.875,N2,171.4002067739921,0.29559872332460596,499982.3385373323
1400.0,0.925,CO2,0.00011228566899023997,5.111255146002976e-06,499981.3293108942
1400.0,0.925,N2,171.37668492931465,0.2955351704510397,499981.3293108942
1400.0,0.9750000000000001,CO2,3.943613893433587e-05,1.7715248155910302e-06,499980.320084456
1400.0,0.9750000000000001,N2,171.35381636946096,0.2954742488529937,499980.320084456
1450.0,0.025,CO2,30.14934162723351,0.9676137309349471,499999.49538678094
1450.0,0.025,N2,171.5290531412487,0.2960071819812546,499999.49538678094
1450.0,0.07500000000000001,CO2,29.748673550150688,0.9585048677643166,499998.48616034276
1450.0,0.07500000000000001,N2,171.52857064611072,0.29600417957609826,499998.48616034276
1450.0,0.125,CO2,28.745174841282747,0.9360097804722161,499997.47693390463
1450.0,0.125,N2,171.52787383701786,0.2960003466435445,499997.47693390463
1450.0,0.17500000000000002,CO2,26.6414491710342,0.8882739277982085,499996.46770746645
1450.0,0.17500000000000002,N2,171.52691183392872,0.29599554508475495,499996.46770746645
1450.0,0.225,CO2,22.88205708702911,0.7985491633933719,499995.4584810283
1450.0,0.225,N2,171.52562623334614,0.295989620384341,499995.4584810283
1450.0,0.275,CO2,17.341680758513522,0.6523297049591632,499994.44925459014
1450.0,0.275,N2,171.5239503613842,0.29598240104375195,499994.44925459014
1450.0,0.325,CO2,11.053197735609457,0.4590277593628817,499993.440028152
1450.0,0.325,N2,171.52180848957977,0.29597369751024905,499993.440028152
1450.0,0.375,CO2,5.866918391901109,0.26809283035201065,499992.43080171384
1450.0,0.375,N2,171.5191150065493,0.2959633009474528,499992.43080171384
1450.0,0.42500000000000004,CO2,2.703213758333132,0.1316588779215628,499991.4215752757
1450.0,0.42500000000000004,N2,171.5157735418384,0.29595098191259445,499991.4215752757
1450.0,0.47500000000000003,CO2,1.1422175877859717,0.05725318988816915,499990.41234883753
1450.0,0.47500000000000003,N2,171.5116760389109,0.2959364889559761,499990.41234883753
1450.0,0.525,CO2,0.45950512505872726,0.023175209910798914,499989.4031223994
1450.0,0.525,N2,171.5067017742734,0.29591954714566177,499989.4031223994
1450.0,0.5750000000000001,CO2,0.17936680032475655,0.009000723428661254,499988.3938959612
1450.0,0.5750000000000001,N2,171.5007163201766,0.29589985651759904,499988.3938959612
1450.0,0.625,CO2,0.06851178492914423,0.0034036772904409676,499987.3846695231
1450.0,0.625,N2,171.49357045135542,0.29587709045590355,499987.3846695231
1450.0,0.675,CO2,0.025700789918972972,0.0012614866063276504,499986.3754430849
1450.0,0.675,N2,171.48509901359873,0.2958508940443513,499986.3754430849
1450.0,0.7250000000000001,CO2,0.009484770731336732,0.00045958542582921736,499985.3662166468
1450.0,0.7250000000000001,N2,171.47511987877039,0.2958208826755035,499985.3662166468
1450.0,0.775,CO2,0.00344687071262623,0.00016483588122008784,499984.3569902086
1450.0,0.775,N2,171.46343379372234,0.2957866428339209,499984.3569902086
1450.0,0.8250000000000001,CO2,0.0012343623948978999,5.8256574991071065e-05,499983.3477637705
1450.0,0.8250000000000001,N2,171.44983032083496,0.29574774772641144,499983.3477637705
1450.0,0.875,CO2,0.0004358570033525042,2.0302966612511702e-05,499982.3385373323
1450.0,0.875,N2,171.4341332207571,0.2957038711531899,499982.3385373323
1450.0,0.925,CO2,0.00015191139928113936,6.985158903724272e-06,499981.3293108942
1450.0,0.925,N2,171.41649837487344,0.2956555463235339,499981.3293108942
1450.0,0.9750000000000001,CO2,5.391372168135005e-05,2.4471091067250234e-06,499980.320084456
1450.0,0.9750000000000001,N2,171.39931954345624,0.295609138277686,499980.320084456
1500.0,0.025,CO2,30.16901791755306,0.9680823295129671,499999.49538678094
1500.0,0.025,N2,171.52915070979904,0.29600877152422694,499999.49538678094
1500.0,0.07500000000000001,CO2,29.830264419300196,0.9603975638341915,499998.48616034276
1500.0,0.07500000000000001,N2,171.5288151160372,0.2960066447738223,499998.48616034276
1500.0,0.125,CO2,28.97052094864655,0.9411902513287893,499997.47693390463
1500.0,0.125,N2,171.5283262425886,0.2960039103470873,499997.47693390463
1500.0,0.17500000000000002,CO2,27.136231346707266,0.899883855803457,499996.46770746645
1500.0,0.17500000000000002,N2,171.52764650827302,0.2960004633946001,499996.46770746645
1500.0,0.225,CO2,23.770941108018178,0.8207837694151304,499995.4584810283
1500.0,0.225,N2,171.5267325587159,0.29599618621020923,499995.4584810283
1500.0,0.275,CO2,18.600789855965164,0.6878195746417938,499994.44925459014
1500.0,0.275,N2,171.52553466833118,0.2959909476637659,499994.44925459014
1500.0,0.325,CO2,12.363260977600945,0.5028546690040994,499993.440028152
1500.0,0.325,N2,171.52399610895532,0.2959846022852543,499993.440028152
1500.0,0.375,CO2,6.8348982416472,0.30700382631104856,499992.43080171384
1500.0,0.375,N2,171.52205248034022,0.2959769892309223,499992.43080171384
1500.0,0.42500000000000004,CO2,3.2447862170507054,0.1566621641118781,499991.4215752757
1500.0,0.42500000000000004,N2,171.5196310000648,0.2959679311742721,499991.4215752757
1500.0,0.47500000000000003,CO2,1.397963772831473,0.06997674047201564,499990.41234883753
1500.0,0.47500000000000003,N2,171.51664975095815,0.29595723313164185,499990.41234883753
1500.0,0.525,CO2,0.5699927631382465,0.028836366856261224,499989.4031223994
1500.0,0.525,N2,171.5130168840524,0.2959446812237067,499989.4031223994
1500.0,0.5750000000000001,CO2,0.2249087246014607,0.011347794822312109,499988.3938959612
1500.0,0.5750000000000001,N2,171.50862977485872,0.295930041372284,499988.3938959612
1500.0,0.625,CO2,0.08675731830773603,0.004339351883863491,499987.3846695231
1500.0,0.625,N2,171.50337413193859,0.29591305793547407,499987.3846695231
1500.0,0.675,CO2,0.032859777096935036,0.0016251140017593505,499986.3754430849
1500.0,0.675,N2,171.49712306852825,0.2958934523128236,499986.3754430849
1500.0,0.7250000000000001,CO2,0.012244311207554003,0.0005981384736026002,499985.3662166468
1500.0,0.7250000000000001,N2,171.4897362282738,0.29587092174286184,499985.3662166468
1500.0,0.775,CO2,0.004493283255356029,0.0002167263140003028,499984.3569902086
1500.0,0.775,N2,171.48105957541802,0.2958451397748459,499984.3569902086
1500.0,0.8250000000000001,CO2,0.0016250022140283688,7.738210735095497e-05,499983.3477637705
1500.0,0.8250000000000001,N2,171.47092979138318,0.29581576818060307,499983.3477637705
1500.0,0.875,CO2,0.0005795069507398213,2.7245932755987243e-05,499982.3385373323
1500.0,0.875,N2,171.45920851677408,0.29578254435827595,499982.3385373323
1500.0,0.925,CO2,0.00020400098974663618,9.470520487556257e-06,499981.3293108942
1500.0,0.925,N2,171.44600726122343,0.29574586272157094,499981.3293108942
1500.0,0.9750000000000001,CO2,7.313722210582431e-05,3.352482629151119e-06,499980.320084456
1500.0,0.9750000000000001,N2,171.43312300965715,0.2957105727315536,499980.320084456
1550.0,0.025,CO2,30.185419968314203,0.9684711863003163,499999.49538678094
1550.0,0.025,N2,171.52921784852043,0.29600986205687796,499999.49538678094
1550.0,0.07500000000000001,CO2,29.899016266037112,0.9619866679646618,499998.48616034276
1550.0,0.07500000000000001,N2,171.5289845165113,0.2960083570327629,499998.48616034276
1550.0,0.125,CO2,29.163163662447104,0.9455949056561394,499997.47693390463
1550.0,0.125,N2,171.52864167289488,0.296006408215388,499997.47693390463
1550.0,0.17500000000000002,CO2,27.56790332645368,0.9099063602167043,499996.46770746645
1550.0,0.17500000000000002,N2,171.52816161829105,0.2960039362602299,499996.46770746645
1550.0,0.225,CO2,24.571296911699143,0.8404173206548697,499995.4584810283
1550.0,0.225,N2,171.52751223978532,0.2960008517863278,499995.4584810283
1550.0,0.275,CO2,19.792360258708868,0.7203764660059034,499994.44925459014
1550.0,0.275,N2,171.52665653469165,0.29599705484601074,499994.44925459014
1550.0,0.325,CO2,13.692333261055628,0.5455614581259147,499993.440028152
1550.0,0.325,N2,171.52555210494444,0.29599243415201426,499993.440028152
1550.0,0.375,CO2,7.890946269361073,0.34787452507848565,499992.43080171384
1550.0,0.375,N2,171.52415061840512,0.29598686621542836,499992.43080171384
1550.0,0.42500000000000004,CO2,3.8682991432098284,0.18475209082501126,499991.4215752757
1550.0,0.42500000000000004,N2,171.52239723497124,0.2959802144225591,499991.4215752757
1550.0,0.47500000000000003,CO2,1.701952367958386,0.0849370999963181,499990.41234883753
1550.0,0.47500000000000003,N2,171.52022999594237,0.2959723280567147,499990.41234883753
1550.0,0.525,CO2,0.7037501748367805,0.03567424535284594,499989.4031223994
1550.0,0.525,N2,171.5175791754674,0.29596304126528616,499989.4031223994
1550.0,0.5750000000000001,CO2,0.28070792656381993,0.01422986062195392,499988.3938959612
1550.0,0.5750000000000001,N2,171.5143665933301,0.2959521719711225,499988.3938959612
1550.0,0.625,CO2,0.10932724848527155,0.005502017165684514,499987.3846695231
1550.0,0.625,N2,171.51050488975008,0.29593952072994734,499987.3846695231
1550.0,0.675,CO2,0.041794243974383506,0.002081551337113069,499986.3754430849
1550.0,0.675,N2,171.50589677188077,0.2959248695577721,499986.3754430849
1550.0,0.7250000000000001,CO2,0.015718640941921592,0.0007737321817803542,499985.3662166468
1550.0,0.7250000000000001,N2,171.50043430191988,0.29590798089992953,499985.3662166468
1550.0,0.775,CO2,0.005822580799982755,0.000283119298370371,499984.3569902086
1550.0,0.775,N2,171.4939986890655,0.29588859788480437,499984.3569902086
1550.0,0.8250000000000001,CO2,0.0021258046794959077,0.0001020895024116872,499983.3477637705
1550.0,0.8250000000000001,N2,171.4864635674076,0.2958664533727124,499983.3477637705
1550.0,0.875,CO2,0.0007653912582907842,3.630291864511947e-05,499982.3385373323
1550.0,0.875,N2,171.47772082074576,0.2958413369004128,499982.3385373323
1550.0,0.925,CO2,0.0002720467053533935,1.2744663237047167e-05,499981.3293108942
1550.0,0.925,N2,171.4678501255978,0.2958135392885583,499981.3293108942
1550.0,0.9750000000000001,CO2,9.849400786389988e-05,4.557216154240538e-06,499980.320084456
1550.0,0.9750000000000001,N2,171.4581988235088,0.29578674859607773,499980.320084456
1600.0,0.025,CO2,30.199104718584334,0.968794261279038,499999.49538678094
1600.0,0.025,N2,171.52926396592494,0.29601060874515656,499999.49538678094
1600.0,0.07500000000000001,CO2,29.95695228992055,0.9633214157810124,499998.48616034276
1600.0,0.07500000000000001,N2,171.52910174130264,0.2960095448733021,499998.48616034276
1600.0,0.125,CO2,29.327662463014168,0.9493383202418806,499997.47693390463
1600.0,0.125,N2,171.52886136709915,0.29600815747987946,499997.47693390463
1600.0,0.17500000000000002,CO2,27.943352287853035,0.9185434131860174,499996.46770746645
1600.0,0.17500000000000002,N2,171.5285224687855,0.2960063867066815,499996.46770746645
1600.0,0.225,CO2,25.28732598867743,0.8576798745112336,499995.4584810283
1600.0,0.225,N2,171.52806130943742,0.29600416488524917,499995.4584810283
1600.0,0.275,CO2,20.907321550340544,0.7499815175415082,499994.44925459014
1600.0,0.275,N2,171.52745041249645,0.2960014160624167,499994.44925459014
1600.0,0.325,CO2,15.019857428263796,0.5865903037236588,499993.440028152
1600.0,0.325,N2,171.52665815939648,0.29599805535536533,499993.440028152
1600.0,0.375,CO2,9.026176271045268,0.39010401984610743,499992.43080171384
1600.0,0.375,N2,171.5256483591933,0.295993988238265,499992.43080171384
1600.0,0.42500000000000004,CO2,4.578849253124729,0.21588385804327595,499991.4215752757
1600.0,0.42500000000000004,N2,171.52437978825097,0.29598910977879156,499991.4215752757
1600.0,0.47500000000000003,CO2,2.060985926858031,0.102367198929966,499990.41234883753
1600.0,0.47500000000000003,N2,171.52280569821434,0.2959833038280857,499990.41234883753
1600.0,0.525,CO2,0.8649604586240371,0.043882742190337075,499989.4031223994
1600.0,0.525,N2,171.5208732905867,0.2959764421639973,499989.4031223994
1600.0,0.5750000000000001,CO2,0.34881563873103977,0.01775183383018007,499988.3938959612
1600.0,0.5750000000000001,N2,171.5185231565874,0.29596838358663147,499988.3938959612
1600.0,0.625,CO2,0.1371410460871862,0.006940282238794551,499987.3846695231
1600.0,0.625,N2,171.51568868246892,0.2959589729673607,499987.3846695231
1600.0,0.675,CO2,0.052899524874032364,0.002651860563468166,499986.3754430849
1600.0,0.675,N2,171.51229542825246,0.2959480402694741,499986.3754430849
1600.0,0.7250000000000001,CO2,0.02007369332046251,0.0009951825343672682,499985.3662166468
1600.0,0.7250000000000001,N2,171.50826053487407,0.2959353996724696,499985.3662166468
1600.0,0.775,CO2,0.007503173542575348,0.0003676227871151214,499984.3569902086
1600.0,0.775,N2,171.50349251332355,0.2959208496796141,499984.3569902086
1600.0,0.8250000000000001,CO2,0.0027645267937374514,0.000133828727086153,499983.3477637705
1600.0,0.8250000000000001,N2,171.4978936754764,0.2959041799729761,499983.3477637705
1600.0,0.875,CO2,0.001004599664924482,4.8047042785133213e-05,499982.3385373323
1600.0,0.875,N2,171.49137959505762,0.2958852225842563,499982.3385373323
1600.0,0.925,CO2,0.0003604148366552882,1.7030672637023938e-05,499981.3293108942
1600.0,0.925,N2,171.48400681768214,0.2958641912819527,499981.3293108942
1600.0,0.9750000000000001,CO2,0.00013173350817854686,6.149628059973826e-06,499980.320084456
1600.0,0.9750000000000001,N2,171.47678444281684,0.2958438859630374,499980.320084456
1650.0,0.025,CO2,30.21053194676243,0.9690629864451231,499999.49538678094
1650.0,0.025,N2,171.5292956203808,0.2960111196040444,499999.49538678094
1650.0,0.07500000000000001,CO2,30.005778933461592,0.9644429785662448,499998.48616034276
1650.0,0.07500000000000001,N2,171.52918280156257,0.2960103682593434,499998.48616034276
1650.0,0.125,CO2,29.467997219943616,0.9525187288946197,499997.47693390463
1650.0,0.125,N2,171.5290142711442,0.29600938148684003,499997.47693390463
1650.0,0.17500000000000002,CO2,28.269035151907485,0.9259756995565941,499996.46770746645
1650.0,0.17500000000000002,N2,171.52877507195245,0.296008114260173,499996.46770746645
1650.0,0.225,CO2,25.924330462636267,0.8728026011376968,499995.4584810283
1650.0,0.225,N2,171.5284476933425,0.2960065154939947,499995.4584810283
1650.0,0.275,CO2,21.940051141743254,0.7766971492731035,499994.44925459014
1650.0,0.275,N2,171.5280117736112,0.2960045276321181,499994.44925459014
1650.0,0.325,CO2,16.32629891245493,0.6254967215172447,499993.440028152
1650.0,0.325,N2,171.527443781192,0.29600208611454837,499993.440028152
1650.0,0.375,CO2,10.228024327993317,0.4330343929644363,499992.43080171384
1650.0,0.375,N2,171.52671667254955,0.2959991187913466,499992.43080171384
1650.0,0.42500000000000004,CO2,5.379624435840809,0.24989628915317938,499991.4215752757
1650.0,0.42500000000000004,N2,171.52579952532602,0.29599554529513666,499991.4215752757
1650.0,0.47500000000000003,CO2,2.482105541360334,0.12247499577472973,499990.41234883753
1650.0,0.47500000000000003,N2,171.5246571453547,0.29599127637420436,499990.41234883753
1650.0,0.525,CO2,1.0583679804449357,0.05367292371615475,499989.4031223994
1650.0,0.525,N2,171.52324964602408,0.29598621318567087,499989.4031223994
1650.0,0.5750000000000001,CO2,0.4316393898918963,0.02203508932868824,499988.3938959612
1650.0,0.5750000000000001,N2,171.52153199834754,0.2959802465477808,499988.3938959612
1650.0,0.625,CO2,0.17129481621330495,0.008711852095073936,499987.3846695231
1650.0,0.625,N2,171.51945355069128,0.2959732561521163,499987.3846695231
1650.0,0.675,CO2,0.06665111908929117,0.0033613810899665417,499986.3754430849
1650.0,0.675,N2,171.51695752253113,0.29596510974967194,499986.3754430849
1650.0,0.7250000000000001,CO2,0.02551041366077808,0.0012731917538224243,499985.3662166468
1650.0,0.7250000000000001,N2,171.5139805122051,0.29595566241230814,499985.3662166468
1650.0,0.775,CO2,0.00961844289318712,0.0004746505889105167,499984.3569902086
1650.0,0.775,N2,171.51045228542915,0.2959447565451767,499984.3569902086
1650.0,0.8250000000000001,CO2,0.0035752283233291705,0.0001743871122580448,499983.3477637705
1650.0,0.8250000000000001,N2,171.50629755289418,0.2959322270655989,499983.3477637705
1650.0,0.875,CO2,0.0013108379483975298,6.319033265648197e-05,499982.3385373323
1650.0,0.875,N2,171.50145058609425,0.29591794044137637,499982.3385373323
1650.0,0.925,CO2,0.00047454298530877646,2.2607984978044523e-05,499981.3293108942
1650.0,0.925,N2,171.49595125791186,0.2959020533064076,499981.3293108942
1650.0,0.9750000000000001,CO2,0.00017505212822235963,8.241302770219389e-06,499980.320084456
1650.0,0.9750000000000001,N2,171.49055414119954,0.29588668768843496,499980.320084456
1700.0,0.025,CO2,30.220081774563702,0.9692867445051493,499999.49538678094
1700.0,0.025,N2,171.52931738760998,0.2960114698463805,499999.49538678094
1700.0,0.07500000000000001,CO2,30.046934192147006,0.9653857873613374,499998.48616034276
1700.0,0.07500000000000001,N2,171.5292389216339,0.29601093951687696,499998.48616034276
1700.0,0.125,CO2,29.587624659698925,0.9552201490172192,499997.47693390463
1700.0,0.125,N2,171.52912076881037,0.2960102381478849,499997.47693390463
1700.0,0.17500000000000002,CO2,28.550906399510705,0.9323635054852399,499996.46770746645
1700.0,0.17500000000000002,N2,171.5289519692622,0.29600933196150575,499996.46770746645
1700.0,0.225,CO2,26.488269352621835,0.8860099412324881,499995.4584810283
1700.0,0.225,N2,171.5287196298168,0.29600818249403443,499995.4584810283
1700.0,0.275,CO2,22.887973349951185,0.8006461188037809,499994.44925459014
1700.0,0.275,N2,171.5284086902094,0.2960067462460332,499994.44925459014
1700.0,0.325,CO2,17.59420599080272,0.6619568640872869,499993.440028152
1700.0,0.325,N2,171.52800167144417,0.2960049742455485,499993.440028152
1700.0,0.375,CO2,11.4807775297984,0.4759923936365458,499992.43080171384
1700.0,0.375,N2,171.5274784046736,0.2960028115696301,499992.43080171384
1700.0,0.42500000000000004,CO2,6.271274296303632,0.28650488954551834,499991.4215752757
1700.0,0.42500000000000004,N2,171.5268157394311,0.29600019683171075,499991.4215752757
1700.0,0.47500000000000003,CO2,2.972319635856898,0.14542530257899153,499990.41234883753
1700.0,0.47500000000000003,N2,171.52598723021512,0.2959970616357915,499990.41234883753
1700.0,0.525,CO2,1.2892857421917248,0.06526914052280015,499989.4031223994
1700.0,0.525,N2,171.52496280049235,0.29599332999670463,499989.4031223994
1700.0,0.5750000000000001,CO2,0.5319895496179031,0.02721874053167032,499988.3938959612
1700.0,0.5750000000000001,N2,171.5237083832537,0.29598891772544356,499988.3938959612
1700.0,0.625,CO2,0.21309138131570787,0.010884910922592797,499987.3846695231
1700.0,0.625,N2,171.52218553770555,0.29598373177995413,499987.3846695231
1700.0,0.675,CO2,0.08361968013671175,0.0042405038731497795,499986.3754430849
1700.0,0.675,N2,171.52035104545791,0.2959776695919773,499986.3754430849
1700.0,0.7250000000000001,CO2,0.0322716125244971,0.0016207158957202274,499985.3662166468
1700.0,0.7250000000000001,N2,171.5181565157824,0.29597061844787065,499985.3662166468
1700.0,0.775,CO2,0.012269767281805814,0.0006095865833581489,499984.3569902086
1700.0,0.775,N2,171.51554819986092,0.29596245544127275,499984.3569902086
1700.0,0.8250000000000001,CO2,0.004599584080518663,0.00022596066517476863,499983.3477637705
1700.0,0.8250000000000001,N2,171.51246829979533,0.29595305137371763,499983.3477637705
1700.0,0.875,CO2,0.0017009899145908754,8.261415770289578e-05,499982.3385373323
1700.0,0.875,N2,171.50886593203404,0.2959423004800537,499982.3385373323
1700.0,0.925,CO2,0.0006211781187387517,2.982519983847125e-05,499981.3293108942
1700.0,0.925,N2,171.5047692172949,0.29593031716420715,499981.3293108942
1700.0,0.9750000000000001,CO2,0.00023119625063312656,1.0972591080017747e-05,499980.320084456
1700.0,0.9750000000000001,N2,171.50074163630893,0.2959187070909901,499980.320084456
1750.0,0.025,CO2,30.228068884099024,0.9694732508172271,499999.49538678094
1750.0,0.025,N2,171.52933238619795,0.296011710503085,499999.49538678094
1750.0,0.07500000000000001,CO2,30.081629353196252,0.9661786515141443,499998.48616034276
1750.0,0.07500000000000001,N2,171.52927783461712,0.2960113363667036,499998.48616034276
1750.0,0.125,CO2,29.689534937514978,0.9575143013394511,499997.47693390463
1750.0,0.125,N2,171.52919502971542,0.2960108381525517,499997.47693390463
1750.0,0.17500000000000002,CO2,28.794383566449337,0.9378480309231237,499996.46770746645
1750.0,0.17500000000000002,N2,171.5290759540624,0.29601019058516376,499996.46770746645
1750.0,0.225,CO2,26.985407052750624,0.897514399688861,499995.4584810283
1750.0,0.225,N2,171.52891113068705,0.296009364776258,499995.4584810283
1750.0,0.275,CO2,23.75108760892842,0.8219926658552416,499994.44925459014
1750.0,0.275,N2,171.5286894402278,0.29600832793212395,499994.44925459014
1750.0,0.325,CO2,18.808915040822292,0.6957639846097937,499993.440028152
1750.0,0.325,N2,171.5283979232823,0.29600704299819475,499993.440028152
1750.0,0.375,CO2,12.766429648956489,0.5183309051661964,499992.43080171384
1750.0,0.375,N2,171.5280215666094,0.29600546827068797,499992.43080171384
1750.0,0.42500000000000004,CO2,7.2513587427790185,0.3253056939314523,499991.4215752757
1750.0,0.42500000000000004,N2,171.5275430720965,0.2960035569800789,499991.4215752757
1750.0,0.47500000000000003,CO2,3.538235279215994,0.17131977476277188,499990.41234883753
1750.0,0.47500000000000003,N2,171.52694260747217,0.2960012568467612,499990.41234883753
1750.0,0.525,CO2,1.5635714564903478,0.07890270680191193,499989.4031223994
1750.0,0.525,N2,171.52619753780647,0.2959985096081098,499989.4031223994
1750.0,0.5750000000000001,CO2,0.6531258336126786,0.033460463351385084,499988.3938959612
1750.0,0.5750000000000001,N2,171.52528213704107,0.29599525051595227,499988.3938959612
1750.0,0.625,CO2,0.26407426038498405,0.013539603353785096,499987.3846695231
1750.0,0.625,N2,171.5241672794549,0.2959914078045162,499987.3846695231
1750.0,0.675,CO2,0.10448853477108523,0.005325561222170636,499986.3754430849
1750.0,0.675,N2,171.52282011431618,0.2959869021368064,499986.3754430849
1750.0,0.7250000000000001,CO2,0.04065007940010776,0.002053397519586664,499985.3662166468
1750.0,0.7250000000000001,N2,171.52120374726564,0.2959816460890651,499985.3662166468
1750.0,0.775,CO2,0.015580125746627536,0.000778979979831321,499984.3569902086
1750.0,0.775,N2,171.51927708071068,0.29597554406952264,499984.3569902086
1750.0,0.8250000000000001,CO2,0.0058884527918458265,0.0002912393588277654,499983.3477637705
1750.0,0.8250000000000001,N2,171.5169957826983,0.2959684952482994,499983.3477637705
1750.0,0.875,CO2,0.0021957916917661373,0.00010740580136211838,499982.3385373323
1750.0,0.875,N2,171.51432051638642,0.29596041615089796,499982.3385373323
1750.0,0.925,CO2,0.0008086633631948561,3.9115553480117885e-05,499981.3293108942
1750.0,0.925,N2,171.51127102159583,0.29595139008038635,499981.3293108942
1750.0,0.9750000000000001,CO2,0.0003035869238060885,1.4519289785036868e-05,499980.320084456
1750.0,0.9750000000000001,N2,171.5082677607846,0.29594263012867605,499980.320084456
1800.0,0.025,CO2,30.234754031478655,0.9696288584662307,499999.49538678094
1800.0,0.025,N2,171.52934271150082,0.2960118756783463,499999.49538678094
1800.0,0.07500000000000001,CO2,30.110884423767367,0.9668456892119442,499998.48616034276
1800.0,0.07500000000000001,N2,171.52930480237825,0.2960116119480867,499998.48616034276
1800.0,0.125,CO2,29.776306378712448,0.9594623300735697,499997.47693390463
1800.0,0.125,N2,171.52924679652477,0.296011258331047,499997.47693390463
1800.0,0.17500000000000002,CO2,29.004343701080465,0.9425529680640596,499996.46770746645
1800.0,0.17500000000000002,N2,171.52916283797254,0.2960107959592156,499996.46770746645
1800.0,0.225,CO2,27.42204125036492,0.9075133707586129,499995.4584810283
1800.0,0.225,N2,171.52904597177852,0.2960102031871188,499995.4584810283
1800.0,0.275,CO2,24.531417823323988,0.8409265322984848,499994.44925459014
1800.0,0.275,N2,171.528888001564,0.2960094553502938,499994.44925459014
1800.0,0.325,CO2,19.9589600606157,0.7268170092907495,499993.440028152
1800.0,0.325,N2,171.52867933493226,0.29600852447789505,499993.440028152
1800.0,0.375,CO2,14.065803853531756,0.5594649795044131,499992.43080171384
1800.0,0.375,N2,171.5284088157235,0.296007378979128,499992.43080171384
1800.0,0.42500000000000004,CO2,8.313968700443205,0.36579098213672206,499991.4215752757
1800.0,0.42500000000000004,N2,171.52806354222352,0.29600598330643757,499991.4215752757
1800.0,0.47500000000000003,CO2,4.185588844762093,0.20017692377130525,499990.41234883753
1800.0,0.47500000000000003,N2,171.52762867041548,0.29600429759544,499990.41234883753
1800.0,0.525,CO2,1.8875584413745077,0.09480269299876402,499989.4031223994
1800.0,0.525,N2,171.5270872012943,0.29600227728082557,499989.4031223994
1800.0,0.5750000000000001,CO2,0.7988004286628725,0.040936583981815836,499988.3938959612
1800.0,0.5750000000000001,N2,171.52641975122725,0.29599987268732253,499988.3938959612
1800.0,0.625,CO2,0.3260655024886465,0.016769569142554133,499987.3846695231
1800.0,0.625,N2,171.5256043046869,0.29599702859562155,499987.3846695231
1800.0,0.675,CO2,0.13007406517612374,0.0066598407823794704,499986.3754430849
1800.0,0.675,N2,171.52461595117697,0.2959936837892109,499986.3754430849
1800.0,0.7250000000000001,CO2,0.050998173168162284,0.0025900734091911922,499985.3662166468
1800.0,0.7250000000000001,N2,171.52342662377015,0.2959897706277026,499985.3662166468
1800.0,0.775,CO2,0.019698386882577208,0.0009907771882434289,499984.3569902086
1800.0,0.775,N2,171.52200495443387,0.2959852149493495,499984.3569902086
1800.0,0.8250000000000001,CO2,0.007503751847037897,0.0003735090494422991,499983.3477637705
1800.0,0.8250000000000001,N2,171.5203169773651,0.2959799382665562,499983.3477637705
1800.0,0.875,CO2,0.0028206402548061394,0.0001389023680588685,499982.3385373323
1800.0,0.875,N2,171.518332288994,0.29597387491055893,499982.3385373323
1800.0,0.925,CO2,0.0010472831786913946,5.101558170083942e-05,499981.3293108942
1800.0,0.925,N2,171.5160645855213,0.29596708534869864,499981.3293108942
1800.0,0.9750000000000001,CO2,0.0003964705959165601,1.9100739646290792e-05,499980.320084456
1800.0,0.9750000000000001,N2,171.51382724816992,0.2959604847591329,499980.320084456
1850.0,0.025,CO2,30.24035347483231,0.9697588055715342,499999.49538678094
1850.0,0.025,N2,171.52934980008584,0.2960119886949067,499999.49538678094
1850.0,0.07500000000000001,CO2,30.13555801839886,0.9674070967435907,499998.48616034276
1850.0,0.07500000000000001,N2,171.52932345367486,0.2960118029710917,499998.48616034276
1850.0,0.125,CO2,29.850156435087097,0.9611163137637918,499997.47693390463
1850.0,0.125,N2,171.5292828265006,0.29601155221942954,499997.47693390463
1850.0,0.17500000000000002,CO2,29.18513999211564,0.9465862059355561,499996.46770746645
1850.0,0.17500000000000002,N2,171.52922364781713,0.29601122238712113,499996.46770746645
1850.0,0.225,CO2,27.804306912287498,0.9161875233542209,499995.4584810283
1850.0,0.225,N2,171.52914082144162,0.2960107972919837,499995.4584810283
1850.0,0.275,CO2,25.232506183065617,0.8576500555379425,499994.44925459014
1850.0,0.275,N2,171.52902831511892,0.29601025842530876,499994.44925459014
1850.0,0.325,CO2,21.03614264382125,0.755104356867729,499993.440028152
1850.0,0.325,N2,171.52887903998464,0.2960095847208541,499993.440028152
1850.0,0.375,CO2,15.359738786300879,0.5988986964778747,499992.43080171384
1850.0,0.375,N2,171.52868471931004,0.2960087523029293,499992.43080171384
1850.0,0.42500000000000004,CO2,9.449619793528832,0.40737597382647056,499991.4215752757
1850.0,0.42500000000000004,N2,171.52843574584054,0.2960077342153152,499991.4215752757
1850.0,0.47500000000000003,CO2,4.918696155315466,0.23191472140471303,499990.41234883753
1850.0,0.47500000000000003,N2,171.52812102706153,0.29600650013078245,499990.41234883753
1850.0,0.525,CO2,2.2679272697751593,0.1131835670581705,499989.4031223994
1850.0,0.525,N2,171.5277278177044,0.2960050160404679,499989.4031223994
1850.0,0.5750000000000001,CO2,0.9732931620424597,0.049841068875636746,499988.3938959612
1850.0,0.5750000000000001,N2,171.5272415387643,0.29600324392229155,499988.3938959612
1850.0,0.625,CO2,0.4012070716255559,0.020683456398493966,499987.3846695231
1850.0,0.625,N2,171.52664558242992,0.2960011413882212,499987.3846695231
1850.0,0.675,CO2,0.1613492899223729,0.008294727704859128,499986.3754430849
1850.0,0.675,N2,171.52592110392288,0.2959986613147968,499986.3754430849
1850.0,0.7250000000000001,CO2,0.06373913382315903,0.0032533678838704764,499985.3662166468
1850.0,0.7250000000000001,N2,171.52504681259748,0.2959957514916195,499985.3662166468
1850.0,0.775,CO2,0.024804408300499705,0.0012545966491789926,499984.3569902086
1850.0,0.775,N2,171.52399884787874,0.2959923545186543,499984.3569902086
1850.0,0.8250000000000001,CO2,0.009520695859562145,0.0004767731139825875,499983.3477637705
1850.0,0.8250000000000001,N2,171.52275128843627,0.29598840944670807,499983.3477637705
1850.0,0.875,CO2,0.0036065620455977077,0.00017874343177798043,499982.3385373323
1850.0,0.875,N2,171.52128075013442,0.2959838647661191,499982.3385373323
1850.0,0.925,CO2,0.0013496783126557036,6.618759614032021e-05,499981.3293108942
1850.0,0.925,N2,171.51959670953173,0.2959787642194292,499981.3293108942
1850.0,0.9750000000000001,CO2,0.0005151010532879447,2.4989624580657173e-05,499980.320084456
1850.0,0.9750000000000001,N2,171.51793238418998,0.2959737972614781,499980.320084456
1900.0,0.025,CO2,30.24504675869427,0.9698674176254642,499999.49538678094
1900.0,0.025,N2,171.52935466483612,0.2960120659987219,499999.49538678094
1900.0,0.07500000000000001,CO2,30.156372675277183,0.9678797895842396,499998.48616034276
1900.0,0.07500000000000001,N2,171.5293363464172,0.29601193529364694,499998.48616034276
1900.0,0.125,CO2,29.912987909968905,0.9625205710035958,499997.47693390463
1900.0,0.125,N2,171.5293078879168,0.29601175760972137,499997.47693390463
1900.0,0.17500000000000002,CO2,29.34063111026415,0.950041528058198,499996.46770746645
1900.0,0.17500000000000002,N2,171.5292661794281,0.2960115225030691,499996.46770746645
1900.0,0.225,CO2,28.13804252865522,0.9237003336948482,499995.4584810283
1900.0,0.225,N2,171.52920749254667,0.29601121790165974,499995.4584810283
1900.0,0.275,CO2,25.858948933129906,0.8723683088851557,499994.44925459014
1900.0,0.275,N2,171.52912739475977,0.29601082994589684,499994.44925459014
1900.0,0.325,CO2,22.035351113673304,0.7806857750145348,499993.440028152
1900.0,0.325,N2,171.5290206557933,0.2960103428039397,499993.440028152
1900.0,0.375,CO2,16.630205391864276,0.6362409531871882,499992.43080171384
1900.0,0.375,N2,171.5288811452353,0.29600973847027734,499992.43080171384
1900.0,0.42500000000000004,CO2,10.645482535609128,0.4494335964090552,499991.4215752757
1900.0,0.42500000000000004,N2,171.5287017208259,0.29600899654854135,499991.4215752757
1900.0,0.47500000000000003,CO2,5.739857657047786,0.2663387864661211,499990.41234883753
1900.0,0.47500000000000003,N2,171.52847410682548,0.29600809401821027,499990.41234883753
1900.0,0.525,CO2,2.7115023002746574,0.1342297706924512,499989.4031223994
1900.0,0.525,N2,171.52818876190125,0.29600700498451854,499989.4031223994
1900.0,0.5750000000000001,CO2,1.1814319679930811,0.06038298385606427,499988.3938959612
1900.0,0.5750000000000001,N2,171.5278347360448,0.2960057004108445,499988.3938959612
1900.0,0.625,CO2,0.4920049626236688,0.025406298032840897,499987.3846695231
1900.0,0.625,N2,171.52739951628263,0.296004147833334,499987.3846695231
1900.0,0.675,CO2,0.19947093611444217,0.010290971683689183,499986.3754430849
1900.0,0.675,N2,171.52686886229898,0.2960023110610235,499986.3754430849
1900.0,0.7250000000000001,CO2,0.07938038442276288,0.0040703824393504865,499985.3662166468
1900.0,0.7250000000000001,N2,171.52622664169036,0.29600014988780615,499985.3662166468
1900.0,0.775,CO2,0.03111509107718002,0.0015820538069709436,499984.3569902086
1900.0,0.775,N2,171.52545472943265,0.29599761999190366,499984.3569902086
1900.0,0.8250000000000001,CO2,0.012030467002751654,0.0006058974093396934,499983.3477637705
1900.0,0.8250000000000001,N2,171.52453338279565,0.2959946741580944,499983.3477637705
1900.0,0.875,CO2,0.0045913722185359045,0.0002289340817749361,499982.3385373323
1900.0,0.875,N2,171.52344467787066,0.29599127210151127,499982.3385373323
1900.0,0.925,CO2,0.0017313440170492519,8.544671160280183e-05,499981.3293108942
1900.0,0.925,N2,171.5221951696539,0.2959874453578396,499981.3293108942
1900.0,0.9750000000000001,CO2,0.0006659586758204882,3.252380725142293e-05,499980.320084456
1900.0,0.9750000000000001,N2,171.52095827492977,0.29598371260768463,499980.320084456
1950.0,0.025,CO2,30.248983121093136,0.9699582722796595,499999.49538678094
1950.0,0.025,N2,171.52935801390544,0.2960121190655751,499999.49538678094
1950.0,0.07500000000000001,CO2,30.173936374739334,0.968277941062132,499998.48616034276
1950.0,0.07500000000000001,N2,171.5293452770289,0.2960120271021489,499998.48616034276
1950.0,0.125,CO2,29.966430428526838,0.9637127859549701,499997.47693390463
1950.0,0.125,N2,171.52932534326249,0.29601190124235705,499997.47693390463
1950.0,0.17500000000000002,CO2,29.47421746405923,0.9530002196820637,499996.46770746645
1950.0,0.17500000000000002,N2,171.52929595121384,0.2960117337401754,499996.46770746645
1950.0,0.225,CO2,28.428705038788888,0.930198392290543,499995.4584810283
1950.0,0.225,N2,171.52925437709771,0.29601151560795264,499995.4584810283
1950.0,0.275,CO2,26.41600379923274,0.8852819946047031,499994.44925459014
1950.0,0.275,N2,171.52919736872153,0.296011236488476,499994.44925459014
1950.0,0.325,CO2,22.95422964700738,0.8036743193681114,499993.440028152
1950.0,0.325,N2,171.5291210730074,0.29601088450804797,499993.440028152
1950.0,0.375,CO2,17.861206501734078,0.6712103704605079,499992.43080171384
1950.0,0.375,N2,171.52902095650077,0.29601044611613503,499992.43080171384
1950.0,0.42500000000000004,CO2,11.885955677711905,0.49133290281535363,499991.4215752757
1950.0,0.42500000000000004,N2,171.52889171834175,0.2960099059120983,499991.4215752757
1950.0,0.47500000000000003,CO2,6.6487798394110555,0.30313898136290246,499990.41234883753
1950.0,0.47500000000000003,N2,171.52872719515648,0.2960092464586197,499990.41234883753
1950.0,0.525,CO2,3.224960006451253,0.15807783671178954,499989.4031223994
1950.0,0.525,N2,171.52852025729504,0.2960084480812011,499989.4031223994
1950.0,0.5750000000000001,CO2,1.4285897826334082,0.07278194322570891,499988.3938959612
1950.0,0.5750000000000001,N2,171.5282626958557,0.2960074886530942,499988.3938959612
1950.0,0.625,CO2,0.6013745695934702,0.031080584710428218,499987.3846695231
1950.0,0.625,N2,171.52794510012012,0.2960063433653923,499987.3846695231
1950.0,0.675,CO2,0.24581022295296232,0.012720064477818403,499986.3754430849
1950.0,0.675,N2,171.5275567261506,0.29600498448471374,499986.3754430849
1950.0,0.7250000000000001,CO2,0.09852911761003397,0.005073492148794278,499985.3662166468
1950.0,0.7250000000000001,N2,171.5270853640115,0.29600338111849356,499985.3662166468
1950.0,0.775,CO2,0.0388915565826021,0.001987144329338178,499984.3569902086
1950.0,0.775,N2,171.52651725266816,0.2960014991213688,499984.3569902086
1950.0,0.8250000000000001,CO2,0.015143397317977914,0.0007667827644895392,499983.3477637705
1950.0,0.8250000000000001,N2,171.52583735193454,0.29599930200377117,499983.3477637705
1950.0,0.875,CO2,0.00582106077986879,0.00029192032524580976,499982.3385373323
1950.0,0.875,N2,171.52503190835142,0.2959967583507623,499982.3385373323
1950.0,0.925,CO2,0.0022112275908944086,0.0001097933016645034,499981.3293108942
1950.0,0.925,N2,171.52410538617445,0.29599389082266614,499981.3293108942
1950.0,0.9750000000000001,CO2,0.0008570142994985943,4.21206005976272e-05,499980.320084456
1950.0,0.9750000000000001,N2,171.52318664604778,0.29599108910733163,499980.320084456
2000.0,0.025,CO2,30.2522867362651,0.9700343326573774,499999.49538678094
2000.0,0.025,N2,171.52936032471737,0.2960121555841173,499999.49538678094
2000.0,0.07500000000000001,CO2,30.18876075951844,0.9686134337681627,499998.48616034276
2000.0,0.07500000000000001,N2,171.52935147396684,0.29601209089985175,499998.48616034276
2000.0,0.125,CO2,30.0118774486143,0.9647249818982339,499997.47693390463
2000.0,0.125,N2,171.52933751742782,0.296012001785411,499997.47693390463
2000.0,0.17500000000000002,CO2,29.58888082310631,0.9555325568301594,499996.46770746645
2000.0,0.17500000000000002,N2,171.52931681274632,0.2960118825067149,499996.46770746645
2000.0,0.225,CO2,28.681322490887894,0.9358121915436707,499995.4584810283
2000.0,0.225,N2,171.52928737260328,0.29601172638522655,499995.4584810283
2000.0,0.275,CO2,26.90927174485568,0.8965826196108123,499994.44925459014
2000.0,0.275,N2,171.52924681395504,0.2960115256959271,499994.44925459014
2000.0,0.325,CO2,23.792735583429824,0.8242199740984757,499993.440028152
2000.0,0.325,N2,171.52919230210128,0.296011271550943,499993.440028152
2000.0,0.375,CO2,19.03939079869555,0.7036310354730213,499992.43080171384
2000.0,0.375,N2,171.5291204891505,0.29601095377240894,499992.43080171384
2000.0,0.42500000000000004,CO2,13.153545708975997,0.5324761044196904,499991.4215752757
2000.0,0.42500000000000004,N2,171.529027446471,0.2960105607547822,499991.4215752757
2000.0,0.47500000000000003,CO2,7.6421031494873946,0.3418963936165183,499990.41234883753
2000.0,0.47500000000000003,N2,171.52890859070882,0.29601007931621803,499990.41234883753
2000.0,0.525,CO2,3.814443558518992,0.18479733537995421,499989.4031223994
2000.0,0.525,N2,171.528758602916,0.29600949453845193,499989.4031223994
2000.0,0.5750000000000001,CO2,1.7206467619896553,0.08726108136554594,499988.3938959612
2000.0,0.5750000000000001,N2,171.52857134029622,0.2960087895946133,499988.3938959612
2000.0,0.625,CO2,0.7326849104843411,0.037866805614666925,499987.3846695231
2000.0,0.625,N2,171.52833974011835,0.2960079455646775,499987.3846695231
2000.0,0.675,CO2,0.30198744463116073,0.01566569720486656,499986.3754430849
2000.0,0.675,N2,171.52805571605202,0.2960069412403392,499986.3754430849
2000.0,0.7250000000000001,CO2,0.12191048146866562,0.006301258000905163,499985.3662166468
2000.0,0.7250000000000001,N2,171.5277100520885,0.29600575293449655,499985.3662166468
2000.0,0.775,CO2,0.04844763873340697,0.0024866945972254056,499984.3569902086
2000.0,0.775,N2,171.52729233039125,0.2960043543966946,499984.3569902086
2000.0,0.8250000000000001,CO2,0.018992757598878144,0.0009665699162086371,499983.3477637705
2000.0,0.8250000000000001,N2,171.52679112466814,0.29600271748689183,499983.3477637705
2000.0,0.875,CO2,0.007351448757077836,0.0003706791674193729,499982.3385373323
2000.0,0.875,N2,171.5261959079227,0.2960008177702159,499982.3385373323
2000.0,0.925,CO2,0.0028124444107559036,0.00014045192725528255,499981.3293108942
2000.0,0.925,N2,171.5255096823106,0.29599867147159475,499981.3293108942
2000.0,0.9750000000000001,CO2,0.001098046394869515,5.429395225860265e-05,499980.320084456
2000.0,0.9750000000000001,N2,171.52482806746767,0.29599657100404825,499980.320084456
2050.0,0.025,CO2,30.255061009578107,0.9700980555674235,499999.49538678094
2050.0,0.025,N2,171.52936191545567,0.29601218064527957,499999.49538678094
2050.0,0.07500000000000001,CO2,30.201276454519622,0.9688962349809797,499998.48616034276
2050.0,0.07500000000000001,N2,171.52935576793905,0.29601213518454506,499998.48616034276
2050.0,0.125,CO2,30.050519015414462,0.965584361612441,499997.47693390463
2050.0,0.125,N2,171.52934600090188,0.296012072134322,499997.47693390463
2050.0,0.17500000000000002,CO2,29.687225120840157,0.9576991731419938,499996.46770746645
2050.0,0.17500000000000002,N2,171.5293314229424,0.29601198725764477,499996.46770746645
2050.0,0.225,CO2,28.900474500117863,0.9406571979623515,499995.4584810283
2050.0,0.225,N2,171.52931058581683,0.2960118756008519,499995.4584810283
2050.0,0.275,CO2,27.344448530614528,0.90644944835612,499994.44925459014
2050.0,0.275,N2,171.5292817455176,0.2960117314127005,499994.44925459014
2050.0,0.325,CO2,24.552676008970145,0.8424957031370192,499993.440028152
2050.0,0.325,N2,171.52924281922228,0.29601154805256935,499993.440028152
2050.0,0.375,CO2,20.15437853996149,0.7334215715751261,499992.43080171384
2050.0,0.375,N2,171.52919133775666,0.2960113178900392,499992.43080171384
2050.0,0.42500000000000004,CO2,14.429905379171627,0.5723298883146456,499991.4215752757
2050.0,0.42500000000000004,N2,171.5291243932351,0.29601103219588526,499991.4215752757
2050.0,0.47500000000000003,CO2,8.713104278152022,0.3821011876772113,499990.41234883753
2050.0,0.47500000000000003,N2,171.5290385815393,0.2960106810241149,499990.41234883753
2050.0,0.525,CO2,4.485086960810003,0.21437259274039308,499989.4031223994
2050.0,0.525,N2,171.52892993930112,0.29601025308456413,499989.4031223994
2050.0,0.5750000000000001,CO2,2.0639052072590647,0.10403717391679401,499988.3938959612
2050.0,0.5750000000000001,N2,171.52879387506357,0.29600973560555105,499988.3938959612
2050.0,0.625,CO2,0.8897982972501159,0.04594315933288696,499987.3846695231
2050.0,0.625,N2,171.52862509436588,0.29600911418628645,499987.3846695231
2050.0,0.675,CO2,0.3699102660949029,0.019225243866966692,499986.3754430849
2050.0,0.675,N2,171.52841751902852,0.2960083726403141,499986.3754430849
2050.0,0.7250000000000001,CO2,0.1503886969460769,0.007799461672271587,499985.3662166468
2050.0,0.7250000000000001,N2,171.52816420452126,0.29600749284143996,499985.3662166468
2050.0,0.775,CO2,0.06015991360288772,0.003100889306960531,499984.3569902086
2050.0,0.775,N2,171.5278572824707,0.2960064546489574,499984.3569902086
2050.0,0.8250000000000001,CO2,0.023739264229728593,0.0012138825734392083,499983.3477637705
2050.0,0.8250000000000001,N2,171.52748810107764,0.2960052364057561,499983.3477637705
2050.0,0.875,CO2,0.00925016561729937,0.000468826106656632,499982.3385373323
2050.0,0.875,N2,171.5270486441533,0.2960038191513958,499982.3385373323
2050.0,0.925,CO2,0.0035631352758745366,0.0001789179794039973,499981.3293108942
2050.0,0.925,N2,171.52654093677515,0.29600221445777203,499981.3293108942
2050.0,0.9750000000000001,CO2,0.0014010219499846798,6.967511023404788e-05,499980.320084456
2050.0,0.9750000000000001,N2,171.5260358573595,0.2960006414829694,499980.320084456
2100.0,0.025,CO2,30.257392128249606,0.970151480404672,499999.49538678094
2100.0,0.025,N2,171.52936300652533,0.29601219777257903,499999.49538678094
2100.0,0.07500000000000001,CO2,30.211845948650623,0.9691347091302511,499998.48616034276
2100.0,0.07500000000000001,N2,171.52935873544376,0.2960121658524935,499998.48616034276
2100.0,0.125,CO2,30.08337048308096,0.9663140284884649,499997.47693390463
2100.0,0.125,N2,171.52935190083195,0.2960121212824037,499997.47693390463
2100.0,0.17500000000000002,CO2,29.77151670925381,0.9595523006387707,499996.46770746645
2100.0,0.17500000000000002,N2,171.5293416394704,0.2960120609370821,499996.46770746645
2100.0,0.225,CO2,29.090293112560605,0.9448350798930842,499995.4584810283
2100.0,0.225,N2,171.52932689727945,0.2960119811486738,499995.4584810283
2100.0,0.275,CO2,27.72713893376603,0.9150477849206687,499994.44925459014
2100.0,0.275,N2,171.52930639956466,0.2960118776429261,499994.44925459014
2100.0,0.325,CO2,25.23725318462961,0.8586861599079344,499993.440028152
2100.0,0.325,N2,171.5292786179879,0.29601174546706294,499993.440028152
2100.0,0.375,CO2,21.198791963757618,0.7605803358504639,499992.43080171384
2100.0,0.375,N2,171.52924173397085,0.2960115789107533,499992.43080171384
2100.0,0.42500000000000004,CO2,15.696950470840093,0.6104479894787901,499991.4215752757
2100.0,0.42500000000000004,N2,171.52919359824088,0.2960113714201107,499991.4215752757
2100.0,0.47500000000000003,CO2,9.851689660977069,0.4231798745911441,499990.41234883753
2100.0,0.47500000000000003,N2,171.52913168621774,0.29601111550438525,499990.41234883753
2100.0,0.525,CO2,5.2404695204762435,0.24668769350269484,499989.4031223994
2100.0,0.525,N2,171.52905304892653,0.2960108026349325,499989.4031223994
2100.0,0.5750000000000001,CO2,2.4649412402090416,0.12330779474521437,499988.3938959612
2100.0,0.5750000000000001,N2,171.52895425913542,0.29601042313603215,499988.3938959612
2100.0,0.625,CO2,1.077099980062359,0.05550407925427259,499987.3846695231
2100.0,0.625,N2,171.52883135249806,0.2960099660672856,499987.3846695231
2100.0,0.675,CO2,0.451815193425373,0.02351118653165695,499986.3754430849
2100.0,0.675,N2,171.52867976395783,0.296009419098501,499986.3754430849
2100.0,0.7250000000000001,CO2,0.18499138697545725,0.009622262741537792,499985.3662166468
2100.0,0.7250000000000001,N2,171.5284942624954,0.296008768385692,499985.3662166468
2100.0,0.775,CO2,0.07447949556887107,0.003853885454140879,499984.3569902086
2100.0,0.775,N2,171.5282689047888,0.29600799850628756,499984.3569902086
2100.0,0.8250000000000001,CO2,0.02957642374689118,0.0015191145389396447,499983.3477637705
2100.0,0.8250000000000001,N2,171.52799713730178,0.2960070928264774,499983.3477637705
2100.0,0.875,CO2,0.011599003637383563,0.0005907429829850718,499982.3385373323
2100.0,0.875,N2,171.52767285321087,0.2960060366693948,499982.3385373323
2100.0,0.925,CO2,0.004497489972686408,0.00022701338238792913,499981.3293108942
2100.0,0.925,N2,171.52729739753778,0.29600483825586077,499981.3293108942
2100.0,0.9750000000000001,CO2,0.0017805524047588305,8.903738898377392e-05,499980.320084456
2100.0,0.9750000000000001,N2,171.52692328783237,0.29600366164386976,499980.320084456
2150.0,0.025,CO2,30.259351973623186,0.9701963016051842,499999.49538678094
2150.0,0.025,N2,171.52936375546508,0.296012209490039,499999.49538678094
2150.0,0.07500000000000001,CO2,30.22077434111593,0.9693358763482796,499998.48616034276
2150.0,0.07500000000000001,N2,171.52936078655267,0.29601218708713584,499998.48616034276
2150.0,0.125,CO2,30.111297270602037,0.9669335960576605,499997.47693390463
2150.0,0.125,N2,171.52935600307086,0.2960121555971104,499997.47693390463
2150.0,0.17500000000000002,CO2,29.843722447478786,0.9611368717220994,499996.46770746645
2150.0,0.17500000000000002,N2,171.52934878035677,0.2960121127186255,499996.46770746645
2150.0,0.225,CO2,29.254478296198617,0.948435003787594,499995.4584810283
2150.0,0.225,N2,171.52933835217388,0.2960120557404168,499995.4584810283
2150.0,0.275,CO2,28.062726751398237,0.9225283061404915,499994.44925459014
2150.0,0.275,N2,171.52932378802623,0.2960119814912626,499994.44925459014
2150.0,0.325,CO2,25.850653490888362,0.8729790975325985,499993.440028152
2150.0,0.325,N2,171.52930396788793,0.2960118862835245,499993.440028152
2150.0,0.375,CO2,22.16807074097791,0.7851690144473118,499992.43080171384
2150.0,0.375,N2,171.52927755411926,0.29601176585116507,499992.43080171384
2150.0,0.42500000000000004,CO2,16.937864709821774,0.6464831544958979,499991.4215752757
2150.0,0.42500000000000004,N2,171.52924296033464,0.29601161528212977,499991.4215752757
2150.0,0.47500000000000003,CO2,11.0447171856626,0.4645294164468554,499990.41234883753
2150.0,0.47500000000000003,N2,171.52919831697727,0.29601142894478827,499990.41234883753
2150.0,0.525,CO2,6.0820478843801435,0.28151779471039606,499989.4031223994
2150.0,0.525,N2,171.5291414333339,0.29601120040807877,499989.4031223994
2150.0,0.5750000000000001,CO2,2.9303789163418315,0.14523558981601803,499988.3938959612
2150.0,0.5750000000000001,N2,171.529069755705,0.2960109223549909,499988.3938959612
2150.0,0.625,CO2,1.299510229059778,0.06675707337803488,499987.3846695231
2150.0,0.625,N2,171.5289803214722,0.29601058648914713,499987.3846695231
2150.0,0.675,CO2,0.5503112363268268,0.028652349249139418,499986.3754430849
2150.0,0.675,N2,171.52886970912036,0.2960101834351371,499986.3754430849
2150.0,0.7250000000000001,CO2,0.22693749009369088,0.011833477965758834,499985.3662166468
2150.0,0.7250000000000001,N2,171.5287339863708,0.2960097026391077,499985.3662166468
2150.0,0.775,CO2,0.0919459514569098,0.004774527890688993,499984.3569902086
2150.0,0.775,N2,171.52856867171957,0.29600913231350945,499984.3569902086
2150.0,0.8250000000000001,CO2,0.03673690727349335,0.0018947707254858193,499983.3477637705
2150.0,0.8250000000000001,N2,171.52836880622152,0.29600845970740686,499983.3477637705
2150.0,0.875,CO2,0.014496740541157349,0.0007417310791562235,499982.3385373323
2150.0,0.875,N2,171.5281297373213,0.29600767348584145,499982.3385373323
2150.0,0.925,CO2,0.005656978311711869,0.00028695360496088255,499981.3293108942
2150.0,0.925,N2,171.52785233137638,0.29600677946461446,499981.3293108942
2150.0,0.9750000000000001,CO2,0.002254443512179151,0.0001133260692015651,499980.320084456
2150.0,0.9750000000000001,N2,171.52757545812682,0.2960059003119869,499980.320084456
2200.0,0.025,CO2,30.261000559662794,0.9702339288966995,499999.49538678094
2200.0,0.025,N2,171.52936427190357,0.296012217548924,499999.49538678094
2200.0,0.07500000000000001,CO2,30.228318511182895,0.9695056319898776,499998.48616034276
2200.0,0.07500000000000001,N2,171.52936220848932,0.29601220182510307,499998.48616034276
2200.0,0.125,CO2,30.13503647993708,0.9674597124262887,499997.47693390463
2200.0,0.125,N2,171.52935886089986,0.2960121795800807,499997.47693390463
2200.0,0.17500000000000002,CO2,29.90554504558553,0.9624914959909521,499996.46770746645
2200.0,0.17500000000000002,N2,171.52935377760426,0.29601214912189383,499996.46770746645
2200.0,0.225,CO2,29.39632145898928,0.9515349129657105,499995.4584810283
2200.0,0.225,N2,171.52934640223845,0.2960121084495718,499995.4584810283
2200.0,0.275,CO2,28.35628589408718,0.9290270512712657,499994.44925459014
2200.0,0.275,N2,171.52933605634792,0.296012055214047,499994.44925459014
2200.0,0.325,CO2,26.397699897684145,0.885558946418094,499993.440028152
2200.0,0.325,N2,171.5293219200971,0.2960119866741086,499993.440028152
2200.0,0.375,CO2,23.060176461678363,0.807296707401989,499992.43080171384
2200.0,0.375,N2,171.5293030107588,0.2960118996479529,499992.43080171384
2200.0,0.42500000000000004,CO2,18.137854222039245,0.6801899453830681,499991.4215752757
2200.0,0.42500000000000004,N2,171.52927815879838,0.29601179046019216,499991.4215752757
2200.0,0.47500000000000003,CO2,12.276602781646918,0.5055529616334986,499990.41234883753
2200.0,0.47500000000000003,N2,171.52924598135922,0.29601165488405984,499990.41234883753
2200.0,0.525,CO2,7.008628512119104,0.3185288978025669,499989.4031223994
2200.0,0.525,N2,171.52920485294902,0.2960114880785041,499989.4031223994
2200.0,0.5750000000000001,CO2,3.4665796880432467,0.1699307154540762,499988.3938959612
2200.0,0.5750000000000001,N2,171.52915287312166,0.29601128451985714,499988.3938959612
2200.0,0.625,CO2,1.562470569023723,0.07991751723671833,499987.3846695231
2200.0,0.625,N2,171.52908783096362,0.2960110379278594,499987.3846695231
2200.0,0.675,CO2,0.6684239609218311,0.034794761849545545,499986.3754430849
2200.0,0.675,N2,171.5290071664138,0.2960107411864976,499986.3754430849
2200.0,0.7250000000000001,CO2,0.2776687324985336,0.0145079523923223,499985.3662166468
2200.0,0.7250000000000001,N2,171.5289079299598,0.29601038626454906,499985.3662166468
2200.0,0.775,CO2,0.11320350035677315,0.005897168972844341,499984.3569902086
2200.0,0.775,N2,171.5287867519834,0.2960099641689614,499984.3569902086
2200.0,0.8250000000000001,CO2,0.045500063444419335,0.0023558666976850164,499983.3477637705
2200.0,0.8250000000000001,N2,171.52863989376092,0.2960094651431677,499983.3477637705
2200.0,0.875,CO2,0.01806248437691937,0.000928192192208111,499982.3385373323
2200.0,0.875,N2,171.52846382792418,0.2960088804516826,499982.3385373323
2200.0,0.925,CO2,0.007091813416967081,0.00036142729813613844,499981.3293108942
2200.0,0.925,N2,171.52825910945467,0.2960082141897049,499981.3293108942
2200.0,0.9750000000000001,CO2,0.002844350567779794,0.00014369405266916217,499980.320084456
2200.0,0.9750000000000001,N2,171.5280544703903,0.296007557976719,499980.320084456
2250.0,0.025,CO2,30.26238803747625,0.9702655364328605,499999.49538678094
2250.0,0.025,N2,171.5293646285701,0.29601222310057573,499999.49538678094
2250.0,0.07500000000000001,CO2,30.234694818613335,0.9696489297794192,499998.48616034276
2250.0,0.07500000000000001,N2,171.52936319557944,0.2960122120672458,499998.48616034276
2250.0,0.125,CO2,30.155215594854564,0.967906507185679,499997.47693390463
2250.0,0.125,N2,171.52936085405614,0.2960121963578466,499997.47693390463
2250.0,0.17500000000000002,CO2,29.95845555110138,0.9636493170715797,499996.46770746645
2250.0,0.17500000000000002,N2,171.52935727791777,0.2960121747302996,499996.46770746645
2250.0,0.225,CO2,29.518735080495528,0.9542027517807508,499995.4584810283
2250.0,0.225,N2,171.52935206358444,0.2960121457100748,499995.4584810283
2250.0,0.275,CO2,28.61252799693332,0.9346659114930926,499994.44925459014
2250.0,0.275,N2,171.52934471688368,0.2960121075597616,499994.44925459014
2250.0,0.325,CO2,26.88355720667898,0.8966023629423087,499993.440028152
2250.0,0.325,N2,171.52933463836092,0.29601205824481575,499993.440028152
2250.0,0.375,CO2,23.875180450697144,0.8271054461763926,499992.43080171384
2250.0,0.375,N2,171.52932110684392,0.2960119953958013,499992.43080171384
2250.0,0.42500000000000004,CO2,19.284692207221617,0.7114196156576778,499991.4215752757
2250.0,0.42500000000000004,N2,171.52930326110643,0.2960119162669889,499991.4215752757
2250.0,0.47500000000000003,CO2,13.530214411081106,0.545693237697501,499990.41234883753
2250.0,0.47500000000000003,N2,171.529280079469,0.29601181769108603,499990.41234883753
2250.0,0.525,CO2,8.015961079284143,0.35728764780899913,499989.4031223994
2250.0,0.525,N2,171.52925035716893,0.29601169602983757,499989.4031223994
2250.0,0.5750000000000001,CO2,4.0792401915579966,0.19743271174105484,499988.3938959612
2250.0,0.5750000000000001,N2,171.52921268133304,0.29601154712023425,499988.3938959612
2250.0,0.625,CO2,1.8718922758794057,0.0952009265060172,499987.3846695231
2250.0,0.625,N2,171.52916540341488,0.2960113662161267,499987.3846695231
2250.0,0.675,CO2,0.8096375006744482,0.04210191030902689,499986.3754430849
2250.0,0.675,N2,171.52910660914898,0.2960111479255608,499986.3754430849
2250.0,0.7250000000000001,CO2,0.3388848848543531,0.017732991622095785,499985.3662166468
2250.0,0.7250000000000001,N2,171.52903408724293,0.2960108861474977,499985.3662166468
2250.0,0.775,CO2,0.13901991219016585,0.00726260463585888,499984.3569902086
2250.0,0.775,N2,171.5289453053094,0.29601057403288594,499984.3569902086
2250.0,0.8250000000000001,CO2,0.05620081281948186,0.0029203979643825876,499983.3477637705
2250.0,0.8250000000000001,N2,171.52883744676208,0.2960102041297511,499983.3477637705
2250.0,0.875,CO2,0.022439658118553227,0.0011578437213484408,499982.3385373323
2250.0,0.875,N2,171.528707841658,0.29600976972000487,499982.3385373323
2250.0,0.925,CO2,0.008862700551607037,0.0004536914104086001,499981.3293108942
2250.0,0.925,N2,171.52855684050013,0.29600927367329727,499981.3293108942
2250.0,0.9750000000000001,CO2,0.003576563408489118,0.00018154459719329623,499980.320084456
2250.0,0.9750000000000001,N2,171.52840567305037,0.2960087843475629,499980.320084456
2300.0,0.025,CO2,30.26355634539679,0.9702921030036912,499999.49538678094
2300.0,0.025,N2,171.52936487383542,0.29601222690543155,499999.49538678094
2300.0,0.07500000000000001,CO2,30.240085541840795,0.9697699340816034,499998.48616034276
2300.0,0.07500000000000001,N2,171.52936387897662,0.29601221917005904,499998.48616034276
2300.0,0.125,CO2,30.172368537478,0.9682859717217045,499997.47693390463
2300.0,0.125,N2,171.5293622418254,0.2960122080843066,499997.47693390463
2300.0,0.17500000000000002,CO2,30.003722611089263,0.9646387627213344,499996.46770746645
2300.0,0.17500000000000002,N2,171.52935972710077,0.296012192737667,499996.46770746645
2300.0,0.225,CO2,29.62428459541365,0.9564976101835475,499995.4584810283
2300.0,0.225,N2,171.52935604232172,0.2960121720451096,499995.4584810283
2300.0,0.275,CO2,28.835776240774223,0.9395534301354225,499994.44925459014
2300.0,0.275,N2,171.52935082789418,0.296012144723481,499994.44925459014
2300.0,0.325,CO2,27.31350535287689,0.9062753701083065,499993.440028152
2300.0,0.325,N2,171.52934364595345,0.29601210926494687,499993.440028152
2300.0,0.375,CO2,24.614848195074227,0.8447577877510809,499992.43080171384
2300.0,0.375,N2,171.52933396784104,0.29601206390765084,499992.43080171384
2300.0,0.42500000000000004,CO2,20.36895549897499,0.7401093807090837,499991.4215752757
2300.0,0.42500000000000004,N2,171.52932116009194,0.2960120066034593,499991.4215752757
2300.0,0.47500000000000003,CO2,14.787878846917216,0.5844598373928237,499990.41234883753
2300.0,0.47500000000000003,N2,171.5293044687962,0.2960119349825988,499990.41234883753
2300.0,0.525,CO2,9.09653861456374,0.39728113249522573,499989.4031223994
2300.0,0.525,N2,171.52928300219276,0.2960118463149708,499989.4031223994
2300.0,0.5750000000000001,CO2,4.772909408616995,0.2276938911907408,499988.3938959612
2300.0,0.5750000000000001,N2,171.52925571134318,0.2960117374679215,499988.3938959612
2300.0,0.625,CO2,2.234053419567507,0.1128124137929877,499987.3846695231
2300.0,0.625,N2,171.52922136874793,0.2960116048602946,499987.3846695231
2300.0,0.675,CO2,0.9779301852935288,0.05075405788699515,499986.3754430849
2300.0,0.675,N2,171.52917854490275,0.2960114444129774,499986.3754430849
2300.0,0.7250000000000001,CO2,0.41258246588348296,0.021609791964064033,499985.3662166468
2300.0,0.7250000000000001,N2,171.52912558368004,0.296011251498684,499985.3662166468
2300.0,0.775,CO2,0.17030839656683064,0.008919131676828276,499984.3569902086
2300.0,0.775,N2,171.5290605828918,0.29601102090976744,499984.3569902086
2300.0,0.8250000000000001,CO2,0.06924014616842895,0.003609888978797983,499983.3477637705
2300.0,0.8250000000000001,N2,171.52898142014473,0.2960107469641311,499983.3477637705
2300.0,0.875,CO2,0.027800739634793306,0.0014399737092226832,499982.3385373323
2300.0,0.875,N2,171.52888607182217,0.2960104245054747,499982.3385373323
2300.0,0.925,CO2,0.011042925444292492,0.0005676846714477832,499981.3293108942
2300.0,0.925,N2,171.52877474628815,0.29601005553421,499981.3293108942
2300.0,0.9750000000000001,CO2,0.004482946211256578,0.00022858249254759054,499980.320084456
2300.0,0.9750000000000001,N2,171.52866312040467,0.29600969100146896,499980.320084456
2350.0,0.025,CO2,30.26454057693116,0.9703144452212384,499999.49538678094
2350.0,0.025,N2,171.5293650417976,0.29601222950081546,499999.49538678094
2350.0,0.07500000000000001,CO2,30.24464427738657,0.9698721469039145,499998.48616034276
2350.0,0.07500000000000001,N2,171.52936435067747,0.2960122240822643,499998.48616034276
2350.0,0.125,CO2,30.186949443697603,0.9686082824314622,499997.47693390463
2350.0,0.125,N2,171.52936320586042,0.2960122162654437,499997.47693390463
2350.0,0.17500000000000002,CO2,30.04243869643189,0.965484199826311,499996.46770746645
2350.0,0.17500000000000002,N2,171.5293614377504,0.2960122053838283,499996.46770746645
2350.0,0.225,CO2,29.7152210944063,0.9584707783349926,499995.4584810283
2350.0,0.225,N2,171.52935883459512,0.29601219064010376,499995.4584810283
2350.0,0.275,CO2,29.029958884941344,0.9437857768156437,499994.44925459014
2350.0,0.275,N2,171.52935513499676,0.2960121710879308,499994.44925459014
2350.0,0.325,CO2,27.69276703430301,0.9147317137984193,499993.440028152
2350.0,0.325,N2,171.52935001945463,0.29601214561141326,499993.440028152
2350.0,0.375,CO2,25.28222649507282,0.8604267235157099,499992.43080171384
2350.0,0.375,N2,171.529343100843,0.29601211290236173,499992.43080171384
2350.0,0.42500000000000004,CO2,21.38402501295276,0.7662685006043275,499991.4215752757
2350.0,0.42500000000000004,N2,171.52933391372605,0.2960120714352341,499991.4215752757
2350.0,0.47500000000000003,CO2,16.032399818795337,0.6214480696923445,499990.41234883753
2350.0,0.47500000000000003,N2,171.5293219024034,0.29601201943958644,499990.41234883753
2350.0,0.525,CO2,10.239672156345973,0.43794478767131034,499989.4031223994
2350.0,0.525,N2,171.52930640757523,0.29601195486985765,499989.4031223994
2350.0,0.5750000000000001,CO2,5.550452494283588,0.2605667261327568,499988.3938959612
2350.0,0.5750000000000001,N2,171.52928665150804,0.29601187537230206,499988.3938959612
2350.0,0.625,CO2,2.6554311203722376,0.1329333362515998,499987.3846695231
2350.0,0.625,N2,171.529261721586,0.29601177824892216,499987.3846695231
2350.0,0.675,CO2,1.177798290593062,0.06094626883354802,499986.3754430849
2350.0,0.675,N2,171.52923055222047,0.2960116604185409,499986.3754430849
2350.0,0.7250000000000001,CO2,0.5010962598421378,0.026254771126592906,499985.3662166468
2350.0,0.7250000000000001,N2,171.5291919057258,0.29601151837706274,499985.3662166468
2350.0,0.775,CO2,0.2081527499694585,0.01092372351049668,499984.3569902086
2350.0,0.775,N2,171.5291443568236,0.2960113481710503,499984.3569902086
2350.0,0.8250000000000001,CO2,0.08509746347535808,0.004450031128674427,499983.3477637705
2350.0,0.8250000000000001,N2,171.5290863105435,0.29601114547481644,499983.3477637705
2350.0,0.875,CO2,0.03435288371091949,0.0017857420772393298,499982.3385373323
2350.0,0.875,N2,171.52901623761505,0.29601090633797644,499982.3385373323
2350.0,0.925,CO2,0.013720841736896958,0.0007081625872905919,499981.3293108942
2350.0,0.925,N2,171.52893425519872,0.29601063214646384,499981.3293108942
2350.0,0.9750000000000001,CO2,0.0056020598319508836,0.0002868751755340973,499980.320084456
2350.0,0.9750000000000001,N2,171.5288519248171,0.2960103608391623,499980.320084456
2400.0,0.025,CO2,30.26537011427062,0.9703332448898168,499999.49538678094
2400.0,0.025,N2,171.5293651571385,0.2960122312773006,499999.49538678094
2400.0,0.07500000000000001,CO2,30.24850046676648,0.9699585139055693,499998.48616034276
2400.0,0.07500000000000001,N2,171.5293646766845,0.29601222748189193,499998.48616034276
2400.0,0.125,CO2,30.199344423998657,0.9688820741594145,499997.47693390463
2400.0,0.125,N2,171.52936387584845,0.2960122219714004,499997.47693390463
2400.0,0.17500000000000002,CO2,30.075543331691346,0.9662065013674317,499996.46770746645
2400.0,0.17500000000000002,N2,171.52936263250652,0.2960122142585459,499996.46770746645
2400.0,0.225,CO2,29.79351344839023,0.9601667026485349,499995.4584810283
2400.0,0.225,N2,171.52936079351,0.29601220375821224,499995.4584810283
2400.0,0.275,CO2,29.198616863294525,0.9474478028383485,499994.44925459014
2400.0,0.275,N2,171.52935816903891,0.2960121897733995,499994.44925459014
2400.0,0.325,CO2,28.02638360767084,0.9221121379628073,499993.440028152
2400.0,0.325,N2,171.52935452620423,0.296012171479396,499993.440028152
2400.0,0.375,CO2,25.88127235181475,0.8742879382664412,499992.43080171384
2400.0,0.375,N2,171.52934958182053,0.2960121479062079,499992.43080171384
2400.0,0.42500000000000004,CO2,22.32591523581434,0.78996313480988,499991.4215752757
2400.0,0.42500000000000004,N2,171.52934299427034,0.29601211791914195,499991.4215752757
2400.0,0.47500000000000003,CO2,17.24797180524049,0.6563482896662929,499990.41234883753
2400.0,0.47500000000000003,N2,171.52933435437424,0.2960120801974035,499990.41234883753
2400.0,0.525,CO2,11.43187196050774,0.4786954667059135,499989.4031223994
2400.0,0.525,N2,171.5293231751781,0.29601203321056163,499989.4031223994
2400.0,0.5750000000000001,CO2,6.41250618659369,0.29579790235462994,499988.3938959612
2400.0,0.5750000000000001,N2,171.5293088805681,0.296011975192727,499988.3938959612
2400.0,0.625,CO2,3.142454831901096,0.155705447011797,499987.3846695231
2400.0,0.625,N2,171.52929079263075,0.2960119041143173,499987.3846695231
2400.0,0.675,CO2,1.4142598708408272,0.07288467310946346,499986.3754430849
2400.0,0.675,N2,171.52926811775015,0.29601181765149825,499986.3754430849
2400.0,0.7250000000000001,CO2,0.607142408230013,0.03180065425697814,499985.3662166468
2400.0,0.7250000000000001,N2,171.52923993191237,0.29601171315482666,499985.3662166468
2400.0,0.775,CO2,0.2538360339802977,0.013343316319827913,499984.3569902086
2400.0,0.775,N2,171.52920516869273,0.2960115876276998,499984.3569902086
2400.0,0.8250000000000001,CO2,0.10434506504571646,0.0054714219153061475,499983.3477637705
2400.0,0.8250000000000001,N2,171.5291626320348,0.29601143778229033,499983.3477637705
2400.0,0.875,CO2,0.04234460147430649,0.0022085367715151253,499982.3385373323
2400.0,0.875,N2,171.52911117029328,0.2960112605975683,499982.3385373323
2400.0,0.925,CO2,0.017002841759325853,0.0008808584118446426,499981.3293108942
2400.0,0.925,N2,171.52905084631414,0.296011057027155,499981.3293108942
2400.0,0.9750000000000001,CO2,0.006980506220322548,0.0003589259255493705,499980.320084456
2400.0,0.9750000000000001,N2,171.52899018032392,0.29601085529293547,499980.320084456
2450.0,0.025,CO2,30.266069580598913,0.970349071890476,499999.49538678094
2450.0,0.025,N2,171.52936523687825,0.2960122325028603,499999.49538678094
2450.0,0.07500000000000001,CO2,30.251763246781763,0.9700315142871516,499998.48616034276
2450.0,0.07500000000000001,N2,171.5293649030018,0.29601222984333586,499998.48616034276
2450.0,0.125,CO2,30.209881712121092,0.9691146744956816,499997.47693390463
2450.0,0.125,N2,171.52936434286204,0.2960122259582093,499997.47693390463
2450.0,0.17500000000000002,CO2,30.103843695376774,0.9668235399427837,499996.46770746645
2450.0,0.17500000000000002,N2,171.52936346859434,0.2960122204916886,499996.46770746645
2450.0,0.225,CO2,29.860878991540446,0.9616238468598121,499995.4584810283
2450.0,0.225,N2,171.52936216953287,0.29601221301492575,499995.4584810283
2450.0,0.275,CO2,29.344920426868274,0.950614105974274,499994.44925459014
2450.0,0.275,N2,171.52936030796275,0.2960122030152247,499994.44925459014
2450.0,0.325,CO2,28.31912949493753,0.928544255618287,499993.440028152
2450.0,0.325,N2,171.52935771429065,0.29601218988387074,499993.440028152
2450.0,0.375,CO2,26.416530444943238,0.8865140574048361,499992.43080171384
2450.0,0.375,N2,171.52935418157267,0.2960121729025867,499992.43080171384
2450.0,0.42500000000000004,CO2,23.192949484615273,0.81130180800395,499991.4215752757
2450.0,0.42500000000000004,N2,171.5293494593337,0.2960121512285263,499991.4215752757
2450.0,0.47500000000000003,CO2,18.42085913353314,0.6889467982428795,499990.41234883753
2450.0,0.47500000000000003,N2,171.52934324661035,0.29601212387769066,499990.41234883753
2450.0,0.525,CO2,12.657529053037987,0.5189650895082952,499989.4031223994
2450.0,0.525,N2,171.52933518414082,0.29601208970664594,499989.4031223994
2450.0,0.5750000000000001,CO2,7.35700033900236,0.3330309342810698,499988.3938959612
2450.0,0.5750000000000001,N2,171.5293248456247,0.2960120473924137,499988.3938959612
2450.0,0.625,CO2,3.7011751258911225,0.18121364012288285,499987.3846695231
2450.0,0.625,N2,171.5293117279814,0.29601199541042833,499987.3846695231
2450.0,0.675,CO2,1.6928301376216504,0.08678060548369579,499986.3754430849
2450.0,0.675,N2,171.52929524059232,0.2960119320106139,499986.3754430849
2450.0,0.7250000000000001,CO2,0.7338613721549557,0.03839712538217684,499985.3662166468
2450.0,0.7250000000000001,N2,171.52927469388428,0.29601185519272,499985.3662166468
2450.0,0.775,CO2,0.30887289680576424,0.016256175098803276,499984.3569902086
2450.0,0.775,N2,171.5292492898671,0.2960117626888664,499984.3569902086
2450.0,0.8250000000000001,CO2,0.12766503944379884,0.0067104097431832195,499983.3477637705
2450.0,0.8250000000000001,N2,171.5292181311011,0.29601165200402335,499983.3477637705
2450.0,0.875,CO2,0.05207364063714168,0.002724390777911389,499982.3385373323
2450.0,0.875,N2,171.52918034937406,0.29601152083210536,499982.3385373323
2450.0,0.925,CO2,0.021016879512410366,0.0010926734945568286,499981.3293108942
2450.0,0.925,N2,171.52913597204815,0.29601136982447024,499981.3293108942
2450.0,0.9750000000000001,CO2,0.008674527115341283,0.0004477608304702512,499980.320084456
2450.0,0.9750000000000001,N2,171.52909127654618,0.2960112199551381,499980.320084456
2500.0,0.025,CO2,30.266659624470773,0.9703624029294824,499999.49538678094
2500.0,0.025,N2,171.52936529203808,0.2960122333486674,499999.49538678094
2500.0,0.07500000000000001,CO2,30.25452466438402,0.9700932355885481,499998.48616034276
2500.0,0.07500000000000001,N2,171.52936506026847,0.296012231485572,499998.48616034276
2500.0,0.125,CO2,30.21884028855956,0.9693123017678914,499997.47693390463
2500.0,0.125,N2,171.52936466874567,0.296012228747137,499997.47693390463
2500.0,0.17500000000000002,CO2,30.128032603005984,0.9673506120233707,499996.46770746645
2500.0,0.17500000000000002,N2,171.5293640542953,0.2960122248738914,499996.46770746645
2500.0,0.225,CO2,29.918812086504584,0.9628754569013936,499995.4584810283
2500.0,0.225,N2,171.52936313700815,0.2960122195519038,499995.4584810283
2500.0,0.275,CO2,29.471691951340087,0.9533500758750139,499994.44925459014
2500.0,0.275,N2,171.52936181704982,0.29601221240451336,499994.44925459014
2500.0,0.325,CO2,28.575459109329657,0.9341428933950882,499993.440028152
2500.0,0.325,N2,171.52935997102264,0.29601220298299313,499993.440028152
2500.0,0.375,CO2,26.892869830619894,0.8972706613787165,499992.43080171384
2500.0,0.375,N2,171.52935744783076,0.29601219075613583,499992.43080171384
2500.0,0.42500000000000004,CO2,23.985396268528365,0.830422285074804,499991.4215752757
2500.0,0.42500000000000004,N2,171.5293540639967,0.29601217509868255,499991.4215752757
2500.0,0.47500000000000003,CO2,19.53982823883892,0.7191196142683034,499990.41234883753
2500.0,0.47500000000000003,N2,171.52934959837594,0.2960121552785042,499990.41234883753
2500.0,0.525,CO2,13.899794399138601,0.5582311581951438,499989.4031223994
2500.0,0.525,N2,171.52934378620864,0.296012130442433,499989.4031223994
2500.0,0.5750000000000001,CO2,8.378819469852896,0.3718185908481675,499988.3938959612
2500.0,0.5750000000000001,N2,171.5293363124441,0.29601209960063946,499988.3938959612
2500.0,0.625,CO2,4.3368455116224,0.20946870674181634,499987.3846695231
2500.0,0.625,N2,171.52932680427452,0.29601206160946464,499987.3846695231
2500.0,0.675,CO2,2.01945495555241,0.10284216559328953,499986.3754430849
2500.0,0.675,N2,171.52931482285157,0.2960120151527374,499986.3754430849
2500.0,0.7250000000000001,CO2,0.8848572724794793,0.04621077741271825,499985.3662166468
2500.0,0.7250000000000001,N2,171.52929985442253,0.29601195872242336,499985.3662166468
2500.0,0.775,CO2,0.37504547199056953,0.019753301940426512,499984.3569902086
2500.0,0.775,N2,171.52928130280515,0.29601189060456323,499984.3569902086
2500.0,0.8250000000000001,CO2,0.15586891620446974,0.008210056580092098,499983.3477637705
2500.0,0.8250000000000001,N2,171.52925849541955,0.2960118089084904,499983.3477637705
2500.0,0.875,CO2,0.06389631355525113,0.0033524720480305045,499982.3385373323
2500.0,0.875,N2,171.5292307780051,0.2960117118767878,499982.3385373323
2500.0,0.925,CO2,0.025916670896761973,0.0013519036000565554,499981.3293108942
2500.0,0.925,N2,171.52919815544706,0.29601159995053095,499981.3293108942
2500.0,0.9750000000000001,CO2,0.010751916911648552,0.0005570327585323329,499980.320084456
2500.0,0.9750000000000001,N2,171.5291652483666,0.2960114887036897,499980.320084456
2550.0,0.025,CO2,30.267157569687086,0.970373637006372,499999.49538678094
2550.0,0.025,N2,171.52936532991674,0.2960122339272764,499999.49538678094
2550.0,0.07500000000000001,CO2,30.256862368611113,0.9701454360923742,499998.48616034276
2550.0,0.07500000000000001,N2,171.52936516906237,0.29601223262358445,499998.48616034276
2550.0,0.125,CO2,30.22645722459332,0.9694802328887555,499997.47693390463
2550.0,0.125,N2,171.52936489551385,0.29601223069511046,499997.47693390463
2550.0,0.17500000000000002,CO2,30.148704204703844,0.9678008037869978,499996.46770746645
2550.0,0.17500000000000002,N2,171.52936446388082,0.29601222795284843,499996.46770746645
2550.0,0.225,CO2,29.96861037858178,0.9639502382481929,499995.4584810283
2550.0,0.225,N2,171.5293638165053,0.2960122241672588,499995.4584810283
2550.0,0.275,CO2,29.581432155622117,0.9557128898718996,499994.44925459014
2550.0,0.275,N2,171.52936288107077,0.2960122190619495,499994.44925459014
2550.0,0.325,CO2,28.799478624108364,0.9390107357061447,499993.440028152
2550.0,0.325,N2,171.52936156786532,0.29601221230653,499993.440028152
2550.0,0.375,CO2,27.315275158037732,0.9067136774235982,499992.43080171384
2550.0,0.375,N2,171.52935976666168,0.29601220350862173,499992.43080171384
2550.0,0.42500000000000004,CO2,24.705080107503978,0.8474804046924005,499991.4215752757
2550.0,0.42500000000000004,N2,171.5293573431741,0.2960121922049568,499991.4215752757
2550.0,0.47500000000000003,CO2,20.596331890894824,0.7468215674766473,499990.41234883753
2550.0,0.47500000000000003,N2,171.52935413504716,0.29601217785149075,499990.41234883753
2550.0,0.525,CO2,15.141560183710993,0.5960407178247082,499989.4031223994
2550.0,0.525,N2,171.5293499473326,0.2960121598124479,499989.4031223994
2550.0,0.5750000000000001,CO2,9.469685988822643,0.4116444872997866,499988.3938959612
2550.0,0.5750000000000001,N2,171.5293445474048,0.2960121373482101,499988.3938959612
2550.0,0.625,CO2,5.0534329133018066,0.24039230628614666,499987.3846695231
2550.0,0.625,N2,171.52933765926724,0.29601210960197744,499987.3846695231
2550.0,0.675,CO2,2.4003898470071348,0.12126301962583974,499986.3754430849
2550.0,0.675,N2,171.52932895723205,0.29601207558521014,499986.3754430849
2550.0,0.7250000000000001,CO2,1.0642293028507572,0.05542403445758228,499985.3662166468
2550.0,0.7250000000000001,N2,171.52931805914477,0.2960120341624808,499985.3662166468
2550.0,0.775,CO2,0.4544424956019436,0.023939811064620335,499984.3569902086
2550.0,0.775,N2,171.5293045205655,0.2960119840401941,499984.3569902086
2550.0,0.8250000000000001,CO2,0.18992036515858995,0.010021219252321314,499983.3477637705
2550.0,0.8250000000000001,N2,171.52928783894055,0.2960119237875977,499983.3477637705
2550.0,0.875,CO2,0.07823849116465666,0.0041156552328295935,499982.3385373323
2550.0,0.875,N2,171.52926752333732,0.2960118520674303,499982.3385373323
2550.0,0.925,CO2,0.03188668500922443,0.001668506863257901,499981.3293108942
2550.0,0.925,N2,171.5292435676494,0.2960117691751816,499981.3293108942
2550.0,0.9750000000000001,CO2,0.01329430480282778,0.00069114524559974,499980.320084456
2550.0,0.9750000000000001,N2,171.52921936936866,0.2960116866651041,499980.320084456
2600.0,0.025,CO2,30.267577958237396,0.9703831082945561,499999.49538678094
2600.0,0.025,N2,171.5293653558076,0.29601223432102325,499999.49538678094
2600.0,0.07500000000000001,CO2,30.25884187761293,0.9701895972030843,499998.48616034276
2600.0,0.07500000000000001,N2,171.52936524405442,0.2960122334095374,499998.48616034276
2600.0,0.125,CO2,30.232933953539614,0.9696229460177974,499997.47693390463
2600.0,0.125,N2,171.52936505286803,0.29601223205249333,499997.47693390463
2600.0,0.17500000000000002,CO2,30.16636768862747,0.9681853069710284,499996.46770746645
2600.0,0.17500000000000002,N2,171.52936474966458,0.2960122301123674,499996.46770746645
2600.0,0.225,CO2,30.011398725736832,0.9648729539691336,499995.4584810283
2600.0,0.225,N2,171.5293642928782,0.2960122274215137,499995.4584810283
2600.0,0.275,CO2,29.67634784887851,0.9577524399272392,499994.44925459014
2600.0,0.275,N2,171.52936363017187,0.29601222377734776,499994.44925459014
2600.0,0.325,CO2,28.994936056033335,0.943239138228997,499993.440028152
2600.0,0.325,N2,171.5293626963828,0.296012218936891,499993.440028152
2600.0,0.375,CO2,27.688686191814725,0.9149878298641811,499992.43080171384
2600.0,0.375,N2,171.52936141117308,0.2960122126106538,499992.43080171384
2600.0,0.42500000000000004,CO2,25.35499952681326,0.8626410403792204,499991.4215752757
2600.0,0.42500000000000004,N2,171.52935967635187,0.2960122044558039,499991.4215752757
2600.0,0.47500000000000003,CO2,21.584470355221917,0.7720729775311453,499990.41234883753
2600.0,0.47500000000000003,N2,171.52935737283616,0.29601219406855755,499990.41234883753
2600.0,0.525,CO2,16.36641355070577,0.6320258550394527,499989.4031223994
2600.0,0.525,N2,171.52935435721108,0.2960121809757271,499989.4031223994
2600.0,0.5750000000000001,CO2,10.618330576339519,0.4519516006783205,499988.3938959612
2600.0,0.5750000000000001,N2,171.52935045785156,0.2960121646253547,499988.3938959612
2600.0,0.625,CO2,5.853092638447531,0.27380666994842884,499987.3846695231
2600.0,0.625,N2,171.52934547056864,0.2960121443763701,499987.3846695231
2600.0,0.675,CO2,2.842011583715642,0.14220856652321126,499986.3754430849
2600.0,0.675,N2,171.52933915376656,0.2960121194872755,499986.3754430849
2600.0,0.7250000000000001,CO2,1.276589092939667,0.06623266140496434,499985.3662166468
2600.0,0.7250000000000001,N2,171.5293312232487,0.29601208910432025,499985.3662166468
2600.0,0.775,CO2,0.5495008406563648,0.028936159416428207,499984.3569902086
2600.0,0.775,N2,171.5293213477317,0.29601205225249577,499984.3569902086
2600.0,0.8250000000000001,CO2,0.23096120394941147,0.012203744010183143,499983.3477637705
2600.0,0.8250000000000001,N2,171.52930915177916,0.29601200785059495,499983.3477637705
2600.0,0.875,CO2,0.09560851475055249,0.005041184730038291,499982.3385373323
2600.0,0.875,N2,171.52929426726288,0.2960119548826612,499982.3385373323
2600.0,0.925,CO2,0.03914806381404266,0.0020544200661476862,499981.3293108942
2600.0,0.925,N2,171.52927668278616,0.29601189354416696,499981.3293108942
2600.0,0.9750000000000001,CO2,0.016399873639302228,0.0008553998261694349,499980.320084456
2600.0,0.9750000000000001,N2,171.5292588957948,0.29601183239957435,499980.320084456
2650.0,0.025,CO2,30.267933004971404,0.9703910968924603,499999.49538678094
2650.0,0.025,N2,171.52936537361347,0.29601223459102205,499999.49538678094
2650.0,0.07500000000000001,CO2,30.260518492369073,0.9702269675553398,499998.48616034276
2650.0,0.07500000000000001,N2,171.5293652959143,0.29601223395353243,499998.48616034276
2650.0,0.125,CO2,30.238441623301217,0.9697442418262578,499997.47693390463
2650.0,0.125,N2,171.5293651622283,0.2960122329985702,499997.47693390463
2650.0,0.17500000000000002,CO2,30.181459194416895,0.9685136909388664,499996.46770746645
2650.0,0.17500000000000002,N2,171.52936494918572,0.2960122316261784,499996.46770746645
2650.0,0.225,CO2,30.048150764201598,0.9656649502902497,499995.4584810283
2650.0,0.225,N2,171.5293646268484,0.29601222971404806,499995.4584810283
2650.0,0.275,CO2,29.758379752350756,0.959512182336441,499994.44925459014
2650.0,0.275,N2,171.52936415737264,0.2960122271138565,499994.44925459014
2650.0,0.325,CO2,29.165224432926294,0.9469090257021633,499993.440028152
2650.0,0.325,N2,171.52936349347027,0.2960122236471109,499993.440028152
2650.0,0.375,CO2,28.017880756676856,0.9222259000959366,499992.43080171384
2650.0,0.375,N2,171.52936257664206,0.2960122191004756,499992.43080171384
2650.0,0.42500000000000004,CO2,25.938986896032112,0.8760711084206895,499991.4215752757
2650.0,0.42500000000000004,N2,171.52936133515996,0.2960122132205399,499991.4215752757
2650.0,0.47500000000000003,CO2,22.50080774922458,0.7949456146643742,499990.41234883753
2650.0,0.47500000000000003,N2,171.52935968176925,0.2960122057079756,499990.41234883753
2650.0,0.525,CO2,17.559450302730692,0.665910466567412,499989.4031223994
2650.0,0.525,N2,171.52935751108103,0.2960121962110298,499989.4031223994
2650.0,0.5750000000000001,CO2,11.810917391329474,0.4921744544956449,499988.3938959612
2650.0,0.5750000000000001,N2,171.5293546966215,0.29601218431829673,499988.3938959612
2650.0,0.625,CO2,6.735648363118244,0.309431321981592,499987.3846695231
2650.0,0.625,N2,171.52935108750634,0.29601216955071685,499987.3846695231
2650.0,0.675,CO2,3.3505515706474194,0.1657999907992797,499986.3754430849
2650.0,0.675,N2,171.5293465047231,0.2960121513528015,499986.3754430849
2650.0,0.7250000000000001,CO2,1.5270564002290956,0.07884144041921312,499985.3662166468
2650.0,0.7250000000000001,N2,171.5293407371149,0.296012129083425,499985.3662166468
2650.0,0.775,CO2,0.6630481745117649,0.03487907807734518,499984.3569902086
2650.0,0.775,N2,171.5293335378489,0.2960121020086707,499984.3569902086
2650.0,0.8250000000000001,CO2,0.2803409382281046,0.014827759877382121,499983.3477637705
2650.0,0.8250000000000001,N2,171.5293246263484,0.2960120693125942,499983.3477637705
2650.0,0.875,CO2,0.11661231250369503,0.006161438779990509,499982.3385373323
2650.0,0.875,N2,171.52931372612562,0.2960120302245474,499982.3385373323
2650.0,0.925,CO2,0.047965634098195056,0.0025239310438103946,499981.3293108942
2650.0,0.925,N2,171.52930082277615,0.296011984871892,499981.3293108942
2650.0,0.9750000000000001,CO2,0.020186597367497144,0.00105617105899547,499980.320084456
2650.0,0.9750000000000001,N2,171.5292877511595,0.29601193959751704,499980.320084456
2700.0,0.025,CO2,30.268232976690427,0.9703978377535218,499999.49538678094
2700.0,0.025,N2,171.52936538596893,0.29601223477811955,499999.49538678094
2700.0,0.07500000000000001,CO2,30.26193890723353,0.9702586000576652,499998.48616034276
2700.0,0.07500000000000001,N2,171.52936533199156,0.2960122343319593,499998.48616034276
2700.0,0.125,CO2,30.24312565040786,0.9698473463380929,499997.47693390463
2700.0,0.125,N2,171.5293652385402,0.2960122336597163,499997.47693390463
2700.0,0.17500000000000002,CO2,30.194352116479347,0.9687941361569578,499996.46770746645
2700.0,0.17500000000000002,N2,171.52936508886475,0.2960122326888135,499996.46770746645
2700.0,0.225,CO2,30.079708153047626,0.9663446160504358,499995.4584810283
2700.0,0.225,N2,171.5293648614171,0.2960122313301125,499995.4584810283
2700.0,0.275,CO2,29.829229527356134,0.9610299091562785,499994.44925459014
2700.0,0.275,N2,171.52936452885362,0.2960122294751347,499994.44925459014
2700.0,0.325,CO2,29.313394420074783,0.9500918220246891,499993.440028152
2700.0,0.325,N2,171.52936405688348,0.29601222699290075,499993.440028152
2700.0,0.375,CO2,28.307394771197696,0.9285485868139539,499992.43080171384
2700.0,0.375,N2,171.52936340294343,0.2960122237263689,499992.43080171384
2700.0,0.42500000000000004,CO2,26.46141324521377,0.887934401448228,499991.4215752757
2700.0,0.42500000000000004,N2,171.5293625146789,0.296012219488436,499991.4215752757
2700.0,0.47500000000000003,CO2,23.344056401337358,0.8155492498259675,499990.41234883753
2700.0,0.47500000000000003,N2,171.52936132821068,0.2960122140574606,499990.41234883753
2700.0,0.525,CO2,18.70787500519742,0.697509271097679,499989.4031223994
2700.0,0.525,N2,171.52935976616305,0.29601220717226406,499989.4031223994
2700.0,0.5750000000000001,CO2,13.031793869192024,0.5317708853889567,499988.3938959612
2700.0,0.5750000000000001,N2,171.52935773542967,0.2960121985265646,499988.3938959612
2700.0,0.625,CO2,7.6981673469724266,0.34688856721212336,499987.3846695231
2700.0,0.625,N2,171.5293551246487,0.2960121877627998,499987.3846695231
2700.0,0.675,CO2,3.931742022667635,0.19209731788136133,499986.3754430849
2700.0,0.675,N2,171.52935180137598,0.29601217446533473,499986.3754430849
2700.0,0.7250000000000001,CO2,1.8212212835443322,0.09345760174073942,499985.3662166468
2700.0,0.7250000000000001,N2,171.52934760901536,0.29601215815330556,499985.3662166468
2700.0,0.775,CO2,0.798344102925667,0.04192199163990235,499984.3569902086
2700.0,0.775,N2,171.5293423640788,0.2960121382749553,499984.3569902086
2700.0,0.8250000000000001,CO2,0.3396498478260717,0.017975040669826192,499983.3477637705
2700.0,0.8250000000000001,N2,171.52933585744373,0.29601211421529683,499983.3477637705
2700.0,0.875,CO2,0.14197101497525141,0.0075148031651195105,499982.3385373323
2700.0,0.875,N2,171.52932788209714,0.2960120853905777,499982.3385373323
2700.0,0.925,CO2,0.05865619954500796,0.0030941159688788514,499981.3293108942
2700.0,0.925,N2,171.52931842329102,0.29601205188214635,499981.3293108942
2700.0,0.9750000000000001,CO2,0.024796093956651298,0.0013011142388649698,499980.320084456
2700.0,0.9750000000000001,N2,171.52930882754188,0.29601201838386915,499980.320084456
2750.0,0.025,CO2,30.268486507336817,0.9704035280828495,499999.49538678094
2750.0,0.025,N2,171.5293653945237,0.2960122349073675,499999.49538678094
2750.0,0.07500000000000001,CO2,30.263142561368287,0.9702853829038784,499998.48616034276
2750.0,0.07500000000000001,N2,171.52936535707792,0.29601223459526343,499998.48616034276
2750.0,0.125,CO2,30.247109587154682,0.9699349980296597,499997.47693390463
2750.0,0.125,N2,171.52936529180982,0.29601223412221334,499997.47693390463
2750.0,0.17500000000000002,CO2,30.20536599155353,0.9690336342707186,499996.46770746645
2750.0,0.17500000000000002,N2,171.52936518671947,0.2960122334355727,499996.46770746645
2750.0,0.225,CO2,30.106797639902467,0.9669277830453408,499995.4584810283
2750.0,0.225,N2,171.52936502630592,0.2960122324704439,499995.4584810283
2750.0,0.275,CO2,29.89038544251105,0.9623384431614189,499994.44925459014
2750.0,0.275,N2,171.52936479082436,0.29601223114757025,499994.44925459014
2750.0,0.325,CO2,29.44217311555593,0.9528503752084102,499993.440028152
2750.0,0.325,N2,171.52936445542542,0.2960122293709385,499993.440028152
2750.0,0.375,CO2,28.561470993154554,0.9340647844068164,499992.43080171384
2750.0,0.375,N2,171.5293639891622,0.2960122270250684,499992.43080171384
2750.0,0.42500000000000004,CO2,26.92694481008033,0.898387961942218,499991.4215752757
2750.0,0.42500000000000004,N2,171.52936335384814,0.2960122239719625,499991.4215752757
2750.0,0.47500000000000003,CO2,24.11472832548728,0.8340196074808011,499990.41234883753
2750.0,0.47500000000000003,N2,171.5293625027509,0.29601222004768235,499990.41234883753
2750.0,0.525,CO2,19.801361431433225,0.726720808094247,499989.4031223994
2750.0,0.525,N2,171.5293613791011,0.29601221505851605,499989.4031223994
2750.0,0.5750000000000001,CO2,14.264357958111104,0.5702497518404286,499988.3938959612
2750.0,0.5750000000000001,N2,171.5293599143995,0.2960122087767007,499988.3938959612
2750.0,0.625,CO2,8.73468858964723,0.38571828396420926,499987.3846695231
2750.0,0.625,N2,171.5293580265021,0.2960122009356636,499987.3846695231
2750.0,0.675,CO2,4.59038515956272,0.22108317088059076,499986.3754430849
2750.0,0.675,N2,171.52935561747236,0.29601219122477573,499986.3754430849
2750.0,0.7250000000000001,CO2,2.1650630640905058,0.11028169007050491,499985.3662166468
2750.0,0.7250000000000001,N2,171.5293525712531,0.296012179283802,499985.3662166468
2750.0,0.775,CO2,0.9591168575502439,0.050234649964940634,499984.3569902086
2750.0,0.775,N2,171.52934875157976,0.2960121646984306,499984.3569902086
2750.0,0.8250000000000001,CO2,0.4107555585088365,0.02174038331886105,499983.3477637705
2750.0,0.8250000000000001,N2,171.52934400285048,0.2960121470057045,499983.3477637705
2750.0,0.875,CO2,0.17254139060590026,0.009146660102922005,499982.3385373323
2750.0,0.875,N2,171.5293381705382,0.29601212576403935,499982.3385373323
2750.0,0.925,CO2,0.0715983290410685,0.0037853509064299717,499981.3293108942
2750.0,0.925,N2,171.529331241242,0.29601210102403147,499981.3293108942
2750.0,0.9750000000000001,CO2,0.030398207369344028,0.0015994115136698877,499980.320084456
2750.0,0.9750000000000001,N2,171.52932420262442,0.2960120762565965,499980.320084456
2800.0,0.025,CO2,30.268700860847115,0.9704083334867953,499999.49538678094
2800.0,0.025,N2,171.52936540037965,0.2960122349954274,499999.49538678094
2800.0,0.07500000000000001,CO2,30.264162774098725,0.9703080655628203,499998.48616034276
2800.0,0.07500000000000001,N2,171.52936537439925,0.29601223477742583,499998.48616034276
2800.0,0.125,CO2,30.25049840742331,0.9700095216648225,499997.47693390463
2800.0,0.125,N2,171.52936532882998,0.2960122344449091,499997.47693390463
2800.0,0.17500000000000002,CO2,30.21477416240077,0.969238159709738,499996.46770746645
2800.0,0.17500000000000002,N2,171.52936525508017,0.29601223395972776,499996.46770746645
2800.0,0.225,CO2,30.13004613033892,0.9674280744126869,499995.4584810283
2800.0,0.225,N2,171.5293651420057,0.2960122332746777,499995.4584810283
2800.0,0.275,CO2,29.94314630579847,0.963466259101166,499994.44925459014
2800.0,0.275,N2,171.52936497535825,0.2960122323319093,499994.44925459014
2800.0,0.325,CO2,29.553986586825477,0.9552398472590966,499993.440028152
2800.0,0.325,N2,171.52936473714303,0.2960122310611109,499993.440028152
2800.0,0.375,CO2,28.784030787985227,0.9388721315003788,499992.43080171384
2800.0,0.375,N2,171.5293644048759,0.29601222937745064,499992.43080171384
2800.0,0.42500000000000004,CO2,27.34035003927998,0.9075797035784009,499991.4215752757
2800.0,0.42500000000000004,N2,171.52936395072663,0.2960122271792539,499991.4215752757
2800.0,0.47500000000000003,CO2,24.814764811214364,0.8505081806840712,499990.41234883753
2800.0,0.47500000000000003,N2,171.52936334053504,0.2960122243453902,499990.41234883753
2800.0,0.525,CO2,20.832171900351383,0.7535165030238977,499989.4031223994
2800.0,0.525,N2,171.5293625326858,0.29601222073233946,499989.4031223994
2800.0,0.5750000000000001,CO2,15.492010668429224,0.607191794301762,499988.3938959612
2800.0,0.5750000000000001,N2,171.52936147682598,0.2960122161709115,499988.3938959612
2800.0,0.625,CO2,9.836187207643182,0.4254010176325567,499987.3846695231
2800.0,0.625,N2,171.52936011240817,0.29601221046258686,499987.3846695231
2800.0,0.675,CO2,5.329858541037814,0.25264942697285425,499986.3754430849
2800.0,0.675,N2,171.52935836705166,0.2960122033754729,499986.3754430849
2800.0,0.7250000000000001,CO2,2.564810678447086,0.129495752645373,499985.3662166468
2800.0,0.7250000000000001,N2,171.52935615475698,0.2960121946400101,499985.3662166468
2800.0,0.775,CO2,1.149590156490812,0.06000163218874837,499984.3569902086
2800.0,0.775,N2,171.52935337429045,0.2960121839454573,499984.3569902086
2800.0,0.8250000000000001,CO2,0.49584253775724274,0.026232919535541046,499983.3477637705
2800.0,0.8250000000000001,N2,171.5293499097513,0.2960121709437274,499983.3477637705
2800.0,0.875,CO2,0.20933938018231923,0.011110492749093679,499982.3385373323
2800.0,0.875,N2,171.52934564557341,0.29601215530124,499982.3385373323
2800.0,0.925,CO2,0.08724387818061309,0.0046219074067031275,499981.3293108942
2800.0,0.925,N2,171.52934056972524,0.29601213704833496,499981.3293108942
2800.0,0.9750000000000001,CO2,0.037196449796915165,0.0019620629120386825,499980.320084456
2800.0,0.9750000000000001,N2,171.5293354065587,0.29601211874964906,499980.320084456
2850.0,0.025,CO2,30.26888215137337,0.9704123931122806,499999.49538678094
2850.0,0.025,N2,171.529365404373,0.2960122350551805,499999.49538678094
2850.0,0.07500000000000001,CO2,30.265027701794704,0.9703272806370365,499998.48616034276
2850.0,0.07500000000000001,N2,171.52936538631855,0.29601223490301437,499998.48616034276
2850.0,0.125,CO2,30.253381302063794,0.9700728909699661,499997.47693390463
2850.0,0.125,N2,171.52936535448225,0.2960122346694387,499997.47693390463
2850.0,0.17500000000000002,CO2,30.22281038383446,0.9694128169441115,499996.46770746645
2850.0,0.17500000000000002,N2,171.5293653027176,0.29601223432683277,499996.46770746645
2850.0,0.225,CO2,30.149993946408454,0.967857207457218,499995.4584810283
2850.0,0.225,N2,171.5293652230193,0.2960122338408939,499995.4584810283
2850.0,0.275,CO2,29.988643453406873,0.9644380353365662,499994.44925459014
2850.0,0.275,N2,171.52936510511338,0.29601223316943703,499994.44925459014
2850.0,0.325,CO2,29.65098420551001,0.9573085492482533,499993.440028152
2850.0,0.325,N2,171.52936493597917,0.29601223226102147,499993.440028152
2850.0,0.375,CO2,28.97866301627694,0.9430577234848841,499992.43080171384
2850.0,0.375,N2,171.52936469929418,0.2960122310533913,499992.43080171384
2850.0,0.42500000000000004,CO2,27.70635171684254,0.9156470088764923,499991.4215752757
2850.0,0.42500000000000004,N2,171.52936437479212,0.29601222947170935,499991.4215752757
2850.0,0.47500000000000003,CO2,25.447182620355235,0.8651740281609049,499990.41234883753
2850.0,0.47500000000000003,N2,171.52936393752486,0.29601222742656674,499990.41234883753
2850.0,0.525,CO2,21.795092273447068,0.7779277396135013,499989.4031223994
2850.0,0.525,N2,171.52936335701457,0.29601222481174144,499989.4031223994
2850.0,0.5750000000000001,CO2,16.699050250909174,0.6422622852153124,499988.3938959612
2850.0,0.5750000000000001,N2,171.5293625962866,0.29601222150168627,499988.3938959612
2850.0,0.625,CO2,10.990818771560456,0.4653869240992719,499987.3846695231
2850.0,0.625,N2,171.52936161076641,0.2960122173487204,499987.3846695231
2850.0,0.675,CO2,6.151600002284778,0.28658917018993707,499986.3754430849
2850.0,0.675,N2,171.52936034703498,0.296012212179918,499986.3754430849
2850.0,0.7250000000000001,CO2,3.0267336988602507,0.15124907633326806,499985.3662166468
2850.0,0.7250000000000001,N2,171.52935874146286,0.29601220579379256,499985.3662166468
2850.0,0.775,CO2,1.3744939454110536,0.07141933161172023,499984.3569902086
2850.0,0.775,N2,171.52935671895415,0.29601219795754263,499984.3569902086
2850.0,0.8250000000000001,CO2,0.5974536039913219,0.03157723873471816,499983.3477637705
2850.0,0.8250000000000001,N2,171.52935419328276,0.29601218840974886,499983.3477637705
2850.0,0.875,CO2,0.2535669869507261,0.01346909782712552,499982.3385373323
2850.0,0.875,N2,171.52935107806292,0.29601217689874165,499982.3385373323
2850.0,0.925,CO2,0.1061315094760674,0.005632641941066066,499981.3293108942
2850.0,0.925,N2,171.52934736270888,0.29601216344171694,499981.3293108942
2850.0,0.9750000000000001,CO2,0.04543445734784169,0.0024022296605313164,499980.320084456
2850.0,0.9750000000000001,N2,171.5293435779332,0.29601214993222447,499980.320084456
2900.0,0.025,CO2,30.269035527946826,0.9704158239451497,499999.49538678094
2900.0,0.025,N2,171.52936540712764,0.29601223509631025,499999.49538678094
2900.0,0.07500000000000001,CO2,30.265761145188378,0.9703435622741335,499998.48616034276
2900.0,0.07500000000000001,N2,171.5293653945724,0.2960122349899982,499998.48616034276
2900.0,0.125,CO2,30.25583405652486,0.9701267818339953,499997.47693390463
2900.0,0.125,N2,171.52936537231776,0.2960122348258568,499997.47693390463
2900.0,0.17500000000000002,CO2,30.229674507259126,0.9695619666929587,499996.46770746645
2900.0,0.17500000000000002,N2,171.5293653359699,0.2960122345839063,499996.46770746645
2900.0,0.225,CO2,30.167106446162943,0.9682252563447513,499995.4584810283
2900.0,0.225,N2,171.5293652797828,0.2960122342392418,499995.4584810283
2900.0,0.275,CO2,30.02786073168809,0.9652751413610378,499994.44925459014
2900.0,0.275,N2,171.5293651963542,0.29601223376112934,499994.44925459014
2900.0,0.325,CO2,29.735063443541208,0.9590987126550751,499993.440028152
2900.0,0.325,N2,171.52936507626958,0.2960122331119701,499993.440028152
2900.0,0.375,CO2,29.14862544693182,0.9466989160804918,499992.43080171384
2900.0,0.375,N2,171.52936490768857,0.29601223224611983,499992.43080171384
2900.0,0.42500000000000004,CO2,28.029518996888786,0.9227160638435871,499991.4215752757
2900.0,0.42500000000000004,N2,171.52936467586437,0.2960122311085492,499991.4215752757
2900.0,0.47500000000000003,CO2,26.015757444179073,0.8781774481992782,499990.41234883753
2900.0,0.47500000000000003,N2,171.52936436258994,0.29601222963332957,499990.41234883753
2900.0,0.525,CO2,22.687220722375383,0.800032536635667,499989.4031223994
2900.0,0.525,N2,171.52936394556102,0.2960122277419247,499989.4031223994
2900.0,0.5750000000000001,CO2,17.87139986328482,0.675215535678745,499988.3938959612
2900.0,0.5750000000000001,N2,171.52936339764665,0.29601222534127014,499988.3938959612
2900.0,0.625,CO2,12.18443612910785,0.5051270779362118,499987.3846695231
2900.0,0.625,N2,171.52936268605842,0.29601222232162144,499987.3846695231
2900.0,0.675,CO2,7.0546244897517445,0.32259606741829694,499986.3754430849
2900.0,0.675,N2,171.52936177141007,0.29601221855416454,499986.3754430849
2900.0,0.7250000000000001,CO2,3.5568534502168823,0.1756421743202375,499985.3662166468
2900.0,0.7250000000000001,N2,171.52936060668685,0.2960122138884599,499985.3662166468
2900.0,0.775,CO2,1.639050210847628,0.0846910093111087,499984.3569902086
2900.0,0.775,N2,171.52935913629065,0.29601220815028917,499984.3569902086
2900.0,0.8250000000000001,CO2,0.7185317718990305,0.037914151532255316,499983.3477637705
2900.0,0.8250000000000001,N2,171.52935729625472,0.2960122011435408,499983.3477637705
2900.0,0.875,CO2,0.3066426819384907,0.016295887064624242,499982.3385373323
2900.0,0.875,N2,171.52935502228124,0.29601219267857265,499982.3385373323
2900.0,0.925,CO2,0.12890249837067558,0.006851788367729777,499981.3293108942
2900.0,0.925,N2,171.529352305561,0.29601218276421776,499981.3293108942
2900.0,0.9750000000000001,CO2,0.05540363667365507,0.0029356380739969106,499980.320084456
2900.0,0.9750000000000001,N2,171.5293495345668,0.2960121727975032,499980.320084456
2950.0,0.025,CO2,30.269165328989427,0.9704187243963496,499999.49538678094
2950.0,0.025,N2,171.52936540904838,0.2960122351249813,499999.49538678094
2950.0,0.07500000000000001,CO2,30.26638322947991,0.9703573616526222,499998.48616034276
2950.0,0.07500000000000001,N2,171.52936540033042,0.29601223505063645,499998.48616034276
2950.0,0.125,CO2,30.257921070400034,0.9701726174213143,499997.47693390463
2950.0,0.125,N2,171.52936538478258,0.2960122349352267,499997.47693390463
2950.0,0.17500000000000002,CO2,30.235537361563136,0.9696893339206148,499996.46770746645
2950.0,0.17500000000000002,N2,171.52936535926548,0.2960122347643122,499996.46770746645
2950.0,0.225,CO2,30.181784168266795,0.9685408794895579,499995.4584810283
2950.0,0.225,N2,171.5293653196569,0.2960122345198272,499995.4584810283
2950.0,0.275,CO2,30.061652508000474,0.9659960673009507,499994.44925459014
2950.0,0.275,N2,171.52936526062675,0.2960122341794011,499994.44925459014
2950.0,0.325,CO2,29.807894292803574,0.96064719476261,499993.440028152
2950.0,0.325,N2,171.52936517537245,0.29601223371557744,499993.440028152
2950.0,0.375,CO2,29.29685517319748,0.9498641670633993,499992.43080171384
2950.0,0.375,N2,171.5293650553106,0.29601223309492214,499992.43080171384
2950.0,0.42500000000000004,CO2,28.31419268084742,0.9289017293645334,499991.4215752757
2950.0,0.42500000000000004,N2,171.52936488971824,0.2960122322770097,499991.4215752757
2950.0,0.47500000000000003,CO2,26.524751186107448,0.8896753100021264,499990.41234883753
2950.0,0.47500000000000003,N2,171.52936466531733,0.2960122312132722,499990.41234883753
2950.0,0.525,CO2,23.507669048464475,0.8199429652037337,499989.4031223994
2950.0,0.525,N2,171.5293643657963,0.2960122298457003,499989.4031223994
2950.0,0.5750000000000001,CO2,18.99713961611603,0.7058923491349218,499988.3938959612
2950.0,0.5750000000000001,N2,171.5293639712599,0.2960122281053774,499988.3938959612
2950.0,0.625,CO2,13.401333750569579,0.5441033993698392,499987.3846695231
2950.0,0.625,N2,171.5293634576007,0.296012225910834,499987.3846695231
2950.0,0.675,CO2,8.035140053820218,0.3602725027623915,499986.3754430849
2950.0,0.675,N2,171.52936279578742,0.29601222316621606,499986.3754430849
2950.0,0.7250000000000001,CO2,4.160569801780094,0.2027102729378816,499985.3662166468
2950.0,0.7250000000000001,N2,171.52936195108234,0.2960122197593186,499985.3662166468
2950.0,0.775,CO2,1.9489228016013724,0.10001953363599388,499984.3569902086
2950.0,0.775,N2,171.52936088231496,0.2960122155599073,499984.3569902086
2950.0,0.8250000000000001,CO2,0.8624597405856291,0.045400864193704475,499983.3477637705
2950.0,0.8250000000000001,N2,171.5293595420193,0.29601221042102943,499983.3477637705
2950.0,0.875,CO2,0.37023531098354107,0.019676240544802572,499982.3385373323
2950.0,0.875,N2,171.52935788233654,0.2960122041999623,499982.3385373323
2950.0,0.925,CO2,0.15631912254238148,0.008319860809026757,499981.3293108942
2950.0,0.925,N2,171.52935589604934,0.2960121969003839,499981.3293108942
2950.0,0.9750000000000001,CO2,0.06745220552790857,0.0035810531297508874,499980.320084456
2950.0,0.9750000000000001,N2,171.52935386751074,0.29601218955227215,499980.320084456
3000.0,0.025,CO2,30.269275211491898,0.9704211772918582,499999.49538678094
3000.0,0.025,N2,171.52936541037792,0.2960122351447754,499999.49538678094
3000.0,0.07500000000000001,CO2,30.266910976631575,0.9703690599906927,499998.48616034276
3000.0,0.07500000000000001,N2,171.52936540433458,0.2960122350928346,499998.48616034276
3000.0,0.125,CO2,30.259697071543016,0.9702116064105972,499997.47693390463
3000.0,0.125,N2,171.52936539348445,0.2960122350117374,499997.47693390463
3000.0,0.17500000000000002,CO2,30.24054493932188,0.9697981002047095,499996.46770746645
3000.0,0.17500000000000002,N2,171.5293653755852,0.29601223489105655,499996.46770746645
3000.0,0.225,CO2,30.194371665255346,0.9688115161177411,499995.4584810283
3000.0,0.225,N2,171.5293653476807,0.29601223471769883,499995.4584810283
3000.0,0.275,CO2,30.090759795756515,0.9666168012258103,499994.44925459014
3000.0,0.275,N2,171.52936530593453,0.2960122344753949,499994.44925459014
3000.0,0.325,CO2,29.870942708615317,0.9619861182662618,499993.440028152
3000.0,0.325,N2,171.529365245434,0.2960122341441126,499993.440028152
3000.0,0.375,CO2,29.425985029519587,0.9526138764935663,499992.43080171384
3000.0,0.375,N2,171.52936515996072,0.2960122336993837,499992.43080171384
3000.0,0.42500000000000004,CO2,28.56443729306894,0.934307788467737,499991.4215752757
3000.0,0.42500000000000004,N2,171.52936504172254,0.2960122331115375,499991.4215752757
3000.0,0.47500000000000003,CO2,26.97868653919665,0.8998177814889365,499990.41234883753
3000.0,0.47500000000000003,N2,171.52936488104305,0.29601223234482876,499990.41234883753
3000.0,0.525,CO2,24.257212778855866,0.8377940313141274,499989.4031223994
3000.0,0.525,N2,171.5293646660028,0.29601223135644955,499989.4031223994
3000.0,0.5750000000000001,CO2,20.066783361170707,0.7342122300379111,499988.3938959612
3000.0,0.5750000000000001,N2,171.52936438202516,0.29601223009541405,499988.3938959612
3000.0,0.625,CO2,14.625148612701228,0.5818537750038363,499987.3846695231
3000.0,0.625,N2,171.52936401140215,0.29601222850130104,499987.3846695231
3000.0,0.675,CO2,9.086356765497895,0.3991465588199311,499986.3754430849
3000.0,0.675,N2,171.52936353275416,0.29601222650285297,499986.3754430849
3000.0,0.7250000000000001,CO2,4.842217348105445,0.23240813493359505,499985.3662166468
3000.0,0.7250000000000001,N2,171.52936292043321,0.29601222401646565,499985.3662166468
3000.0,0.775,CO2,2.310120057726278,0.11759755194775086,499984.3569902086
3000.0,0.775,N2,171.52936214396095,0.29601222094488383,499984.3569902086
3000.0,0.8250000000000001,CO2,1.033093385335304,0.0542102727981115,499983.3477637705
3000.0,0.8250000000000001,N2,171.52936116809678,0.2960122171781077,499983.3477637705
3000.0,0.875,CO2,0.4463012935034658,0.02370885102952694,499982.3385373323
3000.0,0.875,N2,171.52935995715143,0.2960122126088545,499982.3385373323
3000.0,0.925,CO2,0.18928594153219008,0.010084670913981193,499981.3293108942
3000.0,0.925,N2,171.5293585051506,0.296012207237754,499981.3293108942
3000.0,0.9750000000000001,CO2,0.0819958596394475,0.004360831503747194,499980.320084456
3000.0,0.9750000000000001,N2,171.52935702014764,0.2960122018236726,499980.320084456
3050.0,0.025,CO2,30.269368259239155,0.9704232523718777,499999.49538678094
3050.0,0.025,N2,171.52936541128318,0.29601223515817116,499999.49538678094
3050.0,0.07500000000000001,CO2,30.267358787417365,0.9703789794848,499998.48616034276
3050.0,0.07500000000000001,N2,171.52936540709086,0.29601223512195374,499998.48616034276
3050.0,0.125,CO2,30.261208571601216,0.9702447754242881,499997.47693390463
3050.0,0.125,N2,171.52936539952012,0.2960122350650454,499997.47693390463
3050.0,0.17500000000000002,CO2,30.244821986858422,0.9698909827696617,499996.46770746645
3050.0,0.17500000000000002,N2,171.52936538697003,0.2960122349799223,499996.46770746645
3050.0,0.225,CO2,30.205165181689825,0.9690435560871502,499995.4584810283
3050.0,0.225,N2,171.52936536732193,0.2960122348571022,499995.4584810283
3050.0,0.275,CO2,30.115824603810225,0.9671511596209709,499994.44925459014
3050.0,0.275,N2,171.52936533781613,0.296012234684763,499994.44925459014
3050.0,0.325,CO2,29.925492650669952,0.963143446316972,499993.440028152
3050.0,0.325,N2,171.5293652949068,0.2960122344483012,499993.440028152
3050.0,0.375,CO2,29.538363638280817,0.955001198016056,499992.43080171384
3050.0,0.375,N2,171.5293652340913,0.2960122341298255,499992.43080171384
3050.0,0.42500000000000004,CO2,28.784014202373903,0.9390274449287127,499991.4215752757
3050.0,0.42500000000000004,N2,171.5293651497111,0.29601223370757784,499991.4215752757
3050.0,0.47500000000000003,CO2,27.38216880875782,0.9087461910444223,499990.41234883753
3050.0,0.47500000000000003,N2,171.52936503471912,0.2960122331552735,499990.41234883753
3050.0,0.525,CO2,24.937943094311358,0.8537343456555786,499989.4031223994
3050.0,0.525,N2,171.52936488041135,0.2960122324413513,499989.4031223994
3050.0,0.5750000000000001,CO2,21.073356087508223,0.760162293289616,499988.3938959612
3050.0,0.5750000000000001,N2,171.52936467611653,0.29601223152812534,499988.3938959612
3050.0,0.625,CO2,15.839767530006116,0.6179900965878916,499987.3846695231
3050.0,0.625,N2,171.52936440883965,0.2960122303708266,499987.3846695231
3050.0,0.675,CO2,10.198528156805235,0.4386964610277373,499986.3754430849
3050.0,0.675,N2,171.52936406285536,0.29601222891653234,499986.3754430849
3050.0,0.7250000000000001,CO2,5.6045697387384,0.2645984534042248,499985.3662166468
3050.0,0.7250000000000001,N2,171.52936361925742,0.296012227103008,499985.3662166468
3050.0,0.775,CO2,2.728836406926452,0.13759508139998067,499984.3569902086
3050.0,0.775,N2,171.52936305553015,0.296012224857696,499984.3569902086
3050.0,0.8250000000000001,CO2,1.2347837343118506,0.06452902640263995,499983.3477637705
3050.0,0.8250000000000001,N2,171.52936234557808,0.2960122220983372,499983.3477637705
3050.0,0.875,CO2,0.5371244725312316,0.02850696593241958,499982.3385373323
3050.0,0.875,N2,171.52936146287377,0.29601221874437356,499982.3385373323
3050.0,0.925,CO2,0.22887424339363097,0.01220245771912792,499981.3293108942
3050.0,0.925,N2,171.52936040259047,0.29601221479473266,499981.3293108942
3050.0,0.9750000000000001,CO2,0.09953032534890702,0.005301564209716045,499980.320084456
3050.0,0.9750000000000001,N2,171.52935931678087,0.29601221080816303,499980.320084456
3100.0,0.025,CO2,30.269447073700913,0.9704250083854885,499999.49538678094
3100.0,0.025,N2,171.52936541189916,0.29601223516723746,499999.49538678094
3100.0,0.07500000000000001,CO2,30.267738848156124,0.9703873925253572,499998.48616034276
3100.0,0.07500000000000001,N2,171.52936540898426,0.2960122351419923,499998.48616034276
3100.0,0.125,CO2,30.262495102726312,0.9702729965487011,499997.47693390463
3100.0,0.125,N2,171.52936540369618,0.29601223510207714,499997.47693390463
3100.0,0.17500000000000002,CO2,30.248475082294604,0.9699703021159649,499996.46770746645
3100.0,0.17500000000000002,N2,171.52936539489298,0.2960122350420669,499996.46770746645
3100.0,0.225,CO2,30.21441931747467,0.9692424865141216,499995.4584810283
3100.0,0.225,N2,171.52936538105718,0.2960122349551,499995.4584810283
3100.0,0.275,CO2,30.13740264037838,0.9676110760757832,499994.44925459014
3100.0,0.275,N2,171.52936536020513,0.2960122348325924,499994.44925459014
3100.0,0.325,CO2,29.97266648293673,0.9641434958154673,499993.440028152
3100.0,0.325,N2,171.5293653297794,0.2960122346639068,499993.440028152
3100.0,0.375,CO2,29.6360773883907,0.957072804962686,499992.43080171384
3100.0,0.375,N2,171.52936528652222,0.2960122344359717,499992.43080171384
3100.0,0.42500000000000004,CO2,28.976370783676625,0.9431439788155958,499991.4215752757
3100.0,0.42500000000000004,N2,171.52936522632683,0.2960122341328452,499991.4215752757
3100.0,0.47500000000000003,CO2,27.73974986188617,0.9165917773198677,499990.41234883753
3100.0,0.47500000000000003,N2,171.52936514406474,0.29601223373521623,499990.41234883753
3100.0,0.525,CO2,25.55293530254107,0.8679186379384128,499989.4031223994
3100.0,0.525,N2,171.5293650333838,0.2960122332198363,499989.4031223994
3100.0,0.5750000000000001,CO2,22.012295139487833,0.7837846597101878,499988.3938959612
3100.0,0.5750000000000001,N2,171.52936488647617,0.29601223255887543,499988.3938959612
3100.0,0.625,CO2,17.030156255190484,0.652208319933869,499987.3846695231
3100.0,0.625,N2,171.52936469380992,0.2960122317191931,499987.3846695231
3100.0,0.675,CO2,11.359266794739295,0.478379762955847,499986.3754430849
3100.0,0.675,N2,171.52936444382362,0.2960122306615209,499986.3754430849
3100.0,0.7250000000000001,CO2,6.448336065045341,0.29904609543257926,499985.3662166468
3100.0,0.7250000000000001,N2,171.529364122587,0.2960122293395766,499985.3662166468
3100.0,0.775,CO2,3.2112212253847363,0.16014487276634318,499984.3569902086
3100.0,0.775,N2,171.52936371347883,0.2960122276992813,499984.3569902086
3100.0,0.8250000000000001,CO2,1.4723801917673334,0.07655396371233197,499983.3477637705
3100.0,0.8250000000000001,N2,171.5293631972019,0.29601222567918234,499983.3477637705
3100.0,0.875,CO2,0.6453574361534709,0.03419939149736042,499982.3385373323
3100.0,0.875,N2,171.5293625540888,0.29601222321885456,499982.3385373323
3100.0,0.925,CO2,0.27634987767493563,0.014739119203231506,499981.3293108942
3100.0,0.925,N2,171.5293617803343,0.2960122203163756,499981.3293108942
3100.0,0.9750000000000001,CO2,0.12064608406521667,0.006434818804099674,499980.320084456
3100.0,0.9750000000000001,N2,171.52936098701778,0.29601221738286587,499980.320084456
3150.0,0.025,CO2,30.26951385038974,0.9704264948467073,499999.49538678094
3150.0,0.025,N2,171.52936541232654,0.29601223517352326,499999.49538678094
3150.0,0.07500000000000001,CO2,30.268061474063124,0.9703945294663586,499998.48616034276
3150.0,0.07500000000000001,N2,171.529365410299,0.2960122351558955,499998.48616034276
3150.0,0.125,CO2,30.26359026822841,0.9702970106877374,499997.47693390463
3150.0,0.125,N2,171.52936540660318,0.29601223512787384,499997.47693390463
3150.0,0.17500000000000002,CO2,30.25159527229418,0.9700380398537433,499996.46770746645
3150.0,0.17500000000000002,N2,171.52936540042487,0.2960122350855498,499996.46770746645
3150.0,0.225,CO2,30.222352800006533,0.9694130182502136,499995.4584810283
3150.0,0.225,N2,171.52936539067832,0.29601223502396184,499995.4584810283
3150.0,0.275,CO2,30.15597451488336,0.9680068530012175,499994.44925459014
3150.0,0.275,N2,171.52936537593837,0.2960122349368821,499994.44925459014
3150.0,0.325,CO2,30.013443640880848,0.965007393370621,499993.440028152
3150.0,0.325,N2,171.52936535436186,0.2960122348165684,499993.440028152
3150.0,0.375,CO2,29.72097311929173,0.9588696027868154,499992.43080171384
3150.0,0.375,N2,171.52936532359337,0.2960122346534786,499992.43080171384
3150.0,0.42500000000000004,CO2,29.144641367917227,0.946731488607908,499991.4215752757
3150.0,0.42500000000000004,N2,171.5293652806547,0.296012234435942,499991.4215752757
3150.0,0.47500000000000003,CO2,28.055828554613598,0.9234751079901264,499990.41234883753
3150.0,0.47500000000000003,N2,171.52936522181605,0.29601223414978306,499990.41234883753
3150.0,0.525,CO2,26.10595076334829,0.880502003398608,499989.4031223994
3150.0,0.525,N2,171.52936514244556,0.29601223377789165,499989.4031223994
3150.0,0.5750000000000001,CO2,22.88122019133274,0.8051637604003027,499988.3938959612
3150.0,0.5750000000000001,N2,171.5293650368344,0.29601223329973453,499988.3938959612
3150.0,0.625,CO2,18.18302060876364,0.684290909902117,499987.3846695231
3150.0,0.625,N2,171.52936489799555,0.2960122326908018,499987.3846695231
3150.0,0.675,CO2,12.554132686870538,0.5176637096301993,499986.3754430849
3150.0,0.675,N2,171.5293647174329,0.29601223192198367,499986.3754430849
3150.0,0.7250000000000001,CO2,7.371717244154754,0.3354200754845375,499985.3662166468
3150.0,0.7250000000000001,N2,171.5293644848837,0.2960122309588943,499985.3662166468
3150.0,0.775,CO2,3.7630687265092426,0.18532641489758697,499984.3569902086
3150.0,0.775,N2,171.52936418807215,0.296012229761267,499984.3569902086
3150.0,0.8250000000000001,CO2,1.7512059777186133,0.09048652481540911,499983.3477637705
3150.0,0.8250000000000001,N2,171.5293638127105,0.2960122282832397,499983.3477637705
3150.0,0.875,CO2,0.7740623981891556,0.040931072600166325,499982.3385373323
3150.0,0.875,N2,171.5293633441841,0.2960122264795408,499982.3385373323
3150.0,0.925,CO2,0.33320459127394486,0.017771521110396944,499981.3293108942
3150.0,0.925,N2,171.5293627794631,0.2960122243479266,499981.3293108942
3150.0,0.9750000000000001,CO2,0.14604557842450339,0.007797990092867978,499980.320084456
3150.0,0.9750000000000001,N2,171.52936219969305,0.2960122221906936,499980.320084456
3200.0,0.025,CO2,30.269570442951494,0.9704277535051593,499999.49538678094
3200.0,0.025,N2,171.5293654126263,0.29601223517793723,499999.49538678094
3200.0,0.07500000000000001,CO2,30.26833539890853,0.9704005851717068,499998.48616034276
3200.0,0.07500000000000001,N2,171.5293654112195,0.29601223516561564,499998.48616034276
3200.0,0.125,CO2,30.26452263467575,0.9703174473736872,499997.47693390463
3200.0,0.125,N2,171.52936540863902,0.29601223514593056,499997.47693390463
3200.0,0.17500000000000002,CO2,30.25426032864453,0.9700958881253058,499996.46770746645
3200.0,0.17500000000000002,N2,171.52936540430477,0.2960122351160682,499996.46770746645
3200.0,0.225,CO2,30.229153476047042,0.9695591948686569,499995.4584810283
3200.0,0.225,N2,171.52936539743976,0.29601223507244406,499995.4584810283
3200.0,0.275,CO2,30.171955583577546,0.9683473808165912,499994.44925459014
3200.0,0.275,N2,171.52936538702104,0.2960122350105429,499994.44925459014
3200.0,0.325,CO2,30.048677565619865,0.9657534789848348,499993.440028152
3200.0,0.325,N2,171.52936537172067,0.2960122349247344,499993.440028152
3200.0,0.375,CO2,29.794680630805846,0.9604273836977715,499992.43080171384
3200.0,0.375,N2,171.52936534983652,0.2960122348080583,499992.43080171384
3200.0,0.42500000000000004,CO2,29.29165653467057,0.9498556689019292,499991.4215752757
3200.0,0.42500000000000004,N2,171.52936531921014,0.2960122346519779,499991.4215752757
3200.0,0.47500000000000003,CO2,28.334581772806995,0.9295059853198774,499990.41234883753
3200.0,0.47500000000000003,N2,171.5293652771309,0.29601223444609603,499990.41234883753
3200.0,0.525,CO2,26.60118355281026,0.8916356798439964,499989.4031223994
3200.0,0.525,N2,171.5293652202235,0.2960122341778308,499989.4031223994
3200.0,0.5750000000000001,CO2,23.679636986880816,0.8244145161230123,499988.3938959612
3200.0,0.5750000000000001,N2,171.52936514431752,0.2960122338320456,499988.3938959612
3200.0,0.625,CO2,19.287263081031575,0.7141028996804751,499987.3846695231
3200.0,0.625,N2,171.5293650442966,0.29601223339062926,499987.3846695231
3200.0,0.675,CO2,13.767387903737834,0.5560533221154658,499986.3754430849
3200.0,0.675,N2,171.52936491392452,0.29601223283202205,499986.3754430849
3200.0,0.7250000000000001,CO2,8.370070044517453,0.37330419652646635,499985.3662166468
3200.0,0.7250000000000001,N2,171.52936474565064,0.29601223213069927,499985.3662166468
3200.0,0.775,CO2,4.389427969589879,0.2131499559628621,499984.3569902086
3200.0,0.775,N2,171.52936453042153,0.2960122312567063,499984.3569902086
3200.0,0.8250000000000001,CO2,2.0769954497563994,0.10652479589665408,499983.3477637705
3200.0,0.8250000000000001,N2,171.52936425767126,0.29601223017584816,499983.3477637705
3200.0,0.875,CO2,0.9267489280129142,0.04886300466107517,499982.3385373323
3200.0,0.875,N2,171.52936391654754,0.2960122288542412,499982.3385373323
3200.0,0.925,CO2,0.401190851665535,0.021388839988175135,499981.3293108942
3200.0,0.925,N2,171.5293635046422,0.2960122272896283,499981.3293108942
3200.0,0.9750000000000001,CO2,0.1765632340240458,0.009435266101732164,499980.320084456
3200.0,0.9750000000000001,N2,171.5293630811828,0.29601222570415425,499980.320084456
3250.0,0.025,CO2,30.269618416962956,0.9704288195779869,499999.49538678094
3250.0,0.025,N2,171.52936541283327,0.2960122351809734,499999.49538678094
3250.0,0.07500000000000001,CO2,30.268568019317485,0.9704057245290459,499998.48616034276
3250.0,0.07500000000000001,N2,171.5293654118589,0.29601223517237585,499998.48616034276
3250.0,0.125,CO2,30.265316489241687,0.9703348415719,499997.47693390463
3250.0,0.125,N2,171.52936541005963,0.2960122351585615,499997.47693390463
3250.0,0.17500000000000002,CO2,30.25653667872041,0.970145291834827,499996.46770746645
3250.0,0.17500000000000002,N2,171.52936540702214,0.296012235137506,499996.46770746645
3250.0,0.225,CO2,30.234982623788124,0.9696844865240036,499995.4584810283
3250.0,0.225,N2,171.52936540219068,0.29601223510662145,499995.4584810283
3250.0,0.275,CO2,30.185704579088878,0.9686403285652527,499994.44925459014
3250.0,0.275,N2,171.529365394831,0.2960122350626369,499994.44925459014
3250.0,0.325,CO2,30.0791109540386,0.9663976623492015,499993.440028152
3250.0,0.325,N2,171.5293653839868,0.2960122350014609,499993.440028152
3250.0,0.375,CO2,29.85863441255844,0.9617774220595792,499992.43080171384
3250.0,0.375,N2,171.52936536842864,0.2960122349180203,499992.43080171384
3250.0,0.42500000000000004,CO2,29.419958102874535,0.9525745880519072,499991.4215752757
3250.0,0.42500000000000004,N2,171.5293653465929,0.2960122348060756,499991.4215752757
3250.0,0.47500000000000003,CO2,28.579920572090206,0.9347836930905172,499990.41234883753
3250.0,0.47500000000000003,N2,171.52936531651048,0.296012234658007,499990.41234883753
3250.0,0.525,CO2,27.043052232841926,0.9014641092544876,499989.4031223994
3250.0,0.525,N2,171.5293652757232,0.29601223446457,499989.4031223994
3250.0,0.5750000000000001,CO2,24.40859418853296,0.8416720065403756,499988.3938959612
3250.0,0.5750000000000001,N2,171.52936522118603,0.2960122342146152,499988.3938959612
3250.0,0.625,CO2,20.334193293318588,0.7415833834202988,499987.3846695231
3250.0,0.625,N2,171.5293651491545,0.29601223389477105,499987.3846695231
3250.0,0.675,CO2,14.982914187499727,0.5931140505307448,499986.3754430849
3250.0,0.675,N2,171.52936505505437,0.29601223348908284,499986.3754430849
3250.0,0.7250000000000001,CO2,9.435793002344235,0.41221603686188724,499985.3662166468
3250.0,0.7250000000000001,N2,171.52936493333658,0.29601223297862017,499985.3662166468
3250.0,0.775,CO2,5.094144270969175,0.24354250103739117,499984.3569902086
3250.0,0.775,N2,171.52936477733493,0.29601223234111856,499984.3569902086
3250.0,0.8250000000000001,CO2,2.4557784166758645,0.12485299954120914,499983.3477637705
3250.0,0.8250000000000001,N2,171.52936457925588,0.29601223155110457,499983.3477637705
3250.0,0.875,CO2,1.1074036322315044,0.05817116918425514,499982.3385373323
3250.0,0.875,N2,171.52936433107357,0.2960122305832415,499982.3385373323
3250.0,0.925,CO2,0.4823596879153939,0.025693870045722645,499981.3293108942
3250.0,0.925,N2,171.52936403091982,0.29601222943542355,499981.3293108942
3250.0,0.9750000000000001,CO2,0.21318859855821992,0.01139871167515007,499980.320084456
3250.0,0.9750000000000001,N2,171.52936372199045,0.29601222827080165,499980.320084456
3300.0,0.025,CO2,30.269659095206496,0.9704297227847278,499999.49538678094
3300.0,0.025,N2,171.5293654129731,0.2960122351830072,499999.49538678094
3300.0,0.07500000000000001,CO2,30.268765601208113,0.9704100871029792,499998.48616034276
3300.0,0.07500000000000001,N2,171.52936541229698,0.2960122351770227,499998.48616034276
3300.0,0.125,CO2,30.26599248358021,0.9703496479564132,499997.47693390463
3300.0,0.125,N2,171.5293654110421,0.29601223516734454,499997.47693390463
3300.0,0.17500000000000002,CO2,30.25848105868434,0.9701874847772152,499996.46770746645
3300.0,0.17500000000000002,N2,171.52936540891415,0.2960122351525171,499996.46770746645
3300.0,0.225,CO2,30.239978678524892,0.9697918708420715,499995.4584810283
3300.0,0.225,N2,171.5293654055157,0.2960122351306734,499995.4584810283
3300.0,0.275,CO2,30.197531162484697,0.9688923096160189,499994.44925459014
3300.0,0.275,N2,171.52936540032,0.2960122350994454,499994.44925459014
3300.0,0.325,CO2,30.105389415591592,0.9669537365568199,499993.440028152
3300.0,0.325,N2,171.5293653926389,0.296012235055862,499993.440028152
3300.0,0.375,CO2,29.914094195878704,0.9629470117787353,499992.43080171384
3300.0,0.375,N2,171.52936538158482,0.29601223499622853,499992.43080171384
3300.0,0.42500000000000004,CO2,29.53181759828521,0.9549394421056852,499991.4215752757
3300.0,0.42500000000000004,N2,171.52936536602576,0.29601223491598755,499991.4215752757
3300.0,0.47500000000000003,CO2,28.79546536095023,0.939397471822679,499990.41234883753
3300.0,0.47500000000000003,N2,171.52936534453207,0.2960122348095594,499990.41234883753
3300.0,0.525,CO2,27.436034680512353,0.910123027559199,499989.4031223994
3300.0,0.525,N2,171.52936531531444,0.2960122346701568,499989.4031223994
3300.0,0.5750000000000001,CO2,25.070350735090148,0.8570828607188777,499988.3938959612
3300.0,0.5750000000000001,N2,171.52936527615074,0.29601223448957414,499988.3938959612
3300.0,0.625,CO2,21.31756363938104,0.7667342892351605,499987.3846695231
3300.0,0.625,N2,171.5293652243015,0.29601223425794715,499987.3846695231
3300.0,0.675,CO2,16.18507648719232,0.6284872375737718,499986.3754430849
3300.0,0.675,N2,171.52936515641224,0.296012233963479,499986.3754430849
3300.0,0.7250000000000001,CO2,10.558440956972841,0.45163251888054995,499985.3662166468
3300.0,0.7250000000000001,N2,171.52936506840422,0.2960122335921417,499985.3662166468
3300.0,0.775,CO2,5.879365510467803,0.2763379849601386,499984.3569902086
3300.0,0.775,N2,171.5293649553667,0.2960122331274016,499984.3569902086
3300.0,0.8250000000000001,CO2,2.8937027864953837,0.14562853381387417,499983.3477637705
3300.0,0.8250000000000001,N2,171.52936481154754,0.2960122325502995,499983.3477637705
3300.0,0.875,CO2,1.3205069789528923,0.06904414058362207,499982.3385373323
3300.0,0.875,N2,171.52936463100656,0.2960122318419088,499982.3385373323
3300.0,0.925,CO2,0.5791009965926427,0.03080419034975275,499981.3293108942
3300.0,0.925,N2,171.52936441229616,0.29601223100035534,499981.3293108942
3300.0,0.9750000000000001,CO2,0.25709292812509255,0.01374946466460785,499980.320084456
3300.0,0.9750000000000001,N2,171.5293641869209,0.29601223014538874,499980.320084456
3350.0,0.025,CO2,30.26969359556937,0.9704304882121128,499999.49538678094
3350.0,0.025,N2,171.5293654130682,0.2960122351843842,499999.49538678094
3350.0,0.07500000000000001,CO2,30.268933453278226,0.9704137910408115,499998.48616034276
3350.0,0.07500000000000001,N2,171.5293654125978,0.2960122351802167,499998.48616034276
3350.0,0.125,CO2,30.266568178019483,0.9703622529660748,499997.47693390463
3350.0,0.125,N2,171.5293654117213,0.29601223517343667,499997.47693390463
3350.0,0.17500000000000002,CO2,30.260141920630467,0.9702235203647873,499996.46770746645
3350.0,0.17500000000000002,N2,171.5293654102293,0.29601223516299835,499996.46770746645
3350.0,0.225,CO2,30.244260430863505,0.9698839022194382,499995.4584810283
3350.0,0.225,N2,171.5293654078381,0.2960122351475554,499995.4584810283
3350.0,0.275,CO2,30.207702482059815,0.9691090247888834,499994.44925459014
3350.0,0.275,N2,171.52936540416997,0.2960122351253949,499994.44925459014
3350.0,0.325,CO2,30.128073573699947,0.9674336522733581,499993.440028152
3350.0,0.325,N2,171.52936539873,0.29601223509436064,499993.440028152
3350.0,0.375,CO2,29.962164010505848,0.9639599465631314,499992.43080171384
3350.0,0.375,N2,171.52936539087796,0.2960122350517638,499992.43080171384
3350.0,0.42500000000000004,CO2,29.629256633020397,0.9569952690770117,499991.4215752757
3350.0,0.42500000000000004,N2,171.52936537979477,0.29601223499427826,499991.4215752757
3350.0,0.47500000000000003,CO2,28.984536307376572,0.9434271438997502,499990.41234883753
3350.0,0.47500000000000003,N2,171.52936536444335,0.29601223491782114,499990.41234883753
3350.0,0.525,CO2,27.78454360952808,0.9177383854488232,499989.4031223994
3350.0,0.525,N2,171.52936534352222,0.2960122348174133,499989.4031223994
3350.0,0.5750000000000001,CO2,25.66806260188505,0.8707984375580811,499988.3938959612
3350.0,0.5750000000000001,N2,171.52936531541107,0.29601223468702054,499988.3938959612
3350.0,0.625,CO2,22.23343194810955,0.789608005433971,499987.3846695231
3350.0,0.625,N2,171.52936527810743,0.29601223451937164,499987.3846695231
3350.0,0.675,CO2,17.35948984645372,0.6618976511754137,499986.3754430849
3350.0,0.675,N2,171.5293652291537,0.2960122343057514,499986.3754430849
3350.0,0.7250000000000001,CO2,11.725119756525865,0.4910192945069668,499985.3662166468
3350.0,0.7250000000000001,N2,171.52936516555403,0.2960122340357736,499985.3662166468
3350.0,0.775,CO2,6.74505799408088,0.31127389911166414,499984.3569902086
3350.0,0.775,N2,171.52936508369245,0.2960122336971708,499984.3569902086
3350.0,0.8250000000000001,CO2,3.396781167009816,0.16896698090357354,499983.3477637705
3350.0,0.8250000000000001,N2,171.529364979322,0.2960122332758446,499983.3477637705
3350.0,0.875,CO2,1.5710281195717826,0.0816789298982966,499982.3385373323
3350.0,0.875,N2,171.529364848039,0.2960122327576709,499982.3385373323
3350.0,0.925,CO2,0.6941846165456801,0.03685303897671727,499981.3293108942
3350.0,0.925,N2,171.52936468871016,0.29601223214103456,499981.3293108942
3350.0,0.9750000000000001,CO2,0.30965943200787327,0.01655903319798707,499980.320084456
3350.0,0.9750000000000001,N2,171.52936452430106,0.29601223151377454,499980.320084456
3400.0,0.025,CO2,30.269722863158595,0.9704311370456851,499999.49538678094
3400.0,0.025,N2,171.5293654131348,0.2960122351853513,499999.49538678094
3400.0,0.07500000000000001,CO2,30.269076074545833,0.9704169363908364,499998.48616034276
3400.0,0.07500000000000001,N2,171.52936541280766,0.29601223518244135,499998.48616034276
3400.0,0.125,CO2,30.26705850662323,0.970372985100317,499997.47693390463
3400.0,0.125,N2,171.52936541219535,0.2960122351776846,499997.47693390463
3400.0,0.17500000000000002,CO2,30.261560642441808,0.970254298025609,499996.46770746645
3400.0,0.17500000000000002,N2,171.52936541114875,0.29601223517033015,499996.46770746645
3400.0,0.225,CO2,30.247929797131384,0.9699627717471537,499995.4584810283
3400.0,0.225,N2,171.5293654094654,0.29601223515940794,499995.4584810283
3400.0,0.275,CO2,30.21644891248833,0.9692953869977239,499994.44925459014
3400.0,0.275,N2,171.52936540687483,0.29601223514367964,499994.44925459014
3400.0,0.325,CO2,30.14764983499303,0.9678477587979158,499993.440028152
3400.0,0.325,N2,171.52936540302116,0.29601223512158165,499993.440028152
3400.0,0.375,CO2,30.003809771234295,0.9648369496522162,499992.43080171384
3400.0,0.375,N2,171.52936539744277,0.2960122350911585,499992.43080171384
3400.0,0.42500000000000004,CO2,29.714068052634143,0.9587816151905779,499991.4215752757
3400.0,0.42500000000000004,N2,171.52936538954762,0.29601223504998453,499991.4215752757
3400.0,0.47500000000000003,CO2,29.15015441295161,0.946943810727185,499990.41234883753
3400.0,0.47500000000000003,N2,171.5293653785836,0.2960122349950744,499990.41234883753
3400.0,0.525,CO2,28.092834836941545,0.9244258470946694,499989.4031223994
3400.0,0.525,N2,171.52936536360482,0.2960122349227782,499989.4031223994
3400.0,0.5750000000000001,CO2,26.205502845920673,0.8829695816004434,499988.3938959612
3400.0,0.5750000000000001,N2,171.52936534343053,0.2960122348286618,499988.3938959612
3400.0,0.625,CO2,23.079922570885927,0.8102952784333045,499987.3846695231
3400.0,0.625,N2,171.52936531659833,0.29601223470736987,499987.3846695231
3400.0,0.675,CO2,18.49361571123588,0.6931540672159653,499986.3754430849
3400.0,0.675,N2,171.52936528130942,0.29601223455246894,499986.3754430849
3400.0,0.7250000000000001,CO2,12.92112060997604,0.5298600270078692,499985.3662166468
3400.0,0.7250000000000001,N2,171.52936523536647,0.2960122343562755,499985.3662166468
3400.0,0.775,CO2,7.68859702546081,0.34799581729730267,499984.3569902086
3400.0,0.775,N2,171.52936517611263,0.2960122341096948,499984.3569902086
3400.0,0.8250000000000001,CO2,3.970559610148824,0.1949262285672687,499983.3477637705
3400.0,0.8250000000000001,N2,171.5293651004203,0.29601223380225195,499983.3477637705
3400.0,0.875,CO2,1.8643896124884154,0.09627474140194606,499982.3385373323
3400.0,0.875,N2,171.52936500503716,0.2960122334234159,499982.3385373323
3400.0,0.925,CO2,0.8308003333179337,0.043989695665367666,499981.3293108942
3400.0,0.925,N2,171.5293648890897,0.2960122329718259,499981.3293108942
3400.0,0.9750000000000001,CO2,0.3725172918622167,0.019910657541770266,499980.320084456
3400.0,0.9750000000000001,N2,171.52936476930174,0.29601223251187664,499980.320084456
3450.0,0.025,CO2,30.269747697330008,0.9704316871844868,499999.49538678094
3450.0,0.025,N2,171.52936541318178,0.29601223518603387,499999.49538678094
3450.0,0.07500000000000001,CO2,30.26919727901383,0.9704196079031135,499998.48616034276
3450.0,0.07500000000000001,N2,171.52936541295514,0.29601223518400094,499998.48616034276
3450.0,0.125,CO2,30.267476172208394,0.9703821236586311,499997.47693390463
3450.0,0.125,N2,171.52936541252794,0.29601223518066216,499997.47693390463
3450.0,0.17500000000000002,CO2,30.262772561835245,0.970280585750547,499996.46770746645
3450.0,0.17500000000000002,N2,171.52936541179434,0.29601223517547876,499996.46770746645
3450.0,0.225,CO2,30.251074204990044,0.9700303587327195,499995.4584810283
3450.0,0.225,N2,171.5293654106098,0.29601223516775216,499995.4584810283
3450.0,0.275,CO2,30.22396904612392,0.9694556292094029,499994.44925459014
3450.0,0.275,N2,171.52936540878054,0.29601223515658787,499994.44925459014
3450.0,0.325,CO2,30.164539903728222,0.9682050148420409,499993.440028152
3450.0,0.325,N2,171.5293654060509,0.29601223514085273,499993.440028152
3450.0,0.375,CO2,30.03987531386886,0.9655960556268275,499992.43080171384
3450.0,0.375,N2,171.52936540208816,0.29601223511912556,499992.43080171384
3450.0,0.42500000000000004,CO2,29.787837026941098,0.9603331484262557,499991.4215752757
3450.0,0.42500000000000004,N2,171.5293653964644,0.29601223508963875,499991.4215752757
3450.0,0.47500000000000003,CO2,29.295050399981907,0.9500105830100355,499990.41234883753
3450.0,0.47500000000000003,N2,171.5293653886346,0.2960122350502109,499990.41234883753
3450.0,0.525,CO2,28.36494407035253,0.9302907340943058,499989.4031223994
3450.0,0.525,N2,171.52936537791152,0.29601223499816837,499989.4031223994
3450.0,0.5750000000000001,CO2,26.686824737896632,0.8937427920439086,499988.3938959612
3450.0,0.5750000000000001,N2,171.52936536343512,0.2960122349302556,499988.3938959612
3450.0,0.625,CO2,23.856924153446126,0.8289141080007432,499987.3846695231
3450.0,0.625,N2,171.52936534413757,0.2960122348425308,499987.3846695231
3450.0,0.675,CO2,19.577138816676637,0.7221441622354243,499986.3754430849
3450.0,0.675,N2,171.5293653187027,0.296012234730249,499986.3754430849
3450.0,0.7250000000000001,CO2,14.130720933984378,0.5676824286477052,499985.3662166468
3450.0,0.7250000000000001,N2,171.52936528551916,0.29601223458773035,499985.3662166468
3450.0,0.775,CO2,8.704499301230003,0.38607043360742654,499984.3569902086
3450.0,0.775,N2,171.52936524263498,0.2960122344082377,499984.3569902086
3450.0,0.8250000000000001,CO2,4.6197097124100495,0.22349119160867859,499983.3477637705
3450.0,0.8250000000000001,N2,171.52936518774868,0.2960122341839949,499983.3477637705
3450.0,0.875,CO2,2.206389826157627,0.11302432358349707,499982.3385373323
3450.0,0.875,N2,171.5293651184616,0.2960122339071569,499982.3385373323
3450.0,0.925,CO2,0.9925933806764239,0.05237911178982307,499981.3293108942
3450.0,0.925,N2,171.52936503410825,0.29601223357659723,499981.3293108942
3450.0,0.9750000000000001,CO2,0.44757938169042194,0.023900687215957228,499980.320084456
3450.0,0.9750000000000001,N2,171.52936494686588,0.296012233239499,499980.320084456
3500.0,0.025,CO2,30.269768774374214,0.9704321537561047,499999.49538678094
3500.0,0.025,N2,171.52936541321395,0.2960122351864975,499999.49538678094
3500.0,0.07500000000000001,CO2,30.269300300697306,0.9704218773864125,499998.48616034276
3500.0,0.07500000000000001,N2,171.52936541305706,0.2960122351850816,499998.48616034276
3500.0,0.125,CO2,30.26783198091968,0.970389906138539,499997.47693390463
3500.0,0.125,N2,171.52936541275946,0.2960122351827423,499997.47693390463
3500.0,0.17500000000000002,CO2,30.26380785762053,0.970303039299853,499996.46770746645
3500.0,0.17500000000000002,N2,171.52936541224588,0.2960122351790931,499996.46770746645
3500.0,0.225,CO2,30.25376864118083,0.9700882748772046,499995.4584810283
3500.0,0.225,N2,171.52936541141312,0.29601223517363134,499995.4584810283
3500.0,0.275,CO2,30.230434016840153,0.9695933976816842,499994.44925459014
3500.0,0.275,N2,171.5293654101224,0.2960122351657112,499994.44925459014
3500.0,0.325,CO2,30.17910913911941,0.9685131722140647,499993.440028152
3500.0,0.325,N2,171.52936540819022,0.29601223515451214,499993.440028152
3500.0,0.375,CO2,30.071096857487923,0.9662529479012474,499992.43080171384
3500.0,0.375,N2,171.52936540537675,0.2960122351390018,499992.43080171384
3500.0,0.42500000000000004,CO2,29.851961435048015,0.961680217766806,499991.4215752757
3500.0,0.42500000000000004,N2,171.5293654013729,0.2960122351178931,499991.4215752757
3500.0,0.47500000000000003,CO2,29.42167891103396,0.952683313392786,499990.41234883753
3500.0,0.47500000000000003,N2,171.529365395784,0.296012235089593,499990.41234883753
3500.0,0.525,CO2,28.60464704556527,0.9354282909692235,499989.4031223994
3500.0,0.525,N2,171.5293653881107,0.2960122350521446,499989.4031223994
3500.0,0.5750000000000001,CO2,27.1163684251264,0.9032575895471484,499988.3938959612
3500.0,0.5750000000000001,N2,171.52936537772712,0.296012235003159,499988.3938959612
3500.0,0.625,CO2,24.565759828618443,0.8456000994262599,499987.3846695231
3500.0,0.625,N2,171.5293653638541,0.2960122349397373,499987.3846695231
3500.0,0.675,CO2,20.602129876044508,0.748825400163618,499986.3754430849
3500.0,0.675,N2,171.52936534552867,0.2960122348583822,499986.3754430849
3500.0,0.7250000000000001,CO2,15.338059147397317,0.604078521246376,499985.3662166468
3500.0,0.7250000000000001,N2,171.5293653215695,0.29601223475489813,499985.3662166468
3500.0,0.775,CO2,9.784369497049168,0.4250063698415493,499984.3569902086
3500.0,0.775,N2,171.52936529054173,0.29601223462429843,499984.3569902086
3500.0,0.8250000000000001,CO2,5.347563025158252,0.2545611135501469,499983.3477637705
3500.0,0.8250000000000001,N2,171.52936525074958,0.2960122344608151,499983.3477637705
3500.0,0.875,CO2,2.603070833752253,0.13210279515302,499982.3385373323
3500.0,0.875,N2,171.52936520041916,0.2960122342586092,499982.3385373323
3500.0,0.925,CO2,1.183690783384328,0.062200466222645856,499981.3293108942
3500.0,0.925,N2,171.5293651390375,0.2960122340167615,499981.3293108942
3500.0,0.9750000000000001,CO2,0.5370832963297105,0.028639892399126014,499980.320084456
3500.0,0.9750000000000001,N2,171.52936507547133,0.296012233769826,499980.320084456
3550.0,0.025,CO2,30.269786666596755,0.970432549549203,499999.49538678094
3550.0,0.025,N2,171.5293654132354,0.29601223518680436,499999.49538678094
3550.0,0.07500000000000001,CO2,30.26938788225108,0.9704238056949887,499998.48616034276
3550.0,0.07500000000000001,N2,171.52936541312644,0.29601223518582054,499998.48616034276
3550.0,0.125,CO2,30.268135125957436,0.9703965345056114,499997.47693390463
3550.0,0.125,N2,171.52936541291893,0.29601223518418424,499997.47693390463
3550.0,0.17500000000000002,CO2,30.26469230143341,0.9703222185798934,499996.46770746645
3550.0,0.17500000000000002,N2,171.52936541255932,0.29601223518161857,499996.46770746645
3550.0,0.225,CO2,30.256077410066304,0.9701379021772627,499995.4584810283
3550.0,0.225,N2,171.52936541197414,0.2960122351777618,499995.4584810283
3550.0,0.275,CO2,30.23599124440961,0.9697118324860069,499994.44925459014
3550.0,0.275,N2,171.5293654110639,0.2960122351721479,499994.44925459014
3550.0,0.325,CO2,30.19167388297847,0.9687789357391179,499993.440028152
3550.0,0.325,N2,171.52936540969685,0.29601223516418324,499993.440028152
3550.0,0.375,CO2,30.09811597727126,0.9668212561943244,499992.43080171384
3550.0,0.375,N2,171.52936540770057,0.29601223515311825,499992.43080171384
3550.0,0.42500000000000004,CO2,29.90767119392055,0.9628493588183625,499991.4215752757
3550.0,0.42500000000000004,N2,171.52936540485155,0.2960122351380163,499991.4215752757
3550.0,0.47500000000000003,CO2,29.532236051199142,0.9550113077942436,499990.41234883753
3550.0,0.47500000000000003,N2,171.52936540086432,0.29601223511771485,499990.41234883753
3550.0,0.525,CO2,28.815437764924827,0.9399241622580016,499989.4031223994
3550.0,0.525,N2,171.52936539537643,0.29601223509078256,499989.4031223994
3550.0,0.5750000000000001,CO2,27.498509040905397,0.911644841619913,499988.3938959612
3550.0,0.5750000000000001,N2,171.52936538793256,0.2960122350554677,499988.3938959612
3550.0,0.625,CO2,25.208865411029148,0.860498492945394,499987.3846695231
3550.0,0.625,N2,171.52936537796452,0.2960122350096399,499987.3846695231
3550.0,0.675,CO2,21.563038906713473,0.7732136313549874,499986.3754430849
3550.0,0.675,N2,171.52936536476886,0.2960122349507232,499986.3754430849
3550.0,0.7250000000000001,CO2,16.527980501071504,0.638717640204273,499985.3662166468
3550.0,0.7250000000000001,N2,171.52936534748045,0.2960122348756209,499985.3662166468
3550.0,0.775,CO2,10.917094627427375,0.4642807106250342,499984.3569902086
3550.0,0.775,N2,171.5293653250464,0.2960122347806446,499984.3569902086
3550.0,0.8250000000000001,CO2,6.155617864997594,0.2879416658992026,499983.3477637705
3550.0,0.8250000000000001,N2,171.5293652962191,0.2960122346615189,499983.3477637705
3550.0,0.875,CO2,3.0605188528589475,0.15365414211511996,499982.3385373323
3550.0,0.875,N2,171.52936525968937,0.29601223451390163,499982.3385373323
3550.0,0.925,CO2,1.4087120043793657,0.07364427279056497,499981.3293108942
3550.0,0.925,N2,171.5293652150633,0.296012234337051,499981.3293108942
3550.0,0.9750000000000001,CO2,0.6436347895248523,0.03425458730920941,499980.320084456
3550.0,0.9750000000000001,N2,171.5293651687905,0.29601223415625827,499980.320084456
3600.0,0.025,CO2,30.269801858421825,0.9704328853780873,499999.49538678094
3600.0,0.025,N2,171.52936541325008,0.2960122351870137,499999.49538678094
3600.0,0.07500000000000001,CO2,30.26946234999803,0.9704254444089068,499998.48616034276
3600.0,0.07500000000000001,N2,171.52936541317422,0.2960122351863288,499998.48616034276
3600.0,0.125,CO2,30.26839342882097,0.9704021805215843,499997.47693390463
3600.0,0.125,N2,171.52936541302918,0.2960122351851834,499997.47693390463
3600.0,0.17500000000000002,CO2,30.265447900344526,0.9703386016370246,499996.46770746645
3600.0,0.17500000000000002,N2,171.5293654127771,0.29601223518337905,499996.46770746645
3600.0,0.225,CO2,30.258055646210003,0.970180425499793,499995.4584810283
3600.0,0.225,N2,171.5293654123655,0.2960122351806559,499995.4584810283
3600.0,0.275,CO2,30.24076767947526,0.9698136371275147,499994.44925459014
3600.0,0.275,N2,171.5293654117234,0.2960122351766777,499994.44925459014
3600.0,0.325,CO2,30.20250787916192,0.9690081025103146,499993.440028152
3600.0,0.325,N2,171.52936541075613,0.29601223517101516,499993.440028152
3600.0,0.375,CO2,30.12149119079329,0.9673128183195157,499992.43080171384
3600.0,0.375,N2,171.52936540933962,0.29601223516312447,499992.43080171384
3600.0,0.42500000000000004,CO2,29.95604629288195,0.9638637479707577,499991.4215752757
3600.0,0.42500000000000004,N2,171.52936540731272,0.29601223515232433,499991.4215752757
3600.0,0.47500000000000003,CO2,29.628678692691924,0.9570379992264649,499990.41234883753
3600.0,0.47500000000000003,N2,171.52936540446868,0.29601223513776714,499990.41234883753
3600.0,0.525,CO2,29.00052031933339,0.9438549945499942,499989.4031223994
3600.0,0.525,N2,171.52936540054472,0.2960122351184065,499989.4031223994
3600.0,0.5750000000000001,CO2,27.83754180041751,0.9190258206278972,499988.3938959612
3600.0,0.5750000000000001,N2,171.52936539520977,0.2960122350929589,499988.3938959612
3600.0,0.625,CO2,25.789488804663023,0.8737578899566655,499987.3846695231
3600.0,0.625,N2,171.5293653880497,0.29601223505985974,499987.3846695231
3600.0,0.675,CO2,22.45651700660292,0.7953710281753623,499986.3754430849
3600.0,0.675,N2,171.52936537855092,0.29601223501721313,499986.3754430849
3600.0,0.7250000000000001,CO2,17.68674420609543,0.6713518750868683,499985.3662166468
3600.0,0.7250000000000001,N2,171.52936536608013,0.29601223496273504,499985.3662166468
3600.0,0.775,CO2,12.089315089904066,0.5033681113395114,499984.3569902086
3600.0,0.775,N2,171.5293653498658,0.29601223489369927,499984.3569902086
3600.0,0.8250000000000001,CO2,7.043081760840339,0.32334390028051374,499983.3477637705
3600.0,0.8250000000000001,N2,171.52936532899201,0.29601223480693944,499983.3477637705
3600.0,0.875,CO2,3.5845908653701235,0.1777760375185221,499982.3385373323
3600.0,0.875,N2,171.52936530249565,0.2960122346992288,499982.3385373323
3600.0,0.925,CO2,1.6727560380211557,0.08690764458721252,499981.3293108942
3600.0,0.925,N2,171.52936527007898,0.29601223456997405,499981.3293108942
3600.0,0.9750000000000001,CO2,0.7702520724041284,0.04088739348968633,499980.320084456
3600.0,0.9750000000000001,N2,171.52936523643058,0.2960122344376767,499980.320084456
3650.0,0.025,CO2,30.26981476006018,0.9704331703917098,499999.49538678094
3650.0,0.025,N2,171.52936541326054,0.29601223518716363,499999.49538678094
3650.0,0.07500000000000001,CO2,30.26952567779489,0.9704268372631367,499998.48616034276
3650.0,0.07500000000000001,N2,171.52936541320778,0.296012235186685,499998.48616034276
3650.0,0.125,CO2,30.268613545493874,0.9704069902958294,499997.47693390463
3650.0,0.125,N2,171.52936541310646,0.2960122351858815,499997.47693390463
3650.0,0.17500000000000002,CO2,30.26609344879835,0.9703525966726306,499996.46770746645
3650.0,0.17500000000000002,N2,171.52936541292974,0.29601223518461095,499996.46770746645
3650.0,0.225,CO2,30.25975062098152,0.9702168607017632,499995.4584810283
3650.0,0.225,N2,171.52936541264003,0.2960122351826867,499995.4584810283
3650.0,0.275,CO2,30.24487262601832,0.9699011389810694,499994.44925459014
3650.0,0.275,N2,171.52936541218682,0.29601223517986647,499994.44925459014
3650.0,0.325,CO2,30.211847911149956,0.9692056835432293,499993.440028152
3650.0,0.325,N2,171.52936541150214,0.2960122351758398,499993.440028152
3650.0,0.375,CO2,30.141708303073734,0.9677379109897761,499992.43080171384
3650.0,0.375,N2,171.52936541049678,0.29601223517021263,499992.43080171384
3650.0,0.42500000000000004,CO2,29.998033479975682,0.9647436094475301,499991.4215752757
3650.0,0.42500000000000004,N2,171.52936540905446,0.2960122351624895,499991.4215752757
3650.0,0.47500000000000003,CO2,29.712744515038,0.9588015765690803,499990.41234883753
3650.0,0.47500000000000003,N2,171.5293654070257,0.2960122351520529,499990.41234883753
3650.0,0.525,CO2,29.162810586022378,0.9472891025503692,499989.4031223994
3650.0,0.525,N2,171.52936540421996,0.2960122351381383,499989.4031223994
3650.0,0.5750000000000001,CO2,28.137598029243723,0.9255117926574815,499988.3938959612
3650.0,0.5750000000000001,N2,171.52936540039659,0.2960122351198059,499988.3938959612
3650.0,0.625,CO2,26.31142834303373,0.8855254799652866,499987.3846695231
3650.0,0.625,N2,171.52936539525408,0.29601223509590746,499987.3846695231
3650.0,0.675,CO2,23.281173421038407,0.8153944770157171,499986.3754430849
3650.0,0.675,N2,171.52936538841712,0.2960122350650486,499986.3754430849
3650.0,0.7250000000000001,CO2,18.802547591075523,0.7018149907329073,499985.3662166468
3650.0,0.7250000000000001,N2,171.5293653794225,0.2960122350255459,499985.3662166468
3650.0,0.775,CO2,13.28609932675218,0.5417689278241312,499984.3569902086
3650.0,0.775,N2,171.5293653677041,0.296012234975386,499984.3569902086
3650.0,0.8250000000000001,CO2,8.00649913113544,0.36039120675037356,499983.3477637705
3650.0,0.8250000000000001,N2,171.52936535258894,0.29601223491222534,499983.3477637705
3650.0,0.875,CO2,4.180561179841765,0.20450419539904136,499982.3385373323
3650.0,0.875,N2,171.5293653333673,0.2960122348336684,499982.3385373323
3650.0,0.925,CO2,1.9813549773221122,0.10218740039117458,499981.3293108942
3650.0,0.925,N2,171.52936530981307,0.29601223473924443,499981.3293108942
3650.0,0.9750000000000001,CO2,0.9204087777205459,0.04869742440818671,499980.320084456
3650.0,0.9750000000000001,N2,171.5293652853354,0.2960122346424811,499980.320084456
3700.0,0.025,CO2,30.26982571896897,0.9704334123323805,499999.49538678094
3700.0,0.025,N2,171.52936541326795,0.2960122351872698,499999.49538678094
3700.0,0.07500000000000001,CO2,30.269579540755036,0.9704280213485201,499998.48616034276
3700.0,0.07500000000000001,N2,171.52936541323137,0.29601223518693554,499998.48616034276
3700.0,0.125,CO2,30.268801140669844,0.9704110881293792,499997.47693390463
3700.0,0.125,N2,171.52936541316086,0.2960122351863718,499997.47693390463
3700.0,0.17500000000000002,CO2,30.266644997492257,0.9703645522472599,499996.46770746645
3700.0,0.17500000000000002,N2,171.52936541303703,0.29601223518547704,499996.46770746645
3700.0,0.225,CO2,30.261202859248066,0.9702480786520207,499995.4584810283
3700.0,0.225,N2,171.52936541283336,0.29601223518411707,499995.4584810283
3700.0,0.275,CO2,30.24840017070011,0.9699763412352423,499994.44925459014
3700.0,0.275,N2,171.52936541251358,0.2960122351821175,499994.44925459014
3700.0,0.325,CO2,30.2198987001356,0.9693760090494266,499993.440028152
3700.0,0.325,N2,171.52936541202902,0.29601223517925396,499993.440028152
3700.0,0.375,CO2,30.159189532397004,0.9681054513925623,499992.43080171384
3700.0,0.375,N2,171.52936541131552,0.29601223517524106,499992.43080171384
3700.0,0.42500000000000004,CO2,30.034461445405338,0.9655065765845648,499991.4215752757
3700.0,0.42500000000000004,N2,171.52936541028933,0.2960122351697187,499991.4215752757
3700.0,0.47500000000000003,CO2,29.785971936308894,0.9603355637198199,499990.41234883753
3700.0,0.47500000000000003,N2,171.52936540884224,0.29601223516223735,499990.41234883753
3700.0,0.525,CO2,29.304945243902267,0.9502871680634125,499989.4031223994
3700.0,0.525,N2,171.52936540683635,0.2960122351522387,499989.4031223994
3700.0,0.5750000000000001,CO2,28.402588324990344,0.9312040283040472,499988.3938959612
3700.0,0.5750000000000001,N2,171.5293654040968,0.2960122351390352,499988.3938959612
3700.0,0.625,CO2,26.778812354978978,0.8959436180250332,499987.3846695231
3700.0,0.625,N2,171.52936540040403,0.2960122351217845,499987.3846695231
3700.0,0.675,CO2,24.03727003515699,0.8334050654623983,499986.3754430849
3700.0,0.675,N2,171.52936539548423,0.29601223509946184,499986.3754430849
3700.0,0.7250000000000001,CO2,19.86583870871725,0.7300160617880195,499985.3662166468
3700.0,0.7250000000000001,N2,171.5293653889988,0.29601223507082736,499985.3662166468
3700.0,0.775,CO2,14.491767053384462,0.5790334258003512,499984.3569902086
3700.0,0.775,N2,171.52936538053262,0.29601223503439505,499984.3569902086
3700.0,0.8250000000000001,CO2,9.039547732862768,0.39863468602717833,499983.3477637705
3700.0,0.8250000000000001,N2,171.52936536959115,0.2960122349884319,499983.3477637705
3700.0,0.875,CO2,4.852697251342885,0.23379784306758652,499982.3385373323
3700.0,0.875,N2,171.52936535565075,0.29601223493116063,499982.3385373323
3700.0,0.925,CO2,2.340381435112989,0.11967069690385022,499981.3293108942
3700.0,0.925,N2,171.52936533853892,0.29601223486221045,499981.3293108942
3700.0,0.9750000000000001,CO2,1.0980714023462819,0.05785959088606277,499980.320084456
3700.0,0.9750000000000001,N2,171.5293653207332,0.29601223479146777,499980.320084456
3750.0,0.025,CO2,30.269835029509903,0.9704336177535022,499999.49538678094
3750.0,0.025,N2,171.52936541327296,0.2960122351873407,499999.49538678094
3750.0,0.07500000000000001,CO2,30.269625360657454,0.9704290281259289,499998.48616034276
3750.0,0.07500000000000001,N2,171.5293654132477,0.29601223518710834,499998.48616034276
3750.0,0.125,CO2,30.268961035647507,0.9704145797764331,499997.47693390463
3750.0,0.125,N2,171.52936541319852,0.2960122351867139,499997.47693390463
3750.0,0.17500000000000002,CO2,30.267116253399283,0.970374765984212,499996.46770746645
3750.0,0.17500000000000002,N2,171.52936541311192,0.2960122351860848,499996.46770746645
3750.0,0.225,CO2,30.26244709744552,0.9702748258332042,499995.4584810283
3750.0,0.225,N2,171.5293654129689,0.2960122351851247,499995.4584810283
3750.0,0.275,CO2,30.251431280742096,0.9700409676946952,499994.44925459014
3750.0,0.275,N2,171.5293654127435,0.2960122351837081,499994.44925459014
3750.0,0.325,CO2,30.226837170729038,0.9695228198035536,499993.440028152
3750.0,0.325,N2,171.5293654124009,0.29601223518167297,499993.440028152
3750.0,0.375,CO2,30.174301563712813,0.9684231735480493,499992.43080171384
3750.0,0.375,N2,171.52936541189493,0.2960122351788127,499992.43080171384
3750.0,0.42500000000000004,CO2,30.066054573379624,0.9661680122505836,499991.4215752757
3750.0,0.42500000000000004,N2,171.5293654111652,0.2960122351748658,499991.4215752757
3750.0,0.47500000000000003,CO2,29.849719434376603,0.9616693485992348,499990.41234883753
3750.0,0.47500000000000003,N2,171.52936541013364,0.29601223516950503,499990.41234883753
3750.0,0.525,CO2,29.429295668944164,0.9529029388316191,499989.4031223994
3750.0,0.525,N2,171.52936540870016,0.29601223516232317,499989.4031223994
3750.0,0.5750000000000001,CO2,28.636166985961072,0.9361940960063986,499988.3938959612
3750.0,0.5750000000000001,N2,171.5293654067381,0.2960122351528173,499988.3938959612
3750.0,0.625,CO2,27.195919615124033,0.905147482827211,499987.3846695231
3750.0,0.625,N2,171.52936540408746,0.29601223514037006,499987.3846695231
3750.0,0.675,CO2,24.726397336456486,0.8495390800540368,499986.3754430849
3750.0,0.675,N2,171.52936540054876,0.2960122351242289,499986.3754430849
3750.0,0.7250000000000001,CO2,20.869421111164158,0.7559297672862728,499985.3662166468
3750.0,0.7250000000000001,N2,171.52936539587463,0.29601223510348085,499985.3662166468
3750.0,0.775,CO2,15.690751177345742,0.6147796926131052,499984.3569902086
3750.0,0.775,N2,171.52936538976132,0.2960122350770303,499984.3569902086
3750.0,0.8250000000000001,CO2,10.133067434074968,0.4375756273240165,499983.3477637705
3750.0,0.8250000000000001,N2,171.52936538184642,0.29601223504359614,499983.3477637705
3750.0,0.875,CO2,5.603789634592946,0.26552845479489895,499982.3385373323
3750.0,0.875,N2,171.52936537174494,0.2960122350018611,499982.3385373323
3750.0,0.925,CO2,2.7558986245975357,0.1395232029014587,499981.3293108942
3750.0,0.925,N2,171.52936535932687,0.2960122349515344,499981.3293108942
3750.0,0.9750000000000001,CO2,1.3077263115544353,0.06856268022421966,499980.320084456
3750.0,0.9750000000000001,N2,171.52936534639116,0.2960122348998382,499980.320084456
3800.0,0.025,CO2,30.26984294112071,0.970433792203576,499999.49538678094
3800.0,0.025,N2,171.52936541327625,0.2960122351873869,499999.49538678094
3800.0,0.07500000000000001,CO2,30.26966434446619,0.9704298842858089,499998.48616034276
3800.0,0.07500000000000001,N2,171.52936541325872,0.29601223518722575,499998.48616034276
3800.0,0.125,CO2,30.26909733427238,0.9704175552204299,499997.47693390463
3800.0,0.125,N2,171.52936541322438,0.2960122351869502,499997.47693390463
3800.0,0.17500000000000002,CO2,30.267518922002832,0.9703834920140866,499996.46770746645
3800.0,0.17500000000000002,N2,171.52936541316382,0.2960122351865086,499996.46770746645
3800.0,0.225,CO2,30.263513107519213,0.9702977420534247,499995.4584810283
3800.0,0.225,N2,171.52936541306332,0.29601223518583153,499995.4584810283
3800.0,0.275,CO2,30.254035618874322,0.9700965014979016,499994.44925459014
3800.0,0.275,N2,171.52936541290455,0.29601223518482894,499994.44925459014
3800.0,0.325,CO2,30.23281616959068,0.9696493465466391,499993.440028152
3800.0,0.325,N2,171.52936541266237,0.29601223518338377,499993.440028152
3800.0,0.375,CO2,30.187362651492,0.9686977826586305,499992.43080171384
3800.0,0.375,N2,171.52936541230375,0.29601223518134645,499992.43080171384
3800.0,0.42500000000000004,CO2,30.093445341111888,0.9667412924980178,499991.4215752757
3800.0,0.42500000000000004,N2,171.52936541178522,0.29601223517852737,499991.4215752757
3800.0,0.47500000000000003,CO2,29.905183922605104,0.9628286625455886,499990.41234883753
3800.0,0.47500000000000003,N2,171.52936541105015,0.29601223517468833,499990.41234883753
3800.0,0.525,CO2,29.5379848510374,0.9551839046022451,499989.4031223994
3800.0,0.525,N2,171.5293654100265,0.29601223516953257,499989.4031223994
3800.0,0.5750000000000001,CO2,28.841712849434156,0.940564336856925,499988.3938959612
3800.0,0.5750000000000001,N2,171.52936540862177,0.2960122351626924,499988.3938959612
3800.0,0.625,CO2,27.567038683673772,0.9132635934397584,499987.3846695231
3800.0,0.625,N2,171.52936540672013,0.2960122351537156,499987.3846695231
3800.0,0.675,CO2,25.351165869618793,0.8639406504409823,499986.3754430849
3800.0,0.675,N2,171.5293654041759,0.29601223514204994,499986.3754430849
3800.0,0.7250000000000001,CO2,21.808407285756786,0.779584979075389,499985.3662166468
3800.0,0.7250000000000001,N2,171.5293654008084,0.2960122351270237,499985.3662166468
3800.0,0.775,CO2,16.86839025313935,0.648704232487158,499984.3569902086
3800.0,0.775,N2,171.52936539639546,0.2960122351078294,499984.3569902086
3800.0,0.8250000000000001,CO2,11.275309895387826,0.4766927546447535,499983.3477637705
3800.0,0.8250000000000001,N2,171.52936539067133,0.296012235083521,499983.3477637705
3800.0,0.875,CO2,6.434665269838308,0.29947385180939345,499982.3385373323
3800.0,0.875,N2,171.52936538335348,0.2960122350531225,499982.3385373323
3800.0,0.925,CO2,3.2339421912649997,0.16187513515958513,499981.3293108942
3800.0,0.925,N2,171.5293653743443,0.2960122350164075,499981.3293108942
3800.0,0.9750000000000001,CO2,1.5543895758848594,0.0810058164564415,499980.320084456
3800.0,0.9750000000000001,N2,171.52936536494977,0.2960122349786488,499980.320084456
3850.0,0.025,CO2,30.269849665233675,0.9704339403818146,499999.49538678094
3850.0,0.025,N2,171.5293654132785,0.29601223518741887,499999.49538678094
3850.0,0.07500000000000001,CO2,30.269697517024003,0.9704306124771434,499998.48616034276
3850.0,0.07500000000000001,N2,171.52936541326625,0.2960122351873066,499998.48616034276
3850.0,0.125,CO2,30.269213530216252,0.9704200910376668,499997.47693390463
3850.0,0.125,N2,171.52936541324232,0.2960122351871138,499997.47693390463
3850.0,0.17500000000000002,CO2,30.267863000101386,0.9703909473428214,499996.46770746645
3850.0,0.17500000000000002,N2,171.5293654131999,0.29601223518680353,499996.46770746645
3850.0,0.225,CO2,30.264426405347145,0.9703173756712055,499995.4584810283
3850.0,0.225,N2,171.5293654131292,0.29601223518632597,499995.4584810283
3850.0,0.275,CO2,30.256273112505994,0.9701442185640515,499994.44925459014
3850.0,0.275,N2,171.52936541301727,0.29601223518561637,499994.44925459014
3850.0,0.325,CO2,30.237967702721974,0.9697583789405821,499993.440028152
3850.0,0.325,N2,171.52936541284606,0.29601223518459036,499993.440028152
3850.0,0.375,CO2,30.19864886657561,0.9689350900138447,499992.43080171384
3850.0,0.375,N2,171.52936541259183,0.2960122351831396,499992.43080171384
3850.0,0.42500000000000004,CO2,30.117185426554475,0.967238056925259,499991.4215752757
3850.0,0.42500000000000004,N2,171.52936541222326,0.2960122351811267,499991.4215752757
3850.0,0.47500000000000003,CO2,29.953417923735138,0.9638360117129274,499990.41234883753
3850.0,0.47500000000000003,N2,171.52936541169964,0.2960122351783785,499990.41234883753
3850.0,0.525,CO2,29.632905927568277,0.9571719369823952,499989.4031223994
3850.0,0.525,N2,171.52936541096858,0.29601223517467873,499989.4031223994
3850.0,0.5750000000000001,CO2,29.022322802860334,0.9443884504679072,499988.3938959612
3850.0,0.5750000000000001,N2,171.52936540996333,0.2960122351697587,499988.3938959612
3850.0,0.625,CO2,27.89636240191289,0.9204089967275196,499987.3846695231
3850.0,0.625,N2,171.52936540859935,0.29601223516328756,499987.3846695231
3850.0,0.675,CO2,25.914920020389804,0.8767559961654652,499986.3754430849
3850.0,0.675,N2,171.52936540677072,0.2960122351548601,499986.3754430849
3850.0,0.7250000000000001,CO2,22.680017302977713,0.8010530347846558,499985.3662166468
3850.0,0.7250000000000001,N2,171.52936540434536,0.29601223514398256,499985.3662166468
3850.0,0.775,CO2,18.011588688378094,0.6805853399147807,499984.3569902086
3850.0,0.775,N2,171.5293654011607,0.2960122351300602,499984.3569902086
3850.0,0.8250000000000001,CO2,12.452499895154073,0.5154709182752799,499983.3477637705
3850.0,0.8250000000000001,N2,171.52936539702173,0.29601223511239483,499983.3477637705
3850.0,0.875,CO2,7.34375650526643,0.33531953428736316,499982.3385373323
3850.0,0.875,N2,171.52936539172046,0.29601223509026414,499982.3385373323
3850.0,0.925,CO2,3.780223012407066,0.18680595561706134,499981.3293108942
3850.0,0.925,N2,171.5293653851829,0.2960122350634923,499981.3293108942
3850.0,0.9750000000000001,CO2,1.843588744480657,0.09539289322816125,499980.320084456
3850.0,0.9750000000000001,N2,171.52936537835723,0.29601223503592716,499980.320084456
3900.0,0.025,CO2,30.269855381118372,0.9704340662694058,499999.49538678094
3900.0,0.025,N2,171.52936541328017,0.29601223518744224,499999.49538678094
3900.0,0.07500000000000001,CO2,30.26972574873289,0.9704312319241353,499998.48616034276
3900.0,0.07500000000000001,N2,171.52936541327168,0.2960122351873638,499998.48616034276
3900.0,0.125,CO2,30.269312598137045,0.9704222524048612,499997.47693390463
3900.0,0.125,N2,171.52936541325494,0.29601223518722847,499997.47693390463
3900.0,0.17500000000000002,CO2,30.26815702571452,0.9703973172857544,499996.46770746645
3900.0,0.17500000000000002,N2,171.52936541322512,0.2960122351870101,499996.46770746645
3900.0,0.225,CO2,30.265208858359497,0.9703341966519774,499995.4584810283
3900.0,0.225,N2,171.5293654131755,0.29601223518667286,499995.4584810283
3900.0,0.275,CO2,30.25819530700848,0.9701852164203978,499994.44925459014
3900.0,0.275,N2,171.52936541309649,0.29601223518617037,499994.44925459014
3900.0,0.325,CO2,30.242405745864023,0.9698523253096022,499993.440028152
3900.0,0.325,N2,171.5293654129754,0.29601223518544156,499993.440028152
3900.0,0.375,CO2,30.208399570506458,0.969140130598997,499992.43080171384
3900.0,0.375,N2,171.5293654127952,0.2960122351844084,499992.43080171384
3900.0,0.42500000000000004,CO2,30.137755602502608,0.9676684289227214,499991.4215752757
3900.0,0.42500000000000004,N2,171.5293654125332,0.29601223518297104,499991.4215752757
3900.0,0.47500000000000003,CO2,29.99534541907667,0.9647110631393631,499990.41234883753
3900.0,0.47500000000000003,N2,171.52936541216,0.29601223518100384,499990.41234883753
3900.0,0.525,CO2,29.715741327612843,0.9589038866677941,499989.4031223994
3900.0,0.525,N2,171.5293654116379,0.2960122351783492,499989.4031223994
3900.0,0.5750000000000001,CO2,29.180814435183976,0.9477321440657167,499988.3938959612
3900.0,0.5750000000000001,N2,171.52936541091847,0.296012235174811,499988.3938959612
3900.0,0.625,CO2,28.187911602075545,0.9266909651901669,499987.3846695231
3900.0,0.625,N2,171.52936540994023,0.2960122351701473,499987.3846695231
3900.0,0.675,CO2,26.421492114807407,0.8881291061123618,499986.3754430849
3900.0,0.675,N2,171.52936540862612,0.29601223516406083,499986.3754430849
3900.0,0.7250000000000001,CO2,23.483326409689216,0.8204365914206424,499985.3662166468
3900.0,0.7250000000000001,N2,171.5293654068798,0.29601223515618913,499985.3662166468
3900.0,0.775,CO2,19.109270902650238,0.7102803465051369,499984.3569902086
3900.0,0.775,N2,171.5293654045825,0.2960122351460942,499984.3569902086
3900.0,0.8250000000000001,CO2,13.649530337329224,0.553427989150385,499983.3477637705
3900.0,0.8250000000000001,N2,171.5293654015913,0.29601223513326125,499983.3477637705
3900.0,0.875,CO2,8.326775697734822,0.3726682068537634,499982.3385373323
3900.0,0.875,N2,171.52936539775328,0.29601223511715585,499982.3385373323
3900.0,0.925,CO2,4.399756828263962,0.21432902389693573,499981.3293108942
3900.0,0.925,N2,171.5293653930128,0.29601223509764213,499981.3293108942
3900.0,0.9750000000000001,CO2,2.181307500497229,0.11192462402952759,499980.320084456
3900.0,0.9750000000000001,N2,171.52936538805764,0.296012235077527,499980.320084456
3950.0,0.025,CO2,30.26986024080944,0.9704341732400841,499999.49538678094
3950.0,0.025,N2,171.52936541328137,0.29601223518745884,499999.49538678094
3950.0,0.07500000000000001,CO2,30.26974977895903,0.9704317589472136,499998.48616034276
3950.0,0.07500000000000001,N2,171.52936541327549,0.29601223518740405,499998.48616034276
3950.0,0.125,CO2,30.26939707104469,0.9704240948021958,499997.47693390463
3950.0,0.125,N2,171.5293654132638,0.2960122351873092,499997.47693390463
3950.0,0.17500000000000002,CO2,30.26840829111157,0.9704027600990563,499996.46770746645
3950.0,0.17500000000000002,N2,171.529365413243,0.2960122351871555,499996.46770746645
3950.0,0.225,CO2,30.26587920603753,0.9703486077513089,499995.4584810283
3950.0,0.225,N2,171.52936541320807,0.2960122351869174,499995.4584810283
3950.0,0.275,CO2,30.259846531242573,0.9702204390181703,499994.44925459014
3950.0,0.275,N2,171.52936541315233,0.2960122351865615,499994.44925459014
3950.0,0.325,CO2,30.246228680426704,0.9699332643353097,499993.440028152
3950.0,0.325,N2,171.52936541306678,0.2960122351860438,499993.440028152
3950.0,0.375,CO2,30.21682220200593,0.9693172654698821,499992.43080171384
3950.0,0.375,N2,171.529365412939,0.296012235185308,499992.43080171384
3950.0,0.42500000000000004,CO2,30.155574514937456,0.9680412090118655,499991.4215752757
3950.0,0.42500000000000004,N2,171.52936541275275,0.2960122351842817,499991.4215752757
3950.0,0.47500000000000003,CO2,30.031776343776947,0.9654709888622389,499990.41234883753
3950.0,0.47500000000000003,N2,171.52936541248692,0.29601223518287373,499990.41234883753
3950.0,0.525,CO2,29.78798186624684,0.9604121348146091,499989.4031223994
3950.0,0.525,N2,171.52936541211417,0.2960122351809693,499989.4031223994
3950.0,0.5750000000000001,CO2,29.31973547212637,0.9506538073333216,499988.3938959612
3950.0,0.5750000000000001,N2,171.52936541159931,0.29601223517842534,499988.3938959612
3950.0,0.625,CO2,28.445484037486132,0.9322070627837029,499987.3846695231
3950.0,0.625,N2,171.5293654108978,0.296012235175065,499987.3846695231
3950.0,0.675,CO2,26.874995685327814,0.8981986401264044,499986.3754430849
3950.0,0.675,N2,171.52936540995356,0.2960122351706704,499986.3754430849
3950.0,0.7250000000000001,CO2,24.218952505961777,0.8378596912171151,499985.3662166468
3950.0,0.7250000000000001,N2,171.52936540869638,0.2960122351649755,499985.3662166468
3950.0,0.775,CO2,20.152616752040853,0.7377183908390513,499984.3569902086
3950.0,0.775,N2,171.52936540703948,0.2960122351576581,499984.3569902086
3950.0,0.8250000000000001,CO2,14.850810419472392,0.5901369774850426,499983.3477637705
3950.0,0.8250000000000001,N2,171.52936540487832,0.29601223514833874,499983.3477637705
3950.0,0.875,CO2,9.376585959999773,0.41105722960490915,499982.3385373323
3950.0,0.875,N2,171.52936540210112,0.29601223513662234,499982.3385373323
3950.0,0.925,CO2,5.096427718611614,0.24437802916375184,499981.3293108942
3950.0,0.925,N2,171.5293653986662,0.2960122351224043,499981.3293108942
3950.0,0.9750000000000001,CO2,2.5738774338262074,0.1307880063045352,499980.320084456
3950.0,0.9750000000000001,N2,171.52936539507203,0.2960122351077313,499980.320084456
4000.0,0.025,CO2,30.26986437326953,0.9704342641534425,499999.49538678094
4000.0,0.025,N2,171.52936541328208,0.29601223518746955,499999.49538678094
4000.0,0.07500000000000001,CO2,30.26977023585329,0.970432207403889,499998.48616034276
4000.0,0.07500000000000001,N2,171.52936541327807,0.29601223518743164,499998.48616034276
4000.0,0.125,CO2,30.26946910604895,0.970425665459997,499997.47693390463
4000.0,0.125,N2,171.52936541327,0.29601223518736536,499997.47693390463
4000.0,0.17500000000000002,CO2,30.268623024613085,0.9704074109316787,499996.46770746645
4000.0,0.17500000000000002,N2,171.52936541325536,0.2960122351872575,499996.46770746645
4000.0,0.225,CO2,30.266453506185858,0.9703609541026562,499995.4584810283
4000.0,0.225,N2,171.52936541323092,0.29601223518708963,499995.4584810283
4000.0,0.275,CO2,30.261264901974762,0.9702506981104609,499994.44925459014
4000.0,0.275,N2,171.52936541319173,0.29601223518683784,499994.44925459014
4000.0,0.325,CO2,30.249521405119793,0.9700029898090373,499993.440028152
4000.0,0.325,N2,171.5293654131312,0.29601223518647035,499993.440028152
4000.0,0.375,CO2,30.224096458882215,0.9694702708639649,499992.43080171384
4000.0,0.375,N2,171.5293654130407,0.29601223518594666,499992.43080171384
4000.0,0.42500000000000004,CO2,30.171006450894783,0.9683640444041431,499991.4215752757
4000.0,0.42500000000000004,N2,171.52936541290845,0.2960122351852143,499991.4215752757
4000.0,0.47500000000000003,CO2,30.063419742023676,0.9661307716437633,499990.41234883753
4000.0,0.47500000000000003,N2,171.52936541271913,0.296012235184207,499990.41234883753
4000.0,0.525,CO2,29.85094525053465,0.9617250968979503,499989.4031223994
4000.0,0.525,N2,171.5293654124532,0.29601223518284137,499989.4031223994
4000.0,0.5750000000000001,CO2,29.441377626007576,0.9532051835239101,499988.3938959612
4000.0,0.5750000000000001,N2,171.52936541208484,0.296012235181013,499988.3938959612
4000.0,0.625,CO2,28.672622756302605,0.9370454625800564,499987.3846695231
4000.0,0.625,N2,171.5293654115821,0.29601223517859265,499987.3846695231
4000.0,0.675,CO2,27.279658347831027,0.9070958396894542,499986.3754430849
4000.0,0.675,N2,171.5293654109038,0.29601223517542086,499986.3754430849
4000.0,0.7250000000000001,CO2,24.888745980054953,0.8534593463265676,499985.3662166468
4000.0,0.7250000000000001,N2,171.529365409999,0.2960122351713024,499985.3662166468
4000.0,0.775,CO2,21.135147949028198,0.7628902927579156,499984.3569902086
4000.0,0.775,N2,171.52936540880427,0.29601223516600045,499984.3569902086
4000.0,0.8250000000000001,CO2,16.041095067187243,0.6252416322185587,499983.3477637705
4000.0,0.8250000000000001,N2,171.52936540724298,0.29601223515923536,499983.3477637705
4000.0,0.875,CO2,10.483278387174856,0.4499825159466942,499982.3385373323
4000.0,0.875,N2,171.52936540523305,0.2960122351507154,499982.3385373323
4000.0,0.925,CO2,5.872510398890802,0.27679726393533977,499981.3293108942
4000.0,0.925,N2,171.52936540274348,0.29601223514036035,499981.3293108942
4000.0,0.9750000000000001,CO2,3.027804317287864,0.15214324407069627,499980.320084456
4000.0,0.9750000000000001,N2,171.52936540013556,0.2960122351296616,499980.320084456
4050.0,0.025,CO2,30.269867887914213,0.9704343414338618,499999.49538678094
4050.0,0.025,N2,171.52936541328265,0.2960122351874765,499999.49538678094
4050.0,0.07500000000000001,CO2,30.2697876531696,0.9704325890625587,499998.48616034276
4050.0,0.07500000000000001,N2,171.52936541327978,0.29601223518745023,499998.48616034276
4050.0,0.125,CO2,30.26953054032959,0.9704270045897595,499997.47693390463
4050.0,0.125,N2,171.52936541327418,0.296012235187404,499997.47693390463
4050.0,0.17500000000000002,CO2,30.26880654596563,0.9704113852023704,499996.46770746645
4050.0,0.17500000000000002,N2,171.52936541326395,0.29601223518732833,499996.46770746645
4050.0,0.225,CO2,30.26694551800175,0.970371531446899,499995.4584810283
4050.0,0.225,N2,171.52936541324675,0.29601223518721015,499995.4584810283
4050.0,0.275,CO2,30.262483190141367,0.9702766916845633,499994.44925459014
4050.0,0.275,N2,171.52936541321918,0.29601223518703224,499994.44925459014
4050.0,0.325,CO2,30.25235716702808,0.9700630493948821,499993.440028152
4050.0,0.325,N2,171.52936541317646,0.2960122351867716,499993.440028152
4050.0,0.375,CO2,30.23037794987765,0.9696024157721295,499992.43080171384
4050.0,0.375,N2,171.52936541311234,0.29601223518639913,499992.43080171384
4050.0,0.42500000000000004,CO2,30.184368196790857,0.968643577572767,499991.4215752757
4050.0,0.42500000000000004,N2,171.52936541301852,0.2960122351858769,499991.4215752757
4050.0,0.47500000000000003,CO2,30.090895628230992,0.966703475760896,499990.41234883753
4050.0,0.47500000000000003,N2,171.5293654128838,0.2960122351851566,499990.41234883753
4050.0,0.525,CO2,29.90579363692841,0.9628676791180736,499989.4031223994
4050.0,0.525,N2,171.52936541269403,0.2960122351841779,499989.4031223994
4050.0,0.5750000000000001,CO2,29.547793134377134,0.955432016771548,499988.3938959612
4050.0,0.5750000000000001,N2,171.52936541243076,0.2960122351828645,499988.3938959612
4050.0,0.625,CO2,28.87259989567694,0.9412854286282709,499987.3846695231
4050.0,0.625,N2,171.52936541207052,0.29601223518112213,499987.3846695231
4050.0,0.675,CO2,27.63969263796816,0.9149432419155527,499986.3754430849
4050.0,0.675,N2,171.52936541158368,0.296012235178834,499986.3754430849
4050.0,0.7250000000000001,CO2,25.495486731860016,0.8673787400086056,499985.3662166468
4050.0,0.7250000000000001,N2,171.52936541093285,0.29601223517585695,499985.3662166468
4050.0,0.775,CO2,22.05260667824219,0.7858371546559634,499984.3569902086
4050.0,0.775,N2,171.5293654100718,0.2960122351720171,499984.3569902086
4050.0,0.8250000000000001,CO2,17.206243546019696,0.6584647732042157,499983.3477637705
4050.0,0.8250000000000001,N2,171.5293654089445,0.2960122351671084,499983.3477637705
4050.0,0.875,CO2,11.634540555528911,0.4889261690413946,499982.3385373323
4050.0,0.875,N2,171.52936540749062,0.2960122351609157,499982.3385373323
4050.0,0.925,CO2,6.728202761680621,0.31133782855726566,499981.3293108942
4050.0,0.925,N2,171.5293654056866,0.2960122351533775,499981.3293108942
4050.0,0.9750000000000001,CO2,3.5495142543880593,0.17610858364444545,499980.320084456
4050.0,0.9750000000000001,N2,171.52936540379463,0.2960122351455803,499980.320084456
4100.0,0.025,CO2,30.26987087759728,0.970434407137289,499999.49538678094
4100.0,0.025,N2,171.52936541328302,0.2960122351874814,499999.49538678094
4100.0,0.07500000000000001,CO2,30.269802484537923,0.9704329139195128,499998.48616034276
4100.0,0.07500000000000001,N2,171.52936541328103,0.2960122351874631,499998.48616034276
4100.0,0.125,CO2,30.26958293878242,0.9704281464316654,499997.47693390463
4100.0,0.125,N2,171.52936541327702,0.29601223518743075,499997.47693390463
4100.0,0.17500000000000002,CO2,30.268963399112145,0.9704147814849964,499996.46770746645
4100.0,0.17500000000000002,N2,171.5293654132699,0.29601223518737757,499996.46770746645
4100.0,0.225,CO2,30.26736703080187,0.970380593194288,499995.4584810283
4100.0,0.225,N2,171.5293654132578,0.2960122351872943,499995.4584810283
4100.0,0.275,CO2,30.263529567622072,0.9702990198486751,499994.44925459014
4100.0,0.275,N2,171.52936541323837,0.2960122351871685,499994.44925459014
4100.0,0.325,CO2,30.254799148219696,0.9701147781868176,499993.440028152
4100.0,0.325,N2,171.52936541320824,0.2960122351869837,499993.440028152
4100.0,0.375,CO2,30.235801379525128,0.9697165294117935,499992.43080171384
4100.0,0.375,N2,171.52936541316282,0.29601223518671893,499992.43080171384
4100.0,0.42500000000000004,CO2,30.195935078419392,0.9688855762512173,499991.4215752757
4100.0,0.42500000000000004,N2,171.52936541309612,0.2960122351863464,499991.4215752757
4100.0,0.47500000000000003,CO2,30.114745622567288,0.9672004861817615,499990.41234883753
4100.0,0.47500000000000003,N2,171.52936541300033,0.29601223518583164,499990.41234883753
4100.0,0.525,CO2,29.95355003930234,0.9638616892023714,499989.4031223994
4100.0,0.525,N2,171.52936541286493,0.2960122351851304,499989.4031223994
4100.0,0.5750000000000001,CO2,29.640812737035404,0.9573746643613179,499988.3938959612
4100.0,0.5750000000000001,N2,171.52936541267684,0.2960122351841873,499988.3938959612
4100.0,0.625,CO2,29.04841199216651,0.9449978989984912,499987.3846695231
4100.0,0.625,N2,171.52936541241877,0.2960122351829334,499987.3846695231
4100.0,0.675,CO2,27.95919918492644,0.921854011395338,499986.3754430849
4100.0,0.675,N2,171.52936541206935,0.2960122351812834,499986.3754430849
4100.0,0.7250000000000001,CO2,26.04261552477393,0.8797619534619928,499985.3662166468
4100.0,0.7250000000000001,N2,171.52936541160136,0.2960122351791323,499985.3662166468
4100.0,0.775,CO2,22.902762829957517,0.8066388747791594,499984.3569902086
4100.0,0.775,N2,171.52936541098111,0.29601223517635245,499984.3569902086
4100.0,0.8250000000000001,CO2,18.333810972044162,0.6896097690998804,499983.3477637705
4100.0,0.8250000000000001,N2,171.5293654101676,0.29601223517279224,499983.3477637705
4100.0,0.875,CO2,12.816226551335124,0.5273846564511427,499982.3385373323
4100.0,0.875,N2,171.52936540911676,0.29601223516829295,499982.3385373323
4100.0,0.925,CO2,7.661216425297864,0.34766134416773187,499981.3293108942
4100.0,0.925,N2,171.529365407811,0.29601223516280767,499981.3293108942
4100.0,0.9750000000000001,CO2,4.145010889902428,0.20274401331455863,499980.320084456
4100.0,0.9750000000000001,N2,171.52936540644018,0.2960122351571275,499980.320084456
4150.0,0.025,CO2,30.26987342113584,0.970434463007671,499999.49538678094
4150.0,0.025,N2,171.52936541328324,0.29601223518748504,499999.49538678094
4150.0,0.07500000000000001,CO2,30.269815115563674,0.9704331904674734,499998.48616034276
4150.0,0.07500000000000001,N2,171.5293654132819,0.29601223518747233,499998.48616034276
4150.0,0.125,CO2,30.269627634535468,0.9704291201449843,499997.47693390463
4150.0,0.125,N2,171.52936541327912,0.2960122351874496,499997.47693390463
4150.0,0.17500000000000002,CO2,30.269097465521877,0.9704176839710568,499996.46770746645
4150.0,0.17500000000000002,N2,171.52936541327404,0.29601223518741215,499996.46770746645
4150.0,0.225,CO2,30.26772814580037,0.9703883564778798,499995.4584810283
4150.0,0.225,N2,171.52936541326565,0.29601223518735337,499995.4584810283
4150.0,0.275,CO2,30.264428250259368,0.9703181985099223,499994.44925459014
4150.0,0.275,N2,171.52936541325187,0.2960122351872644,499994.44925459014
4150.0,0.325,CO2,30.25690183874061,0.9701593277275691,499993.440028152
4150.0,0.325,N2,171.5293654132306,0.29601223518713327,499993.440028152
4150.0,0.375,CO2,30.240483321121182,0.9698150598464783,499992.43080171384
4150.0,0.375,N2,171.52936541319835,0.2960122351869449,499992.43080171384
4150.0,0.42500000000000004,CO2,30.20594626686899,0.9690950470115844,499991.4215752757
4150.0,0.42500000000000004,N2,171.52936541315103,0.2960122351866792,499991.4215752757
4150.0,0.47500000000000003,CO2,30.135442443181134,0.9676317193429625,499990.41234883753
4150.0,0.47500000000000003,N2,171.52936541308284,0.29601223518631126,499990.41234883753
4150.0,0.525,CO2,29.995113490685704,0.9647262045169409,499989.4031223994
4150.0,0.525,N2,171.5293654129863,0.2960122351858088,499989.4031223994
4150.0,0.5750000000000001,CO2,29.72206420579861,0.9590686680990722,499988.3938959612
4150.0,0.5750000000000001,N2,171.52936541285175,0.2960122351851317,499988.3938959612
4150.0,0.625,CO2,29.202783904612236,0.94824612278316,499987.3846695231
4150.0,0.625,N2,171.52936541266692,0.2960122351842295,499987.3846695231
4150.0,0.675,CO2,28.242098017605496,0.9279317298680956,499986.3754430849
4150.0,0.675,N2,171.52936541241615,0.29601223518303993,499986.3754430849
4150.0,0.7250000000000001,CO2,26.534000911827775,0.8907500427253247,499985.3662166468
4150.0,0.7250000000000001,N2,171.5293654120797,0.296012235181486,499985.3662166468
4150.0,0.775,CO2,23.685133106291094,0.8254034723305252,499984.3569902086
4150.0,0.775,N2,171.52936541163282,0.29601223517947417,499984.3569902086
4150.0,0.8250000000000001,CO2,19.413434032029485,0.718556412892189,499983.3477637705
4150.0,0.8250000000000001,N2,171.52936541104577,0.29601223517689285,499983.3477637705
4150.0,0.875,CO2,14.013124662478203,0.5648942098658061,499982.3385373323
4150.0,0.875,N2,171.52936541028618,0.296012235173625,499982.3385373323
4150.0,0.925,CO2,8.666508238802095,0.3853518028452855,499981.3293108942
4150.0,0.925,N2,171.52936540934112,0.29601223516963504,499981.3293108942
4150.0,0.9750000000000001,CO2,4.819444192220872,0.23203535084352167,499980.320084456
4150.0,0.9750000000000001,N2,171.52936540834799,0.2960122351654987,499980.320084456
4200.0,0.025,CO2,30.269875585445842,0.9704345105246288,499999.49538678094
4200.0,0.025,N2,171.52936541328341,0.29601223518748765,499999.49538678094
4200.0,0.07500000000000001,CO2,30.269825874080922,0.9704334259229935,499998.48616034276
4200.0,0.07500000000000001,N2,171.52936541328245,0.2960122351874788,499998.48616034276
4200.0,0.125,CO2,30.269665763389067,0.970429950564645,499997.47693390463
4200.0,0.125,N2,171.52936541328057,0.2960122351874629,499997.47693390463
4200.0,0.17500000000000002,CO2,30.269212060886087,0.9704201645705007,499996.46770746645
4200.0,0.17500000000000002,N2,171.52936541327705,0.2960122351874366,499996.46770746645
4200.0,0.225,CO2,30.26803751752726,0.9703950073400888,499995.4584810283
4200.0,0.225,N2,171.5293654132711,0.29601223518739506,499995.4584810283
4200.0,0.275,CO2,30.265200051224358,0.9703346711448851,499994.44925459014
4200.0,0.275,N2,171.5293654132615,0.29601223518733205,499994.44925459014
4200.0,0.325,CO2,30.258712223891724,0.9701976910891502,499993.440028152
4200.0,0.325,N2,171.52936541324635,0.2960122351872391,499993.440028152
4200.0,0.375,CO2,30.244524628468117,0.9699001248779,499992.43080171384
4200.0,0.375,N2,171.52936541322362,0.29601223518710507,499992.43080171384
4200.0,0.42500000000000004,CO2,30.214609430958948,0.9692763343990081,499991.4215752757
4200.0,0.42500000000000004,N2,171.52936541318996,0.2960122351869156,499991.4215752757
4200.0,0.47500000000000003,CO2,30.153398346435978,0.968005808577079,499990.41234883753
4200.0,0.47500000000000003,N2,171.5293654131414,0.29601223518665265,499990.41234883753
4200.0,0.525,CO2,30.03127292346146,0.9654779006537673,499989.4031223994
4200.0,0.525,N2,171.52936541307255,0.2960122351862927,499989.4031223994
4200.0,0.5750000000000001,CO2,29.792990750074416,0.9605452814604503,499988.3938959612
4200.0,0.5750000000000001,N2,171.52936541297638,0.2960122351858066,499988.3938959612
4200.0,0.625,CO2,29.338178750280107,0.9510863152273883,499987.3846695231
4200.0,0.625,N2,171.52936541284402,0.2960122351851576,499987.3846695231
4200.0,0.675,CO2,28.49208268133008,0.9332705146228876,499986.3754430849
4200.0,0.675,N2,171.52936541266405,0.29601223518430014,499986.3754430849
4200.0,0.7250000000000001,CO2,26.97374576702878,0.9004782576725511,499985.3662166468
4200.0,0.7250000000000001,N2,171.52936541242218,0.296012235183178,499985.3662166468
4200.0,0.775,CO2,24.400677193161602,0.8422577147616546,499984.3569902086
4200.0,0.775,N2,171.52936541210022,0.29601223518172226,499984.3569902086
4200.0,0.8250000000000001,CO2,20.437025354305867,0.7452528126257156,499983.3477637705
4200.0,0.8250000000000001,N2,171.52936541167668,0.29601223517985126,499983.3477637705
4200.0,0.875,CO2,15.209786850197835,0.601050905521495,499982.3385373323
4200.0,0.875,N2,171.52936541112757,0.29601223517747866,499982.3385373323
4200.0,0.925,CO2,9.736201009325951,0.42393493876991944,499981.3293108942
4200.0,0.925,N2,171.5293654104433,0.2960122351745773,499981.3293108942
4200.0,0.9750000000000001,CO2,5.576601368621388,0.2638807247006176,499980.320084456
4200.0,0.9750000000000001,N2,171.52936540972334,0.2960122351715663,499980.320084456
4250.0,0.025,CO2,30.269877427349762,0.9704345509437788,499999.49538678094
4250.0,0.025,N2,171.5293654132835,0.2960122351874893,499999.49538678094
4250.0,0.07500000000000001,CO2,30.269835038848846,0.9704336264191994,499998.48616034276
4250.0,0.07500000000000001,N2,171.52936541328287,0.29601223518748315,499998.48616034276
4250.0,0.125,CO2,30.269698293113436,0.9704306588445875,499997.47693390463
4250.0,0.125,N2,171.5293654132815,0.29601223518747205,499997.47693390463
4250.0,0.17500000000000002,CO2,30.269310017670858,0.970422284705056,499996.46770746645
4250.0,0.17500000000000002,N2,171.52936541327912,0.2960122351874537,499996.46770746645
4250.0,0.225,CO2,30.26830256075739,0.9704007051784521,499995.4584810283
4250.0,0.225,N2,171.52936541327497,0.2960122351874244,499995.4584810283
4250.0,0.275,CO2,30.265862857342732,0.9703488189314325,499994.44925459014
4250.0,0.275,N2,171.52936541326815,0.2960122351873799,499994.44925459014
4250.0,0.325,CO2,30.260270810897563,0.9702307245519445,499993.440028152
4250.0,0.325,N2,171.52936541325747,0.296012235187314,499993.440028152
4250.0,0.375,CO2,30.248012532541853,0.9699735562234872,499992.43080171384
4250.0,0.375,N2,171.5293654132414,0.2960122351872187,499992.43080171384
4250.0,0.42500000000000004,CO2,30.22210481161108,0.9694332074114882,499991.4215752757
4250.0,0.42500000000000004,N2,171.52936541321753,0.2960122351870837,499991.4215752757
4250.0,0.47500000000000003,CO2,30.16897260860065,0.9683302669958144,499990.41234883753
4250.0,0.47500000000000003,N2,171.52936541318303,0.2960122351868959,499990.41234883753
4250.0,0.525,CO2,30.062719775341268,0.9661313436204667,499989.4031223994
4250.0,0.525,N2,171.52936541313392,0.29601223518663816,499989.4031223994
4250.0,0.5750000000000001,CO2,29.854868811736697,0.9618319509885402,499988.3938959612
4250.0,0.5750000000000001,N2,171.52936541306522,0.29601223518628933,499988.3938959612
4250.0,0.625,CO2,29.45681181462246,0.9535683052985111,499987.3846695231
4250.0,0.625,N2,171.52936541297046,0.29601223518582265,499987.3846695231
4250.0,0.675,CO2,28.712592634959798,0.9379553643276969,499986.3754430849
4250.0,0.675,N2,171.5293654128414,0.2960122351852048,499986.3754430849
4250.0,0.7250000000000001,CO2,27.36603272547717,0.909074196777327,499985.3662166468
4250.0,0.7250000000000001,N2,171.5293654126676,0.2960122351843947,499985.3662166468
4250.0,0.775,CO2,25.05149090656989,0.8573392734295605,499984.3569902086
4250.0,0.775,N2,171.52936541243585,0.29601223518334185,499984.3569902086
4250.0,0.8250000000000001,CO2,21.39878552810259,0.7697049424478145,499983.3477637705
4250.0,0.8250000000000001,N2,171.5293654121304,0.29601223518198616,499983.3477637705
4250.0,0.875,CO2,16.391341147733474,0.6355239477054582,499982.3385373323
4250.0,0.875,N2,171.52936541173378,0.29601223518026415,499982.3385373323
4250.0,0.925,CO2,10.859744185919904,0.4629032228132436,499981.3293108942
4250.0,0.925,N2,171.5293654112387,0.2960122351781553,499981.3293108942
4250.0,0.9750000000000001,CO2,6.41835221164229,0.2980817037074518,499980.320084456
4250.0,0.9750000000000001,N2,171.52936541071733,0.2960122351759642,499980.320084456
4300.0,0.025,CO2,30.26987899510845,0.9704345853308727,499999.49538678094
4300.0,0.025,N2,171.52936541328359,0.29601223518749037,499999.49538678094
4300.0,0.07500000000000001,CO2,30.26984284693517,0.970433797169322,499998.48616034276
4300.0,0.07500000000000001,N2,171.52936541328313,0.2960122351874861,499998.48616034276
4300.0,0.125,CO2,30.26972604839125,0.9704312630052726,499997.47693390463
4300.0,0.125,N2,171.52936541328222,0.2960122351874783,499997.47693390463
4300.0,0.17500000000000002,CO2,30.269393755638394,0.9704240968400051,499996.46770746645
4300.0,0.17500000000000002,N2,171.52936541328052,0.2960122351874655,499996.46770746645
4300.0,0.225,CO2,30.268529627953004,0.9704055865580631,499995.4584810283
4300.0,0.225,N2,171.52936541327765,0.29601223518744496,499995.4584810283
4300.0,0.275,CO2,30.266432039199465,0.9703609694722728,499994.44925459014
4300.0,0.275,N2,171.5293654132728,0.2960122351874135,499994.44925459014
4300.0,0.325,CO2,30.261612516672173,0.9702591663451542,499993.440028152
4300.0,0.325,N2,171.52936541326528,0.2960122351873668,499993.440028152
4300.0,0.375,CO2,30.251022463503425,0.9700369378599077,499992.43080171384
4300.0,0.375,N2,171.52936541325386,0.2960122351872991,499992.43080171384
4300.0,0.42500000000000004,CO2,30.228588785842785,0.9695689348984465,499991.4215752757
4300.0,0.42500000000000004,N2,171.52936541323697,0.296012235187203,499991.4215752757
4300.0,0.47500000000000003,CO2,30.182478139475975,0.9686116303669013,499990.41234883753
4300.0,0.47500000000000003,N2,171.52936541321245,0.29601223518706893,499990.41234883753
4300.0,0.525,CO2,30.090059361424935,0.9666992487915325,499989.4031223994
4300.0,0.525,N2,171.52936541317743,0.29601223518688446,499989.4031223994
4300.0,0.5750000000000001,CO2,29.908824931920943,0.9629527523503609,499988.3938959612
4300.0,0.5750000000000001,N2,171.52936541312852,0.2960122351866343,499988.3938959612
4300.0,0.625,CO2,29.56066689265671,0.9557361590483001,499987.3846695231
4300.0,0.625,N2,171.52936541306065,0.2960122351862988,499987.3846695231
4300.0,0.675,CO2,28.906799875704955,0.9420626536179116,499986.3754430849
4300.0,0.675,N2,171.52936541296816,0.2960122351858539,499986.3754430849
4300.0,0.7250000000000001,CO2,27.715005024769255,0.916656702311825,499985.3662166468
4300.0,0.7250000000000001,N2,171.52936541284325,0.2960122351852693,499985.3662166468
4300.0,0.775,CO2,25.640517085921587,0.870790434584591,499984.3569902086
4300.0,0.775,N2,171.52936541267658,0.2960122351845082,499984.3569902086
4300.0,0.8250000000000001,CO2,22.295071538593533,0.7919652889310433,499983.3477637705
4300.0,0.8250000000000001,N2,171.52936541245637,0.2960122351835263,499983.3477637705
4300.0,0.875,CO2,17.54419194663404,0.6680618463324215,499982.3385373323
4300.0,0.875,N2,171.52936541217005,0.2960122351822771,499982.3385373323
4300.0,0.925,CO2,12.02433093635628,0.5017435873377082,499981.3293108942
4300.0,0.925,N2,171.52936541181222,0.2960122351807448,499981.3293108942
4300.0,0.9750000000000001,CO2,7.3441063775584805,0.3343412157935942,499980.320084456
4300.0,0.9750000000000001,N2,171.529365411435,0.2960122351791511,499980.320084456
4350.0,0.025,CO2,30.26988032971962,0.970434614590708,499999.49538678094
4350.0,0.025,N2,171.52936541328373,0.29601223518749115,499999.49538678094
4350.0,0.07500000000000001,CO2,30.269849499984865,0.9704339426054543,499998.48616034276
4350.0,0.07500000000000001,N2,171.5293654132833,0.2960122351874881,499998.48616034276
4350.0,0.125,CO2,30.269749732051647,0.9704317783996116,499997.47693390463
4350.0,0.125,N2,171.5293654132827,0.2960122351874827,499997.47693390463
4350.0,0.17500000000000002,CO2,30.26946534208277,0.9704256457923885,499996.46770746645
4350.0,0.17500000000000002,N2,171.5293654132815,0.2960122351874737,499996.46770746645
4350.0,0.225,CO2,30.26872416138887,0.970409768480228,499995.4584810283
4350.0,0.225,N2,171.52936541327946,0.2960122351874592,499995.4584810283
4350.0,0.275,CO2,30.26692080411681,0.9703714043038546,499994.44925459014
4350.0,0.275,N2,171.52936541327608,0.296012235187437,499994.44925459014
4350.0,0.325,CO2,30.262767435114338,0.9702836528409462,499993.440028152
4350.0,0.325,N2,171.52936541327077,0.2960122351874039,499993.440028152
4350.0,0.375,CO2,30.25361963287533,0.9700916392867891,499992.43080171384
4350.0,0.375,N2,171.52936541326275,0.2960122351873558,499992.43080171384
4350.0,0.42500000000000004,CO2,30.23419698033069,0.9696863512487199,499991.4215752757
4350.0,0.42500000000000004,N2,171.5293654132507,0.29601223518728736,499991.4215752757
4350.0,0.47500000000000003,CO2,30.194187314296492,0.9688555822800374,499990.41234883753
4350.0,0.47500000000000003,N2,171.52936541323322,0.2960122351871917,499990.41234883753
4350.0,0.525,CO2,30.113821078651647,0.9671927098241992,499989.4031223994
4350.0,0.525,N2,171.52936541320832,0.2960122351870597,499989.4031223994
4350.0,0.5750000000000001,CO2,29.95585150788713,0.9639287830426865,499988.3938959612
4350.0,0.5750000000000001,N2,171.5293654131733,0.2960122351868803,499988.3938959612
4350.0,0.625,CO2,29.65151389861415,0.9576287687233196,499987.3846695231
4350.0,0.625,N2,171.52936541312482,0.29601223518663927,499987.3846695231
4350.0,0.675,CO2,29.07760620944992,0.9456607162049636,499986.3754430849
4350.0,0.675,N2,171.5293654130585,0.29601223518631903,499986.3754430849
4350.0,0.7250000000000001,CO2,28.024678167579953,0.9233353207852911,499985.3662166468
4350.0,0.7250000000000001,N2,171.52936541296884,0.2960122351858973,499985.3662166468
4350.0,0.775,CO2,26.171288829857396,0.8827532665016402,499984.3569902086
4350.0,0.775,N2,171.52936541284885,0.29601223518534725,499984.3569902086
4350.0,0.8250000000000001,CO2,23.124177440104205,0.8121216706846188,499983.3477637705
4350.0,0.8250000000000001,N2,171.5293654126901,0.2960122351846364,499983.3477637705
4350.0,0.875,CO2,18.656555935542137,0.6984921331972594,499982.3385373323
4350.0,0.875,N2,171.52936541248343,0.29601223518373043,499982.3385373323
4350.0,0.925,CO2,13.215497837596688,0.5399647510547461,499981.3293108942
4350.0,0.925,N2,171.52936541222473,0.2960122351826176,499981.3293108942
4350.0,0.9750000000000001,CO2,8.350340438868528,0.3722697257866436,499980.320084456
4350.0,0.9750000000000001,N2,171.5293654119516,0.29601223518145886,499980.320084456
4400.0,0.025,CO2,30.269881466017637,0.9704346394915996,499999.49538678094
4400.0,0.025,N2,171.52936541328367,0.29601223518749176,499999.49538678094
4400.0,0.07500000000000001,CO2,30.269855169540413,0.9704340664962365,499998.48616034276
4400.0,0.07500000000000001,N2,171.52936541328347,0.2960122351874896,499998.48616034276
4400.0,0.125,CO2,30.269769943139295,0.9704322181092987,499997.47693390463
4400.0,0.125,N2,171.52936541328307,0.2960122351874859,499997.47693390463
4400.0,0.17500000000000002,CO2,30.269526543256028,0.9704269698477463,499996.46770746645
4400.0,0.17500000000000002,N2,171.52936541328222,0.2960122351874795,499996.46770746645
4400.0,0.225,CO2,30.268890823507004,0.970413351183517,499995.4584810283
4400.0,0.225,N2,171.52936541328074,0.2960122351874693,499995.4584810283
4400.0,0.275,CO2,30.267340499796664,0.9703803653564208,499994.44925459014
4400.0,0.275,N2,171.52936541327838,0.29601223518745357,499994.44925459014
4400.0,0.325,CO2,30.26376149986145,0.9703047325406857,499993.440028152
4400.0,0.325,N2,171.52936541327463,0.2960122351874301,499993.440028152
4400.0,0.375,CO2,30.25586040633933,0.9701388443661726,499992.43080171384
4400.0,0.375,N2,171.52936541326892,0.29601223518739594,499992.43080171384
4400.0,0.42500000000000004,CO2,30.239046988217357,0.9697879135761992,499991.4215752757
4400.0,0.42500000000000004,N2,171.52936541326048,0.29601223518734715,499991.4215752757
4400.0,0.47500000000000003,CO2,30.20433710566515,0.9690670636801071,499990.41234883753
4400.0,0.47500000000000003,N2,171.52936541324792,0.29601223518727887,499990.41234883753
4400.0,0.525,CO2,30.134467523826533,0.967621400640545,499989.4031223994
4400.0,0.525,N2,171.52936541323027,0.2960122351871844,499989.4031223994
4400.0,0.5750000000000001,CO2,29.996821351682797,0.9647785144925304,499988.3938959612
4400.0,0.5750000000000001,N2,171.52936541320526,0.29601223518705577,499988.3938959612
4400.0,0.625,CO2,29.73092690512293,0.9592804016864755,499987.3846695231
4400.0,0.625,N2,171.52936541317055,0.29601223518688263,499987.3846695231
4400.0,0.675,CO2,29.22764840254081,0.9488104715805876,499986.3754430849
4400.0,0.675,N2,171.52936541312295,0.2960122351866521,499986.3754430849
4400.0,0.7250000000000001,CO2,28.298878214271024,0.9292101785918458,499985.3662166468
4400.0,0.7250000000000001,N2,171.52936541305857,0.29601223518634795,499985.3662166468
4400.0,0.775,CO2,26.647709659055188,0.893366065564575,499984.3569902086
4400.0,0.775,N2,171.52936541297225,0.29601223518595055,499984.3569902086
4400.0,0.8250000000000001,CO2,23.886040132635753,0.8302870279328276,499983.3477637705
4400.0,0.8250000000000001,N2,171.5293654128579,0.296012235185436,499983.3477637705
4400.0,0.875,CO2,19.718779077574787,0.7267159873033384,499982.3385373323
4400.0,0.875,N2,171.52936541270861,0.2960122351847792,499982.3385373323
4400.0,0.925,CO2,14.417932474631332,0.5771209159077172,499981.3293108942
4400.0,0.925,N2,171.52936541252157,0.29601223518397124,499981.3293108942
4400.0,0.9750000000000001,CO2,9.430310050438397,0.4114001719184262,499980.320084456
4400.0,0.9750000000000001,N2,171.52936541232384,0.2960122351831291,499980.320084456
4450.0,0.025,CO2,30.26988243360549,0.9704346606860944,499999.49538678094
4450.0,0.025,N2,171.52936541328376,0.29601223518749215,499999.49538678094
4450.0,0.07500000000000001,CO2,30.269860001556893,0.9704341720466704,499998.48616034276
4450.0,0.07500000000000001,N2,171.52936541328367,0.29601223518749065,499998.48616034276
4450.0,0.125,CO2,30.269787192289453,0.9704325932819321,499997.47693390463
4450.0,0.125,N2,171.52936541328324,0.29601223518748804,499997.47693390463
4450.0,0.17500000000000002,CO2,30.269578868268727,0.9704281017133203,499996.46770746645
4450.0,0.17500000000000002,N2,171.52936541328265,0.2960122351874836,499996.46770746645
4450.0,0.225,CO2,30.269033608596473,0.9704164205436883,499995.4584810283
4450.0,0.225,N2,171.52936541328168,0.29601223518747644,499995.4584810283
4450.0,0.275,CO2,30.26770087545639,0.9703880605104308,499994.44925459014
4450.0,0.275,N2,171.52936541327998,0.2960122351874653,499994.44925459014
4450.0,0.325,CO2,30.264617056539326,0.9703228781508045,499993.440028152
4450.0,0.325,N2,171.5293654132774,0.29601223518744857,499993.440028152
4450.0,0.375,CO2,30.257793494210475,0.9701795763166575,499992.43080171384
4450.0,0.375,N2,171.5293654132733,0.29601223518742437,499992.43080171384
4450.0,0.42500000000000004,CO2,30.24324073755914,0.9698757514774303,499991.4215752757
4450.0,0.42500000000000004,N2,171.52936541326724,0.29601223518738956,499991.4215752757
4450.0,0.47500000000000003,CO2,30.213133591815875,0.9692503686367433,499990.41234883753
4450.0,0.47500000000000003,N2,171.52936541325846,0.2960122351873409,499990.41234883753
4450.0,0.525,CO2,30.152402611257116,0.9679937533372477,499989.4031223994
4450.0,0.525,N2,171.52936541324578,0.29601223518727326,499989.4031223994
4450.0,0.5750000000000001,CO2,30.032501017225428,0.9655181064651646,499988.3938959612
4450.0,0.5750000000000001,N2,171.529365413228,0.29601223518718106,499988.3938959612
4450.0,0.625,CO2,29.80030196789168,0.960721205991789,499987.3846695231
4450.0,0.625,N2,171.52936541320312,0.2960122351870567,499987.3846695231
4450.0,0.675,CO2,29.35930866589589,0.9515660635326153,499986.3754430849
4450.0,0.675,N2,171.5293654131691,0.29601223518689085,499986.3754430849
4450.0,0.7250000000000001,CO2,28.541200891826612,0.9343721544047938,499985.3662166468
4450.0,0.7250000000000001,N2,171.52936541312283,0.2960122351866715,499985.3662166468
4450.0,0.775,CO2,27.07387316368412,0.902760873816843,499984.3569902086
4450.0,0.775,N2,171.5293654130608,0.2960122351863844,499984.3569902086
4450.0,0.8250000000000001,CO2,24.581942652073053,0.8465905790788203,499983.3477637705
4450.0,0.8250000000000001,N2,171.52936541297836,0.29601223518601216,499983.3477637705
4450.0,0.875,CO2,20.7234796727286,0.7526993732608949,499982.3385373323
4450.0,0.875,N2,171.52936541287065,0.29601223518553604,499982.3385373323
4450.0,0.925,CO2,15.616268549644316,0.6128296919968103,499981.3293108942
4450.0,0.925,N2,171.52936541273556,0.2960122351849496,499981.3293108942
4450.0,0.9750000000000001,CO2,10.573992918472253,0.45121074606124845,499980.320084456
4450.0,0.9750000000000001,N2,171.5293654125926,0.2960122351843377,499980.320084456
4500.0,0.025,CO2,30.26988325764472,0.9704346787285185,499999.49538678094
4500.0,0.025,N2,171.52936541328376,0.2960122351874924,499999.49538678094
4500.0,0.07500000000000001,CO2,30.269864120235958,0.9704342619828267,499998.48616034276
4500.0,0.07500000000000001,N2,171.5293654132837,0.29601223518749137,499998.48616034276
4500.0,0.125,CO2,30.269801914816707,0.9704329134178958,499997.47693390463
4500.0,0.125,N2,171.52936541328347,0.29601223518748954,499997.47693390463
4500.0,0.17500000000000002,CO2,30.269623606578218,0.97042906933193,499996.46770746645
4500.0,0.17500000000000002,N2,171.52936541328305,0.2960122351874864,499996.46770746645
4500.0,0.225,CO2,30.26915593849288,0.9704190501303337,499995.4584810283
4500.0,0.225,N2,171.52936541328225,0.2960122351874814,499995.4584810283
4500.0,0.275,CO2,30.26801030642373,0.9703946683761272,499994.44925459014
4500.0,0.275,N2,171.52936541328114,0.29601223518747355,499994.44925459014
4500.0,0.325,CO2,30.265353356826083,0.97033849700893,499993.440028152
4500.0,0.325,N2,171.5293654132793,0.2960122351874617,499993.440028152
4500.0,0.375,CO2,30.259460983490893,0.9702147193715029,499992.43080171384
4500.0,0.375,N2,171.52936541327642,0.2960122351874445,499992.43080171384
4500.0,0.42500000000000004,CO2,30.246866554652794,0.969951710310382,499991.4215752757
4500.0,0.42500000000000004,N2,171.5293654132722,0.29601223518741976,499991.4215752757
4500.0,0.47500000000000003,CO2,30.220755911043135,0.9694092280146551,499990.41234883753
4500.0,0.47500000000000003,N2,171.5293654132659,0.296012235187385,499990.41234883753
4500.0,0.525,CO2,30.167978775747667,0.9683171146239461,499989.4031223994
4500.0,0.525,N2,171.5293654132569,0.2960122351873367,499989.4031223994
4500.0,0.5750000000000001,CO2,30.063562904101005,0.9661616867450401,499988.3938959612
4500.0,0.5750000000000001,N2,171.52936541324416,0.2960122351872706,499988.3938959612
4500.0,0.625,CO2,29.86087431348244,0.961977671688843,499987.3846695231
4500.0,0.625,N2,171.52936541322637,0.29601223518718134,499987.3846695231
4500.0,0.675,CO2,29.47472876353483,0.9539754884279062,499986.3754430849
4500.0,0.675,N2,171.52936541320202,0.296012235187062,499986.3754430849
4500.0,0.7250000000000001,CO2,28.754987910962278,0.9389032552342295,499985.3662166468
4500.0,0.7250000000000001,N2,171.52936541316876,0.2960122351869039,499985.3662166468
4500.0,0.775,CO2,27.453919829323805,0.9110618623451081,499984.3569902086
4500.0,0.775,N2,171.5293654131242,0.29601223518669656,499984.3569902086
4500.0,0.8250000000000001,CO2,25.214212155380682,0.861170508241876,499983.3477637705
4500.0,0.8250000000000001,N2,171.52936541306488,0.29601223518642733,499983.3477637705
4500.0,0.875,CO2,21.66550882311249,0.7764623195445639,499982.3385373323
4500.0,0.875,N2,171.52936541298718,0.2960122351860824,499982.3385373323
4500.0,0.925,CO2,16.795870175591418,0.646783115186723,499981.3293108942
4500.0,0.925,N2,171.52936541288955,0.2960122351856569,499981.3293108942
4500.0,0.9750000000000001,CO2,11.768349390057718,0.4911531889766476,499980.320084456
4500.0,0.9750000000000001,N2,171.5293654127863,0.29601223518521247,499980.320084456
4550.0,0.025,CO2,30.269883959525515,0.9704346940898511,499999.49538678094
4550.0,0.025,N2,171.52936541328376,0.29601223518749253,499999.49538678094
4550.0,0.07500000000000001,CO2,30.26986763128326,0.9704343386237674,499998.48616034276
4550.0,0.07500000000000001,N2,171.5293654132837,0.2960122351874918,499998.48616034276
4550.0,0.125,CO2,30.26981448186142,0.970433186614586,499997.47693390463
4550.0,0.125,N2,171.52936541328356,0.2960122351874906,499997.47693390463
4550.0,0.17500000000000002,CO2,30.26966186000962,0.9704298965770689,499996.46770746645
4550.0,0.17500000000000002,N2,171.52936541328324,0.29601223518748837,499996.46770746645
4550.0,0.225,CO2,30.26926074459622,0.9704213029696073,499995.4584810283
4550.0,0.225,N2,171.5293654132828,0.2960122351874848,499995.4584810283
4550.0,0.275,CO2,30.268275987309238,0.9704003424050139,499994.44925459014
4550.0,0.275,N2,171.52936541328197,0.29601223518747927,499994.44925459014
4550.0,0.325,CO2,30.26598698496481,0.9703519400850293,499993.440028152
4550.0,0.325,N2,171.52936541328063,0.29601223518747094,499993.440028152
4550.0,0.375,CO2,30.260899232312642,0.9702450375425499,499992.43080171384
4550.0,0.375,N2,171.52936541327864,0.2960122351874588,499992.43080171384
4550.0,0.42500000000000004,CO2,30.250000960376873,0.9700173888239226,499991.4215752757
4550.0,0.42500000000000004,N2,171.52936541327554,0.29601223518744113,499991.4215752757
4550.0,0.47500000000000003,CO2,30.22735972566935,0.969546882519224,499990.41234883753
4550.0,0.47500000000000003,N2,171.52936541327117,0.2960122351874164,499990.41234883753
4550.0,0.525,CO2,30.18150334590381,0.9685978831740181,499989.4031223994
4550.0,0.525,N2,171.5293654132647,0.29601223518738184,499989.4031223994
4550.0,0.5750000000000001,CO2,30.09059618016554,0.9667215991480121,499988.3938959612
4550.0,0.5750000000000001,N2,171.52936541325568,0.2960122351873345,499988.3938959612
4550.0,0.625,CO2,29.91373460892056,0.963073048713454,499987.3846695231
4550.0,0.625,N2,171.5293654132429,0.29601223518727043,499987.3846695231
4550.0,0.675,CO2,29.57582628245113,0.9560811984530084,499986.3754430849
4550.0,0.675,N2,171.52936541322552,0.2960122351871846,499986.3754430849
4550.0,0.7250000000000001,CO2,28.943316362736997,0.9428771239581046,499985.3662166468
4550.0,0.7250000000000001,N2,171.5293654132017,0.2960122351870707,499985.3662166468
4550.0,0.775,CO2,27.791927432801852,0.9183843932665727,499984.3569902086
4550.0,0.775,N2,171.52936541316961,0.2960122351869211,499984.3569902086
4550.0,0.8250000000000001,CO2,25.785942238439116,0.8741681596060066,499983.3477637705
4550.0,0.8250000000000001,N2,171.52936541312692,0.2960122351867264,499983.3477637705
4550.0,0.875,CO2,22.54179387245705,0.79806765486672,499982.3385373323
4550.0,0.875,N2,171.5293654130709,0.2960122351864766,499982.3385373323
4550.0,0.925,CO2,17.943484554934535,0.6787518080509994,499981.3293108942
4550.0,0.925,N2,171.52936541300033,0.296012235186168,499981.3293108942
4550.0,0.9750000000000001,CO2,12.997894418235639,0.530683345189371,499980.320084456
4550.0,0.9750000000000001,N2,171.52936541292564,0.2960122351858453,499980.320084456
4600.0,0.025,CO2,30.269884557435255,0.970434707170332,499999.49538678094
4600.0,0.025,N2,171.5293654132838,0.2960122351874927,499999.49538678094
4600.0,0.07500000000000001,CO2,30.26987062467587,0.9704344039426193,499998.48616034276
4600.0,0.07500000000000001,N2,171.52936541328376,0.29601223518749215,499998.48616034276
4600.0,0.125,CO2,30.26982520988221,0.9704334197743245,499997.47693390463
4600.0,0.125,N2,171.52936541328359,0.29601223518749126,499997.47693390463
4600.0,0.17500000000000002,CO2,30.269694570105433,0.9704306038465178,499996.46770746645
4600.0,0.17500000000000002,N2,171.52936541328347,0.29601223518748976,499996.46770746645
4600.0,0.225,CO2,30.269350538154058,0.9704232330548415,499995.4584810283
4600.0,0.225,N2,171.52936541328305,0.29601223518748715,499995.4584810283
4600.0,0.275,CO2,30.268504098118598,0.9704052144259475,499994.44925459014
4600.0,0.275,N2,171.52936541328245,0.2960122351874833,499994.44925459014
4600.0,0.325,CO2,30.266532225852814,0.9703635097503559,499993.440028152
4600.0,0.325,N2,171.52936541328157,0.2960122351874774,499993.440028152
4600.0,0.375,CO2,30.26213964478626,0.970271190871501,499992.43080171384
4600.0,0.375,N2,171.52936541328017,0.2960122351874688,499992.43080171384
4600.0,0.42500000000000004,CO2,30.252710233027177,0.9700741718609941,499991.4215752757
4600.0,0.42500000000000004,N2,171.52936541327796,0.29601223518745623,499991.4215752757
4600.0,0.47500000000000003,CO2,30.23308025274725,0.9696661464235367,499990.41234883753
4600.0,0.47500000000000003,N2,171.52936541327483,0.2960122351874386,499990.41234883753
4600.0,0.525,CO2,30.19324417024784,0.9688416300759363,499989.4031223994
4600.0,0.525,N2,171.52936541327026,0.2960122351874139,499989.4031223994
4600.0,0.5750000000000001,CO2,30.11411658810698,0.967208622936559,499988.3938959612
4600.0,0.5750000000000001,N2,171.5293654132638,0.29601223518738,499988.3938959612
4600.0,0.625,CO2,29.959844146324446,0.9640277233295903,499987.3846695231
4600.0,0.625,N2,171.52936541325474,0.29601223518733405,499987.3846695231
4600.0,0.675,CO2,29.664311967825714,0.9579206702844593,499986.3754430849
4600.0,0.675,N2,171.52936541324226,0.2960122351872723,499986.3754430849
4600.0,0.7250000000000001,CO2,29.108997895528727,0.9463596228608825,499985.3662166468
4600.0,0.7250000000000001,N2,171.52936541322515,0.29601223518719033,499985.3662166468
4600.0,0.775,CO2,28.09183093521891,0.9248345975007752,499984.3569902086
4600.0,0.775,N2,171.52936541320213,0.29601223518708236,499984.3569902086
4600.0,0.8250000000000001,CO2,26.300749219928015,0.8857236181819712,499983.3477637705
4600.0,0.8250000000000001,N2,171.52936541317132,0.29601223518694164,499983.3477637705
4600.0,0.875,CO2,23.351095878042262,0.8176101855778407,499982.3385373323
4600.0,0.875,N2,171.529365413131,0.2960122351867608,499982.3385373323
4600.0,0.925,CO2,19.047717232972456,0.7085832004616464,499981.3293108942
4600.0,0.925,N2,171.5293654130801,0.296012235186537,499981.3293108942
4600.0,0.9750000000000001,CO2,14.245531987658381,0.5692903974439022,499980.320084456
4600.0,0.9750000000000001,N2,171.5293654130261,0.2960122351863028,499980.320084456
4650.0,0.025,CO2,30.269885066840633,0.9704347183101493,499999.49538678094
4650.0,0.025,N2,171.52936541328384,0.29601223518749276,499999.49538678094
4650.0,0.07500000000000001,CO2,30.26987317701338,0.9704344596184283,499998.48616034276
4650.0,0.07500000000000001,N2,171.52936541328378,0.29601223518749237,499998.48616034276
4650.0,0.125,CO2,30.269834368738845,0.9704336187813362,499997.47693390463
4650.0,0.125,N2,171.52936541328367,0.29601223518749176,499997.47693390463
4650.0,0.17500000000000002,CO2,30.269722541480643,0.9704312085692001,499996.46770746645
4650.0,0.17500000000000002,N2,171.52936541328353,0.2960122351874907,499996.46770746645
4650.0,0.225,CO2,30.269427470475087,0.9704248866408167,499995.4584810283
4650.0,0.225,N2,171.52936541328324,0.29601223518748887,499995.4584810283
4650.0,0.275,CO2,30.268699947056277,0.9704093976855622,499994.44925459014
4650.0,0.275,N2,171.52936541328282,0.2960122351874862,499994.44925459014
4650.0,0.325,CO2,30.26700138260313,0.9703734664808603,499993.440028152
4650.0,0.325,N2,171.5293654132822,0.29601223518748193,499993.440028152
4650.0,0.375,CO2,30.26320934195037,0.9702937495001185,499992.43080171384
4650.0,0.375,N2,171.5293654132812,0.2960122351874758,499992.43080171384
4650.0,0.42500000000000004,CO2,30.2550517671395,0.9701232587684523,499991.4215752757
4650.0,0.42500000000000004,N2,171.5293654132797,0.29601223518746694,499991.4215752757
4650.0,0.47500000000000003,CO2,30.238034912946052,0.9697694631336857,499990.41234883753
4650.0,0.47500000000000003,N2,171.5293654132774,0.29601223518745434,499990.41234883753
4650.0,0.525,CO2,30.203434574144918,0.9690532043659688,499989.4031223994
4650.0,0.525,N2,171.52936541327415,0.29601223518743663,499989.4031223994
4650.0,0.5750000000000001,CO2,30.134575213233525,0.967632166564682,499988.3938959612
4650.0,0.5750000000000001,N2,171.52936541326955,0.2960122351874124,499988.3938959612
4650.0,0.625,CO2,30.0000488604716,0.9648595556296459,499987.3846695231
4650.0,0.625,N2,171.5293654132631,0.29601223518737946,499987.3846695231
4650.0,0.675,CO2,29.741707342402943,0.9595269337141867,499986.3754430849
4650.0,0.675,N2,171.5293654132542,0.2960122351873351,499986.3754430849
4650.0,0.7250000000000001,CO2,29.254584989344668,0.949409452329319,499985.3662166468
4650.0,0.7250000000000001,N2,171.52936541324186,0.29601223518727604,499985.3662166468
4650.0,0.775,CO2,28.357366841978234,0.9305093315764411,499984.3569902086
4650.0,0.775,N2,171.52936541322535,0.29601223518719816,499984.3569902086
4650.0,0.8250000000000001,CO2,26.76256525065346,0.89597249872855,499983.3477637705
4650.0,0.8250000000000001,N2,171.5293654132032,0.29601223518709646,499983.3477637705
4650.0,0.875,CO2,24.093721145102517,0.835206954138446,499982.3385373323
4650.0,0.875,N2,171.52936541317416,0.29601223518696557,499982.3385373323
4650.0,0.925,CO2,20.0993213137338,0.7361952375033219,499981.3293108942
4650.0,0.925,N2,171.52936541313738,0.29601223518680336,499981.3293108942
4650.0,0.9750000000000001,CO2,15.493563938759085,0.606521554344622,499980.320084456
4650.0,0.9750000000000001,N2,171.52936541309842,0.29601223518663344,499980.320084456
4700.0,0.025,CO2,30.269885500896763,0.9704347277984994,499999.49538678094
4700.0,0.025,N2,171.5293654132838,0.2960122351874928,499999.49538678094
4700.0,0.07500000000000001,CO2,30.269875353515545,0.9704345070801936,499998.48616034276
4700.0,0.07500000000000001,N2,171.52936541328376,0.29601223518749253,499998.48616034276
4700.0,0.125,CO2,30.269842188575367,0.9704337886524035,499997.47693390463
4700.0,0.125,N2,171.52936541328376,0.2960122351874921,499997.47693390463
4700.0,0.17500000000000002,CO2,30.269746461767262,0.9704317256379609,499996.46770746645
4700.0,0.17500000000000002,N2,171.5293654132836,0.29601223518749137,499996.46770746645
4700.0,0.225,CO2,30.26949338451291,0.9704263033525957,499995.4584810283
4700.0,0.225,N2,171.5293654132835,0.2960122351874901,499995.4584810283
4700.0,0.275,CO2,30.26886809327505,0.9704129894621736,499994.44925459014
4700.0,0.275,N2,171.52936541328313,0.2960122351874882,499994.44925459014
4700.0,0.325,CO2,30.26740505045707,0.9703820346401527,499993.440028152
4700.0,0.325,N2,171.5293654132827,0.29601223518748515,499993.440028152
4700.0,0.375,CO2,30.264131742568008,0.9703132058490762,499992.43080171384
4700.0,0.375,N2,171.529365413282,0.2960122351874808,499992.43080171384
4700.0,0.42500000000000004,CO2,30.257075254332907,0.9701656880691529,499991.4215752757
4700.0,0.42500000000000004,N2,171.5293654132809,0.2960122351874745,499991.4215752757
4700.0,0.47500000000000003,CO2,30.242325643673254,0.9698589536137457,499990.41234883753
4700.0,0.47500000000000003,N2,171.5293654132793,0.29601223518746556,499990.41234883753
4700.0,0.525,CO2,30.212277719636226,0.9692368254088748,499989.4031223994
4700.0,0.525,N2,171.52936541327696,0.2960122351874529,499989.4031223994
4700.0,0.5750000000000001,CO2,30.15236629369206,0.9680004384462241,499988.3938959612
4700.0,0.5750000000000001,N2,171.52936541327364,0.29601223518743547,499988.3938959612
4700.0,0.625,CO2,30.035092151984696,0.9655841808665898,499987.3846695231
4700.0,0.625,N2,171.5293654132691,0.2960122351874119,499987.3846695231
4700.0,0.675,CO2,29.809362042013497,0.9609290577917488,499986.3754430849
4700.0,0.675,N2,171.5293654132626,0.29601223518738007,499986.3754430849
4700.0,0.7250000000000001,CO2,29.38238212754716,0.9520787759437787,499985.3662166468
4700.0,0.7250000000000001,N2,171.52936541325388,0.29601223518733755,499985.3662166468
4700.0,0.775,CO2,28.592037453848608,0.9354964023852506,499984.3569902086
4700.0,0.775,N2,171.52936541324198,0.29601223518728137,499984.3569902086
4700.0,0.8250000000000001,CO2,27.175470030759218,0.905043738782352,499983.3477637705
4700.0,0.8250000000000001,N2,171.52936541322603,0.2960122351872079,499983.3477637705
4700.0,0.875,CO2,24.771221814203734,0.8509889198789589,499982.3385373323
4700.0,0.875,N2,171.52936541320517,0.29601223518711317,499982.3385373323
4700.0,0.925,CO2,21.09130543652643,0.761567173013254,499981.3293108942
4700.0,0.925,N2,171.5293654131786,0.29601223518699565,499981.3293108942
4700.0,0.9750000000000001,CO2,16.724736010416972,0.6419999081292421,499980.320084456
4700.0,0.9750000000000001,N2,171.5293654131504,0.29601223518687236,499980.320084456
4750.0,0.025,CO2,30.26988587079453,0.9704347358812716,499999.49538678094
4750.0,0.025,N2,171.52936541328378,0.2960122351874928,499999.49538678094
4750.0,0.07500000000000001,CO2,30.269877209720086,0.9704345475442729,499998.48616034276
4750.0,0.07500000000000001,N2,171.5293654132838,0.29601223518749264,499998.48616034276
4750.0,0.125,CO2,30.269848865682928,0.9704339336651497,499997.47693390463
4750.0,0.125,N2,171.5293654132837,0.29601223518749237,499997.47693390463
4750.0,0.17500000000000002,CO2,30.2697669186492,0.9704321677791632,499996.46770746645
4750.0,0.17500000000000002,N2,171.5293654132837,0.2960122351874918,499996.46770746645
4750.0,0.225,CO2,30.26954985906025,0.9704275171355697,499995.4584810283
4750.0,0.225,N2,171.5293654132836,0.296012235187491,499995.4584810283
4750.0,0.275,CO2,30.26901245238699,0.9704160733129849,499994.44925459014
4750.0,0.275,N2,171.5293654132834,0.2960122351874896,499994.44925459014
4750.0,0.325,CO2,30.26775235302325,0.9703894074679985,499993.440028152
4750.0,0.325,N2,171.52936541328305,0.2960122351874874,499993.440028152
4750.0,0.375,CO2,30.264927065772426,0.9703299851580321,499992.43080171384
4750.0,0.375,N2,171.52936541328256,0.29601223518748443,499992.43080171384
4750.0,0.42500000000000004,CO2,30.258823709060376,0.9702023588824055,499991.4215752757
4750.0,0.42500000000000004,N2,171.5293654132818,0.2960122351874799,499991.4215752757
4750.0,0.47500000000000003,CO2,30.24604091740228,0.969936458568793,499990.41234883753
4750.0,0.47500000000000003,N2,171.52936541328063,0.2960122351874735,499990.41234883753
4750.0,0.525,CO2,30.219950434103,0.9693961636961204,499989.4031223994
4750.0,0.525,N2,171.52936541327898,0.2960122351874645,499989.4031223994
4750.0,0.5750000000000001,CO2,30.167834155025997,0.9683205972163933,499988.3938959612
4750.0,0.5750000000000001,N2,171.52936541327665,0.296012235187452,499988.3938959612
4750.0,0.625,CO2,30.065626530052757,0.966215277552402,499987.3846695231
4750.0,0.625,N2,171.52936541327338,0.2960122351874351,499987.3846695231
4750.0,0.675,CO2,29.868470477855517,0.9621525941297961,499986.3754430849
4750.0,0.675,N2,171.52936541326872,0.29601223518741226,499986.3754430849
4750.0,0.7250000000000001,CO2,29.49446016002229,0.9544138322339173,499985.3662166468
4750.0,0.7250000000000001,N2,171.5293654132624,0.2960122351873816,499985.3662166468
4750.0,0.775,CO2,28.799090873007543,0.9398749728369831,499984.3569902086
4750.0,0.775,N2,171.52936541325394,0.29601223518734116,499984.3569902086
4750.0,0.8250000000000001,CO2,27.543558770502237,0.91305819494432,499983.3477637705
4750.0,0.8250000000000001,N2,171.52936541324243,0.29601223518728803,499983.3477637705
4750.0,0.875,CO2,25.38610655277886,0.8650941686000219,499982.3385373323
4750.0,0.875,N2,171.52936541322734,0.29601223518721953,499982.3385373323
4750.0,0.925,CO2,22.018883221447165,0.7847289488762278,499981.3293108942
4750.0,0.925,N2,171.5293654132082,0.29601223518713443,499981.3293108942
4750.0,0.9750000000000001,CO2,17.923176299222995,0.6754344582502576,499980.320084456
4750.0,0.9750000000000001,N2,171.52936541318795,0.29601223518704506,499980.320084456
4800.0,0.025,CO2,30.26988618605514,0.9704347427675695,499999.49538678094
4800.0,0.025,N2,171.52936541328378,0.2960122351874929,499999.49538678094
4800.0,0.07500000000000001,CO2,30.26987879292613,0.9704345820461685,499998.48616034276
4800.0,0.07500000000000001,N2,171.52936541328384,0.2960122351874927,499998.48616034276
4800.0,0.125,CO2,30.269854567494804,0.9704340574672962,499997.47693390463
4800.0,0.125,N2,171.52936541328376,0.2960122351874926,499997.47693390463
4800.0,0.17500000000000002,CO2,30.269784414413824,0.970432545868365,499996.46770746645
4800.0,0.17500000000000002,N2,171.52936541328376,0.2960122351874921,499996.46770746645
4800.0,0.225,CO2,30.269598246614486,0.9704285570694919,499995.4584810283
4800.0,0.225,N2,171.52936541328359,0.29601223518749153,499995.4584810283
4800.0,0.275,CO2,30.26913638715368,0.9704187210059688,499994.44925459014
4800.0,0.275,N2,171.52936541328347,0.2960122351874906,499994.44925459014
4800.0,0.325,CO2,30.26805114600032,0.9703957513830289,499993.440028152
4800.0,0.325,N2,171.52936541328324,0.29601223518748904,499993.440028152
4800.0,0.375,CO2,30.26561276597904,0.970344454605844,499992.43080171384
4800.0,0.375,N2,171.5293654132829,0.2960122351874869,499992.43080171384
4800.0,0.42500000000000004,CO2,30.26033435928118,0.9702340495163365,499991.4215752757
4800.0,0.42500000000000004,N2,171.52936541328233,0.2960122351874837,499991.4215752757
4800.0,0.47500000000000003,CO2,30.24925750151142,0.9700035751746496,499990.41234883753
4800.0,0.47500000000000003,N2,171.52936541328154,0.2960122351874791,499990.41234883753
4800.0,0.525,CO2,30.22660656789411,0.9695344114601562,499989.4031223994
4800.0,0.525,N2,171.52936541328037,0.2960122351874727,499989.4031223994
4800.0,0.5750000000000001,CO2,30.181279350468476,0.9685988837627784,499988.3938959612
4800.0,0.5750000000000001,N2,171.52936541327875,0.2960122351874638,499988.3938959612
4800.0,0.625,CO2,30.092224119765735,0.9667648053150556,499987.3846695231
4800.0,0.625,N2,171.52936541327634,0.2960122351874517,499987.3846695231
4800.0,0.675,CO2,29.92008757655554,0.9632199783665641,499986.3754430849
4800.0,0.675,N2,171.52936541327313,0.2960122351874353,499986.3754430849
4800.0,0.7250000000000001,CO2,29.59267254087639,0.9564555198221256,499985.3662166468
4800.0,0.7250000000000001,N2,171.52936541326855,0.29601223518741326,499985.3662166468
4800.0,0.775,CO2,28.981513014960704,0.9437160820303298,499984.3569902086
4800.0,0.775,N2,171.52936541326247,0.296012235187384,499984.3569902086
4800.0,0.8250000000000001,CO2,27.8708419947865,0.9201278637472918,499983.3477637705
4800.0,0.8250000000000001,N2,171.52936541325423,0.2960122351873457,499983.3477637705
4800.0,0.875,CO2,25.941577959217273,0.8776625966327481,499982.3385373323
4800.0,0.875,N2,171.5293654132433,0.2960122351872962,499982.3385373323
4800.0,0.925,CO2,22.87932563895389,0.805750302791131,499981.3293108942
4800.0,0.925,N2,171.52936541322956,0.2960122351872346,499981.3293108942
4800.0,0.9750000000000001,CO2,19.07516466400855,0.706622467267431,499980.320084456
4800.0,0.9750000000000001,N2,171.52936541321486,0.2960122351871698,499980.320084456
4850.0,0.025,CO2,30.2698864547807,0.9704347486352424,499999.49538678094
4850.0,0.025,N2,171.5293654132838,0.2960122351874929,499999.49538678094
4850.0,0.07500000000000001,CO2,30.269880143421666,0.9704346114675392,499998.48616034276
4850.0,0.07500000000000001,N2,171.52936541328378,0.29601223518749276,499998.48616034276
4850.0,0.125,CO2,30.26985943684232,0.9704341631697183,499997.47693390463
4850.0,0.125,N2,171.52936541328384,0.2960122351874927,499997.47693390463
4850.0,0.17500000000000002,CO2,30.269799378382228,0.9704328691999391,499996.46770746645
4850.0,0.17500000000000002,N2,171.52936541328376,0.29601223518749237,499996.46770746645
4850.0,0.225,CO2,30.2696397058181,0.970429448065915,499995.4584810283
4850.0,0.225,N2,171.5293654132837,0.29601223518749187,499995.4584810283
4850.0,0.275,CO2,30.269242785427622,0.970420994180456,499994.44925459014
4850.0,0.275,N2,171.52936541328356,0.29601223518749126,499994.44925459014
4850.0,0.325,CO2,30.268308192824826,0.9704012096932747,499993.440028152
4850.0,0.325,N2,171.52936541328341,0.29601223518749015,499993.440028152
4850.0,0.375,CO2,30.266203909088475,0.9703569312004044,499992.43080171384
4850.0,0.375,N2,171.52936541328316,0.29601223518748865,499992.43080171384
4850.0,0.42500000000000004,CO2,30.261639419532294,0.9702614336008596,499991.4215752757
4850.0,0.42500000000000004,N2,171.5293654132828,0.2960122351874864,499991.4215752757
4850.0,0.47500000000000003,CO2,30.252041991749813,0.9700616890466098,499990.41234883753
4850.0,0.47500000000000003,N2,171.52936541328216,0.2960122351874831,499990.41234883753
4850.0,0.525,CO2,30.232379935513443,0.9696543443505621,499989.4031223994
4850.0,0.525,N2,171.52936541328137,0.29601223518747855,499989.4031223994
4850.0,0.5750000000000001,CO2,30.19296408578752,0.9688407371098012,499988.3938959612
4850.0,0.5750000000000001,N2,171.52936541328012,0.29601223518747216,499988.3938959612
4850.0,0.625,CO2,30.115386097839078,0.9672432154360415,499987.3846695231
4850.0,0.625,N2,171.5293654132785,0.2960122351874635,499987.3846695231
4850.0,0.675,CO2,29.96514344919779,0.9641508916578656,499986.3754430849
4850.0,0.675,N2,171.52936541327617,0.2960122351874518,499986.3754430849
4850.0,0.7250000000000001,CO2,29.678672453298,0.9582399474974326,499985.3662166468
4850.0,0.7250000000000001,N2,171.5293654132729,0.29601223518743586,499985.3662166468
4850.0,0.775,CO2,29.14202866575545,0.9470832299019214,499984.3569902086
4850.0,0.775,N2,171.52936541326852,0.29601223518741476,499984.3569902086
4850.0,0.8250000000000001,CO2,28.161173400220285,0.9263555727105443,499983.3477637705
4850.0,0.8250000000000001,N2,171.5293654132626,0.2960122351873872,499983.3477637705
4850.0,0.875,CO2,26.441301694634664,0.8888319188048625,499982.3385373323
4850.0,0.875,N2,171.52936541325477,0.29601223518735137,499982.3385373323
4850.0,0.925,CO2,23.67169988024681,0.824730528834035,499981.3293108942
4850.0,0.925,N2,171.52936541324488,0.2960122351873068,499981.3293108942
4850.0,0.9750000000000001,CO2,20.16959095420561,0.7354453696227167,499980.320084456
4850.0,0.9750000000000001,N2,171.5293654132342,0.29601223518725983,499980.320084456
4900.0,0.025,CO2,30.269886683866705,0.9704347536355824,499999.49538678094
4900.0,0.025,N2,171.5293654132838,0.2960122351874929,499999.49538678094
4900.0,0.07500000000000001,CO2,30.269881295527057,0.9704346365591575,499998.48616034276
4900.0,0.07500000000000001,N2,171.52936541328384,0.2960122351874928,499998.48616034276
4900.0,0.125,CO2,30.269863595580706,0.9704342534257061,499997.47693390463
4900.0,0.125,N2,171.5293654132838,0.29601223518749276,499997.47693390463
4900.0,0.17500000000000002,CO2,30.26981217752668,0.970433145717343,499996.46770746645
4900.0,0.17500000000000002,N2,171.52936541328378,0.29601223518749253,499996.46770746645
4900.0,0.225,CO2,30.26967522924861,0.9704302114656747,499995.4584810283
4900.0,0.225,N2,171.52936541328373,0.2960122351874922,499995.4584810283
4900.0,0.275,CO2,30.26933412712634,0.9704229457743136,499994.44925459014
4900.0,0.275,N2,171.52936541328367,0.29601223518749176,499994.44925459014
4900.0,0.325,CO2,30.26852931608239,0.9704059057954194,499993.440028152
4900.0,0.325,N2,171.52936541328356,0.2960122351874909,499993.440028152
4900.0,0.375,CO2,30.266713497818415,0.9703676886025194,499992.43080171384
4900.0,0.375,N2,171.5293654132834,0.2960122351874899,499992.43080171384
4900.0,0.42500000000000004,CO2,30.262766761677607,0.9702850940827411,499991.4215752757
4900.0,0.42500000000000004,N2,171.5293654132831,0.2960122351874883,499991.4215752757
4900.0,0.47500000000000003,CO2,30.254452147692827,0.9701120020544879,499990.41234883753
4900.0,0.47500000000000003,N2,171.5293654132827,0.29601223518748593,499990.41234883753
4900.0,0.525,CO2,30.237386889494047,0.9697583752754468,499989.4031223994
4900.0,0.525,N2,171.52936541328214,0.29601223518748265,499989.4031223994
4900.0,0.5750000000000001,CO2,30.203117002829135,0.9690508960351772,499988.3938959612
4900.0,0.5750000000000001,N2,171.52936541328123,0.2960122351874781,499988.3938959612
4900.0,0.625,CO2,30.135551130164405,0.967659636827433,499987.3846695231
4900.0,0.625,N2,171.52936541328,0.29601223518747194,499987.3846695231
4900.0,0.675,CO2,30.00445691426428,0.9649625846429701,499986.3754430849
4900.0,0.675,N2,171.5293654132783,0.2960122351874635,499986.3754430849
4900.0,0.7250000000000001,CO2,29.75393007831598,0.9597989445214263,499985.3662166468
4900.0,0.7250000000000001,N2,171.529365413276,0.2960122351874521,499985.3662166468
4900.0,0.775,CO2,29.28310890849776,0.9500329896374056,499984.3569902086
4900.0,0.775,N2,171.5293654132728,0.29601223518743686,499984.3569902086
4900.0,0.8250000000000001,CO2,28.41820034504636,0.9318350152419188,499983.3477637705
4900.0,0.8250000000000001,N2,171.52936541326864,0.296012235187417,499983.3477637705
4900.0,0.875,CO2,26.889215280576458,0.8987348054103229,499982.3385373323
4900.0,0.875,N2,171.52936541326298,0.2960122351873911,499982.3385373323
4900.0,0.925,CO2,24.39660159723653,0.8417893500081551,499981.3293108942
4900.0,0.925,N2,171.5293654132558,0.29601223518735875,499981.3293108942
4900.0,0.9750000000000001,CO2,21.198176011612034,0.7618599394875754,499980.320084456
4900.0,0.9750000000000001,N2,171.52936541324817,0.2960122351873248,499980.320084456
4950.0,0.025,CO2,30.269886879182458,0.9704347578973096,499999.49538678094
4950.0,0.025,N2,171.52936541328384,0.2960122351874929,499999.49538678094
4950.0,0.07500000000000001,CO2,30.269882278482523,0.9704346579604228,499998.48616034276
4950.0,0.07500000000000001,N2,171.5293654132838,0.2960122351874928,499998.48616034276
4950.0,0.125,CO2,30.269867147678717,0.9704343304984777,499997.47693390463
4950.0,0.125,N2,171.52936541328378,0.29601223518749276,499997.47693390463
4950.0,0.17500000000000002,CO2,30.26982312554018,0.9704333822097919,499996.46770746645
4950.0,0.17500000000000002,N2,171.52936541328376,0.29601223518749264,499996.46770746645
4950.0,0.225,CO2,30.269705667224283,0.970430865550729,499995.4584810283
4950.0,0.225,N2,171.52936541328373,0.2960122351874924,499995.4584810283
4950.0,0.275,CO2,30.26941254177871,0.9704246212504222,499994.44925459014
4950.0,0.275,N2,171.52936541328373,0.2960122351874921,499994.44925459014
4950.0,0.325,CO2,30.268719528008837,0.9704099459328536,499993.440028152
4950.0,0.325,N2,171.52936541328364,0.29601223518749153,499993.440028152
4950.0,0.375,CO2,30.267152752984003,0.970376963026774,499992.43080171384
4950.0,0.375,N2,171.5293654132835,0.2960122351874908,499992.43080171384
4950.0,0.42500000000000004,CO2,30.263740496695743,0.9703055353632565,499991.4215752757
4950.0,0.42500000000000004,N2,171.5293654132833,0.29601223518748965,499991.4215752757
4950.0,0.47500000000000003,CO2,30.256538055171774,0.9701555565160108,499990.41234883753
4950.0,0.47500000000000003,N2,171.52936541328302,0.2960122351874879,499990.41234883753
4950.0,0.525,CO2,30.241728570829824,0.9698486013800092,499989.4031223994
4950.0,0.525,N2,171.52936541328253,0.29601223518748565,499989.4031223994
4950.0,0.5750000000000001,CO2,30.211937390296917,0.9692334880945893,499988.3938959612
4950.0,0.5750000000000001,N2,171.52936541328202,0.2960122351874824,499988.3938959612
4950.0,0.625,CO2,30.153102889468492,0.9680220400147941,499987.3846695231
4950.0,0.625,N2,171.52936541328117,0.29601223518747793,499987.3846695231
4950.0,0.675,CO2,30.038747857373234,0.965670166654989,499986.3754430849
4950.0,0.675,N2,171.52936541327995,0.2960122351874719,499986.3754430849
4950.0,0.7250000000000001,CO2,29.81974950289527,0.9611605292398296,499985.3662166468
4950.0,0.7250000000000001,N2,171.52936541327827,0.29601223518746367,499985.3662166468
4950.0,0.775,CO2,29.406982978767005,0.9526156215253841,499984.3569902086
4950.0,0.775,N2,171.52936541327603,0.29601223518745273,499984.3569902086
4950.0,0.8250000000000001,CO2,28.645333010974994,0.9366510265694005,499983.3477637705
4950.0,0.8250000000000001,N2,171.52936541327293,0.2960122351874384,499983.3477637705
4950.0,0.875,CO2,27.28937243905117,0.907496949142896,499982.3385373323
4950.0,0.875,N2,171.52936541326883,0.29601223518741965,499982.3385373323
4950.0,0.925,CO2,25.05585730703295,0.8570591507914082,499981.3293108942
4950.0,0.925,N2,171.5293654132637,0.2960122351873963,499981.3293108942
4950.0,0.9750000000000001,CO2,22.155445033825586,0.785886585007594,499980.320084456
4950.0,0.9750000000000001,N2,171.5293654132582,0.2960122351873717,499980.320084456
5000.0,0.025,CO2,30.269887045724687,0.9704347615299562,499999.49538678094
5000.0,0.025,N2,171.5293654132838,0.2960122351874929,499999.49538678094
5000.0,0.07500000000000001,CO2,30.269883117203157,0.9704346762159524,499998.48616034276
5000.0,0.07500000000000001,N2,171.52936541328384,0.2960122351874928,499998.48616034276
5000.0,0.125,CO2,30.269870181851875,0.9704343963186993,499997.47693390463
5000.0,0.125,N2,171.5293654132838,0.29601223518749276,499997.47693390463
5000.0,0.17500000000000002,CO2,30.269832490584584,0.9704335844802531,499996.46770746645
5000.0,0.17500000000000002,N2,171.52936541328378,0.2960122351874927,499996.46770746645
5000.0,0.225,CO2,30.26973174819754,0.9704314259826471,499995.4584810283
5000.0,0.225,N2,171.52936541328376,0.2960122351874926,499995.4584810283
5000.0,0.275,CO2,30.26947985796845,0.9704260596506371,499994.44925459014
5000.0,0.275,N2,171.5293654132837,0.29601223518749237,499994.44925459014
5000.0,0.325,CO2,30.268883142957613,0.9704134215731538,499993.440028152
5000.0,0.325,N2,171.52936541328367,0.296012235187492,499993.440028152
5000.0,0.375,CO2,30.267531356650093,0.9703849583434888,499992.43080171384
5000.0,0.375,N2,171.52936541328356,0.2960122351874914,499992.43080171384
5000.0,0.42500000000000004,CO2,30.264581479166726,0.9703231938227804,499991.4215752757
5000.0,0.42500000000000004,N2,171.52936541328344,0.2960122351874906,499991.4215752757
5000.0,0.47500000000000003,CO2,30.25834313763498,0.9701932562338256,499990.41234883753
5000.0,0.47500000000000003,N2,171.52936541328322,0.2960122351874894,499990.41234883753
5000.0,0.525,CO2,30.245492875014264,0.969926845017288,499989.4031223994
5000.0,0.525,N2,171.52936541328293,0.29601223518748776,499989.4031223994
5000.0,0.5750000000000001,CO2,30.219598884668056,0.9693921075492733,499988.3938959612
5000.0,0.5750000000000001,N2,171.52936541328248,0.29601223518748543,499988.3938959612
5000.0,0.625,CO2,30.168376732719576,0.9683373815012434,499987.3846695231
5000.0,0.625,N2,171.52936541328185,0.29601223518748226,499987.3846695231
5000.0,0.675,CO2,30.0686484486154,0.9662868630711231,499986.3754430849
5000.0,0.675,N2,171.52936541328106,0.2960122351874779,499986.3754430849
5000.0,0.7250000000000001,CO2,29.877284917986852,0.9623493359537193,499985.3662166468
5000.0,0.7250000000000001,N2,171.5293654132799,0.296012235187472,499985.3662166468
5000.0,0.775,CO2,29.515652931632076,0.95487567021066,499984.3569902086
5000.0,0.775,N2,171.5293654132782,0.2960122351874641,499984.3569902086
5000.0,0.8250000000000001,CO2,28.84572797732641,0.9408800196916182,499983.3477637705
5000.0,0.8250000000000001,N2,171.52936541327605,0.2960122351874538,499983.3477637705
5000.0,0.875,CO2,27.645820857261228,0.915235869833015,499982.3385373323
5000.0,0.875,N2,171.52936541327313,0.2960122351874403,499982.3385373323
5000.0,0.925,CO2,25.652233057003517,0.8706786254365094,499981.3293108942
5000.0,0.925,N2,171.5293654132694,0.29601223518742337,499981.3293108942
5000.0,0.9750000000000001,CO2,23.03850379337742,0.8075964394365405,499980.320084456
5000.0,0.9750000000000001,N2,171.52936541326542,0.2960122351874055,499980.320084456
5050.0,0.025,CO2,30.269887187747727,0.9704347646267409,499999.49538678094
5050.0,0.025,N2,171.5293654132838,0.2960122351874929,499999.49538678094
5050.0,0.07500000000000001,CO2,30.269883832921145,0.9704346917896892,499998.48616034276
5050.0,0.07500000000000001,N2,171.5293654132838,0.29601223518749287,499998.48616034276
5050.0,0.125,CO2,30.26987277380675,0.970434452533499,499997.47693390463
5050.0,0.125,N2,171.52936541328376,0.2960122351874928,499997.47693390463
5050.0,0.17500000000000002,CO2,30.2698405019104,0.9704337574889548,499996.46770746645
5050.0,0.17500000000000002,N2,171.52936541328384,0.29601223518749276,499996.46770746645
5050.0,0.225,CO2,30.26975409622558,0.9704319061782619,499995.4584810283
5050.0,0.225,N2,171.52936541328376,0.2960122351874927,499995.4584810283
5050.0,0.275,CO2,30.269537645814086,0.9704272945014555,499994.44925459014
5050.0,0.275,N2,171.52936541328378,0.29601223518749253,499994.44925459014
5050.0,0.325,CO2,30.269023874315103,0.9704164114572799,499993.440028152
5050.0,0.325,N2,171.5293654132837,0.2960122351874922,499993.440028152
5050.0,0.375,CO2,30.26785766228661,0.9703918504892491,499992.43080171384
5050.0,0.375,N2,171.52936541328367,0.29601223518749187,499992.43080171384
5050.0,0.42500000000000004,CO2,30.265307744612358,0.9703384469447914,499991.4215752757
5050.0,0.42500000000000004,N2,171.5293654132835,0.29601223518749126,499991.4215752757
5050.0,0.47500000000000003,CO2,30.259905035704,0.9702258847826933,499990.41234883753
5050.0,0.47500000000000003,N2,171.52936541328341,0.2960122351874904,499990.41234883753
5050.0,0.525,CO2,30.248756168397282,0.9699946894640503,499989.4031223994
5050.0,0.525,N2,171.5293654132832,0.29601223518748926,499989.4031223994
5050.0,0.5750000000000001,CO2,30.22625271871474,0.9695298835312889,499988.3938959612
5050.0,0.5750000000000001,N2,171.52936541328285,0.29601223518748765,499988.3938959612
5050.0,0.625,CO2,30.18166561672436,0.9686117306952013,499987.3846695231
5050.0,0.625,N2,171.5293654132824,0.2960122351874854,499987.3846695231
5050.0,0.675,CO2,30.094713263313164,0.9668242436816351,499986.3754430849
5050.0,0.675,N2,171.5293654132818,0.2960122351874822,499986.3754430849
5050.0,0.7250000000000001,CO2,29.927555879608597,0.9633870012004652,499985.3662166468
5050.0,0.7250000000000001,N2,171.529365413281,0.29601223518747793,499985.3662166468
5050.0,0.775,CO2,29.610909894741244,0.9568525335296788,499984.3569902086
5050.0,0.775,N2,171.52936541327978,0.29601223518747233,499984.3569902086
5050.0,0.8250000000000001,CO2,29.022282800959324,0.9445905195887595,499983.3477637705
5050.0,0.8250000000000001,N2,171.52936541327824,0.2960122351874648,499983.3477637705
5050.0,0.875,CO2,27.962510557519547,0.922060284937702,499982.3385373323
5050.0,0.875,N2,171.52936541327617,0.29601223518745506,499982.3385373323
5050.0,0.925,CO2,26.1891714011926,0.882787781771362,499981.3293108942
5050.0,0.925,N2,171.52936541327347,0.29601223518744285,499981.3293108942
5050.0,0.9750000000000001,CO2,23.846700407050285,0.8270985697274877,499980.320084456
5050.0,0.9750000000000001,N2,171.52936541327065,0.2960122351874299,499980.320084456
5100.0,0.025,CO2,30.269887308874374,0.9704347672670105,499999.49538678094
5100.0,0.025,N2,171.5293654132838,0.2960122351874929,499999.49538678094
5100.0,0.07500000000000001,CO2,30.269884443732316,0.970434705076902,499998.48616034276
5100.0,0.07500000000000001,N2,171.52936541328378,0.2960122351874929,499998.48616034276
5100.0,0.125,CO2,30.269874988154047,0.9704345005482324,499997.47693390463
5100.0,0.125,N2,171.52936541328378,0.29601223518749287,499997.47693390463
5100.0,0.17500000000000002,CO2,30.269847355512507,0.9704339054759816,499996.46770746645
5100.0,0.17500000000000002,N2,171.5293654132838,0.2960122351874928,499996.46770746645
5100.0,0.225,CO2,30.26977324593634,0.970432317631479,499995.4584810283
5100.0,0.225,N2,171.52936541328378,0.29601223518749276,499995.4584810283
5100.0,0.275,CO2,30.269587253462745,0.9704283545921815,499994.44925459014
5100.0,0.275,N2,171.5293654132838,0.29601223518749264,499994.44925459014
5100.0,0.325,CO2,30.269144918003008,0.9704189833655836,499993.440028152
5100.0,0.325,N2,171.52936541328376,0.29601223518749237,499993.440028152
5100.0,0.375,CO2,30.268138876370756,0.9703977912790528,499992.43080171384
5100.0,0.375,N2,171.52936541328373,0.29601223518749215,499992.43080171384
5100.0,0.42500000000000004,CO2,30.265934888528125,0.9703516212239932,499991.4215752757
5100.0,0.42500000000000004,N2,171.52936541328359,0.29601223518749176,499991.4215752757
5100.0,0.47500000000000003,CO2,30.26125637181,0.9702541214020672,499990.41234883753
5100.0,0.47500000000000003,N2,171.52936541328359,0.29601223518749115,499990.41234883753
5100.0,0.525,CO2,30.25158478564758,0.9700535100444406,499989.4031223994
5100.0,0.525,N2,171.52936541328333,0.29601223518749037,499989.4031223994
5100.0,0.5750000000000001,CO2,30.232030569770387,0.9696495396346484,499988.3938959612
5100.0,0.5750000000000001,N2,171.5293654132832,0.29601223518748915,499988.3938959612
5100.0,0.625,CO2,30.193225327234906,0.9688503813846121,499987.3846695231
5100.0,0.625,N2,171.52936541328287,0.2960122351874875,499987.3846695231
5100.0,0.675,CO2,30.117428368781802,0.9672924248608405,499986.3754430849
5100.0,0.675,N2,171.5293654132824,0.29601223518748526,499986.3754430849
5100.0,0.7250000000000001,CO2,29.971461503499977,0.9642925113757717,499985.3662166468
5100.0,0.7250000000000001,N2,171.52936541328182,0.2960122351874822,499985.3662166468
5100.0,0.775,CO2,29.69435100920542,0.9585809956815904,499984.3569902086
5100.0,0.775,N2,171.52936541328097,0.29601223518747816,499984.3569902086
5100.0,0.8250000000000001,CO2,29.177638730263407,0.9478437501226888,499983.3477637705
5100.0,0.8250000000000001,N2,171.52936541327983,0.2960122351874727,499983.3477637705
5100.0,0.875,CO2,28.24322770595797,0.9280699010190825,499982.3385373323
5100.0,0.875,N2,171.52936541327833,0.2960122351874657,499982.3385373323
5100.0,0.925,CO2,26.670559038701178,0.8935241654286278,499981.3293108942
5100.0,0.925,N2,171.52936541327637,0.2960122351874569,499981.3293108942
5100.0,0.9750000000000001,CO2,24.58122505214434,0.8445282308616442,499980.320084456
5100.0,0.9750000000000001,N2,171.5293654132743,0.2960122351874475,499980.320084456
5150.0,0.025,CO2,30.269887412190055,0.9704347695183136,499999.49538678094
5150.0,0.025,N2,171.5293654132838,0.2960122351874929,499999.49538678094
5150.0,0.07500000000000001,CO2,30.269884965061145,0.9704347164143907,499998.48616034276
5150.0,0.07500000000000001,N2,171.5293654132838,0.2960122351874929,499998.48616034276
5150.0,0.125,CO2,30.269876880039686,0.970434541562077,499997.47693390463
5150.0,0.125,N2,171.52936541328387,0.29601223518749287,499997.47693390463
5150.0,0.17500000000000002,CO2,30.269853218962428,0.9704340320660031,499996.46770746645
5150.0,0.17500000000000002,N2,171.5293654132838,0.2960122351874928,499996.46770746645
5150.0,0.225,CO2,30.269789655348756,0.9704326701889463,499995.4584810283
5150.0,0.225,N2,171.5293654132838,0.29601223518749276,499995.4584810283
5150.0,0.275,CO2,30.26962983843882,0.9704292646434818,499994.44925459014
5150.0,0.275,N2,171.52936541328378,0.2960122351874927,499994.44925459014
5150.0,0.325,CO2,30.26924902441482,0.9704211956395625,499993.440028152
5150.0,0.325,N2,171.52936541328378,0.29601223518749253,499993.440028152
5150.0,0.375,CO2,30.268381215286905,0.9704029117007047,499992.43080171384
5150.0,0.375,N2,171.52936541328373,0.29601223518749237,499992.43080171384
5150.0,0.42500000000000004,CO2,30.266476394800442,0.9703629990192074,499991.4215752757
5150.0,0.42500000000000004,N2,171.52936541328367,0.29601223518749203,499991.4215752757
5150.0,0.47500000000000003,CO2,30.262425414695663,0.9702785548042389,499990.41234883753
5150.0,0.47500000000000003,N2,171.5293654132836,0.29601223518749165,499990.41234883753
5150.0,0.525,CO2,30.25403633552599,0.9701045012430065,499989.4031223994
5150.0,0.525,N2,171.5293654132835,0.2960122351874911,499989.4031223994
5150.0,0.5750000000000001,CO2,30.237047054628743,0.9697534459836843,499988.3938959612
5150.0,0.5750000000000001,N2,171.5293654132834,0.29601223518749026,499988.3938959612
5150.0,0.625,CO2,30.203279092339272,0.969057949542232,499987.3846695231
5150.0,0.625,N2,171.52936541328313,0.29601223518748904,499987.3846695231
5150.0,0.675,CO2,30.13721944916712,0.9677002481845877,499986.3754430849
5150.0,0.675,N2,171.52936541328285,0.2960122351874874,499986.3754430849
5150.0,0.7250000000000001,CO2,30.009793532698254,0.9650825141430992,499985.3662166468
5150.0,0.7250000000000001,N2,171.5293654132824,0.29601223518748526,499985.3662166468
5150.0,0.775,CO2,29.767396391551205,0.9600917208110882,499984.3569902086
5150.0,0.775,N2,171.5293654132818,0.2960122351874824,499984.3569902086
5150.0,0.8250000000000001,CO2,29.314189163116996,0.9506942405561022,499983.3477637705
5150.0,0.8250000000000001,N2,171.529365413281,0.2960122351874784,499983.3477637705
5150.0,0.875,CO2,28.491549375694536,0.9333555087281298,499982.3385373323
5150.0,0.875,N2,171.5293654132799,0.2960122351874733,499982.3385373323
5150.0,0.925,CO2,27.100529783545795,0.9030201282900728,499981.3293108942
5150.0,0.925,N2,171.5293654132785,0.296012235187467,499981.3293108942
5150.0,0.9750000000000001,CO2,25.24469155283805,0.8600367207270422,499980.320084456
5150.0,0.9750000000000001,N2,171.529365413277,0.2960122351874602,499980.320084456
5200.0,0.025,CO2,30.269887500322838,0.9704347714381631,499999.49538678094
5200.0,0.025,N2,171.5293654132838,0.2960122351874929,499999.49538678094
5200.0,0.07500000000000001,CO2,30.269885410056656,0.9704347260891698,499998.48616034276
5200.0,0.07500000000000001,N2,171.52936541328384,0.2960122351874929,499998.48616034276
5200.0,0.125,CO2,30.26987849653501,0.9704345765983677,499997.47693390463
5200.0,0.125,N2,171.52936541328384,0.29601223518749287,499997.47693390463
5200.0,0.17500000000000002,CO2,30.26985823553721,0.970434140357745,499996.46770746645
5200.0,0.17500000000000002,N2,171.52936541328373,0.29601223518749287,499996.46770746645
5200.0,0.225,CO2,30.26980371685437,0.9704329722861995,499995.4584810283
5200.0,0.225,N2,171.5293654132838,0.2960122351874928,499995.4584810283
5200.0,0.275,CO2,30.269666394571317,0.970430045881735,499994.44925459014
5200.0,0.275,N2,171.5293654132838,0.29601223518749276,499994.44925459014
5200.0,0.325,CO2,30.26933856038155,0.9704230984930038,499993.440028152
5200.0,0.325,N2,171.52936541328378,0.29601223518749264,499993.440028152
5200.0,0.375,CO2,30.268590040863256,0.970407324761363,499992.43080171384
5200.0,0.375,N2,171.52936541328376,0.29601223518749253,499992.43080171384
5200.0,0.42500000000000004,CO2,30.266943920206977,0.970372824490763,499991.4215752757
5200.0,0.42500000000000004,N2,171.52936541328376,0.2960122351874923,499991.4215752757
5200.0,0.47500000000000003,CO2,30.26343665671518,0.9702996951687034,499990.41234883753
5200.0,0.47500000000000003,N2,171.52936541328367,0.29601223518749203,499990.41234883753
5200.0,0.525,CO2,30.256160838938243,0.9701487003164712,499989.4031223994
5200.0,0.525,N2,171.52936541328364,0.29601223518749165,499989.4031223994
5200.0,0.5750000000000001,CO2,30.24140191298426,0.9698436647056018,499988.3938959612
5200.0,0.5750000000000001,N2,171.52936541328347,0.29601223518749104,499988.3938959612
5200.0,0.625,CO2,30.21202164574892,0.9692384590614572,499987.3846695231
5200.0,0.625,N2,171.52936541328327,0.2960122351874902,499987.3846695231
5200.0,0.675,CO2,30.154459044860875,0.9680554379690999,499986.3754430849
5200.0,0.675,N2,171.52936541328307,0.296012235187489,499986.3754430849
5200.0,0.7250000000000001,CO2,30.043248267982094,0.965771596363722,499985.3662166468
5200.0,0.7250000000000001,N2,171.52936541328273,0.2960122351874874,499985.3662166468
5200.0,0.775,CO2,29.83130565051016,0.9614117054881836,499984.3569902086
5200.0,0.775,N2,171.52936541328236,0.29601223518748543,499984.3569902086
5200.0,0.8250000000000001,CO2,29.43409201432856,0.9531904281381302,499983.3477637705
5200.0,0.8250000000000001,N2,171.52936541328177,0.29601223518748254,499983.3477637705
5200.0,0.875,CO2,28.71081561383319,0.9379992884618776,499982.3385373323
5200.0,0.875,N2,171.52936541328103,0.2960122351874789,499982.3385373323
5200.0,0.925,CO2,27.483306226110216,0.9114009572002912,499981.3293108942
5200.0,0.925,N2,171.52936541328003,0.29601223518747427,499981.3293108942
5200.0,0.9750000000000001,CO2,25.840747168756288,0.8737830581781815,499980.320084456
5200.0,0.9750000000000001,N2,171.52936541327898,0.2960122351874694,499980.320084456
5250.0,0.025,CO2,30.269887575511554,0.9704347730755336,499999.49538678094
5250.0,0.025,N2,171.5293654132838,0.2960122351874929,499999.49538678094
5250.0,0.07500000000000001,CO2,30.269885789929212,0.9704347343458553,499998.48616034276
5250.0,0.07500000000000001,N2,171.5293654132838,0.2960122351874929,499998.48616034276
5250.0,0.125,CO2,30.269879877822408,0.9704346065304567,499997.47693390463
5250.0,0.125,N2,171.5293654132838,0.29601223518749287,499997.47693390463
5250.0,0.17500000000000002,CO2,30.26986252774739,0.9704342330004314,499996.46770746645
5250.0,0.17500000000000002,N2,171.5293654132838,0.29601223518749287,499996.46770746645
5250.0,0.225,CO2,30.269815766624777,0.9704332311499523,499995.4584810283
5250.0,0.225,N2,171.5293654132838,0.2960122351874928,499995.4584810283
5250.0,0.275,CO2,30.269697775122623,0.9704307165324284,499994.44925459014
5250.0,0.275,N2,171.52936541328376,0.29601223518749287,499994.44925459014
5250.0,0.325,CO2,30.26941556254446,0.9704247351415646,499993.440028152
5250.0,0.325,N2,171.52936541328376,0.2960122351874927,499993.440028152
5250.0,0.375,CO2,30.26876997743796,0.9704111279467987,499992.43080171384
5250.0,0.375,N2,171.52936541328376,0.2960122351874927,499992.43080171384
5250.0,0.42500000000000004,CO2,30.267347540823582,0.9703813087438152,499991.4215752757
5250.0,0.42500000000000004,N2,171.52936541328378,0.29601223518749253,499991.4215752757
5250.0,0.47500000000000003,CO2,30.264311315229357,0.9703179845587149,499990.41234883753
5250.0,0.47500000000000003,N2,171.52936541328376,0.29601223518749226,499990.41234883753
5250.0,0.525,CO2,30.25800172035252,0.9701870078501451,499989.4031223994
5250.0,0.525,N2,171.52936541328367,0.296012235187492,499989.4031223994
5250.0,0.5750000000000001,CO2,30.24518191678166,0.9699219896243153,499988.3938959612
5250.0,0.5750000000000001,N2,171.52936541328359,0.2960122351874916,499988.3938959612
5250.0,0.625,CO2,30.219622800333923,0.969395416853699,499987.3846695231
5250.0,0.625,N2,171.52936541328347,0.29601223518749104,499987.3846695231
5250.0,0.675,CO2,30.1694729839472,0.9683647400152712,499986.3754430849
5250.0,0.675,N2,171.5293654132833,0.2960122351874901,499986.3754430849
5250.0,0.7250000000000001,CO2,30.07243738691489,0.966372531374427,499985.3662166468
5250.0,0.7250000000000001,N2,171.52936541328305,0.296012235187489,499985.3662166468
5250.0,0.775,CO2,29.88719364725597,0.9625646902812691,499984.3569902086
5250.0,0.775,N2,171.52936541328273,0.2960122351874876,499984.3569902086
5250.0,0.8250000000000001,CO2,29.539284529600767,0.9553752406533378,499983.3477637705
5250.0,0.8250000000000001,N2,171.5293654132823,0.2960122351874855,499983.3477637705
5250.0,0.875,CO2,28.904114920573353,0.9420752549225968,499982.3385373323
5250.0,0.875,N2,171.52936541328182,0.2960122351874828,499982.3385373323
5250.0,0.925,CO2,27.823076021996396,0.9187836956034624,499981.3293108942
5250.0,0.925,N2,171.52936541328106,0.29601223518747954,499981.3293108942
5250.0,0.9750000000000001,CO2,26.37372844573139,0.8859274708714742,499980.320084456
5250.0,0.9750000000000001,N2,171.5293654132803,0.29601223518747594,499980.320084456
5300.0,0.025,CO2,30.269887639664045,0.9704347744721428,499999.49538678094
5300.0,0.025,N2,171.5293654132838,0.2960122351874929,499999.49538678094
5300.0,0.07500000000000001,CO2,30.269886114239277,0.9704347413929915,499998.48616034276
5300.0,0.07500000000000001,N2,171.52936541328384,0.2960122351874929,499998.48616034276
5300.0,0.125,CO2,30.269881058212718,0.9704346321038952,499997.47693390463
5300.0,0.125,N2,171.5293654132838,0.2960122351874929,499997.47693390463
5300.0,0.17500000000000002,CO2,30.269866200370956,0.9704343122595103,499996.46770746645
5300.0,0.17500000000000002,N2,171.52936541328384,0.29601223518749287,499996.46770746645
5300.0,0.225,CO2,30.26982609272092,0.9704334529724774,499995.4584810283
5300.0,0.225,N2,171.52936541328378,0.2960122351874928,499995.4584810283
5300.0,0.275,CO2,30.269724712779155,0.9704312922466708,499994.44925459014
5300.0,0.275,N2,171.52936541328376,0.29601223518749287,499994.44925459014
5300.0,0.325,CO2,30.269481783612818,0.9704261427819993,499993.440028152
5300.0,0.325,N2,171.52936541328378,0.29601223518749276,499993.440028152
5300.0,0.375,CO2,30.268925013599105,0.9704144053592555,499992.43080171384
5300.0,0.375,N2,171.52936541328373,0.29601223518749276,499992.43080171384
5300.0,0.42500000000000004,CO2,30.267695966753852,0.9703886343113701,499991.4215752757
5300.0,0.42500000000000004,N2,171.52936541328373,0.2960122351874927,499991.4215752757
5300.0,0.47500000000000003,CO2,30.26506777073203,0.970333806023323,499990.41234883753
5300.0,0.47500000000000003,N2,171.5293654132837,0.2960122351874925,499990.41234883753
5300.0,0.525,CO2,30.259596676633663,0.9702202057636407,499989.4031223994
5300.0,0.525,N2,171.52936541328367,0.2960122351874922,499989.4031223994
5300.0,0.5750000000000001,CO2,30.248462549421866,0.9699899811176308,499988.3938959612
5300.0,0.5750000000000001,N2,171.52936541328364,0.296012235187492,499988.3938959612
5300.0,0.625,CO2,30.22623060717145,0.9695318790054905,499987.3846695231
5300.0,0.625,N2,171.52936541328359,0.2960122351874916,499987.3846695231
5300.0,0.675,CO2,30.182546118289782,0.968634044430255,499986.3754430849
5300.0,0.675,N2,171.5293654132835,0.29601223518749087,499986.3754430849
5300.0,0.7250000000000001,CO2,30.097897763794297,0.9668964998276617,499985.3662166468
5300.0,0.7250000000000001,N2,171.5293654132833,0.2960122351874901,499985.3662166468
5300.0,0.775,CO2,29.936045400388846,0.9635715342109565,499984.3569902086
5300.0,0.775,N2,171.52936541328305,0.29601223518748915,499984.3569902086
5300.0,0.8250000000000001,CO2,29.631499538762412,0.9572866523375977,499983.3477637705
5300.0,0.8250000000000001,N2,171.52936541328276,0.2960122351874876,499983.3477637705
5300.0,0.875,CO2,29.074279884287535,0.9456497899696708,499982.3385373323
5300.0,0.875,N2,171.5293654132824,0.2960122351874857,499982.3385373323
5300.0,0.925,CO2,28.123898235898107,0.9252765085027247,499981.3293108942
5300.0,0.925,N2,171.52936541328182,0.2960122351874833,499981.3293108942
5300.0,0.9750000000000001,CO2,26.848366240344802,0.896626522537208,499980.320084456
5300.0,0.9750000000000001,N2,171.52936541328125,0.2960122351874807,499980.320084456
5350.0,0.025,CO2,30.269887694404947,0.9704347756635028,499999.49538678094
5350.0,0.025,N2,171.5293654132838,0.2960122351874929,499999.49538678094
5350.0,0.07500000000000001,CO2,30.269886391134566,0.970434747408248,499998.48616034276
5350.0,0.07500000000000001,N2,171.5293654132838,0.2960122351874929,499998.48616034276
5350.0,0.125,CO2,30.269882066982458,0.9704346539546896,499997.47693390463
5350.0,0.125,N2,171.52936541328387,0.2960122351874929,499997.47693390463
5350.0,0.17500000000000002,CO2,30.269869342955772,0.9704343800708577,499996.46770746645
5350.0,0.17500000000000002,N2,171.5293654132838,0.29601223518749287,499996.46770746645
5350.0,0.225,CO2,30.26983494179822,0.9704336430557912,499995.4584810283
5350.0,0.225,N2,171.5293654132838,0.29601223518749287,499995.4584810283
5350.0,0.275,CO2,30.26974783622362,0.9704317864548129,499994.44925459014
5350.0,0.275,N2,171.52936541328384,0.29601223518749287,499994.44925459014
5350.0,0.325,CO2,30.269538730815306,0.9704273534063167,499993.440028152
5350.0,0.325,N2,171.52936541328384,0.2960122351874928,499993.440028152
5350.0,0.375,CO2,30.269058586984865,0.9704172294998293,499992.43080171384
5350.0,0.375,N2,171.52936541328378,0.2960122351874928,499992.43080171384
5350.0,0.42500000000000004,CO2,30.267996721585053,0.9703949589017141,499991.4215752757
5350.0,0.42500000000000004,N2,171.52936541328376,0.29601223518749276,499991.4215752757
5350.0,0.47500000000000003,CO2,30.265721933980206,0.970347491224762,499990.41234883753
5350.0,0.47500000000000003,N2,171.5293654132837,0.2960122351874926,499990.41234883753
5350.0,0.525,CO2,30.260978407126476,0.9702489724352471,499989.4031223994
5350.0,0.525,N2,171.52936541328376,0.2960122351874924,499989.4031223994
5350.0,0.5750000000000001,CO2,30.251309421495183,0.9700489954682766,499988.3938959612
5350.0,0.5750000000000001,N2,171.52936541328364,0.29601223518749226,499988.3938959612
5350.0,0.625,CO2,30.231974031414396,0.9696505066498232,499987.3846695231
5350.0,0.625,N2,171.52936541328364,0.296012235187492,499987.3846695231
5350.0,0.675,CO2,30.193927220321722,0.9688684898022015,499986.3754430849
5350.0,0.675,N2,171.52936541328353,0.2960122351874915,499986.3754430849
5350.0,0.7250000000000001,CO2,30.12009997976087,0.9673532784401688,499985.3662166468
5350.0,0.7250000000000001,N2,171.52936541328344,0.2960122351874909,499985.3662166468
5350.0,0.775,CO2,29.97872944776407,0.9644505398410249,499984.3569902086
5350.0,0.775,N2,171.52936541328324,0.2960122351874902,499984.3569902086
5350.0,0.8250000000000001,CO2,29.71228167319414,0.9589581852791357,499983.3477637705
5350.0,0.8250000000000001,N2,171.52936541328307,0.2960122351874891,499983.3477637705
5350.0,0.875,CO2,29.22389052267299,0.9487821999104312,499982.3385373323
5350.0,0.875,N2,171.5293654132828,0.2960122351874878,499982.3385373323
5350.0,0.925,CO2,28.38964019080999,0.9309784740439363,499981.3293108942
5350.0,0.925,N2,171.52936541328245,0.29601223518748604,499981.3293108942
5350.0,0.9750000000000001,CO2,27.26956095958039,0.9060298130844168,499980.320084456
5350.0,0.9750000000000001,N2,171.52936541328202,0.29601223518748415,499980.320084456
5400.0,0.025,CO2,30.269887741122073,0.9704347766799376,499999.49538678094
5400.0,0.025,N2,171.52936541328384,0.2960122351874929,499999.49538678094
5400.0,0.07500000000000001,CO2,30.26988662758,0.9704347525434551,499998.48616034276
5400.0,0.07500000000000001,N2,171.5293654132838,0.2960122351874929,499998.48616034276
5400.0,0.125,CO2,30.269882929186938,0.9704346726270173,499997.47693390463
5400.0,0.125,N2,171.5293654132838,0.2960122351874929,499997.47693390463
5400.0,0.17500000000000002,CO2,30.269872032253573,0.970434438093493,499996.46770746645
5400.0,0.17500000000000002,N2,171.5293654132838,0.29601223518749287,499996.46770746645
5400.0,0.225,CO2,30.269842525642282,0.9704338059521967,499995.4584810283
5400.0,0.225,N2,171.52936541328384,0.29601223518749287,499995.4584810283
5400.0,0.275,CO2,30.269767686326833,0.9704322107119968,499994.44925459014
5400.0,0.275,N2,171.5293654132838,0.29601223518749287,499994.44925459014
5400.0,0.325,CO2,30.269587703561474,0.9704283945993696,499993.440028152
5400.0,0.325,N2,171.52936541328384,0.2960122351874928,499993.440028152
5400.0,0.375,CO2,30.269173667546617,0.9704196630189492,499992.43080171384
5400.0,0.375,N2,171.5293654132838,0.29601223518749287,499992.43080171384
5400.0,0.42500000000000004,CO2,30.268256319020583,0.9704004190875785,499991.4215752757
5400.0,0.42500000000000004,N2,171.52936541328378,0.29601223518749287,499991.4215752757
5400.0,0.47500000000000003,CO2,30.266287608225312,0.9703593279641355,499990.41234883753
5400.0,0.47500000000000003,N2,171.52936541328378,0.2960122351874927,499990.41234883753
5400.0,0.525,CO2,30.262175335835177,0.9702738976565091,499989.4031223994
5400.0,0.525,N2,171.52936541328376,0.29601223518749253,499989.4031223994
5400.0,0.5750000000000001,CO2,30.253779675403603,0.9701002139479801,499988.3938959612
5400.0,0.5750000000000001,N2,171.5293654132837,0.2960122351874925,499988.3938959612
5400.0,0.625,CO2,30.236965618287446,0.9697536214671973,499987.3846695231
5400.0,0.625,N2,171.52936541328367,0.29601223518749226,499987.3846695231
5400.0,0.675,CO2,30.20383389550122,0.969072567047778,499986.3754430849
5400.0,0.675,N2,171.5293654132836,0.29601223518749187,499986.3754430849
5400.0,0.7250000000000001,CO2,30.139456972275728,0.9677514292805417,499985.3662166468
5400.0,0.7250000000000001,N2,171.52936541328347,0.2960122351874915,499985.3662166468
5400.0,0.775,CO2,30.016011819570917,0.9652177832276074,499984.3569902086
5400.0,0.775,N2,171.52936541328341,0.296012235187491,499984.3569902086
5400.0,0.8250000000000001,CO2,29.783005773783316,0.960419432848574,499983.3477637705
5400.0,0.8250000000000001,N2,171.52936541328327,0.2960122351874902,499983.3477637705
5400.0,0.875,CO2,29.355284459410775,0.9515253556673542,499982.3385373323
5400.0,0.875,N2,171.52936541328307,0.29601223518748926,499982.3385373323
5400.0,0.925,CO2,28.62393269165731,0.9359796520496775,499981.3293108942
5400.0,0.925,N2,171.5293654132828,0.296012235187488,499981.3293108942
5400.0,0.9750000000000001,CO2,27.642198158947753,0.9142774344701577,499980.320084456
5400.0,0.9750000000000001,N2,171.5293654132825,0.2960122351874866,499980.320084456
5450.0,0.025,CO2,30.26988778099493,0.9704347775472094,499999.49538678094
5450.0,0.025,N2,171.5293654132838,0.2960122351874929,499999.49538678094
5450.0,0.07500000000000001,CO2,30.269886829499615,0.9704347569277102,499998.48616034276
5450.0,0.07500000000000001,N2,171.52936541328378,0.2960122351874929,499998.48616034276
5450.0,0.125,CO2,30.269883666162965,0.97043468858418,499997.47693390463
5450.0,0.125,N2,171.5293654132838,0.2960122351874929,499997.47693390463
5450.0,0.17500000000000002,CO2,30.26987433372956,0.9704344877422671,499996.46770746645
5450.0,0.17500000000000002,N2,171.5293654132838,0.29601223518749287,499996.46770746645
5450.0,0.225,CO2,30.269849025236486,0.9704339455517502,499995.4584810283
5450.0,0.225,N2,171.52936541328376,0.29601223518749287,499995.4584810283
5450.0,0.275,CO2,30.269784726262106,0.9704325749140437,499994.44925459014
5450.0,0.275,N2,171.5293654132838,0.29601223518749287,499994.44925459014
5450.0,0.325,CO2,30.269629817057293,0.9704292900391595,499993.440028152
5450.0,0.325,N2,171.52936541328378,0.2960122351874928,499993.440028152
5450.0,0.375,CO2,30.26927280995822,0.9704217598187264,499992.43080171384
5450.0,0.375,N2,171.5293654132838,0.29601223518749287,499992.43080171384
5450.0,0.42500000000000004,CO2,30.2684803744717,0.9704051326381223,499991.4215752757
5450.0,0.42500000000000004,N2,171.5293654132838,0.29601223518749287,499991.4215752757
5450.0,0.47500000000000003,CO2,30.266776718869192,0.9703695649553975,499990.41234883753
5450.0,0.47500000000000003,N2,171.5293654132838,0.29601223518749276,499990.41234883753
5450.0,0.525,CO2,30.263212070845366,0.9702954921506873,499989.4031223994
5450.0,0.525,N2,171.52936541328376,0.29601223518749264,499989.4031223994
5450.0,0.5750000000000001,CO2,30.2559228820339,0.970144661391632,499988.3938959612
5450.0,0.5750000000000001,N2,171.52936541328376,0.2960122351874926,499988.3938959612
5450.0,0.625,CO2,30.24130320191055,0.9698432412670283,499987.3846695231
5450.0,0.625,N2,171.52936541328376,0.2960122351874924,499987.3846695231
5450.0,0.675,CO2,30.21245574941134,0.9692501863441743,499986.3754430849
5450.0,0.675,N2,171.52936541328367,0.29601223518749215,499986.3754430849
5450.0,0.7250000000000001,CO2,30.15632966859904,0.9680984228585738,499985.3662166468
5450.0,0.7250000000000001,N2,171.52936541328364,0.2960122351874919,499985.3662166468
5450.0,0.775,CO2,30.048565331777105,0.9658873321854974,499984.3569902086
5450.0,0.775,N2,171.52936541328353,0.2960122351874916,499984.3569902086
5450.0,0.8250000000000001,CO2,29.844889771116623,0.9616964195013846,499983.3477637705
5450.0,0.8250000000000001,N2,171.52936541328344,0.296012235187491,499983.3477637705
5450.0,0.875,CO2,29.470565929095358,0.9539261872423411,499982.3385373323
5450.0,0.875,N2,171.52936541328327,0.29601223518749026,499982.3385373323
5450.0,0.925,CO2,28.830141299546504,0.9403614155066432,499981.3293108942
5450.0,0.925,N2,171.52936541328305,0.29601223518748937,499981.3293108942
5450.0,0.9750000000000001,CO2,27.971002514030562,0.92149923317321,499980.320084456
5450.0,0.9750000000000001,N2,171.52936541328285,0.29601223518748837,499980.320084456
5500.0,0.025,CO2,30.269887815027808,0.9704347782872467,499999.49538678094
5500.0,0.025,N2,171.52936541328378,0.2960122351874929,499999.49538678094
5500.0,0.07500000000000001,CO2,30.269887001941232,0.9704347606709818,499998.48616034276
5500.0,0.07500000000000001,N2,171.52936541328378,0.2960122351874929,499998.48616034276
5500.0,0.125,CO2,30.26988429611261,0.9704347022213198,499997.47693390463
5500.0,0.125,N2,171.5293654132838,0.2960122351874929,499997.47693390463
5500.0,0.17500000000000002,CO2,30.269876303316224,0.9704345302258358,499996.46770746645
5500.0,0.17500000000000002,N2,171.5293654132838,0.29601223518749287,499996.46770746645
5500.0,0.225,CO2,30.269854595489566,0.9704340651839213,499995.4584810283
5500.0,0.225,N2,171.52936541328378,0.29601223518749287,499995.4584810283
5500.0,0.275,CO2,30.2697993532677,0.970432887548525,499994.44925459014
5500.0,0.275,N2,171.52936541328378,0.29601223518749287,499994.44925459014
5500.0,0.325,CO2,30.269666029785864,0.9704300600790349,499993.440028152
5500.0,0.325,N2,171.52936541328376,0.29601223518749287,499993.440028152
5500.0,0.375,CO2,30.269358214643947,0.9704235663365648,499992.43080171384
5500.0,0.375,N2,171.52936541328378,0.29601223518749287,499992.43080171384
5500.0,0.42500000000000004,CO2,30.268673735092246,0.9704092012360576,499991.4215752757
5500.0,0.42500000000000004,N2,171.5293654132838,0.29601223518749287,499991.4215752757
5500.0,0.47500000000000003,CO2,30.267199581291646,0.9703784173910969,499990.41234883753
5500.0,0.47500000000000003,N2,171.52936541328376,0.2960122351874928,499990.41234883753
5500.0,0.525,CO2,30.264109940647035,0.9703141986760002,499989.4031223994
5500.0,0.525,N2,171.52936541328378,0.2960122351874927,499989.4031223994
5500.0,0.5750000000000001,CO2,30.257782089017766,0.9701832278752897,499988.3938959612
5500.0,0.5750000000000001,N2,171.52936541328378,0.2960122351874927,499988.3938959612
5500.0,0.625,CO2,30.245071907559588,0.9699211215369926,499987.3846695231
5500.0,0.625,N2,171.52936541328373,0.29601223518749253,499987.3846695231
5500.0,0.675,CO2,30.219958113167127,0.9694047553369836,499986.3754430849
5500.0,0.675,N2,171.52936541328376,0.29601223518749237,499986.3754430849
5500.0,0.7250000000000001,CO2,30.171033658646973,0.968400782086867,499985.3662166468
5500.0,0.7250000000000001,N2,171.5293654132837,0.2960122351874922,499985.3662166468
5500.0,0.775,CO2,30.076980749983246,0.9664715020175341,499984.3569902086
5500.0,0.775,N2,171.52936541328364,0.296012235187492,499984.3569902086
5500.0,0.8250000000000001,CO2,29.8990108277482,0.9628120240799669,499983.3477637705
5500.0,0.8250000000000001,N2,171.52936541328353,0.2960122351874916,499983.3477637705
5500.0,0.875,CO2,29.571621388768293,0.956026272255842,499982.3385373323
5500.0,0.875,N2,171.52936541328347,0.296012235187491,499982.3385373323
5500.0,0.925,CO2,29.011361441300327,0.944196866945524,499981.3293108942
5500.0,0.925,N2,171.52936541328333,0.29601223518749037,499981.3293108942
5500.0,0.9750000000000001,CO2,28.260490674951818,0.9278139761997171,499980.320084456
5500.0,0.9750000000000001,N2,171.52936541328316,0.2960122351874896,499980.320084456
5550.0,0.025,CO2,30.26988784407787,0.9704347789187571,499999.49538678094
5550.0,0.025,N2,171.52936541328384,0.2960122351874929,499999.49538678094
5550.0,0.07500000000000001,CO2,30.269887149215915,0.9704347638671591,499998.48616034276
5550.0,0.07500000000000001,N2,171.5293654132838,0.2960122351874929,499998.48616034276
5550.0,0.125,CO2,30.269884834598095,0.9704347138761944,499997.47693390463
5550.0,0.125,N2,171.5293654132838,0.2960122351874929,499997.47693390463
5550.0,0.17500000000000002,CO2,30.26987798890269,0.9704345665789028,499996.46770746645
5550.0,0.17500000000000002,N2,171.52936541328378,0.29601223518749287,499996.46770746645
5550.0,0.225,CO2,30.269859369260157,0.9704341677041329,499995.4584810283
5550.0,0.225,N2,171.5293654132838,0.29601223518749287,499995.4584810283
5550.0,0.275,CO2,30.26981190868607,0.9704331559090725,499994.44925459014
5550.0,0.275,N2,171.52936541328378,0.29601223518749287,499994.44925459014
5550.0,0.325,CO2,30.269697167025853,0.9704307222460475,499993.440028152
5550.0,0.325,N2,171.5293654132838,0.29601223518749287,499993.440028152
5550.0,0.375,CO2,30.26943178014972,0.9704251226469741,499992.43080171384
5550.0,0.375,N2,171.52936541328376,0.29601223518749287,499992.43080171384
5550.0,0.42500000000000004,CO2,30.26884059167084,0.9704127128161678,499991.4215752757
5550.0,0.42500000000000004,N2,171.52936541328378,0.29601223518749287,499991.4215752757
5550.0,0.47500000000000003,CO2,30.26756513192962,0.9703860717445584,499990.41234883753
5550.0,0.47500000000000003,N2,171.52936541328376,0.2960122351874928,499990.41234883753
5550.0,0.525,CO2,30.264887458156416,0.9703304016279733,499989.4031223994
5550.0,0.525,N2,171.5293654132838,0.29601223518749276,499989.4031223994
5550.0,0.5750000000000001,CO2,30.259394730588983,0.9702166875061917,499988.3938959612
5550.0,0.5750000000000001,N2,171.52936541328376,0.29601223518749276,499988.3938959612
5550.0,0.625,CO2,30.248345897211525,0.9699887915444687,499987.3846695231
5550.0,0.625,N2,171.52936541328373,0.29601223518749264,499987.3846695231
5550.0,0.675,CO2,30.226485314825666,0.9695392473040911,499986.3754430849
5550.0,0.675,N2,171.52936541328373,0.29601223518749253,499986.3754430849
5550.0,0.7250000000000001,CO2,30.183845137012604,0.9686642083609924,499985.3662166468
5550.0,0.7250000000000001,N2,171.5293654132837,0.2960122351874924,499985.3662166468
5550.0,0.775,CO2,30.101777029305076,0.966981081485693,499984.3569902086
5550.0,0.775,N2,171.52936541328364,0.2960122351874922,499984.3569902086
5550.0,0.8250000000000001,CO2,29.94632116010777,0.9637863611676457,499983.3477637705
5550.0,0.8250000000000001,N2,171.52936541328364,0.296012235187492,499983.3477637705
5550.0,0.875,CO2,29.6601374607971,0.9578623958520387,499982.3385373323
5550.0,0.875,N2,171.52936541328353,0.29601223518749153,499982.3385373323
5550.0,0.925,CO2,29.17041513245865,0.9475513718519816,499981.3293108942
5550.0,0.925,N2,171.52936541328344,0.2960122351874911,499981.3293108942
5550.0,0.9750000000000001,CO2,28.514888295576885,0.9333291175576198,499980.320084456
5550.0,0.9750000000000001,N2,171.52936541328336,0.29601223518749054,499980.320084456
5600.0,0.025,CO2,30.269887868876957,0.9704347794577094,499999.49538678094
5600.0,0.025,N2,171.5293654132838,0.2960122351874929,499999.49538678094
5600.0,0.07500000000000001,CO2,30.269887275007086,0.9704347665964405,499998.48616034276
5600.0,0.07500000000000001,N2,171.52936541328384,0.2960122351874929,499998.48616034276
5600.0,0.125,CO2,30.269885294930248,0.9704347238376362,499997.47693390463
5600.0,0.125,N2,171.52936541328384,0.2960122351874929,499997.47693390463
5600.0,0.17500000000000002,CO2,30.269879431507473,0.9704345976876058,499996.46770746645
5600.0,0.17500000000000002,N2,171.52936541328384,0.2960122351874929,499996.46770746645
5600.0,0.225,CO2,30.269863460535657,0.9704342555621163,499995.4584810283
5600.0,0.225,N2,171.52936541328378,0.29601223518749287,499995.4584810283
5600.0,0.275,CO2,30.26982268592018,0.9704333862652548,499994.44925459014
5600.0,0.275,N2,171.52936541328384,0.29601223518749287,499994.44925459014
5600.0,0.325,CO2,30.26972393955528,0.9704312916374095,499993.440028152
5600.0,0.325,N2,171.5293654132838,0.29601223518749287,499993.440028152
5600.0,0.375,CO2,30.269495144937853,0.970426463341236,499992.43080171384
5600.0,0.375,N2,171.52936541328384,0.29601223518749287,499992.43080171384
5600.0,0.42500000000000004,CO2,30.26898456822607,0.9704157434387435,499991.4215752757
5600.0,0.42500000000000004,N2,171.52936541328378,0.29601223518749287,499991.4215752757
5600.0,0.47500000000000003,CO2,30.267881113897285,0.9703926896293574,499990.41234883753
5600.0,0.47500000000000003,N2,171.5293654132838,0.2960122351874928,499990.41234883753
5600.0,0.525,CO2,30.265560694573285,0.9703444347798446,499989.4031223994
5600.0,0.525,N2,171.52936541328378,0.2960122351874928,499989.4031223994
5600.0,0.5750000000000001,CO2,30.26079336278463,0.9702457136127757,499988.3938959612
5600.0,0.5750000000000001,N2,171.5293654132838,0.2960122351874928,499988.3938959612
5600.0,0.625,CO2,30.251189784341165,0.9700475836097388,499987.3846695231
5600.0,0.625,N2,171.52936541328373,0.2960122351874927,499987.3846695231
5600.0,0.675,CO2,30.232163340629675,0.9696562566364307,499986.3754430849
5600.0,0.675,N2,171.52936541328373,0.2960122351874927,499986.3754430849
5600.0,0.7250000000000001,CO2,30.19500576095567,0.9688936847745118,499985.3662166468
5600.0,0.7250000000000001,N2,171.5293654132837,0.29601223518749253,499985.3662166468
5600.0,0.775,CO2,30.123409752164918,0.9674255197394084,499984.3569902086
5600.0,0.775,N2,171.5293654132837,0.2960122351874924,499984.3569902086
5600.0,0.8250000000000001,CO2,29.98766129353519,0.9646371034467034,499983.3477637705
5600.0,0.8250000000000001,N2,171.52936541328367,0.2960122351874922,499983.3477637705
5600.0,0.875,CO2,29.73761703233157,0.9594670508619652,499982.3385373323
5600.0,0.875,N2,171.5293654132836,0.2960122351874919,499982.3385373323
5600.0,0.925,CO2,29.30985465240906,0.9504831577922092,499981.3293108942
5600.0,0.925,N2,171.52936541328353,0.29601223518749165,499981.3293108942
5600.0,0.9750000000000001,CO2,28.738078105713182,0.9381411735045668,499980.320084456
5600.0,0.9750000000000001,N2,171.52936541328341,0.2960122351874912,499980.320084456
5650.0,0.025,CO2,30.26988789004932,0.9704347799177194,499999.49538678094
5650.0,0.025,N2,171.52936541328378,0.2960122351874929,499999.49538678094
5650.0,0.07500000000000001,CO2,30.269887382458613,0.970434768927256,499998.48616034276
5650.0,0.07500000000000001,N2,171.52936541328378,0.2960122351874929,499998.48616034276
5650.0,0.125,CO2,30.269885688482184,0.9704347323523754,499997.47693390463
5650.0,0.125,N2,171.52936541328376,0.2960122351874929,499997.47693390463
5650.0,0.17500000000000002,CO2,30.269880666227174,0.9704346243100439,499996.46770746645
5650.0,0.17500000000000002,N2,171.5293654132838,0.2960122351874929,499996.46770746645
5650.0,0.225,CO2,30.269866967010493,0.9704343308573492,499995.4584810283
5650.0,0.225,N2,171.52936541328387,0.29601223518749287,499995.4584810283
5650.0,0.275,CO2,30.269831936906193,0.9704335840007923,499994.44925459014
5650.0,0.275,N2,171.52936541328384,0.29601223518749287,499994.44925459014
5650.0,0.325,CO2,30.269746958915814,0.9704317812441311,499993.440028152
5650.0,0.325,N2,171.52936541328378,0.29601223518749287,499993.440028152
5650.0,0.375,CO2,30.26954972160466,0.9704276182478554,499992.43080171384
5650.0,0.375,N2,171.52936541328384,0.29601223518749287,499992.43080171384
5650.0,0.42500000000000004,CO2,30.269108795586114,0.9704183588287765,499991.4215752757
5650.0,0.42500000000000004,N2,171.5293654132838,0.29601223518749287,499991.4215752757
5650.0,0.47500000000000003,CO2,30.26815422987917,0.970398410979624,499990.41234883753
5650.0,0.47500000000000003,N2,171.5293654132838,0.2960122351874928,499990.41234883753
5650.0,0.525,CO2,30.266143588199334,0.9703565876784384,499989.4031223994
5650.0,0.525,N2,171.5293654132838,0.2960122351874928,499989.4031223994
5650.0,0.5750000000000001,CO2,30.26200627246686,0.9702708913291014,499988.3938959612
5650.0,0.5750000000000001,N2,171.5293654132838,0.29601223518749287,499988.3938959612
5650.0,0.625,CO2,30.25365980956214,0.9700986574235791,499987.3846695231
5650.0,0.625,N2,171.5293654132838,0.29601223518749276,499987.3846695231
5650.0,0.675,CO2,30.237102055405977,0.969758045077352,499986.3754430849
5650.0,0.675,N2,171.52936541328378,0.29601223518749276,499986.3754430849
5650.0,0.7250000000000001,CO2,30.20472673000846,0.9690935625559406,499985.3662166468
5650.0,0.7250000000000001,N2,171.52936541328373,0.29601223518749264,499985.3662166468
5650.0,0.775,CO2,30.142278304385165,0.9678130841819995,499984.3569902086
5650.0,0.775,N2,171.52936541328373,0.29601223518749253,499984.3569902086
5650.0,0.8250000000000001,CO2,30.023771697439553,0.9653797586358933,499983.3477637705
5650.0,0.8250000000000001,N2,171.52936541328373,0.2960122351874924,499983.3477637705
5650.0,0.875,CO2,29.805395202072262,0.9608688857409358,499982.3385373323
5650.0,0.875,N2,171.5293654132837,0.2960122351874922,499982.3385373323
5650.0,0.925,CO2,29.431978316657457,0.9530439272486243,499981.3293108942
5650.0,0.925,N2,171.5293654132836,0.29601223518749203,499981.3293108942
5650.0,0.9750000000000001,CO2,28.93361613475661,0.9423363824286725,499980.320084456
5650.0,0.9750000000000001,N2,171.5293654132835,0.2960122351874917,499980.320084456
5700.0,0.025,CO2,30.26988790812701,0.9704347803103877,499999.49538678094
5700.0,0.025,N2,171.52936541328384,0.2960122351874929,499999.49538678094
5700.0,0.07500000000000001,CO2,30.269887474251778,0.970434770917949,499998.48616034276
5700.0,0.07500000000000001,N2,171.52936541328378,0.2960122351874929,499998.48616034276
5700.0,0.125,CO2,30.269886024963874,0.970434739631014,499997.47693390463
5700.0,0.125,N2,171.52936541328376,0.2960122351874929,499997.47693390463
5700.0,0.17500000000000002,CO2,30.269881723068135,0.9704346470942757,499996.46770746645
5700.0,0.17500000000000002,N2,171.52936541328378,0.2960122351874929,499996.46770746645
5700.0,0.225,CO2,30.269869972350413,0.9704343953877431,499995.4584810283
5700.0,0.225,N2,171.52936541328378,0.29601223518749287,499995.4584810283
5700.0,0.275,CO2,30.26983987780796,0.970433753735163,499994.44925459014
5700.0,0.275,N2,171.5293654132838,0.29601223518749287,499994.44925459014
5700.0,0.325,CO2,30.269766750866758,0.9704322022363132,499993.440028152
5700.0,0.325,N2,171.5293654132838,0.29601223518749287,499993.440028152
5700.0,0.375,CO2,30.269596727097248,0.9704286130688873,499992.43080171384
5700.0,0.375,N2,171.5293654132838,0.29601223518749287,499992.43080171384
5700.0,0.42500000000000004,CO2,30.269215976489164,0.9704206157380123,499991.4215752757
5700.0,0.42500000000000004,N2,171.52936541328378,0.29601223518749287,499991.4215752757
5700.0,0.47500000000000003,CO2,30.26839027765847,0.9704033568694169,499990.41234883753
5700.0,0.47500000000000003,N2,171.5293654132838,0.29601223518749287,499990.41234883753
5700.0,0.525,CO2,30.266648218703235,0.9703671113237753,499989.4031223994
5700.0,0.525,N2,171.52936541328378,0.2960122351874928,499989.4031223994
5700.0,0.5750000000000001,CO2,30.26305801931193,0.9702927287877714,499988.3938959612
5700.0,0.5750000000000001,N2,171.5293654132838,0.29601223518749287,499988.3938959612
5700.0,0.625,CO2,30.25580488950913,0.97014302171022,499987.3846695231
5700.0,0.625,N2,171.5293654132838,0.2960122351874928,499987.3846695231
5700.0,0.675,CO2,30.241397190893462,0.9698465829879607,499986.3754430849
5700.0,0.675,N2,171.52936541328384,0.29601223518749287,499986.3754430849
5700.0,0.7250000000000001,CO2,30.21319246265241,0.9692676383962359,499985.3662166468
5700.0,0.7250000000000001,N2,171.5293654132838,0.2960122351874927,499985.3662166468
5700.0,0.775,CO2,30.158732423983707,0.96815100228083,499984.3569902086
5700.0,0.775,N2,171.52936541328373,0.29601223518749264,499984.3569902086
5700.0,0.8250000000000001,CO2,30.055303685549635,0.9660279203569729,499983.3477637705
5700.0,0.8250000000000001,N2,171.52936541328373,0.29601223518749253,499983.3477637705
5700.0,0.875,CO2,29.8646550246231,0.9620931188111852,499982.3385373323
5700.0,0.875,N2,171.5293654132837,0.2960122351874924,499982.3385373323
5700.0,0.925,CO2,29.53884630752207,0.955279457520555,499981.3293108942
5700.0,0.925,N2,171.52936541328367,0.29601223518749226,499981.3293108942
5700.0,0.9750000000000001,CO2,29.104733782158256,0.9459914202870892,499980.320084456
5700.0,0.9750000000000001,N2,171.52936541328367,0.29601223518749203,499980.320084456
5750.0,0.025,CO2,30.269887923563548,0.9704347806456001,499999.49538678094
5750.0,0.025,N2,171.5293654132838,0.2960122351874929,499999.49538678094
5750.0,0.07500000000000001,CO2,30.269887552673808,0.9704347726182759,499998.48616034276
5750.0,0.07500000000000001,N2,171.5293654132838,0.2960122351874929,499998.48616034276
5750.0,0.125,CO2,30.269886312666994,0.9704347458533555,499997.47693390463
5750.0,0.125,N2,171.52936541328384,0.2960122351874929,499997.47693390463
5750.0,0.17500000000000002,CO2,30.269882627689512,0.9704346665943951,499996.46770746645
5750.0,0.17500000000000002,N2,171.52936541328387,0.2960122351874929,499996.46770746645
5750.0,0.225,CO2,30.269872548217695,0.970434450693188,499995.4584810283
5750.0,0.225,N2,171.52936541328378,0.29601223518749287,499995.4584810283
5750.0,0.275,CO2,30.269846694117454,0.9704338994325286,499994.44925459014
5750.0,0.275,N2,171.52936541328376,0.29601223518749287,499994.44925459014
5750.0,0.325,CO2,30.26978376745397,0.9704325642190961,499993.440028152
5750.0,0.325,N2,171.52936541328378,0.29601223518749287,499993.440028152
5750.0,0.375,CO2,30.269637209862093,0.9704294699517321,499992.43080171384
5750.0,0.375,N2,171.5293654132838,0.29601223518749287,499992.43080171384
5750.0,0.42500000000000004,CO2,30.269308444165386,0.9704225631708102,499991.4215752757
5750.0,0.42500000000000004,N2,171.52936541328378,0.29601223518749287,499991.4215752757
5750.0,0.47500000000000003,CO2,30.26859427226562,0.9704076320540226,499990.41234883753
5750.0,0.47500000000000003,N2,171.5293654132838,0.29601223518749287,499990.41234883753
5750.0,0.525,CO2,30.267085054695197,0.970376223295733,499989.4031223994
5750.0,0.525,N2,171.52936541328376,0.29601223518749287,499989.4031223994
5750.0,0.5750000000000001,CO2,30.263969925856838,0.9703116672364724,499988.3938959612
5750.0,0.5750000000000001,N2,171.52936541328376,0.29601223518749287,499988.3938959612
5750.0,0.625,CO2,30.25766756701225,0.9701815538320386,499987.3846695231
5750.0,0.625,N2,171.52936541328378,0.2960122351874928,499987.3846695231
5750.0,0.675,CO2,30.245132151604064,0.9699235867427924,499986.3754430849
5750.0,0.675,N2,171.5293654132838,0.29601223518749287,499986.3754430849
5750.0,0.7250000000000001,CO2,30.220563948952307,0.9694192246480814,499985.3662166468
5750.0,0.7250000000000001,N2,171.52936541328378,0.29601223518749276,499985.3662166468
5750.0,0.775,CO2,30.173078213281837,0.9684455906681532,499984.3569902086
5750.0,0.775,N2,171.52936541328378,0.29601223518749276,499984.3569902086
5750.0,0.8250000000000001,CO2,30.082829540083356,0.9665934977927623,499983.3477637705
5750.0,0.8250000000000001,N2,171.52936541328376,0.2960122351874927,499983.3477637705
5750.0,0.875,CO2,29.916442382539238,0.963161922498756,499982.3385373323
5750.0,0.875,N2,171.52936541328373,0.29601223518749253,499982.3385373323
5750.0,0.925,CO2,29.63229525950087,0.9572301776612859,499981.3293108942
5750.0,0.925,N2,171.52936541328373,0.2960122351874924,499981.3293108942
5750.0,0.9750000000000001,CO2,29.254330947696435,0.9491741647914772,499980.320084456
5750.0,0.9750000000000001,N2,171.52936541328367,0.29601223518749226,499980.320084456
5800.0,0.025,CO2,30.269887936745764,0.9704347809317858,499999.49538678094
5800.0,0.025,N2,171.5293654132838,0.2960122351874929,499999.49538678094
5800.0,0.07500000000000001,CO2,30.269887619676666,0.9704347740706872,499998.48616034276
5800.0,0.07500000000000001,N2,171.52936541328378,0.2960122351874929,499998.48616034276
5800.0,0.125,CO2,30.269886558675033,0.970434751172969,499997.47693390463
5800.0,0.125,N2,171.52936541328384,0.2960122351874929,499997.47693390463
5800.0,0.17500000000000002,CO2,30.269883402040623,0.9704346832843213,499996.46770746645
5800.0,0.17500000000000002,N2,171.5293654132838,0.2960122351874929,499996.46770746645
5800.0,0.225,CO2,30.269874756011916,0.9704344980929805,499995.4584810283
5800.0,0.225,N2,171.5293654132838,0.29601223518749287,499995.4584810283
5800.0,0.275,CO2,30.269852545047943,0.9704340244955607,499994.44925459014
5800.0,0.275,N2,171.52936541328376,0.29601223518749287,499994.44925459014
5800.0,0.325,CO2,30.269798397427728,0.9704328754536309,499993.440028152
5800.0,0.325,N2,171.52936541328384,0.29601223518749287,499993.440028152
5800.0,0.375,CO2,30.26967207333141,0.970430207983914,499992.43080171384
5800.0,0.375,N2,171.5293654132838,0.29601223518749287,499992.43080171384
5800.0,0.42500000000000004,CO2,30.269388213127236,0.9704242434472348,499991.4215752757
5800.0,0.42500000000000004,N2,171.5293654132838,0.29601223518749287,499991.4215752757
5800.0,0.47500000000000003,CO2,30.268770552104037,0.9704113271784303,499990.41234883753
5800.0,0.47500000000000003,N2,171.52936541328378,0.29601223518749287,499990.41234883753
5800.0,0.525,CO2,30.267463169264907,0.970384112217939,499989.4031223994
5800.0,0.525,N2,171.52936541328378,0.29601223518749287,499989.4031223994
5800.0,0.5750000000000001,CO2,30.26476050500207,0.9703280898625624,499988.3938959612
5800.0,0.5750000000000001,N2,171.52936541328378,0.29601223518749287,499988.3938959612
5800.0,0.625,CO2,30.259284841840785,0.9702150169205782,499987.3846695231
5800.0,0.625,N2,171.52936541328378,0.2960122351874928,499987.3846695231
5800.0,0.675,CO2,30.24837959812035,0.9699905514692051,499986.3754430849
5800.0,0.675,N2,171.52936541328378,0.29601223518749287,499986.3754430849
5800.0,0.7250000000000001,CO2,30.22698170245845,0.9695512109372519,499985.3662166468
5800.0,0.7250000000000001,N2,171.52936541328376,0.2960122351874928,499985.3662166468
5800.0,0.775,CO2,30.18558347327504,0.9687023689007214,499984.3569902086
5800.0,0.775,N2,171.52936541328373,0.2960122351874928,499984.3569902086
5800.0,0.8250000000000001,CO2,30.1068516538459,0.9670869196061949,499983.3477637705
5800.0,0.8250000000000001,N2,171.52936541328378,0.29601223518749276,499983.3477637705
5800.0,0.875,CO2,29.961680219272317,0.9640947703560777,499982.3385373323
5800.0,0.875,N2,171.52936541328376,0.2960122351874927,499982.3385373323
5800.0,0.925,CO2,29.713957494220118,0.9589317118224422,499981.3293108942
5800.0,0.925,N2,171.52936541328373,0.29601223518749253,499981.3293108942
5800.0,0.9750000000000001,CO2,29.38500269593914,0.9519444814405482,499980.320084456
5800.0,0.9750000000000001,N2,171.5293654132837,0.2960122351874925,499980.320084456
5850.0,0.025,CO2,30.269887948003937,0.9704347811761395,499999.49538678094
5850.0,0.025,N2,171.5293654132838,0.2960122351874929,499999.49538678094
5850.0,0.07500000000000001,CO2,30.269887676927983,0.97043477531144,499998.48616034276
5850.0,0.07500000000000001,N2,171.52936541328378,0.2960122351874929,499998.48616034276
5850.0,0.125,CO2,30.269886769045446,0.9704347557211518,499997.47693390463
5850.0,0.125,N2,171.5293654132838,0.2960122351874929,499997.47693390463
5850.0,0.17500000000000002,CO2,30.269884064915853,0.9704346975697977,499996.46770746645
5850.0,0.17500000000000002,N2,171.52936541328378,0.2960122351874929,499996.46770746645
5850.0,0.225,CO2,30.269876648388557,0.9704345387184738,499995.4584810283
5850.0,0.225,N2,171.5293654132838,0.29601223518749287,499995.4584810283
5850.0,0.275,CO2,30.269857567376445,0.970434131847518,499994.44925459014
5850.0,0.275,N2,171.52936541328378,0.29601223518749287,499994.44925459014
5850.0,0.325,CO2,30.26981097537983,0.9704331430509273,499993.440028152
5850.0,0.325,N2,171.5293654132838,0.29601223518749287,499993.440028152
5850.0,0.375,CO2,30.26970209657935,0.9704308436283668,499992.43080171384
5850.0,0.375,N2,171.5293654132838,0.29601223518749287,499992.43080171384
5850.0,0.42500000000000004,CO2,30.26945702396017,0.9704256931408944,499991.4215752757
5850.0,0.42500000000000004,N2,171.5293654132838,0.29601223518749287,499991.4215752757
5850.0,0.47500000000000003,CO2,30.268922872783385,0.9704145207306563,499990.41234883753
5850.0,0.47500000000000003,N2,171.5293654132838,0.29601223518749287,499990.41234883753
5850.0,0.525,CO2,30.26779043102714,0.9703909417154021,499989.4031223994
5850.0,0.525,N2,171.5293654132838,0.29601223518749287,499989.4031223994
5850.0,0.5750000000000001,CO2,30.265445839857385,0.9703423296342337,499988.3938959612
5850.0,0.5750000000000001,N2,171.5293654132838,0.29601223518749287,499988.3938959612
5850.0,0.625,CO2,30.260688910743312,0.9702440751312532,499987.3846695231
5850.0,0.625,N2,171.52936541328378,0.29601223518749287,499987.3846695231
5850.0,0.675,CO2,30.25120286201443,0.9700487802689742,499986.3754430849
5850.0,0.675,N2,171.52936541328378,0.29601223518749287,499986.3754430849
5850.0,0.7250000000000001,CO2,30.232568410771105,0.9696661193211852,499985.3662166468
5850.0,0.7250000000000001,N2,171.52936541328376,0.2960122351874928,499985.3662166468
5850.0,0.775,CO2,30.19648253470344,0.968926161801043,499984.3569902086
5850.0,0.775,N2,171.5293654132838,0.2960122351874928,499984.3569902086
5850.0,0.8250000000000001,CO2,30.127810959574347,0.9675173191061947,499983.3477637705
5850.0,0.8250000000000001,N2,171.52936541328376,0.2960122351874928,499983.3477637705
5850.0,0.875,CO2,30.00118221461271,0.9649087587034869,499982.3385373323
5850.0,0.875,N2,171.52936541328376,0.29601223518749276,499982.3385373323
5850.0,0.925,CO2,29.785281091892525,0.9604154062641396,499981.3293108942
5850.0,0.925,N2,171.52936541328376,0.29601223518749264,499981.3293108942
5850.0,0.9750000000000001,CO2,29.499067342083613,0.9543550239886288,499980.320084456
5850.0,0.9750000000000001,N2,171.52936541328373,0.2960122351874926,499980.320084456
5900.0,0.025,CO2,30.269887957619197,0.9704347813847826,499999.49538678094
5900.0,0.025,N2,171.52936541328384,0.2960122351874929,499999.49538678094
5900.0,0.07500000000000001,CO2,30.269887725848104,0.9704347763714062,499998.48616034276
5900.0,0.07500000000000001,N2,171.52936541328378,0.2960122351874929,499998.48616034276
5900.0,0.125,CO2,30.269886948942705,0.9704347596098228,499997.47693390463
5900.0,0.125,N2,171.5293654132838,0.2960122351874929,499997.47693390463
5900.0,0.17500000000000002,CO2,30.269884632360355,0.9704347097971695,499996.46770746645
5900.0,0.17500000000000002,N2,171.5293654132838,0.2960122351874929,499996.46770746645
5900.0,0.225,CO2,30.2698782703727,0.9704345735370221,499995.4584810283
5900.0,0.225,N2,171.52936541328376,0.29601223518749287,499995.4584810283
5900.0,0.275,CO2,30.26986187826953,0.9704342239926088,499994.44925459014
5900.0,0.275,N2,171.5293654132838,0.29601223518749287,499994.44925459014
5900.0,0.325,CO2,30.269821788482275,0.970433373114849,499993.440028152
5900.0,0.325,N2,171.5293654132838,0.29601223518749287,499993.440028152
5900.0,0.375,CO2,30.269727949600075,0.9704313910454883,499992.43080171384
5900.0,0.375,N2,171.52936541328378,0.29601223518749287,499992.43080171384
5900.0,0.42500000000000004,CO2,30.269516376546182,0.9704269437748372,499991.4215752757
5900.0,0.42500000000000004,N2,171.5293654132838,0.29601223518749287,499991.4215752757
5900.0,0.47500000000000003,CO2,30.269054476909993,0.9704172804951204,499990.41234883753
5900.0,0.47500000000000003,N2,171.52936541328378,0.29601223518749287,499990.41234883753
5900.0,0.525,CO2,30.26807364658365,0.9703968533666775,499989.4031223994
5900.0,0.525,N2,171.5293654132838,0.29601223518749287,499989.4031223994
5900.0,0.5750000000000001,CO2,30.266039867698236,0.9703546751633224,499988.3938959612
5900.0,0.5750000000000001,N2,171.5293654132838,0.29601223518749287,499988.3938959612
5900.0,0.625,CO2,30.261907722086686,0.9702693050749641,499987.3846695231
5900.0,0.625,N2,171.5293654132838,0.29601223518749287,499987.3846695231
5900.0,0.675,CO2,30.25365700947295,0.9700994061688166,499986.3754430849
5900.0,0.675,N2,171.5293654132838,0.29601223518749287,499986.3754430849
5900.0,0.7250000000000001,CO2,30.237430936502765,0.9697661458476831,499985.3662166468
5900.0,0.7250000000000001,N2,171.52936541328378,0.2960122351874928,499985.3662166468
5900.0,0.775,CO2,30.2059799311274,0.9691211769260124,499984.3569902086
5900.0,0.775,N2,171.5293654132838,0.2960122351874928,499984.3569902086
5900.0,0.8250000000000001,CO2,30.146093418118095,0.967892675628756,499983.3477637705
5900.0,0.8250000000000001,N2,171.52936541328378,0.2960122351874928,499983.3477637705
5900.0,0.875,CO2,30.03566344945411,0.9656188567168514,499982.3385373323
5900.0,0.875,N2,171.52936541328378,0.2960122351874928,499982.3385373323
5900.0,0.925,CO2,29.84754459565679,0.9617087553128356,499981.3293108942
5900.0,0.925,N2,171.52936541328376,0.2960122351874927,499981.3293108942
5900.0,0.9750000000000001,CO2,29.59857676511834,0.9564519234658213,499980.320084456
5900.0,0.9750000000000001,N2,171.52936541328376,0.2960122351874927,499980.320084456
5950.0,0.025,CO2,30.26988796583197,0.9704347815629499,499999.49538678094
5950.0,0.025,N2,171.5293654132838,0.2960122351874929,499999.49538678094
5950.0,0.07500000000000001,CO2,30.26988776765256,0.9704347772769998,499998.48616034276
5950.0,0.07500000000000001,N2,171.52936541328384,0.2960122351874929,499998.48616034276
5950.0,0.125,CO2,30.26988710279059,0.9704347629348303,499997.47693390463
5950.0,0.125,N2,171.5293654132838,0.2960122351874929,499997.47693390463
5950.0,0.17500000000000002,CO2,30.269885118134905,0.9704347202634334,499996.46770746645
5950.0,0.17500000000000002,N2,171.5293654132838,0.2960122351874929,499996.46770746645
5950.0,0.225,CO2,30.26987966063574,0.970434603379428,499995.4584810283
5950.0,0.225,N2,171.52936541328378,0.29601223518749287,499995.4584810283
5950.0,0.275,CO2,30.2698655785263,0.9704343030852696,499994.44925459014
5950.0,0.275,N2,171.5293654132838,0.29601223518749287,499994.44925459014
5950.0,0.325,CO2,30.269831084230496,0.9704335709064349,499993.440028152
5950.0,0.325,N2,171.5293654132838,0.29601223518749287,499993.440028152
5950.0,0.375,CO2,30.269750210885952,0.9704318624637185,499992.43080171384
5950.0,0.375,N2,171.52936541328378,0.29601223518749287,499992.43080171384
5950.0,0.42500000000000004,CO2,30.26956756833808,0.9704280226233389,499991.4215752757
5950.0,0.42500000000000004,N2,171.52936541328378,0.29601223518749287,499991.4215752757
5950.0,0.47500000000000003,CO2,30.26916817459077,0.9704196652292812,499990.41234883753
5950.0,0.47500000000000003,N2,171.52936541328378,0.29601223518749287,499990.41234883753
5950.0,0.525,CO2,30.268318725064496,0.9704019701135107,499989.4031223994
5950.0,0.525,N2,171.52936541328378,0.29601223518749287,499989.4031223994
5950.0,0.5750000000000001,CO2,30.2665547083601,0.9703653774839373,499988.3938959612
5950.0,0.5750000000000001,N2,171.52936541328378,0.29601223518749287,499988.3938959612
5950.0,0.625,CO2,30.262965618209606,0.9702912090486685,499987.3846695231
5950.0,0.625,N2,171.52936541328378,0.29601223518749287,499987.3846695231
5950.0,0.675,CO2,30.25579007519119,0.9701434175504354,499986.3754430849
5950.0,0.675,N2,171.5293654132838,0.29601223518749287,499986.3754430849
5950.0,0.7250000000000001,CO2,30.241662643063847,0.9698532087568468,499985.3662166468
5950.0,0.7250000000000001,N2,171.52936541328387,0.2960122351874928,499985.3662166468
5950.0,0.775,CO2,30.214254675446227,0.9692910945739486,499984.3569902086
5950.0,0.775,N2,171.5293654132838,0.29601223518749287,499984.3569902086
5950.0,0.8250000000000001,CO2,30.16203757004484,0.9682199793454284,499983.3477637705
5950.0,0.8250000000000001,N2,171.52936541328378,0.2960122351874928,499983.3477637705
5950.0,0.875,CO2,30.065752800911035,0.9662382000595247,499982.3385373323
5950.0,0.875,N2,171.52936541328373,0.29601223518749287,499982.3385373323
5950.0,0.925,CO2,29.901875032927236,0.9628359092941879,499981.3293108942
5950.0,0.925,N2,171.5293654132838,0.29601223518749276,499981.3293108942
5950.0,0.9750000000000001,CO2,29.685339760278477,0.9582756390366357,499980.320084456
5950.0,0.9750000000000001,N2,171.52936541328378,0.29601223518749276,499980.320084456
6000.0,0.025,CO2,30.269887972847748,0.9704347817151135,499999.49538678094
6000.0,0.025,N2,171.52936541328378,0.2960122351874929,499999.49538678094
6000.0,0.07500000000000001,CO2,30.26988780338063,0.970434778050799,499998.48616034276
6000.0,0.07500000000000001,N2,171.52936541328378,0.2960122351874929,499998.48616034276
6000.0,0.125,CO2,30.26988723437504,0.9704347657781851,499997.47693390463
6000.0,0.125,N2,171.52936541328384,0.2960122351874929,499997.47693390463
6000.0,0.17500000000000002,CO2,30.26988553403038,0.9704347292230366,499996.46770746645
6000.0,0.17500000000000002,N2,171.52936541328384,0.2960122351874929,499996.46770746645
6000.0,0.225,CO2,30.26988085236176,0.9704346289585679,499995.4584810283
6000.0,0.225,N2,171.5293654132838,0.29601223518749287,499995.4584810283
6000.0,0.275,CO2,30.269868754785993,0.9704343709773323,499994.44925459014
6000.0,0.275,N2,171.52936541328378,0.29601223518749287,499994.44925459014
6000.0,0.325,CO2,30.269839075732012,0.9704337409561634,499993.440028152
6000.0,0.325,N2,171.5293654132838,0.29601223518749287,499993.440028152
6000.0,0.375,CO2,30.269769379474294,0.9704322684335998,499992.43080171384
6000.0,0.375,N2,171.5293654132838,0.29601223518749287,499992.43080171384
6000.0,0.42500000000000004,CO2,30.26961172067758,0.9704289532634639,499991.4215752757
6000.0,0.42500000000000004,N2,171.5293654132838,0.29601223518749287,499991.4215752757
6000.0,0.47500000000000003,CO2,30.269266398967048,0.9704217258207479,499990.41234883753
6000.0,0.47500000000000003,N2,171.5293654132838,0.29601223518749287,499990.41234883753
6000.0,0.525,CO2,30.268530791980638,0.9704063986210641,499989.4031223994
6000.0,0.525,N2,171.5293654132838,0.29601223518749287,499989.4031223994
6000.0,0.5750000000000001,CO2,30.267000892138533,0.9703746547577701,499988.3938959612
6000.0,0.5750000000000001,N2,171.52936541328378,0.29601223518749287,499988.3938959612
6000.0,0.625,CO2,30.263883782582173,0.9703102242429188,499987.3846695231
6000.0,0.625,N2,171.52936541328378,0.29601223518749287,499987.3846695231
6000.0,0.675,CO2,30.257643924753143,0.9701816758931308,499986.3754430849
6000.0,0.675,N2,171.52936541328376,0.29601223518749287,499986.3754430849
6000.0,0.7250000000000001,CO2,30.245345031890125,0.9699289822080986,499985.3662166468
6000.0,0.7250000000000001,N2,171.52936541328378,0.2960122351874928,499985.3662166468
6000.0,0.775,CO2,30.221463322164716,0.9694391310068315,499984.3569902086
6000.0,0.775,N2,171.52936541328378,0.29601223518749287,499984.3569902086
6000.0,0.8250000000000001,CO2,30.175940196468,0.9685053477546322,499983.3477637705
6000.0,0.8250000000000001,N2,171.52936541328376,0.29601223518749287,499983.3477637705
6000.0,0.875,CO2,30.09200344583925,0.9667783007992996,499982.3385373323
6000.0,0.875,N2,171.52936541328376,0.29601223518749287,499982.3385373323
6000.0,0.925,CO2,29.949268397817253,0.9638180441124545,499981.3293108942
6000.0,0.925,N2,171.52936541328376,0.29601223518749276,499981.3293108942
6000.0,0.9750000000000001,CO2,29.760964785103646,0.9598615735007787,499980.320084456
6000.0,0.9750000000000001,N2,171.52936541328378,0.2960122351874928,499980.320084456
