cycle,step,time_s,pressure_kpa,co2_partial_kpa,co2_mole_fraction,co2_loading_cm3_stp_g,n2_loading_cm3_stp_g,open_fraction,solid_volume_l,co2_rate_cm3_stp_g_s
1,adsorption,0.0,99.99999999999999,5.0,0.05,1.0,1.0,0.0,1.0,0.0
1,adsorption,2.0,100.04629012214035,8.64784785308865,0.08643846605937136,1.0685249198322224,1.0,0.07254515468758103,1.003627257734379,0.055214722259668766
1,adsorption,4.0,100.04711012665757,9.41171297450096,0.09407281192416177,1.1663182955142928,1.0,0.05939494912952889,1.0029697474564765,0.04300169441074669
1,adsorption,6.0,100.04720883414173,10.018859598101521,0.10014132043114554,1.2477197056667855,1.0,0.059663660177628995,1.0029831830088813,0.04158326082521491
1,adsorption,8.0,100.04726966719655,10.070930986888138,0.10066172740534259,1.3295493335401223,1.0,0.06079477983968553,1.0030397389919843,0.04082894160415227
1,adsorption,10.0,100.04726079015076,10.074681435691641,0.10069922310839971,1.4114702554847003,1.0,0.0630711550721381,1.0031535577536068,0.04096609584657372
1,adsorption,12.0,100.04726155752252,10.075424130023507,0.10070664577091505,1.4933870064149595,1.0,0.065151671381311,1.0032575835690658,0.040950563549123395
1,adsorption,14.0,100.04726291024198,10.077601535911713,0.1007284081819699,1.575265317328169,1.0,0.06722560335028838,1.0033612801675145,0.04093066426666155
1,adsorption,16.0,100.04726397781417,10.079694856993623,0.10074933042875446,1.657111045160359,1.0,0.06930381908233102,1.0034651909541166,0.040914757981011025
1,adsorption,18.0,100.0472650618499,10.081763199981411,0.10077000299557212,1.7389243702473722,1.0,0.07138079600665709,1.003569039800333,0.04089853348024509
1,adsorption,20.0,100.04726615016125,10.08383521194733,0.10079071223008203,1.820705151478427,1.0,0.07345687434765678,1.0036728437173827,0.04088225896160376
1,adsorption,22.0,100.04726723724028,10.085906442514878,0.10081141365509115,1.9024534130527426,1.0,0.0755321425734616,1.0037766071286731,0.0408660029462452
1,adsorption,24.0,100.0472683239127,10.087976734631082,0.10083210569998055,1.9841691684638383,1.0,0.07760658466081283,1.0038803292330407,0.04084975266615725
1,adsorption,26.0,100.04726941021093,10.090046214577324,0.10085278962693534,2.0658524285700897,1.0,0.07968020075620245,1.0039840100378101,0.04083350801843614
1,adsorption,28.0,100.04727049613435,10.092114878229319,0.10087346539473319,2.147503204780363,1.0,0.08175299114937735,1.0040876495574689,0.04081726900090708
1,adsorption,30.0,100.04727158167753,10.09418271784946,0.10089413292604063,2.229121508507501,1.0,0.08382495620344839,1.0041912478101724,0.04080103566853973
1,adsorption,32.0,100.04727266683949,10.096249734400567,0.10091479223048282,2.310707351359679,1.0,0.08589609623852257,1.0042948048119262,0.04078480803885403
1,adsorption,34.0,100.04727375161889,10.098315926995475,0.10093544329919407,2.3922607446872477,1.0,0.0879664115658279,1.0043983205782914,0.04076858612760083
1,adsorption,36.0,100.04727483601577,10.100381296508354,0.10095608614091248,2.4737816998989945,1.0,0.09003590247958525,1.0045017951239792,0.04075236993609662
1,adsorption,38.0,100.04727592003049,10.10244584338271,0.10097672076007116,2.55527022834381,1.0,0.09210456926524789,1.0046052284632627,0.04073615946001717
1,adsorption,40.0,100.04727700366313,10.104509567871597,0.10099734715919985,2.6367263415504665,1.0,0.0941724122160107,1.0047086206108007,0.040719954697479036
1,adsorption,42.0,100.04727808691378,10.10657247027469,0.1010179653412943,2.718150050943745,1.0,0.09623943162293572,1.0048119715811468,0.04070375564701498
1,adsorption,44.0,100.04727916978261,10.108634550885776,0.10103857530929133,2.7995413679465595,1.0,0.09830562777695512,1.0049152813888478,0.04068756230709381
1,adsorption,46.0,100.04728025226962,10.110695809995516,0.10105917706609668,2.880900303978435,1.0,0.10037100096892237,1.005018550048446,0.040671374676190766
1,adsorption,48.0,100.04728133437497,10.11275624789231,0.10107977061459335,2.9622268704560284,1.0,0.10243555148966087,1.005121777574483,0.04065519275281492
1,adsorption,50.0,100.04728241609878,10.114815864863754,0.1011003559576563,3.0435210787931073,1.0,0.10449927962996937,1.0052249639814985,0.040639016535513973
1,adsorption,52.0,100.04728349744109,10.116874661197782,0.10112093309816396,3.124782940400543,1.0,0.10656218568061056,1.0053281092840307,0.04062284602286538
1,adsorption,54.0,100.04728457840201,10.11893263718346,0.10114150203900599,3.2060124666863077,1.0,0.10862426993228984,1.0054312134966148,0.04060668121345993
1,adsorption,56.0,100.04728565898161,10.120989793111026,0.10116206278308391,3.2872096690554775,1.0,0.11068553267563255,1.0055342766337816,0.04059052210588385
1,adsorption,58.0,100.04728673918007,10.123046129271536,0.10118261533330712,3.368374558910238,1.0,0.11274597420117298,1.0056372987100586,0.04057436869871018
1,adsorption,60.0,100.04728781899743,10.125101645956216,0.10120315969258707,3.449507147649878,1.0,0.11480559479934872,1.0057402797399675,0.040558220990494456
1,adsorption,62.0,100.04728889843378,10.127156343456042,0.10122369586383244,3.530607446670803,1.0,0.11686439476050922,1.0058432197380256,0.040542078979781154
1,adsorption,64.0,100.04728997748923,10.129210222061417,0.10124422384994639,3.6116754673665232,1.0,0.11892237437492278,1.0059461187187462,0.04052594266510931
1,adsorption,66.0,100.04729105616389,10.131263282062136,0.10126474365382583,3.6927112211276643,1.0,0.12097953393278586,1.0060489766966394,0.04050981204501969
1,adsorption,68.0,100.0472921344578,10.133315523747605,0.10128525527836389,3.773714719341956,1.0,0.12303587372422907,1.0061517936862114,0.040493687118059556
1,adsorption,70.0,100.04729321237109,10.13536694740704,0.10130575872645171,3.8546859733942385,1.0,0.1250913940393159,1.0062545697019658,0.040477567882781625
1,adsorption,72.0,100.047294289904,10.137417553329657,0.10132625400098047,3.93562499466646,1.0,0.12714609516804304,1.0063573047584025,0.04046145433774437
1,adsorption,74.0,100.04729536705638,10.139467341804783,0.10134674110484264,4.016531794537672,1.0,0.1291999774003341,1.0064599988700167,0.04044534648150717
1,adsorption,76.0,100.04729644382843,10.141516313121949,0.10136722004093238,4.097406384384035,1.0,0.1312530410260381,1.0065626520513018,0.04042924431262904
1,adsorption,78.0,100.0472975202203,10.14356446757069,0.10138769081214412,4.178248775578814,1.0,0.13330528633492678,1.0066652643167464,0.04041314782966661
1,adsorption,80.0,100.04729859623205,10.14561180544051,0.10140815342137194,4.259058979492384,1.0,0.13535671361669402,1.0067678356808347,0.04039705703117366
1,adsorption,82.0,100.04729967186375,10.147658327020832,0.10142860787150912,4.339837007492224,1.0,0.13740732316095716,1.0068703661580478,0.04038097191570211
1,adsorption,84.0,100.04730074711554,10.149704032600917,0.10144905416544726,4.4205828709429245,1.0,0.1394571152572578,1.006972855762863,0.0403648924818026
1,adsorption,86.0,100.04730182198746,10.151748922469864,0.10146949230607644,4.501296581206179,1.0,0.14150609019506327,1.0070753045097531,0.04034881872802576
1,adsorption,88.0,100.04730289647966,10.153792996916602,0.10148992229628491,4.581978149640791,1.0,0.1435542482637691,1.0071777124131884,0.04033275065292411
1,adsorption,90.0,100.04730397059221,10.155836256230003,0.10151034413896048,4.6626275876026675,1.0,0.1456015897526981,1.0072800794876349,0.04031668825505118
1,adsorption,92.0,100.04730504432519,10.157878700698888,0.10153075783699038,4.743244906444824,1.0,0.1476481149510983,1.0073824057475549,0.04030063153296019
1,adsorption,94.0,100.04730611767877,10.159920330612035,0.10155116339326135,4.823830117517382,1.0,0.14969382414814555,1.0074846912074074,0.04028458048520592
1,adsorption,96.0,100.047307190653,10.161961146258163,0.10157156081065971,4.904383232167566,1.0,0.1517387176329412,1.0075869358816472,0.04026853511034281
1,adsorption,98.0,100.04730826324788,10.164001147925962,0.10159195009207139,4.984904261739711,1.0,0.1537827956945089,1.0076891397847254,0.04025249540692272
1,adsorption,100.0,100.04730933546374,10.166040335904045,0.10161233124038142,5.065393217575255,1.0,0.15582605862180066,1.0077913029310903,0.04023646137349942
1,adsorption,102.0,100.0473104073004,10.168078710480929,0.10163270425847418,5.1458501110127415,1.0,0.1578685067036926,1.0078934253351846,0.040220433008625385
1,adsorption,104.0,100.04731147875819,10.170116271945096,0.10165306914923339,5.2262749533878194,1.0,0.15991014022898664,1.0079955070114492,0.0402044103108532
1,adsorption,106.0,100.04731254983707,10.17215302058489,0.10167342591554154,5.306667756033248,1.0,0.16195095948641022,1.0080975479743206,0.04018839327873503
1,adsorption,108.0,100.04731362053722,10.17418895668858,0.10169377456028036,5.387028530278883,1.0,0.16399096476461567,1.0081995482382309,0.040172381910822556
1,adsorption,110.0,100.04731469085867,10.176224080544332,0.10171411508633058,5.467357287451694,1.0,0.16603015635218246,1.0083015078176092,0.04015637620566843
1,adsorption,112.0,100.04731576080158,10.178258392440272,0.10173444749657244,5.547654038875753,1.0,0.1680685345376177,1.0084034267268809,0.04014037616182676
1,adsorption,114.0,100.04731683036592,10.180291892664464,0.10175477179388569,5.627918795872233,1.0,0.17010609960935036,1.0085053049804675,0.040124381777848606
1,adsorption,116.0,100.0473178995519,10.182324581504853,0.10177508798114876,5.708151569759417,1.0,0.17214285185573822,1.008607142592787,0.040108393052287465
1,adsorption,118.0,100.04731896835965,10.1843564592494,0.10179539606124019,5.788352371852694,1.0,0.17417879156506533,1.0087089395782534,0.04009240998369709
1,adsorption,120.0,100.04732003678916,10.186387526185989,0.10181569603703805,5.868521213464549,1.0,0.17621391902553607,1.0088106959512768,0.040076432570627145
1,adsorption,122.0,100.04732110484052,10.188417782602329,0.10183598791141835,5.948658105904579,1.0,0.17824823452528646,1.0089124117262642,0.040060460811631844
1,adsorption,124.0,100.04732217251403,10.190447228786148,0.10185627168725728,6.028763060479483,1.0,0.18028173835237332,1.009014086917619,0.04004449470526153
1,adsorption,126.0,100.04732323980953,10.192475865025017,0.1018765473674298,6.108836088493066,1.0,0.18231443079478266,1.009115721539739,0.04002853425006915
1,adsorption,128.0,100.04732430672725,10.194503691606485,0.10189681495481034,6.188877201246237,1.0,0.18434631214042502,1.0092173156070212,0.04001257944460677
1,adsorption,130.0,100.04732537326727,10.196530708818011,0.1019170744522725,6.268886410037005,1.0,0.18637738267713655,1.0093188691338568,0.03999663028742639
1,adsorption,132.0,100.04732643942967,10.198556916946993,0.1019373258626893,6.34886372616049,1.0,0.18840764269267937,1.009420382134634,0.03998068677708012
1,adsorption,134.0,100.04732750521457,10.200582316280737,0.10195756918893283,6.428809160908909,1.0,0.19043709247474103,1.009521854623737,0.03996474891211984
1,adsorption,136.0,100.0473285706221,10.202606907106503,0.10197780443387469,6.5087227255715865,1.0,0.19246573231093472,1.009623286615547,0.03994881669109735
1,adsorption,138.0,100.04732963565223,10.204630689711442,0.10199803160038548,6.58860443143495,1.0,0.19449356248879954,1.00972467812444,0.039932890112564644
1,adsorption,140.0,100.0473307003052,10.206653664382655,0.10201825069133523,6.668454289782531,1.0,0.19652058329579983,1.00982602916479,0.03991696917507324
1,adsorption,142.0,100.04733176458099,10.20867583140716,0.10203846170959315,6.748272311894964,1.0,0.19854679501932582,1.0099273397509665,0.03990105387717485
1,adsorption,144.0,100.04733282847968,10.2106971910719,0.10205866465802775,6.828058509049986,1.0,0.20057219794669334,1.0100286098973346,0.0398851442174211
1,adsorption,146.0,100.04733389200163,10.212717743663754,0.10207885953950661,6.907812892522437,1.0,0.202596792365144,1.0101298396182574,0.03986924019436358
1,adsorption,148.0,100.04733495514661,10.214737489469497,0.10209904635689682,6.987535473584263,1.0,0.20462057856184515,1.0102310289280922,0.03985334180655396
1,adsorption,150.0,100.04733601791487,10.216756428775872,0.10211922511306466,7.06722626350451,1.0,0.20664355682388946,1.0103321778411944,0.03983744905254356
1,adsorption,152.0,100.04733708030653,10.218774561869505,0.10213939581087546,7.146885273549328,1.0,0.20866572743829545,1.0104332863719148,0.03982156193088389
1,adsorption,154.0,100.0473381423216,10.220791889036981,0.10215955845319412,7.226512514981972,1.0,0.21068709069200744,1.0105343545346004,0.03980568044012636
1,adsorption,156.0,100.04733920396026,10.222808410564793,0.10217971304288455,7.306107999062794,1.0,0.21270764687189497,1.0106353823435947,0.03978980457882222
1,adsorption,158.0,100.04734026522254,10.224824126739373,0.10219985958281018,7.385671737049256,1.0,0.21472739626475396,1.0107363698132377,0.03977393434552298
1,adsorption,160.0,100.04734132610855,10.226839037847055,0.10221999807583332,7.465203740195914,1.0,0.216746339157305,1.0108373169578653,0.03975806973877963
1,adsorption,162.0,100.04734238661848,10.228853144174138,0.10224012852481595,7.544704019754436,1.0,0.21876447583619504,1.0109382237918099,0.03974221075714341
1,adsorption,164.0,100.04734344675228,10.230866446006791,0.10226025093261891,7.624172586973586,1.0,0.22078180658799637,1.0110390903293998,0.03972635739916545
1,adsorption,166.0,100.04734450651013,10.232878943631176,0.10228036530210274,7.7036094530992285,1.0,0.22279833169920715,1.0111399165849604,0.03971050966339702
1,adsorption,168.0,100.04734556589212,10.234890637333326,0.10230047163612684,7.783014629374339,1.0,0.22481405145625072,1.0112407025728125,0.039694667548388796
1,adsorption,170.0,100.04734662489835,10.236901527399219,0.10232056993755,7.862388127038985,1.0,0.22682896614547624,1.011341448307274,0.039678831052691786
1,adsorption,172.0,100.04734768352887,10.238911614114745,0.1023406602092302,7.941729957330338,1.0,0.22884307605315884,1.011442153802658,0.039663000174857146
1,adsorption,174.0,100.04734874178386,10.240920897765749,0.10236074245402489,8.021040131482678,1.0,0.2308563814654993,1.011542819073275,0.039647174913435924
1,adsorption,176.0,100.04734979966338,10.242929378637987,0.10238081667479064,8.100318660727382,1.0,0.23286888266862343,1.0116434441334312,0.039631355266978634
1,adsorption,178.0,100.04735085716747,10.24493705701713,0.10240088287438322,8.179565556292925,1.0,0.23488057994858297,1.011744028997429,0.039615541234036204
1,adsorption,180.0,100.0473519142963,10.24694393318879,0.10242094105565774,8.258780829404895,1.0,0.23689147359135554,1.0118445736795678,0.03959973281315944
1,adsorption,182.0,100.04735297104992,10.248950007438488,0.10244099122146853,8.337964491285966,1.0,0.2389015638828439,1.0119450781941421,0.039583930002898914
1,adsorption,184.0,100.04735402742844,10.250955280051688,0.10246103337466916,8.417116553155925,1.0,0.2409108511088769,1.0120455425554438,0.039568132801805475
1,adsorption,186.0,100.04735508343202,10.252959751313782,0.10248106751811259,8.496237026231658,1.0,0.24291933555520862,1.0121459667777604,0.03955234120842957
1,adsorption,188.0,100.04735613906068,10.254963421510062,0.10250109365465083,8.57532592172715,1.0,0.24492701750751894,1.0122463508753758,0.039536555221321795
1,adsorption,190.0,100.0473571943145,10.256966290925767,0.10252111178713524,8.654383250853481,1.0,0.24693389725141326,1.0123466948625706,0.03952077483903271
1,adsorption,192.0,100.04735824919364,10.25896835984606,0.10254112191841651,8.73340902481885,1.0,0.2489399750724228,1.0124469987536213,0.03950500006011281
1,adsorption,194.0,100.04735930369819,10.260969628556012,0.10256112405134435,8.812403254828538,1.0,0.2509452512560042,1.0125472625628003,0.03948923088311252
1,adsorption,196.0,100.04736035782828,10.262970097340645,0.102581118188768,8.891365952084938,1.0,0.25294972608753996,1.012647486304377,0.039473467306582445
1,adsorption,198.0,100.04736141158388,10.264969766484892,0.10260110433353592,8.970297127787537,1.0,0.2549533998523378,1.0127476699926168,0.03945770932907272
1,adsorption,200.0,100.0473624649652,10.26696863627363,0.10262108248849577,9.049196793132932,1.0,0.2569562728356313,1.0128478136417816,0.03944195694913382
1,adsorption,202.0,100.0473635179722,10.268966706991625,0.10264105265649442,9.12806495931481,1.0,0.25895834532257916,1.0129479172661289,0.03942621016531555
1,adsorption,204.0,100.04736457060521,10.270963978923598,0.10266101484037789,9.206901637523966,1.0,0.26095961759826664,1.0130479808799133,0.03941046897616867
1,adsorption,206.0,100.04736562286415,10.272960452354184,0.10268096904299169,9.28570683894829,1.0,0.26296008994770387,1.0131480044973853,0.03939473338024322
1,adsorption,208.0,100.04736667474917,10.27495612756796,0.10270091526718057,9.364480574772777,1.0,0.26495976265582644,1.0132479881327914,0.039379003376089086
1,adsorption,210.0,100.04736772626035,10.276951004849392,0.10272085351578827,9.443222856179519,1.0,0.2669586360074964,1.0133479318003749,0.039363278962256845
1,adsorption,212.0,100.04736877739779,10.278945084482917,0.10274078379165814,9.52193369434771,1.0,0.26895671028750034,1.013447835514375,0.03934756013729608
1,adsorption,214.0,100.04736982816155,10.280938366752846,0.10276070609763241,9.600613100453645,1.0,0.2709539857805518,1.0135476992890275,0.03933184689975756
1,adsorption,216.0,100.04737087855186,10.282930851943487,0.10278062043655303,9.679261085670714,1.0,0.27295046277128776,1.0136475231385644,0.039316139248190204
1,adsorption,218.0,100.0473719285687,10.284922540338995,0.1028005268112607,9.757877661169411,1.0,0.2749461415442731,1.0137473070772136,0.03930043718114483
1,adsorption,220.0,100.04737297821217,10.286913432223509,0.10282042522459577,9.836462838117331,1.0,0.2769410223839972,1.0138470511192,0.0392847406971712
1,adsorption,222.0,100.0473740274824,10.288903527881072,0.10284031567939778,9.915016627679169,1.0,0.2789351055748749,1.0139467552787438,0.03926904979481904
1,adsorption,224.0,100.04737507637945,10.290892827595641,0.10286019817850531,9.993539041016712,1.0,0.2809283914012466,1.0140464195700623,0.039253364472638115
1,adsorption,226.0,100.04737612490342,10.292881331651119,0.10288007272475637,10.072030089288857,1.0,0.28292088014737865,1.0141460440073689,0.03923768472917824
1,adsorption,228.0,100.04737717305456,10.294869040331324,0.10289993932098809,10.150489783651595,1.0,0.28491257209746307,1.0142456286048733,0.039222010562989296
1,adsorption,230.0,100.04737822083273,10.296855953919996,0.10291979797003711,10.228918135258018,1.0,0.2869034675356169,1.0143451733767808,0.03920634197262083
1,adsorption,232.0,100.04737926823817,10.298842072700813,0.10293964867473908,10.307315155258316,1.0,0.2888935667458836,1.0144446783372942,0.03919067895662295
1,adsorption,234.0,100.04738031527096,10.300827396957368,0.102959491437929,10.385680854799778,1.0,0.2908828700122311,1.0145441435006115,0.03917502151354477
1,adsorption,236.0,100.0473813619311,10.302811926973169,0.10297932626244105,10.464015245026797,1.0,0.29287137761855414,1.0146435688809277,0.039159369641936316
1,adsorption,238.0,100.04738240821884,10.304795663031681,0.10299915315110882,10.542318337080859,1.0,0.2948590898486721,1.0147429544924336,0.039143723340347096
1,adsorption,240.0,100.04738345413423,10.30677860541629,0.10301897210676515,10.620590142100555,1.0,0.29684600698633,1.0148423003493166,0.03912808260732635
1,adsorption,242.0,100.04738449967729,10.308760754410262,0.10303878313224182,10.69883067122157,1.0,0.2988321293151992,1.01494160646576,0.039112447441423996
1,adsorption,244.0,100.04738554484817,10.310742110296845,0.10305858623037037,10.777039935576688,1.0,0.30081745711887586,1.015040872855944,0.039096817841189443
1,adsorption,246.0,100.04738658964696,10.31272267335918,0.10307838140398119,10.855217946295797,1.0,0.3028019906808818,1.015140099534044,0.03908119380517191
1,adsorption,248.0,100.04738763407376,10.314702443880346,0.10309816865590404,10.93336471450588,1.0,0.3047857302846647,1.0152392865142332,0.03906557533192094
1,adsorption,250.0,100.04738867812868,10.316681422143335,0.10311794798896795,11.011480251331015,1.0,0.30676867621359766,1.01533843381068,0.0390499624199859
1,adsorption,252.0,100.04738972181184,10.318659608431085,0.10313771940600128,11.08956456789239,1.0,0.30875082875097987,1.015437541437549,0.039034355067916526
1,adsorption,254.0,100.04739076512325,10.320637003026437,0.10315748290983151,11.167617675308282,1.0,0.3107321881800342,1.015536609409002,0.03901875327426104
1,adsorption,256.0,100.04739180806308,10.322613606212165,0.10317723850328538,11.245639584694066,1.0,0.3127127547839119,1.0156356377391957,0.03900315703757001
1,adsorption,258.0,100.04739285063143,10.324589418271,0.10319698618918922,11.323630307162222,1.0,0.3146925288456885,1.0157346264422844,0.03898756635639259
1,adsorption,260.0,100.04739389282837,10.326564439485566,0.10321672597036832,11.401589853822331,1.0,0.31667151064836363,1.0158335755324182,0.03897198122927704
1,adsorption,262.0,100.04739493465395,10.328538670138393,0.10323645784964704,11.47951823578106,1.0,0.31864970047486435,1.0159324850237432,0.038956401654773036
1,adsorption,264.0,100.0473959761083,10.330512110511963,0.10325618182984919,11.557415464142187,1.0,0.3206270986080425,1.016031354930402,0.038940827631429475
1,adsorption,266.0,100.04739701719163,10.332484760888688,0.10327589791379788,11.635281550006578,1.0,0.32260370533067645,1.0161301852665339,0.03892525915779613
1,adsorption,268.0,100.04739805790389,10.334456621550906,0.10329560610431555,11.713116504472206,1.0,0.32457952092546954,1.0162289760462735,0.038909696232422186
1,adsorption,270.0,100.04739909824524,10.336427692780873,0.10331530640422383,11.79092033863413,1.0,0.3265545456750491,1.0163277272837525,0.03889413885385573
1,adsorption,272.0,100.04740013821575,10.338397974860762,0.10333499881634343,11.868693063584526,1.0,0.32852877986197043,1.0164264389930986,0.03887858702064645
1,adsorption,274.0,100.04740117781553,10.340367468072683,0.10335468334349451,11.946434690412646,1.0,0.3305022237687133,1.0165251111884357,0.038863040731343466
1,adsorption,276.0,100.04740221704465,10.342336172698678,0.1033743599884965,12.024145230204859,1.0,0.33247487767768297,1.016623743883884,0.03884749998449558
1,adsorption,278.0,100.04740325590332,10.344304089020701,0.10339402875416791,12.101824694044625,1.0,0.3344467418712104,1.0167223370935605,0.038831964778651626
1,adsorption,280.0,100.04740429439151,10.346271217320632,0.10341368964332667,12.179473093012499,1.0,0.33641781663155235,1.0168208908315777,0.038816435112360916
1,adsorption,282.0,100.0474053325093,10.348237557880276,0.1034333426587899,12.257090438186129,1.0,0.3383881022408904,1.0169194051120445,0.03880091098417197
1,adsorption,284.0,100.04740637025691,10.350203110981388,0.10345298780337397,12.334676740640274,1.0,0.3403575989813323,1.0170178799490666,0.03878539239263374
1,adsorption,286.0,100.04740740763444,10.352167876905613,0.10347262507989445,12.412232011446786,1.0,0.3423263071349116,1.0171163153567455,0.038769879336295325
1,adsorption,288.0,100.04740844464187,10.354131855934543,0.10349225449116636,12.489756261674614,1.0,0.34429422698358675,1.0172147113491794,0.03875437181370542
1,adsorption,290.0,100.04740948127929,10.35609504834968,0.10351187604000377,12.5672495023898,1.0,0.34626135880924186,1.017313067940462,0.03873886982341269
1,adsorption,292.0,100.04741051754694,10.35805745443248,0.1035314897292201,12.644711744655485,1.0,0.3482277028936868,1.0174113851446847,0.038723373363966036
1,adsorption,294.0,100.04741155344475,10.360019074464285,0.103551095561628,12.722142999531917,1.0,0.35019325951865715,1.0175096629759328,0.038707882433914285
1,adsorption,296.0,100.04741258897297,10.361979908726392,0.10357069354003932,12.799543278076428,1.0,0.3521580289658138,1.0176079014482906,0.03869239703180623
1,adsorption,298.0,100.04741362413164,10.363939957500031,0.10359028366726541,12.876912591343459,1.0,0.3541220115167432,1.0177061005758372,0.0386769171561906
1,adsorption,300.0,100.04741465892077,10.365899221066336,0.10360986594611674,12.954250950384543,1.0,0.35608520745295685,1.0178042603726478,0.03866144280561554
1,adsorption,302.0,100.04741569334062,10.36785769970636,0.1036294403794027,13.031558366248305,1.0,0.3580476170558929,1.017902380852795,0.03864597397863042
1,adsorption,304.0,100.04741672739108,10.369815393701094,0.10364900696993246,13.108834849980477,1.0,0.36000924060691364,1.0180004620303458,0.03863051067378314
1,adsorption,306.0,100.04741776107241,10.371772303331454,0.10366856572051399,13.186080412623882,1.0,0.36197007838730794,1.0180985039193653,0.03861505288962258
1,adsorption,308.0,100.0474187943847,10.373728428878279,0.10368811663395479,13.263295065218443,1.0,0.36393013067829016,1.0181965065339145,0.038599600624697486
1,adsorption,310.0,100.047419827328,10.375683770622345,0.10370765971306162,13.34047881880118,1.0,0.36588939776100016,1.01829446988805,0.03858415387755654
1,adsorption,312.0,100.04742085990239,10.377638328844336,0.1037271949606404,13.417631684406215,1.0,0.3678478799165036,1.0183923939958253,0.03856871264674852
1,adsorption,314.0,100.04742189210802,10.379592103824885,0.10374672237949645,13.49475367306476,1.0,0.36980557742579057,1.0184902788712895,0.038553276930821466
1,adsorption,316.0,100.04742292394496,10.381545095844539,0.10376624197243425,13.57184479580512,1.0,0.37176249056977806,1.018588124528489,0.03853784672832451
1,adsorption,318.0,100.0474239554133,10.383497305183765,0.10378575374225756,13.648905063652702,1.0,0.3737186196293065,1.0186859309814653,0.03852242203780506
1,adsorption,320.0,100.04742498651318,10.385448732122951,0.10380525769176924,13.725934487630012,1.0,0.3756739648851444,1.0187836982442573,0.03850700285781243
1,adsorption,322.0,100.04742601724458,10.387399376942415,0.10382475382377154,13.802933078756656,1.0,0.37762852661798424,1.0188814263308992,0.03849158918689462
1,adsorption,324.0,100.04742704760774,10.389349239922405,0.10384424214106593,13.879900848049333,1.0,0.37958230510844465,1.0189791152554222,0.03847618102360021
1,adsorption,326.0,100.04742807760267,10.391298321343099,0.10386372264645317,13.956837806521829,1.0,0.38153530063706936,1.0190767650318535,0.03846077836647759
1,adsorption,328.0,100.04742910722953,10.393246621484579,0.10388319534273321,14.033743965185046,1.0,0.3834875134843282,1.0191743756742164,0.0384453812140751
1,adsorption,330.0,100.04743013648836,10.39519414062687,0.1039026602327053,14.110619335046966,1.0,0.38543894393061645,1.0192719471965308,0.03842998956494157
1,adsorption,332.0,100.0474311653793,10.397140879049934,0.10392211731916803,14.187463927112683,1.0,0.3873895922562546,1.0193694796128128,0.03841460341762495
1,adsorption,334.0,100.0474321939024,10.39908683703364,0.10394156660491916,14.26427775238437,1.0,0.38933945874148856,1.0194669729370747,0.03839922277067376
1,adsorption,336.0,100.04743322205773,10.401032014857778,0.10396100809275569,14.34106082186131,1.0,0.39128854366649013,1.0195644271833244,0.03838384762263614
1,adsorption,338.0,100.04743424984554,10.40297641280209,0.10398044178547389,14.41781314653988,1.0,0.39323684731135655,1.019661842365568,0.038368477972060555
1,adsorption,340.0,100.04743527726572,10.404920031146208,0.10399986768586932,14.494534737413549,1.0,0.3951843699561102,1.0197592184978055,0.03835311381749506
1,adsorption,342.0,100.04743630431855,10.406862870169727,0.10401928579673674,14.571225605472888,1.0,0.3971311118806999,1.019856555594035,0.038337755157488156
1,adsorption,344.0,100.04743733100399,10.408804930152126,0.10403869612087016,14.647885761705565,1.0,0.399077073364999,1.01995385366825,0.03832240199058794
1,adsorption,346.0,100.04743835732224,10.410746211372855,0.10405809866106298,14.724515217096338,1.0,0.4010222546888071,1.0200511127344405,0.03830705431534282
1,adsorption,348.0,100.04743938327336,10.412686714111253,0.10407749342010765,14.801113982627061,1.0,0.40296665613184873,1.0201483328065923,0.038291712130300824
1,adsorption,350.0,100.04744040885741,10.414626438646597,0.10409688040079601,14.8776820692767,1.0,0.4049102779737748,1.0202455138986888,0.03827637543401041
1,adsorption,352.0,100.0474414340745,10.4165653852581,0.10411625960591923,14.954219488021295,1.0,0.4068531204941613,1.020342656024708,0.03826104422501992
1,adsorption,354.0,100.04744245892485,10.418503554224898,0.10413563103826753,15.030726249833998,1.0,0.40879518397250897,1.0204397591986254,0.03824571850187706
1,adsorption,356.0,100.04744348340837,10.420440945826023,0.10415499470063046,15.107202365685055,1.0,0.4107364686882451,1.0205368234344123,0.03823039826313011
1,adsorption,358.0,100.04744450752526,10.422377560340465,0.10417435059579684,15.183647846541803,1.0,0.41267697492072225,1.020633848746036,0.038215083507327344
1,adsorption,360.0,100.04744553127556,10.424313398047122,0.10419369872655473,15.260062703368682,1.0,0.4146167029492186,1.0207308351474609,0.03819977423301692
1,adsorption,362.0,100.04744655465946,10.426248459224839,0.10421303909569156,15.336446947127225,1.0,0.4165556530529372,1.0208277826526468,0.038184470438746565
1,adsorption,364.0,100.04744757767702,10.428182744152362,0.10423237170599384,15.412800588776053,1.0,0.4184938255110083,1.0209246912755505,0.03816917212306546
1,adsorption,366.0,100.04744860032824,10.430116253108375,0.10425169656024746,15.4891236392709,1.0,0.4204312206024859,1.0210215610301243,0.03815387928452102
1,adsorption,368.0,100.04744962261331,10.432048986371505,0.10427101366123769,15.565416109564582,1.0,0.42236783860634997,1.0211183919303175,0.03813859192166136
1,adsorption,370.0,100.0474506445323,10.43398094422026,0.10429032301174868,15.64167801060702,1.0,0.4243036798015062,1.0212151839900754,0.03812331003303447
1,adsorption,372.0,100.04745166608537,10.435912126933122,0.10430962461456424,15.71790935334523,1.0,0.4262387444667859,1.0213119372233392,0.03810803361718846
1,adsorption,374.0,100.04745268727254,10.437842534788462,0.10432891847246707,15.794110148723316,1.0,0.42817303288094594,1.0214086516440473,0.03809276267267154
1,adsorption,376.0,100.04745370809395,10.439772168064591,0.10434820458823933,15.87028040768249,1.0,0.43010654532266823,1.0215053272661334,0.038077497198031475
1,adsorption,378.0,100.04745472854968,10.441701027039743,0.1043674829646624,15.94642014116105,1.0,0.43203928207056097,1.021601964103528,0.03806223719181658
1,adsorption,380.0,100.04745574863976,10.443629111992042,0.10438675360451666,16.022529360094396,1.0,0.43397124340315646,1.0216985621701578,0.03804698265257417
1,adsorption,382.0,100.04745676836444,10.445556423199623,0.10440601651058226,16.09860807541502,1.0,0.435902429598916,1.021795121479946,0.03803173357885416
1,adsorption,384.0,100.0474577877237,10.447482960940487,0.10442527168563842,16.174656298052515,1.0,0.4378328409362223,1.0218916420468112,0.03801648996920319
1,adsorption,386.0,100.04745880671767,10.44940872549258,0.10444451913246353,16.250674038933568,1.0,0.4397624776933859,1.0219881238846693,0.038001251822169665
1,adsorption,388.0,100.04745982534641,10.451333717133766,0.10446375885383533,16.326661308981965,1.0,0.44169134014864164,1.022084567007432,0.037986019136301265
1,adsorption,390.0,100.04746084361008,10.453257936141824,0.10448299085253059,16.402618119118575,1.0,0.44361942858015074,1.0221809714290075,0.03797079191014613
1,adsorption,392.0,100.04746186150878,10.455181382794477,0.10450221513132553,16.478544480261377,1.0,0.4455467432659994,1.0222773371633,0.037955570142252
1,adsorption,394.0,100.04746287904261,10.457104057369353,0.1045214316929955,16.554440403325447,1.0,0.44747328448420004,1.0223736642242103,0.037940353831167166
1,adsorption,396.0,100.04746389621148,10.459025960144016,0.10454064054031528,16.63030589922294,1.0,0.44939905251268986,1.0224699526256344,0.037925142975439315
1,adsorption,398.0,100.04746491301574,10.460947091395958,0.10455984167605863,16.706140978863132,1.0,0.4513240476293324,1.0225662023814666,0.03790993757361669
1,adsorption,400.0,100.04746592945538,10.462867451402584,0.10457903510299872,16.78194565315237,1.0,0.453248270111916,1.0226624135055957,0.03789473762424712
1,adsorption,402.0,100.04746694553056,10.464787040441252,0.10459822082390809,16.85771993299411,1.0,0.4551717202381557,1.0227585860119077,0.037879543125879246
1,adsorption,404.0,100.04746796124125,10.46670585878923,0.10461739884155859,16.933463829288915,1.0,0.4570943982856906,1.0228547199142846,0.037864354077060416
1,adsorption,406.0,100.04746897658765,10.468623906723712,0.10463656915872106,17.00917735293441,1.0,0.4590163045320857,1.0229508152266042,0.03784917047633867
1,adsorption,408.0,100.04746999156987,10.470541184521824,0.10465573177816577,17.084860514825355,1.0,0.4609374392548319,1.0230468719627417,0.037833992322261784
1,adsorption,410.0,100.04747100618788,10.472457692460587,0.10467488670266209,17.16051332585358,1.0,0.46285780273134536,1.0231428901365673,0.03781881961337786
1,adsorption,412.0,100.04747202044186,10.474373430816984,0.10469403393497882,17.236135796908016,1.0,0.4647773952389682,1.0232388697619483,0.03780365234823493
1,adsorption,414.0,100.04747303433199,10.47628839986793,0.104713173477884,17.311727938874697,1.0,0.4666962170549676,1.0233348108527485,0.03778849052538084
1,adsorption,416.0,100.04747404785823,10.47820259989021,0.10473230533414474,17.387289762636755,1.0,0.4686142684565361,1.0234307134228269,0.037773334143363126
1,adsorption,418.0,100.04747506102065,10.48011603116057,0.10475142950652745,17.4628212790744,1.0,0.4705315497207923,1.0235265774860396,0.03775818320073002
1,adsorption,420.0,100.0474760738196,10.482028693955705,0.10477054599779795,17.538322499064954,1.0,0.47244806112478094,1.023622403056239,0.03774303769603012
1,adsorption,422.0,100.04747708625493,10.483940588552201,0.10478965481072128,17.61379343348283,1.0,0.4743638029454709,1.0237181901472736,0.03772789762781077
1,adsorption,424.0,100.0474780983268,10.48585171522658,0.10480875594806172,17.68923409319954,1.0,0.4762787754597572,1.0238139387729879,0.03771276299461985
1,adsorption,426.0,100.04747911003534,10.487762074255293,0.10482784941258265,17.764644489083683,1.0,0.4781929789444599,1.0239096489472232,0.037697633795005105
1,adsorption,428.0,100.04748012138057,10.489671665914706,0.10484693520704695,17.840024632000965,1.0,0.48010641367632584,1.0240053206838162,0.037682510027514916
1,adsorption,430.0,100.0474811323627,10.491580490481143,0.10486601333421672,17.91537453281418,1.0,0.4820190799320267,1.0241009539966013,0.03766739169069724
1,adsorption,432.0,100.04748214298182,10.493488548230815,0.10488508379685313,17.990694202383228,1.0,0.483930977988159,1.024196548899408,0.03765227878309949
1,adsorption,434.0,100.04748315323786,10.495395839439857,0.10490414659771669,18.065983651565084,1.0,0.48584210812124545,1.0242921054060623,0.03763717130326983
1,adsorption,436.0,100.04748416313114,10.497302364384351,0.1049232017395671,18.14124289121384,1.0,0.48775247060773474,1.0243876235303868,0.03762206924975638
1,adsorption,438.0,100.04748517266158,10.499208123340305,0.10494224922516354,18.216471932180674,1.0,0.4896620657240004,1.0244831032862,0.037606972621106856
1,adsorption,440.0,100.04748618182937,10.50111311658364,0.10496128905726423,18.291670785313865,1.0,0.49157089374634205,1.024578544687317,0.03759188141586956
1,adsorption,442.0,100.04748719063467,10.503017344390228,0.1049803212386268,18.36683946145878,1.0,0.49347895495098437,1.0246739477475493,0.03757679563259222
1,adsorption,444.0,100.04748819907738,10.50492080703583,0.10499934577200816,18.441977971457895,1.0,0.49538624961407746,1.0247693124807038,0.03756171526982254
1,adsorption,446.0,100.04748920715774,10.506823504796147,0.10501836266016414,18.51708632615077,1.0,0.4972927780116973,1.0248646389005849,0.037546640326108535
1,adsorption,448.0,100.04749021487584,10.508725437946806,0.10503737190585005,18.59216453637406,1.0,0.4991985404198456,1.0249599270209924,0.03753157079999844
1,adsorption,450.0,100.04749122223177,10.510626606763385,0.10505637351182072,18.66721261296152,1.0,0.5011035371144493,1.0250551768557226,0.037516506690040086
1,adsorption,452.0,100.04749222922557,10.51252701152134,0.10507536748082981,18.74223056674401,1.0,0.5030077683713609,1.025150388418568,0.03750144799478131
1,adsorption,454.0,100.04749323585737,10.514426652496084,0.10509435381563038,18.81721840854947,1.0,0.5049112344663582,1.0252455617233178,0.03748639471277007
1,adsorption,456.0,100.04749424212734,10.516325529962954,0.10511333251897487,18.892176149202943,1.0,0.5068139356751452,1.0253406967837573,0.03747134684255449
1,adsorption,458.0,100.04749524803549,10.518223644197214,0.10513230359361493,18.96710379952657,1.0,0.5087158722733508,1.0254357936136675,0.037456304382682305
1,adsorption,460.0,100.04749625358195,10.520120995474029,0.10515126704230125,19.042001370339584,1.0,0.5106170445365295,1.0255308522268265,0.03744126733170132
1,adsorption,462.0,100.04749725876681,10.52201758406851,0.10517022286778395,19.116868872458323,1.0,0.5125174527401621,1.0256258726370082,0.03742623568816001
1,adsorption,464.0,100.04749826359013,10.523913410255677,0.10518917107281235,19.19170631669621,1.0,0.5144170971596541,1.0257208548579828,0.03741120945060607
1,adsorption,466.0,100.04749926805205,10.525808474310514,0.10520811166013519,19.266513713863763,1.0,0.516315978070337,1.0258157989035168,0.03739618861758764
1,adsorption,468.0,100.04750027215267,10.527702776507901,0.10522704463250036,19.34129107476861,1.0,0.5182140957474677,1.0259107047873735,0.037381173187652654
1,adsorption,470.0,100.04750127589206,10.529596317122648,0.10524596999265498,19.416038410215453,1.0,0.5201114504662285,1.0260055725233115,0.03736616315934921
1,adsorption,472.0,100.04750227927036,10.53148909642949,0.1052648877433454,19.490755731006114,1.0,0.5220080425017277,1.0261004021250864,0.03735115853122539
1,adsorption,474.0,100.04750328228765,10.533381114703094,0.10528379788731736,19.565443047939496,1.0,0.5239038721289975,1.02619519360645,0.03733615930182814
1,adsorption,476.0,100.047504284944,10.535272372218007,0.10530270042731536,19.640100371811602,1.0,0.525798939622998,1.0262899469811502,0.03732116546970639
1,adsorption,478.0,100.04750528723949,10.537162869248776,0.10532159536608392,19.71472771341553,1.0,0.5276932452586145,1.0263846622629307,0.03730617703340873
1,adsorption,480.0,100.0475062891743,10.539052606069848,0.1053404827063664,19.789325083541478,1.0,0.5295867893106564,1.0264793394655327,0.03729119399148245
1,adsorption,482.0,100.04750729074851,10.54094158295558,0.10535936245090545,19.86389249297673,1.0,0.5314795720538593,1.026573978602693,0.03727621634247565
1,adsorption,484.0,100.04750829196212,10.542829800180245,0.105378234602443,19.938429952505683,1.0,0.5333715937628847,1.0266685796881443,0.03726124408493646
1,adsorption,486.0,100.04750929281533,10.54471725801807,0.10539709916372011,20.01293747290981,1.0,0.5352628547123195,1.026763142735616,0.03724627721741301
1,adsorption,488.0,100.04751029330814,10.546603956743185,0.10541595613747735,20.0874150649677,1.0,0.5371533551766761,1.0268576677588337,0.037231315738453355
1,adsorption,490.0,100.04751129344079,10.54848989662968,0.1054348055264544,20.161862739455024,1.0,0.5390430954303923,1.0269521547715197,0.03721635964660552
1,adsorption,492.0,100.04751229321326,10.550375077951522,0.10545364733339009,20.236280507144553,1.0,0.5409320757478315,1.0270466037873915,0.0372014089404176
1,adsorption,494.0,100.04751329262565,10.552259500982624,0.1054724815610226,20.310668378806156,1.0,0.542820296403283,1.027141014820164,0.03718646361843764
1,adsorption,496.0,100.0475142916781,10.554143165996846,0.10549130821208952,20.385026365206794,1.0,0.5447077576709615,1.027235387883548,0.037171523679214113
1,adsorption,498.0,100.0475152903708,10.556026073267958,0.10551012728932746,20.45935447711054,1.0,0.5465944598250069,1.0273297229912504,0.03715658912129462
1,adsorption,500.0,100.04751628870362,10.557908223069635,0.10552893879547245,20.533652725278532,1.0,0.5484804031394851,1.0274240201569742,0.037141659943227746
1,adsorption,502.0,100.04751728667681,10.559789615675513,0.10554774273325966,20.607921120469037,1.0,0.5503655878883875,1.0275182793944193,0.03712673614356158
1,adsorption,504.0,100.04751828429048,10.561670251359136,0.10556653910542362,20.6821596734374,1.0,0.5522500143456308,1.0276125007172816,0.037111817720844056
1,adsorption,506.0,100.04751928154462,10.563550130393955,0.10558532791469795,20.756368394936064,1.0,0.5541336827850574,1.0277066841392528,0.03709690467362351
1,adsorption,508.0,100.04752027843942,10.565429253053393,0.1056041091638158,20.83054729571458,1.0,0.5560165934804356,1.0278008296740218,0.037081997000448196
1,adsorption,510.0,100.04752127497498,10.567307619610768,0.10562288285550939,20.90469638651958,1.0,0.5578987467054586,1.0278949373352728,0.03706709469986613
1,adsorption,512.0,100.04752227115131,10.569185230339299,0.10564164899251005,20.978815678094797,1.0,0.5597801427337452,1.0279890071366873,0.03705219777042538
1,adsorption,514.0,100.04752326696862,10.571062085512171,0.10566040757754848,21.052905181181067,1.0,0.5616607818388408,1.028083039091942,0.037037306210674505
1,adsorption,516.0,100.04752426242692,10.572938185402478,0.10567915861335482,21.126964906516314,1.0,0.5635406642942156,1.0281770332147109,0.037022420019161846
1,adsorption,518.0,100.04752525752635,10.57481353028326,0.10569790210265836,21.200994864835565,1.0,0.5654197903732654,1.0282709895186635,0.037007539194435765
1,adsorption,520.0,100.04752625226698,10.576688120427463,0.10571663804818769,21.274995066870936,1.0,0.5672981603493114,1.0283649080174657,0.036992663735044215
1,adsorption,522.0,100.04752724664888,10.578561956107965,0.10573536645267058,21.348965523351648,1.0,0.5691757744956005,1.02845878872478,0.03697779363953552
1,adsorption,524.0,100.04752824067222,10.580435037597558,0.10575408731883397,21.422906245004018,1.0,0.5710526330853055,1.0285526316542652,0.036962928906457984
1,adsorption,526.0,100.04752923433708,10.582307365168974,0.10577280064940417,21.496817242551458,1.0,0.5729287363915248,1.0286464368195762,0.03694806953436017
1,adsorption,528.0,100.04753022764353,10.584178939094866,0.10579150644710682,21.570698526714466,1.0,0.5748040846872811,1.028740204234364,0.0369332155217899
1,adsorption,530.0,100.04753122059175,10.586049759647809,0.10581020471466658,21.644550108210655,1.0,0.5766786782455244,1.0288339339122763,0.03691836686729592
1,adsorption,532.0,100.04753221318167,10.587919827100276,0.10582889545480739,21.718371997754726,1.0,0.5785525173391295,1.0289276258669564,0.03690352356942651
1,adsorption,534.0,100.0475332054135,10.589789141724726,0.10584757867025274,21.79216420605847,1.0,0.5804256022408969,1.0290212801120449,0.03688868562673017
1,adsorption,536.0,100.04753419728735,10.591657703793508,0.1058662543637251,21.865926743830787,1.0,0.5822979332235528,1.0291148966611776,0.03687385303775547
1,adsorption,538.0,100.0475351888033,10.593525513578903,0.10588492253794642,21.93965962177766,1.0,0.5841695105597486,1.0292084755279873,0.036859025801050764
1,adsorption,540.0,100.04753617996137,10.595392571353113,0.10590358319563771,22.01336285060219,1.0,0.5860403345220615,1.029302016726103,0.03684420391516422
1,adsorption,542.0,100.04753717076177,10.597258877388274,0.10592223633951932,22.08703644100455,1.0,0.5879104053829943,1.0293955202691498,0.036829387378644544
1,adsorption,544.0,100.04753816120457,10.59912443195645,0.10594088197231097,22.16068040368203,1.0,0.5897797234149755,1.0294889861707488,0.03681457619004026
1,adsorption,546.0,100.0475391512898,10.600989235329607,0.10595952009673135,22.23429474932901,1.0,0.5916482888903586,1.029582414444518,0.03679977034789947
1,adsorption,548.0,100.0475401410176,10.602853287779654,0.10597815071549851,22.307879488636967,1.0,0.5935161020814241,1.0296758051040713,0.03678496985077143
1,adsorption,550.0,100.04754113038813,10.604716589578432,0.10599677383132997,22.381434632294464,1.0,0.5953831632603761,1.029769158163019,0.03677017469720401
1,adsorption,552.0,100.04754211940131,10.606579140997692,0.10601538944694228,22.454960190987176,1.0,0.5972494726993459,1.0298624736349673,0.036755384885746235
1,adsorption,554.0,100.04754310805748,10.60844094230914,0.10603399756505139,22.528456175397885,1.0,0.5991150306703897,1.0299557515335196,0.036740600414946284
1,adsorption,556.0,100.04754409635656,10.610301993784347,0.10605259818837215,22.601922596206435,1.0,0.6009798374454893,1.0300489918722744,0.036725821283353
1,adsorption,558.0,100.04754508429872,10.612162295694862,0.10607119131961905,22.675359464089798,1.0,0.6028438932965523,1.030142194664828,0.036711047489514814
1,adsorption,560.0,100.04754607188401,10.614021848312156,0.10608977696150586,22.74876678972203,1.0,0.6047071984954122,1.0302353599247707,0.036696279031980965
1,adsorption,562.0,100.04754705911255,10.615880651907615,0.10610835511674543,22.822144583774282,1.0,0.6065697533138277,1.0303284876656913,0.03668151590929989
1,adsorption,564.0,100.0475480459844,10.617738706752553,0.10612692578805001,22.895492856914817,1.0,0.6084315580234828,1.030421577901174,0.03666675812002032
1,adsorption,566.0,100.04754903249975,10.619596013118208,0.10614548897813086,22.96881161980899,1.0,0.6102926128959879,1.0305146306447994,0.0366520056626908
1,adsorption,568.0,100.04755001865867,10.621452571275755,0.1061640446896988,23.04210088311924,1.0,0.6121529182028779,1.0306076459101439,0.03663725853585996
1,adsorption,570.0,100.0475510044612,10.623308381496273,0.1061825929254637,23.11536065750511,1.0,0.6140124742156133,1.0307006237107808,0.03662251673807614
1,adsorption,572.0,100.04755198990745,10.625163444050745,0.10620113368813448,23.188590953623258,1.0,0.6158712812055823,1.0307935640602792,0.036607780267889065
1,adsorption,574.0,100.04755297499757,10.627017759210139,0.1062196669804197,23.261791782127418,1.0,0.6177293394440969,1.030886466972205,0.036593049123847185
1,adsorption,576.0,100.04755395973157,10.628871327245314,0.10623819280502705,23.334963153668433,1.0,0.6195866492023946,1.0309793324601197,0.03657832330449912
1,adsorption,578.0,100.04755494410963,10.630724148427072,0.10625671116466362,23.40810507889424,1.0,0.6214432107516407,1.031072160537582,0.036563602808394914
1,adsorption,580.0,100.04755592813183,10.632576223026138,0.10627522206203564,23.481217568449868,1.0,0.6232990243629224,1.0311649512181464,0.036548887634082095
1,adsorption,582.0,100.04755691179822,10.634427551313147,0.10629372549984846,23.554300632977455,1.0,0.6251540903072553,1.0312577045153628,0.036534177780110005
1,adsorption,584.0,100.04755789510892,10.636278133558665,0.10631222148080685,23.627354283116222,1.0,0.6270084088555797,1.031350420442779,0.036519473245027675
1,adsorption,586.0,100.04755887806408,10.638127970033178,0.1063307100076146,23.700378529502515,1.0,0.6288619802787617,1.031443099013938,0.03650477402738384
1,adsorption,588.0,100.04755986066371,10.639977061007116,0.1063491910829751,23.77337338276974,1.0,0.6307148048475928,1.0315357402423797,0.03649008012572754
1,adsorption,590.0,100.04756084290801,10.641825406750817,0.10636766470959069,23.846338853548435,1.0,0.6325668828327909,1.0316283441416396,0.03647539153860821
1,adsorption,592.0,100.04756182479699,10.643673007534543,0.10638613089016317,23.91927495246622,1.0,0.6344182145049989,1.0317209107252499,0.036460708264574766
1,adsorption,594.0,100.04756280633077,10.645519863628522,0.10640458962739369,23.99218169014782,1.0,0.6362688001347852,1.0318134400067394,0.03644603030217606
1,adsorption,596.0,100.04756378750946,10.647365975302854,0.10642304092398237,24.06505907721505,1.0,0.6381186399926438,1.0319059319996322,0.03643135764996122
1,adsorption,598.0,100.04756476833312,10.649211342827586,0.10644148478262867,24.137907124286816,1.0,0.6399677343489948,1.0319983867174498,0.03641669030647958
1,adsorption,600.0,100.04756574880192,10.6510559664727,0.10645992120603144,24.21072584197915,1.0,0.6418160834741842,1.0320908041737091,0.03640202827028067
1,purge,600.0,100.04756574880192,10.6510559664727,0.10645992120603144,24.21072584197915,1.0,0.6418160834741842,1.0320908041737091,0.03640202827028067
1,purge,602.0,100.05345605771122,9.13441674035081,0.09129536450077289,24.191075035342504,1.0,0.5263850734803787,1.026319253674019,-0.053241143392154716
1,purge,604.0,100.0532889261868,10.580294172225397,0.10574659049969755,24.092561474384283,1.0,0.5293085111232381,1.0264654255561618,-0.048990590811559945
1,purge,606.0,100.05306829354896,10.531911737586652,0.1052632559621933,24.000330479746275,1.0,0.5309760483622584,1.0265488024181129,-0.04584529187236386
1,purge,608.0,100.05307475682494,10.514772761080323,0.10509195031373164,23.908376794557824,1.0,0.5284375229556926,1.0264218761477846,-0.045986267985716194
1,purge,610.0,100.0530754739291,10.514438791320032,0.10508861163452977,23.816377541637156,1.0,0.5260727361032915,1.0263036368051646,-0.045990816672175645
1,purge,612.0,100.05307379719895,10.5121164597131,0.10506540239853576,23.724424650166416,1.0,0.5237471049096039,1.02618735524548,-0.04596575117383725
1,purge,614.0,100.05307242132668,10.509765324888441,0.10504190496651102,23.632513588880563,1.0,0.5214166880588406,1.0260708344029421,-0.045945255091715535
1,purge,616.0,100.0530710487957,10.507443683292609,0.1050187023061806,23.5406435729392,1.0,0.5190873702775646,1.0259543685138783,-0.0459247226422836
1,purge,618.0,100.05306967272806,10.505120782486655,0.10499548706350273,23.448814711695146,1.0,0.5167591662643352,1.0258379583132167,-0.04590414454772144
1,purge,620.0,100.05306829784828,10.502798754540887,0.10497228054291222,23.35702698262673,1.0,0.5144319935474835,1.025721599677374,-0.04588358468549748
1,purge,622.0,100.05306692369054,10.500477819036618,0.10494908493954741,23.265280363351643,1.0,0.5121058612992537,1.0256052930649626,-0.04586303545361493
1,purge,624.0,100.05306555017775,10.498157919063477,0.10492589968468816,23.17357483358772,1.0,0.5097807702503349,1.0254890385125168,-0.04584249587649316
1,purge,626.0,100.05306417734262,10.495839063040355,0.10490272486244531,23.081910372877168,1.0,0.5074567192859961,1.0253728359642997,-0.04582196641446632
1,purge,628.0,100.05306280519434,10.493521246983962,0.10487956043299836,22.99028696076129,1.0,0.5051337076947013,1.0252566853847351,-0.04580144721335871
1,purge,630.0,100.0530614337317,10.491204467587385,0.10485640636329797,22.898704576774616,1.0,0.5028117349635024,1.025140586748175,-0.045780938263960354
1,purge,632.0,100.05306006295326,10.488888723820669,0.1048332626430523,22.807163200453,1.0,0.5004908005923401,1.025024540029617,-0.045760439547034695
1,purge,634.0,100.05305869285849,10.486574015245935,0.10481012926788652,22.71566281137219,1.0,0.49817090406981873,1.024908545203491,-0.04573995105298518
1,purge,636.0,100.05305732344692,10.48426034142509,0.1047870062334233,22.624203389245817,1.0,0.49585204488329165,1.0247926022441647,-0.04571947277594881
1,purge,638.0,100.05305595471816,10.481947701836749,0.10476389353445287,22.53278491346049,1.0,0.4935342225116669,1.0246767111255835,-0.045699004710109535
1,purge,640.0,100.05305458667185,10.479636095968429,0.10474079116585443,22.44140736360152,1.0,0.4912174364392665,1.0245608718219634,-0.0456785468494025
1,purge,642.0,100.05305321930754,10.47732552330789,0.10471769912250961,22.35007071926384,1.0,0.4889016861506293,1.0244450843075317,-0.0456580991877859
1,purge,644.0,100.05305185262489,10.475015983341965,0.10469461739929078,22.258774960055273,1.0,0.4865869711305964,1.0243293485565301,-0.04563766171924022
1,purge,646.0,100.0530504866234,10.472707475557527,0.10467154599107079,22.16752006559568,1.0,0.48427329086432586,1.0242136645432163,-0.04561723443773943
1,purge,648.0,100.05304912130285,10.470399999441351,0.10464848489272119,22.076306015517005,1.0,0.48196064483727413,1.0240980322418638,-0.04559681733726625
1,purge,650.0,100.05304775666262,10.468093554479971,0.10462543409911161,21.98513278946326,1.0,0.4796490325352224,1.023982451626761,-0.04557641041179172
1,purge,652.0,100.0530463927024,10.465788140160885,0.10460239360512098,21.894000367090495,1.0,0.47733845344426706,1.0238669226722132,-0.0455560136552816
1,purge,654.0,100.05304502942187,10.463483755971822,0.10457936340563051,21.802908728066807,1.0,0.475028907050791,1.0237514453525396,-0.04553562706171911
1,purge,656.0,100.05304366682053,10.461180401400885,0.10455634349552537,21.711857852072324,1.0,0.47272039284148415,1.0236360196420742,-0.045515250625088766
1,purge,658.0,100.05304230489794,10.458878075936525,0.1045333338696941,21.620847718799197,1.0,0.47041291030334764,1.0235206455151673,-0.04549488433937275
1,purge,660.0,100.05304094365378,10.456576779067667,0.10451033452302992,21.529878307951613,1.0,0.4681064589236784,1.023405322946184,-0.045474528198563006
1,purge,662.0,100.05303958308764,10.454276510283561,0.10448734545042938,21.43894959924574,1.0,0.4658010381900729,1.0232900519095036,-0.04545418219665787
1,purge,664.0,100.05303822319915,10.451977269073785,0.10446436664679215,21.348061572409755,1.0,0.46349664759041637,1.023174832379521,-0.0454338463276703
1,purge,666.0,100.05303686398777,10.449679054928033,0.10444139810701936,21.257214207183832,1.0,0.46119328661292336,1.0230596643306462,-0.045413520585596355
1,purge,668.0,100.05303550545324,10.447381867336295,0.10441843982601483,21.166407483320114,1.0,0.4588909547460813,1.022944547737304,-0.04539320496445881
1,purge,670.0,100.05303414759508,10.44508570578879,0.10439549179868478,21.075641380582727,1.0,0.45658965147869773,1.0228294825739348,-0.04537289945827023
1,purge,672.0,100.05303279041298,10.442790569776097,0.1043725540199389,20.984915878747753,1.0,0.45428937629987687,1.0227144688149938,-0.04535260406105101
1,purge,674.0,100.05303143390645,10.440496458789116,0.10434962648469032,20.894230957603227,1.0,0.45199012869902394,1.0225995064349511,-0.045332318766825815
1,purge,676.0,100.0530300780751,10.43820337231906,0.1043267091878551,20.803586596949142,1.0,0.449691908165845,1.0224845954082922,-0.045312043569623685
1,purge,678.0,100.0530287229186,10.435911309857454,0.10430380212435246,20.712982776597407,1.0,0.44739471419034543,1.0223697357095172,-0.04529177846347864
1,purge,680.0,100.05302736843647,10.43362027089611,0.10428090528910457,20.62241947637187,1.0,0.4450985462628312,1.0222549273131416,-0.04527152344242901
1,purge,682.0,100.05302601462839,10.431330254927145,0.10425801867703648,20.531896676108307,1.0,0.4428034038739083,1.0221401701936954,-0.045251278500517585
1,purge,684.0,100.05302466149384,10.42904126144296,0.10423514228307636,20.44141435565438,1.0,0.44050928651448207,1.022025464325724,-0.0452310436317916
1,purge,686.0,100.0530233090326,10.42675328993626,0.10421227610215507,20.350972494869684,1.0,0.43821619367575765,1.021910809683788,-0.0452108188303027
1,purge,688.0,100.05302195724407,10.424466339900032,0.10418942012920658,20.260571073625677,1.0,0.43592412484923937,1.021796206242462,-0.0451906040901068
1,purge,690.0,100.05302060612803,10.422180410827599,0.10416657435916793,20.170210071805723,1.0,0.43363307952673114,1.0216816539763367,-0.04517039940526415
1,purge,692.0,100.05301925568402,10.419895502212523,0.10414373878697886,20.079889469305048,1.0,0.4313430572003351,1.021567152860017,-0.04515020476983949
1,purge,694.0,100.0530179059116,10.417611613548704,0.10412091340758231,19.989609246030746,1.0,0.42905405736245245,1.0214527028681226,-0.04513002017790196
1,purge,696.0,100.05301655681046,10.415328744330338,0.10409809821592413,19.899369381901767,1.0,0.4267660795057832,1.0213383039752892,-0.045109845623524415
1,purge,698.0,100.05301520838005,10.413046894051917,0.10407529320695338,19.809169856848925,1.0,0.42447912312332525,1.0212239561561662,-0.045089681100784776
1,purge,700.0,100.05301386062013,10.41076606220824,0.10405249837562176,19.71901065081485,1.0,0.4221931877083737,1.0211096593854188,-0.04506952660376549
1,purge,702.0,100.05301251353026,10.408486248294366,0.104029713716884,19.62889174375403,1.0,0.41990827275452214,1.0209954136377262,-0.045049382126553225
1,purge,704.0,100.05301116711,10.406207451805683,0.1040069392256979,19.538813115632742,1.0,0.41762437775566197,1.0208812188877832,-0.045029247663238466
1,purge,706.0,100.05300982135907,10.403929672237886,0.10398417489702425,19.448774746429113,1.0,0.41534150220598154,1.020767075110299,-0.04500912320791662
1,purge,708.0,100.05300847627696,10.40165290908691,0.10396142072582648,19.358776616133053,1.0,0.41305964559996605,1.0206529822799983,-0.044989008754687476
1,purge,710.0,100.05300713186325,10.399377161849038,0.10393867670707137,19.26881870474627,1.0,0.4107788074323979,1.0205389403716199,-0.04496890429765499
1,purge,712.0,100.05300578811759,10.397102430020821,0.10391594283572832,19.178900992282266,1.0,0.4084989871983565,1.0204249493599178,-0.04494880983092721
1,purge,714.0,100.0530044450397,10.394828713099109,0.10389321910676966,19.08902345876632,1.0,0.40622018439321766,1.0203110092196608,-0.04492872534861656
1,purge,716.0,100.05300310262908,10.392556010581085,0.10387050551517132,18.999186084235486,1.0,0.40394239851265357,1.0201971199256328,-0.0449086508448399
1,purge,718.0,100.05300176088532,10.390284321964172,0.1038478020559114,18.909388848738566,1.0,0.40166562905263176,1.0200832814526315,-0.04488858631371847
1,purge,720.0,100.05300041980806,10.388013646746142,0.10382510872397153,18.81963173233613,1.0,0.39938987550941596,1.0199694937754709,-0.04486853174937812
1,purge,722.0,100.05299907939688,10.38574398442501,0.10380242551433588,18.729914715100485,1.0,0.39711513737956505,1.0198557568689783,-0.04484848714594895
1,purge,724.0,100.05299773965139,10.383475334499112,0.10377975242199167,18.640237777115676,1.0,0.39484141415993385,1.0197420707079967,-0.04482845249756508
1,purge,726.0,100.05299640057126,10.381207696467074,0.103757089441929,18.550600898477473,1.0,0.39256870534767224,1.0196284352673837,-0.04480842779836507
1,purge,728.0,100.05299506215604,10.378941069827796,0.10373443656914094,18.461004059293366,1.0,0.3902970104402253,1.0195148505220113,-0.04478841304249151
1,purge,730.0,100.05299372440538,10.376675454080514,0.1037117937986236,18.37144723968256,1.0,0.3880263289353326,1.0194013164467666,-0.044768408224091706
1,purge,732.0,100.05299238731882,10.374410848724729,0.1036891611253761,18.28193041977595,1.0,0.3857566603310279,1.0192878330165513,-0.0447484133373172
1,purge,734.0,100.05299105089611,10.37214725326024,0.1036665385444001,18.19245357971614,1.0,0.3834880041256396,1.0191744002062821,-0.04472842837632388
1,purge,736.0,100.05298971513666,10.369884667187131,0.1036439260507006,18.103016699657402,1.0,0.3812203598177907,1.0190610179908894,-0.044708453335271285
1,purge,738.0,100.05298838004023,10.367623090005798,0.10362132363928528,18.013619759765692,1.0,0.3789537269063969,1.01894768634532,-0.04468848820832421
1,purge,740.0,100.05298704560636,10.36536252121691,0.10359873130516484,17.92426274021863,1.0,0.37668810489066845,1.0188344052445335,-0.044668532989651163
1,purge,742.0,100.05298571183464,10.36310296032143,0.10357614904335276,17.8349456212055,1.0,0.374423493270109,1.0187211746635054,-0.04464858767342489
1,purge,744.0,100.0529843787248,10.360844406820652,0.10355357684886586,17.745668382927217,1.0,0.3721598915445146,1.018607994577226,-0.044628652253822926
1,purge,746.0,100.05298304627635,10.3585868602161,0.1035310147167233,17.65643100559637,1.0,0.3698972992139757,1.018494864960699,-0.04460872672502631
1,purge,748.0,100.0529817144889,10.356330320009627,0.10350846264194749,17.567233469437156,1.0,0.3676357157788742,1.0183817857889437,-0.04458881108122119
1,purge,750.0,100.0529803833621,10.354074785703379,0.10348592061956374,17.478075754685403,1.0,0.3653751407398859,1.0182687570369944,-0.044568905316596984
1,purge,752.0,100.05297905289552,10.351820256799785,0.10346338864460032,17.388957841588553,1.0,0.3631155735979775,1.018155778679899,-0.044549009425348576
1,purge,754.0,100.05297772308883,10.349566732801543,0.10344086671208803,17.29987971040566,1.0,0.3608570138544089,1.0180428506927204,-0.044529123401674246
1,purge,756.0,100.05297639394162,10.347314213211693,0.1034183548170611,17.210841341407374,1.0,0.3585994610107318,1.0179299730505367,-0.0445092472397766
1,purge,758.0,100.0529750654535,10.345062697533518,0.10339585295455629,17.121842714875935,1.0,0.35634291456878964,1.0178171457284395,-0.04448938093386273
1,purge,760.0,100.05297373762406,10.342812185270608,0.10337336111961341,17.03288381110516,1.0,0.35408737403071705,1.017704368701536,-0.0444695244781439
1,purge,762.0,100.0529724104529,10.340562675926861,0.10335087930727528,16.943964610400457,1.0,0.3518328388989403,1.0175916419449471,-0.04444967786683566
1,purge,764.0,100.05297108393972,10.33831416900645,0.10332840751258741,16.855085093078774,1.0,0.3495793086761763,1.017478965433809,-0.044429841094157874
1,purge,766.0,100.05296975808406,10.336066664013819,0.10330594573059824,16.766245239468624,1.0,0.34732678286543334,1.0173663391432717,-0.044410014154334466
1,purge,768.0,100.05296843288552,10.333820160453723,0.10328349395635911,16.677445029910082,1.0,0.34507526097001034,1.0172537630485006,-0.044390197041593575
1,purge,770.0,100.05296710834375,10.331574657831208,0.10326105218492439,16.588684444754747,1.0,0.3428247424934968,1.017141237124675,-0.044370389750167404
1,purge,772.0,100.05296578445841,10.329330155651615,0.10323862041135122,16.499963464365752,1.0,0.3405752269397716,1.0170287613469886,-0.04435059227429312
1,purge,774.0,100.05296446122902,10.327086653420544,0.1032161986306996,16.411282069117746,1.0,0.3383267138130048,1.0169163356906503,-0.04433080460821118
1,purge,776.0,100.05296313865526,10.324844150643914,0.1031937868380325,16.322640239396915,1.0,0.33607920261765567,1.0168039601308827,-0.04431102674616687
1,purge,778.0,100.0529618167367,10.322602646827916,0.10317138502841569,16.234037955600925,1.0,0.33383269285847317,1.0166916346429236,-0.04429125868240941
1,purge,780.0,100.05296049547306,10.320362141479048,0.10314899319691795,16.145475198138953,1.0,0.3315871840404957,1.0165793592020247,-0.04427150041119238
1,purge,782.0,100.05295917486382,10.318122634104068,0.10312661133861073,16.05695194743166,1.0,0.329342675669051,1.0164671337834525,-0.04425175192677338
1,purge,784.0,100.05295785490866,10.315884124210038,0.10310423944856853,15.96846818391119,1.0,0.32709916724975535,1.0163549583624878,-0.044232013223414586
1,purge,786.0,100.0529565356072,10.313646611304312,0.10308187752186869,15.880023888021157,1.0,0.32485665828851457,1.0162428329144257,-0.044212284295381724
1,purge,788.0,100.05295521695908,10.311410094894532,0.10305952555359142,15.791619040216638,1.0,0.3226151482915225,1.0161307574145761,-0.04419256513694519
1,purge,790.0,100.05295389896379,10.309174574488615,0.10303718353881984,15.703253620964164,1.0,0.3203746367652612,1.016018731838263,-0.04417285574237953
1,purge,792.0,100.05295258162114,10.306940049594775,0.1030148514726398,15.614927610741722,1.0,0.31813512321650106,1.0159067561608253,-0.04415315610596362
1,purge,794.0,100.05295126493056,10.3047065197215,0.10299252935014014,15.526640990038723,1.0,0.3158966071523001,1.015794830357615,-0.04413346622198033
1,purge,796.0,100.05294994889182,10.302473984377569,0.10297021716641229,15.438393739356023,1.0,0.3136590880800049,1.0156829544040002,-0.04411378608471659
1,purge,798.0,100.05294863350453,10.30024244307207,0.10294791491655099,15.350185839205889,1.0,0.31142256550724917,1.0155711282753626,-0.044094115688463394
1,purge,800.0,100.05294731876815,10.29801189531434,0.1029256225956536,15.262017270112004,1.0,0.3091870389419541,1.0154593519470978,-0.04407445502751587
1,purge,802.0,100.05294600468244,10.295782340614046,0.10290334019882041,15.173888012609462,1.0,0.3069525078923273,1.0153476253946163,-0.04405480409617391
1,purge,804.0,100.05294469124696,10.29355377848112,0.10288106772115466,15.085798047244738,1.0,0.3047189718668635,1.015235948593343,-0.04403516288874122
1,purge,806.0,100.05294337846138,10.291326208425758,0.10285880515776208,14.997747354575719,1.0,0.3024864303743442,1.0151243215187171,-0.044015531399525853
1,purge,808.0,100.05294206632531,10.289099629958475,0.10283655250375158,14.909735915171652,1.0,0.3002548829238377,1.0150127441461918,-0.04399590962283963
1,purge,810.0,100.05294075483833,10.286874042590043,0.10281430975423471,14.821763709613165,1.0,0.2980243290246981,1.0149012164512352,-0.04397629755299875
1,purge,812.0,100.05293944400005,10.284649445831521,0.10279207690432596,14.733830718492246,1.0,0.29579476818656586,1.0147897384093283,-0.04395669518432355
1,purge,814.0,100.05293813381019,10.282425839194277,0.10276985394914266,14.645936922412245,1.0,0.29356619991936767,1.0146783099959686,-0.04393710251113812
1,purge,816.0,100.05293682426826,10.280203222189957,0.10274764088380513,14.558082301987852,1.0,0.291338623733315,1.0145669311866659,-0.04391751952777131
1,purge,818.0,100.0529355153739,10.277981594330473,0.10272543770343633,14.470266837845092,1.0,0.2891120391389052,1.0144556019569453,-0.04389794622855575
1,purge,820.0,100.05293420712682,10.275760955128046,0.10270324440316214,14.382490510621334,1.0,0.2868864456469208,1.014344322282346,-0.043878382607828455
1,purge,822.0,100.0529328995265,10.273541304095161,0.10268106097811133,14.29475330096526,1.0,0.2846618427684295,1.0142330921384215,-0.04385882865993015
1,purge,824.0,100.05293159257272,10.271322640744602,0.10265888742341536,14.207055189536861,1.0,0.28243823001478346,1.0141219115007392,-0.043839284379206124
1,purge,826.0,100.05293028626492,10.269104964589417,0.1026367237342087,14.119396157007449,1.0,0.2802156068976198,1.014010780344881,-0.04381974976000551
1,purge,828.0,100.05292898060291,10.26688827514295,0.1026145699056284,14.031776184059622,1.0,0.27799397292885974,1.013899698646443,-0.043800224796681816
1,purge,830.0,100.05292767558623,10.264672571918839,0.10259242593281459,13.944195251387267,1.0,0.2757733276207093,1.0137886663810354,-0.04378070948359208
1,purge,832.0,100.05292637121441,10.262457854430982,0.10257029181091025,13.856653339695557,1.0,0.2735536704856576,1.013677683524283,-0.04376120381509821
1,purge,834.0,100.05292506748735,10.26024412219358,0.10254816753506087,13.769150429700936,1.0,0.27133500103647773,1.0135667500518242,-0.04374170778556607
1,purge,836.0,100.05292376440431,10.258031374721089,0.10252605310041499,13.681686502131107,1.0,0.2691173187862272,1.0134558659393116,-0.043722221389364935
1,purge,838.0,100.05292246196512,10.255819611528274,0.10250394850212396,13.594261537725039,1.0,0.26690062324824626,1.0133450311624124,-0.04370274462086867
1,purge,840.0,100.05292116016943,10.253608832130178,0.10248185373534192,13.506875517232947,1.0,0.26468491393615823,1.013234245696808,-0.04368327747445552
1,purge,842.0,100.05291985901668,10.251399036042118,0.10245976879522592,13.41952842141628,1.0,0.2624701903638697,1.0131235095181934,-0.04366381994450721
1,purge,844.0,100.05291855850679,10.249190222779713,0.10243769367693568,13.332220231047717,1.0,0.2602564520455697,1.0130128226022785,-0.04364437202541001
1,purge,846.0,100.05291725863911,10.246982391858822,0.10241562837563382,13.244950926911178,1.0,0.25804369849572995,1.0129021849247866,-0.043624933711554216
1,purge,848.0,100.05291595941343,10.244775542795624,0.10239357288648568,13.157720489801783,1.0,0.25583192922910464,1.0127915964614553,-0.04360550499733401
1,purge,850.0,100.05291466082922,10.24256967510656,0.10237152720465956,13.070528900525858,1.0,0.2536211437607299,1.0126810571880365,-0.04358608587714781
1,purge,852.0,100.05291336288633,10.240364788308359,0.10234949132532631,12.983376139900935,1.0,0.2514113416059242,1.0125705670802962,-0.043566676345397806
1,purge,854.0,100.05291206558417,10.238160881918034,0.10232746524366,12.89626218875574,1.0,0.2492025222802873,1.0124601261140145,-0.04354727639649068
1,purge,856.0,100.0529107689225,10.235957955452875,0.10230544895483713,12.809187027930172,1.0,0.24699468529970042,1.012349734264985,-0.04352788602483709
1,purge,858.0,100.0529094729009,10.233756008430442,0.1022834424540371,12.722150638275314,1.0,0.24478783018032674,1.0122393915090164,-0.04350850522485143
1,purge,860.0,100.05290817751896,10.23155504036859,0.1022614457364422,12.635153000653412,1.0,0.24258195643860983,1.0121290978219304,-0.04348913399095256
1,purge,862.0,100.05290688277638,10.229355050785449,0.10223945879723742,12.548194095937868,1.0,0.24037706359127448,1.0120188531795637,-0.043469772317563264
1,purge,864.0,100.05290558867271,10.22715603919942,0.10221748163161057,12.461273905013236,1.0,0.23817315115532692,1.0119086575577663,-0.043450420199109725
1,purge,866.0,100.05290429520771,10.224958005129201,0.1021955142347522,12.374392408775217,1.0,0.23597021864805204,1.0117985109324026,-0.04343107763002373
1,purge,868.0,100.05290300238084,10.222760948093741,0.10217355660185572,12.287549588130643,1.0,0.2337682655870172,1.0116884132793509,-0.043411744604739455
1,purge,870.0,100.05290171019185,10.220564867612296,0.10215160872811732,12.200745423997466,1.0,0.23156729149006886,1.0115783645745033,-0.0433924211176956
1,purge,872.0,100.05290041864033,10.218369763204391,0.1021296706087359,12.11397989730477,1.0,0.2293672958753333,1.0114683647937666,-0.04337310716333542
1,purge,874.0,100.05289912772588,10.216175634389854,0.10210774223891358,12.027252988992739,1.0,0.22716827826121674,1.011358413913061,-0.043353802736105736
1,purge,876.0,100.05289783744814,10.213982480688756,0.10208582361385468,11.940564680012665,1.0,0.22497023816640413,1.01124851190832,-0.043334507830458086
1,purge,878.0,100.0528965478068,10.211790301621424,0.10206391472876625,11.85391495132692,1.0,0.22277317510986114,1.0111386587554934,-0.0433152224408467
1,purge,880.0,100.0528952588014,10.209599096708548,0.10204201557885889,11.767303783908984,1.0,0.22057708861083175,1.0110288544305417,-0.04329594656173089
1,purge,882.0,100.0528939704316,10.207408865471017,0.10202012615934516,11.680731158743392,1.0,0.2183819781888385,1.0109190989094419,-0.0432766801875738
1,purge,884.0,100.05289268269709,10.20521960743003,0.10199824646544074,11.594197056825763,1.0,0.21618784336368274,1.0108093921681842,-0.04325742331284274
1,purge,886.0,100.05289139559738,10.20303132210705,0.10197637649236406,11.507701459162787,1.0,0.21399468365544522,1.0106997341827724,-0.04323817593200847
1,purge,888.0,100.05289010913219,10.200844009023816,0.10195451623533609,11.421244346772186,1.0,0.21180249858448422,1.0105901249292242,-0.043218938039546045
1,purge,890.0,100.0528888233012,10.198657667702381,0.10193266568958105,11.334825700682735,1.0,0.20961128767143689,1.010480564383572,-0.043199709629933934
1,purge,892.0,100.05288753810387,10.19647229766504,0.10191082485032568,11.248445501934262,1.0,0.20742105043721695,1.0103710525218608,-0.04318049069765601
1,purge,894.0,100.05288625354002,10.194287898434387,0.10188899371279955,11.1621037315776,1.0,0.2052317864030164,1.0102615893201508,-0.0431612812371992
1,purge,896.0,100.05288496960918,10.192104469533255,0.10186717227223463,11.075800370674623,1.0,0.20304349509030514,1.0101521747545152,-0.043142081243054464
1,purge,898.0,100.05288368631103,10.189922010484786,0.10184536052386609,10.989535400298212,1.0,0.2008561760208304,1.0100428088010416,-0.04312289070971652
1,purge,900.0,100.05288240364517,10.187740520812397,0.10182355846293176,10.903308801532253,1.0,0.1986698287166155,1.009933491435831,-0.04310370963168496
1,purge,902.0,100.05288112161114,10.185560000039754,0.10180176608467202,10.817120555471634,1.0,0.19648445269996215,1.009824222634998,-0.04308453800346223
1,purge,904.0,100.05287984020869,10.183380447690846,0.1017799833843304,10.730970643222228,1.0,0.19430004749344773,1.0097150023746724,-0.04306537581955534
1,purge,906.0,100.05287855943752,10.181201863289909,0.10175821035715285,10.644859045900892,1.0,0.1921166126199254,1.0096058306309963,-0.04304622307447605
1,purge,908.0,100.05287727929706,10.179024246361417,0.10173644699838791,10.558785744635463,1.0,0.18993414760252653,1.0094967073801264,-0.04302707976273856
1,purge,910.0,100.05287599978713,10.176847596430173,0.10171469330328718,10.472750720564733,1.0,0.18775265196465757,1.009387632598233,-0.043007945878861746
1,purge,912.0,100.05287472090723,10.174671913021234,0.10169294926710501,10.38675395483846,1.0,0.18557212523000105,1.0092786062615,-0.04298882141736838
1,purge,914.0,100.05287344265714,10.172497195659952,0.10167121488509843,10.300795428617354,1.0,0.18339256692251515,1.0091696283461258,-0.04296970637278527
1,purge,916.0,100.0528721650364,10.170323443871935,0.10164949015252724,10.214875123073059,1.0,0.18121397656643318,1.0090606988283217,-0.04295060073964331
1,purge,918.0,100.0528708880446,10.168150657183059,0.10162777506465395,10.128993019388163,1.0,0.17903635368626433,1.0089518176843133,-0.0429315045124771
1,purge,920.0,100.05286961168139,10.165978835119489,0.10160606961674379,10.043149098756174,1.0,0.1768596978067925,1.0088429848903395,-0.04291241768582532
1,purge,922.0,100.05286833594647,10.163807977207657,0.10158437380406474,9.957343342381522,1.0,0.17468400845307683,1.0087342004226538,-0.04289334025423054
1,purge,924.0,100.05286706083949,10.161638082974276,0.10156268762188746,9.871575731479547,1.0,0.1725092851504509,1.0086254642575225,-0.042874272212239266
1,purge,926.0,100.05286578636,10.159469151946315,0.10154101106548548,9.785846247276496,1.0,0.1703355274245231,1.0085167763712262,-0.04285521355440189
1,purge,928.0,100.05286451250771,10.15730118365104,0.10151934413013497,9.700154871009502,1.0,0.16816273480117572,1.0084081367400588,-0.04283616427527301
1,purge,930.0,100.05286323928219,10.155134177615963,0.10149768681111478,9.614501583926593,1.0,0.16599090680656564,1.0082995453403283,-0.04281712436941066
1,purge,932.0,100.05286196668314,10.152968133368889,0.10147603910370653,9.528886367286672,1.0,0.1638200429671231,1.0081910021483562,-0.04279809383137742
1,purge,934.0,100.05286069471012,10.150803050437894,0.10145440100319464,9.443309202359519,1.0,0.16165014280955278,1.0080825071404775,-0.0427790726557392
1,purge,936.0,100.05285942336289,10.14863892835132,0.10143277250486613,9.357770070425772,1.0,0.15948120586083275,1.0079740602930416,-0.04276006083706591
1,purge,938.0,100.05285815264098,10.146475766637796,0.10141115360401096,9.272268952776932,1.0,0.15731323164821392,1.0078656615824106,-0.04274105836993177
1,purge,940.0,100.05285688254406,10.144313564826204,0.10138954429592158,9.186805830715336,1.0,0.15514621969922038,1.0077573109849611,-0.042722065248914816
1,purge,942.0,100.05285561307176,10.142152322445696,0.10136794457589314,9.101380685554172,1.0,0.15298016954164945,1.0076490084770824,-0.042703081468596894
1,purge,944.0,100.05285434422372,10.13999203902571,0.1013463544392236,9.01599349861746,1.0,0.1508150807035715,1.0075407540351786,-0.04268410702356341
1,purge,946.0,100.05285307599961,10.137832714095955,0.10132477388121368,8.930644251240036,1.0,0.14865095271332887,1.0074325476356665,-0.042665141908404196
1,purge,948.0,100.05285180839896,10.135674347186395,0.10130320289716671,8.845332924767563,1.0,0.14648778509953697,1.0073243892549768,-0.042646186117712426
1,purge,950.0,100.05285054142162,10.133516937827302,0.10128164148238887,8.76005950055651,1.0,0.14432557739108248,1.0072162788695542,-0.04262723964608587
1,purge,952.0,100.052849275067,10.131360485549177,0.10126008963218897,8.674823959974143,1.0,0.1421643291171245,1.0071082164558562,-0.042608302488125735
1,purge,954.0,100.05284800933491,10.129204989882815,0.1012385473418784,8.589626284398523,1.0,0.14000403980709392,1.0070002019903548,-0.04258937463843721
1,purge,956.0,100.05284674422488,10.127050450359269,0.10121701460677139,8.504466455218507,1.0,0.13784470899069337,1.0068922354495349,-0.0425704560916293
1,purge,958.0,100.05284547973656,10.124896866509875,0.10119549142218494,8.419344453833714,1.0,0.13568633619789658,1.0067843168098949,-0.04255154684231494
1,purge,960.0,100.05284421586963,10.122744237866236,0.10117397778343859,8.33426026165454,1.0,0.13352892095894853,1.0066764460479474,-0.04253264688511096
1,purge,962.0,100.05284295262376,10.12059256396022,0.10115247368585463,8.249213860102147,1.0,0.13137246280436524,1.0065686231402182,-0.04251375621463806
1,purge,964.0,100.05284168999846,10.118441844323963,0.10113097912475813,8.16420523060845,1.0,0.12921696126493323,1.0064608480632466,-0.04249487482552109
1,purge,966.0,100.05284042799353,10.116292078489879,0.10110949409547665,8.079234354616109,1.0,0.1270624158717105,1.0063531207935856,-0.04247600271238796
1,purge,968.0,100.05283916660854,10.114143265990647,0.10108801859334066,7.994301213578522,1.0,0.12490882615602494,1.0062454413078012,-0.04245713986987099
1,purge,970.0,100.05283790584313,10.111995406359222,0.10106655261368329,7.909405788959822,1.0,0.12275619164947382,1.0061378095824738,-0.04243828629260686
1,purge,972.0,100.05283664569693,10.109848499128812,0.10104509615184028,7.824548062234864,1.0,0.12060451188392571,1.0060302255941964,-0.042419441975235235
1,purge,974.0,100.05283538616958,10.107702543832904,0.10102364920314995,7.739728014889224,1.0,0.11845378639151867,1.0059226893195758,-0.04240060691239992
1,purge,976.0,100.05283412726072,10.105557540005254,0.10100221176295356,7.654945628419175,1.0,0.11630401470466008,1.005815200735233,-0.04238178109874864
1,purge,978.0,100.05283286897007,10.103413487179893,0.10098078382659485,7.570200884331704,1.0,0.1141551963560271,1.0057077598178013,-0.04236296452893294
1,purge,980.0,100.05283161129722,10.101270384891102,0.10095936538942035,7.485493764144484,1.0,0.11200733087856596,1.0056003665439284,-0.042344157197608215
1,purge,982.0,100.05283035424173,10.099128232673449,0.10093795644677929,7.400824249385874,1.0,0.10986041780549209,1.0054930208902746,-0.042325359099433635
1,purge,984.0,100.05282909780341,10.096987030061767,0.10091655699402348,7.31619232159491,1.0,0.10771445667028949,1.0053857228335146,-0.04230657022907238
1,purge,986.0,100.05282784198171,10.094846776591135,0.10089516702650742,7.231597962321296,1.0,0.10556944700671123,1.0052784723503356,-0.04228779058119116
1,purge,988.0,100.05282658677642,10.09270747179693,0.10087378653958833,7.147041153125411,1.0,0.1034253883487786,1.0051712694174388,-0.042269020150460905
1,purge,990.0,100.05282533218711,10.090569115214777,0.10085241552862605,7.0625218755782715,1.0,0.10128228023078129,1.005064114011539,-0.042250258931556026
1,purge,992.0,100.05282407821349,10.088431706380577,0.10083105398898315,6.978040111261551,1.0,0.09914012218727725,1.0049570061093638,-0.04223150691915476
1,purge,994.0,100.0528228248552,10.0862952448305,0.10080970191602485,6.893595841767561,1.0,0.09699891375309194,1.0048499456876547,-0.04221276410793949
1,purge,996.0,100.05282157211184,10.084159730100966,0.10078835930511898,6.809189048699245,1.0,0.0948586544633192,1.004742932723166,-0.042194030492595895
1,purge,998.0,100.05282031998298,10.08202516172868,0.10076702615163617,6.7248197136701675,1.0,0.09271934385331931,1.004635967192666,-0.04217530606781428
1,purge,1000.0,100.05281906846847,10.079891539250616,0.10074570245094956,6.640487818304516,1.0,0.09058098145872127,1.0045290490729362,-0.042156590828287724
1,purge,1002.0,100.05281781756771,10.07775886220399,0.10072438819843504,6.556193344237081,1.0,0.08844356681541993,1.004422178340771,-0.04213788476871407
1,purge,1004.0,100.05281656728059,10.07562713012629,0.10070308338947087,6.471936273113256,1.0,0.08630709945957783,1.0043153549729789,-0.042119187883794394
1,purge,1006.0,100.0528153176066,10.07349634255529,0.10068178801943842,6.38771658658903,1.0,0.08417157892762467,1.0042085789463813,-0.04210050016823335
1,purge,1008.0,100.05281406854542,10.07136649902902,0.10066050208372156,6.303534266330976,1.0,0.08203700475625593,1.0041018502378127,-0.04208182161673989
1,purge,1010.0,100.05281282009672,10.069237599085783,0.10063922557770676,6.219389294016248,1.0,0.07990337648243362,1.0039951688241218,-0.042063152224026734
1,purge,1012.0,100.05281157226008,10.067109642264128,0.10061795849678314,6.135281651332571,1.0,0.07777069364338605,1.0038885346821693,-0.042044491984810285
1,purge,1014.0,100.05281032503524,10.06498262810288,0.10059670083634241,6.051211319978228,1.0,0.07563895577660758,1.0037819477888303,-0.04202584089381065
1,purge,1016.0,100.05280907842176,10.062856556141119,0.10057545259177895,5.967178281662066,1.0,0.07350816241985852,1.0036754081209929,-0.042007198945751674
1,purge,1018.0,100.0528078324194,10.06073142591821,0.10055421375848986,5.8831825181034745,1.0,0.07137831311116451,1.0035689156555583,-0.04198856613536116
1,purge,1020.0,100.05280658702767,10.058607236973764,0.10053298433187491,5.799224011032388,1.0,0.06924940738881707,1.0034624703694408,-0.041969942457370436
1,purge,1022.0,100.05280534224629,10.056483988847662,0.10051176430733634,5.715302742189269,1.0,0.06712144479137255,1.0033560722395687,-0.04195132790651478
1,purge,1024.0,100.05280409807494,10.054361681080062,0.1004905536802792,5.631418693325111,1.0,0.06499442485765233,1.0032497212428826,-0.04193272247753341
1,purge,1026.0,100.0528028545132,10.052240313211371,0.10046935244611122,5.547571846201423,1.0,0.06286834712674302,1.0031434173563372,-0.04191412616516891
1,purge,1028.0,100.0528016115608,10.05011988478225,0.10044816060024239,5.4637621825902265,1.0,0.060743211137995676,1.0030371605568997,-0.04189553896416789
1,purge,1030.0,100.05280036921728,10.048000395333641,0.10042697813808575,5.379989684274041,1.0,0.05861901643102631,1.0029309508215514,-0.04187696086928031
1,purge,1032.0,100.05279912748243,10.045881844406765,0.10040580505505686,5.296254333045891,1.0,0.056495762545714166,1.0028247881272858,-0.04185839187526076
1,purge,1034.0,100.05279788635568,10.043764231543056,0.10038464134657384,5.21255611070928,1.0,0.05437344902220374,1.0027186724511101,-0.041839831976866686
1,purge,1036.0,100.05279664583695,10.041647556284264,0.10036348700805739,5.128894999078198,1.0,0.052252075400902945,1.0026126037700451,-0.041821281168859664
1,purge,1038.0,100.05279540592569,10.039531818172364,0.10034234203493096,5.045270979977106,1.0,0.05013164122248358,1.002506582061124,-0.04180273944600492
1,purge,1040.0,100.05279416662164,10.037417016749623,0.10032120642262063,4.961684035240929,1.0,0.04801214602788079,1.0024006073013942,-0.04178420680307157
1,purge,1042.0,100.05279292792443,10.035303151558548,0.10030008016655502,4.878134146715055,1.0,0.045893589358293296,1.0022946794679146,-0.04176568323483234
1,purge,1044.0,100.0527916898337,10.03319022214192,0.10027896326216539,4.794621296255318,1.0,0.04377597075518289,1.002188798537759,-0.04174716873606372
1,purge,1046.0,100.05279045234911,10.031078228042771,0.10025785570488559,4.7111454657279985,1.0,0.041659289760274575,1.0020829644880138,-0.0417286633015458
1,purge,1048.0,100.05278921547028,10.028967168804412,0.1002367574901522,4.627706637009811,1.0,0.039543545915555686,1.0019771772957777,-0.041710166926062775
1,purge,1050.0,100.05278797919696,10.026857043970399,0.10021566861340424,4.544304791987898,1.0,0.037428738763276875,1.0018714369381638,-0.041691679604401996
1,purge,1052.0,100.05278674352869,10.02474785308455,0.10019458907008347,4.460939912559826,1.0,0.035314867845950476,1.0017657433922975,-0.04167320133135514
1,purge,1054.0,100.05278550846516,10.022639595690963,0.10017351885563425,4.37761198063357,1.0,0.03320193270635181,1.0016600966353175,-0.041654732101716996
1,purge,1056.0,100.05278427400609,10.020532271333986,0.10015245796550351,4.294320978127518,1.0,0.03108993288751753,1.001554496644376,-0.04163627191028668
1,purge,1058.0,100.05278304015101,10.018425879558208,0.10013140639514077,4.21106688697045,1.0,0.028978867932747145,1.0014489433966374,-0.04161782075186622
1,purge,1060.0,100.05278180689966,10.01632041990852,0.1001103641399983,4.1278496891015415,1.0,0.026868737385600864,1.00134343686928,-0.04159937862126215
1,purge,1062.0,100.05278057425167,10.014215891930046,0.10008933119553078,4.044669366470349,1.0,0.024759540789900728,1.001237977039495,-0.04158094551328441
1,purge,1064.0,100.0527793422067,10.01211229516817,0.10006830755719563,3.961525901036809,1.0,0.022651277689730246,1.0011325638844868,-0.04156252142274659
1,purge,1066.0,100.05277811076431,10.010009629168534,0.10004729322045278,3.878419274771224,1.0,0.02054394762943393,1.0010271973814717,-0.041544106344466016
1,purge,1068.0,100.05277687992435,10.007907893477068,0.10002628818076474,3.7953494696542585,1.0,0.01843755015361745,1.000921877507681,-0.041525700273263556
1,purge,1070.0,100.05277564968631,10.005807087639932,0.10000529243359679,3.7123164676769327,1.0,0.016332084807146985,1.0008166042403575,-0.04150730320396401
1,purge,1072.0,100.0527744200499,10.003707211203547,0.09998430597441656,3.6293202508406,1.0,0.0142275511351491,1.0007113775567575,-0.0414889151313957
1,purge,1074.0,100.05277319101477,10.001608263714614,0.09996332879869449,3.546360801156994,1.0,0.012123948683011657,1.0006061974341507,-0.041470536050390784
1,purge,1076.0,100.05277147392786,9.999262722983818,0.09993988747817412,3.4634394697988875,1.0,0.010032535899475956,1.0005016267949738,-0.0414434113943865
1,purge,1078.0,100.05275608729403,9.979872065679071,0.09974609851798417,3.380742413037375,1.0,0.008213945672080714,1.000410697283604,-0.04120797063652454
1,purge,1080.0,100.05272439438396,9.931849919293635,0.09926616171034637,3.2987690754948304,1.0,0.006725009926634583,1.0003362504963318,-0.04072987376712163
1,purge,1082.0,100.05268009976494,9.860806301509525,0.09855614354035373,3.2179476749492686,1.0,0.005505972447629049,1.0002752986223815,-0.040064294989834714
1,purge,1084.0,100.05262620712107,9.77203814344403,0.09766898195370431,3.1386068717893254,1.0,0.00450790898968851,1.0002253954494844,-0.03925596842382947
1,purge,1086.0,100.05256514745578,9.669841843912772,0.09664761547753946,3.060994676104441,1.0,0.003690763740718152,1.000184538187036,-0.03834109780432866
1,purge,1088.0,100.05249888400337,9.55769096256892,0.09552675914321443,2.985293893018842,1.0,0.0030217417918794137,1.0001510870895942,-0.037348919262710896
1,purge,1090.0,100.0524289980857,9.43839212169646,0.09433446260337212,2.9116347364258095,1.0,0.00247399294516166,1.000123699647258,-0.0363029802312901
1,purge,1092.0,100.05235675936194,9.314210197449816,0.09309336130733656,2.8401051249926885,1.0,0.0020255341181015314,1.000101276705905,-0.03522218588773457
1,purge,1094.0,100.0522831833041,9.186969141944653,0.09182168412002516,2.7707590819090036,1.0,0.001658367083122562,1.0000829183541562,-0.034121655313344476
1,purge,1096.0,100.05220907821632,9.058133515453822,0.09053406815208428,2.7036235832289166,1.0,0.0013577561389765862,1.0000678878069489,-0.0330134218761766
1,purge,1098.0,100.05213508369326,8.928874648241697,0.08924221997634259,2.6387041372576863,1.0,0.0011116367131303547,1.0000555818356565,-0.03190700610891205
1,purge,1100.0,100.05206170207207,8.800124480128835,0.08795545369502952,2.5759893260086826,1.0,0.0009101311694684854,1.0000455065584735,-0.03080988420798823
1,purge,1102.0,100.05198932414876,8.672619472846316,0.08668112979491827,2.5154544979643734,1.0,0.0007451523832759348,1.0000372576191638,-0.029727871100332235
1,purge,1104.0,100.0519182502005,8.546936490238966,0.0854250137300275,2.4570647669544665,1.0,0.0006100791769545721,1.0000305039588477,-0.02866543358106476
1,purge,1106.0,100.05184870716549,8.42352215736381,0.08419156933339639,2.4007774439100076,1.0,0.0004994905883685951,1.0000249745294185,-0.027625946219272647
1,purge,1108.0,100.05178086267819,8.302716909596231,0.08298419916174975,2.346544005195396,1.0,0.00040894830963648314,1.000020447415482,-0.026611900422391463
1,purge,1110.0,100.05171483653226,8.184774708306731,0.08180544153270419,2.294311682440678,1.0,0.00033481856124002675,1.000016740928062,-0.02562507517104634
1,purge,1112.0,100.051650710036,8.069879212745617,0.08065713214600807,2.244024743308067,1.0,0.0002741262559545355,1.0000137063127976,-0.0246666763865168
1,purge,1114.0,100.05158853364725,7.958157049745576,0.07954053670091661,2.1956255200434636,1.0,0.000224435598579363,1.000011221779929,-0.02373745063397737
1,purge,1116.0,100.05152833319642,7.849688703807393,0.07845645973208906,2.14905523232462,1.0,0.0001837523287749427,1.0000091876164388,-0.022837777830047944
1,purge,1118.0,100.05147011495839,7.744517454046008,0.07740533392610441,2.104254642444241,1.0,0.00015044368426319284,1.000007522184213,-0.02196774677515953
1,purge,1120.0,100.05141386978002,7.6426567068666476,0.07638729340510668,2.061164573945261,1.0,0.0001231728723414938,1.000006158643617,-0.021127216638478854
1,purge,1122.0,100.05135957643753,7.544096010187945,0.07540223383395789,2.019726319158418,1.0,0.00010084541970078304,1.000005042270985,-0.020315866955801745
1,purge,1124.0,100.05130720436253,7.448805983699781,0.07444986169431068,1.9798819564506467,1.0,8.256524737389508e-05,1.0000041282623686,-0.019533238236061293
1,purge,1126.0,100.0512567158536,7.356742357590277,0.07352973464874596,1.941574594194628,1.0,6.759870794468828e-05,1.0000033799353973,-0.018778764891695703
1,purge,1128.0,100.05120806786559,7.26784927799687,0.07264129457654349,1.9047485553610912,1.0,5.5345141704692725e-05,1.0000027672570853,-0.018051801896692164
1,purge,1130.0,100.05116121345662,7.182062009174266,0.07178389458020899,1.8693495140913083,1.0,4.5312770072747976e-05,1.0000022656385037,-0.017351646321169423
1,purge,1132.0,100.05111610295239,7.099309139412886,0.07095682103243818,1.8353245935251503,1.0,3.709895879608215e-05,1.0000018549479397,-0.01667755468264206
1,purge,1134.0,100.05107268488273,7.019514378735076,0.07015931154325038,1.80262243245636,1.0,3.0374058825883974e-05,1.0000015187029412,-0.01602875688324301
1,purge,1136.0,100.0510309067306,6.942598020816664,0.06939056957132884,1.7711932269926858,1.0,2.4868176345037744e-05,1.0000012434088172,-0.015404467362304585
1,purge,1138.0,100.0509907155285,6.868478128839341,0.06864977627626141,1.740988752258027,1.0,2.0360340982841858e-05,1.000001018017049,-0.014803893979193922
1,purge,1140.0,100.05095205833126,6.797071494353468,0.06793610010218264,1.7119623682408278,1.0,1.6669637499185127e-05,1.0000008334818749,-0.014226245047567192
1,purge,1142.0,100.05091488258756,6.728294409619565,0.06724870449725921,1.6840690131298914,1.0,1.3647945021569743e-05,1.0000006823972512,-0.013670734865481003
1,purge,1144.0,100.05087913642933,6.662063286751179,0.06658675410204834,1.657265186854825,1.0,1.1173992435102188e-05,1.0000005586996217,-0.013136588022997121
1,purge,1146.0,100.05084476889475,6.598295151056317,0.06594941968053918,1.6315089270381544,1.0,9.14849134740727e-06,1.0000004574245673,-0.012623042717512111
1,purge,1148.0,100.05081173009704,6.536908031197176,0.06533588201994327,1.6067597791491786,1.0,7.490151297280725e-06,1.000000374507565,-0.012129353264971691
1,purge,1150.0,100.05077997134947,6.477821264742275,0.06474533498486731,1.5829787623088851,1.0,6.132417283430656e-06,1.0000003066208643,-0.011654791960696628
1,purge,1152.0,100.05074944525578,6.4209557344535195,0.06417698787920462,1.5601283319169148,1.0,5.020798678896107e-06,1.000000251039934,-0.011198650415368758
1,purge,1154.0,100.0507201057713,6.366234047871044,0.0636300672413033,1.5381723400442984,1.0,4.1106823311121055e-06,1.0000002055341166,-0.010760240468667704
1,purge,1156.0,100.05069190824207,6.313580670641995,0.06310381817681252,1.5170759943502021,1.0,3.3655420796582205e-06,1.000000168277104,-0.010338894764181908
1,purge,1158.0,100.05066480942527,6.262922022055742,0.06259750531378522,1.4968058161296232,1.0,2.7554728333594695e-06,1.0000001377736416,-0.009933967053782444
1,purge,1160.0,100.0506387674957,6.214186539896521,0.06211041345110709,1.4773295979756522,1.0,2.2559903741132577e-06,1.0000001127995186,-0.009544832287021235
1,purge,1162.0,100.05061374204062,6.167304720356292,0.06164184795764856,1.4586163614394607,1.0,1.8470487193613786e-06,1.0000000923524361,-0.009170886530788113
1,purge,1164.0,100.05058969404516,6.122209137768871,0.06119113496972478,1.4406363149894408,1.0,1.512235606517369e-06,1.0000000756117804,-0.008811546756015734
1,purge,1166.0,100.05056658587198,6.078834448088734,0.06075762142607516,1.4233608125044817,1.0,1.2381138113182206e-06,1.0000000619056906,-0.008466250521316806
1,purge,1168.0,100.0505443812344,6.0371173793479045,0.060340674972681446,1.4067623124824222,1.0,1.0136818648961786e-06,1.0000000506840931,-0.008134455577793824
1,purge,1170.0,100.05052304516632,5.996996711718705,0.05993968376368658,1.3908143381010207,1.0,8.299325262556924e-07,1.0000000414966266,-0.007815639414649935
1,purge,1172.0,100.05050254398883,5.958413249350779,0.05955405618008831,1.375491438233406,1.0,6.794912901077709e-07,1.0000000339745645,-0.007509298761461837
1,purge,1174.0,100.05048284527521,5.921309785796009,0.059183220484334095,1.3607691494914451,1.0,5.563204221135394e-07,1.000000027816021,-0.007214949059899652
1,purge,1176.0,100.05046391781393,5.885631064453994,0.05882662442513733,1.3466239593474756,1.0,4.5547664343350087e-07,1.0000000227738322,-0.006932123915167636
1,purge,1178.0,100.05044573157139,5.851323735255421,0.05848373480468172,1.3330332703664352,1.0,3.7291273961376913e-07,1.000000018645637,-0.006660374535391804
1,purge,1180.0,100.05042825765392,5.818336308578208,0.05815403701815839,1.3199753655656794,1.0,3.053151316782064e-07,1.0000000152657569,-0.006399269165510878
1,purge,1182.0,100.05041146826996,5.786619107156299,0.05783703457323081,1.3074293749080874,1.0,2.499708905848242e-07,1.0000000124985446,-0.006148392520867092
1,purge,1184.0,100.05039533669265,5.7561242166878985,0.05753224859649193,1.2953752429247973,1.0,2.0465885787026128e-07,1.000000010232943,-0.005907345224586809
1,purge,1186.0,100.05037983722215,5.7268054356443505,0.05723921733192445,1.283793697456664,1.0,1.6756050277200827e-07,1.0000000083780254,-0.005675743251941118
1,purge,1188.0,100.0503649451496,5.698618224724464,0.05695749563580906,1.2726662194979148,1.0,1.371869382121083e-07,1.0000000068593469,-0.005453217384146491
1,purge,1190.0,100.05035063672125,5.6715196563028485,0.056686654471566074,1.2619750141211643,1.0,1.1231916653783653e-07,1.0000000056159584,-0.005239412673473386
1,purge,1192.0,100.05033688910308,5.645468364155309,0.05642628040735943,1.2517029824597103,1.0,9.195915687139954e-08,1.0000000045979578,-0.005033987921051847
1,purge,1194.0,100.05032368034749,5.620424493687312,0.05617597511872229,1.2418336947206592,1.0,7.528979063114721e-08,1.0000000037644896,-0.004836615168376493
1,purge,1196.0,100.05031098935959,5.59634965284565,0.0559353548980055,1.2323513642007426,1.0,6.164206769761036e-08,1.0000000030821035,-0.004646979203202047
1,purge,1198.0,100.05029879586554,5.573206863855031,0.05570405017206542,1.2232408222755686,1.0,5.046825709281271e-08,1.000000002523413,-0.004464777080270841
1,purge,1200.0,100.05028708038132,5.550960515890083,0.05548170502929582,1.2144874943323518,1.0,4.131991456062694e-08,1.0000000020659958,-0.004289717657113679
2,adsorption,1200.0,100.05028708038132,5.550960515890083,0.05548170502929582,1.2144874943323518,1.0,4.131991456062694e-08,1.0000000020659958,-0.004289717657113679
2,adsorption,1202.0,100.04622036276022,8.558296831694845,0.08554342983336193,1.282491170226344,1.0,0.07934139198156571,1.0039670695990783,0.05623646234109439
2,adsorption,1204.0,100.04710629521121,9.374525097819616,0.09370111185582916,1.3813080884952498,1.0,0.0649592376073252,1.0032479618803662,0.043042043563808655
2,adsorption,1206.0,100.04721152810271,10.019761992832953,0.1001503374236318,1.4625565647119325,1.0,0.06510300894907109,1.0032551504474536,0.041529215686036805
2,adsorption,1208.0,100.04727341595924,10.07684162511315,0.10072080208740325,1.544278910552634,1.0,0.06623069780177165,1.0033115348900885,0.040774366074329216
2,adsorption,1210.0,100.04726354767342,10.080172383965895,0.10075410387574073,1.6261149615921837,1.0,0.06852219513521612,1.0034261097567607,0.04092501297362491
2,adsorption,1212.0,100.04726440030358,10.080843298986848,0.10076080899775465,1.7079468288986763,1.0,0.07059863748366925,1.0035299318741835,0.04090800065928849
2,adsorption,1214.0,100.04726576534834,10.083036027143736,0.10078272454534211,1.7897397715282855,1.0,0.07267021325228512,1.0036335106626142,0.04088797090621669
2,adsorption,1216.0,100.04726682842735,10.085126838734888,0.1008036217124255,1.8715002197602753,1.0,0.07474632683063921,1.003737316341532,0.0408721305326931
2,adsorption,1218.0,100.04726791149488,10.087192634454174,0.10082426881839131,1.9532283006399536,1.0,0.07682113507733922,1.003841056753867,0.04085591934752553
2,adsorption,1220.0,100.04726899896558,10.089262520452774,0.10084495680293971,2.034923865904552,1.0,0.07889504466509806,1.003944752233255,0.040839657520685455
2,adsorption,1222.0,100.04727008503109,10.091331663384816,0.10086563736130032,2.116586941089613,1.0,0.08096814833991696,1.0040484074169957,0.040823416883342976
2,adsorption,1224.0,100.04727117065465,10.093399789309693,0.10088630775439118,2.1982175403694986,1.0,0.08304042701898294,1.0041520213509492,0.04080718226741673
2,adsorption,1226.0,100.04727225595977,10.095467089677546,0.10090696989568512,2.2798156745326477,1.0,0.08511187936191499,1.0042555939680957,0.04079095241164074
2,adsorption,1228.0,100.04727334087676,10.09753358384063,0.10092762397868403,2.361381354762935,1.0,0.08718250706021714,1.004359125353011,0.040774728411710676
2,adsorption,1230.0,100.04727442541663,10.09959926373677,0.10094826992279371,2.4429145924330196,1.0,0.08925231016314031,1.004462615508157,0.04075851007858906
2,adsorption,1232.0,100.04727550957277,10.101664122244637,0.10096890765684155,2.5244153991891136,1.0,0.09132128906489768,1.0045660644532448,0.040742297486837935
2,adsorption,1234.0,100.04727659335012,10.10372815889208,0.10098953717610387,2.605883786394708,1.0,0.0933894439626079,1.0046694721981304,0.040726090562940014
2,adsorption,1236.0,100.04727767674574,10.105791372777208,0.10101015847156954,2.6873197654639673,1.0,0.09545677519887735,1.004772838759944,0.04070988934584499
2,adsorption,1238.0,100.04727875975921,10.10785376455251,0.10103077154976124,2.768723347797267,1.0,0.09752328307462282,1.0048761641537312,0.04069369384226047
2,adsorption,1240.0,100.04727984239082,10.109915334720892,0.10105137641570583,2.8500945447362067,1.0,0.09958896787673087,1.0049794483938366,0.040677504049125957
2,adsorption,1242.0,100.04728092464075,10.111976083551488,0.10107197307209374,2.931433367799351,1.0,0.10165382989777387,1.0050826914948887,0.0406613199642766
2,adsorption,1244.0,100.04728200650901,10.114036011343591,0.101092561521917,3.0127398283997033,1.0,0.10371786942859272,1.0051858934714297,0.04064514158630827
2,adsorption,1246.0,100.04728308799574,10.116095118392941,0.10111314176813194,3.0940139379495792,1.0,0.10578108675988451,1.0052890543379942,0.04062896891371835
2,adsorption,1248.0,100.04728416910109,10.118153404992446,0.10113371381366662,3.1752557078580317,1.0,0.10784348218222875,1.0053921741091114,0.0406128019449778
2,adsorption,1250.0,100.04728524982502,10.120210871432054,0.10115427766141961,3.256465149531246,1.0,0.1099050559861455,1.0054952527993073,0.040596640678568593
2,adsorption,1252.0,100.04728633016786,10.122267517999775,0.10117483331426998,3.3376422743725156,1.0,0.11196580846212452,1.0055982904231062,0.04058048511300682
2,adsorption,1254.0,100.0472874101295,10.124323344982965,0.10119538077509045,3.418787093782248,1.0,0.11402573990062734,1.0057012869950317,0.04056433524684438
2,adsorption,1256.0,100.0472884897101,10.126378352669475,0.10121592004675846,3.4998996191579494,1.0,0.11608485059207577,1.0058042425296039,0.040548191078660124
2,adsorption,1258.0,100.04728956890978,10.128432541348246,0.1012364511321625,3.580979861894229,1.0,0.11814314082682985,1.0059071570413416,0.040532052607042714
2,adsorption,1260.0,100.04729064772867,10.130485911309314,0.10125697403420193,3.6620278333828034,1.0,0.12020061089516935,1.0060100305447586,0.04051591983057603
2,adsorption,1262.0,100.04729172616669,10.13253846284337,0.10127748875578282,3.7430435450124877,1.0,0.12225726108727958,1.0061128630543639,0.04049979274782832
2,adsorption,1264.0,100.04729280422418,10.134590196241284,0.10129799529981269,3.8240270081692125,1.0,0.12431309169325526,1.0062156545846628,0.04048367135735487
2,adsorption,1266.0,100.0472938819011,10.136641111793612,0.10131849366919622,3.904978234236014,1.0,0.1263681030031,1.0063184051501552,0.04046755565769772
2,adsorption,1268.0,100.04729495919753,10.138691209790263,0.10133898386683161,3.985897234593041,1.0,0.12842229530674024,1.006421114765337,0.040451445647396576
2,adsorption,1270.0,100.04729603611364,10.140740490520681,0.10135946589561222,4.0667840206175505,1.0,0.13047566889403203,1.0065237834447016,0.040435341324993976
2,adsorption,1272.0,100.0472971126495,10.142788954273902,0.10137993975842748,4.147638603683907,1.0,0.13252822405476325,1.006626411202738,0.04041924268903719
2,adsorption,1274.0,100.04729818880513,10.144836601338802,0.10140040545816524,4.228460995163583,1.0,0.134579961078655,1.0067289980539327,0.04040314973807923
2,adsorption,1276.0,100.04729926458077,10.146883432004303,0.10142086299771365,4.309251206425157,1.0,0.13663088025536135,1.006831544012768,0.040387062470678727
2,adsorption,1278.0,100.04730033997637,10.148929446559452,0.10144131237996233,4.3900092488343105,1.0,0.13868098187446362,1.006934049093723,0.040370980885395424
2,adsorption,1280.0,100.04730141499216,10.150974645293433,0.10146175360780198,4.470735133753836,1.0,0.14073026622546622,1.0070365133112733,0.04035490498078692
2,adsorption,1282.0,100.04730248962814,10.153019028495462,0.10148218668412395,4.55142887254363,1.0,0.1427787335977964,1.0071389366798897,0.04033883475540858
2,adsorption,1284.0,100.04730356388447,10.155062596454702,0.1015026116118188,4.632090476560695,1.0,0.14482638428080513,1.0072413192140406,0.040322770207814114
2,adsorption,1286.0,100.04730463776116,10.157105349460181,0.10152302839377599,4.71271995715914,1.0,0.14687321856376542,1.0073436609281883,0.04030671133655423
2,adsorption,1288.0,100.0473057112584,10.159147287800817,0.10154343703288353,4.793317325690184,1.0,0.14891923673587704,1.007445961836794,0.04029065814018042
2,adsorption,1290.0,100.0473067843763,10.161188411765371,0.10156383753202813,4.873882593502146,1.0,0.1509644390862638,1.0075482219543133,0.040274610617242836
2,adsorption,1292.0,100.04730785711482,10.163228721642382,0.10158422989409434,4.954415771940458,1.0,0.15300882590397794,1.007650441295199,0.04025856876629361
2,adsorption,1294.0,100.04730892947416,10.16526821772043,0.10160461412196685,5.034916872347655,1.0,0.15505239747799998,1.0077526198739,0.04024253258588687
2,adsorption,1296.0,100.04731000145448,10.167306900287992,0.10162499021852943,5.115385906063378,1.0,0.1570951540972338,1.0078547577048618,0.0402265020745748
2,adsorption,1298.0,100.04731107305565,10.169344769633469,0.1016453581866653,5.195822884424371,1.0,0.15913709605051224,1.0079568548025255,0.040210477230912124
2,adsorption,1300.0,100.04731214427804,10.17138182604527,0.1016657180292574,5.276227818764488,1.0,0.16117822362659207,1.0080589111813296,0.040194458053452065
2,adsorption,1302.0,100.04731321512163,10.17341806981177,0.10168606974918855,5.356600720414681,1.0,0.16321853711415643,1.008160926855708,0.04017844454074838
2,adsorption,1304.0,100.04731428558642,10.175453501221229,0.10170641334934045,5.436941600703016,1.0,0.16525803680181153,1.0082629018400906,0.040162436691352665
2,adsorption,1306.0,100.04731535567268,10.1774881205618,0.10172674883259361,5.517250470954662,1.0,0.1672967229780902,1.0083648361489046,0.040146434503817115
2,adsorption,1308.0,100.04731642538034,10.179521928121579,0.10174707620182809,5.597527342491887,1.0,0.16933459593145092,1.0084667297965726,0.04013043797669399
2,adsorption,1310.0,100.0473174947096,10.181554924188584,0.10176739545992301,5.6777722266340716,1.0,0.17137165595027848,1.008568582797514,0.04011444710853579
2,adsorption,1312.0,100.04731856366061,10.18358710905075,0.10178770660975671,5.757985134697697,1.0,0.1734079033228829,1.0086703951661442,0.04009846189789471
2,adsorption,1314.0,100.04731963223333,10.185618482995922,0.10180800965420678,5.838166077996353,1.0,0.17544333833749998,1.008772166916875,0.04008248234332292
2,adsorption,1316.0,100.04732070042793,10.18764904631188,0.10182830459615003,5.918315067840727,1.0,0.1774779612822914,1.0088738980641145,0.04006650844337277
2,adsorption,1318.0,100.04732176824444,10.189678799286344,0.1018485914384627,5.998432115538615,1.0,0.179511772445345,1.0089755886222673,0.04005054019659679
2,adsorption,1320.0,100.04732283568306,10.19170774220695,0.10186887018402012,6.078517232394922,1.0,0.18154477211467393,1.0090772386057336,0.04003457760154725
2,adsorption,1322.0,100.04732390274387,10.193735875361279,0.10188914083569713,6.158570429711649,1.0,0.18357696057821685,1.0091788480289108,0.04001862065677619
2,adsorption,1324.0,100.04732496942694,10.195763199036822,0.10190940339636773,6.238591718787904,1.0,0.18560833812383795,1.009280416906192,0.040002669360835526
2,adsorption,1326.0,100.04732603573225,10.197789713520988,0.10192965786890508,6.318581110919904,1.0,0.18763890503932748,1.0093819452519663,0.03998672371227734
2,adsorption,1328.0,100.04732710166016,10.199815419101155,0.10194990425618178,6.398538617400963,1.0,0.18966866161240117,1.0094834330806202,0.039970783709653665
2,adsorption,1330.0,100.04732816721058,10.201840316064558,0.1019701425610694,6.4784642495215,1.0,0.19169760813069994,1.009584880406535,0.03995484935151597
2,adsorption,1332.0,100.04732923238353,10.203864404698402,0.10199037278643909,6.5583580185690415,1.0,0.19372574488179137,1.0096862872440895,0.03993892063641642
2,adsorption,1334.0,100.04733029717937,10.205887685289824,0.10201059493516097,6.6382199358282135,1.0,0.19575307215316765,1.0097876536076584,0.03992299756290649
2,adsorption,1336.0,100.04733136159795,10.20791015812584,0.10203080901010451,6.7180500125807505,1.0,0.19777959023224745,1.0098889795116124,0.03990708012953801
2,adsorption,1338.0,100.04733242563952,10.20993182349343,0.10205101501413838,6.797848260105484,1.0,0.1998052994063751,1.0099902649703187,0.039891168334862885
2,adsorption,1340.0,100.04733348930412,10.211952681679518,0.10207121295013084,6.877614689678354,1.0,0.20183019996282023,1.0100915099981411,0.03987526217743271
2,adsorption,1342.0,100.04733455259179,10.213972732970909,0.10209140282094911,6.957349312572403,1.0,0.20385429218877787,1.010192714609439,0.03985936165579867
2,adsorption,1344.0,100.04733561550273,10.215991977654362,0.10211158462945966,7.037052140057773,1.0,0.2058775763713689,1.0102938788185685,0.03984346676851228
2,adsorption,1346.0,100.047336678037,10.218010416016526,0.10213175837852809,7.116723183401708,1.0,0.20790005279764034,1.010395002639882,0.039827577514125294
2,adsorption,1348.0,100.04733774019464,10.22002804834402,0.10215192407101963,7.196362453868563,1.0,0.20992172175456436,1.0104960860877281,0.03981169389118894
2,adsorption,1350.0,100.0473388019758,10.222044874923363,0.10217208170979847,7.275969962719788,1.0,0.211942583529039,1.010597129176452,0.03979581589825465
2,adsorption,1352.0,100.04733986338061,10.224060896041015,0.1021922312977282,7.35554572121394,1.0,0.2139626384078878,1.0106981319203945,0.03977994353387367
2,adsorption,1354.0,100.04734092440908,10.226076111983351,0.10221237283767168,7.435089740606678,1.0,0.2159818866778602,1.010799094333893,0.03976407679659741
2,adsorption,1356.0,100.04734198506142,10.228090523036677,0.10223250633249092,7.514602032150759,1.0,0.21800032862563096,1.0109000164312816,0.039748215684976954
2,adsorption,1358.0,100.04734304533771,10.230104129487223,0.10225263178504723,7.594082607096049,1.0,0.2200179645378005,1.01100089822689,0.03973236019756341
2,adsorption,1360.0,100.04734410523794,10.232116931621134,0.10227274919820122,7.673531476689509,1.0,0.222034794700895,1.0111017397350448,0.039716510332907906
2,adsorption,1362.0,100.0473451647622,10.234128929724491,0.1022928585748127,7.75294865217521,1.0,0.22405081940136626,1.0112025409700682,0.039700666089561486
2,adsorption,1364.0,100.04734622391075,10.23614012408331,0.10231295991774073,7.83233414479432,1.0,0.2260660389255917,1.0113033019462796,0.03968482746607513
2,adsorption,1366.0,100.04734728268348,10.238150514983504,0.10233305322984368,7.911687965785109,1.0,0.22808045355987458,1.0114040226779937,0.039668994461
2,adsorption,1368.0,100.04734834108064,10.240160102710943,0.1023531385139791,7.991010126382953,1.0,0.23009406359044313,1.0115047031795221,0.03965316707288659
2,adsorption,1370.0,100.04734939910236,10.242168887551427,0.10237321577300401,8.070300637820324,1.0,0.23210686930345212,1.0116053434651726,0.03963734530028619
2,adsorption,1372.0,100.0473504567486,10.244176869790639,0.10239328500977435,8.1495595113268,1.0,0.2341188709849813,1.011705943549249,0.03962152914174943
2,adsorption,1374.0,100.04735151401952,10.246184049714207,0.10241334622714549,8.228786758129056,1.0,0.23613006892103605,1.0118065034460517,0.039605718595827004
2,adsorption,1376.0,100.04735257091525,10.248190427607717,0.10243339942797212,8.307982389450876,1.0,0.23814046339754794,1.0119070231698775,0.03958991366106987
2,adsorption,1378.0,100.0473536274358,10.250196003756626,0.10245344461510811,8.387146416513138,1.0,0.24015005470037326,1.0120075027350186,0.03957411433602838
2,adsorption,1380.0,100.04735468358139,10.252200778446358,0.10247348179140643,8.466278850533826,1.0,0.24215884311529487,1.0121079421557648,0.03955832061925349
2,adsorption,1382.0,100.04735573935197,10.254204751962241,0.10249351095971966,8.545379702728022,1.0,0.2441668289280206,1.012208341446401,0.03954253250929564
2,adsorption,1384.0,100.04735679474774,10.256207924589555,0.10251353212289943,8.62444898430791,1.0,0.24617401242418424,1.0123087006212093,0.039526750004705485
2,adsorption,1386.0,100.04735784976877,10.258210296613475,0.10253354528379663,8.703486706482781,1.0,0.24818039388934493,1.0124090196944673,0.03951097310403342
2,adsorption,1388.0,100.04735890441516,10.260211868319114,0.10255355044526142,8.782492880459015,1.0,0.25018597360898737,1.0125092986804496,0.03949520180582984
2,adsorption,1390.0,100.04735995868698,10.262212639991516,0.10257354761014323,8.861467517440104,1.0,0.2521907518685223,1.012609537593426,0.03947943610864531
2,adsorption,1392.0,100.04736101258439,10.26421261191564,0.10259353678129064,8.940410628626633,1.0,0.25419472895328554,1.0127097364476643,0.039463676011030055
2,adsorption,1394.0,100.04736206610742,10.266211784376381,0.1026135179615517,9.019322225216294,1.0,0.2561979051485389,1.012809895257427,0.039447921511534464
2,adsorption,1396.0,100.04736311925623,10.26821015765854,0.10263349115377342,9.098202318403875,1.0,0.25820028073946966,1.0129100140369736,0.03943217260870884
2,adsorption,1398.0,100.04736417203088,10.270207732046874,0.10265345636080236,9.177050919381266,1.0,0.2602018560111907,1.0130100928005596,0.03941642930110343
2,adsorption,1400.0,100.04736522443142,10.272204507826032,0.10267341358548415,9.255868039337463,1.0,0.26220263124874077,1.0131101315624371,0.03940069158726858
2,adsorption,1402.0,100.04736627645802,10.274200485280623,0.10269336283066384,9.334653689458548,1.0,0.2642026067370837,1.0132101303368541,0.03938495946575435
2,adsorption,1404.0,100.04736732811077,10.27619566469517,0.10271330409918564,9.413407880927716,1.0,0.2662017827611088,1.0133100891380555,0.039369232935110555
2,adsorption,1406.0,100.04736837938975,10.278190046354096,0.10273323739389288,9.492130624925261,1.0,0.268200159605632,1.0134100079802817,0.03935351199388775
2,adsorption,1408.0,100.04736943029499,10.28018363054178,0.10275316271762838,9.570821932628574,1.0,0.2701977375553939,1.0135098868777697,0.03933779664063581
2,adsorption,1410.0,100.0473704808267,10.282176417542521,0.1027730800732341,9.649481815212143,1.0,0.27219451689506086,1.013609725844753,0.039322086873904614
2,adsorption,1412.0,100.0473715309849,10.284168407640522,0.10279298946355117,9.728110283847565,1.0,0.2741904979092248,1.0137095248954613,0.03930638269224407
2,adsorption,1414.0,100.04737258076975,10.286159601119934,0.10281289089142007,9.806707349703528,1.0,0.2761856808824042,1.0138092840441202,0.039290684094204754
2,adsorption,1416.0,100.04737363018137,10.288149998264851,0.10283278435968074,9.885273023945821,1.0,0.2781800660990414,1.013909003304952,0.039274991078335875
2,adsorption,1418.0,100.04737467921967,10.290139599359248,0.10285266987117214,9.963807317737341,1.0,0.28017365384350534,1.0140086826921753,0.03925930364318734
2,adsorption,1420.0,100.04737572788501,10.292128404687055,0.10287254742873235,10.042310242238075,1.0,0.2821664444000906,1.0141083222200045,0.03924362178730918
2,adsorption,1422.0,100.04737677617729,10.294116414532116,0.10289241703519898,10.120781808605116,1.0,0.28415843805301705,1.0142079219026507,0.039227945509250996
2,adsorption,1424.0,100.0473778240967,10.296103629178205,0.10291227869340878,10.19922202799265,1.0,0.28614963508643043,1.0143074817543216,0.039212274807562716
2,adsorption,1426.0,100.04737887164326,10.298090048909009,0.10293213240619768,10.277630911551972,1.0,0.2881400357844018,1.0144070017892202,0.039196609680793984
2,adsorption,1428.0,100.04737991881713,10.300075674008173,0.10295197817640113,10.356008470431464,1.0,0.29012964043092804,1.0145064820215464,0.039180950127494625
2,adsorption,1430.0,100.04738096561837,10.30206050475924,0.10297181600685358,10.43435471577662,1.0,0.29211844930993097,1.0146059224654966,0.039165296146213786
2,adsorption,1432.0,100.04738201204715,10.304044541445688,0.1029916459003888,10.512669658730024,1.0,0.29410646270525914,1.014705323135263,0.03914964773550166
2,adsorption,1434.0,100.0473830581035,10.306027784350919,0.10301146785983988,10.590953310431361,1.0,0.2960936809006853,1.0148046840450342,0.03913400489390733
2,adsorption,1436.0,100.04738410378754,10.30801023375826,0.10303128188803914,10.66920568201742,1.0,0.298080104179909,1.0149040052089955,0.039118367619980624
2,adsorption,1438.0,100.04738514909937,10.309991889950957,0.103051087987818,10.747426784622085,1.0,0.30006573282655435,1.0150032866413277,0.039102735912270745
2,adsorption,1440.0,100.04738619403905,10.311972753212183,0.10307088616200734,10.825616629376338,1.0,0.302050567124172,1.0151025283562085,0.03908710976932743
2,adsorption,1442.0,100.04738723860673,10.31395282382506,0.10309067641343726,10.903775227408262,1.0,0.3040346073562374,1.0152017303678118,0.03907148918969994
2,adsorption,1444.0,100.04738828280242,10.31593210207259,0.10311045874493699,10.981902589843038,1.0,0.30601785380615204,1.0153008926903075,0.03905587417193787
2,adsorption,1446.0,100.04738932662639,10.317910588237757,0.10313023315933514,11.059998727802949,1.0,0.3080003067572429,1.0154000153378622,0.03904026471459049
2,adsorption,1448.0,100.04739037007855,10.319888282603422,0.10314999965945958,11.138063652407368,1.0,0.3099819664927619,1.0154990983246381,0.03902466081620695
2,adsorption,1450.0,100.04739141315909,10.321865185452399,0.10316975824813739,11.216097374772778,1.0,0.3119628332958872,1.0155981416647943,0.039009062475336496
2,adsorption,1452.0,100.04739245586809,10.323841297067414,0.10318950892819485,11.294099906012748,1.0,0.31394290744972325,1.0156971453724861,0.03899346969052923
2,adsorption,1454.0,100.04739349820564,10.32581661773113,0.10320925170245766,11.372071257237957,1.0,0.31592218923729803,1.0157961094618648,0.03897788246033337
2,adsorption,1456.0,100.04739454017181,10.327791147726142,0.10322898657375076,11.45001143955618,1.0,0.3179006789415669,1.0158950339470783,0.03896230078329867
2,adsorption,1458.0,100.0473955817668,10.329764887334939,0.10324871354489804,11.527920464072283,1.0,0.31987837684540965,1.0159939188422704,0.0389467246579739
2,adsorption,1460.0,100.0473966229906,10.331737836839954,0.10326843261872291,11.605798341888237,1.0,0.3218552832316321,1.0160927641615816,0.038931154082908356
2,adsorption,1462.0,100.0473976638434,10.333709996523554,0.10328814379804804,11.683645084103112,1.0,0.32383139838296615,1.0161915699191484,0.03891558905665141
2,adsorption,1464.0,100.04739870432518,10.335681366668007,0.10330784708569521,11.761460701813071,1.0,0.32580672258206844,1.0162903361291034,0.038900029577752
2,adsorption,1466.0,100.04739974443608,10.337651947555543,0.1033275424844857,11.839245206111384,1.0,0.32778125611152137,1.016389062805576,0.03888447564475902
2,adsorption,1468.0,100.04740078417623,10.339621739468294,0.10334722999723982,11.916998608088408,1.0,0.32975499925383295,1.0164877499626916,0.03886892725622159
2,adsorption,1470.0,100.04740182354578,10.34159074268831,0.10336690962677711,11.9947209188316,1.0,0.3317279522914371,1.016586397614572,0.03885338441068895
2,adsorption,1472.0,100.04740286254469,10.343558957497589,0.1033865813759166,12.07241214942552,1.0,0.3337001155066928,1.0166850057753347,0.03883784710670999
2,adsorption,1474.0,100.04740390117317,10.345526384178056,0.10340624524747656,12.150072310951831,1.0,0.335671489181885,1.0167835744590943,0.03882231534283374
2,adsorption,1476.0,100.0474049394312,10.347493023011527,0.10342590124427425,12.22770141448928,1.0,0.3376420735992231,1.0168821036799611,0.038806789117608424
2,adsorption,1478.0,100.04740597731906,10.349458874279788,0.1034455493691264,12.305299471113724,1.0,0.33961186904084356,1.0169805934520424,0.038791268429583546
2,adsorption,1480.0,100.04740701483666,10.351423938264505,0.10346518962484882,12.38286649189811,1.0,0.34158087578880786,1.0170790437894404,0.03877575327730798
2,adsorption,1482.0,100.04740805198418,10.353388215247291,0.10348482201425664,12.460402487912482,1.0,0.3435490941251021,1.017177454706255,0.03876024365933006
2,adsorption,1484.0,100.04740908876173,10.355351705509701,0.10350444654016445,12.537907470223988,1.0,0.34551652433163993,1.017275826216582,0.03874473957419943
2,adsorption,1486.0,100.04741012516936,10.357314409333195,0.10352406320538586,12.61538144989687,1.0,0.34748316669025836,1.017374158334513,0.03872924102046417
2,adsorption,1488.0,100.04741116120725,10.359276326999167,0.10354367201273379,12.692824437992464,1.0,0.34944902148272156,1.017472451074136,0.03871374799667356
2,adsorption,1490.0,100.04741219687543,10.361237458788931,0.1035632729650205,12.770236445569212,1.0,0.35141408899071797,1.017570704449536,0.0386982605013758
2,adsorption,1492.0,100.04741323217402,10.363197804983717,0.10358286606505725,12.847617483682653,1.0,0.3533783694958631,1.0176689184747931,0.038682778533120216
2,adsorption,1494.0,100.04741426710311,10.365157365864722,0.10360245131565504,12.924967563385414,1.0,0.35534186327969647,1.0177670931639848,0.038667302090454984
2,adsorption,1496.0,100.0474153016627,10.367116141713014,0.10362202871962373,13.002286695727223,1.0,0.357304570623684,1.0178652285311842,0.038651831171929066
2,adsorption,1498.0,100.04741633585307,10.369074132809631,0.10364159827977248,13.079574891754909,1.0,0.359266491809217,1.017963324590461,0.03863636577609107
2,adsorption,1500.0,100.04741736967418,10.371031339435504,0.1036611599989098,13.156832162512401,1.0,0.3612276271176122,1.0180613813558805,0.038620905901489505
2,adsorption,1502.0,100.0474184031263,10.372987761871522,0.10368071387984346,13.234058519040715,1.0,0.36318797683011184,1.0181593988415056,0.038605451546673
2,adsorption,1504.0,100.04741943620928,10.374943400398452,0.10370025992538034,13.311253972377974,1.0,0.36514754122788395,1.0182573770613943,0.03859000271019003
2,adsorption,1506.0,100.04742046892329,10.37689825529702,0.10371979813832671,13.38841853355939,1.0,0.36710632059202203,1.018355316029601,0.038574559390589395
2,adsorption,1508.0,100.04742150126864,10.378852326847905,0.10373932852148812,13.46555221361728,1.0,0.3690643152035447,1.0184532157601773,0.038559121586419325
2,adsorption,1510.0,100.04742253324517,10.380805615331635,0.10375885107766925,13.542655023581046,1.0,0.3710215253433968,1.0185510762671701,0.03854368929622862
2,adsorption,1512.0,100.04742356485309,10.382758121028731,0.10377836580967413,13.619726974477201,1.0,0.3729779512924486,1.0186488975646224,0.038528262518565885
2,adsorption,1514.0,100.04742459609244,10.384709844219612,0.10379787272030597,13.69676807732935,1.0,0.3749335933314951,1.0187466796665747,0.03851284125197924
2,adsorption,1516.0,100.04742562696337,10.38666078518463,0.10381737181236739,13.773778343158192,1.0,0.3768884517412581,1.018844422587063,0.03849742549501751
2,adsorption,1518.0,100.04742665746602,10.388610944204068,0.10383686308866014,13.850757782981528,1.0,0.37884252680238384,1.0189421263401193,0.03848201524622888
2,adsorption,1520.0,100.04742768760035,10.390560321558112,0.10385634655198529,13.927706407814247,1.0,0.3807958187954444,1.0190397909397721,0.03846661050416174
2,adsorption,1522.0,100.04742871736657,10.392508917526895,0.10387582220514306,14.004624228668346,1.0,0.38274832800093794,1.0191374164000468,0.03845121126736471
2,adsorption,1524.0,100.04742974676472,10.394456732390463,0.10389529005093298,14.081511256552911,1.0,0.3847000546992868,1.0192350027349644,0.03843581753438551
2,adsorption,1526.0,100.04743077579501,10.396403766428792,0.10391475009215377,14.158367502474125,1.0,0.386650999170841,1.019332549958542,0.03842042930377351
2,adsorption,1528.0,100.04743180445733,10.39835001992178,0.1039342023316036,14.235192977435272,1.0,0.3886011616958736,1.0194300580847937,0.038405046574076
2,adsorption,1530.0,100.047432832752,10.400295493149251,0.10395364677207952,14.311987692436727,1.0,0.3905505425545861,1.0195275271277293,0.03838966934384266
2,adsorption,1532.0,100.04743386067898,10.402240186390985,0.10397308341637851,14.38875165847597,1.0,0.39249914202710245,1.0196249571013551,0.038374297611620534
2,adsorption,1534.0,100.04743488823834,10.404184099926635,0.1039925122672961,14.465484886547577,1.0,0.39444696039347427,1.019722348019674,0.03835893137595846
2,adsorption,1536.0,100.0474359154303,10.406127234035806,0.10401193332762737,14.542187387643201,1.0,0.39639399793367774,1.019819699896684,0.03834357063540467
2,adsorption,1538.0,100.0474369422548,10.40806958899804,0.1040313466001668,14.618859172751623,1.0,0.39834025492761516,1.0199170127463808,0.038328215388507406
2,adsorption,1540.0,100.04743796871216,10.410011165092794,0.10405075208770782,14.695500252858695,1.0,0.40028573165511383,1.0200142865827557,0.03831286563381496
2,adsorption,1542.0,100.04743899480225,10.411951962599433,0.1040701497930433,14.772110638947376,1.0,0.402230428395927,1.0201115214197964,0.03829752136987557
2,adsorption,1544.0,100.0474400205253,10.41389198179728,0.10408953971896542,14.848690341997724,1.0,0.40417434542973324,1.0202087172714867,0.03828218259523752
2,adsorption,1546.0,100.04744104588136,10.41583122296556,0.10410892186826548,14.925239372986885,1.0,0.4061174830361363,1.0203058741518067,0.03826684930844869
2,adsorption,1548.0,100.0474420708705,10.417769686383417,0.10412829624373396,15.00175774288911,1.0,0.4080598414946662,1.0204029920747333,0.038251521508057475
2,adsorption,1550.0,100.04744309549297,10.419707372329958,0.10414766284816084,15.078245462675737,1.0,0.41000142108477805,1.0205000710542391,0.038236199192612175
2,adsorption,1552.0,100.04744411974872,10.421644281084177,0.10416702168433518,15.154702543315212,1.0,0.41194222208585246,1.0205971111042926,0.038220882360660714
2,adsorption,1554.0,100.04744514363779,10.423580412925,0.10418637275504539,15.231128995773066,1.0,0.4138822447771959,1.0206941122388598,0.03820557101075149
2,adsorption,1556.0,100.04744616716043,10.425515768131305,0.10420571606307902,15.307524831011936,1.0,0.41582148943804,1.020791074471902,0.03819026514143253
2,adsorption,1558.0,100.04744719031666,10.427450346981859,0.10422505161122299,15.383890059991543,1.0,0.41775995634754215,1.0208879978173773,0.03817496475125204
2,adsorption,1560.0,100.04744821310666,10.4293841497554,0.10424437940226348,15.460224693668719,1.0,0.419697645784785,1.0209848822892396,0.03815966983875798
2,adsorption,1562.0,100.04744923553034,10.431317176730536,0.1042636994389859,15.536528742997385,1.0,0.421634558028777,1.0210817279014388,0.03814438040249837
2,adsorption,1564.0,100.04745025758794,10.433249428185837,0.10428301172417478,15.61280221892856,1.0,0.4235706933584523,1.0211785346679225,0.03812909644102167
2,adsorption,1566.0,100.04745127927961,10.435180904399795,0.104302316260614,15.68904513241035,1.0,0.42550605205267,1.0212753026026336,0.03811381795287565
2,adsorption,1568.0,100.04745230060524,10.437111605650811,0.10432161305108685,15.765257494387969,1.0,0.4274406343902151,1.0213720317195107,0.03809854493660847
2,adsorption,1570.0,100.04745332156517,10.43904153221723,0.10434090209837554,15.841439315803724,1.0,0.4293744406497983,1.0214687220324898,0.038083277390768236
2,adsorption,1572.0,100.0474543421594,10.440970684377321,0.10436018340526193,15.917590607597017,1.0,0.4313074711100556,1.0215653735555028,0.03806801531390303
2,adsorption,1574.0,100.04745536238799,10.442899062409275,0.10437945697452687,15.993711380704342,1.0,0.43323972604954847,1.0216619863024774,0.03805275870456099
2,adsorption,1576.0,100.04745638225097,10.444826666591188,0.10439872280895054,16.069801646059297,1.0,0.435171205746764,1.0217585602873382,0.03803750756129001
2,adsorption,1578.0,100.04745740174857,10.446753497201126,0.10441798091131241,16.14586141459257,1.0,0.43710191048011454,1.0218550955240058,0.03802226188263798
2,adsorption,1580.0,100.04745842088084,10.448679554517037,0.10443723128439111,16.22189069723195,1.0,0.4390318405279384,1.0219515920263968,0.03800702166715308
2,adsorption,1582.0,100.04745943964795,10.450604838816824,0.1044564739309646,16.29788950490231,1.0,0.4409609961684993,1.022048049808425,0.03799178691338325
2,adsorption,1584.0,100.04746045804987,10.452529350378299,0.10447570885381012,16.373857848525645,1.0,0.4428893776799863,1.0221444688839993,0.03797655761987649
2,adsorption,1586.0,100.04746147608675,10.45445308947919,0.10449493605570397,16.449795739021013,1.0,0.44481698534051417,1.0222408492670256,0.03796133378518083
2,adsorption,1588.0,100.0474624937587,10.456376056397183,0.10451415553942198,16.525703187304597,1.0,0.4467438194281233,1.022337190971406,0.03794611540784426
2,adsorption,1590.0,100.0474635110658,10.458298251409861,0.10453336730773904,16.601580204289654,1.0,0.4486698802207792,1.022433494011039,0.03793090248641478
2,adsorption,1592.0,100.04746452800818,10.460219674794745,0.10455257136342941,16.67742680088655,1.0,0.45059516799637384,1.0225297583998187,0.037915695019440615
2,adsorption,1594.0,100.04746554458589,10.462140326829296,0.10457176770926666,16.753242988002743,1.0,0.4525196830327234,1.022625984151636,0.03790049300546945
2,adsorption,1596.0,100.04746656079907,10.464060207790876,0.10459095634802348,16.829028776542785,1.0,0.4544434256075703,1.0227221712803785,0.037885296443049145
2,adsorption,1598.0,100.04746757664776,10.465979317956759,0.10461013728247169,16.904784177408327,1.0,0.4563663959985823,1.0228183197999292,0.037870105330727676
2,adsorption,1600.0,100.04746859213205,10.467897657604178,0.10462931051538268,16.98050920149812,1.0,0.4582885944833532,1.0229144297241677,0.03785491966705318
2,adsorption,1602.0,100.04746960725215,10.469815227010288,0.10464847604952683,17.056203859708,1.0,0.46021002133940175,1.0230105010669703,0.03783973945057345
2,adsorption,1604.0,100.04747062200813,10.471732026452152,0.10466763388767387,17.1318681629309,1.0,0.46213067684417286,1.0231065338422087,0.03782456467983688
2,adsorption,1606.0,100.0474716363999,10.47364805620676,0.10468678403259289,17.207502122056866,1.0,0.4640505612750361,1.0232025280637518,0.037809395353390896
2,adsorption,1608.0,100.04747265042786,10.475563316551066,0.10470592648705222,17.283105747973014,1.0,0.4659696749092877,1.0232984837454644,0.037794231469784195
2,adsorption,1610.0,100.04747366409188,10.477477807761908,0.10472506125381942,17.35867905156358,1.0,0.46788801802414764,1.0233944009012075,0.03777907302756358
2,adsorption,1612.0,100.04747467739203,10.479391530116036,0.10474418833566108,17.434222043709884,1.0,0.46980559089676305,1.0234902795448382,0.03776392002527757
2,adsorption,1614.0,100.04747569032864,10.481304483890183,0.10476330773534336,17.509734735290333,1.0,0.4717223938042061,1.0235861196902103,0.037748772461474116
2,adsorption,1616.0,100.0474767029016,10.483216669360951,0.10478241945563142,17.585217137180457,1.0,0.4736384270234747,1.0236819213511739,0.03773363033470115
2,adsorption,1618.0,100.0474777151111,10.4851280868049,0.1048015234992899,17.660669260252853,1.0,0.4755536908314917,1.0237776845415745,0.03771849364350652
2,adsorption,1620.0,100.04747872695721,10.487038736498494,0.10482061986908245,17.736091115377228,1.0,0.477468185505106,1.0238734092752553,0.037703362386438156
2,adsorption,1622.0,100.04747973844006,10.488948618718151,0.1048397085677722,17.81148271342038,1.0,0.479381911321092,1.0239690955660548,0.0376882365620442
2,adsorption,1624.0,100.04748074955971,10.490857733740194,0.10485878959812153,17.88684406524621,1.0,0.48129486855614934,1.0240647434278074,0.03767311616887235
2,adsorption,1626.0,100.04748176031623,10.49276608184087,0.10487786296289185,17.962175181715704,1.0,0.48320705748690324,1.0241603528743453,0.037658001205470484
2,adsorption,1628.0,100.04748277070982,10.494673663296357,0.104896928664844,18.037476073686957,1.0,0.4851184783899051,1.0242559239194953,0.03764289167038685
2,adsorption,1630.0,100.04748378074041,10.49658047838277,0.10491598670673823,18.112746752015152,1.0,0.4870291315416312,1.0243514565770815,0.03762778756216933
2,adsorption,1632.0,100.04748479040828,10.498486527376135,0.1049350370913337,18.187987227552565,1.0,0.48893901721848315,1.0244469508609242,0.03761268887936561
2,adsorption,1634.0,100.04748579971339,10.500391810552406,0.10495407982138907,18.26319751114858,1.0,0.49084813569678876,1.0245424067848394,0.03759759562052365
2,adsorption,1636.0,100.04748680865586,10.502296328187457,0.10497311489966205,18.338377613649662,1.0,0.4927564872528007,1.02463782436264,0.03758250778419137
2,adsorption,1638.0,100.0474878172359,10.504200080557101,0.10499214232890977,18.413527545899377,1.0,0.49466407216269814,1.024733203608135,0.037567425368917065
2,adsorption,1640.0,100.04748882545347,10.506103067937076,0.10501116211188877,18.48864731873839,1.0,0.49657089070258437,1.0248285445351293,0.03755234837324802
2,adsorption,1642.0,100.04748983330876,10.508005290603025,0.10503017425135437,18.563736943004464,1.0,0.4984769431484897,1.0249238471574245,0.03753727679573274
2,adsorption,1644.0,100.04749084080183,10.509906748830538,0.10504917875006158,18.63879642953245,1.0,0.5003822297763695,1.0250191114888185,0.03752221063491924
2,adsorption,1646.0,100.04749184793273,10.511807442895112,0.10506817561076436,18.7138257891543,1.0,0.5022867508621038,1.025114337543105,0.03750714988935508
2,adsorption,1648.0,100.04749285470162,10.513707373072211,0.10508716483621638,18.78882503269906,1.0,0.5041905066814998,1.025209525334075,0.03749209455758869
2,adsorption,1650.0,100.04749386110859,10.515606539637169,0.10510614642917003,18.863794170992875,1.0,0.5060934975102878,1.0253046748755144,0.037477044638167006
2,adsorption,1652.0,100.04749486715373,10.517504942865276,0.10512512039237719,18.938733214858985,1.0,0.507995723624127,1.0253997861812063,0.03746200012963942
2,adsorption,1654.0,100.04749587283717,10.519402583031754,0.10514408672858912,19.01364217511772,1.0,0.5098971852985991,1.02549485926493,0.03744696103055293
2,adsorption,1656.0,100.04749687815888,10.521299460411718,0.10516304544055612,19.088521062586512,1.0,0.5117978828092127,1.0255898941404606,0.03743192733945572
2,adsorption,1658.0,100.04749788311914,10.523195575280251,0.10518199653102783,19.163369888079888,1.0,0.5136978164314016,1.02568489082157,0.03741689905489548
2,adsorption,1660.0,100.04749888771788,10.525090927912332,0.10520094000275323,19.238188662409474,1.0,0.5155969864405259,1.0257798493220263,0.03740187617542079
2,adsorption,1662.0,100.04749989195533,10.526985518582864,0.10521987585848033,19.31297739638398,1.0,0.5174953931118701,1.0258747696555934,0.0373868586995791
2,adsorption,1664.0,100.04750089583158,10.5288793475667,0.10523880410095662,19.387736100809235,1.0,0.5193930367206457,1.0259696518360324,0.03737184662591899
2,adsorption,1666.0,100.0475018993466,10.53077241513859,0.10525772473292876,19.462464786488137,1.0,0.5212899175419884,1.0260644958770995,0.03735683995298826
2,adsorption,1668.0,100.04750290250057,10.532664721573243,0.10527663775714279,19.5371634642207,1.0,0.5231860358509599,1.026159301792548,0.03734183867933479
2,adsorption,1670.0,100.04750390529357,10.534556267145247,0.10529554317634363,19.611832144804023,1.0,0.5250813919225468,1.0262540695961273,0.03732684280350612
2,adsorption,1672.0,100.0475049077257,10.536447052129159,0.10531444099327587,19.6864708390323,1.0,0.526975986031663,1.0263487993015832,0.0373118523240512
2,adsorption,1674.0,100.04750590979712,10.538337076799444,0.10533333121068321,19.76107955769683,1.0,0.5288698184531466,1.0264434909226574,0.0372968672395178
2,adsorption,1676.0,100.04750691150784,10.540226341430513,0.10535221383130874,19.835658311586005,1.0,0.5307628894617612,1.026538144473088,0.03728188754845367
2,adsorption,1678.0,100.04750791285795,10.542114846296652,0.10537108885789444,19.910207111485317,1.0,0.5326551993321962,1.0266327599666099,0.03726691324940675
2,adsorption,1680.0,100.04750891384765,10.544002591672113,0.10538995629318172,19.984725968177337,1.0,0.5345467483390665,1.0267273374169532,0.037251944340925186
2,adsorption,1682.0,100.04750991447693,10.545889577831069,0.10540881613991147,20.059214892441748,1.0,0.5364375367569132,1.0268218768378456,0.037236980821557394
2,adsorption,1684.0,100.047510914746,10.54777580504762,0.10542766840082357,20.13367389505533,1.0,0.5383275648602024,1.0269163782430102,0.03722202268985128
2,adsorption,1686.0,100.04751191465482,10.549661273595758,0.10544651307865717,20.208102986791953,1.0,0.5402168329233258,1.0270108416461663,0.03720706994435508
2,adsorption,1688.0,100.04751291420358,10.551545983749454,0.10546535017615086,20.282502178422586,1.0,0.5421053412206003,1.0271052670610301,0.03719212258361654
2,adsorption,1690.0,100.04751391339235,10.553429935782576,0.10548417969604236,20.356871480715284,1.0,0.543993090026269,1.0271996545013136,0.037177180606184225
2,adsorption,1692.0,100.04751491222123,10.555313129968914,0.10550300164106863,20.43121090443522,1.0,0.5458800796145007,1.027294003980725,0.03716224401060624
2,adsorption,1694.0,100.0475159106903,10.557195566582196,0.10552181601396601,20.505520460344638,1.0,0.547766310259388,1.0273883155129695,0.03714731279542998
2,adsorption,1696.0,100.04751690879968,10.559077245896063,0.10554062281746984,20.579800159202893,1.0,0.5496517822349514,1.0274825891117476,0.03713238695920417
2,adsorption,1698.0,100.04751790654949,10.560958168184094,0.10555942205431498,20.654050011766444,1.0,0.5515364958151358,1.0275768247907568,0.03711746650047705
2,adsorption,1700.0,100.04751890393972,10.562838333719775,0.1055782137272354,20.728270028788828,1.0,0.5534204512738118,1.0276710225636907,0.03710255141779672
2,adsorption,1702.0,100.04751990097064,10.564717742776542,0.10559699783896438,20.802460221020688,1.0,0.5553036488847756,1.0277651824442389,0.037087641709711204
2,adsorption,1704.0,100.04752089764224,10.566596395627753,0.10561577439223456,20.87662059920976,1.0,0.5571860889217493,1.0278593044460875,0.037072737374769196
2,adsorption,1706.0,100.04752189395457,10.568474292546664,0.10563454338977753,20.95075117410088,1.0,0.5590677716583791,1.0279533885829188,0.037057838411518086
2,adsorption,1708.0,100.04752288990784,10.570351433806474,0.10565330483432436,21.024851956435985,1.0,0.5609486973682392,1.0280474348684119,0.03704294481850686
2,adsorption,1710.0,100.04752388550207,10.572227819680327,0.10567205872860538,21.098922956954095,1.0,0.5628288663248272,1.0281414433162415,0.037028056594283355
2,adsorption,1712.0,100.04752488073736,10.574103450441267,0.10569080507535027,21.172964186391333,1.0,0.5647082788015673,1.0282354139400787,0.03701317373739586
2,adsorption,1714.0,100.04752587561391,10.575978326362279,0.10570954387728765,21.246975655480927,1.0,0.5665869350718094,1.0283293467535906,0.036998296246392816
2,adsorption,1716.0,100.04752687013165,10.577852447716241,0.10572827513714553,21.32095737495319,1.0,0.568464835408828,1.0284232417704415,0.036983424119822056
2,adsorption,1718.0,100.04752786429076,10.579725814776,0.10574699885765136,21.39490935553553,1.0,0.5703419800858244,1.0285170990042911,0.036968557356232515
2,adsorption,1720.0,100.04752885809134,10.581598427814301,0.10576571504153164,21.468831607952463,1.0,0.5722183693759249,1.0286109184687962,0.036953695954172194
2,adsorption,1722.0,100.04752985153353,10.583470287103841,0.10578442369151225,21.542724142925596,1.0,0.5740940035521814,1.028704700177609,0.036938839912189665
2,adsorption,1724.0,100.04753084461731,10.585341392917218,0.10580312481031834,21.61658697117363,1.0,0.5759688828875715,1.0287984441443785,0.03692398922883322
2,adsorption,1726.0,100.04753183734294,10.58721174552698,0.10582181840067423,21.690420103412368,1.0,0.5778430076549976,1.02889215038275,0.036909143902650744
2,adsorption,1728.0,100.04753282971042,10.58908134520555,0.10584050446530335,21.764223550354707,1.0,0.5797163781272887,1.0289858189063648,0.036894303932191036
2,adsorption,1730.0,100.04753382171981,10.59095019222532,0.10585918300692863,21.837997322710635,1.0,0.581588994577199,1.02907944972886,0.03687946931600253
2,adsorption,1732.0,100.04753481337123,10.592818286858586,0.10587785402827206,21.911741431187252,1.0,0.5834608572774084,1.0291730428638703,0.03686464005263345
2,adsorption,1734.0,100.04753580466485,10.594685629377606,0.10589651753205515,21.98545588648874,1.0,0.5853319665005223,1.0292665983250262,0.03684981614063259
2,adsorption,1736.0,100.04753679560065,10.596552220054523,0.1059151735209985,22.059140699316387,1.0,0.5872023225190717,1.0293601161259538,0.0368349975785482
2,adsorption,1738.0,100.04753778617888,10.59841805916144,0.10593382199782198,22.13279588036857,1.0,0.5890719256055134,1.0294535962802758,0.036820184364929086
2,adsorption,1740.0,100.0475387763995,10.600283146970362,0.10595246296524478,22.20642144034077,1.0,0.5909407760322287,1.0295470388016115,0.03680537649832302
2,adsorption,1742.0,100.04753976626264,10.60214748375321,0.10597109642598522,22.28001738992556,1.0,0.5928088740715259,1.0296404437035764,0.03679057397727906
2,adsorption,1744.0,100.04754075576845,10.604011069781857,0.10598972238276094,22.353583739812613,1.0,0.5946762199956386,1.029733810999782,0.03677577680034582
2,adsorption,1746.0,100.04754174491697,10.605873905328094,0.10600834083828886,22.42712050068871,1.0,0.5965428140767253,1.0298271407038362,0.036760984966071567
2,adsorption,1748.0,100.04754273370828,10.607735990663626,0.10602695179528523,22.500627683237703,1.0,0.5984086565868706,1.0299204328293434,0.03674619847300503
2,adsorption,1750.0,100.04754372214255,10.60959732606009,0.10604555525646522,22.57410529814056,1.0,0.6002737477980841,1.0300136873899042,0.03673141731969442
2,adsorption,1752.0,100.0475447102199,10.611457911789046,0.10606415122454357,22.647553356075335,1.0,0.6021380879823024,1.0301069043991151,0.03671664150468916
2,adsorption,1754.0,100.04754569794028,10.613317748121993,0.10608273970223432,22.720971867717203,1.0,0.6040016774113861,1.0302000838705694,0.03670187102653708
2,adsorption,1756.0,100.04754668530394,10.615176835330335,0.10610132069225046,22.794360843738417,1.0,0.6058645163571225,1.0302932258178563,0.03668710588378723
2,adsorption,1758.0,100.04754767231087,10.617035173685416,0.10611989419730458,22.867720294808315,1.0,0.6077266050912244,1.0303863302545613,0.03667234607498873
2,adsorption,1760.0,100.04754865896123,10.618892763458504,0.10613846022010828,22.941050231593366,1.0,0.6095879438853293,1.0304793971942665,0.03665759159868954
2,adsorption,1762.0,100.04754964525505,10.620749604920787,0.10615701876337255,23.014350664757092,1.0,0.6114485330110013,1.03057242665055,0.03664284245343916
2,adsorption,1764.0,100.04755063119256,10.62260569834341,0.1061755698298077,23.08762160496017,1.0,0.6133083727397295,1.0306654186369866,0.03662809863778556
2,adsorption,1766.0,100.04755161677369,10.624461043997373,0.10619411342212301,23.16086306286033,1.0,0.6151674633429287,1.0307583731671464,0.03661336015027785
2,adsorption,1768.0,100.04755260199869,10.626315642153667,0.10621264954302721,23.234075049112402,1.0,0.6170258050919404,1.030851290254597,0.036598626989465484
2,adsorption,1770.0,100.04755358686751,10.628169493083188,0.10623117819522844,23.30725757436834,1.0,0.6188833982580295,1.0309441699129014,0.03658389915389629
2,adsorption,1772.0,100.04755457138042,10.630022597056758,0.10624969938143376,23.380410649277177,1.0,0.6207402431123886,1.0310370121556194,0.036569176642119595
2,adsorption,1774.0,100.04755555553731,10.631874954345113,0.10626821310434978,23.45353428448504,1.0,0.6225963399261347,1.0311298169963068,0.03655445945268424
2,adsorption,1776.0,100.0475565393384,10.633726565218929,0.10628671936668216,23.52662849063517,1.0,0.6244516889703107,1.0312225844485154,0.03653974758413897
2,adsorption,1778.0,100.04755752278388,10.635577429948793,0.10630521817113575,23.599693278367887,1.0,0.6263062905158856,1.0313153145257945,0.036525041035033
2,adsorption,1780.0,100.04755850587358,10.637427548805224,0.10632370952041495,23.67272865832062,1.0,0.6281601448337533,1.0314080072416876,0.03651033980391519
2,adsorption,1782.0,100.0475594886079,10.639276922058693,0.10634219341722327,23.745734641127893,1.0,0.6300132521947345,1.0315006626097367,0.036495643889335044
2,adsorption,1784.0,100.04756047098674,10.641125549979565,0.10636066986426355,23.818711237421333,1.0,0.6318656128695737,1.0315932806434787,0.03648095328984082
2,adsorption,1786.0,100.04756145301027,10.64297343283814,0.10637913886423775,23.891658457829667,1.0,0.6337172271289422,1.031685861356447,0.03646626800398155
2,adsorption,1788.0,100.0475624346785,10.64482057090464,0.10639760041984722,23.964576312978714,1.0,0.635568095243437,1.0317784047621719,0.03645158803030665
2,adsorption,1790.0,100.04756341599169,10.646666964449205,0.1064160545337922,24.03746481349138,1.0,0.6374182174835805,1.031870910874179,0.03643691336736527
2,adsorption,1792.0,100.0475643969498,10.648512613741932,0.10643450120877283,24.110323969987686,1.0,0.6392675941198206,1.031963379705991,0.03642224401370635
2,adsorption,1794.0,100.0475653775529,10.650357519052797,0.10645294044748796,24.183153793084752,1.0,0.6411162254225309,1.0320558112711264,0.03640757996787901
2,adsorption,1796.0,100.0475663578012,10.652201680651745,0.1064713722526359,24.25595429339678,1.0,0.642964111662011,1.0321482055831006,0.036392921228432976
2,adsorption,1798.0,100.0475673376948,10.654045098808627,0.10648979662691424,24.328725481535095,1.0,0.6448112531084851,1.0322405626554243,0.03637826779391651
2,adsorption,1800.0,100.04756831723374,10.655887773793221,0.1065082135730198,24.40146736810809,1.0,0.6466576500321046,1.0323328825016052,0.03636361966287981
2,purge,1800.0,100.04756831723374,10.655887773793221,0.1065082135730198,24.40146736810809,1.0,0.6466576500321046,1.0323328825016052,0.03636361966287981
2,purge,1802.0,100.05350194670693,9.198843786571457,0.09193924857793766,24.381079972402233,1.0,0.5303624088764387,1.0265181204438218,-0.0539389205244224
2,purge,1804.0,100.05329077939454,10.589980483780327,0.10584340006497096,24.282480565222357,1.0,0.53416156581805,1.0267080782909028,-0.04900358996636808
2,purge,1806.0,100.05307042576486,10.536170235555813,0.10530581611059306,24.19018976549281,1.0,0.5358011824524815,1.026790059122624,-0.04587887299692054
2,purge,1808.0,100.05307768698627,10.519561071541679,0.10513980493885339,24.098149884656173,1.0,0.5332472822779785,1.026662364113899,-0.046030117516300234
2,purge,1810.0,100.05307831718035,10.519246156099017,0.10513665679282487,24.006065370367878,1.0,0.5308820504497161,1.0265441025224857,-0.04603330805657889
2,purge,1812.0,100.05307663661694,10.516912139613176,0.10511333077552006,23.914027536726017,1.0,0.5285542775069646,1.0264277138753484,-0.046008214279087946
2,purge,1814.0,100.05307526074573,10.514559525458756,0.10508981855936994,23.822031535212535,1.0,0.5262216853889843,1.0263110842694494,-0.04598771610084295
2,purge,1816.0,100.05307388668778,10.512235802264406,0.10506659509701556,23.730076621706665,1.0,0.5238902202553308,1.0261945110127666,-0.045967160634975204
2,purge,1818.0,100.05307250923832,10.509910777967052,0.10504335863345553,23.63816290570907,1.0,0.5215598670520747,1.0260779933526039,-0.04594656181356311
2,purge,1820.0,100.0530711328513,10.507586561367301,0.10502013024083229,23.546290364386063,1.0,0.519230548370344,1.0259615274185172,-0.045925979558852886
2,purge,1822.0,100.05306975728959,10.505263491738164,0.10499691331032629,23.454458975168176,1.0,0.5169022694785415,1.025845113473927,-0.04590540931010119
2,purge,1824.0,100.0530683823932,10.502941468787734,0.1049737068397193,23.362668717763178,1.0,0.5145750325202014,1.0257287516260103,-0.045884848989506434
2,purge,1826.0,100.05306700815864,10.50062046669947,0.10495051057098749,23.270919571642303,1.0,0.5122488369389802,1.025612441846949,-0.04586429862044147
2,purge,1828.0,100.05306563459628,10.49830050823438,0.10492732473161004,23.179211516330554,1.0,0.5099236821014503,1.0254961841050725,-0.04584375828747978
2,purge,1830.0,100.0530642617206,10.495981591250242,0.104904149300162,23.08754453135717,1.0,0.5075995672021522,1.0253799783601076,-0.04582322820946469
2,purge,1832.0,100.05306288953128,10.493663711836346,0.10488098423755816,22.99591859624813,1.0,0.5052764917076292,1.0252638245853816,-0.04580270839301178
2,purge,1834.0,100.05306151802675,10.491346868625406,0.10485782953013546,22.904333690527654,1.0,0.5029544551193669,1.0251477227559684,-0.04578219881744692
2,purge,1836.0,100.05306014720622,10.489031061132014,0.10483468517304413,22.812789793729422,1.0,0.5006334569270319,1.0250316728463515,-0.04576169947150354
2,purge,1838.0,100.05305877706938,10.486716288924022,0.10481155116196623,22.72128688553495,1.0,0.4983134966177261,1.0249156748308865,-0.045741210348872616
2,purge,1840.0,100.0530574076158,10.484402551500704,0.10478842749189848,22.62982494544654,1.0,0.4959945736732078,1.0247997286836603,-0.045720731443828676
2,purge,1842.0,100.05305603884513,10.482089848343847,0.10476531415766276,22.538403952953978,1.0,0.49367668757529837,1.024683834378765,-0.04570026275034675
2,purge,1844.0,100.05305467075681,10.479778178940315,0.1047422111541319,22.447023887641784,1.0,0.4913598378082731,1.0245679918904136,-0.045679804262382606
2,purge,1846.0,100.05305330335062,10.477467542776575,0.1047191184761745,22.35568472910498,1.0,0.4890440238566474,1.0244522011928323,-0.04565935597391453
2,purge,1848.0,100.05305193662606,10.475157939339022,0.10469603611865858,22.264386456950596,1.0,0.486729245205271,1.0243364622602635,-0.04563891787890053
2,purge,1850.0,100.05305057058277,10.472849368113913,0.10467296407645067,22.17312905079778,1.0,0.48441550133928346,1.024220775066964,-0.04561848997131446
2,purge,1852.0,100.05304920522028,10.47054182858792,0.10464990234442167,22.081912490277723,1.0,0.4821027917441463,1.0241051395872074,-0.0455980722451203
2,purge,1854.0,100.05304784053824,10.468235320248079,0.10462685091744589,21.990736755033694,1.0,0.4797911159056265,1.0239895557952814,-0.04557766469428512
2,purge,1856.0,100.05304647653627,10.465929842581795,0.10460380979040146,21.89960182472099,1.0,0.4774804733097733,1.0238740236654886,-0.04555726731279657
2,purge,1858.0,100.05304511321395,10.463625395076576,0.10458077895816739,21.808507679006986,1.0,0.47517086344298387,1.0237585431721492,-0.04553688009461226
2,purge,1860.0,100.05304375057082,10.461321977221104,0.10455775841563458,21.717454297571066,1.0,0.47286228579191936,1.0236431142895959,-0.04551650303372414
2,purge,1862.0,100.05304238860657,10.459019588503873,0.10453474815769201,21.626441660104643,1.0,0.47055473984356133,1.023527736992178,-0.04549613612411497
2,purge,1864.0,100.05304102732076,10.456718228413836,0.10451174817923323,21.53546974631115,1.0,0.4682482250851738,1.0234124112542589,-0.04547577935978746
2,purge,1866.0,100.05303966671293,10.454417896440145,0.10448875847515376,21.444538535906037,1.0,0.46594274100434496,1.0232971370502173,-0.04545543273473162
2,purge,1868.0,100.05303830678272,10.452118592072257,0.1044657790403522,21.353648008616734,1.0,0.4636382870889368,1.023181914354447,-0.04543509624296397
2,purge,1870.0,100.05303694752976,10.449820314799545,0.10444280986972622,21.262798144182682,1.0,0.46133486282713754,1.023066743141357,-0.04541476987848629
2,purge,1872.0,100.05303558895362,10.447523064112051,0.10441985095818034,21.17198892235529,1.0,0.4590324677074318,1.0229516233853715,-0.04539445363530894
2,purge,1874.0,100.0530342310539,10.44522683950008,0.10439690230062156,21.081220322897938,1.0,0.4567311012186044,1.0228365550609302,-0.04537414750744724
2,purge,1876.0,100.05303287383026,10.44293164045423,0.10437396389195984,20.99049232558598,1.0,0.45443076284974115,1.022721538142487,-0.04535385148892145
2,purge,1878.0,100.05303151728221,10.440637466465404,0.10435103572710824,20.89980491020672,1.0,0.4521314520902281,1.0226065726045115,-0.045333565573756444
2,purge,1880.0,100.05303016140937,10.438344317024812,0.10432811780098289,20.809158056559404,1.0,0.44983316842975196,1.0224916584214876,-0.045313289755981485
2,purge,1882.0,100.05302880621143,10.436052191623938,0.10430521010850251,20.71855174445522,1.0,0.44753591135829973,1.022376795567915,-0.045293024029630514
2,purge,1884.0,100.0530274516878,10.433761089754565,0.10428231264458913,20.62798595371728,1.0,0.4452396803661591,1.022261984018308,-0.045272768388741405
2,purge,1886.0,100.05302609783827,10.431471010908794,0.10425942540416748,20.537460664180617,1.0,0.44294447494391687,1.0221472237471958,-0.04525252282735715
2,purge,1888.0,100.05302474466234,10.429181954578997,0.10423654838216548,20.446975855692184,1.0,0.44065029458246086,1.0220325147291232,-0.045232287339524196
2,purge,1890.0,100.05302339215973,10.426893920257854,0.10421368157351371,20.35653150811082,1.0,0.43835713877297733,1.021917856938649,-0.04521206191929402
2,purge,1892.0,100.05302204032986,10.424606907438331,0.10419082497314602,20.266127601307268,1.0,0.4360650070069528,1.0218032503503476,-0.04519184656072216
2,purge,1894.0,100.05302068917251,10.422320915613726,0.10416797857599921,20.175764115164156,1.0,0.433773898776173,1.0216886949388087,-0.045171641257868184
2,purge,1896.0,100.05301933868719,10.420035944277622,0.1041451423770131,20.085441029575982,1.0,0.43148381357272164,1.0215741906786362,-0.04515144600479672
2,purge,1898.0,100.05301798887345,10.417751992923892,0.1041223163711305,19.995158324449108,1.0,0.42919475088898107,1.0214597375444492,-0.04513126079557685
2,purge,1900.0,100.05301663973103,10.415469061046725,0.1040995005532971,19.904915979701762,1.0,0.4269067102176326,1.0213453355108817,-0.04511108562428176
2,purge,1902.0,100.05301529125941,10.41318714814055,0.10407669491846129,19.814713975264013,1.0,0.4246196910516559,1.0212309845525829,-0.045090920484988604
2,purge,1904.0,100.05301394345831,10.410906253700158,0.10405389946157485,19.724552291077785,1.0,0.4223336928843285,1.0211166846442163,-0.0450707653717794
2,purge,1906.0,100.05301259632726,10.408626377220614,0.10403111417759241,19.634430907096817,1.0,0.42004871520922493,1.0210024357604612,-0.04505062027874088
2,purge,1908.0,100.05301124986589,10.406347518197256,0.10400833906147132,19.544349803286686,1.0,0.41776475752021897,1.020888237876011,-0.04503048519996288
2,purge,1910.0,100.05300990407373,10.404069676125765,0.10398557410817238,19.45430895962477,1.0,0.41548181931148087,1.020774090965574,-0.045010360129540225
2,purge,1912.0,100.05300855895052,10.4017928505021,0.10396281931265901,19.36430835610026,1.0,0.4131999000774769,1.020659995003874,-0.04499024506157312
2,purge,1914.0,100.05300721449576,10.399517040822492,0.10394007466989758,19.27434797271414,1.0,0.4109189993129722,1.0205459499656486,-0.044970139990164394
2,purge,1916.0,100.05300587070909,10.397242246583495,0.10391734017485757,19.18442778947919,1.0,0.40863911651302715,1.0204319558256514,-0.0449500449094226
2,purge,1918.0,100.0530045275901,10.394968467281945,0.10389461582251115,19.094547786419966,1.0,0.40636025117299907,1.02031801255865,-0.04492995981345996
2,purge,1920.0,100.05300318513848,10.39269570241498,0.10387190160783373,19.00470794357279,1.0,0.4040824027885416,1.0202041201394274,-0.044909884696393336
2,purge,1922.0,100.05300184335371,10.390423951480013,0.1038491975258034,18.914908240985753,1.0,0.40180557085560464,1.0200902785427803,-0.04488981955234334
2,purge,1924.0,100.05300050223555,10.388153213974782,0.10382650357140139,18.825148658718692,1.0,0.39952975487043363,1.019976487743522,-0.04486976437543562
2,purge,1926.0,100.05299916178339,10.385883489397298,0.10380381973961184,18.735429176843198,1.0,0.39725495432956986,1.0198627477164786,-0.04484971915979939
2,purge,1928.0,100.05299782199701,10.383614777245873,0.10378114602542174,18.645749775442592,1.0,0.3949811687298499,1.0197490584364926,-0.0448296838995689
2,purge,1930.0,100.05299648287598,10.381347077019123,0.10375848242382109,18.55611043461193,1.0,0.3927083975684052,1.0196354198784203,-0.04480965858888255
2,purge,1932.0,100.05299514441991,10.379080388215936,0.10373582892980283,18.466511134457985,1.0,0.3904366403426631,1.019521832017133,-0.04478964322188242
2,purge,1934.0,100.05299380662835,10.376814710335534,0.10371318553836303,18.37695185509922,1.0,0.3881658965503443,1.0194082948275172,-0.04476963779271584
2,purge,1936.0,100.05299246950104,10.374550042877397,0.10369055224450034,18.287432576665832,1.0,0.3858961656894647,1.0192948082844733,-0.04474964229553418
2,purge,1938.0,100.05299113303747,10.372286385341278,0.10366792904321633,18.197953279299693,1.0,0.38362744725833525,1.0191813723629168,-0.04472965672449233
2,purge,1940.0,100.05298979723726,10.370023737227271,0.10364531592951576,18.10851394315437,1.0,0.3813597407555595,1.019067987037778,-0.04470968107375095
2,purge,1942.0,100.05298846210005,10.367762098035744,0.10362271289840622,18.019114548395088,1.0,0.37909304568003677,1.0189546522840018,-0.044689715337473075
2,purge,1944.0,100.05298712762551,10.365501467267368,0.10360011994489829,17.92975507519876,1.0,0.3768273615309583,1.018841368076548,-0.04466975950982766
2,purge,1946.0,100.0529857938131,10.363241844423056,0.10357753706400516,17.840435503753948,1.0,0.37456268780780955,1.0187281343903904,-0.04464981358498751
2,purge,1948.0,100.05298446066253,10.360983229004086,0.10355496425074333,17.751155814260862,1.0,0.37229902401036946,1.0186149512005185,-0.04462987755712901
2,purge,1950.0,100.05298312817341,10.358725620511994,0.10353240150013211,17.66191598693136,1.0,0.37003636963870945,1.0185018184819354,-0.04460995142043375
2,purge,1952.0,100.05298179634538,10.356469018448603,0.10350984880719358,17.57271600198893,1.0,0.367774724193194,1.0183887362096598,-0.04459003516908723
2,purge,1954.0,100.05298046517795,10.354213422316034,0.10348730616695295,17.48355583966869,1.0,0.3655140871744811,1.018275704358724,-0.04457012879727851
2,purge,1956.0,100.05297913467084,10.351958831616715,0.10346477357443828,17.39443548021736,1.0,0.3632544580835184,1.0181627229041759,-0.04455023229920283
2,purge,1958.0,100.05297780482356,10.349705245853304,0.10344225102468006,17.305354903893292,1.0,0.360995836421549,1.0180497918210774,-0.04453034566905762
2,purge,1960.0,100.05297647563586,10.34745266452882,0.10341973851271236,17.21631409096641,1.0,0.35873822169010583,1.0179369110845056,-0.04451046890104566
2,purge,1962.0,100.05297514710718,10.345201087146522,0.10339723603357169,17.127313021718248,1.0,0.35648161339101503,1.0178240806695507,-0.0444906019893732
2,purge,1964.0,100.05297381923727,10.342950513210017,0.1033747435822979,17.03835167644192,1.0,0.3542260110263934,1.0177113005513196,-0.044470744928251545
2,purge,1966.0,100.0529724920257,10.34070094222316,0.10335226115393345,16.949430035442102,1.0,0.35197141409864874,1.0175985707049324,-0.04445089771189597
2,purge,1968.0,100.05297116547202,10.338452373690101,0.1033297887435238,16.86054807903505,1.0,0.34971782211048064,1.017485891105524,-0.044431060334526006
2,purge,1970.0,100.05296983957595,10.336204807115301,0.10330732634611724,16.771705787548562,1.0,0.3474652345648795,1.017373261728244,-0.044411232790365227
2,purge,1972.0,100.05296851433704,10.33395824200347,0.10328487395676493,16.682903141322,1.0,0.3452136509651259,1.0172606825482562,-0.04439141507364175
2,purge,1974.0,100.05296718975498,10.331712677859652,0.10326243157052097,16.594140120706253,1.0,0.3429630708147913,1.0171481535407396,-0.04437160717858777
2,purge,1976.0,100.0529658658292,10.32946811418914,0.10323999918244235,16.505416706063745,1.0,0.34071349361773745,1.0170356746808868,-0.044351809099439615
2,purge,1978.0,100.05296454255954,10.327224550497553,0.10321757678758893,16.41673287776843,1.0,0.338464918878116,1.0169232459439057,-0.04433202083043807
2,purge,1980.0,100.05296321994548,10.324981986290751,0.10319516438102327,16.32808861620577,1.0,0.33621734610036874,1.0168108673050185,-0.04431224236582771
2,purge,1982.0,100.0529618979867,10.322740421074938,0.10317276195781122,16.239483901772726,1.0,0.3339707747892272,1.0166985387394614,-0.04429247369985727
2,purge,1984.0,100.05296057668272,10.320499854356578,0.10315036951302134,16.150918714877776,1.0,0.33172520444971143,1.0165862602224855,-0.04427271482678052
2,purge,1986.0,100.05295925603333,10.318260285642442,0.10312798704172496,16.06239303594087,1.0,0.32948063458713134,1.0164740317293566,-0.04425296574085495
2,purge,1988.0,100.0529579360379,10.316021714439545,0.10310561453899639,15.973906845393447,1.0,0.3272370647070862,1.0163618532353542,-0.04423322643634166
2,purge,1990.0,100.0529566166963,10.31378414025524,0.10308325199991274,15.885460123678417,1.0,0.3249944943154627,1.0162497247157731,-0.04421349690750742
2,purge,1992.0,100.05295529800799,10.31154756259713,0.10306089941955397,15.797052851250152,1.0,0.32275292291843777,1.016137646145922,-0.04419377714862155
2,purge,1994.0,100.05295397997263,10.309311980973115,0.1030385567930029,15.708685008574486,1.0,0.3205123500224762,1.0160256175011237,-0.04417406715395824
2,purge,1996.0,100.05295266258982,10.307077394891417,0.1030162241153456,15.620356576128689,1.0,0.31827277513433017,1.0159136387567167,-0.044154366917796194
2,purge,1998.0,100.05295134585923,10.304843803860498,0.10299390138167047,15.53206753440148,1.0,0.31603419776104047,1.0158017098880523,-0.04413467643441799
2,purge,2000.0,100.0529500297804,10.302611207389122,0.10297158858706901,15.443817863893004,1.0,0.3137966174099355,1.0156898308704967,-0.044114995698110365
2,purge,2002.0,100.05294871435301,10.300379604986345,0.1029492857266356,15.355607545114832,1.0,0.311560033588631,1.0155780016794316,-0.04409532470316445
2,purge,2004.0,100.05294739957664,10.29814899616151,0.10292699279546746,15.267436558589948,1.0,0.3093244458050303,1.0154662222902515,-0.044075663443875264
2,purge,2006.0,100.05294608545096,10.295919380424223,0.10290470978866446,15.179304884852728,1.0,0.3070898535673241,1.0153544926783662,-0.044056011914541726
2,purge,2008.0,100.05294477197553,10.293690757284406,0.10288243670132967,15.091212504448972,1.0,0.30485625638398967,1.0152428128191995,-0.04403637010946748
2,purge,2010.0,100.05294345914997,10.291463126252266,0.10286017352856897,15.003159397935855,1.0,0.3026236537637908,1.0151311826881895,-0.04401673802296025
2,purge,2012.0,100.05294214697402,10.28923648683828,0.10283792026549084,14.915145545881918,1.0,0.30039204521577795,1.015019602260789,-0.043997115649331515
2,purge,2014.0,100.05294083544712,10.287010838553218,0.10281567690720687,14.8271709288671,1.0,0.298161430249288,1.0149080715124643,-0.04397750298289733
2,purge,2016.0,100.05293952456901,10.284786180908139,0.10279344344883147,14.739235527482688,1.0,0.29593180837394334,1.014796590418697,-0.04395790001797794
2,purge,2018.0,100.05293821433926,10.28256251341437,0.10277121988548164,14.65133932233133,1.0,0.293703179099653,1.0146851589549826,-0.04393830674889723
2,purge,2020.0,100.05293690475753,10.280339835583542,0.1027490062122775,14.56348229402702,1.0,0.29147554193661107,1.0145737770968306,-0.043918723169983714
2,purge,2022.0,100.0529355958233,10.27811814692754,0.10272680242434185,14.475664423195099,1.0,0.28924889639529705,1.0144624448197648,-0.043899149275570204
2,purge,2024.0,100.05293428753646,10.275897446958568,0.10270460851680022,14.387885690472219,1.0,0.2870232419864767,1.0143511620993237,-0.0438795850599925
2,purge,2026.0,100.05293297989641,10.273677735189107,0.10268242448478139,14.300146076506378,1.0,0.2847985782212,1.01423992891106,-0.043860030517591526
2,purge,2028.0,100.05293167290291,10.27145901113192,0.10266025032341673,14.212445561956875,1.0,0.282574904610801,1.01412874523054,-0.04384048564271272
2,purge,2030.0,100.05293036655547,10.269241274300027,0.10263808602784022,14.124784127494316,1.0,0.28035222066689974,1.0140176110333452,-0.043820950429704505
2,purge,2032.0,100.05292906085373,10.267024524206768,0.10261593159318909,14.037161753800607,1.0,0.2781305259014003,1.01390652629507,-0.0438014248729199
2,purge,2034.0,100.05292775579736,10.264808760365751,0.10259378701460317,13.949578421568948,1.0,0.27590981982649043,1.0137954909913245,-0.043781908966716396
2,purge,2036.0,100.05292645138599,10.262593982290868,0.1025716522872251,13.862034111503817,1.0,0.27369010195464244,1.0136845050977323,-0.04376240270545521
2,purge,2038.0,100.05292514761916,10.26038018949629,0.10254952740620041,13.774528804320958,1.0,0.2714713717986121,1.0135735685899305,-0.04374290608350174
2,purge,2040.0,100.05292384449658,10.258167381496474,0.10252741236667744,13.687062480747391,1.0,0.26925362887143844,1.0134626814435719,-0.04372341909522582
2,purge,2042.0,100.05292254201784,10.255955557806157,0.10250530716380729,13.59963512152139,1.0,0.2670368726864456,1.0133518436343223,-0.04370394173500021
2,purge,2044.0,100.05292124018257,10.253744717940362,0.10248321179274399,13.512246707392473,1.0,0.2648211027572387,1.013241055137862,-0.04368447399720326
2,purge,2046.0,100.05291993899043,10.251534861414397,0.1024611262486443,13.424897219121403,1.0,0.2626063185977073,1.0131303159298854,-0.0436650158762164
2,purge,2048.0,100.05291863844089,10.249325987743841,0.10243905052666794,13.33758663748018,1.0,0.26039251972202326,1.013019625986101,-0.04364556736642545
2,purge,2050.0,100.05291733853375,10.247118096444568,0.10241698462197721,13.250314943252016,1.0,0.2581797056446402,1.012908985282232,-0.043626128462220956
2,purge,2052.0,100.05291603926862,10.244911187032736,0.1023949285297375,13.163082117231344,1.0,0.25596787588029596,1.0127983937940148,-0.04360669915799603
2,purge,2054.0,100.05291474064505,10.242705259024756,0.10237288224511672,13.075888140223812,1.0,0.25375702994400845,1.0126878514972004,-0.043587279448149656
2,purge,2056.0,100.05291344266269,10.240500311937343,0.10235084576328571,12.988732993046261,1.0,0.2515471673510785,1.012577358367554,-0.04356786932708398
2,purge,2058.0,100.05291214532117,10.238296345287502,0.10232881907941828,12.901616656526722,1.0,0.24933828761708962,1.0124669143808545,-0.04354846878920453
2,purge,2060.0,100.05291084862012,10.23609335859249,0.10230680218869076,12.814539111504413,1.0,0.2471303902579045,1.0123565195128952,-0.04352907782892272
2,purge,2062.0,100.05290955255916,10.233891351369824,0.10228479508628203,12.727500338829723,1.0,0.24492347478966972,1.0122461737394834,-0.04350969644065208
2,purge,2064.0,100.05290825713793,10.231690323137371,0.10226279776737453,12.640500319364216,1.0,0.24271754072881205,1.0121358770364406,-0.043490324618810916
2,purge,2066.0,100.05290696235608,10.229490273413237,0.10224081022715295,12.553539033980613,1.0,0.24051258759203914,1.012025629379602,-0.04347096235782171
2,purge,2068.0,100.05290566821317,10.227291201715827,0.10221883246080515,12.46661646356278,1.0,0.2383086148963398,1.011915430744817,-0.04345160965211052
2,purge,2070.0,100.05290437470887,10.225093107563819,0.10219686446352169,12.37973258900573,1.0,0.23610562215898107,1.011805281107949,-0.04343226649610937
2,purge,2072.0,100.05290308184281,10.222895990476147,0.10217490623049552,12.292887391215613,1.0,0.23390360889751335,1.0116951804448757,-0.04341293288425182
2,purge,2074.0,100.05290178961458,10.220699849972043,0.10215295775692282,12.206080851109702,1.0,0.23170257462976565,1.0115851287314883,-0.04339360881097683
2,purge,2076.0,100.05290049802387,10.218504685571023,0.10213101903800227,12.119312949616386,1.0,0.22950251887384676,1.0114751259436923,-0.043374294270727254
2,purge,2078.0,100.05289920707027,10.216310496792861,0.10210909006893547,12.032583667675176,1.0,0.22730344114814602,1.0113651720574073,-0.04335498925794963
2,purge,2080.0,100.0528979167534,10.214117283157613,0.10208717084492668,11.945892986236673,1.0,0.2251053409713318,1.0112552670485666,-0.04333569376709467
2,purge,2082.0,100.05289662707294,10.211925044185643,0.10206526136118317,11.85924088626258,1.0,0.22290821786235204,1.0111454108931177,-0.043316407792617
2,purge,2084.0,100.05289533802842,10.209733779397551,0.10204336161291479,11.772627348725685,1.0,0.2207120713404338,1.0110356035670216,-0.043297131328975336
2,purge,2086.0,100.05289404961957,10.207543488314258,0.10202147159533433,11.68605235460985,1.0,0.21851690092508264,1.0109258450462542,-0.04327786437063253
2,purge,2088.0,100.05289276184598,10.205354170456943,0.1019995913036573,11.59951588491001,1.0,0.21632270613608295,1.0108161353068041,-0.0432586069120555
2,purge,2090.0,100.05289147470734,10.203165825347059,0.1019777207331019,11.513017920632171,1.0,0.2141294864934978,1.010706474324675,-0.04323935894771514
2,purge,2092.0,100.05289018820316,10.200978452506327,0.10195585987888917,11.426558442793377,1.0,0.21193724151766857,1.0105968620758834,-0.04322012047208605
2,purge,2094.0,100.05288890233312,10.19879205145677,0.10193400873624296,11.340137432421733,1.0,0.20974597072921441,1.0104872985364608,-0.04320089147964739
2,purge,2096.0,100.0528876170969,10.196606621720655,0.10191216730038957,11.253754870556374,1.0,0.20755567364903296,1.0103777836824517,-0.043181671964881777
2,purge,2098.0,100.05288633249414,10.194422162820562,0.1018903355665585,11.167410738247469,1.0,0.20536634979829924,1.010268317489915,-0.043162461922275956
2,purge,2100.0,100.0528850485244,10.192238674279318,0.10186851352998175,11.081105016556204,1.0,0.2031779986984662,1.0101588999349234,-0.043143261346320474
2,purge,2102.0,100.0528837651873,10.19005615562005,0.10184670118589434,10.994837686554792,1.0,0.2009906198712636,1.010049530993563,-0.04312407023151023
2,purge,2104.0,100.05288248248256,10.187874606366146,0.1018248985295337,10.908608729326438,1.0,0.1988042128386978,1.0099402106419348,-0.04310488857234445
2,purge,2106.0,100.05288120040971,10.185694026041284,0.10180310555614039,10.822418125965351,1.0,0.1966187771230534,1.0098309388561528,-0.04308571636332538
2,purge,2108.0,100.05287991896849,10.183514414169395,0.10178132226095729,10.736265857576734,1.0,0.19443431224689073,1.0097217156123446,-0.043066553598959896
2,purge,2110.0,100.05287863815846,10.181335770274705,0.10175954863923042,10.65015190527677,1.0,0.19225081773304675,1.0096125408866523,-0.04304740027375891
2,purge,2112.0,100.05287735797927,10.179158093881702,0.10173778468620834,10.564076250192615,1.0,0.19006829310463502,1.0095034146552317,-0.04302825638223697
2,purge,2114.0,100.05287607843054,10.176981384515146,0.10171603039714222,10.47803887346239,1.0,0.18788673788504512,1.0093943368942522,-0.04300912191891258
2,purge,2116.0,100.05287479951203,10.174805641700104,0.10169428576728642,10.392039756235183,1.0,0.18570615159794227,1.009285307579897,-0.0429899968783087
2,purge,2118.0,100.0528735212231,10.172630864961873,0.10167255079189769,10.306078879671027,1.0,0.18352653376726866,1.0091763266883633,-0.042970881254951
2,purge,2120.0,100.05287224356368,10.170457053826086,0.10165082546623584,10.220156224940897,1.0,0.18134788391724044,1.009067394195862,-0.042951775043370416
2,purge,2122.0,100.05287096653326,10.168284207818571,0.10162910978556294,10.134271773226706,1.0,0.1791702015723488,1.0089585100786176,-0.04293267823810203
2,purge,2124.0,100.05286969013143,10.166112326465475,0.10160740374514408,10.048425505721292,1.0,0.17699348625736222,1.008849674312868,-0.04291359083368331
2,purge,2126.0,100.05286841435793,10.163941409293225,0.10158570734024715,9.962617403628412,1.0,0.1748177374973221,1.0087408868748662,-0.04289451282465703
2,purge,2128.0,100.05286713921231,10.161771455828505,0.10156402056614275,9.87684744816274,1.0,0.17264295481754546,1.0086321477408773,-0.04287544420556935
2,purge,2130.0,100.05286586469431,10.159602465598304,0.10154234341810418,9.791115620549844,1.0,0.1704691377436236,1.0085234568871813,-0.04285638497097048
2,purge,2132.0,100.05286459080345,10.157434438129828,0.10152067589140737,9.705421902026197,1.0,0.16829628580142203,1.008414814290071,-0.04283733511541474
2,purge,2134.0,100.05286331753943,10.1552673729506,0.10149901798133112,9.61976627383915,1.0,0.1661243985170805,1.0083062199258541,-0.04281829463346025
2,purge,2136.0,100.05286204490186,10.153101269588394,0.1014773696831568,9.534148717246945,1.0,0.16395347541701283,1.0081976737708507,-0.04279926351966889
2,purge,2138.0,100.05286077289037,10.15093612757127,0.10145573099216869,9.44856921351869,1.0,0.16178351602790664,1.0080891758013955,-0.0427802417686066
2,purge,2140.0,100.0528595015047,10.148771946427559,0.10143410190365354,9.363027743934353,1.0,0.1596145198767231,1.0079807259938363,-0.042761229374843064
2,purge,2142.0,100.05285823074429,10.146608725685853,0.10141248241290121,9.277524289784768,1.0,0.1574464864906967,1.0078723243245349,-0.04274222633295193
2,purge,2144.0,100.05285696060899,10.144446464875035,0.10139087251520386,9.192058832371611,1.0,0.15527941539733442,1.0077639707698667,-0.04272323263751139
2,purge,2146.0,100.05285569109834,10.142285163524248,0.10136927220585672,9.106631353007401,1.0,0.1531133061244176,1.007655665306221,-0.04270424828310231
2,purge,2148.0,100.05285442221188,10.140124821162907,0.10134768148015758,9.021241833015491,1.0,0.15094815819999902,1.00754740791,-0.042685273264310604
2,purge,2150.0,100.05285315394947,10.137965437320702,0.10132610033340682,8.935890253730054,1.0,0.14878397115240416,1.0074391985576203,-0.04266630757572584
2,purge,2152.0,100.05285188631046,10.135807011527591,0.10130452876090783,8.850576596496087,1.0,0.1466207445102317,1.0073310372255115,-0.04264735121194101
2,purge,2154.0,100.05285061929476,10.133649543313808,0.1012829667579664,8.765300842669392,1.0,0.1444584778023523,1.0072229238901176,-0.04262840416755303
2,purge,2156.0,100.05284935290194,10.131493032209855,0.10126141431989112,8.680062973616575,1.0,0.14229717055790755,1.0071148585278955,-0.0426094664371636
2,purge,2158.0,100.05284808713158,10.129337477746494,0.10123987144199335,8.594862970715035,1.0,0.14013682230631216,1.007006841115316,-0.0425905380153772
2,purge,2160.0,100.05284682198325,10.127182879454772,0.10121833811958725,8.509700815352955,1.0,0.1379774325772517,1.0068988716288627,-0.04257161889680279
2,purge,2162.0,100.05284555745678,10.125029236866002,0.10119681434798931,8.424576488929306,1.0,0.13581900090068355,1.0067909500450343,-0.04255270907605295
2,purge,2164.0,100.05284429355166,10.122876549511778,0.10117530012251927,8.339489972853817,1.0,0.13366152680683596,1.0066830763403418,-0.0425338085477443
2,purge,2166.0,100.05284303026757,10.120724816923955,0.10115379543849919,8.25444124854699,1.0,0.13150500982620822,1.0065752504913104,-0.042514917306497375
2,purge,2168.0,100.0528417676042,10.118574038634643,0.10113230029125375,8.169430297440071,1.0,0.12934944948957028,1.0064674724744784,-0.04249603534693659
2,purge,2170.0,100.05284050556115,10.116424214176247,0.10111081467611062,8.084457100975065,1.0,0.12719484532796338,1.0063597422663981,-0.04247716266368985
2,purge,2172.0,100.05283924413801,10.114275343081417,0.10108933858839995,7.999521640604713,1.0,0.12504119687269846,1.0062520598436349,-0.042458299251389456
2,purge,2174.0,100.05283798333451,10.112127424883099,0.10106787202345469,7.914623897792485,1.0,0.12288850365535711,1.0061444251827678,-0.042439445104671146
2,purge,2176.0,100.05283672315028,10.109980459114492,0.10104641497661046,7.829763854012579,1.0,0.12073676520779077,1.0060368382603895,-0.042420600218174766
2,purge,2178.0,100.05283546358493,10.10783444530906,0.10102496744320545,7.744941490749908,1.0,0.1185859810621206,1.0059292990531061,-0.04240176458654411
2,purge,2180.0,100.05283420463806,10.105689383000529,0.10100352941858062,7.660156789500095,1.0,0.11643615075073789,1.005821807537537,-0.04238293820442634
2,purge,2182.0,100.0528329463094,10.103545271722934,0.10098210089807975,7.5754097317694615,1.0,0.11428727380630319,1.0057143636903152,-0.042364121066472735
2,purge,2184.0,100.05283168859853,10.101402111010534,0.10096068187704914,7.490700299075024,1.0,0.11213934976174601,1.0056069674880872,-0.04234531316733857
2,purge,2186.0,100.0528304315051,10.099259900397879,0.10093927235083773,7.406028472944487,1.0,0.10999237815026516,1.0054996189075132,-0.0423265145016829
2,purge,2188.0,100.0528291750288,10.097118639419786,0.10091787231479733,7.32139423491623,1.0,0.10784635850532831,1.0053923179252664,-0.042307725064168515
2,purge,2190.0,100.05282791916929,10.09497832761132,0.10089648176428212,7.236797566539306,1.0,0.10570129036067194,1.0052850645180336,-0.04228894484946201
2,purge,2192.0,100.05282666392608,10.092838964507832,0.10087510069464924,7.152238449373431,1.0,0.10355717325030092,1.005177858662515,-0.042270173852233875
2,purge,2194.0,100.05282540929896,10.090700549644943,0.10085372910125842,7.067716864988968,1.0,0.10141400670848849,1.0050707003354244,-0.04225141206715834
2,purge,2196.0,100.05282415528752,10.088563082558533,0.10083236697947201,6.983232794966942,1.0,0.0992717902697759,1.0049635895134887,-0.042232659488913644
2,purge,2198.0,100.05282290189135,10.086426562784741,0.10081101432465502,6.898786220899007,1.0,0.09713052346897233,1.0048565261734486,-0.042213916112181706
2,purge,2200.0,100.05282164911013,10.084290989859987,0.10078967113217518,6.81437712438745,1.0,0.0949902058411551,1.0047495102920578,-0.04219518193164802
2,purge,2202.0,100.0528203969436,10.082156363320962,0.10076833739740283,6.730005487045188,1.0,0.09285083692166807,1.0046425418460834,-0.042176456942002664
2,purge,2204.0,100.05281914539131,10.080022682704605,0.10074701311571105,6.645671290495752,1.0,0.09071241624612382,1.0045356208123062,-0.04215774113793846
2,purge,2206.0,100.05281789445287,10.077889947548135,0.10072569828247559,6.561374516373282,1.0,0.08857494335040078,1.00442874716752,-0.04213903451415301
2,purge,2208.0,100.05281664412803,10.07575815738903,0.10070439289307469,6.477115146322519,1.0,0.08643841777064537,1.0043219208885323,-0.04212033706534699
2,purge,2210.0,100.05281539441631,10.073627311765039,0.10068309694288943,6.392893161998803,1.0,0.08430283904327024,1.0042151419521634,-0.04210164878622527
2,purge,2212.0,100.05281414531747,10.071497410214164,0.10066181042730335,6.308708545068056,1.0,0.0821682067049544,1.0041084103352478,-0.04208296967149668
2,purge,2214.0,100.05281289683109,10.069368452274679,0.10064053334170278,6.22456127720678,1.0,0.08003452029264442,1.0040017260146321,-0.04206429971587295
2,purge,2216.0,100.05281164895686,10.067240437485149,0.1006192656814768,6.14045134010205,1.0,0.07790177934355172,1.0038950889671776,-0.04204563891407066
2,purge,2218.0,100.05281040169442,10.065113365384361,0.1005980074420169,6.056378715451504,1.0,0.07576998339515453,1.0037884991697577,-0.04202698726080954
2,purge,2220.0,100.05280915504338,10.0629872355114,0.10057675861871745,5.972343384963334,1.0,0.0736391319851965,1.0036819565992599,-0.042008344750813394
2,purge,2222.0,100.05280790900345,10.060862047405612,0.10055551920697536,5.8883453303562865,1.0,0.07150922465168709,1.0035754612325845,-0.0419897113788098
2,purge,2224.0,100.05280666357416,10.058737800606576,0.10053428920219007,5.804384533359645,1.0,0.0693802609329013,1.003469013046645,-0.04197108713952989
2,purge,2226.0,100.05280541875531,10.056614494654161,0.1005130685997637,5.720460975713228,1.0,0.06725224036737945,1.003362612018369,-0.04195247202770859
2,purge,2228.0,100.05280417454647,10.054492129088509,0.10049185739510119,5.636574639167381,1.0,0.06512516249392676,1.0032562581246964,-0.04193386603808474
2,purge,2230.0,100.05280293094721,10.052370703449997,0.10047065558360997,5.552725505482964,1.0,0.06299902685161339,1.0031499513425806,-0.04191526916540083
2,purge,2232.0,100.05280168795738,10.050250217279311,0.10044946316070014,5.468913556431353,1.0,0.060873832979774105,1.0030436916489887,-0.04189668140440325
2,purge,2234.0,100.05280044557642,10.048130670117347,0.10042828012178444,5.385138773794427,1.0,0.058749580418008325,1.0029374790209005,-0.041878102749842036
2,purge,2236.0,100.05279920380414,10.046012061505309,0.10040710646227824,5.301401139364558,1.0,0.05662626870617978,1.002831313435309,-0.04185953319647093
2,purge,2238.0,100.05279796264013,10.043894390984635,0.10038594217759948,5.217700634944611,1.0,0.05450389738441616,1.0027251948692208,-0.041840972739047605
2,purge,2240.0,100.05279672208393,10.041777658097027,0.10036478726316882,5.134037242347928,1.0,0.05238246599310928,1.0026191232996555,-0.04182242137233332
2,purge,2242.0,100.05279548213535,10.039661862384474,0.10034364171440943,5.050410943398328,1.0,0.05026197407291465,1.0025130987036457,-0.04180387909109312
2,purge,2244.0,100.05279424279396,10.037547003389202,0.10032250552674724,4.966821719930092,1.0,0.04814242116475165,1.0024071210582375,-0.04178534589009556
2,purge,2246.0,100.0527930040595,10.03543308065372,0.10030137869561072,4.883269553787966,1.0,0.04602380680980229,1.0023011903404904,-0.04176682176411354
2,purge,2248.0,100.05279176593147,10.033320093720782,0.10028026121643101,4.799754426827143,1.0,0.043906130549512534,1.0021953065274756,-0.041748306707923066
2,purge,2250.0,100.05279052840964,10.031208042133418,0.10025915308464177,4.716276320913258,1.0,0.04178939192559089,1.0020894695962796,-0.04172980071630426
2,purge,2252.0,100.05278929149367,10.029096925434901,0.1002380542956793,4.632835217922387,1.0,0.039673590480009006,1.0019836795240005,-0.04171130378404072
2,purge,2254.0,100.05278805518304,10.026986743168782,0.10021696484498269,4.549431099741032,1.0,0.03755872575500094,1.0018779362877501,-0.041692815905919896
2,purge,2256.0,100.05278681947763,10.024877494878872,0.10019588472799335,4.466063948266117,1.0,0.03544479729306338,1.0017722398646534,-0.041674337076732904
2,purge,2258.0,100.05278558437693,10.022769180109242,0.1001748139401556,4.38273374540498,1.0,0.03333180463695507,1.0016665902318478,-0.04165586729127465
2,purge,2260.0,100.05278434988071,10.02066179840422,0.10015375247691616,4.299440473075366,1.0,0.031219747329697074,1.0015609873664848,-0.04163740654434359
2,purge,2262.0,100.05278311598848,10.018555349308398,0.10013270033372446,4.2161841132054185,1.0,0.0291086249145721,1.0014554312457287,-0.04161895483074213
2,purge,2264.0,100.05278188270002,10.016449832366641,0.10011165750603254,4.132964647733672,1.0,0.026998436935124825,1.0013499218467563,-0.04160051214527608
2,purge,2266.0,100.05278065001495,10.01434524712405,0.10009062398929493,4.049782058609049,1.0,0.024889182935160785,1.001244459146758,-0.041582078482755566
2,purge,2268.0,100.05277941793285,10.012241593125996,0.10006959977896888,3.9666363277908427,1.0,0.022780862458747733,1.0011390431229374,-0.041563653837993625
2,purge,2270.0,100.05277818645351,10.01013886991812,0.10004858487051412,3.8835274372487216,1.0,0.02067347505021415,1.0010336737525107,-0.041545238205807404
2,purge,2272.0,100.05277695557646,10.008037077046316,0.10002757925939322,3.800455368962715,1.0,0.01856702025414963,1.0009283510127076,-0.04152683158101759
2,purge,2274.0,100.05277572530144,10.005936214056726,0.10000658294107093,3.717420104923203,1.0,0.016461497615404014,1.0008230748807703,-0.041508433958448936
2,purge,2276.0,100.05277449562807,10.003836280495767,0.09998559591101493,3.6344216271309193,1.0,0.01435690667908862,1.0007178453339545,-0.041490045332929264
2,purge,2278.0,100.052773266556,10.001737275910124,0.09996461816469548,3.5514599175969326,1.0,0.012253246990574607,1.0006126623495288,-0.04147166569929046
2,purge,2280.0,100.05277179061048,9.999534370542133,0.09994260220465521,3.4685355077105453,1.0,0.010156653376860638,1.000507832668843,-0.04144852052025961
2,purge,2282.0,100.05275754562702,9.981936892387022,0.09976673444342564,3.3858105441085313,1.0,0.008315564467488845,1.0004157782233745,-0.04123007059752932
2,purge,2284.0,100.05272674040563,9.935526180723631,0.09930290262355475,3.3037792316721024,1.0,0.0068082083594817235,1.000340410417974,-0.0407651821130463
2,purge,2286.0,100.05268312739256,9.86573401709805,0.09860539176682008,3.222876615932961,1.0,0.005574089562739838,1.000278704478137,-0.040109742459722146
2,purge,2288.0,100.0526297493996,9.777922248342836,0.097727788593198,3.1434368933571144,1.0,0.004563678566361161,1.000228183928318,-0.03930906858538058
2,purge,2290.0,100.05256906939557,9.676443716272605,0.09671359572547417,3.0657125547102284,1.0,0.003736424007924407,1.0001868212003961,-0.038399840368023526
2,purge,2292.0,100.0525030767195,9.564817721069973,0.09559798532712115,2.989890023723406,1.0,0.003059125256972311,1.0001529562628486,-0.03741168277402972
2,purge,2294.0,100.05243337400165,9.445887995308269,0.09440937793085956,2.9161024290591206,1.0,0.002504599938352374,1.0001252299969177,-0.03636846062926756
2,purge,2296.0,100.05236124828531,9.32194959126166,0.09317071056552821,2.844440029789607,1.0,0.002050593004438827,1.000102529650222,-0.03528933805232985
2,purge,2298.0,100.05228772921654,9.194851040407315,0.09190045774158047,2.7749587210241153,1.0,0.0016788835640101838,1.0000839441782006,-0.03418964524055437
2,purge,2300.0,100.05221363664715,9.066076948700955,0.09061345690586729,2.707686968943748,1.0,0.001374553613063194,1.0000687276806535,-0.03308158756068567
2,purge,2302.0,100.05213961957153,8.936815007669928,0.08932157814565883,2.6426314610552017,1.0,0.0011253893216042227,1.0000562694660802,-0.03197482555025274
2,purge,2304.0,100.05206618797038,8.808010516375266,0.08803426907573732,2.579781705591071,1.0,0.0009213908531597305,1.0000460695426583,-0.030876949246356825
2,purge,2306.0,100.05199373884709,8.680410845266458,0.0867589992051915,2.5191137716905296,1.0,0.0007543710326454713,1.0000377185516323,-0.029793866028347122
2,purge,2308.0,100.05192257751281,8.554601762921903,0.08550162298275112,2.460593327001402,1.0,0.000617626768589058,1.0000308813384295,-0.02873011766052858
2,purge,2310.0,100.05185293498032,8.431037158431543,0.08426667683916395,2.4041781010972034,1.0,0.0005056700338115521,1.0000252835016905,-0.02768913939557106
2,purge,2312.0,100.05178498217577,8.31006338674251,0.08305762249242177,2.3498198796842145,1.0,0.0004140076117451464,1.0000207003805872,-0.02667347165652307
2,purge,2314.0,100.05171884154429,8.191939226209904,0.08187704640220914,2.2974661155519276,1.0,0.00033896076749026087,1.0000169480383745,-0.025684932912396145
2,purge,2316.0,100.0516545965243,8.07685224846313,0.08072682336973276,2.2470612265821535,1.0,0.0002775176076377441,1.0000138758803818,-0.02472476079768563
2,purge,2318.0,100.05159229927754,7.964932250398625,0.07960825077699575,2.198547638371945,1.0,0.00022721220253036327,1.0000113606101264,-0.023793727249465213
2,purge,2320.0,100.05153197699171,7.856262277360846,0.07852215875282656,2.1518666185512347,1.0,0.0001860256198452528,1.0000093012809923,-0.0228922323875454
2,purge,2322.0,100.05147363701587,7.750887669390699,0.0774690005817477,2.1069589413121816,1.0,0.0001523048975946892,1.0000076152448798,-0.022020381006119777
2,purge,2324.0,100.0514172710416,7.648823483692292,0.07644892688497809,2.063765413652544,1.0,0.00012469670495168602,1.0000062348352476,-0.02117804484318856
2,purge,2326.0,100.05136285850269,7.5500605826911436,0.07546184646548786,2.0222272891001327,1.0,0.00010209302833576338,1.000005104651417,-0.02036491321990076
2,purge,2328.0,100.05131036933648,7.454570624974922,0.07450747618853358,1.9822865899861934,1.0,8.358670294301e-05,1.000004179335147,-0.019580534171428323
2,purge,2330.0,100.05125976622486,7.3623101539592755,0.0735853818448834,1.9438863554902208,1.0,6.843500504172727e-05,1.000003421750252,-0.018824347805871867
2,purge,2332.0,100.05121100640619,7.273223944407676,0.07269501159703083,1.906970829531513,1.0,5.6029843864691336e-05,1.0000028014921933,-0.018095713312415804
2,purge,2334.0,100.05116404314178,7.187247738376564,0.0718357233232933,1.871485600007009,1.0,4.58733567943409e-05,1.0000022936678397,-0.017393930781840598
2,purge,2336.0,100.05111882689646,7.104310478943852,0.07100680694271276,1.8373776987671047,1.0,3.755792839014178e-05,1.0000018778964195,-0.01671825879119778
2,purge,2338.0,100.05107530628709,7.024336130747108,0.07020750261047627,1.8045956699962777,1.0,3.074983135162751e-05,1.0000015374915676,-0.016067928531471286
2,purge,2340.0,100.05103342884216,6.947245160733529,0.06943701551743107,1.773089613254019,1.0,2.517583287159478e-05,1.0000012587916436,-0.015442155115440536
2,purge,2342.0,100.05099314160726,6.872955739440689,0.06869452789652017,1.7428112062769412,1.0,2.0612228845441314e-05,1.0000010306114422,-0.014840146587039381
2,purge,2344.0,100.05095439162422,6.801384712592498,0.0679792087336838,1.7137137116983923,1.0,1.6875865841014764e-05,1.0000008437932921,-0.014261111058611853
2,purge,2346.0,100.05091712630836,6.732448383865633,0.06729022159153539,1.6857519710693707,1.0,1.3816790509140661e-05,1.0000006908395254,-0.013704262324790285
2,purge,2348.0,100.05088129374259,6.6660631426115105,0.0666267308834632,1.658882388932789,1.0,1.1312231429898607e-05,1.0000005656115718,-0.013168824238140458
2,purge,2350.0,100.0508468429039,6.6021459642268345,0.06598790687492408,1.6330629091866125,1.0,9.261671865034653e-06,1.0000004630835932,-0.012654034079677523
2,purge,2352.0,100.05081372383546,6.540614806094848,0.06537292964101755,1.6082529855492265,1.0,7.582815668786516e-06,1.0000003791407834,-0.012159145114762876
2,purge,2354.0,100.0507818877739,6.4813889178598405,0.0647809921678569,1.5844135475953622,1.0,6.208284454977197e-06,1.0000003104142228,-0.011683428490032365
2,purge,2356.0,100.05075128724162,6.424389081580667,0.06421130275310487,1.5615069635491166,1.0,5.082913466110874e-06,1.0000002541456734,-0.011226174598478763
2,purge,2358.0,100.05072187610936,6.369537794497439,0.06366308683294357,1.539497000790459,1.0,4.161537618215684e-06,1.0000002080768808,-0.010786694016466968
2,purge,2360.0,100.05069360963695,6.316759404907553,0.06313558834038026,1.5183487848438126,1.0,3.407178867649544e-06,1.0000001703589434,-0.010364318097359488
2,purge,2362.0,100.05066644449477,6.265980209847255,0.06262807068180241,1.4980287574640923,1.0,2.7895621525428116e-06,1.0000001394781077,-0.00995839929080286
2,purge,2364.0,100.05064033877017,6.217128521632158,0.062139817402277905,1.4785046343106787,1.0,2.2839003484039253e-06,1.0000001141950174,-0.009568311243941818
2,purge,2366.0,100.050615251964,6.170134709146928,0.06167013259846802,1.4597453625981018,1.0,1.8698994738958472e-06,1.0000000934949738,-0.009193448730372398
2,purge,2368.0,100.05059114497617,6.124931218717796,0.06121834112746616,1.441721079029397,1.0,1.5309442222028063e-06,1.000000076547211,-0.008833227444094623
2,purge,2370.0,100.05056798008506,6.0814525784826765,0.06078378865068694,1.4244030682508264,1.0,1.2534311305050961e-06,1.0000000626715566,-0.008487083688734734
2,purge,2372.0,100.05054572092199,6.039635389568789,0.0603658415458879,1.4077637220119983,1.0,1.0262226253146658e-06,1.0000000513111313,-0.008154473986592222
2,purge,2374.0,100.05052433244065,5.999418306722784,0.05996388671376025,1.3917764991711616,1.0,8.402000325964008e-07,1.0000000420100017,-0.00783487462739781
2,purge,2376.0,100.05050378088399,5.960742010603729,0.05957733130118041,1.3764158866495984,1.0,6.878976134038508e-07,1.000000034394881,-0.007527781172853512
2,purge,2378.0,100.05048403374906,5.923549173557729,0.05920560235930087,1.3616573614101282,1.0,5.632029375961974e-07,1.0000000281601469,-0.007232707929911239
2,purge,2380.0,100.0504650597511,5.887784420324505,0.05884814645097614,1.3474773535114561,1.0,4.6111157058305704e-07,1.0000000230555786,-0.006949187403204066
2,purge,2382.0,100.0504468287849,5.853394284938035,0.058504429220140076,1.333853210271403,1.0,3.775262278159843e-07,1.0000000188763114,-0.006676769734970361
2,purge,2384.0,100.05042931188798,5.82032716476418,0.05817393493255714,1.320763161557126,1.0,3.090923363921405e-07,1.000000015454617,-0.006415022139120138
2,purge,2386.0,100.05041248120209,5.788533272532869,0.05785616599652144,1.3081862862085776,1.0,2.5306340428066826e-07,1.0000000126531705,-0.006163528334716212
2,purge,2388.0,100.05039630993583,5.7579645870011555,0.05755064246986238,1.2961024795920382,1.0,2.0719079396673576e-07,1.0000000103595397,-0.0059218879830214705
2,purge,2390.0,100.05038077232749,5.728574802799143,0.05725690155877534,1.2844924222732277,1.0,1.69633476743068e-07,1.000000008481674,-0.0056897161313526935
2,purge,2392.0,100.05036584360825,5.700319279894999,0.05697449711283755,1.2733375497937618,1.0,1.3888414577223378e-07,1.0000000069442072,-0.005466642666241532
2,purge,2394.0,100.05035149996652,5.673154993035494,0.05670299911977214,1.2626200235303526,1.0,1.1370872257778748e-07,1.0000000056854361,-0.00525231177780344
2,purge,2396.0,100.050337718513,5.6470404814465285,0.05644199320280372,1.252322702612848,1.0,9.309682914763034e-08,1.0000000046548414,-0.005046381436730226
2,purge,2398.0,100.05032447724632,5.621935799025333,0.05619108012292241,1.2424291168747823,1.0,7.6221237921427e-08,1.000000003811062,-0.004848522884930068
2,purge,2400.0,100.05031175502026,5.597802465206354,0.05594987528787456,1.2329234408083594,1.0,6.24046721334129e-08,1.0000000031202336,-0.004658420140522922
3,adsorption,2400.0,100.05031175502026,5.597802465206354,0.05594987528787456,1.2329234408083594,1.0,6.24046721334129e-08,1.0000000031202336,-0.004658420140522922
3,adsorption,2402.0,100.04621458168671,8.55149262992766,0.08547542418954243,1.3008696619869629,1.0,0.07992112650547072,1.0039960563252734,0.05632108543452792
3,adsorption,2404.0,100.04710613129198,9.371686421720094,0.09367273861396466,1.3997689234525919,1.0,0.06543388409066558,1.0032716942045332,0.04304305112166733
3,adsorption,2406.0,100.0472118853989,10.019835740012256,0.10015107418975036,1.481003703836287,1.0,0.06556764404935059,1.0032783822024676,0.04152268828176772
3,adsorption,2408.0,100.0472737383296,10.077364172701726,0.10072602476963786,1.5627165643747016,1.0,0.06669749944315613,1.0033348749721578,0.04076971827816775
3,adsorption,2410.0,100.04726378146742,10.080642282376711,0.1007588004045347,1.644545400325318,1.0,0.06899029870051426,1.0034495149350258,0.04092152497989477
3,adsorption,2412.0,100.04726464479305,10.081308412484155,0.10076545768919067,1.7263699771525365,1.0,0.07106633212746324,1.0035533166063733,0.0409043395163706
3,adsorption,2414.0,100.04726601057762,10.083502683997803,0.10078738866219206,1.8081555876345408,1.0,0.07313771249318937,1.0036568856246595,0.0408843039919969
3,adsorption,2416.0,100.04726707320884,10.08559326438295,0.10080828351865817,1.8899087128543557,1.0,0.07521364667878273,1.0037606823339391,0.040868470152363424
3,adsorption,2418.0,100.04726815624367,10.087658861669984,0.1008289286411709,1.9716294737586673,1.0,0.07728826781712751,1.0038644133908563,0.04085225942218612
3,adsorption,2420.0,100.04726924356683,10.089728580409929,0.10084961495397048,2.053317721310817,1.0,0.07936199266465967,1.003968099633233,0.040835999852218204
3,adsorption,2422.0,100.04727032948067,10.091797456524036,0.10087029284546419,2.1349734818220627,1.0,0.08143491137109944,1.004071745568555,0.04081976123301632
3,adsorption,2424.0,100.04727141506137,10.093865380427708,0.10089096121923972,2.21659676884439,1.0,0.08350700331860827,1.0041753501659305,0.040803527211626674
3,adsorption,2426.0,100.04727250030913,10.095932503625333,0.10091162158962541,2.2981875931088327,1.0,0.08557826936242235,1.0042789134681211,0.04078729824051279
3,adsorption,2428.0,100.04727358521188,10.097998857258487,0.10093227426790252,2.3797459658898767,1.0,0.08764871014379302,1.0043824355071898,0.04077107459436104
3,adsorption,2430.0,100.04727466963085,10.100064411832635,0.10095291895940557,2.461271898556151,1.0,0.0897183284858639,1.0044859164242932,0.04075485824785083
3,adsorption,2432.0,100.04727575366391,10.102128996918317,0.1009735539605471,2.542765403484558,1.0,0.0917871221760721,1.0045893561088035,0.040738647227645086
3,adsorption,2434.0,100.04727683740774,10.104192880092581,0.10099418194573605,2.6242264909932214,1.0,0.09385509067260357,1.0046927545336302,0.04072244090476637
3,adsorption,2436.0,100.04727792070355,10.106255908351956,0.10101480138582153,2.705655173025107,1.0,0.09592223671546886,1.0047961118357736,0.04070624117756358
3,adsorption,2438.0,100.04727900361,10.108318109892021,0.10103541256256736,2.787051461006542,1.0,0.09798855958520211,1.00489942797926,0.040690047256326814
3,adsorption,2440.0,100.0472800861522,10.110379497617444,0.10105601560493443,2.8684153662397223,1.0,0.10005405914580434,1.0050027029572903,0.04067385880893295
3,adsorption,2442.0,100.04728116831554,10.112440062447543,0.1010766104221741,2.94974690010067,1.0,0.10211873592684724,1.0051059367963424,0.04065767602092745
3,adsorption,2444.0,100.04728225009882,10.114499806300572,0.10109719703346147,3.0310460741194114,1.0,0.1041825902548286,1.0052091295127414,0.04064149891637808
3,adsorption,2446.0,100.04728333150034,10.116558728899168,0.10111777543602651,3.1123128996325176,1.0,0.10624562245169998,1.005312281122585,0.04062532751967564
3,adsorption,2448.0,100.04728441252004,10.118616830606275,0.10113834563349747,3.1935473881508387,1.0,0.10830783281289419,1.0054153916406448,0.04060916183104071
3,adsorption,2450.0,100.04728549315814,10.12067411228757,0.10115890763452734,3.2747495510013502,1.0,0.11036922162682387,1.0055184610813412,0.04059300184889562
3,adsorption,2452.0,100.04728657341504,10.12273057423893,0.10117946144207356,3.355919399543098,1.0,0.11242978917712858,1.0056214894588564,0.04057684756729834
3,adsorption,2454.0,100.04728765329087,10.124786216675826,0.10120000705829019,3.4370569451426634,1.0,0.11448953575321491,1.0057244767876607,0.04056069898465438
3,adsorption,2456.0,100.0472887327857,10.12684103988855,0.10122054448607927,3.5181621992776915,1.0,0.1165484616477555,1.0058274230823878,0.040544556099695477
3,adsorption,2458.0,100.04728981189955,10.128895044164889,0.10124107372831767,3.599235173338828,1.0,0.11860656715090337,1.0059303283575451,0.04052841891092808
3,adsorption,2460.0,100.04729089063267,10.130948229792137,0.10126159478787734,3.680275878717333,1.0,0.12066385255288042,1.006033192627644,0.040512287416900085
3,adsorption,2462.0,100.04729196898502,10.133000597057944,0.10128210766763386,3.7612843268013916,1.0,0.12272031814386289,1.006136015907193,0.04049616161618524
3,adsorption,2464.0,100.04729304695678,10.135052146250858,0.10130261237047176,3.8422605289762846,1.0,0.12477596421396767,1.0062387982106986,0.0404800415073691
3,adsorption,2466.0,100.04729412454802,10.137102877660505,0.1013231088992863,3.923204496624401,1.0,0.12683079105323375,1.0063415395526616,0.04046392708903431
3,adsorption,2468.0,100.04729520175883,10.139152791577219,0.10134359725697985,4.004116241125231,1.0,0.1288847989516108,1.0064442399475806,0.040447818359751815
3,adsorption,2470.0,100.04729627858923,10.141201888291542,0.10136407744645694,4.084995773855373,1.0,0.13093798819895516,1.0065468994099478,0.04043171531807758
3,adsorption,2472.0,100.0472973550394,10.143250168093774,0.1013845494706195,4.165843106188535,1.0,0.132990359085034,1.0066495179542516,0.04041561796255585
3,adsorption,2474.0,100.0472984311095,10.145297631273694,0.10140501333236436,4.246658249495536,1.0,0.135041911899536,1.0067520955949767,0.04039952629172734
3,adsorption,2476.0,100.04729950679955,10.147344278120544,0.10142546903458294,4.327441215144302,1.0,0.13709264693207715,1.0068546323466039,0.040383440304134134
3,adsorption,2478.0,100.04730058210963,10.149390108923175,0.1014459165801629,4.4081920144998685,1.0,0.13914256447220472,1.0069571282236103,0.040367359998322305
3,adsorption,2480.0,100.04730165703987,10.151435123970264,0.10146635597198993,4.488910658924376,1.0,0.14119166480940062,1.00705958324047,0.040351285372844964
3,adsorption,2482.0,100.04730273159025,10.153479323550462,0.10148678721294972,4.569597159777072,1.0,0.14323994823307723,1.007161997411654,0.040335216426258806
3,adsorption,2484.0,100.04730380576113,10.155522707952638,0.1015072103059297,4.650251528414308,1.0,0.14528741503257622,1.007264370751629,0.04031915315712329
3,adsorption,2486.0,100.04730487955237,10.157565277465618,0.10152762525381748,4.730873776189542,1.0,0.14733406549716058,1.007366703274858,0.040303095563994425
3,adsorption,2488.0,100.04730595296418,10.159607032378362,0.10154803205950151,4.811463914453339,1.0,0.1493798999160211,1.0074689949958011,0.04028704364542968
3,adsorption,2490.0,100.04730702599656,10.161647972979793,0.10156843072587014,4.8920219545533685,1.0,0.15142491857826762,1.0075712459289135,0.04027099739998138
3,adsorption,2492.0,100.0473080986497,10.163688099558744,0.10158882125581067,4.972547907834406,1.0,0.15346912177293554,1.0076734560886467,0.04025495682620159
3,adsorption,2494.0,100.04730917092374,10.165727412403834,0.1016092036522083,5.053041785638337,1.0,0.1555125097889841,1.0077756254894494,0.04023892192264086
3,adsorption,2496.0,100.04731024281858,10.167765911803594,0.10162957791794745,5.133503599304149,1.0,0.15755508291529896,1.0078777541457649,0.04022289268785022
3,adsorption,2498.0,100.0473113143345,10.169803598046423,0.10164994405591109,5.2139333601679345,1.0,0.15959684144069194,1.0079798420720345,0.04020686912038102
3,adsorption,2500.0,100.04731238547151,10.171840471420602,0.10167030206898107,5.294331079562896,1.0,0.16163778565390294,1.008081889282695,0.04019085121878637
3,adsorption,2502.0,100.04731345622983,10.1738765322144,0.10169065196003908,5.374696768819339,1.0,0.1636779158435976,1.0081838957921798,0.04017483898161934
3,adsorption,2504.0,100.04731452660937,10.175911780715966,0.10171099373196571,5.455030439264673,1.0,0.16571723229836638,1.0082858616149184,0.04015883240743232
3,adsorption,2506.0,100.04731559661036,10.177946217213455,0.10173132738764143,5.535332102223412,1.0,0.1677557353067289,1.0083877867653364,0.0401428314947803
3,adsorption,2508.0,100.04731666623282,10.179979841994939,0.10175165292994613,5.615601769017181,1.0,0.16979342515712614,1.0084896712578564,0.04012683624221477
3,adsorption,2510.0,100.04731773547691,10.182012655348489,0.10177197036175946,5.6958394509647,1.0,0.17183030213792838,1.0085915151068965,0.040110846648290135
3,adsorption,2512.0,100.04731880434264,10.184044657562007,0.10179227968595957,5.776045159381802,1.0,0.1738663665374263,1.0086933183268714,0.040094862711556475
3,adsorption,2514.0,100.04731987283023,10.18607584892339,0.10181258090542425,5.85621890558142,1.0,0.17590161864384124,1.0087950809321922,0.04007888443056778
3,adsorption,2516.0,100.04732094093963,10.188106229720395,0.10183287402303037,5.936360700873595,1.0,0.17793605874531557,1.0088968029372658,0.04006291180387424
3,adsorption,2518.0,100.0473220086711,10.19013580024074,0.1018531590416539,6.016470556565471,1.0,0.17996968712992034,1.0089984843564963,0.04004694483002846
3,adsorption,2520.0,100.04732307602465,10.192164560771996,0.10187343596416973,6.096548483961297,1.0,0.1820025040856521,1.0091001252042826,0.040030983507582704
3,adsorption,2522.0,100.04732414300034,10.194192511601718,0.10189370479345239,6.176594494362425,1.0,0.18403450990043219,1.0092017254950216,0.040015027835088604
3,adsorption,2524.0,100.04732520959828,10.1962196530174,0.10191396553237585,6.2566085990673095,1.0,0.18606570486210922,1.0093032852431054,0.039999077811098994
3,adsorption,2526.0,100.04732627581868,10.198245985306416,0.10193421818381287,6.336590809371513,1.0,0.18809608925845622,1.009404804462923,0.03998313343416559
3,adsorption,2528.0,100.04732734166151,10.20027150875611,0.10195446275063594,6.416541136567701,1.0,0.19012566337717232,1.0095062831688586,0.039967194702840395
3,adsorption,2530.0,100.04732840712688,10.202296223653716,0.10197469923571645,6.496459591945638,1.0,0.1921544275058821,1.009607721375294,0.03995126161567528
3,adsorption,2532.0,100.04732947221498,10.204320130286431,0.10199492764192533,6.576346186792201,1.0,0.19418238193213644,1.0097091190966068,0.039935334171222414
3,adsorption,2534.0,100.0473305369258,10.206343228941366,0.10201514797213278,6.656200932391364,1.0,0.19620952694341076,1.0098104763471705,0.03991941236803312
3,adsorption,2536.0,100.0473316012595,10.208365519905549,0.1020353602292081,6.736023840024203,1.0,0.19823586282710678,1.0099117931413555,0.03990349620465924
3,adsorption,2538.0,100.04733266521615,10.21038700346593,0.10205556441601983,6.815814920968906,1.0,0.20026138987055195,1.0100130694935276,0.03988758567965241
3,adsorption,2540.0,100.04733372879585,10.212407679909397,0.10207576053543584,6.895574186500752,1.0,0.2022861083609988,1.01011430541805,0.03987168079156403
3,adsorption,2542.0,100.04733479199867,10.214427549522746,0.10209594859032319,6.975301647892133,1.0,0.20431001858562614,1.0102155009292813,0.03985578153894574
3,adsorption,2544.0,100.04733585482472,10.21644661259272,0.10211612858354828,7.054997316412542,1.0,0.20633312083153835,1.0103166560415768,0.039839887920349065
3,adsorption,2546.0,100.0473369172742,10.21846486940598,0.10213630051797667,7.13466120332857,1.0,0.20835541538576507,1.0104177707692883,0.03982399993432537
3,adsorption,2548.0,100.04733797934705,10.220482320249095,0.10215646439647329,7.214293319903918,1.0,0.21037690253526242,1.010518845126763,0.03980811757942632
3,adsorption,2550.0,100.04733904104349,10.222498965408581,0.10217662022190213,7.293893677399384,1.0,0.21239758256691077,1.0106198791283456,0.03979224085420271
3,adsorption,2552.0,100.04734010236356,10.224514805170877,0.1021967679971267,7.373462287072872,1.0,0.2144174557675179,1.0107208727883759,0.039776369757206526
3,adsorption,2554.0,100.04734116330732,10.226529839822334,0.10221690772500953,7.452999160179387,1.0,0.21643652242381567,1.0108218261211908,0.03976050428698846
3,adsorption,2556.0,100.04734222387494,10.228544069649244,0.10223703940841262,7.532504307971038,1.0,0.21845478282246256,1.010922739141123,0.03974464444210003
3,adsorption,2558.0,100.04734328406644,10.230557494937823,0.10225716305019708,7.611977741697033,1.0,0.22047223725004209,1.011023611862502,0.03972879022109217
3,adsorption,2560.0,100.04734434388196,10.232570115974198,0.10227727865322328,7.691419472603686,1.0,0.2224888859930637,1.0111244442996532,0.03971294162251599
3,adsorption,2562.0,100.04734540332166,10.234581933044444,0.10229738622035091,7.77082951193441,1.0,0.22450472933796267,1.011225236466898,0.039697098644922685
3,adsorption,2564.0,100.04734646238555,10.236592946434548,0.10231748575443893,7.850207870929724,1.0,0.22651976757109965,1.011325988378555,0.039681261286863244
3,adsorption,2566.0,100.04734752107372,10.238603156430424,0.1023375772583455,7.9295545608272455,1.0,0.22853400097876075,1.011426700048938,0.03966542954688847
3,adsorption,2568.0,100.04734857938635,10.240612563317908,0.102357660734928,8.008869592861693,1.0,0.23054742984715784,1.0115273714923578,0.039649603423549264
3,adsorption,2570.0,100.04734963732349,10.242621167382767,0.10237773618704309,8.08815297826489,1.0,0.2325600544624287,1.0116280027231215,0.039633782915396557
3,adsorption,2572.0,100.04735069488521,10.244628968910694,0.10239780361754684,8.167404728265762,1.0,0.2345718751106365,1.0117285937555318,0.039617968020981255
3,adsorption,2574.0,100.04735175207158,10.246635968187304,0.10241786302929438,8.246624854090332,1.0,0.23658289207776986,1.0118291446038885,0.03960215873885388
3,adsorption,2576.0,100.04735280888285,10.248642165498147,0.10243791442514016,8.325813366961729,1.0,0.23859310564974334,1.0119296552824872,0.039586355067565235
3,adsorption,2578.0,100.04735386531893,10.250647561128675,0.10245795780793786,8.404970278100176,1.0,0.24060251611239683,1.01203012580562,0.039570557005666
3,adsorption,2580.0,100.04735492138005,10.252652155364295,0.10247799318054045,8.484095598723009,1.0,0.2426111237514963,1.0121305561875749,0.03955476455170692
3,adsorption,2582.0,100.04735597706625,10.254655948490324,0.10249802054580022,8.563189340044655,1.0,0.24461892885273262,1.0122309464426367,0.03953897770423834
3,adsorption,2584.0,100.04735703237756,10.256658940791999,0.1025180399065686,8.642251513276646,1.0,0.24662593170172295,1.0123312965850861,0.03952319646181097
3,adsorption,2586.0,100.04735808731422,10.258661132554497,0.10253805126569625,8.721282129627616,1.0,0.24863213258400962,1.0124316066292005,0.03950742082297521
3,adsorption,2588.0,100.0473591418763,10.26066252406291,0.10255805462603318,8.800281200303298,1.0,0.25063753178506126,1.012531876589253,0.03949165078628184
3,adsorption,2590.0,100.04736019606382,10.262663115602278,0.10257804999042888,8.879248736506527,1.0,0.25264212959027105,1.0126321064795136,0.039475886350280875
3,adsorption,2592.0,100.04736124987686,10.264662907457527,0.10259803736173163,8.95818474943724,1.0,0.25464592628495836,1.012732296314248,0.03946012751352273
3,adsorption,2594.0,100.04736230331564,10.266661899913542,0.10261801674278921,9.037089250292471,1.0,0.2566489221543682,1.0128324461077185,0.03944437427455779
3,adsorption,2596.0,100.0473633563801,10.268660093255113,0.10263798813644869,9.115962250266357,1.0,0.2586511174836709,1.0129325558741835,0.039428626631936185
3,adsorption,2598.0,100.04736440907048,10.270657487766963,0.10265795154555624,9.194803760550135,1.0,0.2606525125579631,1.013032625627898,0.03941288458420853
3,adsorption,2600.0,100.04736546138685,10.272654083733759,0.10267790697295749,9.273613792332142,1.0,0.26265310766226607,1.0131326553831135,0.03939714812992468
3,adsorption,2602.0,100.04736651332921,10.274649881440054,0.10269785442149715,9.352392356797822,1.0,0.2646529030815272,1.0132326451540765,0.03938141726763481
3,adsorption,2604.0,100.04736756489778,10.276644881170352,0.10271779389401924,9.431139465129704,1.0,0.2666518991006197,1.013332594955031,0.039365691995889324
3,adsorption,2606.0,100.04736861609257,10.278639083209095,0.10273772539336712,9.509855128507432,1.0,0.268650096004342,1.013432504800217,0.039349972313238106
3,adsorption,2608.0,100.04736966691374,10.280632487840627,0.10275764892238336,9.588539358107743,1.0,0.27064749407741795,1.013532374703871,0.03933425821823118
3,adsorption,2610.0,100.04737071736129,10.282625095349223,0.10277756448390975,9.667192165104478,1.0,0.27264409360449743,1.0136322046802249,0.039318549709418456
3,adsorption,2612.0,100.04737176743544,10.284616906019092,0.10279747208078731,9.745813560668571,1.0,0.27463989487015567,1.0137319947435077,0.03930284678535005
3,adsorption,2614.0,100.04737281713618,10.286607920134358,0.10281737171585639,9.824403555968065,1.0,0.27663489815889347,1.0138317449079446,0.03928714944457564
3,adsorption,2616.0,100.04737386646372,10.288598137979076,0.1028372633919565,9.902962162168096,1.0,0.27862910375513766,1.013931455187757,0.03927145768564549
3,adsorption,2618.0,100.04737491541806,10.290587559837222,0.10285714711192652,9.981489390430902,1.0,0.28062251194324,1.014031125597162,0.03925577150710919
3,adsorption,2620.0,100.04737596399934,10.292576185992708,0.10287702287860453,10.059985251915819,1.0,0.2826151230074783,1.0141307561503738,0.03924009090751673
3,adsorption,2622.0,100.04737701220763,10.294564016729362,0.10289689069482787,10.138449757779288,1.0,0.28460693723205555,1.0142303468616027,0.03922441588541759
3,adsorption,2624.0,100.04737806004303,10.296551052330953,0.10291675056343323,10.216882919174841,1.0,0.2865979549011006,1.014329897745055,0.03920874643936165
3,adsorption,2626.0,100.04737910750569,10.29853729308114,0.10293660248725625,10.29528474725312,1.0,0.2885881762986678,1.0144294088149335,0.03919308256789852
3,adsorption,2628.0,100.04738015459564,10.300522739263531,0.10295644646913205,10.373655253161857,1.0,0.2905776017087376,1.0145288800854368,0.039177424269578195
3,adsorption,2630.0,100.047381201313,10.302507391161692,0.1029762825118953,10.451994448045884,1.0,0.29256623141521493,1.0146283115707608,0.039161771542949995
3,adsorption,2632.0,100.04738224765792,10.304491249059065,0.10299611061837942,10.530302343047142,1.0,0.294554065701931,1.0147277032850965,0.03914612438656337
3,adsorption,2634.0,100.04738329363042,10.306474313239029,0.10301593079141727,10.608578949304658,1.0,0.29654110485264307,1.0148270552426322,0.0391304827989685
3,adsorption,2636.0,100.04738433923063,10.308456583984892,0.10303574303384098,10.686824277954566,1.0,0.2985273491510327,1.0149263674575517,0.03911484677871422
3,adsorption,2638.0,100.04738538445861,10.310438061579896,0.10305554734848196,10.765038340130095,1.0,0.30051279888070764,1.0150256399440354,0.039099216324350095
3,adsorption,2640.0,100.0473864293145,10.312418746307188,0.10307534373817072,10.84322114696158,1.0,0.30249745432520164,1.01512487271626,0.03908359143442572
3,adsorption,2642.0,100.04738747379841,10.314398638449868,0.10309513220573724,10.92137270957645,1.0,0.3044813157679741,1.0152240657883986,0.039067972107490856
3,adsorption,2644.0,100.04738851791038,10.316377738290957,0.10311491275401084,10.99949303909923,1.0,0.30646438349240895,1.0153232191746204,0.03905235834209441
3,adsorption,2646.0,100.04738956165056,10.31835604611338,0.10313468538581978,11.077582146651544,1.0,0.3084466577818166,1.0154223328890908,0.03903675013678612
3,adsorption,2648.0,100.04739060501909,10.320333562200004,0.10315445010399164,11.155640043352122,1.0,0.31042813891943255,1.0155214069459717,0.03902114749011496
3,adsorption,2650.0,100.04739164801592,10.322310286833615,0.10317420691135348,11.233666740316787,1.0,0.3124088271884182,1.015620441359421,0.0390055504006305
3,adsorption,2652.0,100.04739269064125,10.324286220296926,0.1031939558107314,11.311662248658461,1.0,0.3143887228718603,1.015719436143593,0.038989958866881856
3,adsorption,2654.0,100.04739373289513,10.326261362872586,0.10321369680495093,11.389626579487164,1.0,0.31636782625277116,1.0158183913126386,0.03897437288741826
3,adsorption,2656.0,100.04739477477776,10.32823571484316,0.10323342989683663,11.46755974391001,1.0,0.3183461376140886,1.0159173068807044,0.03895879246078893
3,adsorption,2658.0,100.04739581628914,10.33020927649114,0.10325315508921258,11.545461753031233,1.0,0.3203236572386764,1.0160161828619338,0.038943217585543
3,adsorption,2660.0,100.04739685742932,10.332182048098927,0.10327287238490182,11.623332617952132,1.0,0.3223003854093233,1.0161150192704662,0.038927648260229604
3,adsorption,2662.0,100.04739789819855,10.33415402994888,0.10329258178672689,11.70117234977113,1.0,0.32427632240874416,1.0162138161204373,0.03891208448339787
3,adsorption,2664.0,100.04739893859683,10.336125222323265,0.10331228329750945,11.778980959583734,1.0,0.32625146851957887,1.016312573425979,0.03889652625359685
3,adsorption,2666.0,100.04739997862427,10.338095625504272,0.10333197692007057,11.856758458482558,1.0,0.3282258240243934,1.01641129120122,0.03888097356937572
3,adsorption,2668.0,100.04740101828096,10.340065239774024,0.1033516626572304,11.934504857557314,1.0,0.3301993892056791,1.016509969460284,0.03886542642928346
3,adsorption,2670.0,100.04740205756697,10.342034065414548,0.10337134051180831,12.0122201678948,1.0,0.3321721643458524,1.0166086082172927,0.03884988483186891
3,adsorption,2672.0,100.04740309648247,10.344002102707838,0.10339101048662319,12.089904400578925,1.0,0.3341441497272559,1.0167072074863628,0.03883434877568115
3,adsorption,2674.0,100.04740413502753,10.345969351935768,0.10341067258449285,12.167557566690695,1.0,0.33611534563215767,1.016805767281608,0.03881881825926911
3,adsorption,2676.0,100.0474051732022,10.347935813380172,0.10343032680823472,12.245179677308213,1.0,0.3380857523427511,1.0169042876171375,0.038803293281181636
3,adsorption,2678.0,100.04740621100663,10.349901487322809,0.10344997316066525,12.322770743506664,1.0,0.3400553701411555,1.0170027685070577,0.03878777383996801
3,adsorption,2680.0,100.04740724844086,10.351866374045324,0.10346961164460007,12.400330776358356,1.0,0.342024199309415,1.0171012099654708,0.03877225993417666
3,adsorption,2682.0,100.04740828550509,10.353830473829344,0.1034892422628544,12.477859786932674,1.0,0.3439922401294998,1.017199612006475,0.038756751562356424
3,adsorption,2684.0,100.0474093221993,10.355793786956372,0.10350886501824237,12.555357786296115,1.0,0.34595949288330563,1.0172979746441653,0.03874124872305615
3,adsorption,2686.0,100.04741035852369,10.357756313707862,0.10352847991357746,12.632824785512266,1.0,0.3479259578526538,1.0173962978926328,0.038725751414824656
3,adsorption,2688.0,100.04741139447829,10.359718054365183,0.10354808695167247,12.710260795641817,1.0,0.3498916353192913,1.0174945817659646,0.038710259636210886
3,adsorption,2690.0,100.0474124300632,10.361679009209642,0.10356768613533941,12.787665827742545,1.0,0.35185652556489044,1.0175928262782445,0.03869477338576368
3,adsorption,2692.0,100.04741346527852,10.363639178522474,0.10358727746738977,12.865039892869337,1.0,0.3538206288710486,1.0176910314435526,0.03867929266203121
3,adsorption,2694.0,100.0474145001244,10.36559856258482,0.1036068609506339,12.94238300207417,1.0,0.3557839455192893,1.0177891972759645,0.038663817463562324
3,adsorption,2696.0,100.04741553460089,10.367557161677748,0.10362643658788147,13.01969516640612,1.0,0.35774647579106134,1.0178873237895532,0.038648347788905454
3,adsorption,2698.0,100.0474165687081,10.369514976082263,0.10364600438194166,13.096976396911359,1.0,0.35970821996774016,1.0179854109983872,0.03863288363661018
3,adsorption,2700.0,100.04741760244609,10.371472006079301,0.10366556433562285,13.17422670463316,1.0,0.3616691783306251,1.0180834589165313,0.03861742500522446
3,adsorption,2702.0,100.04741863581499,10.373428251949715,0.10368511645173255,13.251446100611886,1.0,0.36362935116094186,1.0181814675580472,0.03860197189329695
3,adsorption,2704.0,100.04741966881494,10.375383713974285,0.10370466073307756,13.328634595885008,1.0,0.3655887387398414,1.0182794369369923,0.03858652429937616
3,adsorption,2706.0,100.04742070144596,10.377338392433709,0.10372419718246399,13.405792201487088,1.0,0.36754734134840067,1.01837736706742,0.03857108222201076
3,adsorption,2708.0,100.04742173370816,10.379292287608626,0.10374372580269718,13.482918928449783,1.0,0.3695051592676216,1.0184752579633811,0.03855564565974925
3,adsorption,2710.0,100.04742276560165,10.381245399779585,0.10376324659658168,13.560014787801846,1.0,0.3714621927784318,1.0185731096389217,0.038540214611139906
3,adsorption,2712.0,100.04742379712658,10.383197729227058,0.1037827595669212,13.637079790569134,1.0,0.3734184421616849,1.0186709221080843,0.03852478907473157
3,adsorption,2714.0,100.04742482828301,10.385149276231461,0.10380226471651895,13.714113947774596,1.0,0.37537390769815965,1.018768695384908,0.03850936904907263
3,adsorption,2716.0,100.047425859071,10.387100041073115,0.10382176204817718,13.791117270438278,1.0,0.3773285896685606,1.018866429483428,0.038493954532711726
3,adsorption,2718.0,100.04742688949064,10.3890500240323,0.10384125156469773,13.86808976957733,1.0,0.3792824883535174,1.018964124417676,0.038478545524197036
3,adsorption,2720.0,100.04742791954207,10.390999225389194,0.10386073326888139,13.94503145620599,1.0,0.38123560403358536,1.0190617802016793,0.038463142022076804
3,adsorption,2722.0,100.04742894922543,10.392947645423902,0.10388020716352817,14.021942341335592,1.0,0.38318793698924547,1.0191593968494623,0.038447744024899665
3,adsorption,2724.0,100.04742997854073,10.394895284416457,0.10389967325143752,14.098822435974569,1.0,0.3851394875009042,1.0192569743750453,0.03843235153121395
3,adsorption,2726.0,100.04743100748809,10.396842142646813,0.103919131535408,14.175671751128462,1.0,0.3870902558488934,1.0193545127924446,0.03841696453956766
3,adsorption,2728.0,100.04743203606763,10.398788220394843,0.10393858201823736,14.252490297799888,1.0,0.38904024231347123,1.0194520121156736,0.03840158304850983
3,adsorption,2730.0,100.04743306427946,10.400733517940381,0.1039580247027229,14.329278086988579,1.0,0.3909894471748204,1.019549472358741,0.038386207056588385
3,adsorption,2732.0,100.04743409212361,10.402678035563156,0.10397745959166106,14.406035129691357,1.0,0.3929378707130495,1.0196468935356524,0.038370836562351476
3,adsorption,2734.0,100.04743511960024,10.40462177354282,0.10399688668784729,14.482761436902132,1.0,0.3948855132081927,1.0197442756604096,0.03835547156434768
3,adsorption,2736.0,100.04743614670946,10.406564732158968,0.10401630599407656,14.559457019611928,1.0,0.3968323749402109,1.0198416187470105,0.03834011206112599
3,adsorption,2738.0,100.04743717345129,10.408506911691132,0.10403571751314332,14.636121888808848,1.0,0.3987784561889878,1.0199389228094493,0.038324758051233546
3,adsorption,2740.0,100.0474381998259,10.410448312418746,0.10405512124784082,14.712756055478104,1.0,0.40072375723433473,1.0200361878617168,0.03830940953321903
3,adsorption,2742.0,100.04743922583337,10.412388934621157,0.10407451720096163,14.789359530602002,1.0,0.4026682783559877,1.0201334139177995,0.038294066505630386
3,adsorption,2744.0,100.04744025147373,10.414328778577666,0.10409390537529781,14.865932325159937,1.0,0.40461201983360795,1.0202306009916804,0.0382787289670155
3,adsorption,2746.0,100.04744127674715,10.416267844567463,0.1041132857736402,14.942474450128405,1.0,0.4065549819467836,1.0203277490973393,0.03826339691592317
3,adsorption,2748.0,100.04744230165376,10.4182061328697,0.10413265839877937,15.018985916481,1.0,0.40849716497502786,1.0204248582487514,0.03824807035090176
3,adsorption,2750.0,100.0474433261936,10.42014364376345,0.10415202325350509,15.095466735188417,1.0,0.41043856919777877,1.020521928459889,0.038232749270499126
3,adsorption,2752.0,100.04744435036673,10.422080377527696,0.1041713803406063,15.171916917218438,1.0,0.4123791948944008,1.02061895974472,0.038217433673263905
3,adsorption,2754.0,100.04744537417332,10.424016334441374,0.10419072966287128,15.24833647353594,1.0,0.4143190423441826,1.0207159521172093,0.03820212355774369
3,adsorption,2756.0,100.04744639761336,10.425951514783307,0.1042100712230874,15.324725415102913,1.0,0.41625811182633976,1.0208129055913169,0.0381868189224868
3,adsorption,2758.0,100.04744742068715,10.42788591883229,0.10422940502404143,15.40108375287842,1.0,0.4181964036200124,1.0209098201810005,0.038171519766041294
3,adsorption,2760.0,100.0474484433946,10.429819546867005,0.10424873106851938,15.47741149781864,1.0,0.42013391800426697,1.0210066959002133,0.03815622608695545
3,adsorption,2762.0,100.04744946573584,10.431752399166061,0.10426804935930642,15.553708660876838,1.0,0.42207065525809434,1.0211035327629048,0.03814093788377686
3,adsorption,2764.0,100.04745048771109,10.433684476008006,0.10428735989918689,15.629975253003378,1.0,0.4240066156604123,1.0212003307830206,0.03812565515505411
3,adsorption,2766.0,100.04745150932027,10.435615777671302,0.1043066626909446,15.706211285145715,1.0,0.4259417994900634,1.021297089974503,0.0381103778993352
3,adsorption,2768.0,100.04745253056362,10.437546304434365,0.10432595773736254,15.78241676824841,1.0,0.42787620702581547,1.0213938103512907,0.0380951061151679
3,adsorption,2770.0,100.04745355144115,10.439476056575485,0.10434524504122282,15.85859171325311,1.0,0.4298098385463629,1.0214904919273182,0.03807983980110091
3,adsorption,2772.0,100.04745457195297,10.441405034372933,0.10436452460530714,15.934736131098573,1.0,0.4317426943303248,1.0215871347165162,0.038064578955681966
3,adsorption,2774.0,100.04745559209921,10.443333238104895,0.10438379643239631,16.010850032720633,1.0,0.43367477465624565,1.0216837387328124,0.038049323577458966
3,adsorption,2776.0,100.04745661187992,10.445260668049439,0.10440306052527015,16.08693342905223,1.0,0.43560607980259547,1.0217803039901299,0.038034073664979885
3,adsorption,2778.0,100.04745763129529,10.447187324484606,0.10442231688670799,16.162986331023404,1.0,0.4375366100477709,1.0218768305023889,0.03801882921679321
3,adsorption,2780.0,100.0474586503453,10.449113207688338,0.10444156551948834,16.239008749561286,1.0,0.43946636567009256,1.0219733182835047,0.0380035902314465
3,adsorption,2782.0,100.04745966903009,10.451038317938512,0.10446080642638897,16.315000695590104,1.0,0.4413953469478075,1.0220697673473904,0.037988356707487826
3,adsorption,2784.0,100.04746068734985,10.452962655512938,0.10448003961018698,16.390962180031185,1.0,0.44332355415908836,1.0221661777079547,0.03797312864346528
3,adsorption,2786.0,100.0474617053045,10.454886220689328,0.10449926507365866,16.466893213802948,1.0,0.44525098758203274,1.0222625493791015,0.03795790603792666
3,adsorption,2788.0,100.04746272289425,10.45680901374532,0.10451848281957929,16.542793807820907,1.0,0.44717764749466454,1.0223588823747332,0.037942688889420255
3,adsorption,2790.0,100.04746374011923,10.458731034958515,0.10453769285072384,16.618663972997673,1.0,0.44910353417493276,1.0224551767087466,0.037927477196494086
3,adsorption,2792.0,100.04746475697944,10.460652284606407,0.10455689516986644,16.69450372024296,1.0,0.45102864790071173,1.0225514323950355,0.03791227095769596
3,adsorption,2794.0,100.04746577347505,10.46257276296643,0.10457608977978033,16.770313060463568,1.0,0.4529529889498017,1.02264764944749,0.03789707017157402
3,adsorption,2796.0,100.04746678960612,10.464492470315934,0.10459527668323818,16.8460920045634,1.0,0.4548765575999279,1.0227438278799963,0.03788187483667588
3,adsorption,2798.0,100.04746780537278,10.466411406932197,0.10461445588301164,16.921840563443446,1.0,0.4567993541287416,1.022839967706437,0.0378666849515496
3,adsorption,2800.0,100.04746882077504,10.468329573092419,0.10463362738187185,16.997558748001804,1.0,0.45872137881381947,1.022936068940691,0.03785150051474317
3,adsorption,2802.0,100.04746983581313,10.47024696907372,0.10465279118258895,17.073246569133655,1.0,0.46064263193266364,1.023032131596633,0.03783632152480457
3,adsorption,2804.0,100.04747085048703,10.472163595153166,0.10467194728793275,17.14890403773129,1.0,0.46256311376270215,1.023128155688135,0.037821147980281945
3,adsorption,2806.0,100.04747186479692,10.474079451607743,0.104691095700672,17.224531164684084,1.0,0.4644828245812883,1.0232241412290644,0.03780597987972323
3,adsorption,2808.0,100.0474728787429,10.47599453871437,0.10471023642357492,17.300127960878516,1.0,0.4664017646657007,1.0233200882332851,0.037790817221676265
3,adsorption,2810.0,100.04747389232493,10.47790885674985,0.10472936945940879,17.375694437198153,1.0,0.46831993429314306,1.0234159967146572,0.0377756600046886
3,adsorption,2812.0,100.0474749055433,10.479822405990957,0.10474849481094005,17.451230604523662,1.0,0.470237333740746,1.0235118666870373,0.037760508227308656
3,adsorption,2814.0,100.04747591839798,10.481735186714365,0.1047676124809347,17.526736473732814,1.0,0.47215396328556464,1.0236076981642783,0.03774536188808419
3,adsorption,2816.0,100.04747693088903,10.483647199196685,0.10478672247215784,17.60221205570046,1.0,0.47406982320458,1.023703491160229,0.03773022098556328
3,adsorption,2818.0,100.04747794301674,10.485558443714458,0.10480582478737381,17.67765736129856,1.0,0.47598491377469865,1.023799245688735,0.03771508551829381
3,adsorption,2820.0,100.04747895478101,10.487468920544144,0.10482491942934634,17.75307240139616,1.0,0.4778992352727523,1.0238949617636377,0.03769995548482364
3,adsorption,2822.0,100.04747996618202,10.489378629962133,0.1048440064008383,17.828457186859406,1.0,0.4798127879754983,1.023990639398775,0.037684830883700594
3,adsorption,2824.0,100.04748097721983,10.49128757224471,0.10486308570461166,17.90381172855155,1.0,0.4817255721596201,1.024086278607981,0.03766971171347271
3,adsorption,2826.0,100.0474819878947,10.493195747668151,0.10488215734342803,17.97913603733292,1.0,0.48363758810172636,1.0241818794050863,0.03765459797268819
3,adsorption,2828.0,100.04748299820645,10.495103156508577,0.10490122132004781,18.054430124060953,1.0,0.4855488360783501,1.0242774418039176,0.03763948965989402
3,adsorption,2830.0,100.04748400815538,10.497009799042099,0.10492027763723107,18.12969399959018,1.0,0.48745931636595236,1.0243729658182976,0.037624386773639225
3,adsorption,2832.0,100.04748501774152,10.4989156755447,0.1049393262977367,18.204927674772225,1.0,0.4893690292409175,1.024468451462046,0.03760928931247121
3,adsorption,2834.0,100.04748602696499,10.500820786292357,0.10495836730432342,18.280131160455813,1.0,0.491277974979557,1.0245638987489778,0.037594197274938256
3,adsorption,2836.0,100.04748703582591,10.502725131560917,0.10497740065974878,18.355304467486764,1.0,0.4931861538581068,1.0246593076929054,0.037579110659588105
3,adsorption,2838.0,100.04748804432424,10.504628711626184,0.10499642636676991,18.43044760670798,1.0,0.49509356615272865,1.0247546783076364,0.03756402946496885
3,adsorption,2840.0,100.0474890524602,10.506531526763869,0.10501544442814291,18.505560588959476,1.0,0.49700021213950923,1.0248500106069756,0.03754895368962772
3,adsorption,2842.0,100.04749006023391,10.50843357724959,0.10503445484662288,18.580643425078364,1.0,0.4989060920944623,1.0249453046047232,0.03753388333211337
3,adsorption,2844.0,100.04749106764547,10.510334863358933,0.10505345762496476,18.655696125898835,1.0,0.5008112062935257,1.0250405603146764,0.03751881839097343
3,adsorption,2846.0,100.04749207469482,10.512235385367376,0.10507245276592247,18.730718702252194,1.0,0.5027155550125639,1.0251357777506285,0.037503758864756036
3,adsorption,2848.0,100.04749308138219,10.514135143550346,0.10509144027224925,18.80571116496683,1.0,0.5046191385273663,1.0252309569263682,0.03748870475200913
3,adsorption,2850.0,100.04749408770768,10.516034138183185,0.10511042014669748,18.880673524868232,1.0,0.5065219571136479,1.0253260978556824,0.03747365605128076
3,adsorption,2852.0,100.0474950936713,10.517932369541162,0.10512939239201896,18.95560579277899,1.0,0.5084240110470494,1.0254212005523524,0.03745861276111875
3,adsorption,2854.0,100.04749609927327,10.519829837899477,0.10514835701096462,19.030507979518777,1.0,0.5103253006031362,1.0255162650301568,0.03744357488007075
3,adsorption,2856.0,100.04749710451365,10.521726543533237,0.10516731400628462,19.10538009590437,1.0,0.5122258260574006,1.02561129130287,0.037428542406685146
3,adsorption,2858.0,100.04749810939245,10.523622486717482,0.10518626338072841,19.18022215274965,1.0,0.5141255876852601,1.025706279384263,0.03741351533950988
3,adsorption,2860.0,100.04749911390981,10.525517667727193,0.10520520513704483,19.25503416086558,1.0,0.5160245857620573,1.025801229288103,0.037398493677093185
3,adsorption,2862.0,100.04750011806588,10.527412086837273,0.10522413927798185,19.329816131060223,1.0,0.5179228205630602,1.025896141028153,0.0373834774179825
3,adsorption,2864.0,100.0475011218607,10.529305744322537,0.10524306580628677,19.404568074138737,1.0,0.5198202923634623,1.0259910146181732,0.03736846656072588
3,adsorption,2866.0,100.04750212529447,10.531198640457719,0.10526198472470583,19.479290000903383,1.0,0.5217170014383841,1.0260858500719192,0.03735346110387194
3,adsorption,2868.0,100.04750312836711,10.533090775517516,0.10528089603598516,19.553981922153515,1.0,0.5236129480628698,1.0261806474031434,0.03733846104596823
3,adsorption,2870.0,100.04750413107888,10.534982149776521,0.10529979974286956,19.628643848685577,1.0,0.5255081325118898,1.0262754066255946,0.037323466385562554
3,adsorption,2872.0,100.04750513342972,10.53687276350924,0.10531869584810331,19.703275791293116,1.0,0.5274025550603406,1.026370127753017,0.03730847712120338
3,adsorption,2874.0,100.04750613541991,10.538762616990127,0.10533758435442982,19.777877760766778,1.0,0.5292962159830433,1.026464810799152,0.0372934932514383
3,adsorption,2876.0,100.04750713704945,10.540651710493574,0.10535646526459203,19.852449767894296,1.0,0.5311891155547463,1.0265594557777373,0.0372785147748163
3,adsorption,2878.0,100.0475081383184,10.542540044293881,0.10537533858133212,19.926991823460497,1.0,0.5330812540501207,1.026654062702506,0.037263541689884286
3,adsorption,2880.0,100.04750913922693,10.544427618665255,0.105394204307391,20.001503938247318,1.0,0.5349726317437652,1.0267486315871885,0.03724857399519054
3,adsorption,2882.0,100.04751013977504,10.546314433881836,0.10541306244550938,20.075986123033775,1.0,0.536863248910204,1.02684316244551,0.03723361168928369
3,adsorption,2884.0,100.04751113996298,10.548200490217745,0.10543191299842711,20.150438388595997,1.0,0.5387531058238864,1.0269376552911944,0.037218654770711485
3,adsorption,2886.0,100.04751213979068,10.550085787946943,0.10545075596888315,20.224860745707197,1.0,0.540642202759187,1.0270321101379594,0.037203703238021954
3,adsorption,2888.0,100.04751313925841,10.55197032734338,0.10546959135961584,20.299253205137695,1.0,0.542530539990407,1.0271265269995207,0.037188757089763595
3,adsorption,2890.0,100.04751413836608,10.553854108680913,0.10548841917336291,20.373615777654898,1.0,0.544418117791772,1.0272209058895887,0.03717381632448424
3,adsorption,2892.0,100.0475151371139,10.555737132233308,0.10550723941286096,20.447948474023306,1.0,0.5463049364374334,1.0273152468218716,0.03715888094073194
3,adsorption,2894.0,100.04751613550201,10.557619398274284,0.10552605208084617,20.52225130500453,1.0,0.5481909962014685,1.0274095498100735,0.037143950937054866
3,adsorption,2896.0,100.04751713353042,10.559500907077457,0.10554485718005381,20.596524281357265,1.0,0.5500762973578802,1.0275038148678943,0.037129026312001365
3,adsorption,2898.0,100.04751813119924,10.561381658916394,0.10556365471321862,20.670767413837307,1.0,0.5519608401805969,1.02759804200903,0.03711410706411948
3,adsorption,2900.0,100.04751912850857,10.563261654064585,0.10558244468307441,20.744980713197545,1.0,0.553844624943472,1.0276922312471737,0.03709919319195729
3,adsorption,2902.0,100.04752012545852,10.565140892795416,0.10560122709235414,20.819164190187973,1.0,0.555727651920285,1.0277863825960143,0.037084284694062795
3,adsorption,2904.0,100.04752112204918,10.567019375382218,0.10562000194379013,20.893317855555665,1.0,0.557609921384741,1.0278804960692371,0.03706938156898472
3,adsorption,2906.0,100.04752211828064,10.568897102098266,0.10563876924011416,20.967441720044807,1.0,0.5594914336104707,1.0279745716805235,0.03705448381527106
3,adsorption,2908.0,100.04752311415302,10.570774073216734,0.10565752898405699,21.04153579439668,1.0,0.56137218887103,1.0280686094435516,0.03703959143146989
3,adsorption,2910.0,100.04752410966644,10.57265028901073,0.1056762811783487,21.115600089349652,1.0,0.563252187439901,1.028162609371995,0.037024704416129824
3,adsorption,2912.0,100.04752510482093,10.574525749753308,0.10569502582571887,21.189634615639193,1.0,0.5651314295904909,1.0282565714795247,0.03700982276779903
3,adsorption,2914.0,100.0475260996166,10.576400455717417,0.10571376292889614,21.263639383997877,1.0,0.5670099155961322,1.0283504957798066,0.0369949464850257
3,adsorption,2916.0,100.04752709405358,10.578274407175956,0.10573249249060834,21.337614405155353,1.0,0.568887645730083,1.0284443822865041,0.036980075566357726
3,adsorption,2918.0,100.04752808813195,10.580147604401704,0.10575121451358242,21.41155968983839,1.0,0.5707646202655277,1.0285382310132765,0.03696521001034374
3,adsorption,2920.0,100.04752908185185,10.58202004766742,0.1057699290005449,21.48547524877085,1.0,0.572640839475576,1.0286320419737789,0.03695034981553228
3,adsorption,2922.0,100.04753007521333,10.583891737245771,0.10578863595422153,21.55936109267368,1.0,0.5745163036332627,1.0287258151816632,0.03693549498047139
3,adsorption,2924.0,100.04753106821644,10.585762673409333,0.10580733537733712,21.63321723226493,1.0,0.5763910130115483,1.0288195506505775,0.036920645503709104
3,adsorption,2926.0,100.04753206086137,10.587632856430597,0.10582602727261559,21.707043678259744,1.0,0.5782649678833204,1.028913248394166,0.036905801383795
3,adsorption,2928.0,100.04753305314816,10.589502286582057,0.10584471164278092,21.780840441370366,1.0,0.5801381685213897,1.0290069084260696,0.03689096261927658
3,adsorption,2930.0,100.04753404507696,10.591370964136063,0.10586338849055554,21.854607532306137,1.0,0.5820106151984943,1.0291005307599248,0.036876129208702826
3,adsorption,2932.0,100.04753503664784,10.5932388893649,0.10588205781866142,21.928344961773494,1.0,0.583882308187296,1.029194115409365,0.03686130115062102
3,adsorption,2934.0,100.04753602786079,10.595106062540767,0.10590071962981966,22.00205274047597,1.0,0.5857532477603846,1.0292876623880192,0.036846478443580605
3,adsorption,2936.0,100.04753701871608,10.59697248393583,0.10591937392675077,22.075730879114197,1.0,0.5876234341902737,1.0293811717095136,0.03683166108612956
3,adsorption,2938.0,100.04753800921378,10.598838153822147,0.10593802071217441,22.149379388385906,1.0,0.5894928677494038,1.0294746433874704,0.036816849076816836
3,adsorption,2940.0,100.04753899935383,10.600703072471697,0.10595665998880954,22.222998278985916,1.0,0.5913615487101388,1.029568077435507,0.03680204241418996
3,adsorption,2942.0,100.04753998913654,10.60256724015641,0.1059752917593743,22.296587561606145,1.0,0.5932294773447716,1.0296614738672385,0.036787241096798866
3,adsorption,2944.0,100.04754097856188,10.604430657148134,0.10599391602658621,22.370147246935627,1.0,0.5950966539255179,1.029754832696276,0.036772445123191444
3,adsorption,2946.0,100.04754196762991,10.606293323718635,0.10601253279316218,22.443677345660458,1.0,0.5969630787245199,1.029848153936226,0.03675765449191643
3,adsorption,2948.0,100.04754295634088,10.608155240139626,0.10603114206181806,22.517177868463868,1.0,0.5988287520138454,1.0299414376006923,0.036742869201522116
3,adsorption,2950.0,100.0475439446947,10.61001640668271,0.10604974383526919,22.590648826026154,1.0,0.6006936740654877,1.0300346837032743,0.03672808925055733
3,adsorption,2952.0,100.04754493269164,10.611876823619449,0.10606833811622998,22.66409022902474,1.0,0.6025578451513655,1.0301278922575683,0.03671331463757021
3,adsorption,2954.0,100.04754592033174,10.613736491221289,0.10608692490741403,22.737502088134107,1.0,0.6044212655433234,1.0302210632771662,0.0366985453611101
3,adsorption,2956.0,100.04754690761499,10.615595409759651,0.10610550421153464,22.81088441402588,1.0,0.6062839355131321,1.0303141967756566,0.03668378141972542
3,adsorption,2958.0,100.04754789454165,10.617453579505863,0.10612407603130397,22.884237217368753,1.0,0.6081458553324871,1.0304072927666243,0.03666902281196492
3,adsorption,2960.0,100.04754888111167,10.619311000731157,0.10614264036943354,22.957560508828514,1.0,0.6100070252730089,1.0305003512636504,0.036654269536376634
3,adsorption,2962.0,100.0475498673253,10.621167673706713,0.10616119722863397,23.030854299068068,1.0,0.6118674456062456,1.0305933722803122,0.036639521591510196
3,adsorption,2964.0,100.0475508531825,10.623023598703634,0.10617974661161549,23.104118598747394,1.0,0.6137271166036696,1.0306863558301835,0.03662477897591443
3,adsorption,2966.0,100.04755183868343,10.624878775992938,0.10619828852108726,23.177353418523587,1.0,0.6155860385366783,1.0307793019268339,0.03661004168813729
3,adsorption,2968.0,100.04755282382821,10.626733205845582,0.10621682295975785,23.250558769050844,1.0,0.6174442116765966,1.0308722105838302,0.0365953097267284
3,adsorption,2970.0,100.04755380861688,10.628586888532446,0.10623534993033511,23.323734660980442,1.0,0.6193016362946735,1.0309650818147338,0.0365805830902365
3,adsorption,2972.0,100.04755479304954,10.630439824324338,0.10625386943552619,23.396881104960762,1.0,0.6211583126620835,1.0310579156331041,0.03656586177720992
3,adsorption,2974.0,100.04755577712632,10.632292013491979,0.10627238147803725,23.46999811163729,1.0,0.6230142410499281,1.0311507120524963,0.0365511457861981
3,adsorption,2976.0,100.0475567608474,10.634143456306024,0.10629088606057387,23.543085691652596,1.0,0.6248694217292328,1.0312434710864617,0.03653643511574967
3,adsorption,2978.0,100.04755774421268,10.635994153037053,0.10630938318584093,23.61614385564635,1.0,0.6267238549709497,1.0313361927485474,0.03652172976441377
3,adsorption,2980.0,100.04755872722238,10.63784410395558,0.1063278728565426,23.689172614255344,1.0,0.6285775410459566,1.031428877052298,0.036507029730739333
3,adsorption,2982.0,100.04755970987657,10.639693309332038,0.10634635507538222,23.762171978113443,1.0,0.6304304802250567,1.0315215240112527,0.03649233501327539
3,adsorption,2984.0,100.0475606921754,10.641541769436774,0.10636482984506224,23.835141957851615,1.0,0.6322826727789774,1.0316141336389488,0.036477645610570084
3,adsorption,2986.0,100.04756167411888,10.643389484540048,0.10638329716828436,23.908082564097924,1.0,0.6341341189783748,1.0317067059489187,0.036462961521173835
3,adsorption,2988.0,100.0475626557072,10.645236454912109,0.10640175704775007,23.980993807477542,1.0,0.6359848190938283,1.0317992409546914,0.03644828274363529
3,adsorption,2990.0,100.04756363694034,10.647082680823065,0.10642020948615949,24.05387569861273,1.0,0.6378347733958429,1.0318917386697921,0.03643360927650297
3,adsorption,2992.0,100.04756461781848,10.648928162542987,0.10643865448621236,24.12672824812285,1.0,0.6396839821548511,1.0319841991077425,0.03641894111832693
3,adsorption,2994.0,100.04756559834176,10.650772900341883,0.1064570920506077,24.19955146662436,1.0,0.6415324456412087,1.0320766222820605,0.036404278267655577
3,adsorption,2996.0,100.04756657851019,10.652616894489613,0.10647552218204326,24.272345364730832,1.0,0.6433801641251985,1.03216900820626,0.03638962072303817
3,adsorption,2998.0,100.04756755832388,10.654460145256039,0.10649394488321667,24.345109953052912,1.0,0.6452271378770292,1.0322613568938515,0.036374968483024524
3,adsorption,3000.0,100.04756853778296,10.65630265291093,0.10651236015682458,24.41784524219836,1.0,0.647073367166834,1.0323536683583416,0.036360321546163275
3,purge,3000.0,100.04756853778296,10.65630265291093,0.10651236015682458,24.41784524219836,1.0,0.647073367166834,1.0323536683583416,0.036360321546163275
3,purge,3002.0,100.05350588657996,9.204374690599423,0.09199452442009824,24.397394500909858,1.0,0.5307039238720372,1.0265351961936018,-0.053998829398008076
3,purge,3004.0,100.05329093006237,10.590793886654977,0.10585152960193965,24.298788108000625,1.0,0.5345783672801452,1.0267289183640074,-0.049004635681499174
3,purge,3006.0,100.0530706116648,10.5365367861513,0.10530947947661376,24.206492102579453,1.0,0.536215444070532,1.0268107722035267,-0.04588179567657405
3,purge,3008.0,100.05307793845166,10.519972393488422,0.10514391571201694,24.11444481857336,1.0,0.5336602771971997,1.02668301385986,-0.046033880157651426
3,purge,3010.0,100.05307856130682,10.519658912929337,0.10514078191490621,24.02235298399959,1.0,0.5312950040395762,1.0265647502019788,-0.04603695652912227
3,purge,3012.0,100.05307688042058,10.517323911674492,0.10511744605560082,23.93030785627292,1.0,0.5289670471338276,1.0264483523566914,-0.046011860361072784
3,purge,3014.0,100.0530755045585,10.514971189946097,0.10509393276438588,23.838304560844005,1.0,0.5266342681246895,1.0263317134062344,-0.045991362079622226
3,purge,3016.0,100.05307413023954,10.512647224001935,0.10507070687620827,23.746342357238163,1.0,0.5243026208307823,1.026215131041539,-0.045970802896753024
3,purge,3018.0,100.05307275280408,10.510322002120503,0.10504746843795401,23.654421355030813,1.0,0.5219720804919545,1.0260986040245976,-0.04595020431689164
3,purge,3020.0,100.05307137639919,10.507997680840077,0.10502423899921111,23.56254153051605,1.0,0.5196425757208759,1.0259821287860438,-0.04592962154803772
3,purge,3022.0,100.05307000066261,10.505674411368638,0.10500102007163863,23.470702861913033,1.0,0.5173141134639975,1.0258657056732,-0.045909048736342564
3,purge,3024.0,100.05306862560435,10.503352192903941,0.1049778116472087,23.37890532877515,1.0,0.5149866930016159,1.0257493346500808,-0.045888486034242504
3,purge,3026.0,100.05306725123624,10.501031017551526,0.10495461364700717,23.287148910624445,1.0,0.5126603135593302,1.0256330156779665,-0.04586793363621134
3,purge,3028.0,100.0530658775556,10.498710880503397,0.10493142602298328,23.195433586960828,1.0,0.5103349746421183,1.025516748732106,-0.04584739151836419
3,purge,3030.0,100.05306450456052,10.496391780629223,0.10490824876384258,23.1037593372803,1.0,0.5080106757593864,1.0254005337879692,-0.04582685965328459
3,purge,3032.0,100.05306313225032,10.494073717583557,0.10488508186613409,23.01212614108956,1.0,0.5056874163994276,1.0252843708199715,-0.04580633803023757
3,purge,3034.0,100.05306176062467,10.491756690952249,0.10486192532571972,22.920533978008,1.0,0.5033651960468871,1.0251682598023444,-0.04578582664358804
3,purge,3036.0,100.05306038968307,10.48944070023124,0.10483877913756304,22.828982827585385,1.0,0.5010440141845687,1.0250522007092284,-0.04576532548774413
3,purge,3038.0,100.05305901942535,10.487125744897945,0.10481564329644197,22.737472669244628,1.0,0.49872387029261234,1.0249361935146306,-0.04574483455665491
3,purge,3040.0,100.05305764985084,10.484811824438136,0.10479251779721865,22.646003482546416,1.0,0.4964047638546899,1.0248202381927345,-0.04572435384427017
3,purge,3042.0,100.05305628095937,10.482498938337603,0.10476940263475468,22.55457524705923,1.0,0.49408669435464525,1.0247043347177323,-0.04570388334456122
3,purge,3044.0,100.05305491275041,10.480187086081303,0.1047462978039039,22.46318794236381,1.0,0.4917696612766762,1.0245884830638339,-0.04568342305146871
3,purge,3046.0,100.05305354522358,10.477876267155015,0.10472320329952803,22.371841548052966,1.0,0.4894536641052638,1.0244726832052635,-0.04566297295895349
3,purge,3048.0,100.05305217837837,10.475566481044922,0.10470011911649317,22.280536043731612,1.0,0.48713870232521533,1.0243569351162607,-0.04564253306096424
3,purge,3050.0,100.05305081221465,10.47325772723747,0.10467704524966746,22.189271409016747,1.0,0.4848247754216195,1.0242412387710813,-0.04562210335147164
3,purge,3052.0,100.05304944673178,10.470950005219214,0.10465398169392076,22.09804762353743,1.0,0.48251188287989677,1.0241255941439948,-0.04560168382442905
3,purge,3054.0,100.05304808192938,10.46864331447765,0.104630928444132,22.006864666934785,1.0,0.4802000241857545,1.0240100012092879,-0.04558127447380712
3,purge,3056.0,100.0530467178071,10.4663376545004,0.10460788549518138,21.915722518861994,1.0,0.4778891988252081,1.0238944599412605,-0.0455608752935775
3,purge,3058.0,100.05304535436461,10.464033024775315,0.10458485284195143,21.824621158984286,1.0,0.4755794062845709,1.0237789703142286,-0.04554048627772035
3,purge,3060.0,100.05304399160129,10.461729424790772,0.10456183047933013,21.73356056697892,1.0,0.4732706460504521,1.0236635323025225,-0.045520107420225726
3,purge,3062.0,100.05304262951697,10.459426854035092,0.10453881840220441,21.642540722535188,1.0,0.4709629176097728,1.0235481458804887,-0.045499738715080965
3,purge,3064.0,100.05304126811109,10.457125311996972,0.10451581660546552,21.551561605354404,1.0,0.4686562204497545,1.0234328110224877,-0.04547938015627949
3,purge,3066.0,100.05303990738335,10.454824798165435,0.10449282508400756,21.46062319514988,1.0,0.4663505540579215,1.023317527702896,-0.045459031737818775
3,purge,3068.0,100.05303854733334,10.452525312029788,0.10446984383272757,21.369725471646934,1.0,0.4640459179220999,1.023202295896105,-0.04543869345370069
3,purge,3070.0,100.05303718796058,10.45022685307965,0.10444687284652594,21.278868414582877,1.0,0.4617423115304186,1.0230871155765209,-0.045418365297931036
3,purge,3072.0,100.05303582926473,10.447929420804973,0.10442391212030606,21.18805200370701,1.0,0.45943973437130725,1.0229719867185656,-0.045398047264520486
3,purge,3074.0,100.05303447124535,10.445633014695986,0.10440096164897425,21.09727621878059,1.0,0.45713818593349687,1.0228569092966748,-0.045377739347484174
3,purge,3076.0,100.0530331139021,10.44333763424324,0.10437802142744003,21.00654103957685,1.0,0.4548376657060201,1.022741883285301,-0.04535744154084131
3,purge,3078.0,100.05303175723459,10.441043278937583,0.10435509145061578,20.915846445880987,1.0,0.4525381731782092,1.0226269086589106,-0.04533715383861652
3,purge,3080.0,100.05303040124227,10.438749948270141,0.10433217171341701,20.82519241749013,1.0,0.45023970783969874,1.0225119853919848,-0.045316876234837544
3,purge,3082.0,100.05302904592492,10.436457641732373,0.10430926221076203,20.734578934213356,1.0,0.44794226918042157,1.022397113459021,-0.04529660872353829
3,purge,3084.0,100.05302769128207,10.43416635881599,0.10428636293757206,20.644005975871668,1.0,0.44564585669061263,1.0222822928345305,-0.045276351298755506
3,purge,3086.0,100.05302633731338,10.431876099013035,0.10426347388877145,20.553473522298003,1.0,0.4433504698608067,1.0221675234930403,-0.045256103954530794
3,purge,3088.0,100.05302498401832,10.429586861815833,0.10424059505928754,20.462981553337183,1.0,0.4410561081818377,1.0220528054090918,-0.045235866684910184
3,purge,3090.0,100.05302363139651,10.427298646717027,0.10421772644405077,20.372530048845956,1.0,0.4387627711448389,1.021938138557242,-0.04521563948394473
3,purge,3092.0,100.05302227944773,10.425011453209532,0.10419486803799403,20.282118988692964,1.0,0.436470458241244,1.0218235229120622,-0.04519542234568895
3,purge,3094.0,100.05302092817138,10.422725280786588,0.10417201983605395,20.191748352758726,1.0,0.4341791689627859,1.0217089584481394,-0.04517521526420145
3,purge,3096.0,100.05301957756716,10.420440128941713,0.10414918183316953,20.101418120935637,1.0,0.4318889028014951,1.0215944451400747,-0.045155018233546576
3,purge,3098.0,100.0530182276347,10.418155997168741,0.10412635402428311,20.011128273127976,1.0,0.4295996592497018,1.0214799829624852,-0.04513483124779207
3,purge,3100.0,100.05301687837353,10.415872884961782,0.10410353640433977,19.920878789251862,1.0,0.4273114378000334,1.0213655718900017,-0.045114654301011144
3,purge,3102.0,100.05301552978327,10.413590791815226,0.10408072896828743,19.83066964923527,1.0,0.4250242379454182,1.021251211897271,-0.04509448738727918
3,purge,3104.0,100.05301418186359,10.411309717223824,0.10405793171107747,19.740500833018025,1.0,0.42273805917908003,1.021136902958954,-0.04507433050067805
3,purge,3106.0,100.053012834614,10.409029660682583,0.10403514462766394,19.65037232055178,1.0,0.4204529009945421,1.021022645049727,-0.045054183635292774
3,purge,3108.0,100.05301148803414,10.406750621686818,0.10401236771300396,19.560284091800018,1.0,0.41816876288562393,1.0209084381442812,-0.045034046785213666
3,purge,3110.0,100.05301014212365,10.404472599732115,0.10398960096205735,19.47023612673803,1.0,0.4158856443464432,1.0207942822173222,-0.04501391994453483
3,purge,3112.0,100.0530087968821,10.402195594314385,0.10396684436978715,19.380228405352916,1.0,0.41360354487141476,1.0206801772435707,-0.04499380310735477
3,purge,3114.0,100.05300745230913,10.399919604929815,0.10394409793115914,19.29026090764358,1.0,0.4113224639552502,1.0205661231977627,-0.04497369626777645
3,purge,3116.0,100.05300610840425,10.397644631074893,0.10392136164114225,19.200333613620707,1.0,0.40904240109295803,1.020452120054648,-0.04495359941990686
3,purge,3118.0,100.05300476516723,10.395370672246427,0.10389863549470832,19.11044650330678,1.0,0.4067633557798432,1.0203381677889922,-0.04493351255785785
3,purge,3120.0,100.05300342259756,10.393097727941482,0.10387591948683211,19.020599556736027,1.0,0.40448532751150695,1.0202242663755754,-0.04491343567574507
3,purge,3122.0,100.05300208069477,10.390825797657428,0.10385321361249127,18.930792753954464,1.0,0.40220831578384664,1.0201104157891923,-0.04489336876768885
3,purge,3124.0,100.0530007394587,10.388554880891958,0.10383051786666643,18.841026075019855,1.0,0.39993232009305557,1.0199966160046527,-0.04487331182781368
3,purge,3126.0,100.05299939888879,10.386284977143024,0.10380783224434126,18.75129950000171,1.0,0.3976573399356225,1.0198828669967812,-0.04485326485024859
3,purge,3128.0,100.05299805898464,10.384016085908891,0.10378515674050227,18.66161300898127,1.0,0.395383374808332,1.0197691687404167,-0.044833227829126375
3,purge,3130.0,100.05299671974598,10.381748206688139,0.10376249135013911,18.571966582051516,1.0,0.3931104242082629,1.0196555212104133,-0.04481320075858518
3,purge,3132.0,100.05299538117224,10.37948133897958,0.10373983606824398,18.482360199317146,1.0,0.3908384876327898,1.0195419243816395,-0.04479318363276684
3,purge,3134.0,100.05299404326315,10.377215482282361,0.10371719088981216,18.39279384089457,1.0,0.3885675645795824,1.019428378228979,-0.04477317644581705
3,purge,3136.0,100.05299270601832,10.374950636095939,0.10369455580984208,18.303267486911903,1.0,0.38629765454660436,1.0193148827273302,-0.04475317919188658
3,purge,3138.0,100.05299136943731,10.372686799920011,0.10367193082333472,18.213781117508947,1.0,0.3840287570321143,1.0192014378516057,-0.04473319186512978
3,purge,3140.0,100.05299003351982,10.37042397325463,0.10364931592529442,18.1243347128372,1.0,0.3817608715346645,1.0190880435767333,-0.04471321445970565
3,purge,3142.0,100.05298869826532,10.368162155600096,0.1036267111107282,18.03492825305983,1.0,0.37949399755310126,1.018974699877655,-0.04469324696977758
3,purge,3144.0,100.05298736367351,10.365901346457035,0.10360411637464619,17.945561718351684,1.0,0.3772281345865644,1.0188614067293282,-0.0446732893895134
3,purge,3146.0,100.05298602974402,10.363641545326349,0.10358153171206122,17.856235088899258,1.0,0.3749632821344871,1.0187481641067244,-0.04465334171308514
3,purge,3148.0,100.05298469647646,10.361382751709202,0.10355895711798889,17.766948344900705,1.0,0.3726994396965965,1.01863497198483,-0.04463340393466875
3,purge,3150.0,100.05298336387034,10.35912496510708,0.10353639258744794,17.677701466565825,1.0,0.3704366067729125,1.0185218303386456,-0.044613476048444664
3,purge,3152.0,100.0529820319253,10.356868185021789,0.10351383811546047,17.588494434116043,1.0,0.36817478286374805,1.0184087391431873,-0.044593558048597354
3,purge,3154.0,100.05298070064109,10.35461241095536,0.1034912936970504,17.499327227784423,1.0,0.36591396746970734,1.0182956983734854,-0.04457364992931671
3,purge,3156.0,100.05297937001717,10.352357642410176,0.10346875932724561,17.41019982781564,1.0,0.3636541600916899,1.0181827080045844,-0.04455375168479466
3,purge,3158.0,100.05297804005315,10.35010387888889,0.10344623500107654,17.32111221446598,1.0,0.3613953602308849,1.0180697680115443,-0.044533863309229316
3,purge,3160.0,100.0529767107488,10.347851119894447,0.1034237207135764,17.232064368003325,1.0,0.35913756738877445,1.0179568783694388,-0.04451398479682235
3,purge,3162.0,100.05297538210355,10.345599364930063,0.10340121645978133,17.143056268707152,1.0,0.356880781067132,1.0178440390533567,-0.04449411614178005
3,purge,3164.0,100.05297405411713,10.343348613499279,0.10337872223473055,17.054087896868527,1.0,0.3546250007680232,1.0177312500384013,-0.04447425733831238
3,purge,3166.0,100.0529727267891,10.341098865105895,0.10335623803346598,16.965159232790082,1.0,0.3523702259938045,1.0176185112996903,-0.044454408380634046
3,purge,3168.0,100.05297140011902,10.338850119254005,0.10333376385103246,16.876270256786025,1.0,0.350116456247124,1.0175058228123561,-0.04443456926296374
3,purge,3170.0,100.0529700741067,10.336602375448027,0.10331129968247786,16.78742094918211,1.0,0.34786369103092035,1.017393184551546,-0.04441473997952432
3,purge,3172.0,100.05296874875154,10.334355633192615,0.10328884552285282,16.698611290315657,1.0,0.34561192984842315,1.0172805964924212,-0.04439492052454302
3,purge,3174.0,100.05296742405329,10.332109891992767,0.1032664013672109,16.609841260535514,1.0,0.34336117220315265,1.0171680586101577,-0.044375110892251164
3,purge,3176.0,100.05296610001145,10.32986515135372,0.10324396721060866,16.52111084020207,1.0,0.34111141759891894,1.017055570879946,-0.04435531107688457
3,purge,3178.0,100.05296477662576,10.327621410781047,0.10322154304810537,16.432420009687235,1.0,0.3388626655398224,1.0169431332769912,-0.044335521072683154
3,purge,3180.0,100.05296345389569,10.325378669780578,0.10319912887476344,16.343768749374433,1.0,0.33661491553025374,1.0168307457765127,-0.044315740873890695
3,purge,3182.0,100.05296213182098,10.323136927858432,0.10317672468564772,16.2551570396586,1.0,0.3343681670748923,1.0167184083537446,-0.04429597047475593
3,purge,3184.0,100.05296081040127,10.32089618452104,0.1031543304758264,16.16658486094617,1.0,0.33212241967870826,1.0166061209839354,-0.04427620986953095
3,purge,3186.0,100.05295948963601,10.318656439275093,0.10313194624037035,16.078052193655065,1.0,0.32987767284695974,1.016493883642348,-0.044256459052472684
3,purge,3188.0,100.05295816952494,10.3164176916276,0.10310957197435339,15.989559018214697,1.0,0.3276339260851947,1.0163816963042598,-0.044236718017842035
3,purge,3190.0,100.05295685006769,10.314179941085824,0.10308720767285195,15.901105315065939,1.0,0.3253911788992498,1.0162695589449624,-0.04421698675990392
3,purge,3192.0,100.0529555312638,10.31194318715735,0.10306485333094581,15.812691064661143,1.0,0.3231494307952498,1.0161574715397625,-0.04419726527292793
3,purge,3194.0,100.05295421311293,10.309707429350015,0.10304250894371719,15.724316247464108,1.0,0.32090868127960887,1.0160454340639804,-0.0441775535511872
3,purge,3196.0,100.05295289561477,10.307472667171982,0.10302017450625138,15.635980843950085,1.0,0.3186689298590278,1.0159334464929515,-0.04415785158895998
3,purge,3198.0,100.05295157876877,10.305238900131652,0.10299785001363641,15.547684834605771,1.0,0.31643017604049695,1.0158215088020248,-0.04413815938052778
3,purge,3200.0,100.05295026257465,10.303006127737767,0.10297553546096343,15.459428199929294,1.0,0.3141924193312933,1.0157096209665646,-0.04411847692017705
3,purge,3202.0,100.05294894703204,10.300774349499303,0.10295323084332603,15.37121092043019,1.0,0.311955659238983,1.0155977829619491,-0.044098804202197035
3,purge,3204.0,100.05294763214053,10.298543564925568,0.1029309361558211,15.28303297662943,1.0,0.30971989527141797,1.0154859947635708,-0.04407914122088253
3,purge,3206.0,100.05294631789974,10.296313773526144,0.10290865139354827,15.194894349059387,1.0,0.30748512693673774,1.0153742563468369,-0.0440594879705323
3,purge,3208.0,100.05294500430931,10.294084974810886,0.10288637655160993,15.10679501826383,1.0,0.30525135374336915,1.0152625676871687,-0.044039844445448624
3,purge,3210.0,100.05294369136884,10.291857168289933,0.10286411162511123,15.018734964797915,1.0,0.30301857520002423,1.0151509287600011,-0.04402021063993934
3,purge,3212.0,100.05294237907796,10.289630353473697,0.10284185660916015,14.930714169228185,1.0,0.30078679081570375,1.0150393395407853,-0.04400058654831474
3,purge,3214.0,100.05294106743624,10.287404529872916,0.1028196114988679,14.842732612132558,1.0,0.2985560000996942,1.0149278000049846,-0.04398097216488967
3,purge,3216.0,100.05293975644338,10.285179696998604,0.10279737628934829,14.754790274100316,1.0,0.29632620256156733,1.0148163101280783,-0.04396136748398378
3,purge,3218.0,100.05293844609889,10.282955854362042,0.10277515097571807,14.666887135732095,1.0,0.29409739771118115,1.014704869885559,-0.043941772499920574
3,purge,3220.0,100.05293713640255,10.280733001474806,0.1027529355530967,14.579023177639888,1.0,0.2918695850586793,1.0145934792529339,-0.04392218720702784
3,purge,3222.0,100.0529358273539,10.278511137848744,0.10273073001660644,14.491198380447015,1.0,0.28964276411449114,1.0144821382057245,-0.04390261159963716
3,purge,3224.0,100.05293451895253,10.276290262995987,0.10270853436137248,14.403412724788147,1.0,0.2874169343893313,1.0143708467194665,-0.0438830456720845
3,purge,3226.0,100.05293321119805,10.274070376428966,0.1026863485825229,14.315666191309264,1.0,0.2851920953942,1.0142596047697099,-0.04386348941870927
3,purge,3228.0,100.05293190409019,10.271851477660391,0.1026641726751885,14.227958760667661,1.0,0.2829682466403806,1.014148412332019,-0.043843942833856356
3,purge,3230.0,100.05293059762846,10.269633566203256,0.10264200663450306,14.14029041353196,1.0,0.28074538763944296,1.0140372693819721,-0.04382440591187366
3,purge,3232.0,100.0529292918126,10.267416641570845,0.10261985045560315,14.052661130582056,1.0,0.2785235179032409,1.0139261758951623,-0.043804878647113174
3,purge,3234.0,100.05292798664195,10.265200703276689,0.10259770413362806,13.965070892509154,1.0,0.27630263694391194,1.0138151318471955,-0.04378536103393171
3,purge,3236.0,100.05292668211655,10.26298575083467,0.10257556766372009,13.877519680015736,1.0,0.27408274427387763,1.013704137213694,-0.04376585306669013
3,purge,3238.0,100.05292537823568,10.260771783758882,0.10255344104102417,13.790007473815558,1.0,0.2718638394058437,1.0135931919702923,-0.0437463547397531
3,purge,3240.0,100.05292407499917,10.258558801563726,0.10253132426068791,13.702534254633646,1.0,0.2696459218528001,1.01348229609264,-0.043726866047488794
3,purge,3242.0,100.05292277240657,10.25634680376391,0.10250921731786221,13.615100003206276,1.0,0.26742899112801927,1.013371449556401,-0.043707386984270485
3,purge,3244.0,100.05292147045746,10.254135789874397,0.10248712020770054,13.527704700280983,1.0,0.26521304674505736,1.013260652337253,-0.043687917544474916
3,purge,3246.0,100.05292016915149,10.251925759410442,0.10246503292535919,13.440348326616542,1.0,0.2629980882177534,1.0131499044108876,-0.04366845772248317
3,purge,3248.0,100.05291886848838,10.249716711887599,0.10244295546599733,13.35303086298296,1.0,0.2607841150602293,1.0130392057530115,-0.043649007512680346
3,purge,3250.0,100.05291756846759,10.247508646821661,0.10242088782477682,13.265752290161467,1.0,0.2585711267868888,1.0129285563393444,-0.04362956690945608
3,purge,3252.0,100.05291626908893,10.245301563728743,0.10239882999686238,13.17851258894452,1.0,0.2563591229124191,1.012817956145621,-0.043610135907203515
3,purge,3254.0,100.05291497035186,10.243095462125208,0.10237678197742152,13.091311740135776,1.0,0.2541481029517892,1.0127074051475895,-0.04359071450031994
3,purge,3256.0,100.05291367225611,10.24089034152772,0.10235474376162458,13.004149724550096,1.0,0.25193806642025,1.0125969033210125,-0.04357130268320691
3,purge,3258.0,100.0529123748012,10.238686201453218,0.10233271534464479,12.91702652301354,1.0,0.24972901283333473,1.0124864506416666,-0.04355190045026969
3,purge,3260.0,100.05291107798689,10.23648304141894,0.10231069672165806,12.829942116363334,1.0,0.24752094170685715,1.012376047085343,-0.04353250779591809
3,purge,3262.0,100.05290978181276,10.234280860942377,0.10228868788784318,12.742896485447902,1.0,0.24531385255691313,1.0122656926278457,-0.043513124714565796
3,purge,3264.0,100.0529084862783,10.232079659541299,0.10226668883838166,12.655889611126831,1.0,0.24310774489988002,1.012155387244994,-0.043493751200630225
3,purge,3266.0,100.05290719138335,10.22987943673379,0.10224469956845786,12.56892147427086,1.0,0.24090261825241502,1.0120451309126208,-0.0434743872485335
3,purge,3268.0,100.05290589712746,10.227680192038191,0.10222272007325905,12.481992055761891,1.0,0.23869847213145717,1.011934923606573,-0.04345503285270125
3,purge,3270.0,100.0529046035102,10.225481924973094,0.10220075034797489,12.395101336492962,1.0,0.23649530605422578,1.0118247653027113,-0.04343568800756313
3,purge,3272.0,100.05290331053122,10.22328463505743,0.1021787903877984,12.308249297368254,1.0,0.2342931195382201,1.011714655976911,-0.043416352707553396
3,purge,3274.0,100.05290201819021,10.221088321810374,0.10215684018792497,12.22143591930307,1.0,0.23209191210122013,1.011604595605061,-0.0433970269471097
3,purge,3276.0,100.0529007264867,10.21889298475138,0.10213489974355301,12.134661183223843,1.0,0.2298916832612858,1.0114945841630643,-0.04337771072067391
3,purge,3278.0,100.05289943542043,10.216698623400198,0.10211296904988355,12.047925070068107,1.0,0.22769243253675617,1.0113846216268378,-0.043358404022692316
3,purge,3280.0,100.05289814499093,10.214505237276832,0.1020910481021205,11.961227560784506,1.0,0.22549415944625034,1.0112747079723126,-0.043339106847614856
3,purge,3282.0,100.05289685519793,10.212312825901567,0.10206913689547027,11.874568636332777,1.0,0.22329686350866643,1.0111648431754334,-0.04331981918989574
3,purge,3284.0,100.05289556604093,10.210121388794988,0.10204723542514264,11.787948277683745,1.0,0.22110054424318265,1.0110550272121592,-0.043300541043992405
3,purge,3286.0,100.05289427751968,10.20793092547796,0.10202534368634973,11.701366465819317,1.0,0.21890520116925458,1.0109452600584627,-0.04328127240436778
3,purge,3288.0,100.0528929896337,10.205741435471582,0.1020034616743064,11.614823181732476,1.0,0.21671083380661757,1.010835541690331,-0.04326201326548781
3,purge,3290.0,100.0528917023827,10.203552918297273,0.10198158938423046,11.52831840642726,1.0,0.21451744167528614,1.0107258720837644,-0.04324276362182203
3,purge,3292.0,100.05289041576637,10.201365373476712,0.10195972681134235,11.441852120918764,1.0,0.21232502429555186,1.0106162512147776,-0.04322352346784483
3,purge,3294.0,100.05288912978415,10.199178800531861,0.10193787395086555,11.355424306233138,1.0,0.2101335811879852,1.0105066790593993,-0.043204292798034276
3,purge,3296.0,100.05288784443582,10.196993198984972,0.10191603079802612,11.269034943407563,1.0,0.20794311187343437,1.0103971555936717,-0.04318507160687247
3,purge,3298.0,100.052886559721,10.194808568358551,0.1018941973480528,11.18268401349026,1.0,0.20575361587302513,1.0102876807936512,-0.0431658598888456
3,purge,3300.0,100.05288527563924,10.192624908175384,0.10187237359617729,11.096371497540465,1.0,0.20356509270816087,1.0101782546354081,-0.043146657638443824
3,purge,3302.0,100.05288399219026,10.190442217958541,0.10185055953763378,11.010097376628439,1.0,0.2013775419005227,1.0100688770950261,-0.043127464850161064
3,purge,3304.0,100.05288270937366,10.188260497231363,0.10182875516765949,10.923861631835443,1.0,0.19919096297206826,1.0099595481486034,-0.043108281518495606
3,purge,3306.0,100.05288142718908,10.186079745517473,0.10180696048149429,10.837664244253743,1.0,0.19700535544503286,1.0098502677722516,-0.04308910763794922
3,purge,3308.0,100.05288014563612,10.183899962340753,0.10178517547438069,10.751505194986596,1.0,0.19482071884192784,1.0097410359420964,-0.043069943203028184
3,purge,3310.0,100.05287886471447,10.181721147225392,0.10176340014156424,10.665384465148241,1.0,0.19263705268554204,1.0096318526342771,-0.04305078820824202
3,purge,3312.0,100.05287758442373,10.17954329969584,0.10174163447829307,10.579302035863895,1.0,0.19045435649893944,1.009522717824947,-0.04303164264810514
3,purge,3314.0,100.05287630476349,10.177366419276789,0.10171987847981785,10.493257888269742,1.0,0.18827262980546058,1.009413631490273,-0.0430125065171356
3,purge,3316.0,100.05287502573347,10.175190505493251,0.1016981321413923,10.407252003512928,1.0,0.1860918721287229,1.0093045936064362,-0.04299337980985471
3,purge,3318.0,100.05287374733318,10.173015557870507,0.10167639545827298,10.321284362751548,1.0,0.18391208299261813,1.0091956041496308,-0.042974262520788835
3,purge,3320.0,100.05287246956246,10.1708415759341,0.10165466842571881,10.235354947154644,1.0,0.18173326192131453,1.0090866630960658,-0.04295515464446753
3,purge,3322.0,100.05287119242067,10.168668559209822,0.10163295103899157,10.149463737902193,1.0,0.1795554084392557,1.0089777704219627,-0.042936056175424425
3,purge,3324.0,100.05286991590776,10.1664965072238,0.10161124329335595,10.063610716185103,1.0,0.17737852207115976,1.008868926103558,-0.04291696710819743
3,purge,3326.0,100.05286864002306,10.164325419502374,0.10158954518407931,9.977795863205198,1.0,0.17520260234202042,1.008760130117101,-0.04289788743732803
3,purge,3328.0,100.05286736476637,10.162155295572209,0.10156785670643173,9.892019160175222,1.0,0.17302764877710566,1.0086513824388552,-0.042878817157362005
3,purge,3330.0,100.05286609013739,10.159986134960212,0.10154617785568588,9.806280588318815,1.0,0.17085366090195847,1.008542683045098,-0.04285975626284871
3,purge,3332.0,100.05286481613557,10.157817937193581,0.10152450862711754,9.720580128870521,1.0,0.16868063824239604,1.0084340319121199,-0.0428407047483415
3,purge,3334.0,100.05286354276068,10.155650701799765,0.10150284901600475,9.634917763075771,1.0,0.1665085803245094,1.0083254290162256,-0.0428216626083981
3,purge,3336.0,100.05286227001233,10.153484428306488,0.10148119901762846,9.549293472190879,1.0,0.1643374866746641,1.0082168743337332,-0.04280262983757958
3,purge,3338.0,100.05286099789014,10.151319116241785,0.10145955862727252,9.463707237483026,1.0,0.16216735681949912,1.008108367840975,-0.04278360643045121
3,purge,3340.0,100.05285972639369,10.149154765133911,0.10143792784022332,9.378159040230267,1.0,0.15999819028592727,1.0079999095142964,-0.042764592381582096
3,purge,3342.0,100.05285845552274,10.146991374511433,0.10141630665177001,9.29264886172151,1.0,0.15782998660113443,1.0078914993300567,-0.04274558768554535
3,purge,3344.0,100.05285718527686,10.144828943903173,0.10139469505720443,9.207176683256513,1.0,0.15566274529258006,1.007783137264629,-0.04272659233691782
3,purge,3346.0,100.05285591565563,10.14266747283822,0.10137309305182124,9.121742486145878,1.0,0.15349646588799637,1.0076748232943997,-0.042707606330280395
3,purge,3348.0,100.05285464665889,10.14050696084597,0.10135150063091779,9.03634625171104,1.0,0.15133114791538815,1.0075665573957697,-0.04268862966021805
3,purge,3350.0,100.05285337828599,10.138347407456028,0.10132991778979396,8.950987961284264,1.0,0.14916679090303306,1.0074583395451517,-0.0426696623213195
3,purge,3352.0,100.0528521105368,10.136188812198316,0.10130834452375248,8.865667596208626,1.0,0.14700339437948123,1.0073501697189742,-0.042650704308177155
3,purge,3354.0,100.05285084341087,10.134031174603033,0.10128678082809894,8.780385137838019,1.0,0.1448409578735551,1.0072420478936777,-0.0426317556153874
3,purge,3356.0,100.05284957690783,10.131874494200613,0.10126522669814139,8.69514056753714,1.0,0.1426794809143488,1.0071339740457175,-0.04261281623755072
3,purge,3358.0,100.05284831102732,10.129718770521798,0.10124368212919084,8.609933866681478,1.0,0.14051896303122827,1.0070259481515613,-0.04259388616927151
3,purge,3360.0,100.05284704576907,10.12756400309756,0.10122214711656047,8.52476501665731,1.0,0.13835940375383124,1.0069179701876916,-0.042574965405157816
3,purge,3362.0,100.05284578113259,10.125410191459185,0.10120062165556694,8.439633998861694,1.0,0.13620080261206718,1.0068100401306035,-0.042556053939821495
3,purge,3364.0,100.0528445171175,10.1232573351382,0.10117910574152908,8.35454079470246,1.0,0.13404315913611622,1.0067021579568058,-0.04253715176787857
3,purge,3366.0,100.05284325372358,10.121105433666415,0.10115759936976851,8.269485385598204,1.0,0.13188647285642974,1.0065943236428214,-0.04251825888394887
3,purge,3368.0,100.0528419909504,10.11895448657591,0.10113610253560965,8.184467752978275,1.0,0.12973074330373008,1.0064865371651865,-0.042499375282656016
3,purge,3370.0,100.05284072879766,10.116804493399025,0.10111461523437944,8.09948787828277,1.0,0.12757597000901022,1.0063787985004504,-0.04248050095862743
3,purge,3372.0,100.05283946726486,10.114655453668371,0.10109313746140777,8.014545742962534,1.0,0.12542215250353356,1.0062711076251767,-0.04246163590649449
3,purge,3374.0,100.05283820635174,10.112507366916835,0.10107166921202695,7.929641328479138,1.0,0.12326929031883363,1.0061634645159416,-0.04244278012089254
3,purge,3376.0,100.05283694605795,10.110360232677579,0.10105021048157217,7.844774616304883,1.0,0.12111738298671425,1.0060558691493358,-0.04242393359646056
3,purge,3378.0,100.05283568638313,10.108214050484017,0.10102876126538123,7.759945587922786,1.0,0.11896643003924921,1.0059483215019625,-0.042405096327841334
3,purge,3380.0,100.0528344273269,10.106068819869838,0.10100732155879454,7.675154224826576,1.0,0.11681643100878177,1.005840821550439,-0.04238626830968173
3,purge,3382.0,100.05283316888887,10.103924540369011,0.10098589135715545,7.590400508520684,1.0,0.11466738542792446,1.0057333692713961,-0.04236744953663261
3,purge,3384.0,100.05283191106881,10.101781211515771,0.10096447065580974,7.505684420520235,1.0,0.11251929282955965,1.005625964641478,-0.042348640003348176
3,purge,3386.0,100.05283065386614,10.099638832844594,0.10094305945010595,7.421005942351042,1.0,0.1103721527468384,1.005518607637342,-0.04232983970448688
3,purge,3388.0,100.0528293972807,10.097497403890252,0.1009216577353952,7.336365055549598,1.0,0.10822596471318087,1.0054112982356591,-0.042311048634710864
3,purge,3390.0,100.05282814131208,10.095356924187783,0.10090026550703152,7.251761741663064,1.0,0.10608072826227609,1.0053040364131138,-0.04229226678868593
3,purge,3392.0,100.05282688595986,10.093217393272479,0.10087888276037138,7.167195982249273,1.0,0.1039364429280812,1.005196822146404,-0.0422734941610821
3,purge,3394.0,100.05282563122371,10.091078810679914,0.10085750949077411,7.082667758876705,1.0,0.10179310824482204,1.005089655412241,-0.04225473074657291
3,purge,3396.0,100.05282437710338,10.088941175945909,0.10083614569360139,6.9981770531245,1.0,0.09965072374699262,1.0049825361873497,-0.04223597653983575
3,purge,3398.0,100.05282312359842,10.086804488606571,0.1008147913642179,6.913723846582429,1.0,0.09750928896935458,1.0048754644484676,-0.04221723153555199
3,purge,3400.0,100.05282187070846,10.084668748198279,0.10079344649799102,6.829308120850901,1.0,0.09536880344693832,1.004768440172347,-0.042198495728406116
3,purge,3402.0,100.0528206184332,10.082533954257663,0.10077211109029052,6.744929857540952,1.0,0.09322926671503977,1.004661463335752,-0.04217976911308802
3,purge,3404.0,100.05281936677218,10.080400106321624,0.10075078513648916,6.660589038274235,1.0,0.0910906783092244,1.0045545339154611,-0.042161051684289665
3,purge,3406.0,100.05281811572519,10.078267203927327,0.10072946863196189,6.576285644683014,1.0,0.08895303776532369,1.0044476518882661,-0.0421423434367078
3,purge,3408.0,100.0528168652918,10.076135246612203,0.10070816157208666,6.492019658410157,1.0,0.08681634461943603,1.0043408172309718,-0.04212364436504303
3,purge,3410.0,100.05281561547172,10.074004233913953,0.10068686395224398,6.407791061109126,1.0,0.08468059840792762,1.0042340299203967,-0.04210495446399898
3,purge,3412.0,100.05281436626444,10.071874165370527,0.10066557576781705,6.323599834443975,1.0,0.08254579866743056,1.0041272899333717,-0.04208627372828366
3,purge,3414.0,100.05281311766971,10.069745040520177,0.10064429701419181,6.239445960089331,1.0,0.08041194493484358,1.0040205972467422,-0.042067602152608616
3,purge,3416.0,100.05281186968719,10.067616858901388,0.10062302768675663,6.1553294197304025,1.0,0.07827903674733147,1.0039139518373665,-0.0420489397316895
3,purge,3418.0,100.05281062231654,10.065489620052933,0.10060176778090281,6.071250195062958,1.0,0.07614707364232522,1.0038073536821162,-0.04203028646024548
3,purge,3420.0,100.05280937555733,10.063363323513823,0.10058051729202395,5.98720826779332,1.0,0.07401605515752131,1.003700802757876,-0.042011642332999775
3,purge,3422.0,100.05280812940936,10.061237968823367,0.10055927621551665,5.903203619638373,1.0,0.07188598083088282,1.003594299041544,-0.04199300734467885
3,purge,3424.0,100.0528068838721,10.059113555521103,0.10053804454677993,5.819236232325533,1.0,0.06975685020063739,1.003487842510032,-0.04197438149001351
3,purge,3426.0,100.05280563894523,10.056990083146857,0.10051682228121554,5.7353060875927575,1.0,0.06762866280527818,1.003381433140264,-0.04195576476373817
3,purge,3428.0,100.05280439462845,10.054867551240704,0.10049560941422767,5.6514131671885295,1.0,0.06550141818356352,1.0032750709091782,-0.041937157160591036
3,purge,3430.0,100.05280315092142,10.052745959343001,0.10047440594122346,5.5675574528718474,1.0,0.06337511587451723,1.0031687557937259,-0.041918558675313515
3,purge,3432.0,100.05280190782376,10.050625306994348,0.10045321185761241,5.483738926412231,1.0,0.061249755417427054,1.0030624877708714,-0.04189996930265151
3,purge,3434.0,100.05280066533511,10.04850559373563,0.10043202715880689,5.399957569589699,1.0,0.05912533635184548,1.0029562668175922,-0.04188138903735449
3,purge,3436.0,100.05279942345517,10.046386819107974,0.10041085184022168,5.316213364194768,1.0,0.05700185821758955,1.0028500929108795,-0.04186281787417549
3,purge,3438.0,100.05279818218357,10.044268982652806,0.1003896858972745,5.232506292028446,1.0,0.05487932055474057,1.002743966027737,-0.04184425580787128
3,purge,3440.0,100.0527969415199,10.042152083911764,0.10036852932538534,5.148836334902225,1.0,0.052757722903643424,1.0026378861451821,-0.04182570283320263
3,purge,3442.0,100.05279570146386,10.0400361224268,0.10034738211997712,5.065203474638069,1.0,0.050637064804906796,1.0025318532402454,-0.041807158944934066
3,purge,3444.0,100.05279446201509,10.037921097740089,0.10032624427647518,4.981607693068409,1.0,0.04851734579940326,1.0024258672899702,-0.04178862413783363
3,purge,3446.0,100.05279322317321,10.035807009394075,0.10030511579030742,4.898048972036139,1.0,0.04639856542826876,1.0023199282714135,-0.041770098406673145
3,purge,3448.0,100.05279198493795,10.033693856931492,0.10028399665690464,4.8145272933946055,1.0,0.044280723232902504,1.0022140361616452,-0.04175158174622815
3,purge,3450.0,100.05279074730885,10.031581639895295,0.10026288687169996,4.731042639007597,1.0,0.042163818754966526,1.0021081909377483,-0.041733074151278034
3,purge,3452.0,100.05278951028573,10.029470357828748,0.10024178643012936,4.64759499074934,1.0,0.04004785153638585,1.0020023925768196,-0.041714575616605847
3,purge,3454.0,100.05278827386803,10.027360010275318,0.1002206953276312,4.564184330504496,1.0,0.03793282111934834,1.0018966410559673,-0.041696086136998205
3,purge,3456.0,100.05278703805553,10.0252505967788,0.1001996135596468,4.4808106401681425,1.0,0.03581872704630416,1.0017909363523152,-0.04167760570724561
3,purge,3458.0,100.05278580284792,10.02314211688322,0.10017854112161981,4.397473901645778,1.0,0.033705568859965465,1.0016852784429984,-0.04165913432214251
3,purge,3460.0,100.05278456824473,10.021034570132828,0.10015747800899642,4.314174096853307,1.0,0.031593346103307024,1.0015796673051653,-0.04164067197648665
3,purge,3462.0,100.05278333424567,10.018927956072197,0.10013642421722573,4.230911207717032,1.0,0.02948205831956543,1.0014741029159786,-0.0416222186650796
3,purge,3464.0,100.05278210085046,10.016822274246135,0.1001153797417592,4.147685216173651,1.0,0.027371705052238605,1.0013685852526122,-0.04160377438272691
3,purge,3466.0,100.05278086805863,10.014717524199693,0.10009434457805101,4.064496104170248,1.0,0.02526228584508659,1.0012631142922543,-0.041585339124237404
3,purge,3468.0,100.05277963586988,10.012613705478199,0.10007331872155785,3.9813438536642827,1.0,0.023153800242130443,1.0011576900121064,-0.041566912884423914
3,purge,3470.0,100.05277840428397,10.010510817627253,0.10005230216773904,3.89822844662359,1.0,0.021046247787652534,1.0010523123893826,-0.04154849565810282
3,purge,3472.0,100.05277717330041,10.0084088601927,0.10003129491205663,3.815149865026363,1.0,0.018939628026196174,1.0009469814013099,-0.04153008744009423
3,purge,3474.0,100.05277594291887,10.006307832720642,0.10001029694997512,3.7321080908611544,1.0,0.016833940502565516,1.0008416970251284,-0.04151168822522198
3,purge,3476.0,100.05277471313906,10.004207734757454,0.09998930827696163,3.649103106126865,1.0,0.014729184761825272,1.0007364592380912,-0.041493298008313584
3,purge,3478.0,100.05277348396058,10.00210856584975,0.09996832888848588,3.5661348928327343,1.0,0.012625360349300485,1.000631268017465,-0.0414749167842003
3,purge,3480.0,100.05277225538319,10.00001032554443,0.09994735878002012,3.483203432998341,1.0,0.010522466810576935,1.0005261233405291,-0.04145654454771681
3,purge,3482.0,100.05276139129867,9.987251516188593,0.09981984882085583,3.400410017022954,1.0,0.008615071312189894,1.0004307535656094,-0.041288444716950964
3,purge,3484.0,100.05273322015746,9.945609650567185,0.09940367774544173,3.3182210896678397,1.0,0.007053423823862145,1.0003526711911932,-0.04086275121074433
3,purge,3486.0,100.05269163312934,9.879532806064507,0.09874329860400481,3.237091841701586,1.0,0.005774855004097249,1.000288742750205,-0.04023744993083586
3,purge,3488.0,100.05263978837682,9.794565536864631,0.09789412410888203,3.157372806808488,1.0,0.004728051404440801,1.000236402570222,-0.039459576040705935
3,purge,3490.0,100.05258024310862,9.695227142394957,0.09690132047406885,3.079329701422424,1.0,0.003871001105790859,1.0001935500552896,-0.03856721316593161
3,purge,3492.0,100.0525150636282,9.585171905200676,0.0958014088811761,3.0031596334633717,1.0,0.00316930766648381,1.0001584653833242,-0.03759113268941006
3,purge,3494.0,100.05244591539382,9.467353040568979,0.09462390403303828,2.929004340547322,1.0,0.002594809665753215,1.0001297404832878,-0.03655613527165893
3,purge,3496.0,100.0523741367095,9.344154604070335,0.0933926324557044,2.856960997074115,1.0,0.0021244504827813778,1.000106222524139,-0.03548214856491282
3,purge,3498.0,100.05230079901916,9.21749761099414,0.09212679306105973,2.787091032094896,1.0,0.001739352953219544,1.000086967647661,-0.034385125338386675
3,purge,3500.0,100.05222675623126,9.088925773766036,0.09084181400490396,2.719427319761941,1.0,0.001424061761670004,1.0000712030880834,-0.033277778221136214
3,purge,3502.0,100.05215268506554,8.959675022644438,0.08955004747221015,2.6539800384913494,1.0,0.001165923165569785,1.0000582961582785,-0.03217018070068256
3,purge,3504.0,100.05207911805032,8.83073004377265,0.08826133471302852,2.5907414412388787,1.0,0.0009545771579854733,1.0000477288578993,-0.031070258641548908
3,purge,3506.0,100.05200647050397,8.70287036985445,0.08698346666760869,2.5296897353835472,1.0,0.0007815416811072772,1.0000390770840555,-0.029984192196407265
3,purge,3508.0,100.05193506259207,8.57670802495853,0.08572256018429805,2.4707922345361815,1.0,0.0006398722140512122,1.0000319936107025,-0.028916744363763687
3,purge,3510.0,100.051865137355,8.452718318269389,0.08448336576899566,2.4140079152938214,1.0,0.0005238830642852974,1.0000261941532143,-0.0278715295157339
3,purge,3512.0,100.05179687543664,8.331265062718906,0.08326951961783591,2.359289487714172,1.0,0.0004289191800002523,1.000021445959,-0.02685123279388325
3,purge,3514.0,100.05173040711432,8.212621245654091,0.0820837501983886,2.306585068538724,1.0,0.0003511693269726702,1.0000175584663487,-0.0258577892957358
3,purge,3516.0,100.05166582211939,8.096985982214571,0.08092804768098616,2.2558395300429397,1.0,0.00028751313086745526,1.0000143756565434,-0.024892530358782177
3,purge,3518.0,100.05160317765103,7.9844984255865405,0.07980380295765288,2.20699558415102,1.0,0.00023539584489130208,1.0000117697922446,-0.02395630292400518
3,purge,3520.0,100.05154250491104,7.875249182306417,0.07871192172694251,2.1599946505729934,1.0,0.00019272581959576168,1.0000096362909798,-0.023049566872175173
3,purge,3522.0,100.05148381442937,7.769289680546612,0.0776529181212016,2.114777548899504,1.0,0.00015779055724546374,1.0000078895278623,-0.022172474343338626
3,purge,3524.0,100.05142710039968,7.666639857144395,0.07662699153157576,2.0712850472854387,1.0,0.0001291879832607449,1.000006459399163,-0.021324934318765393
3,purge,3526.0,100.05137234420677,7.5672944631111685,0.07563408962625125,2.029458294425182,1.0,0.00010577017605069418,1.0000052885088027,-0.0205066651511841
3,purge,3528.0,100.05131951729174,7.471228233385102,0.07467396001802713,1.9892391566516547,1.0,8.659729689576543e-05,1.0000043298648449,-0.0197172372414544
3,purge,3530.0,100.05126858347668,7.3784001225767435,0.07374619259745473,1.9505704780070818,1.0,7.089987092447302e-05,1.0000035449935463,-0.018956107660820547
3,purge,3532.0,100.05121950084735,7.288756772446185,0.07285025418790078,1.9133962778726736,1.0,5.804790538851841e-05,1.0000029023952695,-0.018222648191250433
3,purge,3534.0,100.05117222327554,7.202235347403187,0.07198551688460561,1.8776618980757247,1.0,4.75256058446686e-05,1.0000023762802923,-0.01751616798895565
3,purge,3536.0,100.05112670164543,7.118765850084531,0.0711512811975905,1.8433141092086445,1.0,3.8910675515081696e-05,1.000001945533776,-0.016835931857271124
3,purge,3538.0,100.05108288484082,7.038273009254451,0.07034679492030615,1.8103011841072831,1.0,3.185736703680178e-05,1.0000015928683519,-0.016181174935856957
3,purge,3540.0,100.05104072053464,6.960677815925087,0.06957126848253228,1.778572944973585,1.0,2.60826064076974e-05,1.0000013041303204,-0.015551114466473696
3,purge,3542.0,100.05100015581984,6.885898770196249,0.06882388741214103,1.7480807894311954,1.0,2.135463223413816e-05,1.000001067731612,-0.014944959175481281
3,purge,3544.0,100.05096113770858,6.813852890263628,0.06810382241990806,1.7187776998239563,1.0,1.748369433358138e-05,1.0000008741847166,-0.014361916714898934
3,purge,3546.0,100.05092361352656,6.744456525966588,0.06741023753082834,1.6906182392666937,1.0,1.4314438394375019e-05,1.0000007157219197,-0.013801199523386263
3,purge,3548.0,100.05088753122058,6.677626011746025,0.06674229661043528,1.6635585373030624,1.0,1.1719671062470758e-05,1.000000585983553,-0.013262029402632523
3,purge,3550.0,100.05085283959531,6.61327818777464,0.06609916857357785,1.6375562674899498,1.0,9.595255226114047e-06,1.0000004797627613,-0.012743641050722627
3,purge,3552.0,100.05081948849507,6.551330812878495,0.06548003151170431,1.6125706187904083,1.0,7.855930628385642e-06,1.0000003927965317,-0.012245284749918026
3,purge,3554.0,100.05078742893744,6.491702888769416,0.0648840759337376,1.5885622622995355,1.0,6.431892074120645e-06,1.0000003215946036,-0.011766228370172894
3,purge,3556.0,100.05075661321213,6.434314911593217,0.06431050728049706,1.5654933145356185,1.0,5.265987902649944e-06,1.0000002632993952,-0.011305758820148304
3,purge,3558.0,100.05072699494784,6.3790890640239635,0.06375854784489556,1.543327298290341,1.0,4.311426291251448e-06,1.0000002155713146,-0.010863183053299643
3,purge,3560.0,100.05069852915663,6.325949358767773,0.06322743820648362,1.5220291018371317,1.0,3.5298973352255874e-06,1.0000001764948667,-0.010437828716821158
3,purge,3562.0,100.0506711722583,6.2748217424368535,0.06271643826989852,1.5015649371379336,1.0,2.890035537083477e-06,1.000000144501777,-0.010029044515039746
3,purge,3564.0,100.0506448820897,6.2256341671458015,0.062224827980696666,1.481902297559134,1.0,2.3661609991474743e-06,1.00000011830805,-0.009636200345603347
3,purge,3566.0,100.05061961790234,6.1783166358772625,0.06175190777900748,1.463009915501948,1.0,1.9372487992090934e-06,1.0000000968624403,-0.009258687255975577
3,purge,3568.0,100.05059534034974,6.132801226674755,0.06129699884155948,1.4448577202666402,1.0,1.586085186675485e-06,1.0000000793042594,-0.008895917258887196
3,purge,3570.0,100.05057201146846,6.089022099659955,0.060859443152029055,1.4274167964001925,1.0,1.2985767343969764e-06,1.0000000649288368,-0.008547323038151021
3,purge,3572.0,100.05054959465237,6.046915490350317,0.060438603434453494,1.4106593427203036,1.0,1.0631847200160094e-06,1.000000053159236,-0.00821235757032446
3,purge,3574.0,100.05052805462351,6.006419691965811,0.0600338629765807,1.39455863216266,1.0,8.7046203657763e-07,1.0000000435231018,-0.00789049368286467
3,purge,3576.0,100.05050735739927,5.967475029069327,0.05964462536658991,1.379088972561206,1.0,7.126740470004742e-07,1.0000000356337024,-0.007581223565467464
3,purge,3578.0,100.0504874702577,5.930023824365575,0.05927031416142185,1.3642256684410963,1.0,5.834881659686693e-07,1.0000000291744082,-0.0072840582480524696
3,purge,3580.0,100.05046836170088,5.894010360222993,0.0589103725023561,1.3499449838798165,1.0,4.777197110774749e-07,1.0000000238859856,-0.006998527056221692
3,purge,3582.0,100.0504500014178,5.859380836154077,0.05856426269018325,1.3362241064725289,1.0,3.911238233479448e-07,1.000000019556191,-0.006724177052868366
3,purge,3584.0,100.05043236024662,5.826083323308684,0.058231465730512744,1.323041112422146,1.0,3.202251061512196e-07,1.0000000160112552,-0.006460572472860122
3,purge,3586.0,100.05041541013644,5.794067716802115,0.057911480857430794,1.3103749327622867,1.0,2.6217814535509975e-07,1.0000000131089073,-0.006207294156292357
3,purge,3588.0,100.0503991241097,5.763285686579053,0.05760382504251542,1.2982053207114541,1.0,2.1465331287728587e-07,1.0000000107326656,-0.005963938984645041
3,purge,3590.0,100.05038347622539,5.733690627369566,0.0573080324947684,1.2865128201491056,1.0,1.7574327054143888e-07,1.0000000087871634,-0.005730119323231093
3,purge,3592.0,100.05036844154166,5.705237608193664,0.05702365415602815,1.2752787351982977,1.0,1.4388642190795475e-07,1.0000000071943211,-0.005505462472556863
3,purge,3594.0,100.05035399608,5.677883321782755,0.05675025719554389,1.2644851008949813,1.0,1.1780423993300096e-07,1.000000005890212,-0.005289610130592481
3,purge,3596.0,100.0503401167905,5.651586034217475,0.05648742450670613,1.2541146549205735,1.0,9.644995519500663e-08,1.0000000048224977,-0.005082217867446416
3,purge,3598.0,100.05032678151724,5.626305535016931,0.056234754208282146,1.2441508103718322,1.0,7.896654536720809e-08,1.0000000039483272,-0.004882954613531256
3,purge,3600.0,100.05031396896494,5.602003087874377,0.055991859152107096,1.2345776295402318,1.0,6.465233978703881e-08,1.000000003232617,-0.004691502161979603
4,adsorption,3600.0,100.05031396896494,5.602003087874377,0.055991859152107096,1.2345776295402318,1.0,6.465233978703881e-08,1.000000003232617,-0.004691502161979603
4,adsorption,3602.0,100.04621406451258,8.550888828654873,0.08546938940778932,1.3025185970447541,1.0,0.07997311202014941,1.0039986556010074,0.056328655434821476
4,adsorption,3604.0,100.0471061177671,9.371434289020549,0.09367021848677237,1.4014252065326194,1.0,0.06547644623026669,1.0032738223115134,0.04304312392895563
4,adsorption,3606.0,100.04721191838,10.019842375361947,0.10015114047891992,1.4826587541778007,1.0,0.0656093128510529,1.0032804656425527,0.04152208894026525
4,adsorption,3608.0,100.04727376724294,10.077411157498696,0.10072649436648817,1.564370761935959,1.0,0.06673938073278685,1.0033369690366394,0.04076930173285456
4,adsorption,3610.0,100.04726380246525,10.080684463218248,0.1007592219925344,1.646198950979317,1.0,0.06903229589601897,1.003451614794801,0.04092121177930847
4,adsorption,3612.0,100.04726466672614,10.081350144102812,0.10076587478613677,1.7280228737697134,1.0,0.07110829302375986,1.003555414651188,0.04090401108313843
4,adsorption,3614.0,100.0472660325675,10.083544580857968,0.10078780741070484,1.809807826279234,1.0,0.07317965614024799,1.0036589828070124,0.04088397526380876
4,adsorption,3616.0,100.04726709514698,10.085635104668766,0.10080870170173786,1.8915602946369534,1.0,0.07525557431736239,1.003762778715868,0.040868142074803604
4,adsorption,3618.0,100.0472681782162,10.087700693353106,0.10082934673822062,1.9732803988128105,1.0,0.07733017799092891,1.0038665088995464,0.04085193085666834
4,adsorption,3620.0,100.04726926548624,10.089770389804409,0.10085003282828353,2.0549679898022983,1.0,0.07940388699826581,1.0039701943499133,0.04083567206260137
4,adsorption,3622.0,100.04727035143377,10.091839257057277,0.10087071063116371,2.1366230940478053,1.0,0.08147678826600627,1.0040738394133004,0.0408194329665288
4,adsorption,3624.0,100.04727143698483,10.093907172856367,0.10089137892395252,2.2182457249384613,1.0,0.08354886398751374,1.0041774431993757,0.04080319941149149
4,adsorption,3626.0,100.04727252221163,10.095974298822942,0.10091203932202668,2.2998358932974794,1.0,0.08562011368938142,1.004281005684469,0.04078697081176793
4,adsorption,3628.0,100.04727360706438,10.098040607769539,0.10093269155369079,2.38139361066552,1.0,0.08769053851125894,1.004384526925563,0.04077074782547158
4,adsorption,3630.0,100.0472746915163,10.100106084464143,0.10095333546672414,2.462918888413587,1.0,0.0897601391953092,1.0044880069597655,0.04075453080406944
4,adsorption,3632.0,100.0472757755826,10.102170740037225,0.100973971172364,2.54441173788157,1.0,0.0918289157831307,1.0045914457891565,0.04073831955321056
4,adsorption,3634.0,100.04727685926478,10.104234572857765,0.10099459865430682,2.6258721706786825,1.0,0.09389686853779372,1.0046948434268896,0.040722114045905464
4,adsorption,3636.0,100.04727794256586,10.106297584822677,0.10101521793151035,2.707300198140354,1.0,0.09596399769807643,1.0047981998849038,0.04070591424169255
4,adsorption,3638.0,100.04727902548551,10.108359775061835,0.1010358289952782,2.788695831689461,1.0,0.09803030355787648,1.0049015151778937,0.04068972014135445
4,adsorption,3640.0,100.04728010802343,10.110421143668082,0.10105643184653913,2.870059082702396,1.0,0.10009578641433775,1.0050047893207168,0.04067353174913553
4,adsorption,3642.0,100.04728119017963,10.112481691002154,0.1010770264888994,2.951389962561677,1.0,0.1021604465592296,1.0051080223279614,0.04065734906496556
4,adsorption,3644.0,100.04728227195434,10.114541417365015,0.10109761292536742,3.0326884827626333,1.0,0.1042242842850398,1.005211214214252,0.04064117208707839
4,adsorption,3646.0,100.04728335334748,10.11660032304689,0.1011181911588447,3.1139546547131536,1.0,0.10628729988254207,1.0053143649941272,0.04062500081411975
4,adsorption,3648.0,100.04728443435923,10.118658408340234,0.10113876119225466,3.1951884898217715,1.0,0.10834949364246979,1.0054174746821234,0.04060883524469102
4,adsorption,3650.0,100.04728551498964,10.120715673538207,0.101159323028528,3.2763899994939405,1.0,0.11041086585542433,1.0055205432927712,0.04059267537735217
4,adsorption,3652.0,100.04728659523893,10.122772118933392,0.10117987667058943,3.357559195132227,1.0,0.11247141681189536,1.0056235708405947,0.04057652121063385
4,adsorption,3654.0,100.04728767510706,10.124827744817056,0.10120042212135083,3.4386960881363113,1.0,0.114531146802282,1.0057265573401142,0.040560372743053755
4,adsorption,3656.0,100.04728875459416,10.126882551479179,0.10122095938371099,3.5198006899029877,1.0,0.11659005611691432,1.0058295028058457,0.040544229973133436
4,adsorption,3658.0,100.04728983370036,10.128936539208782,0.10124148846055905,3.6008730118261614,1.0,0.11864814504606667,1.0059324072523033,0.04052809289940879
4,adsorption,3660.0,100.04729091242581,10.130989708294498,0.1012620093547804,3.6819130652968446,1.0,0.12070541387996024,1.0060352706939981,0.0405119615204321
4,adsorption,3662.0,100.04729199077046,10.13304205902511,0.10128252206926204,3.762920861703157,1.0,0.1227618629087561,1.0061380931454378,0.040495835834766625
4,adsorption,3664.0,100.04729306873452,10.135093591689852,0.10130302660689518,3.843896412430322,1.0,0.12481749242254905,1.0062408746211275,0.04047971584098183
4,adsorption,3666.0,100.04729414631802,10.13714430657836,0.10132352297057536,3.9248397288606665,1.0,0.1268723027113573,1.0063436151355678,0.04046360153764536
4,adsorption,3668.0,100.04729522352115,10.139194203980619,0.10134401116320126,4.00575082237363,1.0,0.12892629406511655,1.0064463147032559,0.04044749292331833
4,adsorption,3670.0,100.04729630034392,10.1412432841866,0.1013644911876718,4.086629704345753,1.0,0.13097946677367892,1.0065489733386839,0.04043138999655452
4,adsorption,3672.0,100.0472973767864,10.143291547486122,0.10138496304688417,4.167476386150686,1.0,0.1330318211268154,1.0066515910563407,0.04041529275590229
4,adsorption,3674.0,100.04729845284886,10.145338994168679,0.10140542674373222,4.248290879159193,1.0,0.13508335741422328,1.0067541678707113,0.040399201199910285
4,adsorption,3676.0,100.04729952853114,10.14738562452351,0.10142588228110758,4.32907319473914,1.0,0.13713407592552287,1.0068567037962763,0.040383115327125046
4,adsorption,3678.0,100.04730060383355,10.149431438839638,0.1014463296618993,4.409823344255498,1.0,0.13918397695026746,1.0069591988475133,0.04036703513609866
4,adsorption,3680.0,100.0473016787561,10.151476437405938,0.10146676888899528,4.490541339070354,1.0,0.14123306077793676,1.007061653038897,0.040350960625383604
4,adsorption,3682.0,100.04730275329892,10.153520620511314,0.10148719996528356,4.571227190542894,1.0,0.14328132769794022,1.0071640663848973,0.04033489179353549
4,adsorption,3684.0,100.04730382746206,10.155563988444673,0.10150762289365226,4.651880910029411,1.0,0.14532877799961388,1.0072664388999808,0.040318828639110606
4,adsorption,3686.0,100.04730490124564,10.157606541494916,0.10152803767698941,4.732502508883305,1.0,0.1473754119722159,1.0073687705986107,0.040302771160662304
4,adsorption,3688.0,100.04730597464977,10.159648279950895,0.10154844431818255,4.813091998455083,1.0,0.1494212299049337,1.0074710614952467,0.040286719356746624
4,adsorption,3690.0,100.04730704767454,10.16168920410142,0.10156884282011883,4.893649390092356,1.0,0.1514662320868741,1.0075733116043437,0.04027067322591468
4,adsorption,3692.0,100.04730812031998,10.163729314235237,0.10158923318568473,4.974174695139842,1.0,0.15351041880707422,1.0076755209403536,0.04025463276672105
4,adsorption,3694.0,100.04730919258634,10.165768610640974,0.10160961541776553,5.054667924939367,1.0,0.15555379035449157,1.0077776895177246,0.04023859797771609
4,adsorption,3696.0,100.04731026447358,10.167807093607138,0.10162998951924536,5.13512909082986,1.0,0.15759634701801262,1.0078798173509007,0.040222568857452644
4,adsorption,3698.0,100.04731133598183,10.169844763422114,0.10165035549300709,5.2155582041473565,1.0,0.15963808908644647,1.0079819044543223,0.04020654540448112
4,adsorption,3700.0,100.04731240711116,10.17188162037423,0.10167071334193314,5.295955276225,1.0,0.16167901684853453,1.0080839508424266,0.04019052761735694
4,adsorption,3702.0,100.04731347786176,10.173917664751805,0.10169106306890556,5.376320318393035,1.0,0.16371913059293838,1.008185956529647,0.04017451549463122
4,adsorption,3704.0,100.04731454823367,10.175952896843015,0.10171140467680519,5.456653341978814,1.0,0.16575843060824902,1.0082879215304124,0.04015850903485796
4,adsorption,3706.0,100.04731561822706,10.177987316936001,0.10173173816851246,5.5369543583067955,1.0,0.1677969171829817,1.0083898458591491,0.04014250823658984
4,adsorption,3708.0,100.04731668784186,10.180020925318868,0.10175206354690752,5.617223378698538,1.0,0.1698345906055769,1.0084917295302789,0.040126513098379224
4,adsorption,3710.0,100.04731775707829,10.182053722279608,0.10177238081486932,5.697460414472713,1.0,0.17187145116440095,1.0085935725582202,0.04011052361877849
4,adsorption,3712.0,100.04731882593636,10.184085708106148,0.10179268997527613,5.777665476945089,1.0,0.17390749914774592,1.0086953749573873,0.040094539796340055
4,adsorption,3714.0,100.04731989441633,10.186116883086344,0.10181299103100547,5.8578385774285415,1.0,0.17594273484382902,1.0087971367421915,0.04007856162961582
4,adsorption,3716.0,100.04732096251813,10.188147247507958,0.10183328398493408,5.937979727233053,1.0,0.17797715854079393,1.0088988579270397,0.040062589117158216
4,adsorption,3718.0,100.04732203024194,10.190176801658685,0.10185356883993789,6.018088937665711,1.0,0.18001077052670975,1.0090005385263354,0.04004662225751938
4,adsorption,3720.0,100.04732309758784,10.192205545826145,0.10187384559889218,6.098166220030701,1.0,0.18204357108957098,1.0091021785544785,0.04003066104925135
4,adsorption,3722.0,100.0473241645559,10.194233480297886,0.10189411426467147,6.178211585629319,1.0,0.1840755605172982,1.009203778025865,0.04001470549090622
4,adsorption,3724.0,100.04732523114626,10.196260605361376,0.10191437484014937,6.258225045759966,1.0,0.18610673909773784,1.009305336954887,0.03999875558103619
4,adsorption,3726.0,100.04732629735894,10.198286921304016,0.1019346273281991,6.338206611718141,1.0,0.1881371071186616,1.009406855355933,0.039982811318193257
4,adsorption,3728.0,100.04732736319416,10.200312428413152,0.1019548717316929,6.418156294796449,1.0,0.19016666486776726,1.0095083332433883,0.03996687270092948
4,adsorption,3730.0,100.04732842865195,10.202337126976023,0.10197510805350238,6.498074106284603,1.0,0.19219541263267728,1.0096097706316338,0.03995093972779622
4,adsorption,3732.0,100.04732949373239,10.204361017279803,0.10199533629649826,6.577960057469414,1.0,0.19422335070094104,1.009711167535047,0.03993501239734573
4,adsorption,3734.0,100.04733055843562,10.206384099611592,0.10201555646355055,6.6578141596348,1.0,0.19625047936003254,1.0098125239680018,0.03991909070812939
4,adsorption,3736.0,100.04733162276167,10.208406374258429,0.10203576855752866,6.737636424061782,1.0,0.19827679889735267,1.0099138399448677,0.03990317465869944
4,adsorption,3738.0,100.04733268671067,10.210427841507267,0.10205597258130121,6.8174268620284835,1.0,0.20030230960022669,1.0100151154800114,0.039887264247607156
4,adsorption,3740.0,100.04733375028275,10.212448501644982,0.10207616853773595,6.897185484810131,1.0,0.20232701175590628,1.0101163505877953,0.03987135947340428
4,adsorption,3742.0,100.04733481347799,10.214468354958374,0.10209635642969989,6.976912303679053,1.0,0.20435090565156802,1.0102175452825783,0.03985546033464202
4,adsorption,3744.0,100.0473358762965,10.216487401734177,0.10211653626005943,7.056607329904684,1.0,0.20637399157431532,1.0103186995787157,0.03983956682987229
4,adsorption,3746.0,100.04733693873828,10.218505642259052,0.10213670803168025,7.136270574753561,1.0,0.20839626981117615,1.0104198134905589,0.03982367895764618
4,adsorption,3748.0,100.04733800080355,10.220523076819584,0.10215687174742714,7.215902049489324,1.0,0.2104177406491049,1.0105208870324554,0.03980779671651536
4,adsorption,3750.0,100.04733906249237,10.222539705702271,0.10217702741016416,7.2955017653727126,1.0,0.21243840437498104,1.010621920218749,0.03979192010503096
4,adsorption,3752.0,100.04734012380484,10.224555529193552,0.10219717502275472,7.375069733661572,1.0,0.2144582612756101,1.0107229130637805,0.03977604912174444
4,adsorption,3754.0,100.047341184741,10.22657054757979,0.10221731458806148,7.454605965610846,1.0,0.21647731163772282,1.0108238655818862,0.03976018376520687
4,adsorption,3756.0,100.04734224530098,10.22858476114726,0.10223744610894624,7.534110472472589,1.0,0.21849555574797624,1.0109247777873989,0.03974432403396968
4,adsorption,3758.0,100.04734330548497,10.230598170182189,0.1022575695882702,7.61358326549595,1.0,0.22051299389295229,1.0110256496946477,0.0397284699265838
4,adsorption,3760.0,100.04734436529286,10.232610774970686,0.10227768502889371,7.693024355927182,1.0,0.22252962635915882,1.011126481317958,0.039712621441600246
4,adsorption,3762.0,100.04734542472501,10.23462257579884,0.10229779243367638,7.772433755009644,1.0,0.22454545343302987,1.0112272726716516,0.03969677857757042
4,adsorption,3764.0,100.04734648378125,10.23663357295262,0.1023178918054772,7.851811473983791,1.0,0.22656047540092414,1.0113280237700462,0.03968094133304499
4,adsorption,3766.0,100.04734754246188,10.238643766717955,0.10233798314715432,7.931157524087184,1.0,0.22857469254912652,1.0114287346274564,0.03966510970657501
4,adsorption,3768.0,100.04734860076691,10.240653157380667,0.10235806646156505,8.010471916554485,1.0,0.23058810516384767,1.0115294052581925,0.03964928369671149
4,adsorption,3770.0,100.04734965869639,10.242661745226531,0.10237814175156626,8.089754662617457,1.0,0.23260071353122322,1.011630035676561,0.03963346330200498
4,adsorption,3772.0,100.04735071625053,10.24466953054124,0.1023982090200137,8.169005773504967,1.0,0.2346125179373153,1.0117306258968657,0.039617648521006604
4,adsorption,3774.0,100.04735177342937,10.246676513610408,0.1024182682697627,8.24822526044298,1.0,0.23662351866811102,1.0118311759334055,0.03960183935226699
4,adsorption,3776.0,100.04735283023302,10.248682694719564,0.10243831950366751,8.327413134654565,1.0,0.23863371600952307,1.011931685800476,0.03958603579433673
4,adsorption,3778.0,100.04735388666154,10.250688074154183,0.10245836272458198,8.406569407359891,1.0,0.24064311024738996,1.0120321555123695,0.039570237845766354
4,adsorption,3780.0,100.04735494271509,10.252692652199649,0.10247839793535886,8.48569408977623,1.0,0.24265170166747624,1.012132585083374,0.03955444550510688
4,adsorption,3782.0,100.0473559983937,10.254696429141285,0.10249842513885053,8.564787193117953,1.0,0.24465949055547187,1.0122329745277736,0.039538658770909
4,adsorption,3784.0,100.0473570536975,10.256699405264342,0.10251844433790847,8.64384872859653,1.0,0.2466664771969919,1.0123333238598495,0.03952287764172305
4,adsorption,3786.0,100.04735810862655,10.258701580853977,0.10253845553538331,8.722878707420543,1.0,0.24867266187757717,1.0124336330938788,0.03950710211609932
4,adsorption,3788.0,100.047359163181,10.260702956195297,0.10255845873412514,8.801877140795664,1.0,0.2506780448826946,1.0125339022441346,0.0394913321925885
4,adsorption,3790.0,100.04736021736096,10.262703531573315,0.10257845393698307,8.880844039924666,1.0,0.2526826264977361,1.0126341313248868,0.03947556786974086
4,adsorption,3792.0,100.04736127116647,10.264703307272972,0.10259844114680564,8.959779416007429,1.0,0.25468640700801976,1.012734320350401,0.039459809146106854
4,adsorption,3794.0,100.04736232459764,10.266702283579153,0.10261842036644063,9.038683280240926,1.0,0.2566893866987888,1.0128344693349394,0.03944405602023674
4,adsorption,3796.0,100.04736337765462,10.268700460776651,0.102638391598735,9.117555643819243,1.0,0.25869156585521225,1.0129345782927606,0.039428308490680714
4,adsorption,3798.0,100.04736443033745,10.270697839150188,0.102658354846535,9.19639651793355,1.0,0.2606929447623849,1.0130346472381193,0.039412566555989244
4,adsorption,3800.0,100.04736548264621,10.2726944189844,0.10267831011268615,9.275205913772133,1.0,0.2626935237053269,1.0131346761852664,0.03939683021471237
4,adsorption,3802.0,100.04736653458103,10.274690200563873,0.10269825740003323,9.353983842520368,1.0,0.26469330296898413,1.0132346651484492,0.0393810994654003
4,adsorption,3804.0,100.04736758614203,10.276685184173104,0.10271819671142024,9.432730315360734,1.0,0.2666922828382278,1.0133346141419113,0.03936537430660306
4,adsorption,3806.0,100.04736863732927,10.278679370096523,0.10273812804969049,9.511445343472813,1.0,0.26869046359785514,1.0134345231798927,0.039349654736870736
4,adsorption,3808.0,100.04736968814291,10.280672758618467,0.10275805141768639,9.590128938033287,1.0,0.2706878455325887,1.0135343922766293,0.03933394075475346
4,adsorption,3810.0,100.04737073858294,10.282665350023219,0.10277796681824983,9.668781110215932,1.0,0.2726844289270769,1.0136342214463538,0.0393182323588014
4,adsorption,3812.0,100.04737178864951,10.284657144594984,0.10279787425422195,9.747401871191625,1.0,0.274680214065893,1.0137340107032946,0.039302529547564066
4,adsorption,3814.0,100.04737283834281,10.2866481426179,0.10281777372844295,9.825991232128354,1.0,0.27667520123353695,1.013833760061677,0.03928683231959177
4,adsorption,3816.0,100.04737388766273,10.288638344375993,0.10283766524375239,9.904549204191193,1.0,0.2786693907144335,1.0139334695357216,0.039271140673434284
4,adsorption,3818.0,100.04737493660954,10.29062775015328,0.10285754880298924,9.983075798542323,1.0,0.28066278279293233,1.0140331391396467,0.039255454607640794
4,adsorption,3820.0,100.04737598518324,10.29261636023362,0.10287742440899127,10.061571026341023,1.0,0.2826553777533106,1.0141327688876656,0.03923977412076188
4,adsorption,3822.0,100.04737703338404,10.294604174900861,0.1028972920645959,10.140034898743671,1.0,0.28464717587977034,1.0142323587939885,0.039224099211347466
4,adsorption,3824.0,100.04737808121193,10.296591194438749,0.10291715177263963,10.218467426903748,1.0,0.2866381774564379,1.0143319088728222,0.039208429877946614
4,adsorption,3826.0,100.047379128667,10.298577419130975,0.1029370035359585,10.296868621971827,1.0,0.28862838276736735,1.0144314191383683,0.03919276611911006
4,adsorption,3828.0,100.04738017574944,10.300562849261173,0.1029568473573877,10.375238495095587,1.0,0.290617792096536,1.0145308896048268,0.03917710793338635
4,adsorption,3830.0,100.04738122245931,10.302547485112852,0.10297668323976145,10.453577057419805,1.0,0.29260640572784813,1.0146303202863924,0.03916145531932547
4,adsorption,3832.0,100.04738226879664,10.304531326969451,0.10299651118591323,10.531884320086355,1.0,0.2945942239451335,1.0147297111972566,0.039145808275477076
4,adsorption,3834.0,100.04738331476166,10.30651437511437,0.10301633119867594,10.610160294234213,1.0,0.2965812470321472,1.0148290623516074,0.03913016680039063
4,adsorption,3836.0,100.0473843603543,10.308496629830923,0.10303614328088181,10.68840499099945,1.0,0.2985674752725702,1.0149283737636285,0.03911453089261578
4,adsorption,3838.0,100.04738540557479,10.310478091402327,0.10305594743536209,10.766618421515242,1.0,0.3005529089500086,1.0150276454475005,0.03909890055070192
4,adsorption,3840.0,100.04738645042318,10.312458760111754,0.10307574366494743,10.844800596911858,1.0,0.30253754834799446,1.0151268774173998,0.03908327577319855
4,adsorption,3842.0,100.04738749489961,10.314438636242294,0.10309553197246776,10.922951528316668,1.0,0.30452139374998527,1.0152260696874995,0.03906765655865517
4,adsorption,3844.0,100.04738853900402,10.31641772007694,0.10311531236075219,11.001071226854142,1.0,0.3065044454393639,1.0153252222719682,0.03905204290562105
4,adsorption,3846.0,100.04738958273668,10.318396011898638,0.10313508483262908,11.07915970364585,1.0,0.30848670369943926,1.0154243351849719,0.03903643481264565
4,adsorption,3848.0,100.04739062609768,10.320373511990267,0.1031548493909262,11.157216969810456,1.0,0.3104681688134454,1.0155234084406723,0.03902083227827836
4,adsorption,3850.0,100.04739166908705,10.322350220634604,0.1031746060384704,11.235243036463725,1.0,0.3124488410645416,1.0156224420532272,0.039005235301068
4,adsorption,3852.0,100.04739271170483,10.32432613811434,0.10319435477808778,11.313237914718522,1.0,0.3144287207358136,1.0157214360367908,0.03898964387956422
4,adsorption,3854.0,100.04739375395125,10.326301264712134,0.1032140956126037,11.391201615684812,1.0,0.316407808110272,1.0158203904055136,0.038974058012315994
4,adsorption,3856.0,100.04739479582638,10.328275600710542,0.10323382854484288,11.46913415046965,1.0,0.3183861034708538,1.015919305173543,0.03895847769787298
4,adsorption,3858.0,100.04739583733023,10.33024914639206,0.10325355357762928,11.547035530177201,1.0,0.32036360710042056,1.016018180355021,0.03894290293478404
4,adsorption,3860.0,100.04739687846295,10.332221902039104,0.10327327071378611,11.624905765908716,1.0,0.3223403192817598,1.0161170159640882,0.038927333721598394
4,adsorption,3862.0,100.04739791922468,10.33419386793401,0.10329297995613573,11.702744868762553,1.0,0.32431624029758493,1.0162158120148792,0.03891177005686524
4,adsorption,3864.0,100.04739895961544,10.336165044359046,0.1033126813074999,11.780552849834168,1.0,0.32629137043053447,1.0163145685215267,0.03889621193913353
4,adsorption,3866.0,100.04739999963532,10.33813543159641,0.10333237477069963,11.858329720216112,1.0,0.3282657099631721,1.0164132854981587,0.03888065936695204
4,adsorption,3868.0,100.04740103928457,10.340105029928225,0.10335206034855504,11.936075490998034,1.0,0.3302392591779884,1.0165119629588997,0.038865112338870314
4,adsorption,3870.0,100.04740207856311,10.34207383963653,0.10337173804388569,12.013790173266683,1.0,0.33221201835739855,1.01661060091787,0.03884957085343723
4,adsorption,3872.0,100.0474031174711,10.344041861003289,0.1033914078595102,12.091473778105907,1.0,0.33418398778374264,1.016709199389187,0.03883403490920112
4,adsorption,3874.0,100.04740415600864,10.346009094310388,0.1034110697982465,12.169126316596643,1.0,0.3361551677392875,1.0168077583869644,0.03881850450471143
4,adsorption,3876.0,100.04740519417587,10.34797553983965,0.10343072386291177,12.246747799816939,1.0,0.3381255585062252,1.0169062779253113,0.038802979638516935
4,adsorption,3878.0,100.04740623197276,10.349941197872804,0.10345037005632246,12.324338238841932,1.0,0.34009516036667353,1.0170047580183337,0.03878746030916677
4,adsorption,3880.0,100.04740726939959,10.351906068691548,0.10347000838129439,12.401897644743856,1.0,0.34206397360267565,1.0171031986801338,0.038771946515209925
4,adsorption,3882.0,100.04740830645633,10.353870152577471,0.10348963884064256,12.479426028592053,1.0,0.34403199849620014,1.01720159992481,0.03875643825519507
4,adsorption,3884.0,100.04740934314312,10.355833449812105,0.10350926143718138,12.556923401452956,1.0,0.345999235329141,1.0172999617664573,0.03874093552767092
4,adsorption,3886.0,100.04741037945995,10.357795960676887,0.10352887617372429,12.634389774390087,1.0,0.3479656843833178,1.0173982842191658,0.038725438331186184
4,adsorption,3888.0,100.04741141540708,10.359757685453202,0.10354848305308399,12.71182515846408,1.0,0.34993134594047587,1.0174965672970238,0.038709946664289605
4,adsorption,3890.0,100.04741245098454,10.36171862442233,0.10356808207807242,12.789229564732663,1.0,0.35189622028228584,1.0175948110141142,0.038694460525529724
4,adsorption,3892.0,100.04741348619245,10.363678777865497,0.10358767325150078,12.86660300425065,1.0,0.35386030769034443,1.0176930153845174,0.03867897991345573
4,adsorption,3894.0,100.04741452103084,10.365638146063855,0.10360725657617974,12.943945488069962,1.0,0.3558236084461736,1.0177911804223088,0.038663504826616193
4,adsorption,3896.0,100.04741555549984,10.367596729298478,0.10362683205491909,13.021257027239626,1.0,0.3577861228312207,1.017889306141561,0.03864803526355966
4,adsorption,3898.0,100.04741658959959,10.369554527850374,0.10364639969052772,13.098537632805751,1.0,0.35974785112685875,1.017987392556343,0.03863257122283482
4,adsorption,3900.0,100.04741762333013,10.371511542000475,0.1036659594858142,13.175787315811545,1.0,0.3617087936143861,1.0180854396807193,0.03861711270299029
4,adsorption,3902.0,100.04741865669162,10.373467772029628,0.1036855114435859,13.25300608729732,1.0,0.3636689505750271,1.0181834475287515,0.03860165970257473
4,adsorption,3904.0,100.04741968968408,10.375423218218604,0.10370505556664962,13.330193958300486,1.0,0.365628322289931,1.0182814161144966,0.03858621222013647
4,adsorption,3906.0,100.04742072230765,10.377377880848098,0.10372459185781135,13.407350939855538,1.0,0.36758690904017344,1.018379345452009,0.03857077025422454
4,adsorption,3908.0,100.04742175456242,10.379331760198752,0.10374412031987648,13.484477042994088,1.0,0.3695447111067547,1.018477235555338,0.03855533380338694
4,adsorption,3910.0,100.0474227864485,10.381284856551122,0.10376364095564966,13.561572278744828,1.0,0.37150172877060117,1.0185750864385303,0.03853990286617239
4,adsorption,3912.0,100.04742381796589,10.383237170185671,0.10378315376793458,13.63863665813355,1.0,0.37345796231256406,1.0186728981156281,0.03852447744112899
4,adsorption,3914.0,100.04742484911489,10.385188701382823,0.10380265875953429,13.715670192183149,1.0,0.375413412013422,1.0187706706006712,0.03850905752680621
4,adsorption,3916.0,100.0474258798954,10.387139450422888,0.10382215593325114,13.792672891913613,1.0,0.3773680781538765,1.0188684039076938,0.0384936431217515
4,adsorption,3918.0,100.0474269103076,10.389089417586135,0.10384164529188682,13.869644768342026,1.0,0.3793219610145573,1.0189660980507278,0.03847823422451419
4,adsorption,3920.0,100.04742794035167,10.391038603152754,0.10386112683824214,13.946585832482569,1.0,0.381275060876017,1.019063753043801,0.03846283083364188
4,adsorption,3922.0,100.04742897002758,10.392987007402843,0.10388060057511718,14.023496095346527,1.0,0.38322737801873574,1.019161368900937,0.0384474329476834
4,adsorption,3924.0,100.04742999933545,10.394934630616433,0.10390006650531135,14.100375567942265,1.0,0.3851789127231189,1.019258945636156,0.03843204056518743
4,adsorption,3926.0,100.04743102827533,10.396881473073492,0.1039195246316233,14.177224261275269,1.0,0.38712966526949577,1.0193564832634747,0.038416653684701374
4,adsorption,3928.0,100.04743205684747,10.39882753505391,0.10393897495685088,14.2540421863481,1.0,0.3890796359381234,1.0194539817969062,0.0384012723047743
4,adsorption,3930.0,100.04743308505188,10.400772816837472,0.10395841748379105,14.330829354160423,1.0,0.3910288250091825,1.0195514412504592,0.03838589642395391
4,adsorption,3932.0,100.0474341128886,10.402717318703907,0.10397785221524014,14.407585775709007,1.0,0.3929772327627809,1.019648861638139,0.03837052604078899
4,adsorption,3934.0,100.04743514035779,10.404661040932874,0.10399727915399375,14.484311461987705,1.0,0.3949248594789507,1.0197462429739474,0.03835516115382747
4,adsorption,3936.0,100.04743616745955,10.406603983803976,0.10401669830284692,14.561006423987479,1.0,0.39687170543765177,1.0198435852718826,0.038339801761618844
4,adsorption,3938.0,100.04743719419395,10.408546147596732,0.10403610966459391,14.637670672696377,1.0,0.3988177709187665,1.0199408885459382,0.038324447862710394
4,adsorption,3940.0,100.04743822056118,10.410487532590588,0.10405551324202807,14.714304219099544,1.0,0.40076305620210423,1.0200381528101052,0.03830909945565047
4,adsorption,3942.0,100.04743924656124,10.412428139064891,0.10407490903794203,14.79090707417923,1.0,0.40270756156739973,1.02013537807837,0.03829375653898724
4,adsorption,3944.0,100.04744027219417,10.414367967298931,0.10409429705512775,14.867479248914778,1.0,0.4046512872943132,1.0202325643647157,0.03827841911126876
4,adsorption,3946.0,100.04744129746022,10.416307017571922,0.10411367729637626,14.944020754282624,1.0,0.40659423366243047,1.0203297116831216,0.03826308717104337
4,adsorption,3948.0,100.04744232235939,10.418245290162995,0.10413304976447801,15.020531601256303,1.0,0.40853640095126303,1.0204268200475632,0.03824776071685914
4,adsorption,3950.0,100.04744334689173,10.420182785351198,0.10415241446222258,15.09701180080644,1.0,0.41047778944024776,1.0205238894720123,0.038232439747264466
4,adsorption,3952.0,100.04744437105755,10.422119503415558,0.10417177139239894,15.173461363900772,1.0,0.41241839940874736,1.0206209199704377,0.03821712426080755
4,adsorption,3954.0,100.04744539485672,10.424055444634957,0.10419112055779528,15.249880301504119,1.0,0.41435823113604986,1.0207179115568026,0.03820181425603656
4,adsorption,3956.0,100.04744641828944,10.425990609288263,0.10421046196119917,15.326268624578399,1.0,0.41629728490136864,1.0208148642450685,0.038186509731499604
4,adsorption,3958.0,100.04744744135573,10.427924997654234,0.10422979560539726,15.40262634408263,1.0,0.4182355609838427,1.020911778049192,0.0381712106857447
4,adsorption,3960.0,100.0474484640558,10.429858610011559,0.10424912149317542,15.478953470972924,1.0,0.42017305966253643,1.0210086529831268,0.038155917117320005
4,adsorption,3962.0,100.04744948638968,10.431791446638865,0.10426843962731895,15.555250016202487,1.0,0.42210978121644005,1.021105489060822,0.03814062902477355
4,adsorption,3964.0,100.0474505083575,10.433723507814696,0.1042877500106123,15.631515990721628,1.0,0.42404572592446943,1.0212022862962236,0.03812534640665367
4,adsorption,3966.0,100.04745152995925,10.435654793817509,0.10430705264583923,15.707751405477742,1.0,0.42598089406546513,1.0212990447032733,0.038110069261508
4,adsorption,3968.0,100.04745255119524,10.43758530492571,0.10432634753578257,15.783956271415333,1.0,0.42791528591819417,1.0213957642959097,0.03809479758788484
4,adsorption,3970.0,100.04745357206536,10.439515041417602,0.10434563468322455,15.860130599475987,1.0,0.4298489017613485,1.0214924450880674,0.03807953138433213
4,adsorption,3972.0,100.04745459256974,10.441444003571425,0.10436491409094663,15.936274400598398,1.0,0.4317817418735462,1.0215890870936772,0.038064270649398095
4,adsorption,3974.0,100.04745561270867,10.443372191665373,0.10438418576172956,16.012387685718352,1.0,0.43371380653333086,1.0216856903266665,0.038049015381631086
4,adsorption,3976.0,100.047456632482,10.44529960597753,0.10440344969835344,16.088470465768726,1.0,0.4356450960191707,1.0217822548009585,0.038033765579578695
4,adsorption,3978.0,100.04745765188997,10.447226246785926,0.10442270590359742,16.1645227516795,1.0,0.4375756106094605,1.021878780530473,0.03801852124178925
4,adsorption,3980.0,100.04745867093261,10.449152114368506,0.10444195438024018,16.24054455437775,1.0,0.4395053505825197,1.021975267529126,0.038003282366810436
4,adsorption,3982.0,100.04745968961004,10.451077209003152,0.10446119513105936,16.31653588478764,1.0,0.4414343162165938,1.0220717158108297,0.037988048953190405
4,adsorption,3984.0,100.04746070792237,10.453001530967642,0.10448042815883193,16.392496753830443,1.0,0.4433625077898533,1.0221681253894928,0.0379728209994768
4,adsorption,3986.0,100.04746172586965,10.454925080539706,0.10449965346633414,16.468427172424512,1.0,0.44528992558039565,1.0222644962790197,0.037957598504218384
4,adsorption,3988.0,100.04746274345209,10.45684785799701,0.10451887105634164,16.54432715148531,1.0,0.4472165698662418,1.0223608284933121,0.037942381465962474
4,adsorption,3990.0,100.04746376066963,10.458769863617116,0.10453808093162914,16.620196701925387,1.0,0.4491424409253404,1.022457122046267,0.0379271698832578
4,adsorption,3992.0,100.04746477752249,10.460691097677532,0.10455728309497071,16.6960358346544,1.0,0.4510675390355631,1.022553376951778,0.03791196375465129
4,adsorption,3994.0,100.04746579401073,10.462611560455663,0.10457647754913948,16.771844560579083,1.0,0.452991864474709,1.0226495932237354,0.037896763078691456
4,adsorption,3996.0,100.04746681013445,10.464531252228875,0.10459566429690809,16.847622890603283,1.0,0.4549154175205025,1.0227457708760253,0.037881567853926316
4,adsorption,3998.0,100.04746782589372,10.466450173274444,0.10461484334104833,16.923370835627942,1.0,0.4568381984505934,1.0228419099225297,0.03786637807890407
4,adsorption,4000.0,100.04746884128868,10.46836832386958,0.10463401468433133,16.999088406551085,1.0,0.4587602075425566,1.0229380103771277,0.0378511937521725
4,adsorption,4002.0,100.04746985631937,10.470285704291411,0.10465317832952742,17.074775614267846,1.0,0.4606814450738925,1.0230340722536948,0.03783601487227926
4,adsorption,4004.0,100.04747087098596,10.472202314816986,0.10467233427940609,17.150432469670452,1.0,0.4626019113220275,1.0231300955661013,0.03782084143777242
4,adsorption,4006.0,100.04747188528846,10.474118155723277,0.10469148253673616,17.226058983648223,1.0,0.46452160656431335,1.0232260803282156,0.03780567344720004
4,adsorption,4008.0,100.04747289922702,10.476033227287202,0.10471062310428575,17.301655167087567,1.0,0.46644053107802724,1.0233220265539014,0.03779051089910994
4,adsorption,4010.0,100.04747391280178,10.477947529785583,0.10472975598482206,17.377221030872008,1.0,0.4683586851403722,1.0234179342570187,0.03777535379205027
4,adsorption,4012.0,100.04747492601273,10.479861063495173,0.10474888118111186,17.452756585882145,1.0,0.47027606902847663,1.0235138034514237,0.03776020212456891
4,adsorption,4014.0,100.04747593886007,10.481773828692674,0.10476799869592095,17.52826184299569,1.0,0.47219268301939404,1.0236096341509697,0.03774505589521361
4,adsorption,4016.0,100.04747695134382,10.483685825654677,0.10478710853201441,17.60373681308744,1.0,0.4741085273901039,1.0237054263695051,0.03772991510253226
4,adsorption,4018.0,100.04747796346412,10.485597054657703,0.10480621069215647,17.67918150702929,1.0,0.4760236024175115,1.0238011801208755,0.03771477974507319
4,adsorption,4020.0,100.04747897522108,10.487507515978226,0.10482530517911086,17.754595935690237,1.0,0.47793790837844724,1.0238968954189223,0.03769964982138415
4,adsorption,4022.0,100.04747998661482,10.48941720989264,0.10484439199564045,17.829980109936365,1.0,0.4798514455496668,1.0239925722774834,0.03768452533001287
4,adsorption,4024.0,100.04748099764527,10.491326136677225,0.10486347114450739,17.905334040630855,1.0,0.48176421420785165,1.0240882107103926,0.03766940626950719
4,adsorption,4026.0,100.04748200831277,10.493234296608245,0.10488254262847295,17.980657738633994,1.0,0.4836762146296097,1.0241838107314805,0.03765429263841576
4,adsorption,4028.0,100.0474830186172,10.495141689961844,0.10490160645029792,18.05595121480315,1.0,0.48558744709147256,1.0242793723545736,0.037639184435285605
4,adsorption,4030.0,100.0474840285588,10.497048317014102,0.1049206626127419,18.131214479992803,1.0,0.48749791186989916,1.024374895593495,0.03762408165866537
4,adsorption,4032.0,100.04748503813762,10.498954178041048,0.10493971111856432,18.20644754505451,1.0,0.4894076092412727,1.0244703804620638,0.03760898430710255
4,adsorption,4034.0,100.04748604735376,10.500859273318612,0.10495875197052348,18.281650420836943,1.0,0.49131653948190235,1.0245658269740952,0.03759389237914503
4,adsorption,4036.0,100.04748705620733,10.50276360312266,0.10497778517137704,18.356823118185847,1.0,0.49322470286802333,1.0246612351434012,0.03757880587334125
4,adsorption,4038.0,100.04748806469836,10.504667167728963,0.10499681072388185,18.431965647944093,1.0,0.4951320996757957,1.0247566049837897,0.03756372478823885
4,adsorption,4040.0,100.04748907282699,10.506569967413252,0.10501582863079417,18.507078020951628,1.0,0.49703873018130484,1.0248519365090651,0.037548649122385265
4,adsorption,4042.0,100.04749008059342,10.508472002451166,0.10503483889486931,18.582160248045493,1.0,0.49894459466056296,1.0249472297330282,0.037533578874329294
4,adsorption,4044.0,100.04749108799757,10.510373273118248,0.10505384151886193,18.657212340059832,1.0,0.5008496933895065,1.0250424846694752,0.03751851404261841
4,adsorption,4046.0,100.04749209503963,10.51227377969001,0.10507283650552605,18.732234307825887,1.0,0.502754026643998,1.0251377013322,0.03750345462580077
4,adsorption,4048.0,100.04749310171972,10.514173522441862,0.10509182385761483,18.80722616217199,1.0,0.5046575946998255,1.0252328797349912,0.03748840062242415
4,adsorption,4050.0,100.04749410803788,10.516072501649145,0.10511080357788069,18.88218791392357,1.0,0.5065603978327026,1.025328019891635,0.03747335203103665
4,adsorption,4052.0,100.0474951139942,10.517970717587124,0.10512977566907537,18.957119573903153,1.0,0.508462436318268,1.0254231218159133,0.03745830885018605
4,adsorption,4054.0,100.04749611958883,10.51986817053098,0.10514874013394966,19.032021152930362,1.0,0.5103637104320868,1.0255181855216042,0.03744327107842054
4,adsorption,4056.0,100.04749712482194,10.521764860755864,0.10516769697525395,19.106892661821913,1.0,0.5122642204496493,1.0256132110224825,0.03742823871428817
4,adsorption,4058.0,100.04749812969344,10.523660788536795,0.10518664619573771,19.181734111391624,1.0,0.5141639666463708,1.0257081983323186,0.03741321175633677
4,adsorption,4060.0,100.04749913420355,10.525555954148755,0.10520558779814969,19.2565455124504,1.0,0.5160629492975927,1.0258031474648797,0.03739819020311428
4,adsorption,4062.0,100.04750013835225,10.527450357866625,0.10522452178523778,19.33132687580626,1.0,0.5179611686785817,1.025898058433929,0.03738317405316859
4,adsorption,4064.0,100.0475011421398,10.529343999965237,0.10524344815974918,19.406078212264287,1.0,0.51985862506453,1.0259929312532265,0.037368163305047684
4,adsorption,4066.0,100.04750214556624,10.531236880719328,0.10526236692443039,19.48079953262669,1.0,0.5217553187305558,1.0260877659365277,0.037353157957299765
4,adsorption,4068.0,100.0475031486316,10.533129000403562,0.10528127808202706,19.55549084769276,1.0,0.5236512499517024,1.026182562497585,0.037338158008472754
4,adsorption,4070.0,100.04750415133606,10.535020359292547,0.10530018163528426,19.630152168258885,1.0,0.525546419002939,1.026277320950147,0.037323163457114755
4,adsorption,4072.0,100.04750515367967,10.536910957660796,0.10531907758694628,19.704783505118552,1.0,0.5274408261591601,1.026372041307958,0.037308174301773904
4,adsorption,4074.0,100.04750615566259,10.53880079578279,0.10533796593975674,19.779384869062348,1.0,0.5293344716951855,1.0264667235847593,0.037293190540997834
4,adsorption,4076.0,100.04750715728473,10.540689873932845,0.10535684669645815,19.853956270877948,1.0,0.531227355885761,1.026561367794288,0.03727821217333463
4,adsorption,4078.0,100.04750815854642,10.542578192385292,0.1053757198597925,19.928497721350123,1.0,0.5331194790055582,1.0266559739502779,0.037263239197332994
4,adsorption,4080.0,100.04750915944769,10.544465751414345,0.10539458543250112,20.003009231260744,1.0,0.5350108413291734,1.0267505420664587,0.03724827161154041
4,adsorption,4082.0,100.04751015998856,10.546352551294193,0.10541344341732489,20.077490811388785,1.0,0.5369014431311296,1.0268450721565565,0.03723330941450546
4,adsorption,4084.0,100.04751116016917,10.548238592298876,0.10543229381700336,20.1519424725103,1.0,0.5387912846858737,1.0269395642342938,0.03721835260477554
4,adsorption,4086.0,100.04751215998965,10.550123874702404,0.10545113663427544,20.226364225398445,1.0,0.5406803662677795,1.027034018313389,0.03720340118089918
4,adsorption,4088.0,100.04751315945,10.552008398778698,0.1054699718718796,20.300756080823486,1.0,0.5425686881511459,1.0271284344075573,0.03718845514142413
4,adsorption,4090.0,100.04751415855044,10.553892164801615,0.10548879953255327,20.375118049552764,1.0,0.5444562506101978,1.0272228125305098,0.03717351448489903
4,adsorption,4092.0,100.04751515729104,10.555775173044937,0.10550761961903332,20.449450142350738,1.0,0.5463430539190849,1.0273171526959541,0.037158579209871506
4,adsorption,4094.0,100.04751615567181,10.557657423782354,0.10552643213405583,20.523752369978943,1.0,0.5482290983518829,1.0274114549175941,0.03714364931488985
4,adsorption,4096.0,100.04751715369297,10.559538917287512,0.10554523708035603,20.59802474319602,1.0,0.5501143841825935,1.0275057192091297,0.037128724798502606
4,adsorption,4098.0,100.04751815135451,10.561419653833946,0.10556403446066849,20.672267272757708,1.0,0.5519989116851428,1.027599945584257,0.03711380565925726
4,adsorption,4100.0,100.04751914865658,10.563299633695147,0.10558282427772714,20.746479969416836,1.0,0.5538826811333837,1.0276941340566692,0.03709889189570255
4,adsorption,4102.0,100.04752014559932,10.56517885714453,0.105601606534265,20.820662843923337,1.0,0.5557656928010939,1.0277882846400548,0.03708398350638656
4,adsorption,4104.0,100.04752114218269,10.567057324455407,0.10562038123301443,20.89481590702423,1.0,0.5576479469619768,1.0278823973480988,0.037069080489857284
4,adsorption,4106.0,100.04752213840692,10.568935035901042,0.10563914837670697,20.96893916946365,1.0,0.5595294438896616,1.027976472194483,0.03705418284466311
4,adsorption,4108.0,100.04752313427205,10.57081199175462,0.10565790796807353,21.0430326419828,1.0,0.561410183857703,1.0280705091928852,0.03703929056935242
4,adsorption,4110.0,100.04752412977827,10.572688192289272,0.10567666000984433,21.117096335320003,1.0,0.5632901671395812,1.0281645083569793,0.0370244036624733
4,adsorption,4112.0,100.04752512492544,10.57456363777799,0.10569540450474857,21.19113026021067,1.0,0.5651693940087013,1.0282584697004353,0.03700952212257355
4,adsorption,4114.0,100.04752611971387,10.576438328493749,0.10571414145551487,21.265134427387306,1.0,0.5670478647383955,1.0283523932369198,0.036994645948202405
4,adsorption,4116.0,100.04752711414358,10.578312264709442,0.1057328708648712,21.33910884757952,1.0,0.5689255796019201,1.028446278980096,0.036979775137907345
4,adsorption,4118.0,100.04752810821478,10.58018544669789,0.1057515927355447,21.41305353151401,1.0,0.570802538872458,1.028540126943623,0.03696490969023706
4,adsorption,4120.0,100.04752910192737,10.582057874731802,0.10577030707026172,21.486968489914574,1.0,0.5726787428231171,1.028633937141156,0.03695004960373989
4,adsorption,4122.0,100.04753009528162,10.58392954908387,0.10578901387174795,21.560853733502107,1.0,0.5745541917269307,1.0287277095863465,0.036935194876963826
4,adsorption,4124.0,100.04753108827752,10.58580047002665,0.10580771314272817,21.634709272994602,1.0,0.5764288858568584,1.028821444292843,0.0369203455084575
4,adsorption,4126.0,100.04753208091518,10.587670637832646,0.10582640488592648,21.708535119107143,1.0,0.578302825485784,1.0289151412742892,0.036905501496768696
4,adsorption,4128.0,100.04753307319473,10.589540052774321,0.10584508910406633,21.782331282551908,1.0,0.5801760108865199,1.029008800544326,0.036890662840447355
4,adsorption,4130.0,100.04753406511628,10.591408715124041,0.10586376579987056,21.856097774038197,1.0,0.5820484423318008,1.02910242211659,0.03687582953804062
4,adsorption,4132.0,100.04753505667993,10.593276625154084,0.10588243497606088,21.929834604272376,1.0,0.583920120094288,1.0291960060047145,0.03686100158809707
4,adsorption,4134.0,100.04753604788569,10.595143783136667,0.1059010966353586,22.00354178395792,1.0,0.5857910444465694,1.0292895522223284,0.03684617898916574
4,adsorption,4136.0,100.0475370387338,10.59701018934394,0.10591975078048417,22.077219323795404,1.0,0.587661215661157,1.0293830607830579,0.03683136173979443
4,adsorption,4138.0,100.0475380292242,10.598875844047981,0.10593839741415742,22.150867234482494,1.0,0.5895306340104894,1.0294765317005246,0.036816549838531915
4,adsorption,4140.0,100.0475390193571,10.600740747520753,0.105957036539097,22.22448552671396,1.0,0.5913992997669305,1.0295699649883465,0.03680174328392658
4,adsorption,4142.0,100.04754000913255,10.602604900034187,0.10597566815802127,22.29807421118166,1.0,0.5932672132027696,1.0296633606601384,0.036786942074527075
4,adsorption,4144.0,100.04754099855066,10.60446830186012,0.1059942922736476,22.371633298574558,1.0,0.5951343745902218,1.0297567187295111,0.03677214620888183
4,adsorption,4146.0,100.04754198761152,10.606330953270326,0.10601290888869278,22.44516279957871,1.0,0.5970007842014279,1.0298500392100713,0.03675735568553957
4,adsorption,4148.0,100.04754297631517,10.608192854536494,0.10603151800587277,22.518662724877274,1.0,0.5988664423084539,1.0299433221154226,0.03674257050304855
4,adsorption,4150.0,100.04754396466187,10.610054005930246,0.1060501196279027,22.592133085150497,1.0,0.6007313491832919,1.0300365674591645,0.036727790659957696
4,adsorption,4152.0,100.04754495265158,10.611914407723127,0.10606871375749713,22.665573891075734,1.0,0.6025955050978594,1.030129775254893,0.03671301615481564
4,adsorption,4154.0,100.04754594028441,10.613774060186604,0.10608730039736977,22.738985153327416,1.0,0.6044589103239993,1.0302229455162,0.036698246986171135
4,adsorption,4156.0,100.0475469275605,10.615632963592088,0.10610587955023369,22.8123668825771,1.0,0.6063215651334803,1.030316078256674,0.03668348315257269
4,adsorption,4158.0,100.04754791447992,10.617491118210893,0.10612445121880112,22.88571908949342,1.0,0.6081834697979968,1.0304091734899,0.03666872465256907
4,adsorption,4160.0,100.04754890104279,10.61934852431427,0.1061430154057836,22.959041784742123,1.0,0.6100446245891682,1.0305022312294585,0.03665397148470879
4,adsorption,4162.0,100.04754988724915,10.62120518217338,0.10616157211389175,23.03233497898604,1.0,0.6119050297785406,1.030595251488927,0.036639223647540894
4,adsorption,4164.0,100.04755087309918,10.623061092059341,0.1061801213458357,23.105598682885102,1.0,0.6137646856375845,1.0306882342818793,0.036624481139613814
4,adsorption,4166.0,100.04755185859293,10.624916254243166,0.10619866310432473,23.17883290709634,1.0,0.6156235924376965,1.0307811796218849,0.03660974395947649
4,adsorption,4168.0,100.04755284373046,10.626770668995801,0.10621719739206728,23.25203766227389,1.0,0.6174817504501997,1.03087408752251,0.036595012105677956
4,adsorption,4170.0,100.04755382851197,10.628624336588137,0.10623572421177126,23.32521295906897,1.0,0.6193391599463416,1.030966957997317,0.03658028557676705
4,adsorption,4172.0,100.04755481293745,10.630477257290966,0.10625424356614369,23.398358808129906,1.0,0.6211958211972952,1.0310597910598647,0.036565564371292096
4,adsorption,4174.0,100.04755579700705,10.632329431375009,0.10627275545789072,23.47147522010212,1.0,0.62305173447416,1.031152586723708,0.03655084848780234
4,adsorption,4176.0,100.0475567807209,10.634180859110929,0.10629125988971805,23.544562205628132,1.0,0.6249069000479613,1.0312453450023982,0.03653613792484721
4,adsorption,4178.0,100.04755776407902,10.636031540769293,0.10630975686433042,23.61761977534756,1.0,0.6267613181896489,1.0313380659094824,0.03652143268097494
4,adsorption,4180.0,100.04755874708152,10.637881476620622,0.10632824638443203,23.690647939897115,1.0,0.6286149891700988,1.0314307494585049,0.036506732754734775
4,adsorption,4182.0,100.04755972972856,10.639730666935336,0.10634672845272607,23.763646709910613,1.0,0.6304679132601126,1.0315233956630057,0.036492038144675644
4,adsorption,4184.0,100.04756071202019,10.641579111983786,0.10636520307191515,23.836616096018965,1.0,0.6323200907304181,1.0316160045365208,0.03647734884934677
4,adsorption,4186.0,100.04756169395644,10.64342681203626,0.10638367024470119,23.90955610885018,1.0,0.6341715218516673,1.0317085760925833,0.03646266486729691
4,adsorption,4188.0,100.04756267553762,10.645273767362973,0.10640212997378516,23.98246675902936,1.0,0.636022206894439,1.031801110344722,0.03644798619707518
4,adsorption,4190.0,100.04756365676363,10.64711997823404,0.1064205822618675,24.055348057178723,1.0,0.6378721461292376,1.031893607306462,0.03643331283723091
4,adsorption,4192.0,100.0475646376346,10.648965444919533,0.10643902711164788,24.12820001391756,1.0,0.6397213398264928,1.0319860669913246,0.036418644786313153
4,adsorption,4194.0,100.04756561815064,10.650810167689423,0.10645746452582501,24.201022639862277,1.0,0.6415697882565599,1.032078489412828,0.03640398204287113
4,adsorption,4196.0,100.04756659831192,10.65265414681363,0.10647589450709709,24.27381594562638,1.0,0.6434174916897198,1.032170874584486,0.036389324605453875
4,adsorption,4198.0,100.0475675781185,10.654497382561988,0.10649431705816151,24.346579941820465,1.0,0.6452644503961792,1.032263222519809,0.03637467247261053
4,adsorption,4200.0,100.04756855757037,10.656339875204235,0.10651273218171475,24.41931463905223,1.0,0.6471106646460704,1.0323555332323036,0.036360025642890315
4,purge,4200.0,100.04756855757037,10.656339875204235,0.10651273218171475,24.41931463905223,1.0,0.6471106646460704,1.0323555332323036,0.036360025642890315
4,purge,4202.0,100.05350624005655,9.2048709027015,0.09199948356248927,24.39885821366005,1.0,0.5307345640822504,1.0265367282041125,-0.05400420428904559
4,purge,4204.0,100.0532909435067,10.590866751526166,0.10585225784833115,24.300251197597667,1.0,0.5346157630794924,1.0267307881539747,-0.049004728749949246
4,purge,4206.0,100.05307062836312,10.536569677178953,0.10530980819485254,24.207954724738553,1.0,0.5362526106692371,1.026812630533462,-0.04588205817276607
4,purge,4208.0,100.05307796101152,10.520009298938858,0.10514428454703087,24.115906776504414,1.0,0.5336973305375325,1.0266848665268766,-0.04603421771081279
4,purge,4210.0,100.05307858321046,10.519695945599846,0.10514115202213394,24.023814285172683,1.0,0.5313320536233527,1.0265666026811677,-0.046037283877238495
4,purge,4212.0,100.05307690236158,10.51736090988591,0.10511781581839255,23.931768502890957,1.0,0.5290040791525197,1.0264502039576262,-0.04601218831885375
4,purge,4214.0,100.05307552642887,10.515008118097754,0.1050943018270361,23.839764553217545,1.0,0.5266712845101339,1.0263335642255067,-0.0459916891464464
4,purge,4216.0,100.05307415210741,10.512684141534333,0.10507107583273499,23.747801695534875,1.0,0.5243396205160528,1.0262169810258026,-0.04597112990817628
4,purge,4218.0,100.05307277465243,10.510358902018535,0.10504783721826123,23.65588003958129,1.0,0.522009063783793,1.0261004531891897,-0.04595053104026728
4,purge,4220.0,100.05307139823242,10.50803456258647,0.10502460759812428,23.563999561677495,1.0,0.5196795425424748,1.0259839771271237,-0.04592994805041946
4,purge,4222.0,100.0530700224923,10.505711280142105,0.10500138854090513,23.472160239986533,1.0,0.5173510636205908,1.0258675531810295,-0.045909375175669793
4,purge,4224.0,100.05306864742487,10.50338904443886,0.10497817994420097,23.380362054095738,1.0,0.515023626596747,1.0257511813298374,-0.04588881233645202
4,purge,4226.0,100.05306727304557,10.501067852104502,0.10495498177429191,23.28860498351384,1.0,0.5126972306358312,1.0256348615317918,-0.04586825977432841
4,purge,4228.0,100.05306589935387,10.498747698502125,0.10493179398483506,23.196889007742662,1.0,0.5103718752096505,1.0255185937604825,-0.04584771749132574
4,purge,4230.0,100.05306452634791,10.496428582182013,0.10490861656134368,23.10521410627971,1.0,0.5080475598238056,1.0254023779911903,-0.04582718546302579
4,purge,4232.0,100.05306315402679,10.494110502693202,0.10488544949931251,23.013580258631794,1.0,0.5057242839681583,1.0252862141984078,-0.045806663677472395
4,purge,4234.0,100.05306178239026,10.49179345961691,0.10486229279455699,22.921987444416903,1.0,0.5034020471280956,1.0251701023564048,-0.04578615212842349
4,purge,4236.0,100.05306041143788,10.489477452458251,0.10483914644213237,22.830435643186956,1.0,0.5010808487865234,1.0250540424393262,-0.045765650810250844
4,purge,4238.0,100.05305904116923,10.487162480695025,0.10481601043682062,22.73892483436341,1.0,0.49876068842351357,1.0249380344211756,-0.04574515971692758
4,purge,4240.0,100.05305767158394,10.484848543813321,0.10479288477348674,22.647454997506802,1.0,0.4964415655227269,1.0248220782761364,-0.04572467884240905
4,purge,4242.0,100.05305630268163,10.4825356412984,0.10476976944698738,22.556026112185435,1.0,0.494123479568031,1.0247061739784016,-0.04570420818064448
4,purge,4244.0,100.05305493446178,10.480223772636377,0.10474666445218776,22.464638157979827,1.0,0.491806430043594,1.0245903215021797,-0.045683747725593214
4,purge,4246.0,100.05305356692418,10.477912937312642,0.10472356978394567,22.373291114482623,1.0,0.4894904164338908,1.0244745208216945,-0.04566329747121753
4,purge,4248.0,100.05305220006821,10.475603134813193,0.10470048543712546,22.281984961298527,1.0,0.4871754382237198,1.024358771911186,-0.04564285741146904
4,purge,4250.0,100.0530508338936,10.473294364624568,0.10467741140659625,22.190719678044346,1.0,0.48486149489818753,1.0242430747449094,-0.04562242754030057
4,purge,4252.0,100.05304946839995,10.470986626233497,0.10465434768722946,22.099495244348958,1.0,0.48254858594268607,1.0241274292971345,-0.04560200785168399
4,purge,4254.0,100.05304810358673,10.468679919127224,0.10463129427390168,22.008311639853293,1.0,0.4802367108429251,1.0240118355421464,-0.04558159833958425
4,purge,4256.0,100.05304673945368,10.466374242793226,0.10460825116149157,21.917168844210345,1.0,0.47792586908491325,1.0238962934542457,-0.04556119899797449
4,purge,4258.0,100.0530453760003,10.464069596719556,0.10458521834488375,21.826066837085143,1.0,0.4756160601549609,1.023780803007748,-0.04554080982083331
4,purge,4260.0,100.05304401322628,10.461765980394532,0.10456219581896539,21.735005598154764,1.0,0.47330728353967594,1.0236653641769837,-0.045520430802148
4,purge,4262.0,100.05304265113122,10.459463393306496,0.10453918357862392,21.643985107108303,1.0,0.4709995387259722,1.0235499769362988,-0.04550006193590767
4,purge,4264.0,100.0530412897146,10.457161834944149,0.10451618161875045,21.55300534364688,1.0,0.4686928252010663,1.0234346412600532,-0.04547970321610584
4,purge,4266.0,100.05303992897605,10.4548613047965,0.10449318993423906,21.462066287483623,1.0,0.4663871424524772,1.0233193571226238,-0.045459354636740175
4,purge,4268.0,100.05303856891527,10.452561802352863,0.1044702085199868,21.371167918343662,1.0,0.46408248996802653,1.0232041244984014,-0.0454390161918125
4,purge,4270.0,100.05303720953178,10.450263327102832,0.10444723737089376,21.28031021596411,1.0,0.4617788672358377,1.0230889433617918,-0.04541868787532876
4,purge,4272.0,100.05303585082522,10.447965878536339,0.10442427648186314,21.18949316009408,1.0,0.45947627374433664,1.0229738136872168,-0.045398369681298976
4,purge,4274.0,100.05303449279513,10.44566945614363,0.10440132584780153,21.09871673049464,1.0,0.4571747089822497,1.0228587354491125,-0.045378061603737994
4,purge,4276.0,100.05303313544114,10.443374059415245,0.10437838546361823,21.007980906938837,1.0,0.4548741724386037,1.0227437086219302,-0.04535776363666583
4,purge,4278.0,100.05303177876284,10.44107968784202,0.10435545532422569,20.917285669211672,1.0,0.452574663602727,1.0226287331801363,-0.045337475774106295
4,purge,4280.0,100.05303042275992,10.438786340915101,0.10433253542453924,20.82663099711009,1.0,0.4502761819642487,1.0225138090982124,-0.04531719801008781
4,purge,4282.0,100.05302906743178,10.436494018125906,0.1043096257594772,20.73601687044298,1.0,0.44797872701309793,1.022398936350655,-0.04529693033864314
4,purge,4284.0,100.05302771277827,10.434202718966173,0.10428672632396079,20.64544326903115,1.0,0.44568229823950406,1.0222841149119752,-0.045276672753809845
4,purge,4286.0,100.05302635879883,10.431912442927935,0.10426383711291441,20.554910172707345,1.0,0.4433868951339972,1.0221693447567,-0.045256425249629015
4,purge,4288.0,100.0530250054931,10.429623189503499,0.10424095812126513,20.464417561316203,1.0,0.4410925171874064,1.0220546258593703,-0.045236187820147065
4,purge,4290.0,100.05302365286062,10.4273349581855,0.10421808934394329,20.373965414714288,1.0,0.4387991638908609,1.021939958194543,-0.045215960459414235
4,purge,4292.0,100.05302230090112,10.425047748466858,0.10419523077588198,20.283553712770047,1.0,0.43650683473578905,1.0218253417367895,-0.045195743161485426
4,purge,4294.0,100.05302094961415,10.422761559840815,0.10417238241201762,20.19318243536381,1.0,0.43421552921391887,1.021710776460696,-0.04517553592041942
4,purge,4296.0,100.05301959899927,10.420476391800886,0.1041495442472894,20.102851562387787,1.0,0.431925246817276,1.0215962623408639,-0.0451553387302804
4,purge,4298.0,100.05301824905612,10.418192243840874,0.10412671627663925,20.01256107374606,1.0,0.4296359870381866,1.0214817993519094,-0.04513515158513562
4,purge,4300.0,100.05301689978427,10.415909115454909,0.10410389849501248,19.92231094935457,1.0,0.4273477493692731,1.0213673874684637,-0.04511497447905832
4,purge,4302.0,100.05301555118339,10.413627006137377,0.10408109089735687,19.8321011691411,1.0,0.4250605333034588,1.021253026665173,-0.045094807406124156
4,purge,4304.0,100.05301420325306,10.411345915383013,0.10405829347862372,19.74193171304529,1.0,0.4227743383339628,1.021138716916698,-0.04507465036041478
4,purge,4306.0,100.05301285599285,10.409065842686818,0.10403550623376705,19.651802561018606,1.0,0.4204891639543042,1.0210244581977155,-0.04505450333601478
4,purge,4308.0,100.0530115094024,10.40678678754411,0.10401272915774397,19.561713693024334,1.0,0.41820500965829754,1.0209102504829148,-0.04503436632701456
4,purge,4310.0,100.0530101634812,10.404508749450475,0.10398996224551435,19.471665089037586,1.0,0.41592187494005456,1.0207960937470026,-0.04501423932750909
4,purge,4312.0,100.05300881822905,10.402231727901809,0.10396720549204097,19.381656729045275,1.0,0.41363975929398705,1.0206819879646993,-0.04499412233159554
4,purge,4314.0,100.05300747364544,10.399955722394296,0.10394445889228972,19.29168859304611,1.0,0.41135866221480105,1.02056793311074,-0.04497401533337735
4,purge,4316.0,100.05300612973005,10.39768073242443,0.1039217224412294,19.201760661050603,1.0,0.4090785831975006,1.020453929159875,-0.044953918326961516
4,purge,4318.0,100.0530047864824,10.395406757488987,0.10389899613383177,19.11187291308103,1.0,0.4067995217373858,1.0203399760868692,-0.04493383130645958
4,purge,4320.0,100.05300344390209,10.393133797085046,0.10387627996507161,19.022025329171445,1.0,0.40452147733005334,1.0202260738665028,-0.04491375426598728
4,purge,4322.0,100.05300210198881,10.390861850709976,0.1038535739299264,18.93221788936768,1.0,0.4022444494713958,1.0201122224735697,-0.04489368719966487
4,purge,4324.0,100.05300076074212,10.388590917861467,0.10383087802337707,18.84245057372731,1.0,0.39996843765760204,1.0199984218828801,-0.04487363010161652
4,purge,4326.0,100.05299942016164,10.386320998037467,0.10380819224040695,18.752723362319646,1.0,0.3976934413851556,1.0198846720692578,-0.044853582965971514
4,purge,4328.0,100.05299808024685,10.384052090736223,0.10378551657600267,18.663036235225764,1.0,0.3954194601508363,1.0197709730075417,-0.04483354578686289
4,purge,4330.0,100.05299674099766,10.381784195456305,0.10376285102515347,18.573389172538448,1.0,0.3931464934517189,1.019657324672586,-0.04481351855842816
4,purge,4332.0,100.05299540241339,10.379517311696526,0.10374019558285169,18.483782154362213,1.0,0.3908745407851735,1.0195437270392587,-0.04479350127480888
4,purge,4334.0,100.05299406449382,10.377251438956053,0.10371755024409275,18.394215160813275,1.0,0.3886036016488645,1.0194301800824432,-0.04477349393015114
4,purge,4336.0,100.05299272723842,10.3749865767343,0.1036949150038749,18.304688172019567,1.0,0.3863336755407514,1.0193166837770375,-0.044753496518605204
4,purge,4338.0,100.05299139064688,10.372722724531002,0.10367228985719923,18.21520116812071,1.0,0.38406476195908784,1.0192032380979543,-0.04473350903432566
4,purge,4340.0,100.05299005471879,10.370459881846177,0.10364967479906989,18.125754129268014,1.0,0.3817968604024207,1.019089843020121,-0.04471353147147209
4,purge,4342.0,100.05298871945382,10.368198048180144,0.10362706982449393,18.036347035624466,1.0,0.37952997036959263,1.0189764985184797,-0.04469356382420706
4,purge,4344.0,100.05298738485156,10.365937223033496,0.10360447492848117,17.946979867364718,1.0,0.3772640913597381,1.018863204567987,-0.04467360608669859
4,purge,4346.0,100.05298605091153,10.363677405907124,0.10358189010604452,17.85765260467509,1.0,0.37499922287228654,1.0187499611436144,-0.04465365825311821
4,purge,4348.0,100.05298471763342,10.361418596302213,0.10355931535219969,17.768365227753545,1.0,0.37273536440695965,1.0186367682203479,-0.04463372031764232
4,purge,4350.0,100.05298338501683,10.35916079372025,0.10353675066196534,17.6791177168097,1.0,0.37047251546377336,1.0185236257731887,-0.04461379227445071
4,purge,4352.0,100.05298205306134,10.356903997663007,0.10351419603036326,17.5899100520648,1.0,0.3682106755430354,1.0184105337771518,-0.04459387411772829
4,purge,4354.0,100.0529807217666,10.354648207632557,0.10349165145241793,17.500742213751714,1.0,0.36594984414534615,1.0182974922072674,-0.04457396584166427
4,purge,4356.0,100.0529793911322,10.352393423131232,0.10346911692315656,17.41161418211494,1.0,0.36369002077159857,1.01818450103858,-0.04455406744045185
4,purge,4358.0,100.05297806115772,10.350139643661684,0.10344659243760967,17.322525937410578,1.0,0.36143120492297964,1.018071560246149,-0.044534178908287377
4,purge,4360.0,100.05297673184288,10.347886868726897,0.1034240779908108,17.23347745990632,1.0,0.3591733961009646,1.0179586698050482,-0.044514300239374
4,purge,4362.0,100.05297540318715,10.345635097830035,0.10340157357779567,17.144468729881478,1.0,0.3569165938073233,1.017845829690366,-0.0444944314279173
4,purge,4364.0,100.0529740751903,10.34338433047464,0.10337907919360334,17.05549972762691,1.0,0.354660797544117,1.0177330398772058,-0.04447457246812691
4,purge,4366.0,100.05297274785187,10.341134566164529,0.103356594833276,16.966570433445085,1.0,0.35240600681369755,1.017620300340685,-0.04445472335421754
4,purge,4368.0,100.05297142117134,10.33888580440377,0.10333412049185826,16.87768082765001,1.0,0.350152221118708,1.0175076110559353,-0.04443488408040796
4,purge,4370.0,100.05297009514855,10.336638044696784,0.10331165616439801,16.788830890567272,1.0,0.34789943996208306,1.0173949719981041,-0.04441505464092064
4,purge,4372.0,100.05296876978294,10.334391286548236,0.10328920184594595,16.700020602534,1.0,0.3456476628470473,1.0172823831423523,-0.04439523502998307
4,purge,4374.0,100.05296744507422,10.332145529463105,0.10326675753155559,16.611249943898855,1.0,0.3433968892771158,1.0171698444638557,-0.04437542524182678
4,purge,4376.0,100.05296612102202,10.329900772946646,0.10324432321628334,16.52251889502205,1.0,0.3411471187560945,1.0170573559378047,-0.04435562527068726
4,purge,4378.0,100.05296479762585,10.327657016504379,0.1032218988951884,16.4338274362753,1.0,0.3388983507880793,1.0169449175394039,-0.044335835110804155
4,purge,4380.0,100.05296347488553,10.325414259642166,0.10319948456333296,16.345175548041865,1.0,0.3366505848774563,1.016832529243873,-0.04431605475642137
4,purge,4382.0,100.05296215280033,10.323172501866104,0.10317708021578224,16.25656321071649,1.0,0.3344038205289007,1.016720191026445,-0.04429628420178717
4,purge,4384.0,100.05296083137021,10.32093174268264,0.10315468584760416,16.167990404705417,1.0,0.3321580572473768,1.016607902862369,-0.04427652344115442
4,purge,4386.0,100.05295951059462,10.318691981598457,0.10313230145386962,16.0794571104264,1.0,0.32991329453813906,1.016495664726907,-0.04425677246877946
4,purge,4388.0,100.05295819047315,10.316453218120527,0.10310992702965219,15.990963308308656,1.0,0.32766953190673076,1.0163834765953366,-0.04423703127892306
4,purge,4390.0,100.05295687100553,10.314215451756144,0.10308756257002849,15.902508978792884,1.0,0.32542676885898375,1.0162713384429491,-0.04421729986585031
4,purge,4392.0,100.0529555521913,10.311978682012874,0.10306520807007809,15.814094102331257,1.0,0.3231850049010187,1.016159250245051,-0.04419757822383052
4,purge,4394.0,100.05295423403001,10.309742908398547,0.10304286352488329,15.725718659387386,1.0,0.32094423953924445,1.0160472119769621,-0.04417786634713706
4,purge,4396.0,100.05295291652149,10.307508130421331,0.10302052892952927,15.637382630436342,1.0,0.3187044722803581,1.015935223614018,-0.044158164230047495
4,purge,4398.0,100.05295159966516,10.305274347589624,0.10299820427910408,15.549085995964639,1.0,0.3164657026313448,1.0158232851315672,-0.044138471866843776
4,purge,4400.0,100.05295028346076,10.30304155941215,0.10297588956869867,15.46082873647022,1.0,0.31422793009947775,1.0157113965049742,-0.0441187892518117
4,purge,4402.0,100.05294896790777,10.300809765397915,0.102953584793407,15.37261083246245,1.0,0.31199115419231715,1.015599557709616,-0.04409911637924163
4,purge,4404.0,100.05294765300592,10.29857896505618,0.10293128994832544,15.284432264462115,1.0,0.3097553744177111,1.0154877687208856,-0.044079453243427595
4,purge,4406.0,100.05294633875482,10.296349157896527,0.10290900502855364,15.196293013001405,1.0,0.3075205902837945,1.0153760295141898,-0.04405979983866832
4,purge,4408.0,100.05294502515406,10.294120343428816,0.10288673002919402,15.108193058623906,1.0,0.3052868012989895,1.0152643400649497,-0.04404015615926628
4,purge,4410.0,100.05294371220326,10.291892521163174,0.10286446494535165,15.020132381884597,1.0,0.3030540069720047,1.0151527003486003,-0.04402052219952825
4,purge,4412.0,100.05294239990205,10.289665690610043,0.10284220977213475,14.932110963349846,1.0,0.3008222068118355,1.0150411103405919,-0.04400089795376519
4,purge,4414.0,100.05294108825004,10.287439851280128,0.10281996450465421,14.84412878359738,1.0,0.29859140032776327,1.0149295700163883,-0.04398128341629223
4,purge,4416.0,100.05293977724689,10.285215002684446,0.10279772913802389,14.756185823216303,1.0,0.2963615870293558,1.0148180793514678,-0.04396167858142851
4,purge,4418.0,100.05293846689217,10.282991144334256,0.10277550366736034,14.668282062807075,1.0,0.2941327664264663,1.0147066383213232,-0.04394208344349774
4,purge,4420.0,100.05293715718555,10.280768275741138,0.10275328808778303,14.580417482981503,1.0,0.29190493802923445,1.0145952469014616,-0.043922497996827174
4,purge,4422.0,100.05293584812655,10.278546396416948,0.10273108239441442,14.492592064362738,1.0,0.28967810134808475,1.0144839050674042,-0.04390292223574859
4,purge,4424.0,100.05293453971498,10.276325505873809,0.10270888658237932,14.404805787585262,1.0,0.2874522558937272,1.0143726127946864,-0.04388335615459802
4,purge,4426.0,100.05293323195022,10.274105603624125,0.10268670064680584,14.317058633294874,1.0,0.2852274011771573,1.0142613700588579,-0.043863799747714746
4,purge,4428.0,100.05293192483204,10.271886689180628,0.10266452458282492,14.229350582148697,1.0,0.2830035367096546,1.0141501768354828,-0.04384425300944329
4,purge,4430.0,100.05293061836007,10.269668762056304,0.10264235838557018,14.141681614815163,1.0,0.28078066200278395,1.0140390331001392,-0.04382471593413178
4,purge,4432.0,100.0529293125339,10.267451821764412,0.10262020205017806,14.054051711973996,1.0,0.2785587765683944,1.0139279388284197,-0.04380518851613227
4,purge,4434.0,100.0529280073531,10.265235867818506,0.10259805557178792,13.966460854316221,1.0,0.27633787991861936,1.013816893995931,-0.04378567074980131
4,purge,4436.0,100.05292670281746,10.263020899732458,0.102575918945542,13.878909022544141,1.0,0.27411797156587564,1.013705898578294,-0.04376616262949977
4,purge,4438.0,100.0529253989264,10.260806917020325,0.10255379216658493,13.79139619737133,1.0,0.2718990510228653,1.0135949525511432,-0.04374666414959166
4,purge,4440.0,100.05292409567957,10.258593919196551,0.10253167523006489,13.703922359522636,1.0,0.26968111780257337,1.0134840558901286,-0.04372717530444546
4,purge,4442.0,100.05292279307676,10.256381905775838,0.10250956813113245,13.616487489734158,1.0,0.26746417141826684,1.0133732085709133,-0.043707696088435
4,purge,4444.0,100.05292149111742,10.254170876273104,0.10248747086494076,13.529091568753254,1.0,0.2652482113834974,1.0132624105691748,-0.043688226495937066
4,purge,4446.0,100.05292018980134,10.251960830203629,0.10246538342664625,13.441734577338519,1.0,0.26303323721210053,1.0131516618606051,-0.043668766521331934
4,purge,4448.0,100.05291888912797,10.249751767082923,0.10244330581140787,13.354416496259777,1.0,0.2608192484181935,1.0130409624209096,-0.04364931615900463
4,purge,4450.0,100.05291758909705,10.24754368642682,0.10242123801438763,13.26713730629809,1.0,0.25860624451617564,1.0129303122258089,-0.04362987540334481
4,purge,4452.0,100.05291628970814,10.245336587751403,0.10239918003075019,13.179896988245726,1.0,0.25639422502072956,1.0128197112510364,-0.04361044424874547
4,purge,4454.0,100.05291499096091,10.243130470573057,0.1023771318556631,13.09269552290617,1.0,0.2541831894468196,1.012709159472341,-0.04359102268960413
4,purge,4456.0,100.05291369285496,10.24092533440843,0.1023550934842966,13.005532891094104,1.0,0.2519731373096925,1.0125986568654846,-0.043571610720321896
4,purge,4458.0,100.05291239538995,10.238721178774467,0.10233306491182387,12.918409073635408,1.0,0.24976406812487617,1.012488203406244,-0.04355220833530475
4,purge,4460.0,100.05291109856543,10.23651800318837,0.10231104613342071,12.83132405136714,1.0,0.24755598140818103,1.012377799070409,-0.043532815528961606
4,purge,4462.0,100.05290980238112,10.234315807167652,0.10228903714426593,12.744277805137537,1.0,0.2453488766756978,1.0122674438337849,-0.04351343229570645
4,purge,4464.0,100.05290850683659,10.232114590230081,0.102267037939541,12.657270315806011,1.0,0.24314275344379935,1.01215713767219,-0.04349405862995674
4,purge,4466.0,100.05290721193144,10.229914351893711,0.10224504851443018,12.570301564243128,1.0,0.24093761122913868,1.0120468805614569,-0.04347469452613439
4,purge,4468.0,100.0529059176654,10.227715091676886,0.10222306886412057,12.483371531330604,1.0,0.23873344954865014,1.0119366724774326,-0.04345533997866499
4,purge,4470.0,100.05290462403799,10.225516809098213,0.10220109898380206,12.396480197961312,1.0,0.23653026791954912,1.0118265133959774,-0.0434359949819779
4,purge,4472.0,100.05290333104894,10.223319503676612,0.10217913886866749,12.309627545039252,1.0,0.23432806585932986,1.0117164032929664,-0.04341665953050773
4,purge,4474.0,100.05290203869781,10.221123174931238,0.10215718851391217,12.222813553479547,1.0,0.2321268428857685,1.0116063421442885,-0.04339733361869152
4,purge,4476.0,100.05290074698419,10.218927822381554,0.10213524791473448,12.136038204208457,1.0,0.22992659851691985,1.011496329925846,-0.043378017240971664
4,purge,4478.0,100.0528994559077,10.216733445547293,0.10211331706633552,12.049301478163338,1.0,0.22772733227111905,1.0113863666135559,-0.04335871039179389
4,purge,4480.0,100.05289816546819,10.214540043948483,0.10209139596391904,11.962603356292655,1.0,0.22552904366698026,1.011276452183349,-0.043339413065608484
4,purge,4482.0,100.05289687566507,10.21234761710539,0.10206948460269163,11.875943819555971,1.0,0.22333173222339753,1.01116658661117,-0.04332012525686935
4,purge,4484.0,100.05289558649797,10.210156164538578,0.10204758297786265,11.789322848923941,1.0,0.22113539745954391,1.011056769872977,-0.043300846960034556
4,purge,4486.0,100.05289429796656,10.2079656857689,0.10202569108464422,11.702740425378291,1.0,0.21894003889487199,1.0109470019447435,-0.04328157816956566
4,purge,4488.0,100.05289301007055,10.205776180317493,0.10200380891825146,11.616196529911825,1.0,0.21674565604911214,1.0108372828024557,-0.04326231887992904
4,purge,4490.0,100.05289172280949,10.203587647705747,0.10198193647390195,11.529691143528408,1.0,0.2145522484422738,1.0107276124221136,-0.043243069085594596
4,purge,4492.0,100.05289043618305,10.20140008745535,0.10196007374681623,11.443224247242963,1.0,0.2123598155946447,1.0106179907797321,-0.04322382878103638
4,purge,4494.0,100.05288915019081,10.19921349908825,0.1019382207322176,11.356795822081457,1.0,0.21016835702679054,1.0105084178513395,-0.043204597960732526
4,purge,4496.0,100.05288786483236,10.197027882126676,0.10191637742533202,11.270405849080907,1.0,0.20797787225955516,1.0103988936129777,-0.04318537661916514
4,purge,4498.0,100.05288658010748,10.194843236093151,0.10189454382138825,11.184054309289351,1.0,0.20578836081406024,1.010289418040703,-0.04316616475082004
4,purge,4500.0,100.05288529601576,10.192659560510453,0.10187271991561786,11.097741183765855,1.0,0.2035998222117045,1.0101799911105853,-0.04314696235018759
4,purge,4502.0,100.05288401255677,10.190476854901641,0.10185090570325511,11.011466453580498,1.0,0.20141225597416487,1.0100706127987082,-0.04312776941176136
4,purge,4504.0,100.05288272973013,10.188295118790066,0.10182910117953725,10.925230099814375,1.0,0.19922566162339486,1.0099612830811697,-0.043108585930039495
4,purge,4506.0,100.0528814475355,10.186114351699334,0.101807306339704,10.83903210355957,1.0,0.19704003868162479,1.0098520019340813,-0.04308941189952406
4,purge,4508.0,100.0528801659725,10.183934553153337,0.10178552117899795,10.752872445919168,1.0,0.1948553866713618,1.009742769333568,-0.04307024731472118
4,purge,4510.0,100.05287888504083,10.181755722676243,0.10176374569266437,10.666751108007237,1.0,0.19267170511538986,1.0096335852557694,-0.04305109217014065
4,purge,4512.0,100.05287760474006,10.179577859792488,0.10174197987595134,10.580668070948818,1.0,0.19048899353676924,1.0095244496768385,-0.04303194646029635
4,purge,4514.0,100.05287632506983,10.17740096402678,0.10172022372410969,10.494623315879917,1.0,0.18830725145883656,1.0094153625729418,-0.04301281017970583
4,purge,4516.0,100.05287504602977,10.175225034904145,0.10169847723239324,10.40861682394751,1.0,0.18612647840520408,1.0093063239202602,-0.04299368332289101
4,purge,4518.0,100.05287376761954,10.173050071949824,0.10167674039605809,10.322648576309518,1.0,0.1839466738997593,1.009197333694988,-0.042974565884378105
4,purge,4520.0,100.05287248983878,10.170876074689364,0.1016550132103634,10.23671855413481,1.0,0.18176783746666594,1.0090883918733333,-0.04295545785869677
4,purge,4522.0,100.05287121268707,10.168703042648572,0.10163329567057083,10.15082673860319,1.0,0.17958996863036317,1.0089794984315181,-0.04293635924038053
4,purge,4524.0,100.05286993616413,10.166530975353542,0.10161158777194504,10.064973110905388,1.0,0.1774130669155651,1.0088706533457783,-0.04291727002396699
4,purge,4526.0,100.05286866026948,10.164359872330628,0.10158988950975321,9.97915765224306,1.0,0.1752371318472611,1.0087618565923633,-0.04289819020399755
4,purge,4528.0,100.0528673850029,10.162189733106493,0.10156820087926556,9.893380343828774,1.0,0.1730621629507148,1.0086531081475358,-0.04287911977501793
4,purge,4530.0,100.05286611036385,10.16002055720802,0.1015465218757547,9.807641166885999,1.0,0.17088815975146468,1.0085444079875732,-0.04286005873157751
4,purge,4532.0,100.05286483635213,10.157852344162414,0.10152485249449618,9.721940102649102,1.0,0.16871512177532338,1.0084357560887662,-0.04284100706822978
4,purge,4534.0,100.0528635629673,10.155685093497125,0.10150319273076817,9.636277132363345,1.0,0.16654304854837798,1.0083271524274189,-0.042821964779532096
4,purge,4536.0,100.05286229020896,10.153518804739878,0.10148154257985167,9.550652237284867,1.0,0.1643719395969895,1.0082185969798494,-0.04280293186004553
4,purge,4538.0,100.05286101807684,10.151353477418686,0.10145990203703034,9.46506539868068,1.0,0.16220179444779256,1.0081100897223896,-0.04278390830433541
4,purge,4540.0,100.05285974657049,10.149189111061816,0.10143827109759047,9.379516597828662,1.0,0.16003261262769555,1.0080016306313848,-0.04276489410697072
4,purge,4542.0,100.05285847568963,10.14702570519782,0.10141664975682126,9.294005816017552,1.0,0.1578643936638801,1.007893219683194,-0.04274588926252458
4,purge,4544.0,100.05285720543382,10.144863259355516,0.1013950380100145,9.208533034546935,1.0,0.15569713708380134,1.00778485685419,-0.04272689376557365
4,purge,4546.0,100.05285593580277,10.142701773063996,0.10137343585246474,9.12309823472724,1.0,0.15353084241518714,1.0076765421207594,-0.04270790761069884
4,purge,4548.0,100.05285466679594,10.140541245852617,0.10135184327946926,9.037701397879731,1.0,0.15136550918603806,1.0075682754593018,-0.042688930792484925
4,purge,4550.0,100.05285339841323,10.138381677251042,0.10133026028632812,8.952342505336498,1.0,0.14920113692462744,1.0074600568462313,-0.04266996330552056
4,purge,4552.0,100.0528521306541,10.136223066789158,0.10130868686834396,8.867021538440452,1.0,0.14703772515950092,1.0073518862579751,-0.042651005144398346
4,purge,4554.0,100.05285086351834,10.134065413997153,0.10128712302082214,8.781738478545313,1.0,0.14487527341947645,1.007243763670974,-0.04263205630371463
4,purge,4556.0,100.05284959700536,10.131908718405452,0.10126556873907072,8.696493307015603,1.0,0.1427137812336442,1.0071356890616823,-0.04261311677806956
4,purge,4558.0,100.05284833111506,10.1297529795448,0.10124402401840056,8.61128600522664,1.0,0.14055324813136563,1.0070276624065684,-0.04259418656206759
4,purge,4560.0,100.05284706584683,10.127598196946177,0.10122248885412524,8.526116554564533,1.0,0.1383936736422746,1.0069196836821137,-0.04257526565031647
4,purge,4562.0,100.05284580120049,10.125444370140855,0.10120096324156092,8.440984936426164,1.0,0.13623505729627539,1.0068117528648137,-0.042556354037428475
4,purge,4564.0,100.05284453717562,10.123291498660354,0.10117944717602652,8.355891132219197,1.0,0.1340773986235445,1.0067038699311772,-0.042537451718019245
4,purge,4566.0,100.05284327377184,10.121139582036484,0.10115794065284371,8.270835123362055,1.0,0.13192069715452892,1.0065960348577265,-0.042518558686708535
4,purge,4568.0,100.05284201098881,10.118988619801309,0.10113644366733672,8.185816891283915,1.0,0.1297649524199467,1.0064882476209973,-0.04249967493811988
4,purge,4570.0,100.05284074882614,10.116838611487184,0.1011149562148327,8.10083641742471,1.0,0.12761016395078648,1.0063805081975392,-0.04248080046688072
4,purge,4572.0,100.0528394872836,10.114689556626718,0.10109347829066125,8.015893683235106,1.0,0.1254563312783069,1.0062728165639157,-0.042461935267622715
4,purge,4574.0,100.05283822636065,10.112541454752767,0.10107200989015463,7.930988670176508,1.0,0.1233034539340383,1.006165172696702,-0.04244307933498029
4,purge,4576.0,100.05283696605706,10.110394305398513,0.10105055100864824,7.846121359721048,1.0,0.12115153144977914,1.006057576572489,-0.042424232663593214
4,purge,4578.0,100.05283570637236,10.10824810809736,0.10102910164147967,7.76129173335157,1.0,0.11900056335759927,1.00595002816788,-0.04240539524810397
4,purge,4580.0,100.0528344473063,10.106102862382984,0.10100766178398925,7.676499772561636,1.0,0.11685054918983732,1.0058425274594918,-0.04238656708315959
4,purge,4582.0,100.05283318885847,10.103958567789347,0.1009862314315202,7.5917454588555024,1.0,0.11470148847910236,1.005735074423955,-0.042367748163410206
4,purge,4584.0,100.05283193102858,10.10181522385068,0.10096481057941836,7.507028773748129,1.0,0.11255338075827198,1.0056276690379136,-0.042348938483510415
4,purge,4586.0,100.05283067381615,10.099672830101467,0.1009433992230322,7.422349698765156,1.0,0.11040622556049323,1.0055203112780247,-0.04233013803811839
4,purge,4588.0,100.05282941722086,10.097531386076472,0.10092199735771297,7.337708215442908,1.0,0.10826002241918191,1.005413001120959,-0.04231134682189627
4,purge,4590.0,100.05282816124246,10.095390891310736,0.10090060497881452,7.253104305328379,1.0,0.10611477086802275,1.0053057385434012,-0.042292564829509834
4,purge,4592.0,100.05282690588054,10.093251345339546,0.10087922208169335,7.168537949979232,1.0,0.10397047044096866,1.0051985235220486,-0.042273792055629075
4,purge,4594.0,100.0528256511346,10.091112747698457,0.10085784866170867,7.084009130963778,1.0,0.1018271206722411,1.005091356033612,-0.04225502849492748
4,purge,4596.0,100.0528243970045,10.088975097923301,0.10083648471422219,6.9995178298609835,1.0,0.09968472109632963,1.0049842360548165,-0.042236274142082565
4,purge,4598.0,100.05282314348977,10.086838395550174,0.10081513023459852,6.915064028260455,1.0,0.09754327124799189,1.0048771635623996,-0.042217528991775416
4,purge,4600.0,100.05282189059002,10.084702640115433,0.10079378521820483,6.830647707762432,1.0,0.09540277066225364,1.004770138533113,-0.042198793038690785
4,purge,4602.0,100.052820638305,10.082567831155728,0.10077244966041107,6.746268849977785,1.0,0.09326321887440762,1.0046631609437204,-0.04218006627751773
4,purge,4604.0,100.05281938663428,10.080433968207942,0.10075112355658968,6.661927436527991,1.0,0.09112461542001411,1.0045562307710008,-0.042161348702948805
4,purge,4606.0,100.05281813557754,10.078301050809246,0.1007298069021159,6.577623449045153,1.0,0.08898695983490057,1.0044493479917451,-0.04214264030968061
4,purge,4608.0,100.05281688513438,10.076169078497056,0.10070849969236749,6.493356869171968,1.0,0.08685025165516172,1.004342512582758,-0.04212394109241321
4,purge,4610.0,100.05281563530457,10.07403805080909,0.10068720192272503,6.409127678561731,1.0,0.08471449041715874,1.004235724520858,-0.042105251045850806
4,purge,4612.0,100.05281438608755,10.071907967283284,0.10066591358857162,6.324935858878324,1.0,0.08257967565752,1.004128983782876,-0.042086570164700875
4,purge,4614.0,100.05281313748314,10.06977882745788,0.10064463468529306,6.24078139179621,1.0,0.08044580691313927,1.004022290345657,-0.04206789844367556
4,purge,4616.0,100.05281188949093,10.067650630871357,0.10062336520827775,6.156664259000426,1.0,0.07831288372117769,1.0039156441860588,-0.042049235877489904
4,purge,4618.0,100.05281064211054,10.065523377062481,0.10060210515291682,6.072584442186577,1.0,0.07618090561906196,1.0038090452809534,-0.0420305824608632
4,purge,4620.0,100.05280939534164,10.063397065570264,0.10058085451460401,5.98854192306082,1.0,0.07404987214448469,1.0037024936072243,-0.04201193818851834
4,purge,4622.0,100.05280814918393,10.061271695934005,0.10055961328873575,5.904536683339867,1.0,0.0719197828354042,1.0035959891417703,-0.041993303055182035
4,purge,4624.0,100.05280690363699,10.05914726769325,0.10053838147071109,5.820568704750967,1.0,0.06979063723004404,1.0034895318615022,-0.04197467705558498
4,purge,4626.0,100.05280565870044,10.057023780387802,0.10051715905593156,5.73663796903191,1.0,0.06766243486689341,1.0033831217433447,-0.041956060184461325
4,purge,4628.0,100.052804414374,10.05490123355776,0.10049594603980169,5.652744457931012,1.0,0.06553517528470675,1.0032767587642353,-0.041937452436549
4,purge,4630.0,100.05280317065728,10.052779626743463,0.10047474241772833,5.56888815320711,1.0,0.06340885802250265,1.0031704429011254,-0.04191885380659014
4,purge,4632.0,100.05280192754992,10.050658959485506,0.10045354818512103,5.485069036629552,1.0,0.06128348261956536,1.0030641741309783,-0.04190026428933006
4,purge,4634.0,100.05280068505161,10.048539231324774,0.10043236333739208,5.401287089978191,1.0,0.059159048615442904,1.0029579524307721,-0.04188168387951835
4,purge,4636.0,100.05279944316204,10.0464204418024,0.10041118786995626,5.317542295043378,1.0,0.057035555549948054,1.0028517777774975,-0.04186311257190808
4,purge,4638.0,100.05279820188073,10.044302590459761,0.10039002177823102,5.233834633625953,1.0,0.054913002963157896,1.002745650148158,-0.04184455036125591
4,purge,4640.0,100.05279696120743,10.042185676838535,0.10036886505763654,5.1501640875372425,1.0,0.052791390395413584,1.0026395695197707,-0.04182599724232224
4,purge,4642.0,100.0527957211417,10.04006970048064,0.10034771770359555,5.066530638599043,1.0,0.05067071738731965,1.0025335358693659,-0.04180745320987153
4,purge,4644.0,100.05279448168332,10.037954660928266,0.10032657971153336,4.982934268643621,1.0,0.04855098347974407,1.0024275491739871,-0.04178891825867204
4,purge,4646.0,100.05279324283184,10.035840557723864,0.10030545107687805,4.899374959513706,1.0,0.04643218821381901,1.002321609410691,-0.04177039238349529
4,purge,4648.0,100.05279200458689,10.033727390410137,0.10028433179506017,4.8158526930624745,1.0,0.044314331130938744,1.0022157165565468,-0.04175187557911726
4,purge,4650.0,100.0527907669482,10.031615158530055,0.10026322186151289,4.73236745115355,1.0,0.042197411772761845,1.002109870588638,-0.041733367840316775
4,purge,4652.0,100.05278952991542,10.029503861626859,0.10024212127167205,4.648919215660999,1.0,0.040081429681209015,1.0020040714840603,-0.04171486916187695
4,purge,4654.0,100.05278829348815,10.02739349924405,0.10022103002097618,4.56550796846931,1.0,0.0379663843984638,1.0018983192199231,-0.04169637953858444
4,purge,4656.0,100.05278705766614,10.025284070925382,0.10019994810486627,4.482133691473401,1.0,0.03585227546697211,1.0017926137733486,-0.04167789896522978
4,purge,4658.0,100.05278582244887,10.023175576214864,0.10017887551878603,4.398796366578602,1.0,0.0337391024294423,1.0016869551214722,-0.04165942743660704
4,purge,4660.0,100.05278458783613,10.021068014656795,0.10015781225818178,4.315495975700651,1.0,0.03162686482884478,1.0015813432414422,-0.04164096494751409
4,purge,4662.0,100.0527833538275,10.018961385795702,0.1001367583185024,4.23223250076569,1.0,0.029515562208411932,1.0014757781104207,-0.041622511492752486
4,purge,4664.0,100.05278212042262,10.01685568917639,0.10011571369519935,4.149005923710249,1.0,0.02740519411163766,1.0013702597055818,-0.0416040670671276
4,purge,4666.0,100.05278088762128,10.014750924343934,0.10009467838372677,4.065816226481248,1.0,0.02529576008227767,1.001264788004114,-0.04158563166544837
4,purge,4668.0,100.05277965542302,10.012647090843641,0.10007365237954129,3.9826633910359828,1.0,0.023187259664349095,1.0011593629832174,-0.04156720528252735
4,purge,4670.0,100.05277842382745,10.010544188221097,0.10005263567810224,3.8995473993421212,1.0,0.02107969240212996,1.0010539846201065,-0.041548787913181055
4,purge,4672.0,100.05277719283431,10.00844221602215,0.10003162827487157,3.816468233377694,1.0,0.01897305784015963,1.000948652892008,-0.04153037955222937
4,purge,4674.0,100.05277596244328,10.00634117379291,0.10001063016531378,3.7334258751310903,1.0,0.01686735552323788,1.000843367776162,-0.041511980194496256
4,purge,4676.0,100.05277473265392,10.004241061079727,0.09998964134489591,3.6504203066010446,1.0,0.014762584996425285,1.0007381292498212,-0.041493589834809164
4,purge,4678.0,100.05277350346597,10.002141877429231,0.09996866180908759,3.567451509796635,1.0,0.012658745805043411,1.0006329372902523,-0.041475208467998834
4,purge,4680.0,100.05277227487896,10.000043622388304,0.0999476915533613,3.484519466737271,1.0,0.010555837494673117,1.0005277918747337,-0.04145683608890039
4,purge,4682.0,100.05276171028902,9.987682089195575,0.09982415196209904,3.4017207871890904,1.0,0.008642463173416605,1.0004321231586708,-0.04129329446851685
4,purge,4684.0,100.05273378133465,9.946477511910295,0.09941235122718717,3.3195184035060614,1.0,0.007075850383006992,1.0003537925191504,-0.04087120477137578
4,purge,4686.0,100.05269238082884,9.880742396171502,0.09875538739689885,3.2383693495399064,1.0,0.005793216317763259,1.0002896608158882,-0.04024867826294278
4,purge,4688.0,100.05264067748564,9.796037132505349,0.09790883145285842,3.158625654601025,1.0,0.004743084375769966,1.0002371542187884,-0.03947290727891993
4,purge,4690.0,100.0525812371343,9.696896247571601,0.09691800179136827,3.0805542460996462,1.0,0.003883309061853698,1.0001941654530926,-0.03858210385374704
4,purge,4692.0,100.05251613311933,9.586986381543669,0.09581954309662973,3.0043532104598705,1.0,0.003179384569113583,1.0001589692284556,-0.03760714424528881
4,purge,4694.0,100.05244703664653,9.46927077059823,0.09464307022026047,2.9301650739606258,1.0,0.002603059935557069,1.0001301529967779,-0.036572914729478
4,purge,4696.0,100.05237529070982,9.346141614890136,0.09341249108513623,2.858087644698852,1.0,0.0021312052323593997,1.000106560261618,-0.035499412812736705
4,purge,4698.0,100.0523019705774,9.2195265617751,0.0921470708838494,2.788182859047105,1.0,0.0017448832747451663,1.0000872441637372,-0.03440264822664087
4,purge,4700.0,100.05222793327404,9.090974731306035,0.09086229181591948,2.7204839954640505,1.0,0.0014285896057187567,1.000071429480286,-0.03329538001682038
4,purge,4702.0,100.05215385805656,8.961726466578286,0.08957055016818767,2.6550015527345017,1.0,0.0011696302510388545,1.000058481512552,-0.03218771945887972
4,purge,4704.0,100.0520802795169,8.832770056984238,0.08828172320163664,2.591728035918644,1.0,0.0009576122626543625,1.0000478806131328,-0.031087623153502473
4,purge,4706.0,100.0520076146497,8.704887977331644,0.08700363126003949,2.530641848970434,1.0,0.0007840266147653593,1.0000392013307382,-0.0300012962198917
4,purge,4708.0,100.05193618498065,8.57869465371873,0.08574241519782329,2.471710457028481,1.0,0.0006419067055893179,1.0000320953352795,-0.028933521910209953
4,purge,4710.0,100.05186623465114,8.454667355050123,0.08450284510657137,2.4148929516850433,1.0,0.0005255487650555194,1.0000262774382527,-0.02788793099695756
4,purge,4712.0,100.05179794519528,8.333171491691779,0.08328857314744496,2.3601421284479307,1.0,0.0004302829404464927,1.0000215141470223,-0.02686722187541035
4,purge,4714.0,100.0517314476076,8.214481351330576,0.08210234078389853,2.307406165657897,1.0,0.0003522858795771261,1.000017614293979,-0.02587334032708779
4,purge,4716.0,100.05166683219622,8.098797105720466,0.08094614874636258,2.256629977989366,1.0,0.00028842728683811707,1.0000144213643418,-0.02490762627605359
4,purge,4718.0,100.05160415662222,7.986258764675231,0.07982139648829045,2.2077563043620705,1.0,0.00023614429250654818,1.0000118072146253,-0.023970933539086307
4,purge,4720.0,100.05154345245538,7.876957627218249,0.07872899662923631,2.1607265791718318,1.0,0.00019333859668210494,1.0000096669298342,-0.023063727478024598
4,purge,4722.0,100.05148473051761,7.770945679319105,0.07766946887644556,2.1154816269079273,1.0,0.00015829225669655432,1.000007914612835,-0.02218616457793523
4,purge,4724.0,100.05142798523256,7.668243305104316,0.07664301709153154,2.071962212890182,1.0,0.00012959874003492998,1.0000064799370016,-0.021338157240576392
4,purge,4726.0,100.05137319816414,7.5688456122528445,0.07564959250745922,2.030109476914523,1.0,0.00010610647525766458,1.000005305323763,-0.020519426487589486
4,purge,4728.0,100.05132034089193,7.4727276180875615,0.07468894555940593,1.9898652717090226,1.0,8.687263540194298e-05,1.00000434363177,-0.019729544778566935
4,purge,4730.0,100.05126937734315,7.379848498767161,0.07376066835228325,1.9511724241055772,1.0,7.112529902960186e-05,1.0000035562649514,-0.018967970748868454
4,purge,4732.0,100.05122026568208,7.290155067829317,0.07286422942639377,1.9139749335612262,1.0,5.823247031293642e-05,1.0000029116235156,-0.018234077344380435
4,purge,4734.0,100.05117295983669,7.203584620786944,0.07199900218739724,1.8782181199859187,1.0,4.7676714825982094e-05,1.0000023838357412,-0.01752717456215411
4,purge,4736.0,100.05112741073077,7.1200672581772935,0.07116428812389022,1.8438487306426177,1.0,3.9034393086584556e-05,1.0000019517196543,-0.01684652778624482
4,purge,4738.0,100.05108356727281,7.039527779639168,0.07035933573778737,1.810815014092746,1.0,3.195865841846233e-05,1.000001597932921,-0.01619137252828852
4,purge,4740.0,100.05104137714989,6.961887225077664,0.06958335594763385,1.7790667676930043,1.0,2.6165536777846704e-05,1.0000013082768389,-0.015560926235173364
4,purge,4742.0,100.05100078745988,6.887064125679678,0.06883553459210259,1.7485553639493692,1.0,2.1422529879331187e-05,1.000001071126494,-0.014954397705681506
4,purge,4744.0,100.05096174521302,6.814975516344525,0.06811504254900969,1.7192337600522425,1.0,1.7539284224407362e-05,1.0000008769642112,-0.014370994559349816
4,purge,4746.0,100.05092419772738,6.7455377520280635,0.0674210438945779,1.6910564941136554,1.0,1.435995154808248e-05,1.0000007179975774,-0.013809929120065604
4,purge,4748.0,100.05088809293764,6.6786671630411085,0.06675270245314835,1.6639796709706798,1.0,1.1756934081512895e-05,1.000000587846704,-0.013270423010830014
4,purge,4750.0,100.05085337963368,6.614280578038197,0.06610918702453164,1.6379609398822363,1.0,9.62576360611029e-06,1.0000004812881802,-0.01275171070203196
4,purge,4752.0,100.05082000764182,6.552295738525304,0.06548967552714555,1.61295946600754,1.0,7.880908777604917e-06,1.000000394045439,-0.012253042211304266
4,purge,4754.0,100.05078792796046,6.492631624346303,0.06489335825142317,1.5889358971957368,1.0,6.4523424532786745e-06,1.0000003226171226,-0.01177368511680118
4,purge,4756.0,100.05075709285829,6.435208706280925,0.06431944038472724,1.565852327323238,1.0,5.282731257172962e-06,1.0000002641365628,-0.011312926016084168
4,purge,4758.0,100.0507274559425,6.379949138999021,0.06376714394014217,1.5436722571759594,1.0,4.3251345906681555e-06,1.0000002162567296,-0.010870071538538466
4,purge,4760.0,100.050698972203,6.326776905257586,0.06323570919794723,1.5223605536783593,1.0,3.541120741660645e-06,1.0000001770560372,-0.01044444899938869
4,purge,4762.0,100.05067159803691,6.275617920335949,0.06272439574967413,1.5018834081117995,1.0,2.8992244851927507e-06,1.0000001449612244,-0.010035406767137541
4,purge,4764.0,100.05064529125872,6.226400104095702,0.06223248321857344,1.4822082938348573,1.0,2.3736842736402488e-06,1.0000001186842138,-0.009642314402963705
4,purge,4766.0,100.05062001109748,6.179053426736953,0.06175927171717257,1.4633039239123604,1.0,1.94340833547163e-06,1.0000000971704168,-0.00926456261974554
4,purge,4768.0,100.0505957181848,6.1335099332598855,0.06130408209198782,1.4451402089737884,1.0,1.591128188496825e-06,1.0000000795564095,-0.008901563099488741
4,purge,4770.0,100.05057237453532,6.089703750767626,0.060866255996727965,1.4276882155516213,1.0,1.302705595123833e-06,1.0000000651352798,-0.008552748200668227
4,purge,4772.0,100.05054994352156,6.047571081943951,0.06044515582730729,1.4109201250933503,1.0,1.0665651453074782e-06,1.0000000533282574,-0.008217570581053666
4,purge,4774.0,100.05052838984477,6.007050187537609,0.060040164546970365,1.3948091937947336,1.0,8.73229694754345e-07,1.0000000436614846,-0.007895502756732764
4,purge,4776.0,100.05050767950208,5.96808136010796,0.05965068542406483,1.3793297133645654,1.0,7.149400138900451e-07,1.0000000357470007,-0.007586036614080473
4,purge,4778.0,100.05048777975169,5.930606890936745,0.05927614170149989,1.3644569728010647,1.0,5.85343382768139e-07,1.0000000292671691,-0.007288682888182735
4,purge,4780.0,100.05046865907676,5.894571031606656,0.05891597621288993,1.3501672212357134,1.0,4.79238634142448e-07,1.0000000239619318,-0.007002970618579636
4,purge,4782.0,100.05045028714751,5.859919951553015,0.058569650958440314,1.3364376318808775,1.0,3.9236741238722423e-07,1.0000000196183707,-0.00672844659103589
4,purge,4784.0,100.05043263478422,5.82660169258467,0.05823664665053086,1.3232462671019387,1.0,3.2124327075367963e-07,1.0000000160621636,-0.0064646747722875856
4,purge,4786.0,100.05041567391866,5.794566121246414,0.05791646223771716,1.310572044622256,1.0,2.630117480364996e-07,1.0000000131505877,-0.00621123574328165
4,purge,4788.0,100.05039937755672,5.76376487970144,0.057608614413930725,1.298394704859444,1.0,2.1533580903631358e-07,1.0000000107667906,-0.0059677261352578306
4,purge,4790.0,100.05038371974105,5.7341513356970655,0.05731263711850866,1.286694779383744,1.0,1.7630205114217468e-07,1.0000000088151026,-0.005733758072074989
4,purge,4792.0,100.05036867551395,5.705680532073522,0.05702808103164855,1.2754535604832458,1.0,1.4434391277530777e-07,1.0000000072171957,-0.005508958621412949
4,purge,4794.0,100.05035422088243,5.678309136184381,0.05675451306897232,1.2646530718161142,1.0,1.1817880177970036e-07,1.00000000590894,-0.005292969256856897
4,purge,4796.0,100.05034033278187,5.651995389528536,0.05649151587819875,1.254276040126478,1.0,9.675662050138664e-08,1.000000004837831,-0.00508544533236557
4,purge,4798.0,100.05032698904228,5.626699057831422,0.05623868734029895,1.2443058679980543,1.0,7.921762168735615e-08,1.0000000039608812,-0.004886055570216168
4,purge,4800.0,100.05031416835509,5.602381381768068,0.0559956400770608,1.2347266076177301,1.0,6.48579037195772e-08,1.0000000032428953,-0.004694481563189699
5,adsorption,4800.0,100.05031416835509,5.602381381768068,0.0559956400770608,1.2347266076177301,1.0,6.48579037195772e-08,1.0000000032428953,-0.004694481563189699
5,adsorption,4802.0,100.04621401794144,8.550834473830056,0.08546884615040627,1.3026671013150561,1.0,0.07997779375974172,1.003998889687987,0.05632933710629742
5,adsorption,4804.0,100.04710611655368,9.371411593101302,0.09366999163557735,1.4015743724144785,1.0,0.06548027931443595,1.0032740139657217,0.04304313041697048
5,adsorption,4806.0,100.04721192133573,10.019842977914896,0.10015114649864716,1.4828078089706285,1.0,0.06561306586232171,1.003280653293116,0.04152203519319838
5,adsorption,4808.0,100.04727376984809,10.077415388645498,0.10072653665534059,1.5645197399747195,1.0,0.06674315256362348,1.003337157628181,0.040769264200131924
5,adsorption,4810.0,100.04726380433367,10.080688241012455,0.1007592597507479,1.6463478708191852,1.0,0.06903607854063996,1.003451803927032,0.04092118384531547
5,adsorption,4812.0,100.04726466865907,10.081353893225515,0.10076591225770526,1.7281717346220136,1.0,0.07111207281959418,1.0035556036409796,0.04090398210684319
5,adsorption,4814.0,100.04726603455296,10.08354832881533,0.10078784487057162,1.8099566280194914,1.0,0.07318343342100309,1.0036591716710501,0.04088394550799258
5,adsorption,4816.0,100.04726709715266,10.085638874636405,0.1008087393815822,1.891709037129466,1.0,0.07525934978331464,1.0037629674891657,0.0408681120883961
5,adsorption,4818.0,100.04726818018467,10.08770446494653,0.10082938443435177,1.9734290820889309,1.0,0.07733395266140358,1.0038666976330701,0.040851901434116177
5,adsorption,4820.0,100.04726926745599,10.089774147998131,0.10085007039047887,2.0551166140105375,1.0,0.07940766008204217,1.003970383004102,0.040835642583782146
5,adsorption,4822.0,100.0472703533967,10.091842997576023,0.10087074801669885,2.136771659216877,1.0,0.08148055990397823,1.004074027995199,0.04081940354076549
5,adsorption,4824.0,100.04727143898228,10.093910930844878,0.10089141648406715,2.218394230985544,1.0,0.08355263352449298,1.0041776316762248,0.040803169529393654
5,adsorption,4826.0,100.04727252419706,10.095978063304505,0.10091207694705248,2.29998434020207,1.0,0.08562388197003491,1.0042811940985017,0.040786941132585845
5,adsorption,4828.0,100.04727360903902,10.0980443661668,0.10093272911791236,2.381541998500859,1.0,0.08769430546507789,1.004384715273254,0.04077071829274359
5,adsorption,4830.0,100.04727469349045,10.100109843510886,0.10095337303743714,2.4630672171434953,1.0,0.08976390465185367,1.0044881952325926,0.040754501285575964
5,adsorption,4832.0,100.04727577755497,10.102174496548537,0.10097400871773565,2.544560007651288,1.0,0.09183267975855681,1.004591633987928,0.040738290058648555
5,adsorption,4834.0,100.04727686123688,10.104238327830256,0.10099463618429701,2.6260203814086776,1.0,0.09390063100426653,1.0046950315502132,0.04072208455515436
5,adsorption,4836.0,100.04727794453689,10.106301338225546,0.10101525544581197,2.707448349910187,1.0,0.09596775867235191,1.0047983879336175,0.040705884766230764
5,adsorption,4838.0,100.04727902745584,10.108363527025487,0.10103586649519435,2.7888439245194974,1.0,0.09803406303533886,1.0049017031517669,0.04068969067717437
5,adsorption,4840.0,100.0472801099931,10.110424894153006,0.10105646933167492,2.870207116601527,1.0,0.10009954439398884,1.0050049772196994,0.040673502295280765
5,adsorption,4842.0,100.04728119214859,10.112485440002706,0.10107706395919834,2.951537937563646,1.0,0.1021642030419567,1.0051082101520978,0.04065731962145332
5,adsorption,4844.0,100.0472822739226,10.11454516487835,0.10109765038080112,3.0328363988873237,1.0,0.10422803927125354,1.0052114019635627,0.0406411426538313
5,adsorption,4846.0,100.04728335531505,10.116604069068849,0.10111822859937158,3.114102511981476,1.0,0.10629105337276146,1.005314552668638,0.04062497139112443
5,adsorption,4848.0,100.04728443632611,10.11866215286746,0.10113879861784116,3.195336288254494,1.0,0.10835324563727161,1.0054176622818636,0.04060880583198198
5,adsorption,4850.0,100.04728551695584,10.120719416569198,0.1011593604391591,3.27653773911182,1.0,0.11041461635541291,1.0055207308177707,0.04059264597498567
5,adsorption,4852.0,100.04728659720445,10.122775860468707,0.10117991406627075,3.3577068759560045,1.0,0.1124751658176662,1.0056237582908834,0.040576491818659556
5,adsorption,4854.0,100.04728767707182,10.124831484858689,0.10120045950210234,3.4388437101867195,1.0,0.11453489431440139,1.00572674471572,0.04056034336149871
5,adsorption,4856.0,100.04728875655826,10.126886290029596,0.1012209967495572,3.5199482532007558,1.0,0.11659380213591532,1.0058296901067958,0.04054420060199885
5,adsorption,4858.0,100.04728983566378,10.128940276270091,0.10124152581152117,3.601020516392016,1.0,0.11865188957245643,1.0059325944786228,0.04052806353867569
5,adsorption,4860.0,100.04729091438846,10.130993443868029,0.10126204669087172,3.682060511151511,1.0,0.12070915691423476,1.0060354578457118,0.040511932170072894
5,adsorption,4862.0,100.04729199273248,10.133045793111359,0.10128255939048737,3.763068248867357,1.0,0.12276560445141767,1.006138280222571,0.04049580649475865
5,adsorption,4864.0,100.04729307069582,10.135097324288717,0.10130306391325364,3.8440437409247763,1.0,0.12482123247410953,1.0062410616237054,0.040479686511309905
5,adsorption,4866.0,100.04729414827862,10.137148037689585,0.10132356026206434,3.9249869987060917,1.0,0.12687604127234312,1.006343802063617,0.0404635722183058
5,adsorption,4868.0,100.04729522548105,10.139197933604077,0.10134404843981956,4.005898033590731,1.0,0.1289300311360629,1.0064465015568032,0.04044746361431445
5,adsorption,4870.0,100.04729630230311,10.141247012322474,0.10136452844942119,4.086776856955232,1.0,0.13098320235512645,1.0065491601177563,0.040431360697894006
5,adsorption,4872.0,100.04729737874496,10.14329527413495,0.10138500029376996,4.167623480173236,1.0,0.13303555521930466,1.0066517777609651,0.040415263467592916
5,adsorption,4874.0,100.04729845480672,10.145342719331298,0.10140546397576286,4.248437914615502,1.0,0.13508709001828564,1.0067543545009143,0.04039917192195277
5,adsorption,4876.0,100.0472995304883,10.147389348200765,0.1014259194982915,4.329220171649889,1.0,0.1371378070416863,1.0068568903520843,0.04038308605951754
5,adsorption,4878.0,100.04730060579,10.14943516103228,0.10144636686424406,4.40997026264137,1.0,0.13918770657905497,1.0069593853289527,0.04036700587883545
5,adsorption,4880.0,100.04730168071193,10.15148015811467,0.10146680607650779,4.4906881989520215,1.0,0.14123678891987002,1.0070618394459936,0.04035093137845819
5,adsorption,4882.0,100.04730275525394,10.153524339736625,0.1014872371379689,4.571373991941024,1.0,0.1432850543535406,1.007164252717677,0.040334862556941194
5,adsorption,4884.0,100.04730382941644,10.155567706186991,0.10150766005151453,4.652027652964668,1.0,0.14533250316940582,1.0072666251584703,0.04031879941284319
5,adsorption,4886.0,100.04730490319936,10.157610257754625,0.10152807482003244,4.732649193376348,1.0,0.14737913565672525,1.0073689567828363,0.04030274194471874
5,adsorption,4888.0,100.04730597660277,10.159651994728412,0.10154848144641061,4.813238624526565,1.0,0.14942495210468756,1.0074712476052343,0.04028669015112501
5,adsorption,4890.0,100.04730704962682,10.161692917397211,0.10156887993353654,4.893795957762926,1.0,0.15146995280240264,1.00757349764012,0.04027064403061553
5,adsorption,4892.0,100.04730812227167,10.163733026049863,0.10158927028429764,4.974321204430141,1.0,0.15351413803890362,1.007675706901945,0.040254603581742
5,adsorption,4894.0,100.04730919453725,10.165772320974988,0.10160965250157926,5.0548143758700315,1.0,0.15555750810314936,1.0077778754051574,0.04023856880305589
5,adsorption,4896.0,100.04731026642382,10.16781080246109,0.10163002658826539,5.135275483421522,1.0,0.1576000632840233,1.0078800031642012,0.040222539693107705
5,adsorption,4898.0,100.04731133793136,10.169848470796603,0.10165039254723945,5.215704538420643,1.0,0.1596418038703378,1.0079820901935168,0.04020651625045063
5,adsorption,4900.0,100.04731240906004,10.171885326269823,0.10167075038138336,5.296101552200532,1.0,0.1616827301508283,1.0080841365075415,0.04019049847363543
5,adsorption,4902.0,100.04731347980997,10.173921369169005,0.10169110009357872,5.376466536091427,1.0,0.16372284241416019,1.0081861421207081,0.0401744863612164
5,adsorption,4904.0,100.04731455018126,10.175956599782339,0.10171144168670647,5.456799501420678,1.0,0.16576214094892266,1.008288107047446,0.04015847991174611
5,adsorption,4906.0,100.04731562017386,10.177991018397933,0.10173177516364679,5.537100459512735,1.0,0.16780062604363224,1.0083900313021816,0.040142479123778434
5,adsorption,4908.0,100.04731668978798,10.180024625303899,0.10175210052727975,5.617369421689155,1.0,0.1698382979867297,1.0084919148993368,0.04012648399586607
5,adsorption,4910.0,100.04731775902367,10.18205742078825,0.10177241778048457,5.6976063992686,1.0,0.17187515706658127,1.008593757853329,0.040110494526561395
5,adsorption,4912.0,100.04731882788116,10.184089405138943,0.1017927269261397,5.777811403566838,1.0,0.1739112035714786,1.0086955601785739,0.04009451071441654
5,adsorption,4914.0,100.04731989636036,10.186120578643814,0.10181302796712276,5.857984445896737,1.0,0.1759464377896391,1.008797321889482,0.04007853255798374
5,adsorption,4916.0,100.04732096446146,10.188150941590646,0.10183332090631045,5.938125537568275,1.0,0.17798086000920546,1.0088990430004603,0.04006256005581477
5,adsorption,4918.0,100.04732203218462,10.190180494267135,0.10185360574657874,6.01823468988853,1.0,0.18001447051824648,1.0090007235259124,0.04004659320646166
5,adsorption,4920.0,100.04732309952978,10.192209236960874,0.10187388249080277,6.09831191416169,1.0,0.18204726960475684,1.0091023634802379,0.04003063200847653
5,adsorption,4922.0,100.04732416649723,10.194237169959418,0.1018941511418569,6.178357221689041,1.0,0.184079257556657,1.009203962877833,0.040014676460411645
5,adsorption,4924.0,100.04732523308688,10.196264293550238,0.10191441170261499,6.258370623768974,1.0,0.18611043466179317,1.0093055217330897,0.039998726560819195
5,adsorption,4926.0,100.04732629929892,10.198290608020717,0.10193466417594993,6.33835213169699,1.0,0.1881408012079371,1.009407040060397,0.03998278230825116
5,adsorption,4928.0,100.04732736513343,10.200316113658204,0.10195490856473417,6.418301756765687,1.0,0.1901703574827864,1.0095085178741394,0.039966843701259656
5,adsorption,4930.0,100.04732843059051,10.202340810749945,0.10197514487183923,6.498219510264772,1.0,0.19219910377396376,1.0096099551886981,0.039950910738396274
5,adsorption,4932.0,100.04732949567024,10.20436469958313,0.101995373100136,6.578105403481051,1.0,0.194227040369018,1.0097113520184509,0.03993498341821302
5,adsorption,4934.0,100.04733056037284,10.206387780444857,0.10201559325249449,6.657959447698436,1.0,0.1962541675554232,1.0098127083777713,0.03991906173926138
5,adsorption,4936.0,100.04733162469815,10.208410053622144,0.10203580533178407,6.737781654197941,1.0,0.1982804856205796,1.009914024281029,0.03990314570009326
5,adsorption,4938.0,100.04733268864648,10.210431519401956,0.10205600934087321,6.817572034257689,1.0,0.20030599485181266,1.0100152997425906,0.0398872352992601
5,adsorption,4940.0,100.04733375221787,10.21245217807116,0.10207620528262973,6.897330599152898,1.0,0.20233069553637384,1.0101165347768186,0.03987133053531364
5,adsorption,4942.0,100.04733481541248,10.214472029916573,0.10209639315992068,6.977057360155895,1.0,0.20435458796144002,1.0102177293980723,0.03985543140680532
5,adsorption,4944.0,100.04733587823024,10.216491075224914,0.10211657297561251,7.0567523285361045,1.0,0.20637767241411412,1.0103188836207058,0.039839537912286914
5,adsorption,4946.0,100.0473369406714,10.21850931428285,0.10213674473257076,7.13641551556006,1.0,0.2083999491814241,1.0104199974590713,0.03982365005030959
5,adsorption,4948.0,100.04733800273598,10.22052674737696,0.10215690843366028,7.216046932491396,1.0,0.21042141855032406,1.0105210709275163,0.03980776781942487
5,adsorption,4950.0,100.04733906442412,10.222543374793762,0.10217706408174529,7.295646590590847,1.0,0.21244208080769345,1.0106221040403847,0.039791891218183946
5,adsorption,4952.0,100.04734012573587,10.224559196819664,0.10219721167968891,7.375214501116253,1.0,0.21446193624033735,1.010723096812017,0.03977602024513808
5,adsorption,4954.0,100.04734118667135,10.22657421374104,0.10221735123035394,7.454750675322555,1.0,0.21648098513498706,1.0108240492567493,0.039760154898838836
5,adsorption,4956.0,100.04734224723066,10.228588425844181,0.10223748273660226,7.534255124461797,1.0,0.21849922777829875,1.0109249613889149,0.039744295177837084
5,adsorption,4958.0,100.04734330741387,10.230601833415282,0.10225760620129487,7.613727859783127,1.0,0.2205166644568544,1.0110258332228428,0.03972844108068389
5,adsorption,4960.0,100.04734436722114,10.2326144367405,0.10227772162729233,7.693168892532792,1.0,0.22253329545716238,1.011126664772858,0.03971259260593084
5,adsorption,4962.0,100.04734542665256,10.234626236105884,0.10229782901745423,7.772578233954143,1.0,0.22454912106565544,1.0112274560532828,0.039696749752128384
5,adsorption,4964.0,100.04734648570818,10.236637231797411,0.10231792837463934,7.851955895287633,1.0,0.22656414156869312,1.0113282070784346,0.03968091251782798
5,adsorption,4966.0,100.04734754438809,10.238647424101016,0.10233801970170602,7.931301887770815,1.0,0.22857835725255948,1.011428917862628,0.0396650809015801
5,adsorption,4968.0,100.04734860269245,10.240656813302522,0.10235810300151149,8.010616222638347,1.0,0.23059176840346576,1.0115295884201734,0.03964925490193637
5,adsorption,4970.0,100.04734966062128,10.242665399687686,0.1023781782769125,8.089898911121988,1.0,0.23260437530754685,1.0116302187653774,0.039633434517446796
5,adsorption,4972.0,100.04735071817471,10.244673183542211,0.10239824553076499,8.169149964450595,1.0,0.23461617825086487,1.0117308089125432,0.03961761974666271
5,adsorption,4974.0,100.0473517753529,10.24668016515172,0.10241830476592419,8.248369393850133,1.0,0.2366271775194074,1.0118313588759706,0.03960181058813513
5,adsorption,4976.0,100.04735283215585,10.248686344801747,0.10243835598524455,8.327557210543663,1.0,0.23863737339908625,1.0119318686699543,0.039586007040414005
5,adsorption,4978.0,100.0473538885837,10.25069172277776,0.10245839919157976,8.406713425751349,1.0,0.24064676617574035,1.012032338308787,0.039570209102050516
5,adsorption,4980.0,100.04735494463657,10.25269629936514,0.10247843438778265,8.485838050690457,1.0,0.24265535613513342,1.0121327678067569,0.03955441677159491
5,adsorption,4982.0,100.04735600031444,10.2547000748492,0.10249846157670545,8.564931096575357,1.0,0.24466314356295538,1.0122331571781478,0.039538630047598056
5,adsorption,4984.0,100.0473570556176,10.256703049515204,0.10251848076119965,8.643992574617513,1.0,0.2466701287448216,1.0123335064372412,0.0395228489286106
5,adsorption,4986.0,100.04735811054599,10.258705223648306,0.10253849194411599,8.723022496025495,1.0,0.2486763119662727,1.0124338155983137,0.03950707341318282
5,adsorption,4988.0,100.04735916509972,10.260706597533602,0.10255849512830442,8.802020872004974,1.0,0.2506816935127752,1.0125340846756388,0.03949130349986518
5,adsorption,4990.0,100.04736021927901,10.262707171456123,0.10257849031661417,8.880987713758723,1.0,0.2526862736697213,1.012634313683486,0.039475539187208177
5,adsorption,4992.0,100.04736127308387,10.264706945700803,0.10259847751189373,8.959923032486605,1.0,0.2546900527224287,1.0127345026361214,0.03945978047376226
5,adsorption,4994.0,100.04736232651436,10.26670592055252,0.10261845671699092,9.0388268393856,1.0,0.2566930309561405,1.012834651547807,0.039444027358077574
5,adsorption,4996.0,100.04736337957063,10.268704096296068,0.10263842793475263,9.117699145649778,1.0,0.25869520865602574,1.0129347604328014,0.03942827983870451
5,adsorption,4998.0,100.04736443225275,10.270701473216178,0.10265839116802525,9.196539962470315,1.0,0.26069658610717866,1.013034829305359,0.039412537914193066
5,adsorption,5000.0,100.04736548456088,10.272698051597498,0.1026783464196542,9.275349301035483,1.0,0.26269716359461986,1.013134858179731,0.039396801583093825
5,adsorption,5002.0,100.04736653649499,10.274693831724578,0.10269829369248422,9.354127172530655,1.0,0.26469694140329386,1.0132348470701646,0.03938107084395616
5,adsorption,5004.0,100.04736758805534,10.276688813881945,0.10271823298935932,9.432873588138307,1.0,0.26669591981807333,1.0133347959909036,0.03936534569533106
5,adsorption,5006.0,100.04736863924192,10.278682998354002,0.10273816431312277,9.511588559038014,1.0,0.2686940991237546,1.0134347049561878,0.03934962613576832
5,adsorption,5008.0,100.04736969005478,10.280676385425094,0.10275808766661707,9.59027209640645,1.0,0.2706914796050601,1.013534573980253,0.03933391216381795
5,adsorption,5010.0,100.0473707404942,10.282668975379531,0.10277800305268413,9.668924211417387,1.0,0.27268806154663805,1.0136344030773319,0.03931820377802994
5,adsorption,5012.0,100.04737179056008,10.284660768501473,0.10279791047416477,9.747544915241702,1.0,0.27468384523306166,1.0137341922616532,0.03930250097695405
5,adsorption,5014.0,100.04737284025263,10.286651765075096,0.1028178099338997,9.82613421904737,1.0,0.2766788309488315,1.0138339415474416,0.039286803759141176
5,adsorption,5016.0,100.04737388957192,10.28864196538443,0.1028377014347283,9.904692133999466,1.0,0.27867301897837077,1.0139336509489185,0.03927111212313988
5,adsorption,5018.0,100.04737493851806,10.290631369713443,0.10285758497948923,9.983218671260161,1.0,0.28066640960603056,1.0140333204803018,0.03925542606750066
5,adsorption,5020.0,100.0473759870911,10.29261997834606,0.10287746057102083,10.061713841988734,1.0,0.28265900311608677,1.0141329501558043,0.03923974559077303
5,adsorption,5022.0,100.04737703529116,10.29460779156609,0.10289732821216016,10.140177657341553,1.0,0.28465079979274094,1.014232539989637,0.039224070691506914
5,adsorption,5024.0,100.04737808311842,10.296594809657293,0.10291718790574383,10.218610128472093,1.0,0.2866417999201203,1.014332089996006,0.039208401368251974
5,adsorption,5026.0,100.0473791305728,10.298581032903344,0.1029370396546077,10.297011266530925,1.0,0.2886320037822775,1.0144316001891138,0.039192737619557966
5,adsorption,5028.0,100.04738017765459,10.300566461587858,0.10295688346158686,10.375381082665724,1.0,0.29062141166319133,1.0145310705831596,0.03917707944397482
5,adsorption,5030.0,100.04738122436372,10.30255109599436,0.1029767193295157,10.453719588021256,1.0,0.2926100238467654,1.0146305011923382,0.03916142684005188
5,adsorption,5032.0,100.04738227070038,10.304534936406322,0.10299654726122785,10.532026793739394,1.0,0.2945978406168291,1.0147298920308414,0.039145779806338855
5,adsorption,5034.0,100.04738331666474,10.30651798310713,0.10301636725955617,10.610302710959107,1.0,0.2965848622571373,1.014829243112857,0.039130138341385005
5,adsorption,5036.0,100.04738436225672,10.308500236380064,0.1030361793273327,10.688547350816464,1.0,0.29857108905137103,1.0149285544525686,0.039114502443740165
5,adsorption,5038.0,100.0473854074765,10.310481696508377,0.10305598346738883,10.766760724444632,1.0,0.30055652128313626,1.0150278260641568,0.039098872111953696
5,adsorption,5040.0,100.0473864523242,10.312462363775229,0.10307577968255521,10.844942842973873,1.0,0.3025411592359648,1.0151270579617981,0.03908324734457511
5,adsorption,5042.0,100.04738749679996,10.314442238463704,0.10309556797566169,10.923093717531561,1.0,0.3045250031933139,1.0152262501596656,0.03906762814015363
5,adsorption,5044.0,100.04738854090373,10.316421320856803,0.10311534834953737,11.001213359242152,1.0,0.3065080534385665,1.0153254026719283,0.03905201449723884
5,adsorption,5046.0,100.04738958463571,10.318399611237458,0.10313512080701064,11.079301779227213,1.0,0.3084903102550315,1.0154245155127515,0.03903640641438036
5,adsorption,5048.0,100.04739062799601,10.320377109888568,0.10315488535090932,11.157358988605402,1.0,0.31047177392594244,1.0155235886962972,0.03902080389012708
5,adsorption,5050.0,100.04739167098467,10.322353817092889,0.1031746419840602,11.23538499849248,1.0,0.3124524447344587,1.015622622236723,0.03900520692302827
5,adsorption,5052.0,100.04739271360185,10.324329733133144,0.10319439070928942,11.313379820001305,1.0,0.31443232296366597,1.0157216161481832,0.038989615511633366
5,adsorption,5054.0,100.0473937558476,10.326304858291966,0.10321413152942241,11.391343464241839,1.0,0.31641140889657476,1.0158205704448287,0.038974029654491586
5,adsorption,5056.0,100.04739479772202,10.328279192851918,0.10323386444728376,11.469275942321133,1.0,0.31838970281612144,1.0159194851408062,0.03895844935015213
5,adsorption,5058.0,100.0473958392252,10.33025273709549,0.1032535894656975,11.547177265343338,1.0,0.32036720500516785,1.0160183602502584,0.038942874597164216
5,adsorption,5060.0,100.04739688035721,10.332225491305104,0.10327330658748683,11.625047444409711,1.0,0.32234391574650134,1.016117195787325,0.03892730539407684
5,adsorption,5062.0,100.04739792111826,10.334197455763098,0.10329301581547409,11.702886490618601,1.0,0.32431983532283476,1.016215991766142,0.038911741739439135
5,adsorption,5064.0,100.04739896150834,10.336168630751734,0.103312717152481,11.78069441506546,1.0,0.3262949640168069,1.0163147482008403,0.03889618363180023
5,adsorption,5066.0,100.04740000152763,10.33813901655321,0.10333241060132851,11.858471228842827,1.0,0.32826930211098176,1.0164134651055492,0.03888063106970926
5,adsorption,5068.0,100.04740104117607,10.340108613449631,0.10335209616483688,11.93621694304035,1.0,0.3302428498878487,1.0165121424943924,0.038865084051715015
5,adsorption,5070.0,100.04740208045402,10.342077421723058,0.10337177384582542,12.01393156874477,1.0,0.3322156076298232,1.0166107803814912,0.038849542576366775
5,adsorption,5072.0,100.04740311936135,10.344045441655458,0.10339144364711311,12.091615117039934,1.0,0.3341875756192461,1.0167093787809622,0.03883400664221332
5,adsorption,5074.0,100.04740415789824,10.346012673528712,0.10341110557151768,12.169267599006774,1.0,0.3361587541383832,1.0168079377069192,0.03881847624780344
5,adsorption,5076.0,100.04740519606477,10.347979117624634,0.10343075962185633,12.246889025723334,1.0,0.3381291434694271,1.0169064571734714,0.03880295139168648
5,adsorption,5078.0,100.047406233861,10.349944774224983,0.10345040580094568,12.32447940826474,1.0,0.3400987438944946,1.0170049371947247,0.03878743207241105
5,adsorption,5080.0,100.04740727128718,10.351909643611446,0.10347004411160149,12.402038757703227,1.0,0.34206755569562924,1.0171033777847815,0.03877191828852631
5,adsorption,5082.0,100.04740830834318,10.353873726065597,0.1034896745566388,12.47956708510813,1.0,0.34403557915479854,1.0172017789577399,0.03875641003858033
5,adsorption,5084.0,100.0474093450293,10.35583702186896,0.10350929713887162,12.557064401545869,1.0,0.34600281455389725,1.017300140727695,0.0387409073211225
5,adsorption,5086.0,100.04741038134556,10.357799531302978,0.10352891186111354,12.634530718079969,1.0,0.34796926217474466,1.0173984631087372,0.03872541013470151
5,adsorption,5088.0,100.047411417292,10.359761254649026,0.1035485187261773,12.711966045771053,1.0,0.34993492229908607,1.0174967461149542,0.03870991847786614
5,adsorption,5090.0,100.04741245286878,10.361722192188394,0.10356811773687485,12.789370395676842,1.0,0.3518997952085924,1.0175949897604297,0.038694432349165225
5,adsorption,5092.0,100.04741348807596,10.36368234420233,0.1035877088960177,12.866743778852161,1.0,0.35386388118486,1.017693194059243,0.0386789517471476
5,adsorption,5094.0,100.04741452291373,10.365641710971973,0.10360729220641625,12.944086206348915,1.0,0.3558271805094099,1.0177913590254708,0.038663476670361505
5,adsorption,5096.0,100.047415557382,10.36760029277839,0.10362686767088022,13.02139768921612,1.0,0.3577896934636898,1.0178894846731845,0.03864800711735567
5,adsorption,5098.0,100.0474165914811,10.369558089902595,0.10364643529221874,13.09867823849988,1.0,0.35975142032907265,1.0179875710164537,0.03863254308667909
5,adsorption,5100.0,100.04741762521103,10.371515102625517,0.10366599507324009,13.175927865243409,1.0,0.361712361386857,1.018085618069343,0.038617084576880296
5,adsorption,5102.0,100.04741865857179,10.373471331227995,0.1036855470167518,13.253146580487009,1.0,0.3636725169182662,1.0181836258459134,0.03860163158650747
5,adsorption,5104.0,100.04741969156349,10.375426775990801,0.10370509112556063,13.33033439526808,1.0,0.3656318872044499,1.0182815943602226,0.03858618411410937
5,adsorption,5106.0,100.04742072418644,10.377381437194648,0.10372462740247257,13.407491320621121,1.0,0.3675904725264833,1.0183795236263242,0.038570742158234604
5,adsorption,5108.0,100.04742175644057,10.379335315120167,0.10374415585029305,13.484617367577728,1.0,0.3695482731653669,1.0184774136582686,0.038555305717431675
5,adsorption,5110.0,100.04742278832592,10.38128841004789,0.10376367647182647,13.561712547166588,1.0,0.37150528940202704,1.0185752644701016,0.03853987479024941
5,adsorption,5112.0,100.04742381984273,10.383240722258318,0.10378318926987677,13.638776870413496,1.0,0.3734615215173154,1.0186730760758658,0.0385244493752361
5,adsorption,5114.0,100.04742485099102,10.385192252031857,0.10380269424724715,13.715810348341337,1.0,0.3754169697920087,1.0187708484896005,0.038509029470940086
5,adsorption,5116.0,100.04742588177089,10.38714299964883,0.1038221914067398,13.792812991970091,1.0,0.37737163450681005,1.0188685817253404,0.03849361507591006
5,adsorption,5118.0,100.04742691218244,10.389092965389496,0.10384168075115632,13.869784812316846,1.0,0.37932551594234754,1.0189662757971174,0.03847820618869419
5,adsorption,5120.0,100.04742794222577,10.391042149534028,0.10386116228329755,13.94672582039577,1.0,0.3812786143791748,1.0190639307189588,0.03846280280784098
5,adsorption,5122.0,100.04742897190098,10.392990552362551,0.10388063600596367,14.02363602721814,1.0,0.38323093009777154,1.0191615465048887,0.038447404931899055
5,adsorption,5124.0,100.04743000120823,10.394938174155087,0.10390010192195392,14.100515443792327,1.0,0.385182463378542,1.0192591231689274,0.038432012559416265
5,adsorption,5126.0,100.04743103014745,10.39688501519158,0.10391956003406697,14.1773640811238,1.0,0.387133214501817,1.0193566607250908,0.03841662568894129
5,adsorption,5128.0,100.0474320587189,10.398831075751943,0.1039390103451007,14.254181950215123,1.0,0.38908318374785233,1.019454159187393,0.03840124431902242
5,adsorption,5130.0,100.0474330869226,10.400776356115951,0.10395845285785206,14.330969062065952,1.0,0.3910323713968297,1.0195516185698414,0.03838586844820819
5,adsorption,5132.0,100.04743411475869,10.402720856563365,0.10397788757511761,14.407725427673052,1.0,0.392980777728856,1.0196490388864428,0.03837049807504669
5,adsorption,5134.0,100.0474351422272,10.404664577373822,0.10399731449969281,14.484451058030267,1.0,0.39492840302396376,1.019746420151198,0.03835513319808645
5,adsorption,5136.0,100.04743616932834,10.406607518826934,0.10401673363437275,14.561145964128553,1.0,0.39687524756211084,1.0198437623781056,0.03833977381587547
5,adsorption,5138.0,100.04743719606208,10.408549681202203,0.1040361449819515,14.637810156955958,1.0,0.3988213116231812,1.0199410655811592,0.038324419926962235
5,adsorption,5140.0,100.04743822242861,10.41049106477906,0.10405554854522242,14.714443647497621,1.0,0.4007665954869839,1.0200383297743492,0.038309071529895024
5,adsorption,5142.0,100.04743924842796,10.41243166983689,0.10407494432697835,14.79104644673579,1.0,0.40271109943325284,1.0201355549716626,0.03829372862322148
5,adsorption,5144.0,100.04744027406029,10.414371496654953,0.10409433233001093,14.867618565649794,1.0,0.40465482374164896,1.0202327411870824,0.03827839120549035
5,adsorption,5146.0,100.04744129932564,10.416310545512472,0.10411371255711145,14.944160015216067,1.0,0.4065977686917575,1.020329888434588,0.03826305927524956
5,adsorption,5148.0,100.04744232422412,10.418248816688578,0.10413308501107024,15.020670806408141,1.0,0.4085399345630902,1.0204269967281545,0.03824773283104756
5,adsorption,5150.0,100.0474433487559,10.420186310462345,0.10415244969467699,15.09715095019664,1.0,0.41048132163508366,1.0205240660817543,0.03823241187143247
5,adsorption,5152.0,100.04744437292096,10.422123027112752,0.10417180661072062,15.173600457549284,1.0,0.41242193018710016,1.020621096509355,0.038217096394952445
5,adsorption,5154.0,100.04744539671947,10.42405896691873,0.10419115576198942,15.250019339430896,1.0,0.41436176049842754,1.0207180880249214,0.03820178640015562
5,adsorption,5156.0,100.04744642015146,10.425994130159106,0.10421049715127075,15.326407606803386,1.0,0.41630081284827924,1.020815040642414,0.03818648188559012
5,adsorption,5158.0,100.04744744321714,10.427928517112665,0.10422983078135135,15.40276527062577,1.0,0.418239087515794,1.0209119543757896,0.038171182849803954
5,adsorption,5160.0,100.04744846591655,10.429862128058081,0.10424915665501706,15.47909234185415,1.0,0.42017658478003633,1.0210088292390018,0.038155889291345405
5,adsorption,5162.0,100.04744948824977,10.431794963273973,0.10426847477505312,15.555388831441729,1.0,0.4221133049199963,1.0211056652459998,0.0381406012087626
5,adsorption,5164.0,100.04745051021688,10.433727023038898,0.10428778514424415,15.631654750338804,1.0,0.4240492482145893,1.0212024624107294,0.038125318600603586
5,adsorption,5166.0,100.04745153181806,10.435658307631321,0.10430708776537374,15.707890109492777,1.0,0.425984414942656,1.0212992207471328,0.03811004146541621
5,adsorption,5168.0,100.0474525530533,10.437588817329628,0.10432638264122486,15.784094919848137,1.0,0.42791880538296345,1.0213959402691482,0.03809476980174879
5,adsorption,5170.0,100.04745357392277,10.439518552412133,0.10434566977457965,15.860269192346475,1.0,0.42985241981420336,1.0214926209907103,0.03807950360814918
5,adsorption,5172.0,100.04745459442658,10.441447513157092,0.10436494916821965,15.936412937926471,1.0,0.4317852585149936,1.0215892629257497,0.03806424288316562
5,adsorption,5174.0,100.04745561456473,10.443375699842669,0.10438422082492563,16.012526167523905,1.0,0.4337173217638775,1.0216858660881938,0.03804898762534639
5,adsorption,5176.0,100.04745663433744,10.445303112746975,0.1044034847474776,16.088608892071655,1.0,0.4356486098393232,1.0217824304919663,0.03803373783323904
5,adsorption,5178.0,100.04745765374471,10.447229752148017,0.10442274093865477,16.164661122499695,1.0,0.43757912301972507,1.0218789561509862,0.038018493505391694
5,adsorption,5180.0,100.04745867278672,10.449155618323749,0.10444198940123563,16.24068286973509,1.0,0.4395088615834032,1.02197544307917,0.038003254640352806
5,adsorption,5182.0,100.0474596914635,10.451080711552038,0.10446123013799792,16.316674144702,1.0,0.4414378258086024,1.02207189129043,0.0379880212366699
5,adsorption,5184.0,100.04746070977511,10.453005032110692,0.10448046315171879,16.392634958321693,1.0,0.4433660159734938,1.0221683007986746,0.037972793292891334
5,adsorption,5186.0,100.04746172772181,10.454928580277453,0.10449968844517454,16.46856532151252,1.0,0.44529343235617325,1.0222646716178088,0.037957570807564775
5,adsorption,5188.0,100.04746274530353,10.456851356329947,0.10451890602114061,16.544465245189937,1.0,0.4472200752346626,1.0223610037617332,0.03794235377923814
5,adsorption,5190.0,100.04746376252047,10.458773360545734,0.10453811588239154,16.620334740266493,1.0,0.4491459448869091,1.0224572972443455,0.03792714220645933
5,adsorption,5192.0,100.0474647793726,10.460694593202312,0.10455731803170147,16.69617381765183,1.0,0.45107104159078615,1.0225535520795392,0.037911936087776675
5,adsorption,5194.0,100.04746579586018,10.462615054577125,0.10457651247184367,16.77198248825269,1.0,0.4529953656240921,1.0226497682812046,0.03789673542173814
5,adsorption,5196.0,100.04746681198327,10.464534744947509,0.10459569920559057,16.847760762972904,1.0,0.4549189172645509,1.0227459458632275,0.03788154020689167
5,adsorption,5198.0,100.04746782774184,10.466453664590759,0.1046148782357143,16.92350865271341,1.0,0.4568416967898128,1.0228420848394906,0.037866350441785844
5,adsorption,5200.0,100.04746884313614,10.468371813784097,0.10463404956498598,16.999226168372225,1.0,0.4587637044774517,1.0229381852238726,0.03785116612496782
5,adsorption,5202.0,100.04746985816615,10.470289192804636,0.1046532131961758,17.074913320844487,1.0,0.4606849406049681,1.0230342470302485,0.03783598725498542
5,adsorption,5204.0,100.04747087283206,10.472205801929428,0.10467236913205331,17.150570121022408,1.0,0.4626054054497882,1.0231302702724894,0.03782081383038665
5,adsorption,5206.0,100.04747188713395,10.474121641435453,0.10469151737538726,17.226196579795314,1.0,0.464525099289264,1.0232262549644633,0.037805645849719696
5,adsorption,5208.0,100.04747290107181,10.476036711599585,0.10471065792894559,17.3017927080496,1.0,0.466444022400672,1.0233222011200336,0.03779048331153224
5,adsorption,5210.0,100.04747391464589,10.47795101269869,0.10472979079549583,17.37735851666878,1.0,0.4683621750612156,1.0234181087530607,0.037775326214372615
5,adsorption,5212.0,100.04747492785623,10.479864545009502,0.10474891597780436,17.452894016533463,1.0,0.4702795575480229,1.0235139778774012,0.03776017455678867
5,adsorption,5214.0,100.04747594070292,10.48177730880872,0.10476803347863728,17.528399218521344,1.0,0.47219617013814774,1.0236098085069074,0.037745028337328394
5,adsorption,5216.0,100.04747695318598,10.483689304372943,0.10478714330075961,17.603874133507215,1.0,0.47411201310856893,1.0237056006554284,0.03772988755453948
5,adsorption,5218.0,100.04747796530563,10.485600531978722,0.10480624544693577,17.679318772362972,1.0,0.47602708673619154,1.0238013543368096,0.037714752206970015
5,adsorption,5220.0,100.04747897706196,10.48751099190249,0.1048253399199292,17.7547331459576,1.0,0.47794139129784574,1.0238970695648923,0.037699622293167735
5,adsorption,5222.0,100.047479988455,10.489420684420635,0.10484442672250278,17.83011726515718,1.0,0.4798549270702876,1.0239927463535143,0.037684497811680776
5,adsorption,5224.0,100.04748099948482,10.49132960980947,0.10486350585741877,17.905471140824893,1.0,0.4817676943301984,1.02408838471651,0.037669378761056936
5,adsorption,5226.0,100.04748201015158,10.493237768345224,0.1048825773274384,17.980794783821008,1.0,0.4836796933541848,1.0241839846677092,0.03765426513984405
5,adsorption,5228.0,100.04748302045542,10.495145160304062,0.10490164113532227,18.0560882050029,1.0,0.4855909244187802,1.024279546220939,0.03763915694659061
5,adsorption,5230.0,100.04748403039636,10.497051785962082,0.10492069728383047,18.131351415225033,1.0,0.48750138780044205,1.0243750693900222,0.03762405417984415
5,adsorption,5232.0,100.04748503997455,10.49895764559529,0.10493974577572214,18.206584425338974,1.0,0.48941108377555365,1.0244705541887777,0.037608956838152414
5,adsorption,5234.0,100.04748604918996,10.500862739479603,0.10495878661375543,18.281787246193375,1.0,0.49132001262042413,1.024566000631021,0.03759386492006335
5,adsorption,5236.0,100.04748705804285,10.50276706789089,0.104977819800688,18.356959888633988,1.0,0.4932281746112881,1.0246614087305643,0.03757877842412503
5,adsorption,5238.0,100.04748806653326,10.504670631104945,0.10499684533927693,18.432102363503667,1.0,0.4951355700243066,1.0247567785012153,0.03756369734888585
5,adsorption,5240.0,100.04748907466129,10.506573429397504,0.10501586323227848,18.507214681642356,1.0,0.49704219913556436,1.0248521099567782,0.03754862169289315
5,adsorption,5242.0,100.047490082427,10.508475463044174,0.10503487348244783,18.582296853887094,1.0,0.49894806222107285,1.0249474031110537,0.037533551454695016
5,adsorption,5244.0,100.0474910898305,10.510376732320523,0.10505387609253969,18.65734889107202,1.0,0.5008531595567691,1.0250426579778384,0.03751848663283955
5,adsorption,5246.0,100.04749209687189,10.512277237502055,0.1050728710653081,18.732370804028367,1.0,0.5027574914185151,1.0251378745709259,0.03750342722587448
5,adsorption,5248.0,100.04749310355132,10.51417697886417,0.10509185840350611,18.807362603584465,1.0,0.5046610580820992,1.025233052904105,0.03748837323234804
5,adsorption,5250.0,100.04749410986886,10.516075956682217,0.10511083810988621,18.88232430056574,1.0,0.506563859823234,1.0253281929911617,0.037473324650807736
5,adsorption,5252.0,100.04749511582452,10.517974171231476,0.10512981018720023,18.957255905794714,1.0,0.5084658969175591,1.025423294845878,0.03745828147980185
5,adsorption,5254.0,100.04749612141853,10.519871622787116,0.10514877463819888,19.032157430090997,1.0,0.5103671696406386,1.025518358482032,0.03744324371787816
5,adsorption,5256.0,100.04749712665091,10.521768311624248,0.10516773146563237,19.107028884271305,1.0,0.5122676782679627,1.025613383913398,0.037428211363584825
5,adsorption,5258.0,100.04749813152176,10.523664238017941,0.10518668067225034,19.18187027914945,1.0,0.5141674230749477,1.0257083711537474,0.03741318441547022
5,adsorption,5260.0,100.04749913603115,10.525559402243163,0.10520562226080155,19.256681625536334,1.0,0.516066404336934,1.0258033202168466,0.037398162872081885
5,adsorption,5262.0,100.04750014017931,10.527453804574808,0.10522455623403386,19.33146293423995,1.0,0.5179646223291883,1.0258982311164595,0.03738314673196787
5,adsorption,5264.0,100.04750114396614,10.529347445287682,0.10524348259469453,19.40621421606541,1.0,0.5198620773269025,1.025993103866345,0.0373681359936758
5,adsorption,5266.0,100.04750214739191,10.531240324656537,0.10526240134552997,19.480935481814896,1.0,0.5217587696051947,1.0260879384802597,0.03735313065575407
5,adsorption,5268.0,100.04750315045668,10.53313244295605,0.10528131248928596,19.555626742287696,1.0,0.5236546994391081,1.0261827349719554,0.03733813071675047
5,adsorption,5270.0,100.04750415316043,10.535023800460804,0.10530021602870747,19.6302880082802,1.0,0.5255498671036121,1.0262774933551806,0.03732313617521348
5,adsorption,5272.0,100.0475051555034,10.536914397445328,0.10531911196653876,19.704919290585888,1.0,0.5274442728736006,1.02637221364368,0.03730814702969081
5,adsorption,5274.0,100.04750615748559,10.538804234184072,0.10533800030552341,19.77952059999533,1.0,0.5293379170238935,1.0264668958511947,0.03729316327873043
5,adsorption,5276.0,100.04750715910716,10.540693310951404,0.10535688104840406,19.854091947296205,1.0,0.5312307998292365,1.0265615399914618,0.03727818492088044
5,adsorption,5278.0,100.04750816036824,10.542581628021638,0.1053757541979228,19.928633343273276,1.0,0.5331229215643004,1.026656146078215,0.03726321195468882
5,adsorption,5280.0,100.04750916126876,10.544469185668962,0.10539461975682073,20.003144798708423,1.0,0.5350142825036825,1.0267507141251841,0.03724824437870401
5,adsorption,5282.0,100.047510161809,10.546355984167558,0.1054134777278386,20.07762632438059,1.0,0.5369048829219046,1.0268452441460953,0.03723328219147386
5,adsorption,5284.0,100.04751116198892,10.548242023791502,0.10543232811371624,20.152077931065847,1.0,0.5387947230934141,1.0269397361546706,0.03721832539154614
5,adsorption,5286.0,100.04751216180871,10.550127304814772,0.10545117091719236,20.22649962953734,1.0,0.5406838032925849,1.0270341901646292,0.037203373977469506
5,adsorption,5288.0,100.04751316126854,10.552011827511338,0.10547000614100567,20.300891430565315,1.0,0.5425721237937156,1.0271286061896858,0.03718842794779188
5,adsorption,5290.0,100.04751416036827,10.553895592155007,0.10548883378789345,20.375253344917123,1.0,0.5444596848710299,1.0272229842435514,0.03717348730106092
5,adsorption,5292.0,100.04751515910822,10.555778599019579,0.10550765386059258,20.449585383357213,1.0,0.5463464867986794,1.027317324339934,0.0371585520358257
5,adsorption,5294.0,100.04751615748836,10.557660848378752,0.10552646636183914,20.52388755664711,1.0,0.5482325298507382,1.0274116264925368,0.03714362215063366
5,adsorption,5296.0,100.04751715550877,10.559542340506155,0.10554527129436846,20.59815987554546,1.0,0.5501178143012074,1.0275058907150603,0.03712869764403259
5,adsorption,5298.0,100.04751815316969,10.561423075675345,0.10556406866091499,20.672402350807992,1.0,0.5520023404240142,1.0276001170212008,0.037113778514571295
5,adsorption,5300.0,100.04751915047116,10.563303054159803,0.10558285846421267,20.74661499318753,1.0,0.5538861084930107,1.0276943054246506,0.03709886476079773
5,adsorption,5302.0,100.0475201474132,10.565182276232923,0.10560164070699453,20.820797813433998,1.0,0.5557691187819747,1.0277884559390986,0.03708395638126031
5,adsorption,5304.0,100.04752114399595,10.56706074216804,0.10562041539199284,20.89495082229442,1.0,0.5576513715646095,1.0278825685782305,0.03706905337450706
5,adsorption,5306.0,100.04752214021946,10.568938452238413,0.10563918252193936,20.96907403051291,1.0,0.5595328671145442,1.0279766433557271,0.03705415573908632
5,adsorption,5308.0,100.04752313608398,10.570815406717237,0.10565794209956489,21.043167448830676,1.0,0.5614136057053329,1.0280706802852666,0.03703926347354623
5,adsorption,5310.0,100.04752413158946,10.572691605877607,0.10567669412759949,21.117231087986035,1.0,0.563293587610456,1.0281646793805228,0.03702437657643498
5,adsorption,5312.0,100.04752512673602,10.574567049992558,0.10569543860877259,21.19126495871439,1.0,0.565172813103319,1.028258640655166,0.03700949504630106
5,adsorption,5314.0,100.04752612152382,10.576441739335062,0.1057141755458128,21.265269071748246,1.0,0.5670512824572529,1.0283525641228626,0.03699461888169235
5,adsorption,5316.0,100.0475271159529,10.578315674177995,0.10573290494144803,21.339243437817196,1.0,0.5689289959455144,1.0284464497972758,0.03697974808115729
5,adsorption,5318.0,100.04752811002344,10.580188854794148,0.10575162679840516,21.413188067647948,1.0,0.570805953841286,1.0285402976920646,0.03696488264324417
5,adsorption,5320.0,100.04752910373536,10.582061281456262,0.10577034111941074,21.48710297196428,1.0,0.572682156417676,1.0286341078208838,0.03695002256650168
5,adsorption,5322.0,100.04753009708894,10.583932954437012,0.10578904790719039,21.560988161487092,1.0,0.5745576039477178,1.0287278801973858,0.03693516784947805
5,adsorption,5324.0,100.0475310900842,10.585803874008995,0.10580774716446915,21.634843646934364,1.0,0.5764322967043701,1.0288216148352187,0.036920318490721464
5,adsorption,5326.0,100.04753208272122,10.587674040444703,0.10582643889397103,21.70866943902118,1.0,0.5783062349605175,1.0289153117480259,0.036905474488780024
5,adsorption,5328.0,100.04753307500013,10.58954345401658,0.10584512309841945,21.782465548459715,1.0,0.5801794189889707,1.0290089709494485,0.03689063584220281
5,adsorption,5330.0,100.04753406692105,10.591412114997,0.10586379978053716,21.856231985959255,1.0,0.5820518490624654,1.0291025924531232,0.03687580254953791
5,adsorption,5332.0,100.04753505848402,10.593280023658245,0.10588246894304604,21.929968762226167,1.0,0.583923525453663,1.0291961762726831,0.036860974609333755
5,adsorption,5334.0,100.04753604968917,10.59514718027253,0.10590113058866728,22.003675887963922,1.0,0.5857944484351498,1.0292897224217574,0.0368461520201384
5,adsorption,5336.0,100.04753704053657,10.597013585111997,0.10591978472012131,22.07735337387308,1.0,0.5876646182794392,1.029383230913972,0.036831334780500956
5,adsorption,5338.0,100.04753803102635,10.59887923844871,0.1059384313401278,22.151001230651318,1.0,0.5895340352589686,1.0294767017629485,0.03681652288896918
5,adsorption,5340.0,100.04753902115864,10.60074414055466,0.10595707045140561,22.224619468993385,1.0,0.5914026996461024,1.0295701349823054,0.0368017163440921
5,adsorption,5342.0,100.04754001093336,10.602608291701735,0.10597570205667291,22.298208099591147,1.0,0.593270611713129,1.0296635305856565,0.03678691514441775
5,adsorption,5344.0,100.04754100035082,10.60447169216181,0.10599432615864718,22.371767133133552,1.0,0.5951377717322653,1.0297568885866133,0.036772119288495976
5,adsorption,5346.0,100.04754198941104,10.606334342206663,0.10601294276004533,22.44529658030666,1.0,0.5970041799756506,1.0298502089987824,0.036757328774874205
5,adsorption,5348.0,100.0475429781141,10.608196242107969,0.10603155186358314,22.518796451793612,1.0,0.5988698367153512,1.0299434918357675,0.036742543602101774
5,adsorption,5350.0,100.04754396646011,10.610057392137369,0.10605015347197606,22.592266758274654,1.0,0.6007347422233581,1.0300367371111678,0.03672776376872623
5,adsorption,5352.0,100.04754495444914,10.611917792566395,0.10606874758793848,22.66570751042713,1.0,0.602598896771589,1.0301299448385794,0.036712989273296796
5,adsorption,5354.0,100.04754594208138,10.613777443666518,0.10608733421418401,22.739118718925486,1.0,0.6044623006318869,1.0302231150315944,0.03669822011436212
5,adsorption,5356.0,100.0475469293568,10.615636345709131,0.10610591335342577,22.812500394441262,1.0,0.6063249540760205,1.030316247703801,0.036683456290470734
5,adsorption,5358.0,100.04754791627556,10.61749449896556,0.10612448500837594,22.885852547643093,1.0,0.6081868573756838,1.0304093428687844,0.036668697800171464
5,adsorption,5360.0,100.04754890283779,10.619351903707045,0.10614304918174597,22.9591751891967,1.0,0.6100480108024964,1.0305024005401249,0.03665394464201316
5,adsorption,5362.0,100.04754988904355,10.621208560204755,0.10616160587624654,23.032468329764928,1.0,0.611908414628004,1.0305954207314003,0.03663919681454454
5,adsorption,5364.0,100.04755087489293,10.623064468729813,0.10618015509458797,23.1057319800077,1.0,0.6137680691236775,1.0306884034561838,0.03662445431631446
5,adsorption,5366.0,100.04755186038594,10.624919629553213,0.10619869683947931,23.178966150582035,1.0,0.6156269745609132,1.0307813487280457,0.03660971714587164
5,adsorption,5368.0,100.04755284552287,10.626774042945947,0.10621723111362934,23.252170852142065,1.0,0.6174851312110329,1.0308742565605518,0.03659498530176433
5,adsorption,5370.0,100.04755383030371,10.628627709178868,0.10623575791974567,23.325346095339007,1.0,0.6193425393452849,1.0309671269672642,0.03658025878254205
5,adsorption,5372.0,100.04755481472854,10.630480628522768,0.10625427726053527,23.398491890821177,1.0,0.6211991992348422,1.031059959961742,0.03656553758675345
5,adsorption,5374.0,100.04755579879752,10.632332801248376,0.10627278913870446,23.471608249234,1.0,0.6230551111508041,1.0311527555575402,0.036550821712947344
5,adsorption,5376.0,100.0475567825107,10.634184227626355,0.10629129355695884,23.54469518121998,1.0,0.6249102753641954,1.0312455137682097,0.036536111159672785
5,adsorption,5378.0,100.04755776586818,10.636034907927268,0.1063097905180032,23.617752697418734,1.0,0.6267646921459662,1.0313382346072983,0.036521405925478895
5,adsorption,5380.0,100.04755874887006,10.63788484242164,0.10632828002454167,23.690780808466968,1.0,0.6286183617669919,1.0314309180883496,0.03650670600891432
5,adsorption,5382.0,100.0475597315164,10.639734031379874,0.10634676207927744,23.7637795249985,1.0,0.6304712844980745,1.0315235642249037,0.036492011408528195
5,adsorption,5384.0,100.04756071380744,10.641582475072354,0.10636523668491324,23.836748857644224,1.0,0.6323234606099408,1.0316161730304971,0.036477322122869346
5,adsorption,5386.0,100.0475616957431,10.643430173769334,0.10638370384415075,23.90968881703215,1.0,0.6341748903732439,1.0317087445186621,0.03646263815048721
5,adsorption,5388.0,100.04756267732355,10.645277127741046,0.10640216355969127,23.982599413787387,1.0,0.6360255740585621,1.031801278702928,0.03644795948993072
5,adsorption,5390.0,100.047563658549,10.647123337257625,0.1064206158342351,24.055480658532122,1.0,0.6378755119363997,1.03189377559682,0.03643328613974931
5,adsorption,5392.0,100.04756463941928,10.648968802589106,0.10643906067048188,24.128332561885657,1.0,0.6397247042771849,1.0319862352138593,0.03641861809849102
5,adsorption,5394.0,100.04756561993469,10.650813524005489,0.10645749807113039,24.201155134464393,1.0,0.6415731513512742,1.0320786575675638,0.03640395536470607
5,adsorption,5396.0,100.04756660009527,10.652657501776668,0.1064759280388787,24.273948386881823,1.0,0.6434208534289482,1.0321710426714474,0.036389297936943114
5,adsorption,5398.0,100.0475675799012,10.654500736172478,0.10649435057642409,24.34671232974854,1.0,0.6452678107804133,1.0322633905390206,0.03637464581375157
5,adsorption,5400.0,100.04756855935243,10.65634322746269,0.10651276568646341,24.419446973672244,1.0,0.6471140236758022,1.03235570118379,0.03635999899368087
5,purge,5400.0,100.04756855935243,10.65634322746269,0.10651276568646341,24.419446973672244,1.0,0.6471140236758022,1.03235570118379,0.03635999899368087
5,purge,5402.0,100.05350627189084,9.20491559148524,0.0919999301820698,24.39899003636222,1.0,0.5307373235552244,1.0265368661777612,-0.05400468835416936
5,purge,5404.0,100.05329094472883,10.590873311825087,0.10585232341508555,24.3003829633488,1.0,0.5346191307191231,1.0267309565359561,-0.049004737306059844
5,purge,5406.0,100.05307062986368,10.536572638787176,0.10530983779364625,24.20808644836167,1.0,0.5362559579488905,1.0268127978974446,-0.04588208176709878
5,purge,5408.0,100.05307796304548,10.520012619502298,0.10514431773291229,24.116038440328076,1.0,0.5337006675038704,1.0266850333751936,-0.04603424815354261
5,purge,5410.0,100.05307858518202,10.519699281144783,0.10514118535781629,24.023945889826965,1.0,0.5313353903286708,1.0265667695164338,-0.04603731334017601
5,purge,5412.0,100.05307690429179,10.5173641949804,0.10511784864988254,23.931900048739134,1.0,0.5290074149480387,1.026450370747402,-0.04601221731531241
5,purge,5414.0,100.05307552841242,10.515011441775696,0.10509433504410079,23.83989604003785,1.0,0.5266746179294075,1.0263337308964704,-0.045991718815819045
5,purge,5416.0,100.05307415420783,10.512687520833728,0.10507110960559733,23.747933123384207,1.0,0.5243429504154665,1.0262171475207735,-0.04597116114362016
5,purge,5418.0,100.05307277663559,10.510362302253922,0.10504787120049656,23.65601140825805,1.0,0.5220123944906334,1.0261006197245317,-0.045950560462466865
5,purge,5420.0,100.05307140010088,10.508037874014429,0.10502464069287763,23.564130871839343,1.0,0.5196828735982136,1.0259841436799106,-0.045929976030180154
5,purge,5422.0,100.05307002440404,10.505714596376642,0.1050014216836543,23.47229149153586,1.0,0.5173543923729441,1.0258677196186472,-0.04590940377982074
5,purge,5424.0,100.05306864937666,10.50339237679429,0.10497821324803243,23.380493246970968,1.0,0.515026953147873,1.0257513476573936,-0.045888841484078374
5,purge,5426.0,100.05306727501372,10.50107117538014,0.10495501498735738,23.288736117693677,1.0,0.5127005553416654,1.0256350277670834,-0.045868289187374484
5,purge,5428.0,100.05306590131923,10.498751014963618,0.104931827129799,23.197020083215097,1.0,0.5103751984420273,1.0255187599221014,-0.04584774687952065
5,purge,5430.0,100.0530645283104,10.496431896236492,0.10490864968225425,23.10534512305357,1.0,0.5080508816025754,1.0254025440801289,-0.045827214811062576
5,purge,5432.0,100.05306315598793,10.494113815430971,0.10488548260706526,23.013711216733856,1.0,0.5057276042695587,1.025286380213478,-0.04580669300442137
5,purge,5434.0,100.05306178435045,10.49179677099133,0.10486232588868537,22.922118343778866,1.0,0.5034053659418667,1.0251702682970936,-0.04578618144092128
5,purge,5436.0,100.05306041339712,10.489480762367158,0.10483917952161524,22.8305664837201,1.0,0.5010841661099864,1.0250542083054994,-0.045765680108612594
5,purge,5438.0,100.05305904312753,10.487165789122368,0.10481604350149766,22.739055616236417,1.0,0.49876400426145645,1.024938200213073,-0.04574518900079226
5,purge,5440.0,100.05305767354125,10.484851850762011,0.10479291782338701,22.647585720828303,1.0,0.4964448798779866,1.0248222439938994,-0.0457247081117365
5,purge,5442.0,100.05305630463793,10.48253894676758,0.10476980248210235,22.556156776982938,1.0,0.4941267924413327,1.0247063396220666,-0.04570423743541923
5,purge,5444.0,100.05305493641714,10.480227076625898,0.10474669747251589,22.464768764282475,1.0,0.4918097414357168,1.024590487071786,-0.04568377696579032
5,purge,5446.0,100.05305356887852,10.477916239823703,0.10472360278949902,22.37342166231957,1.0,0.48949372634560406,1.0244746863172802,-0.045663326696820175
5,purge,5448.0,100.0530522020216,10.475606435847391,0.10470051842791989,22.28211545069892,1.0,0.48717874665577077,1.0243589373327886,-0.04564288662247717
5,purge,5450.0,100.05305083584602,10.473297664183239,0.10467744438264513,22.190850109037317,1.0,0.4848648018512982,1.024243240092565,-0.045622456736733645
5,purge,5452.0,100.05304947035138,10.470989924317934,0.10465438064854578,22.099625616963603,1.0,0.4825518914175836,1.0241275945708792,-0.045602037033556836
5,purge,5454.0,100.0530481055372,10.468683215738377,0.10463132722049485,22.008441954118712,1.0,0.4802400148403389,1.024012000742017,-0.045581627506909826
5,purge,5456.0,100.05304674140316,10.466377537931956,0.10460828409337027,21.917299100155613,1.0,0.4779291716055714,1.0238964585802786,-0.045561228150766464
5,purge,5458.0,100.05304537794885,10.464072890386285,0.10458525126205215,21.826197034739334,1.0,0.47561936119958925,1.0237809680599794,-0.04554083895910697
5,purge,5460.0,100.05304401517387,10.46176927258969,0.10456222872142779,21.73513573754691,1.0,0.4733105831090094,1.0236655291554504,-0.04552045992591081
5,purge,5462.0,100.05304265307778,10.459466684030652,0.104539216466386,21.644115188267435,1.0,0.47100283682074723,1.0235501418410373,-0.045500091045165794
5,purge,5464.0,100.0530412916602,10.457165124197973,0.10451621449181894,21.553135366602003,1.0,0.4686961218220189,1.023434806091101,-0.04547973231086526
5,purge,5466.0,100.0530399309207,10.45486459258075,0.10449322279262145,21.462196252263727,1.0,0.466390437600342,1.023319521880017,-0.045459383717007744
5,purge,5468.0,100.05303857085897,10.452565088668322,0.104470241363691,21.371297824977724,1.0,0.4640857836435368,1.0232042891821769,-0.045439045257595706
5,purge,5470.0,100.05303721147452,10.450266611950298,0.1044472701999277,21.280440064481084,1.0,0.4617821594397249,1.0230891079719862,-0.04541871692663619
5,purge,5472.0,100.0530358527669,10.447969161916596,0.10442430929623477,21.1896229505229,1.0,0.4594795644773308,1.0229739782238665,-0.0453983987181399
5,purge,5474.0,100.05303449473588,10.445672738057427,0.10440135864751815,21.098846462864234,1.0,0.45717799824508015,1.022858899912254,-0.04537809062612208
5,purge,5476.0,100.05303313738095,10.443377339863293,0.10437841824868706,21.008110581278114,1.0,0.4548774602320005,1.0227438730116,-0.04535779264460181
5,purge,5478.0,100.05303178070173,10.441082966825046,0.10435548809465392,20.917415285549517,1.0,0.45257794992741956,1.022628897496371,-0.045337504767602996
5,purge,5480.0,100.05303042469772,10.438789618433798,0.10433256818033393,20.82676055547537,1.0,0.45027946682096615,1.0225139733410482,-0.04531722698915379
5,purge,5482.0,100.0530290693687,10.436497294180992,0.10430965850064539,20.73614637086455,1.0,0.44798201040256963,1.0223991005201285,-0.04529695930328665
5,purge,5484.0,100.0530277147142,10.434205993558374,0.10428675905050973,20.64557271153785,1.0,0.44568558016245907,1.022284279008123,-0.04527670170403885
5,purge,5486.0,100.05302636073377,10.431915716057967,0.10426386982485134,20.55503955732799,1.0,0.4433901755911631,1.0221695087795584,-0.045256454185452544
5,purge,5488.0,100.05302500742708,10.42962646117211,0.10424099081859747,20.464546888079603,1.0,0.44109579617951106,1.0220547898089756,-0.04523621674157341
5,purge,5490.0,100.05302365479369,10.427338228393419,0.1042181220266783,20.37409468364923,1.0,0.4388024414186315,1.0219401220709317,-0.04521598936645197
5,purge,5492.0,100.05302230283323,10.4250510172148,0.10419526344402685,20.283682923905292,1.0,0.4365101107999524,1.0218255055399978,-0.0451957720541429
5,purge,5494.0,100.05302095154526,10.422764827129502,0.10417241506557957,20.19331158872811,1.0,0.43421880381520106,1.02171094019076,-0.04517556479870539
5,purge,5496.0,100.0530196009294,10.420479657631049,0.10414957688627571,20.102980658009884,1.0,0.4319285199564034,1.02159642599782,-0.04515536759420294
5,purge,5498.0,100.05301825098529,10.418195508213232,0.10412674890105714,20.012690111654667,1.0,0.4296392587158836,1.021481962935794,-0.045135180434704124
5,purge,5500.0,100.05301690171251,10.415912378370173,0.10410393110486903,19.92243992957839,1.0,0.4273510195862661,1.0213675509793132,-0.04511500331428016
5,purge,5502.0,100.05301555311068,10.413630267596298,0.10408112349265954,19.832230091708816,1.0,0.42506380206047195,1.0212531901030235,-0.045094836227008134
5,purge,5504.0,100.05301420517935,10.4113491753863,0.1040583260593797,19.74206057798557,1.0,0.422777605631721,1.021138880281586,-0.04507467916696898
5,purge,5506.0,100.05301285791818,10.409069101235195,0.10403553879998348,19.6519313683601,1.0,0.42049242979352996,1.0210246214896765,-0.045054532128248594
5,purge,5508.0,100.0530115113268,10.406790044638296,0.10401276170942805,19.56184244279568,1.0,0.4182082740397145,1.0209104137019858,-0.045034395104936245
5,purge,5510.0,100.05301016540473,10.404512005091188,0.1039899947826732,19.471793781267394,1.0,0.4159251378643865,1.0207962568932194,-0.04501426809112635
5,purge,5512.0,100.05300882015158,10.402234982089768,0.10396723801468188,19.381785363762145,1.0,0.41364302076195564,1.0206821510380981,-0.044994151080917456
5,purge,5514.0,100.05300747556706,10.399958975130223,0.10394449140041985,19.291817170278623,1.0,0.41136192222712864,1.0205680961113563,-0.044974044068412086
5,purge,5516.0,100.05300613165065,10.39768398370905,0.10392175493485606,19.201889180827322,1.0,0.4090818417549088,1.0204540920877454,-0.04495394704771758
5,purge,5518.0,100.05300478840202,10.395410007323008,0.10389902861296202,19.11200137543051,1.0,0.4068027788405958,1.0203401389420297,-0.044933860012945415
5,purge,5520.0,100.05300344582079,10.393137045469194,0.10387631242971261,19.02215373412222,1.0,0.404524732979786,1.0202262366489894,-0.04491378295821131
5,purge,5522.0,100.05300210390658,10.390865097644962,0.10385360638008533,18.932346236948263,1.0,0.4022477036683717,1.0201123851834186,-0.04489371587763525
5,purge,5524.0,100.05300076265891,10.388594163348015,0.10383091045906116,18.842578863966192,1.0,0.39997169040254094,1.0199985845201271,-0.04487365876534186
5,purge,5526.0,100.05299942207748,10.386324242076297,0.10380822466162341,18.75285159524532,1.0,0.39769669267877705,1.019884834633939,-0.04485361161546028
5,purge,5528.0,100.05299808216182,10.38405533332806,0.10378554898275863,18.66316441086669,1.0,0.3954227099938596,1.019771135499693,-0.044833574422123254
5,purge,5530.0,100.05299674291155,10.38178743660184,0.10376288341745604,18.573517290923075,1.0,0.3931497418448624,1.019657487092243,-0.044813547179468824
5,purge,5532.0,100.05299540432632,10.379520551396494,0.1037402279607081,18.483910215518968,1.0,0.39087778772915566,1.0195438893864577,-0.04479352988163794
5,purge,5534.0,100.05299406640587,10.37725467721117,0.1037175826075101,18.394343164770582,1.0,0.38860684714440324,1.0194303423572202,-0.044773522522777075
5,purge,5536.0,100.05299272914945,10.374989813545271,0.10369494735286032,18.304816118805817,1.0,0.38633691958856436,1.0193168459794282,-0.04475352509703613
5,purge,5538.0,100.05299139255702,10.372725959898556,0.10367232219175994,18.21532905776429,1.0,0.38406800455989176,1.0192034002279946,-0.04473353759857017
5,purge,5540.0,100.05299005662798,10.370463115771026,0.10364970711921304,18.12588196179728,1.0,0.3818001015569321,1.0190900050778466,-0.04471356002153851
5,purge,5542.0,100.0529887213621,10.368201280662989,0.1036271021302265,18.036474811067766,1.0,0.37953321007852747,1.0189766605039263,-0.04469359236010385
5,purge,5544.0,100.05298738675879,10.365940454075048,0.10360450721981038,17.94710758575039,1.0,0.37726732962381304,1.0188633664811906,-0.0446736346084336
5,purge,5546.0,100.05298605281784,10.363680635508109,0.1035819223829775,17.857780266031444,1.0,0.3750024596922159,1.0187501229846108,-0.04465368676070045
5,purge,5548.0,100.05298471953878,10.361421824463338,0.10355934761474353,17.76849283210888,1.0,0.37273859978345913,1.0186369299891729,-0.04463374881107946
5,purge,5550.0,100.05298338692123,10.359164020442236,0.1035367829101273,17.6792452641923,1.0,0.3704757493975572,1.0185237874698778,-0.044613820753751365
5,purge,5552.0,100.05298205496484,10.356907222946566,0.10351422826415033,17.590037542502927,1.0,0.3682139080348173,1.018410695401741,-0.04459390258290102
5,purge,5554.0,100.05298072366914,10.35465143147839,0.10349168367183716,17.50086964727362,1.0,0.36595307519584,1.018297653759792,-0.044573994292717134
5,purge,5556.0,100.05297939303381,10.352396645540063,0.10346914912821527,17.411741558748858,1.0,0.3636932503815183,1.018184662519076,-0.04455409587739281
5,purge,5558.0,100.0529780630584,10.350142864634229,0.1034466246283149,17.322653257184715,1.0,0.3614344330930366,1.0180717216546518,-0.044534207331125744
5,purge,5560.0,100.05297673374263,10.347890088263828,0.10342411016716933,17.23360472284888,1.0,0.3591766228318723,1.0179588311415937,-0.044514328648117225
5,purge,5562.0,100.05297540508597,10.345638315932094,0.10340160573981486,17.14459593602064,1.0,0.3569198190997941,1.0178459909549897,-0.044494459822573364
5,purge,5564.0,100.05297407708815,10.343387547142532,0.10337911134129037,17.055626876990843,1.0,0.354664021398862,1.0177332010699431,-0.04447460084870447
5,purge,5566.0,100.05297274974872,10.341137781398954,0.10335662696663779,16.96669752606193,1.0,0.3524092292314273,1.0176204614615714,-0.0444547517207253
5,purge,5568.0,100.05297142306735,10.338889018205451,0.10333415261090191,16.877807863547908,1.0,0.3501554421001341,1.0175077721050068,-0.04443491243285353
5,purge,5570.0,100.05297009704357,10.336641257066422,0.10331168826913072,16.788957869774332,1.0,0.3479026595079154,1.0173951329753959,-0.044415082979312584
5,purge,5572.0,100.05296877167707,10.334394497486539,0.10328923393637462,16.70014752507832,1.0,0.3456508809579958,1.0172825440478999,-0.0443952633543297
5,purge,5574.0,100.05296744696741,10.332148738970773,0.10326678960768733,16.611376809808522,1.0,0.34340010595389,1.0171700052976946,-0.04437545355213621
5,purge,5576.0,100.05296612291428,10.329903981024382,0.10324435527812516,16.522645704325125,1.0,0.3411503339994036,1.0170575166999702,-0.044355653566967655
5,purge,5578.0,100.0529647995172,10.327660223152906,0.10322193094274745,16.43395418899984,1.0,0.3389015645986325,1.0169450782299316,-0.044335863393063425
5,purge,5580.0,100.0529634767758,10.325417464862173,0.10319951659661636,16.3453022442159,1.0,0.3366537972559612,1.016832689862798,-0.04431608302466823
5,purge,5582.0,100.05296215468978,10.323175705658342,0.10317711223479717,16.256689850368033,1.0,0.33440703147606504,1.0167203515738032,-0.04429631245602992
5,purge,5584.0,100.05296083325867,10.32093494504778,0.10315471785235757,16.168116987862476,1.0,0.3321612667639082,1.0166080633381953,-0.04427655168140102
5,purge,5586.0,100.0529595124821,10.318695182537205,0.10313233344436848,16.07958363711695,1.0,0.32991650262474415,1.0164958251312373,-0.044256800695038546
5,purge,5588.0,100.05295819235971,10.316456417633592,0.10310995900590353,15.99108977856067,1.0,0.3276727385641165,1.0163836369282058,-0.04423705949120252
5,purge,5590.0,100.05295687289119,10.314218649844236,0.10308759453203946,15.902635392634316,1.0,0.32542997408785623,1.0162714987043928,-0.04421732806415842
5,purge,5592.0,100.052955554076,10.311981878676676,0.10306524001785554,15.814220459790034,1.0,0.32318820870208276,1.0161594104351042,-0.04419760640817608
5,purge,5594.0,100.05295423591387,10.309746103638766,0.10304289545843412,15.725844960491433,1.0,0.3209474419132071,1.0160473720956604,-0.044177894517527044
5,purge,5596.0,100.05295291840436,10.307511324238668,0.10302056084886065,15.637508875213557,1.0,0.31870767322792354,1.0159353836613962,-0.04415819238649071
5,purge,5598.0,100.05295160154714,10.305277539984779,0.10299823618422296,15.549212184442908,1.0,0.3164689021532177,1.0158234451076609,-0.044138500009348325
5,purge,5600.0,100.05295028534168,10.303044750385823,0.10297592145961212,15.460954868677412,1.0,0.31423112819636256,1.015711556409818,-0.04411881738038541
5,purge,5602.0,100.05294896978783,10.300812954950816,0.10295361667012203,15.37273690842642,1.0,0.31199435086491756,1.0155997175432459,-0.044099144493892656
5,purge,5604.0,100.0529476548851,10.29858215318904,0.10293132181084932,15.284558284210696,1.0,0.30975856966673,1.0154879284833365,-0.044079481344164506
5,purge,5606.0,100.05294634063299,10.296352344610021,0.10290903687689323,15.196418976562418,1.0,0.307523784109935,1.0153761892054967,-0.04405982792549902
5,purge,5608.0,100.05294502703137,10.294123528723647,0.10288676186335621,15.108318966025156,1.0,0.30528999370295395,1.0152644996851476,-0.04404018423219898
5,purge,5610.0,100.05294371407963,10.291895705040053,0.10286449676534361,15.020258233153871,1.0,0.3030571979544951,1.0151528598977249,-0.04402055025857122
5,purge,5612.0,100.0529424017775,10.289668873069656,0.10284224157796339,14.932236758514914,1.0,0.30082539637355343,1.0150412698186777,-0.04400092599892659
5,purge,5614.0,100.05294109012458,10.28744303232319,0.10281999629632659,14.844254522686006,1.0,0.2985945884694103,1.0149297294234705,-0.04398131144758008
5,purge,5616.0,100.05293977912046,10.28521818231163,0.10279776091554681,14.756311506256223,1.0,0.2963647737516326,1.0148182386875817,-0.043961706598851
5,purge,5618.0,100.05293846876481,10.282994322546273,0.10277553543074085,14.668407689826013,1.0,0.2941359517300734,1.0147067975865036,-0.043942111447063004
5,purge,5620.0,100.05293715905725,10.280771452538682,0.10275331983702807,14.580543054007162,1.0,0.29190812191487187,1.0145954060957436,-0.04392252598654316
5,purge,5622.0,100.05293584999734,10.278549571800704,0.10273111412953083,14.492717579422806,1.0,0.289681283816452,1.0144840641908226,-0.04390295021162353
5,purge,5624.0,100.05293454158479,10.276328679844477,0.10270891830337418,14.404931246707415,1.0,0.2874554369455238,1.0143727718472761,-0.043883384116639695
5,purge,5626.0,100.05293323381913,10.274108776182421,0.10268673235368624,14.317184036506765,1.0,0.2852305808130819,1.014261529040654,-0.0438638276959314
5,purge,5628.0,100.0529319267001,10.271889860327253,0.10266455627559776,14.229475929477976,1.0,0.28300671493040575,1.0141503357465202,-0.04384428094384302
5,purge,5630.0,100.05293062022719,10.26967193179195,0.10264239006424249,14.14180690628945,1.0,0.28078383880905966,1.0140391919404532,-0.043824743854722445
5,purge,5632.0,100.05292931440007,10.267454990089774,0.10262023371475676,14.054176947620904,1.0,0.2785619519608918,1.0139280975980447,-0.04380521642292249
5,purge,5634.0,100.05292800921839,10.26523903473428,0.1025980872222799,13.966586034163344,1.0,0.2763410538980354,1.0138170526949017,-0.043785698642799194
5,purge,5636.0,100.05292670468172,10.263024065239302,0.10257595058195405,13.879034146619054,1.0,0.27412114413290795,1.0137060572066454,-0.043766190508712874
5,purge,5638.0,100.0529254007898,10.260810081118978,0.10255382378892422,13.791521265701595,1.0,0.2719022221782099,1.0135951111089105,-0.043746692015028156
5,purge,5640.0,100.05292409754212,10.258597081887698,0.10253170683833826,13.704047372135797,1.0,0.2696842875469256,1.0134842143773464,-0.04372720315611396
5,purge,5642.0,100.05292279493838,10.256385067060146,0.10250959972534669,13.616612446657745,1.0,0.2674673397523231,1.0133733669876162,-0.04370772392634287
5,purge,5644.0,100.0529214929781,10.254174036151287,0.10248750244510298,13.529216470014777,1.0,0.26525137830795315,1.0132625689153976,-0.04368825432009211
5,purge,5646.0,100.05292019166107,10.251963988676376,0.10246541499276329,13.441859422965475,1.0,0.2630364027276501,1.0131518201363825,-0.04366879433174242
5,purge,5648.0,100.05291889098685,10.249754924150942,0.10244333736348676,13.35454128627965,1.0,0.260822412525531,1.0130411206262766,-0.04364934395567882
5,purge,5650.0,100.05291759095492,10.247546842090788,0.10242126955243527,13.267262040738341,1.0,0.2586094072159951,1.0129304703607998,-0.04362990318629063
5,purge,5652.0,100.05291629156515,10.245339742012025,0.10239921155477352,13.180021667133806,1.0,0.2563973863137243,1.0128198693156865,-0.04361047201797118
5,purge,5654.0,100.05291499281698,10.243133623431008,0.10237716336566893,13.09282014626951,1.0,0.2541863493336831,1.0127093174666841,-0.04359105044511736
5,purge,5656.0,100.05291369471013,10.240928485864409,0.10235512498029184,13.00565745896012,1.0,0.25197629579111713,1.012598814789556,-0.04357163846213103
5,purge,5658.0,100.05291239724417,10.238724328829147,0.10233309639381531,12.918533586031502,1.0,0.24976722520155464,1.0124883612600777,-0.0435522360634174
5,purge,5660.0,100.05291110041873,10.236521151842451,0.10231107760141535,12.8314485083207,1.0,0.2475591370808049,1.0123779568540403,-0.04353284324338616
5,purge,5662.0,100.05290980423351,10.234318954421818,0.10228906859827058,12.744402206675927,1.0,0.245352030944959,1.012267601547248,-0.043513459996450524
5,purge,5664.0,100.05290850868805,10.232117736085025,0.10226706937956255,12.657394661956587,1.0,0.24314590631038874,1.0121572953155193,-0.043494086317028544
5,purge,5666.0,100.05290721378202,10.229917496350124,0.10224507994047555,12.570425855033225,1.0,0.24094076269374715,1.0120470381346873,-0.04347472219954174
5,purge,5668.0,100.05290591951506,10.227718234735462,0.10222310027619672,12.483495766787547,1.0,0.23873659961196872,1.0119368299805984,-0.04345536763841535
5,purge,5670.0,100.05290462588673,10.225519950759654,0.10220113038191597,12.396604378112402,1.0,0.23653341658226698,1.0118266708291133,-0.04343602262807978
5,purge,5672.0,100.05290333289678,10.223322643941604,0.10217917025282602,12.309751669911778,1.0,0.2343312131221365,1.011716560656107,-0.04341668716296907
5,purge,5674.0,100.05290204054468,10.221126313800445,0.10215721988412203,12.222937623100785,1.0,0.2321299887493527,1.0116064994374676,-0.04339736123752058
5,purge,5676.0,100.05290074883018,10.218930959855673,0.10213527927100255,12.13616221860566,1.0,0.22992974298197055,1.0114964871490986,-0.04337804484617616
5,purge,5678.0,100.05289945775284,10.216736581627007,0.1021133484086686,12.049425437363748,1.0,0.22773047533832436,1.0113865237669162,-0.043358737983381954
5,purge,5680.0,100.05289816731239,10.214543178634461,0.1020914272923239,11.962727260323497,1.0,0.2255321853370283,1.0112766092668515,-0.043339440643587884
5,purge,5682.0,100.05289687750826,10.21235075039832,0.10206951591717521,11.87606766844446,1.0,0.22333487249697642,1.0111667436248488,-0.043320152821247605
5,purge,5684.0,100.05289558834028,10.210159296439166,0.10204761427843184,11.78944664269727,1.0,0.22113853633734068,1.011056926816867,-0.043300874510819674
5,purge,5686.0,100.0528942998081,10.207968816277841,0.10202572237130596,11.702864164063639,1.0,0.21894317637757316,1.0109471588188788,-0.04328160570676571
5,purge,5688.0,100.05289301191117,10.205779309435457,0.10200384019101248,11.616320213536351,1.0,0.21674879213740383,1.0108374396068702,-0.043262346403552025
5,purge,5690.0,100.05289172464916,10.203590775433415,0.10198196773276914,11.529814772119261,1.0,0.21455538313684203,1.0107277691568424,-0.043243096595648435
5,purge,5692.0,100.05289043802175,10.201403213793396,0.10196010499179638,11.443347820827269,1.0,0.21236294889617513,1.0106181474448088,-0.04322385627752878
5,purge,5694.0,100.05288915202863,10.199216624037367,0.10193825196331749,11.356919340686334,1.0,0.21017148893596801,1.0105085744467983,-0.04320462544367163
5,purge,5696.0,100.05288786666932,10.197031005687556,0.10191640864255853,11.270529312733453,1.0,0.2079810027770648,1.0103990501388533,-0.04318540408855852
5,purge,5698.0,100.05288658194355,10.194846358266473,0.10189457502474822,11.184177718016649,1.0,0.20579148994058596,1.0102895744970293,-0.04316619220667592
5,purge,5700.0,100.05288529785089,10.19266268129689,0.10187275110511806,11.09786453759497,1.0,0.20360294994793066,1.0101801474973966,-0.04314698979251349
5,purge,5702.0,100.05288401439094,10.190479974301883,0.10185093687890247,11.011589752538487,1.0,0.20141538232077494,1.0100707691160387,-0.043127796840565294
5,purge,5704.0,100.05288273156341,10.188298236804794,0.10182913234133852,10.92535334392827,1.0,0.19922878658107188,1.0099614393290537,-0.04310861334532933
5,purge,5706.0,100.05288144936786,10.186117468329218,0.10180733748766588,10.839155292856395,1.0,0.19704316225105095,1.0098521581125526,-0.04308943930130815
5,purge,5708.0,100.05288016780402,10.18393766839906,0.10178555231312719,10.752995580425925,1.0,0.19485850885321998,1.009742925442661,-0.04307027470300692
5,purge,5710.0,100.05287888687143,10.181758836538483,0.1017637768129678,10.666874187750913,1.0,0.19267482591036225,1.009633741295518,-0.04305111954493573
5,purge,5712.0,100.05287760656971,10.17958097227192,0.10174201098243578,10.580791095956387,1.0,0.19049211294553786,1.0095246056472769,-0.043031973821608234
5,purge,5714.0,100.05287632689861,10.17740407512412,0.10172025481678218,10.494746286178339,1.0,0.1883103694820819,1.009415518474104,-0.043012837527542876
5,purge,5716.0,100.05287504785761,10.175228144620041,0.10169850831126036,10.408739739563725,1.0,0.18612959504360674,1.0093064797521802,-0.042993710657261264
5,purge,5718.0,100.05287376944659,10.17305318028497,0.10167677146112661,10.322771437270452,1.0,0.18394978915399937,1.0091974894577,-0.04297459320528955
5,purge,5720.0,100.0528724916649,10.170879181644414,0.10165504426163996,10.236841360467373,1.0,0.18177095133742374,1.0090885475668712,-0.04295548516615697
5,purge,5722.0,100.05287121451227,10.168706148224203,0.10163332670806226,10.150949490334277,1.0,0.17959308111831887,1.008979654055916,-0.042936386534396825
5,purge,5724.0,100.05286993798838,10.166534079550445,0.10161161879565822,10.06509580806188,1.0,0.17741617802139825,1.0088708089010698,-0.04291729730454697
5,purge,5726.0,100.05286866209292,10.164362975149496,0.10158992051969493,9.979280294851822,1.0,0.17524024157164936,1.0087620120785825,-0.04289821747114993
5,purge,5728.0,100.05286738682533,10.162192834547984,0.1015682318754426,9.89350293191665,1.0,0.1730652712943368,1.0086532635647167,-0.04287914702875032
5,purge,5730.0,100.05286611218547,10.160023657272825,0.10154655285817374,9.807763700479823,1.0,0.1708912667149983,1.00854456333575,-0.0428600859718978
5,purge,5732.0,100.05286483817284,10.157855442851185,0.10152488346316388,9.722062581775694,1.0,0.16871822735944664,1.0084359113679724,-0.042841034295145485
5,purge,5734.0,100.05286356478707,10.155688190810531,0.10150322368569127,9.636399557049504,1.0,0.1665461527537682,1.0083273076376884,-0.042821991993050895
5,purge,5736.0,100.0528622920279,10.153521900678617,0.10148157352103698,9.550774607557377,1.0,0.16437504242432358,1.0082187521212163,-0.04280295906017517
5,purge,5738.0,100.05286101989482,10.151356571983419,0.10145993296448456,9.465187714566316,1.0,0.16220489589774706,1.0081102447948873,-0.042783935491083586
5,purge,5740.0,100.05285974838762,10.149192204253232,0.10143830201132045,9.379638859354175,1.0,0.1600357127009463,1.0080017856350474,-0.04276492128034542
5,purge,5742.0,100.05285847750586,10.147028797016594,0.10141668065683374,9.294128023209684,1.0,0.1578674923611028,1.0078933746180552,-0.04274591642253346
5,purge,5744.0,100.05285720724915,10.144866349802308,0.10139506889631617,9.208655187432408,1.0,0.15570023440567124,1.0077850117202836,-0.04272692091222458
5,purge,5746.0,100.05285593761714,10.142704862139492,0.10137346672506238,9.123220333332762,1.0,0.15353393836237908,1.007676696918119,-0.04270793474399955
5,purge,5748.0,100.05285466860953,10.140544333557498,0.10135187413836959,9.037823442231995,1.0,0.15136860375922634,1.0075684301879613,-0.04268895791244334
5,purge,5750.0,100.05285340022593,10.13838476358595,0.10133029113153767,8.952464495462184,1.0,0.14920423012448636,1.0074602115062243,-0.04266999041214431
5,purge,5752.0,100.05285213246587,10.13622615175477,0.10130871769986947,8.86714347436622,1.0,0.1470408169867045,1.0073520408493353,-0.042651032237694876
5,purge,5754.0,100.05285086532918,10.13406849759414,0.10128715383867035,8.781860360297808,1.0,0.144878363874698,1.007243918193735,-0.042632083383691705
5,purge,5756.0,100.05284959881541,10.131911800634503,0.10126559954324842,8.696615134621455,1.0,0.14271687031755645,1.007135843515878,-0.04261314384473507
5,purge,5758.0,100.0528483329241,10.129756060406562,0.10124405480891437,8.611407778712467,1.0,0.1405563358446413,1.007027816792232,-0.04259421361542912
5,purge,5760.0,100.05284706765505,10.127601276441345,0.10122251963098192,8.526238273956933,1.0,0.13839675998558584,1.0069198379992792,-0.04257529269038169
5,purge,5762.0,100.05284580300781,10.125447448270085,0.10120099400476715,8.441106601751727,1.0,0.13623814227029424,1.0068119071135149,-0.042556381064205014
5,purge,5764.0,100.05284453898206,10.123294575424321,0.10117947792558898,8.35601274350449,1.0,0.13408048222894217,1.006704024111447,-0.04253747873151488
5,purge,5766.0,100.05284327557743,10.121142657435865,0.10115797138876914,8.270956680633626,1.0,0.13192377939197622,1.006596188969599,-0.04251858568693107
5,purge,5768.0,100.05284201279348,10.118991693836765,0.10113647438963183,8.185938394568309,1.0,0.12976803329011424,1.0064884016645057,-0.042499701925077064
5,purge,5770.0,100.05284075062991,10.116841684159377,0.10111498692350404,8.100957866748447,1.0,0.12761324345434438,1.0063806621727172,-0.0424808274405803
5,purge,5772.0,100.05283948908647,10.114692627936316,0.10109350898571552,8.016015078624696,1.0,0.1254594094159254,1.0062729704707962,-0.0424619622280721
5,purge,5774.0,100.05283822816267,10.112544524700446,0.10107204057159855,7.9311100116584425,1.0,0.1233065307063863,1.0061653265353194,-0.04244310628218753
5,purge,5776.0,100.05283696785814,10.11039737398492,0.10105058167648834,7.846242647321803,1.0,0.12115460685752633,1.0060577303428764,-0.04242425959756553
5,purge,5778.0,100.05283570817261,10.108251175323176,0.10102913229572266,7.76141296709761,1.0,0.11900363740141406,1.0059501818700707,-0.04240542216884923
5,purge,5780.0,100.05283444910565,10.106105928248875,0.10100769242464186,7.6766209524794045,1.0,0.11685362187038834,1.0058426810935195,-0.04238659399068517
5,purge,5782.0,100.05283319065695,10.10396163229598,0.10098626205858907,7.591866584971435,1.0,0.11470455979705739,1.0057352279898528,-0.042367775057723926
5,purge,5784.0,100.05283193282612,10.101818286998725,0.10096484119291022,7.5071498460886374,1.0,0.11255645071429872,1.005627822535715,-0.042348965364619746
5,purge,5786.0,100.05283067561284,10.099675891891598,0.10094342982295373,7.422470717356643,1.0,0.11040929415525845,1.005520464707763,-0.04233016490603127
5,purge,5788.0,100.05282941901669,10.097534446509354,0.1009220279440708,7.3378291803117595,1.0,0.10826308965335257,1.0054131544826677,-0.042311373676620176
5,purge,5790.0,100.05282816303739,10.09539395038702,0.10090063555161523,7.253225216500966,1.0,0.1061178367422648,1.0053058918371132,-0.042292591671052766
5,purge,5792.0,100.05282690767457,10.093254403059893,0.10087925264094348,7.168658807481905,1.0,0.10397353495594822,1.0051986767477974,-0.04227381888399848
5,purge,5794.0,100.0528256529278,10.091115804063527,0.1008578792074148,7.08412993482288,1.0,0.10183018382862391,1.0050915091914312,-0.04225505531013096
5,purge,5796.0,100.05282439879674,10.08897815293375,0.10083651524639102,6.99963858010284,1.0,0.09968778289478122,1.004984389144739,-0.04223630094412744
5,purge,5798.0,100.05282314528118,10.086841449206682,0.10081516075323668,6.915184724911374,1.0,0.09754633168917731,1.004877316584459,-0.04221755578066915
5,purge,5800.0,100.05282189238052,10.084705692418666,0.10079381572331904,6.830768350848709,1.0,0.09540582974683703,1.0047702914873418,-0.04219881981444129
5,purge,5802.0,100.05282064009467,10.082570882106342,0.10077248015200786,6.746389439525696,1.0,0.09326627660305305,1.0046633138301526,-0.04218009304013254
5,purge,5804.0,100.05281938842306,10.0804370178066,0.1007511540346757,6.662047972563804,1.0,0.09112767179338528,1.0045563835896694,-0.04216137545243555
5,purge,5806.0,100.05281813736543,10.078304099056602,0.1007298373666977,6.577743931595114,1.0,0.08899001485366106,1.0044495007426832,-0.042142667046046633
5,purge,5808.0,100.0528168869214,10.076172125393787,0.1007085301434518,6.49347729826231,1.0,0.08685330531997419,1.0043426652659988,-0.042123967815666324
5,purge,5810.0,100.05281563709067,10.07404109635584,0.10068723236031833,6.409248054218673,1.0,0.08471754272868581,1.0042358771364344,-0.042105277755998524
5,purge,5812.0,100.05281438787279,10.07191101148072,0.10066594401268056,6.325056181128069,1.0,0.0825827266164237,1.0041291363308211,-0.04208659686175089
5,purge,5814.0,100.05281313926751,10.069781870306661,0.10064466509592417,6.240901660664948,1.0,0.08044885652008171,1.004022442826004,-0.042067925127635214
5,purge,5816.0,100.05281189127447,10.067653672372149,0.10062339560543768,6.156784474514329,1.0,0.07831593197682019,1.0039157965988412,-0.04204926254836684
5,purge,5818.0,100.05281064389324,10.065526417215938,0.10060213553661215,6.072704604371802,1.0,0.07618395252406561,1.0038091976262034,-0.04203060911866486
5,purge,5820.0,100.05280939712348,10.063400104377049,0.10058088488484136,5.9886620319435115,1.0,0.07405291769951007,1.0037026458849756,-0.042011964833252376
5,purge,5822.0,100.0528081509648,10.06127473339477,0.10055964364552172,5.904656738946149,1.0,0.07192282704111151,1.0035961413520555,-0.041993329686855985
5,purge,5824.0,100.05280690541697,10.059150303808655,0.10053841181405217,5.820688707106954,1.0,0.0697936800870932,1.0034896840043546,-0.04197470367420637
5,purge,5826.0,100.05280566047958,10.057026815158517,0.10051718938583448,5.736757918163701,1.0,0.06766547637594408,1.003383273818797,-0.04195608679003764
5,purge,5828.0,100.0528044161523,10.054904266984435,0.10049597635627285,5.652864353864689,1.0,0.06553821544641758,1.003276910772321,-0.041937479029088065
5,purge,5830.0,100.05280317243466,10.05278265882674,0.10047477272077429,5.56900799596874,1.0,0.06341189683753289,1.0031705948418765,-0.04191888038609915
5,purge,5832.0,100.05280192932649,10.050661990226061,0.10045357847474844,5.485188826245187,1.0,0.06128652008857302,1.0030643260044287,-0.041900290855816785
5,purge,5834.0,100.05280068682734,10.048542260723256,0.10043239361360744,5.4014068264738695,1.0,0.05916208473908641,1.0029581042369546,-0.04188171043298999
5,purge,5836.0,100.05279944493684,10.04642346985945,0.10041121813276609,5.317661978445121,1.0,0.05703859032888505,1.0028519295164442,-0.041863139112372064
5,purge,5838.0,100.05279820365469,10.044305617176045,0.10039005202764185,5.233954263959769,1.0,0.05491603639804567,1.0027458018199022,-0.04184457688871975
5,purge,5840.0,100.05279696298052,10.042188702214707,0.10036889529365492,5.150283664829123,1.0,0.052794422486909104,1.0026397211243454,-0.04182602375679336
5,purge,5842.0,100.05279572291396,10.040072724517369,0.10034774792622818,5.066650162874967,1.0,0.05067374813607889,1.002533687406804,-0.04180747971135781
5,purge,5844.0,100.05279448345466,10.037957683626193,0.10032660992078668,4.983053739929551,1.0,0.04855401288642327,1.0024277006443212,-0.041788944747180874
5,purge,5846.0,100.05279324460228,10.035843579083638,0.10030548127275855,4.899494377835589,1.0,0.046435216279073856,1.0023217608139539,-0.041770418859034174
5,purge,5848.0,100.05279200635654,10.033730410432415,0.10028436197757436,4.815972058446244,1.0,0.04431735785542506,1.0022158678927713,-0.04175190204169333
5,purge,5850.0,100.05279076871697,10.031618177215499,0.10026325203066735,4.7324867636251255,1.0,0.042200437157134466,1.0021100218578567,-0.04173339428993762
5,purge,5852.0,100.05278953168336,10.029506878976125,0.10024215142747335,4.649038475246281,1.0,0.040084453726122446,1.0020042226863062,-0.041714895598550114
5,purge,5854.0,100.05278829525521,10.027396515257772,0.10022106016343074,4.565627175194188,1.0,0.037969407104572334,1.0018984703552287,-0.04169640596231734
5,purge,5856.0,100.05278705943223,10.025287085604216,0.10019997823398068,4.482252845363748,1.0,0.03585529683492956,1.0017927648417464,-0.041677925376029885
5,purge,5858.0,100.05278582421414,10.023178589559475,0.10017890563456683,4.398915467660275,1.0,0.033742122459902296,1.0016871061229953,-0.04165945383448169
5,purge,5860.0,100.05278458960053,10.021071026667823,0.10015784236063542,4.315615023999493,1.0,0.03162988352246019,1.001581494176123,-0.04164099133247091
5,purge,5862.0,100.05278335559106,10.018964396473804,0.10013678840763536,4.23235149630753,1.0,0.029518579565835583,1.0014759289782917,-0.04162253786479884
5,purge,5864.0,100.0527821221853,10.016858698522213,0.10011574377101819,4.1491248665209,1.0,0.027408210133521977,1.001370410506676,-0.04160409342627086
5,purge,5866.0,100.0527808893831,10.014753932358124,0.1000947084462379,4.065935116586509,1.0,0.025298774769274574,1.0012649387384638,-0.041585658011696024
5,purge,5868.0,100.05277965718398,10.01265009752685,0.10007368242875123,3.982782228461638,1.0,0.02319027301711027,1.0011595136508555,-0.04156723161588675
5,purge,5870.0,100.05277842558755,10.010547193573975,0.10005266571401751,3.89966618411394,1.0,0.021082704421306858,1.0010541352210653,-0.04154881423365945
5,purge,5872.0,100.05277719459356,10.008445220045349,0.10003165829749867,3.8165869655214313,1.0,0.01897606852640283,1.00094880342632,-0.04153040585983442
5,purge,5874.0,100.05277596420166,10.006344176487078,0.10001066017465915,3.7335445546724837,1.0,0.016870364877198115,1.00084351824386,-0.04151200648923514
5,purge,5876.0,100.05277473441141,10.004244062445515,0.09998967134096612,3.65053893356582,1.0,0.01476559301875274,1.0007382796509376,-0.04149361611668926
5,purge,5878.0,100.05277350522253,10.00214487746728,0.09996869179188911,3.567570084210502,1.0,0.01266175249638749,1.0006330876248193,-0.0414752347370278
5,purge,5880.0,100.05277227663471,10.000046621099273,0.09994772152290056,3.4846379886259236,1.0,0.010558842855683207,1.0005279421427842,-0.04145686234508557
5,purge,5882.0,100.05276173880627,9.987720495257289,0.09982453579173388,3.4018388418595658,1.0,0.00864493428100786,1.0004322467140503,-0.04129372809800519
5,purge,5884.0,100.05273383171064,9.946555373973354,0.09941312938738413,3.3196352518488577,1.0,0.007077873554811343,1.0003538936777405,-0.040871963664224305
5,purge,5886.0,100.05269244804138,9.880851101686053,0.098756473813209,3.2384844184298123,1.0,0.005794872751029372,1.0002897436375515,-0.04024968762279333
5,purge,5888.0,100.0526407574646,9.796169488903352,0.09791015424220567,3.158738505864012,1.0,0.004744440547685241,1.0002372220273843,-0.03947410649008575
5,purge,5890.0,100.05258132658714,9.697046435801195,0.09691950279771924,3.080664550789506,1.0,0.003884419402311647,1.0001942209701156,-0.03858344388198704
5,purge,5892.0,100.05251622938889,9.587149697867961,0.09582117531045044,3.004460727947454,1.0,0.0031802936384999875,1.000159014681925,-0.03760858552091909
5,purge,5894.0,100.05244713759394,9.469443414913375,0.0946447956629269,2.9302696347546675,1.0,0.002603804218545862,1.0001301902109272,-0.036574425404627575
5,purge,5896.0,100.05237539461956,9.346320521939417,0.09341427912207295,2.858189136487719,1.0,0.002131814600088696,1.0001065907300044,-0.03550096734168521
5,purge,5898.0,100.0523020760789,9.219709264749264,0.09214889686135035,2.7882812153066014,1.0,0.0017453821826079452,1.0000872691091305,-0.03440422620369784
5,purge,5900.0,100.05222803927768,9.091159251130637,0.09086413595469063,2.720579186143659,1.0,0.0014289980768457755,1.0000714499038423,-0.03329696522293348
5,purge,5902.0,100.05215396370171,8.96191122230167,0.08957239666777184,2.655093576694741,1.0,0.0011699646790604892,1.000058498233953,-0.03218929908422764
5,purge,5904.0,100.05208038412921,8.832953792767753,0.08828355951076139,2.591816914775745,1.0,0.0009578860690564847,1.0000478943034528,-0.031089187161650846
5,purge,5906.0,100.05200771770602,8.70506970272141,0.0870054474797,2.530727622079344,1.0,0.0007842507884861727,1.0000392125394246,-0.030002836826567673
5,purge,5908.0,100.05193628608045,8.57887359494644,0.08574420359458812,2.4717931774208113,1.0,0.0006420902436813697,1.000032104512184,-0.028935033158344756
5,purge,5910.0,100.0518663334934,8.45484291520937,0.08450459971458849,2.4149726827788127,1.0,0.0005256990332409443,1.0000262849516621,-0.027889408409648323
5,purge,5912.0,100.05179804155904,8.333343217951546,0.08329028944077628,2.360218941373695,1.0,0.0004304059695668565,1.0000215202984784,-0.02686866217121175
5,purge,5914.0,100.05173154133689,8.214648908159834,0.08210401540892781,2.30748013711025,1.0,0.00035238660727263235,1.0000176193303636,-0.02587474118853234
5,purge,5916.0,100.0516669231869,8.098960252935935,0.08094777930240568,2.25670118849466,1.0,0.00028850975570581845,1.0000144254877852,-0.02490898616044266
5,purge,5918.0,100.05160424481187,7.986417339371261,0.07982298134700216,2.2078248368888436,1.0,0.00023621181230526112,1.0000118105906153,-0.023972251524178773
5,purge,5920.0,100.05154353781498,7.877111528972447,0.07873053478675475,2.1607925180195884,1.0,0.00019339387721786883,1.000009669693861,-0.023065003136161832
5,purge,5922.0,100.05148481304425,7.771094858039678,0.07767095983193764,2.1155450568240095,1.0,0.00015833751657167187,1.0000079168758287,-0.022187397873554286
5,purge,5924.0,100.05142806494395,7.668387751058755,0.07664446074753836,2.07202321837187,1.0,0.00012963579568701824,1.0000064817897842,-0.021339348446801524
5,purge,5926.0,100.05137327509462,7.568985347890596,0.07565098908816989,2.0301681416618087,1.0,0.00010613681385996594,1.000005306840693,-0.020520576118425407
5,purge,5928.0,100.05132041508806,7.472862691344722,0.07469029554374368,1.989921678199817,1.0,8.68974745489412e-05,1.0000043448737275,-0.019730653533848164
5,purge,5930.0,100.05126944886098,7.379978977572267,0.07376197241899446,1.9512266532702416,1.0,7.114563560336491e-05,1.0000035572817803,-0.018969039469634203
5,purge,5932.0,100.05122033458463,7.290281035616303,0.07286548840920312,1.9140270645375503,1.0,5.824912049148148e-05,1.0000029124560246,-0.01823510697676765
5,purge,5934.0,100.05117302619244,7.203706172822597,0.07200021703830232,1.8782682299391211,1.0,4.769034683935932e-05,1.000002384517342,-0.017528166128247726
5,purge,5936.0,100.05112747461132,7.120184498575034,0.07116545988331648,1.8438968946377723,1.0,3.9045554035292345e-05,1.0000019522777017,-0.01684748236060792
5,purge,5938.0,100.05108362875242,7.039640818904869,0.07036046551005905,1.8108613050093563,1.0,3.196779623050894e-05,1.0000015983898116,-0.016192291219127332
5,purge,5940.0,100.05104143630383,6.961996178138878,0.06958444488127734,1.7791112561733404,1.0,2.6173018185671903e-05,1.0000013086509092,-0.015561810169281983
5,purge,5942.0,100.05100084436398,6.887169110279744,0.0688365838637956,1.7485981183737294,1.0,2.1428655138065046e-05,1.000001071432757,-0.014955248016466896
5,purge,5944.0,100.0509617999427,6.815076651737715,0.06811605335053979,1.71927484653557,1.0,1.7544299162161515e-05,1.000000877214958,-0.014371812377364913
5,purge,5946.0,100.05092425035778,6.745635157941129,0.0674220174224628,1.6910959765189786,1.0,1.4364057431894208e-05,1.0000007182028716,-0.013810715565582695
5,purge,5948.0,100.0508881435426,6.678760958827753,0.06675363990018522,1.6640176109356921,1.0,1.1760295694897119e-05,1.0000005880147846,-0.013271179188071823
5,purge,5950.0,100.05085342828565,6.614370882024895,0.06611008957325827,1.6379973968560189,1.0,9.628515862399841e-06,1.0000004814257935,-0.012752437694747704
5,purge,5952.0,100.05082005441164,6.552382667481207,0.06549054434454168,1.612994497295007,1.0,7.883162134495668e-06,1.0000003941581068,-0.012253741079435233
5,purge,5954.0,100.05078797291736,6.492715293073391,0.06489419448481401,1.588969558007837,1.0,6.454187345884192e-06,1.0000003227093672,-0.011774356894026948
5,purge,5956.0,100.05075713606966,6.435289227300565,0.06432024515865015,1.5658846708313257,1.0,5.2842417275027475e-06,1.0000002642120864,-0.01131357170807906
5,purge,5958.0,100.05072749747356,6.380026622316125,0.0637679183539893,1.543703334569065,1.0,4.326371259193109e-06,1.000000216318563,-0.010870692121799124
5,purge,5960.0,100.05069901211698,6.326851458175113,0.063236454324111,1.5223904142223263,1.0,3.5421332402251335e-06,1.000000177106662,-0.01044504542051915
5,purge,5962.0,100.0506716363953,6.2756896473363755,0.06272511263236216,1.5019120992094743,1.0,2.9000534489145606e-06,1.0000001450026728,-0.010035979942499334
5,purge,5964.0,100.05064532812077,6.226469106757212,0.06223317287297064,1.4822358610866753,1.0,2.374362971740354e-06,1.0000001187181486,-0.00964286521861555
5,purge,5966.0,100.05062004652054,6.179119803687458,0.06175993512898122,1.4633304111768195,1.0,1.943964006484688e-06,1.0000000971982004,-0.009265091931611333
5,purge,5968.0,100.05059575222394,6.133573780156283,0.061304720217220145,1.445165658427397,1.0,1.5915831334490874e-06,1.0000000795791566,-0.008902071733703852
5,purge,5970.0,100.05057240724402,6.089765160285724,0.0608668697616047,1.4277126677480125,1.0,1.3030780725515291e-06,1.0000000651539036,-0.008553236954063662
5,purge,5972.0,100.05054997495124,6.047630143804907,0.06044574612852202,1.4109436190213154,1.0,1.0668701040358976e-06,1.0000000533435052,-0.00821804022174516
5,purge,5974.0,100.05052842004493,6.007106988537278,0.06004073225198245,1.3948317669349963,1.0,8.734793738466179e-07,1.0000000436739687,-0.007895954024788324
5,purge,5976.0,100.05050770852036,5.968135984159997,0.059651231371530035,1.3793514017451618,1.0,7.151444338436607e-07,1.0000000357572216,-0.0075864702222448385
5,purge,5978.0,100.05048780763403,5.930659419123303,0.059276666701776774,1.3644778110512303,1.0,5.855107476726486e-07,1.0000000292755373,-0.007289099522641421
5,purge,5980.0,100.05046868586734,5.894621542240756,0.058916481048663025,1.3501872426382155,1.0,4.793756609383457e-07,1.000000023968783,-0.007003370939748776
5,purge,5982.0,100.0504503128889,5.859968520233878,0.05857013638527294,1.3364568684227505,1.0,3.9247960044032294e-07,1.00000001962398,-0.006728831234366668
5,purge,5984.0,100.05043265951737,5.82664839226796,0.05823711339756707,1.3232647495236047,1.0,3.21335122563945e-07,1.0000000160667561,-0.006465044349076496
5,purge,5986.0,100.05041569768287,5.794611022319057,0.0579169110084293,1.310589802465024,1.0,2.6308694993916203e-07,1.0000000131543474,-0.006211590841479524
5,purge,5988.0,100.05039940038981,5.763808050046073,0.057609045886763514,1.298411766511398,1.0,2.1539737914742755e-07,1.000000010769869,-0.005968067320272226
5,purge,5990.0,100.05038374167931,5.734192840763054,0.057313051947588727,1.286711172124035,1.0,1.763524604861989e-07,1.000000008817623,-0.005734085887561517
5,purge,5992.0,100.0503686965926,5.705720434953801,0.05702847984755224,1.2754693105248167,1.0,1.4438518445598164e-07,1.0000000072192592,-0.005509273590052457
5,purge,5994.0,100.05035424113497,5.678347497685641,0.056754896479427254,1.2646682043468862,1.0,1.1821259217429126e-07,1.0000000059106295,-0.005293271881115826
5,purge,5996.0,100.05034035224053,5.652032268242814,0.056491884468799235,1.2542905793490333,1.0,9.67842857369178e-08,1.0000000048392144,-0.005085736095237794
5,purge,5998.0,100.05032700773822,5.626734510207358,0.05623904167521779,1.244319837167857,1.0,7.924027206673939e-08,1.0000000039620136,-0.0048863349359449275
5,purge,6000.0,100.05031418631819,5.602415462180993,0.05599598069974996,1.2347400290799335,1.0,6.487644833479831e-08,1.0000000032438223,-0.004694749977968969
