cycle,step,time_s,pressure_kpa,co2_partial_kpa,co2_mole_fraction,co2_loading_cm3_stp_g,n2_loading_cm3_stp_g,open_fraction,solid_volume_l,co2_rate_cm3_stp_g_s
1,adsorption,0.0,99.99999999999999,5.0,0.05,1.0,1.0,0.0,1.0,0.0
1,adsorption,2.0,100.04629011740035,8.647838452022079,0.08643837209629848,1.06852498505123,1.0,0.07254524680726047,1.003627262340363,0.05521479280863858
1,adsorption,4.0,100.04711012296103,9.411708464375085,0.0940727668476161,1.1663184857411746,1.0,0.05939502452962739,1.0029697512264815,0.04300174941828587
1,adsorption,6.0,100.04720883655338,10.018864545942817,0.1001413698837974,1.247719905499415,1.0,0.05966363847152694,1.0029831819235766,0.04158323989780272
1,adsorption,8.0,100.04726965884468,10.070928235128608,0.10066169990915178,1.3295495536759023,1.0,0.06079493418560246,1.0030397467092802,0.04082905759125188
1,adsorption,10.0,100.04726079043247,10.074677325203114,0.10069918202264821,1.4114704946995165,1.0,0.06307113984900296,1.0031535569924501,0.04096607918823199
1,adsorption,12.0,100.04726156331274,10.075426998009823,0.10070667443140169,1.4933872209197412,1.0,0.06515157747764617,1.0032575788738822,0.0409504860141692
1,adsorption,14.0,100.04726290767547,10.077602531896177,0.10072841813969347,1.5752655281666577,1.0,0.06722566158637014,1.0033612830793186,0.04093070547403556
1,adsorption,16.0,100.04726397605272,10.079693032793308,0.10074931219714293,1.6571112703465378,1.0,0.06930385137245249,1.0034651925686227,0.04091477866358218
1,adsorption,18.0,100.04726506303152,10.081761916770281,0.10076999016833289,1.7389245971629763,1.0,0.0713807742679861,1.0035690387133993,0.04089851198576963
1,adsorption,20.0,100.047266153353,10.083836487888487,0.1007907249802501,1.820705369268785,1.0,0.07345682394455327,1.0036728411972278,0.04088221529137586
1,adsorption,22.0,100.04726723401329,10.085907836038599,0.1008114275869963,1.9024536206985307,1.0,0.07553221487831681,1.003776610743916,0.04086605519111651
1,adsorption,24.0,100.04726832333681,10.08797331556895,0.10083207152609333,1.9841694024516834,1.0,0.07760658835574431,1.0038803294177874,0.0408497508684469
1,adsorption,26.0,100.0472694099239,10.090044689810481,0.10085277438676032,2.0658526539468944,1.0,0.07968020607194126,1.003984010303597,0.040833507657176304
1,adsorption,28.0,100.04727049551894,10.092114797894082,0.10087346459238088,2.1475034229088847,1.0,0.08175300815411907,1.0040876504077059,0.04081727790203519
1,adsorption,30.0,100.04727158198001,10.094182945663341,0.10089413520279801,2.2291217267090753,1.0,0.08382495688849496,1.0041912478444248,0.04080103183884458
1,adsorption,32.0,100.04727266670774,10.09624954738901,0.10091479036138377,2.310707570713148,1.0,0.08589610362947227,1.0042948051814735,0.04078480941672542
1,adsorption,34.0,100.04727375167457,10.098316047832274,0.1009354445069349,2.392260962664385,1.0,0.0879664165398602,1.004398320826993,0.040768585647803265
1,adsorption,36.0,100.04727483595978,10.1003813007709,0.10095608618357428,2.4737819197602033,1.0,0.09003590918074848,1.0045017954590374,0.04075237076577977
1,adsorption,38.0,100.04727592003645,10.102445829863807,0.10097672062494,2.5552704502760135,1.0,0.09210457476862585,1.0046052287384315,0.040736159314007904
1,adsorption,40.0,100.0472770036761,10.104509579639721,0.10099734727681238,2.6367265652513776,1.0,0.0941724177276437,1.0047086208863822,0.04071995452253454
1,adsorption,42.0,100.0472780869129,10.106572477258757,0.10101796541110288,2.718150276484261,1.0,0.0962394374277819,1.004811971871389,0.040703755663984674
1,adsorption,44.0,100.04727916978489,10.108634555013754,0.10103857535054932,2.799541595324316,1.0,0.09830563355655349,1.0049152816778277,0.04068756226762541
1,adsorption,46.0,100.04728025227361,10.110695816103265,0.10105917712714133,2.8809005331624182,1.0,0.10037100677057796,1.005018550338529,0.04067137461780246
1,adsorption,48.0,100.04728133437786,10.112756253970456,0.10107977067534317,2.962227101449702,1.0,0.10243555735793942,1.005121777867897,0.04065519271019872
1,adsorption,50.0,100.04728241610172,10.114815870641394,0.10110035601540243,3.04352131159838,1.0,0.10449928554188823,1.0052249642770945,0.04063901649070522
1,adsorption,52.0,100.04728349744427,10.116874667134642,0.10112093315750129,3.124783174980694,1.0,0.10656219163445438,1.0053281095817228,0.040622845975260544
1,adsorption,54.0,100.04728457840511,10.118932643163904,0.10114150209877905,3.206012702131491,1.0,0.10862427591019784,1.00543121379551,0.04060668116732451
1,adsorption,56.0,100.0472856589847,10.120989799040387,0.10116206284234636,3.287209904570907,1.0,0.11068553865475203,1.0055342769327376,0.04059052205928845
1,adsorption,58.0,100.0472867391832,10.123046135237104,0.10118261539293143,3.36837479423292,1.0,0.11274598017459754,1.00563729900873,0.04057436865152769
1,adsorption,60.0,100.04728781900054,10.125101651923579,0.10120315975222932,3.44950738280604,1.0,0.11480560076925991,1.005740280038463,0.04055822094390195
1,adsorption,62.0,100.0472888984369,10.127156349403343,0.10122369592327421,3.530607681725541,1.0,0.11686440072773407,1.0058432200363867,0.04054207893312177
1,adsorption,64.0,100.04728997749235,10.129210228018117,0.10124422390948205,3.6116757023423904,1.0,0.11892238033984107,1.005946119016992,0.04052594261822822
1,adsorption,66.0,100.04729105616701,10.13126328801853,0.10126474371335843,3.6927114560194445,1.0,0.12097953989573619,1.006048976994787,0.04050981199828533
1,adsorption,68.0,100.0472921344609,10.133315529694821,0.10128525533780476,3.773714954141421,1.0,0.12303587968480612,1.0061517939842404,0.040493687071320346
1,adsorption,70.0,100.04729321237433,10.135366953353696,0.10130575878588693,3.8546862080984035,1.0,0.1250913999973885,1.0062545699998695,0.04047756783599496
1,adsorption,72.0,100.04729428990704,10.137417559274004,0.10132625406039276,3.935625229275811,1.0,0.12714610112377536,1.0063573050561887,0.04046145429102855
1,adsorption,74.0,100.04729536705955,10.139467347744631,0.10134674116420979,4.016532029053182,1.0,0.12919998335369906,1.006459999167685,0.040445346434821644
1,adsorption,76.0,100.04729644383156,10.141516319060246,0.10136722010028412,4.097406618806071,1.0,0.13125304697701407,1.0065626523488507,0.04042924426594956
1,adsorption,78.0,100.04729752022341,10.143564473507299,0.10138769087147902,4.178249009907359,1.0,0.1333052922835492,1.0066652646141774,0.040413147783021214
1,adsorption,80.0,100.04729859623514,10.145611811374609,0.10140815348068175,4.259059213727367,1.0,0.1353567195629402,1.0067678359781471,0.04039705698454603
1,adsorption,82.0,100.04729967186682,10.147658332953064,0.10142860793080029,4.339837241633637,1.0,0.1374073291048115,1.0068703664552405,0.040380971869080205
1,adsorption,84.0,100.0473007471186,10.149704038531032,0.10144905422471727,4.420583104990805,1.0,0.1394571211987323,1.0069728560599367,0.04036489243519509
1,adsorption,86.0,100.04730182199064,10.151748928397398,0.10146949236532055,4.5012968151605754,1.0,0.14150609613415865,1.0070753048067083,0.04034881868143225
1,adsorption,88.0,100.04730289648278,10.153793002841649,0.10148992235550422,4.581978383501741,1.0,0.1435542542004852,1.0071777127100243,0.04033275060634366
1,adsorption,90.0,100.04730397059532,10.155836262152562,0.10151034419815488,4.6626278213702035,1.0,0.14560159568704134,1.007280079784352,0.04031668820848816
1,adsorption,92.0,100.04730504432828,10.15787870661891,0.10153075789615945,4.743245140118977,1.0,0.14764812088307105,1.0073824060441536,0.040300631486415876
1,adsorption,94.0,100.04730611768184,10.159920336529641,0.10155116345240635,4.8238303510981835,1.0,0.14969383007774736,1.0074846915038873,0.040284580438679274
1,adsorption,96.0,100.0473071906561,10.161961152173474,0.10157156086978168,4.90438346565505,1.0,0.15173872356017418,1.0075869361780088,0.04026853506383488
1,adsorption,98.0,100.04730826325104,10.164001153838925,0.10159195015116987,4.984904495133909,1.0,0.15378280161937194,1.0076891400809687,0.04025249536043193
1,adsorption,100.0,100.04730933546679,10.166040341814737,0.10161233129945729,5.0653934508762,1.0,0.15582606454429299,1.0077913032272148,0.040236461327024534
1,adsorption,102.0,100.0473104073035,10.168078716389328,0.10163270431752709,5.145850344220467,1.0,0.15786851262381493,1.0078934256311907,0.0402204329621663
1,adsorption,104.0,100.04731147876129,10.17011627785114,0.10165306920826271,5.22627518650236,1.0,0.15991014614673915,1.007995507307337,0.04020441026440935
1,adsorption,106.0,100.0473125498402,10.172153026488559,0.10167342597454714,5.306667989054634,1.0,0.16195096540179438,1.0080975482700898,0.04018839323230694
1,adsorption,108.0,100.04731362054031,10.174188962589819,0.10169377461926171,5.387028763207151,1.0,0.1639909706776335,1.0081995485338817,0.04017238186441112
1,adsorption,110.0,100.04731469086175,10.17622408644316,0.10171411514528786,5.467357520286876,1.0,0.16603016226283546,1.0083015081131417,0.04015637615927415
1,adsorption,112.0,100.04731576080461,10.17825839833671,0.10173444755550586,5.547654271617881,1.0,0.1680685404459055,1.0084034270222952,0.040140376115448656
1,adsorption,114.0,100.04731683036898,10.180291898558526,0.10175477185279531,5.627919028521339,1.0,0.17010610551527464,1.0085053052757638,0.04012438173148743
1,adsorption,116.0,100.04731789955498,10.182324587396621,0.10177508804003542,5.708151802315541,1.0,0.17214285775930155,1.008607142887965,0.040108393005944376
1,adsorption,118.0,100.0473189683627,10.18435646513883,0.10179539612010355,5.788352604315991,1.0,0.17417879746626871,1.0087089398733133,0.04009240993736978
1,adsorption,120.0,100.04732003679223,10.186387532073077,0.10181569609587793,5.868521445835193,1.0,0.17621392492438384,1.008810696246219,0.04007643252431552
1,adsorption,122.0,100.0473211048437,10.188417788487104,0.101835987970235,5.94865833818265,1.0,0.1782482404217807,1.0089124120210893,0.04006046076533594
1,adsorption,124.0,100.04732217251711,10.190447234668536,0.10185627174605019,6.028763292664996,1.0,0.18028174424651583,1.0090140872123259,0.040044494658982424
1,adsorption,126.0,100.04732323981261,10.192475870905048,0.10187654742619917,6.108836320586029,1.0,0.18231443668657277,1.0091157218343287,0.04002853420380619
1,adsorption,128.0,100.04732430673036,10.194503697484162,0.10189681501355613,6.188877433246543,1.0,0.18434631802986012,1.009217315901493,0.04001257939836003
1,adsorption,130.0,100.04732537327035,10.196530714693333,0.10191707451099477,6.268886641944575,1.0,0.186377388564215,1.0093188694282107,0.03999663024119622
1,adsorption,132.0,100.04732643943274,10.198556922819964,0.10193732592138809,6.3488639579753166,1.0,0.1884076485774016,1.00942038242887,0.03998068673086693
1,adsorption,134.0,100.04732750521767,10.200582322151343,0.10195756924760796,6.428809392631033,1.0,0.1904370983571066,1.0095218549178553,0.03996474886592248
1,adsorption,136.0,100.04732857062515,10.202606912974781,0.1019778044925266,6.508722957201047,1.0,0.19246573819094562,1.0096232869095474,0.03994881664491664
1,adsorption,138.0,100.04732963565533,10.204630695577372,0.1019980316590139,6.588604662971786,1.0,0.19449356836645743,1.009724678418323,0.03993289006640107
1,adsorption,140.0,100.04733070030827,10.20665367024623,0.1020182507499401,6.668454521226776,1.0,0.19652058917110474,1.0098260294585553,0.03991696912892619
1,adsorption,142.0,100.04733176458404,10.20867583726838,0.10203846176817451,6.748272543246647,1.0,0.19854680089227736,1.0099273400446138,0.03990105383104341
1,adsorption,144.0,100.04733282848287,10.21069719693078,0.10205866471658563,6.828058740309138,1.0,0.2005722038172929,1.0100286101908647,0.03988514417130571
1,adsorption,146.0,100.04733389200466,10.212717749520284,0.10207885959804111,6.907813123689094,1.0,0.20259679823339347,1.0101298399116696,0.03986924014826504
1,adsorption,148.0,100.0473349551497,10.214737495323687,0.10209904641540787,6.987535704658457,1.0,0.20462058442774547,1.0102310292213872,0.03985334176047234
1,adsorption,150.0,100.04733601791796,10.21675643462771,0.10211922517155221,7.067226494486282,1.0,0.20664356268744122,1.0103321781343721,0.03983744900647854
1,adsorption,152.0,100.0473370803096,10.218774567718997,0.10213939586933955,7.146885504438833,1.0,0.2086657332995019,1.010433286664975,0.039821561884834815
1,adsorption,154.0,100.04733814232469,10.220791894884158,0.10215955851163505,7.226512745779382,1.0,0.21068709655087342,1.0105343548275436,0.039805680394093636
1,adsorption,156.0,100.04733920396335,10.222808416409626,0.10217971310130207,7.306108229768189,1.0,0.21270765272842262,1.0106353826364212,0.03978980453280587
1,adsorption,158.0,100.0473402652256,10.224824132581867,0.10219985964120433,7.385671967662649,1.0,0.21472740211894295,1.010736370105947,0.03977393429952253
1,adsorption,160.0,100.04734132611172,10.226839043687239,0.10221999813420429,7.465203970717316,1.0,0.21674634500915618,1.010837317250458,0.0397580696927955
1,adsorption,162.0,100.04734238662157,10.228853150011972,0.10224012858316349,7.544704250183739,1.0,0.21876448168570553,1.0109382240842852,0.039742210711175556
1,adsorption,164.0,100.04734344675533,10.230866451842298,0.10226025099094321,7.624172817310706,1.0,0.220781812435164,1.0110390906217581,0.03972635735321382
1,adsorption,166.0,100.0473445065132,10.232878949464338,0.10228036536040361,7.7036096833441645,1.0,0.2227983375440319,1.0111399168772015,0.03971050961746159
1,adsorption,168.0,100.04734556589517,10.234890643164139,0.10230047169440423,7.7830148595271265,1.0,0.22481405729873363,1.0112407028649366,0.039694667502469715
1,adsorption,170.0,100.04734662490141,10.236901533227694,0.10232056999580405,7.8623883570996655,1.0,0.2268289719856186,1.011341448599281,0.039678831006789206
1,adsorption,172.0,100.04734768353201,10.238911619940893,0.10234066026746093,7.941730187298949,1.0,0.22884308189096156,1.0114421540945484,0.03966300012897102
1,adsorption,174.0,100.04734874178695,10.240920903589558,0.10236074251223226,8.021040361359255,1.0,0.23085638730096292,1.0115428193650482,0.039647174867566
1,adsorption,176.0,100.0473497996664,10.242929384459464,0.10238081673297471,8.100318890511959,1.0,0.23286888850174892,1.0116434444250875,0.039631355221125
1,adsorption,178.0,100.04735085717054,10.244937062836279,0.10240088293254404,8.179565785985659,1.0,0.2348805857793748,1.0117440292889688,0.039615541188199176
1,adsorption,180.0,100.04735191429936,10.246943939005602,0.10242094111379521,8.258781059005956,1.0,0.23689147941981764,1.011844573970991,0.03959973276733863
1,adsorption,182.0,100.04735297105299,10.248950013252985,0.10244099127958285,8.337964720795437,1.0,0.23890156970897822,1.011945078485449,0.039583929957094255
1,adsorption,184.0,100.04735402743155,10.25095528586387,0.1024610334327603,8.41711678257382,1.0,0.24091085693268405,1.0120455428466342,0.039568132756017185
1,adsorption,186.0,100.04735508343508,10.252959757123623,0.10248106757618038,8.496237255557988,1.0,0.24291934137668877,1.0121459670688344,0.03955234116265749
1,adsorption,188.0,100.04735613906368,10.25496342731758,0.10250109371269542,8.575326150961946,1.0,0.2449270233266727,1.0122463511663335,0.039536555175565785
1,adsorption,190.0,100.04735719431757,10.256966296730976,0.10252111184515672,8.654383479996788,1.0,0.2469339030682423,1.0123466951534121,0.039520774793293224
1,adsorption,192.0,100.04735824919675,10.258968365648936,0.10254112197641463,8.7334092538707,1.0,0.24893998088692784,1.0124469990443463,0.03950500001438972
1,adsorption,194.0,100.04735930370128,10.260969634356574,0.10256112410931936,8.812403483788966,1.0,0.2509452570681856,1.0125472628534093,0.03948923083740546
1,adsorption,196.0,100.0473603578313,10.262970103138905,0.10258111824672003,8.891366180953971,1.0,0.2529497318973987,1.01264748659487,0.039473467260891584
1,adsorption,198.0,100.04736141158692,10.26496977228083,0.10260110439146473,8.970297356565212,1.0,0.2549534056598748,1.0127476702829938,0.03945770928339811
1,adsorption,200.0,100.0473624649682,10.266968642067246,0.10262108254640143,9.049197021819277,1.0,0.25695627864084714,1.0128478139320423,0.03944195690347525
1,adsorption,202.0,100.04736351797528,10.268966712782923,0.10264105271437685,9.12806518790986,1.0,0.25895835112547505,1.0129479175562737,0.03942621011967336
1,adsorption,204.0,100.04736457060825,10.270963984712578,0.10266101489823717,9.206901866027751,1.0,0.26095962339884304,1.0130479811699422,0.03941046893054256
1,adsorption,206.0,100.0473656228672,10.272960458140858,0.1026809691008279,9.285707067360844,1.0,0.26296009574596174,1.013148004787298,0.03939473333463328
1,adsorption,208.0,100.04736667475224,10.27495613335231,0.10270091532499356,9.364480803094132,1.0,0.26495976845176705,1.0132479884225885,0.03937900333049565
1,adsorption,210.0,100.04736772626339,10.276951010631432,0.10272085357357816,9.44322308440971,1.0,0.26695864180112006,1.013347932090056,0.03936327891667948
1,adsorption,212.0,100.04736877740083,10.27894509026264,0.10274078384942488,9.521933922486765,1.0,0.26895671607880806,1.0134478358039405,0.03934756009173499
1,adsorption,214.0,100.04736982816466,10.280938372530276,0.10276070615537616,9.600613328501597,1.0,0.27095399156954403,1.0135476995784773,0.03933184685421244
1,adsorption,216.0,100.04737087855491,10.282930857718595,0.10278062049427361,9.679261313627595,1.0,0.272950468557966,1.0136475234278983,0.03931613920266162
1,adsorption,218.0,100.04737192857169,10.284922546111797,0.10280052686895827,9.757877889035257,1.0,0.27494614732863776,1.0137473073664318,0.03930043713563234
1,adsorption,220.0,100.04737297821522,10.286913437994015,0.1028204252822704,9.836463065892174,1.0,0.2769410281660491,1.0138470514083024,0.03928474065167484
1,adsorption,222.0,100.04737402748545,10.288903533649261,0.10284031573704923,9.915016855363039,1.0,0.27893511135461485,1.0139467555677308,0.03926904974933883
1,adsorption,224.0,100.04737507638255,10.290892833361527,0.10286019823613365,9.993539268609643,1.0,0.28092839717867535,1.0140464198589338,0.039253364427173955
1,adsorption,226.0,100.04737612490649,10.292881337414695,0.10288007278236166,10.072030316790874,1.0,0.2829208859224971,1.0141460442961248,0.03923768468373025
1,adsorption,228.0,100.04737717305758,10.294869046092579,0.10289993937857028,10.150490011062594,1.0,0.2849125778702683,1.0142456288935133,0.0392220105175574
1,adsorption,230.0,100.04737822083574,10.296855959678943,0.10291979802759622,10.228918362577911,1.0,0.2869034733061069,1.0143451736653053,0.03920634192720514
1,adsorption,232.0,100.0473792682412,10.298842078457444,0.10293964873227504,10.307315382487097,1.0,0.2888935725140581,1.0144446786257029,0.03919067891122341
1,adsorption,234.0,100.047380315274,10.300827402711688,0.10295949149544183,10.385681081937484,1.0,0.29088287577809147,1.0145441437889047,0.03917502146816165
1,adsorption,236.0,100.0473813619342,10.302811932725188,0.1029793263199308,10.46401547207347,1.0,0.2928713833821009,1.0146435691691054,0.03915936959656933
1,adsorption,238.0,100.04738240822194,10.3047956687814,0.10299915320857557,10.542318564036535,1.0,0.2948590956099062,1.0147429547804954,0.039143723294996186
1,adsorption,240.0,100.04738345413725,10.306778611163686,0.10301897216420879,10.620590368965262,1.0,0.2968460127452527,1.0148423006372627,0.039128082561991906
1,adsorption,242.0,100.04738449968032,10.308760760155362,0.1030387831896625,10.698830897995347,1.0,0.2988321350718111,1.0149416067535906,0.0391124473961058
1,adsorption,244.0,100.04738554485121,10.310742116039638,0.10305858628776796,10.77704016225969,1.0,0.30081746287318073,1.015040873143659,0.0390968177958872
1,adsorption,246.0,100.04738658965,10.312722679099679,0.10307838146135583,10.855218172888199,1.0,0.30280199643288447,1.0151400998216442,0.03908119375988597
1,adsorption,248.0,100.04738763407683,10.314702449618542,0.10309816871325567,10.933364941007758,1.0,0.3047857360343671,1.0152392868017184,0.0390655752866512
1,adsorption,250.0,100.04738867813171,10.316681427879235,0.10311794804629665,11.011480477742388,1.0,0.30676868196100016,1.01533843409805,0.039049962374732385
1,adsorption,252.0,100.04738972181482,10.318659614164684,0.10313771946330703,11.089564794213269,1.0,0.3087508344960822,1.015437541724804,0.03903435502267876
1,adsorption,254.0,100.04739076512632,10.320637008757755,0.10315748296711438,11.167617901538698,1.0,0.3107321939228381,1.0155366096961422,0.039018753229039776
1,adsorption,256.0,100.04739180806612,10.322613611941206,0.1031772385605455,11.245639810834062,1.0,0.3127127605244182,1.0156356380262208,0.03900315699236502
1,adsorption,258.0,100.04739285063448,10.324589423997745,0.1031969862464264,11.323630533211832,1.0,0.3146925345838976,1.015734626729195,0.03898756631120352
1,adsorption,260.0,100.04739389283134,10.326564445209986,0.10321672602758233,11.401590079781585,1.0,0.31667151638427604,1.0158335758192139,0.03897198118410365
1,adsorption,262.0,100.04739493465696,10.32853867586053,0.10323645790683818,11.479518461649983,1.0,0.318649706208481,1.0159324853104241,0.03895640160961552
1,adsorption,264.0,100.0473959761113,10.3305121162318,0.10325618188701735,11.557415689920672,1.0,0.3206271043393614,1.016031355216968,0.03894082758628849
1,adsorption,266.0,100.04739701719463,10.332484766606234,0.10327589797094315,11.635281775694539,1.0,0.3226037110596949,1.0161301855529847,0.03892525911267126
1,adsorption,268.0,100.0473980579069,10.33445662726617,0.10329560616143801,11.71311673006963,1.0,0.3245795266521874,1.0162289763326093,0.038909696187313596
1,adsorption,270.0,100.0473990982482,10.336427698493816,0.10331530646132313,11.790920564141064,1.0,0.3265545513994668,1.0163277275699736,0.038894138808762864
1,adsorption,272.0,100.04740013821875,10.338397980571438,0.10333499887342004,11.868693289001005,1.0,0.3285287855840898,1.0164264392792044,0.038878586975570006
1,adsorption,274.0,100.04740117781853,10.340367473781049,0.10335468340054804,11.946434915738708,1.0,0.33050222948853447,1.0165251114744267,0.03886304068628276
1,adsorption,276.0,100.04740221704768,10.342336178404762,0.10337436004552719,12.024145455440532,1.0,0.33247488339520714,1.0166237441697603,0.038847499939451
1,adsorption,278.0,100.04740325590635,10.344304094724494,0.1033940288111757,12.101824919189939,1.0,0.3344467475864393,1.016722337379322,0.03883196473362391
1,adsorption,280.0,100.04740429439451,10.346271223022113,0.10341368970031135,12.179473318067487,1.0,0.33641782234448525,1.0168208911172243,0.03881643506734878
1,adsorption,282.0,100.0474053325124,10.348237563579492,0.10343334271575183,12.257090663150827,1.0,0.3383881079515284,1.0169194053975767,0.038800910939175655
1,adsorption,284.0,100.04740637025995,10.35020311667831,0.10345298786031308,12.334676965514713,1.0,0.34035760468967746,1.0170178802344838,0.0387853923476542
1,adsorption,286.0,100.04740740763741,10.35216788260022,0.10347262513681046,12.412232236230999,1.0,0.34232631284096315,1.0171163156420482,0.03876987929133131
1,adsorption,288.0,100.04740844464486,10.354131861626886,0.10349225454805974,12.48975648636863,1.0,0.3442942326873462,1.0172147116343673,0.03875437176875748
1,adsorption,290.0,100.04740948128234,10.356095054039745,0.10351187609687429,12.567249726993651,1.0,0.3462613645107113,1.0173130682255356,0.03873886977848182
1,adsorption,292.0,100.04741051754988,10.358057460120218,0.10353148978606751,12.644711969169212,1.0,0.3482277085928649,1.0174113854296432,0.03872337331905045
1,adsorption,294.0,100.0474115534478,10.360019080149787,0.10355109561845295,12.722143223955543,1.0,0.3501932652155462,1.0175096632607774,0.03870788238901522
1,adsorption,296.0,100.04741258897597,10.361979914409586,0.10357069359684123,12.799543502409993,1.0,0.3521580346604141,1.0176079017330206,0.038692396986923186
1,adsorption,298.0,100.04741362413458,10.363939963180945,0.1035902837240446,12.876912815586989,1.0,0.35412201720905495,1.0177061008604527,0.038676917111323136
1,adsorption,300.0,100.04741465892374,10.365899226744954,0.10360986600287295,12.954251174538069,1.0,0.35608521314298114,1.0178042606571491,0.03866144276076395
1,adsorption,302.0,100.0474156933436,10.3678577053827,0.10362944043613614,13.031558590311862,1.0,0.35804762274363156,1.0179023811371817,0.03864597393379541
1,adsorption,304.0,100.04741672739408,10.369815399375131,0.10364900702664283,13.108835073954099,1.0,0.36000924629236697,1.0180004623146184,0.038630510628964304
1,adsorption,306.0,100.04741776107542,10.371772309003218,0.10366856577720163,13.186080636507599,1.0,0.36197008407047604,1.0180985042035238,0.03861505284481933
1,adsorption,308.0,100.04741879438771,10.373728434547779,0.1036881166906198,13.26329528901229,1.0,0.36393013635917454,1.0181965068179588,0.038599600579910354
1,adsorption,310.0,100.04741982733097,10.375683776289566,0.10370765976970388,13.34047904250519,1.0,0.3658894034396022,1.01829447017198,0.038584153832785927
1,adsorption,312.0,100.04742085990543,10.377638334509301,0.10372719501726005,13.417631908020414,1.0,0.3678478855928237,1.0183923942796411,0.03856871260199423
1,adsorption,314.0,100.04742189211105,10.379592109487573,0.10374672243609336,13.494753896589177,1.0,0.3698055830998287,1.0184902791549917,0.03855327688608286
1,adsorption,316.0,100.04742292394792,10.381545101504955,0.10376624202900851,13.571845019239792,1.0,0.37176249624153485,1.0185881248120767,0.038537846683601384
1,adsorption,318.0,100.0474239554163,10.383497310841902,0.10378575379880899,13.64890528699766,1.0,0.37371862529878425,1.0186859312649392,0.03852242199309855
1,adsorption,320.0,100.04742498651616,10.385448737778804,0.10380525774829781,13.725934710885292,1.0,0.3756739705523435,1.018783698527617,0.038507002813122096
1,adsorption,322.0,100.04742601724762,10.387399382595985,0.1038247538802773,13.802933301922288,1.0,0.3776285322829049,1.0188814266141455,0.03849158914222012
1,adsorption,324.0,100.04742704761073,10.389349245573692,0.10384424219754887,13.879901071125346,1.0,0.37958231077108723,1.0189791155385544,0.03847618097894113
1,adsorption,326.0,100.04742807760567,10.39129832699211,0.10386372270291344,13.956838029508267,1.0,0.38153530629743587,1.0190767653148718,0.038460778321834685
1,adsorption,328.0,100.04742910723255,10.393246627131333,0.10388319539917087,14.033744188082059,1.0,0.3834875191424236,1.0191743759571212,0.03844538116944927
1,adsorption,330.0,100.04743013649134,10.395194146271336,0.1039026602891201,14.110619557854731,1.0,0.3854389495864433,1.0192719474793221,0.038429989520331165
1,adsorption,332.0,100.0474311653822,10.39714088469216,0.10392211737556051,14.187464149831275,1.0,0.38738959790981453,1.0193694798954906,0.03841460337302987
1,adsorption,334.0,100.04743219390532,10.39908684267361,0.10394156666128908,14.264277975013803,1.0,0.38933946439278344,1.019466973219639,0.03839922272609506
1,adsorption,336.0,100.04743322206073,10.401032020495474,0.10396100814910281,14.341061044401593,1.0,0.3912885493155201,1.019564427465776,0.03838384757807387
1,adsorption,338.0,100.04743424984848,10.40297641843753,0.10398044184179851,14.417813368990906,1.0,0.3932368529581187,1.0196618426479058,0.0383684779275145
1,adsorption,340.0,100.04743527726873,10.404920036779375,0.10399986774217114,14.494534959775239,1.0,0.3951843756006015,1.0197592187800302,0.03835311377296444
1,adsorption,342.0,100.04743630432152,10.406862875800632,0.10401928585301601,14.571225827745234,1.0,0.39713111752291985,1.019856555876146,0.03833775511297281
1,adsorption,344.0,100.04743733100702,10.408804935780786,0.10403869617712695,14.647885983888601,1.0,0.3990770790049501,1.0199538539502477,0.03832240194608911
1,adsorption,346.0,100.04743835732526,10.410746216999236,0.10405809871729697,14.724515439190107,1.0,0.40102226032649035,1.0200511130163246,0.03830705427086038
1,adsorption,348.0,100.04743938327633,10.412686719735358,0.10407749347631896,14.801114204631604,1.0,0.40296666176726365,1.0201483330883632,0.0382917120858336
1,adsorption,350.0,100.04744040886041,10.414626444268464,0.10409688045698491,14.877682291192038,1.0,0.4049102836069227,1.0202455141803461,0.03827637538955902
1,adsorption,352.0,100.0474414340775,10.416565390877691,0.10411625966208536,14.954219709847465,1.0,0.40685312612504276,1.0203426563062523,0.03826104418058412
1,adsorption,354.0,100.0474424589278,10.418503559842227,0.1041356310944111,15.030726471571029,1.0,0.4087951896011256,1.0204397594800563,0.038245718457457424
1,adsorption,356.0,100.04744348341139,10.42044095144109,0.10415499475675137,15.107202587332981,1.0,0.4107364743145983,1.02053682371573,0.03823039821872709
1,adsorption,358.0,100.04744450752821,10.42237756595325,0.104174350651895,15.183648068100657,1.0,0.41267698054481095,1.0206338490272406,0.03821508346293941
1,adsorption,360.0,100.0474455312786,10.424313403657697,0.10419369878263073,15.260062924838493,1.0,0.4146167085710458,1.0207308354285525,0.0381997741886459
1,adsorption,362.0,100.04744655466243,10.426248464833108,0.10421303915174458,15.336447168508025,1.0,0.4165556586725025,1.0208277829336252,0.038184470394391476
1,adsorption,364.0,100.04744757767992,10.428182749758403,0.10423237176202459,15.412800810067878,1.0,0.41849383112831134,1.0209246915564156,0.03816917207872531
1,adsorption,366.0,100.04744860033118,10.43011625871218,0.10425169661625588,15.489123860473777,1.0,0.4204312262175295,1.0210215613108764,0.03815387924019749
1,adsorption,368.0,100.04744962261623,10.432048991973012,0.1042710137172232,15.565416330678548,1.0,0.42236784421913354,1.0211183922109566,0.03813859187735325
1,adsorption,370.0,100.04745064453529,10.433980949819544,0.10429032306771188,15.641678231632104,1.0,0.4243036854120309,1.0212151842706017,0.03812330998874205
1,adsorption,372.0,100.04745166608835,10.435912132530147,0.10430962467050481,15.717909574281464,1.0,0.42623875007505385,1.0213119375037527,0.0381080335729128
1,adsorption,374.0,100.04745268727548,10.437842540383192,0.10432891852838475,15.794110369570731,1.0,0.4281730384869561,1.0214086519243477,0.038092762628411166
1,adsorption,376.0,100.04745370809688,10.439772173657078,0.10434820464413462,15.870280628441115,1.0,0.43010655092642197,1.021505327546321,0.038077497153786874
1,adsorption,378.0,100.04745472855265,10.441701032629991,0.10436748302053529,15.94642036183092,1.0,0.4320392876720618,1.0216019643836032,0.0380622371475898
1,adsorption,380.0,100.0474557486427,10.443629117579995,0.10438675366036662,16.022529580675545,1.0,0.4339712490024016,1.02169856245012,0.03804698260836237
1,adsorption,382.0,100.0474567683674,10.44555642878541,0.10440601656641056,16.09860829590748,1.0,0.43590243519590705,1.0217951217597954,0.03803173353465798
1,adsorption,384.0,100.04745778772667,10.447482966524023,0.10442527174144418,16.174656518456313,1.0,0.437832846530962,1.021891642326548,0.038016489925024134
1,adsorption,386.0,100.04745880672057,10.44940873107382,0.10444451918824642,16.25067425924874,1.0,0.43976248328587053,1.0219881241642936,0.0380012517780043
1,adsorption,388.0,100.04745982534938,10.45133372271282,0.10446375890959632,16.326661529208533,1.0,0.4416913457388745,1.0220845672869436,0.03798601909215143
1,adsorption,390.0,100.04746084361307,10.453257941718611,0.10448299090826887,16.402618339256577,1.0,0.443619434168134,1.0221809717084067,0.037970791866012966
1,adsorption,392.0,100.04746186151172,10.45518138836901,0.10450221518704134,16.478544700310852,1.0,0.4455467488517348,1.0222773374425866,0.03795557009813615
1,adsorption,394.0,100.04746287904548,10.457104062941601,0.10452143174868851,16.554440623286418,1.0,0.4474732900676855,1.0223736645033843,0.0379403537870664
1,adsorption,396.0,100.04746389621447,10.459025965714048,0.10454064059598608,16.630306119095444,1.0,0.4493990580939271,1.0224699529046963,0.03792514293135427
1,adsorption,398.0,100.0474649130187,10.460947096963723,0.10455984173170679,16.706141198647195,1.0,0.45132405320832214,1.022566202660416,0.03790993752954737
1,adsorption,400.0,100.04746592945837,10.462867456968135,0.10457903515862473,16.781945872848027,1.0,0.45324827568866033,1.0226624137844331,0.03789473758019452
1,adsorption,402.0,100.04746694553346,10.46478704600454,0.10459822087951157,16.8577201526014,1.0,0.45517172581265297,1.0227585862906325,0.03787954308184139
1,adsorption,404.0,100.04746796124417,10.466705864350304,0.1046173988971399,16.933464048807853,1.0,0.4570944038579418,1.022854720192897,0.03786435403303764
1,adsorption,406.0,100.04746897659057,10.468623912282553,0.10463656921428002,17.00917757236504,1.0,0.45901631010209304,1.0229508155051046,0.03784917043233181
1,adsorption,408.0,100.04746999157275,10.470541190078427,0.10465573183370241,17.0848607341677,1.0,0.46093744482259724,1.02304687224113,0.03783399227827185
1,adsorption,410.0,100.04747100619085,10.472457698014953,0.10467488675817631,17.16051354510768,1.0,0.46285780829686946,1.0231428904148436,0.037818819569404596
1,adsorption,412.0,100.04747202044484,10.474373436369115,0.10469403399047066,17.236136016073907,1.0,0.46477740080225083,1.0232388700401125,0.03780365230427754
1,adsorption,414.0,100.04747303433484,10.476288405417776,0.10471317353335316,17.31172815795241,1.0,0.4666962226160074,1.0233348111308003,0.03778849048143764
1,adsorption,416.0,100.04747404786112,10.478202605437843,0.10473230538959173,17.38728998162631,1.0,0.46861427401533584,1.0234307137007668,0.0377733340994358
1,adsorption,418.0,100.0474750610236,10.48011603670596,0.10475142956195198,17.462821497975835,1.0,0.47053155527735346,1.0235265777638676,0.03775818315681907
1,adsorption,420.0,100.04747607382257,10.482028699498887,0.10477054605320037,17.5383227178783,1.0,0.4724480666791052,1.0236224033339554,0.037743037652136095
1,adsorption,422.0,100.04747708625787,10.483940594093136,0.10478965486610126,17.61379365220812,1.0,0.4743638084975585,1.023718190424878,0.037727897583933266
1,adsorption,424.0,100.04747809832972,10.485851720765263,0.10480875600341914,17.68923431183681,1.0,0.47627878100960624,1.0238139390504803,0.037712762950756776
1,adsorption,426.0,100.04747911003825,10.487762079791764,0.10482784946791802,17.764644707632957,1.0,0.4781929844920719,1.0239096492246036,0.037697633751156964
1,adsorption,428.0,100.04748012138353,10.489671671448981,0.1048469352623603,17.840024850462278,1.0,0.48010641922170455,1.0240053209610853,0.03768250998368405
1,adsorption,430.0,100.04748113236563,10.491580496013116,0.10486601338950712,17.915374751187564,1.0,0.4820190854751689,1.0241009542737585,0.03766739164688055
1,adsorption,432.0,100.04748214298468,10.493488553760592,0.10488508385212165,17.990694420668703,1.0,0.4839309835290668,1.0241965491764533,0.037652278739298085
1,adsorption,434.0,100.04748315324085,10.49539584496741,0.10490414665296288,18.065983869762693,1.0,0.48584211365992225,1.0242921056829961,0.03763717125948554
1,adsorption,436.0,100.04748416313404,10.497302369909654,0.10492320179479085,18.141243109323614,1.0,0.48775247614418016,1.024387623807209,0.037622069205988276
1,adsorption,438.0,100.04748517266452,10.499208128863392,0.10494224928036508,18.216472150202648,1.0,0.48966207125821404,1.0244831035629107,0.03760697257735407
1,adsorption,440.0,100.04748618183235,10.501113122104538,0.10496128911244387,18.291671003248066,1.0,0.4915708992783267,1.0245785449639164,0.037591881372133554
1,adsorption,442.0,100.04748719063755,10.503017349908843,0.10498032129378373,18.366839679305244,1.0,0.4934789604807382,1.024673948024037,0.037576795588870934
1,adsorption,444.0,100.04748819908026,10.504920812552259,0.1049993458271432,18.441978189216645,1.0,0.49538625514160217,1.02476931275708,0.03756171522611684
1,adsorption,446.0,100.04748920716064,10.506823510310348,0.1050183627152769,18.51708654382184,1.0,0.4972927835369953,1.0248646391768497,0.03754664028241961
1,adsorption,448.0,100.04749021487879,10.508725443458795,0.10503737196094068,18.592164753957483,1.0,0.49919854594291724,1.024959927297146,0.037531570756325836
1,adsorption,450.0,100.0474912222347,10.510626612273132,0.10505637356688897,18.66721283045733,1.0,0.5011035426352938,1.0250551771317646,0.03751650664638256
1,adsorption,452.0,100.04749222922845,10.512527017028857,0.1050753675358758,18.742230784152238,1.0,0.5030077738899776,1.0251503886944988,0.03750144795113788
1,adsorption,454.0,100.04749323586036,10.514426658001423,0.10509435387065452,18.817218625870144,1.0,0.5049112399827507,1.0252455619991376,0.037486394669142706
1,adsorption,456.0,100.04749424213031,10.516325535466061,0.1051133325739767,18.892176366436097,1.0,0.5068139411893152,1.0253406970594658,0.03747134679894399
1,adsorption,458.0,100.04749524803842,10.518223649698081,0.1051323036485944,18.96710401667224,1.0,0.5087158777852984,1.0254357938892649,0.037456304339087934
1,adsorption,460.0,100.04749625358481,10.520121000972647,0.1051512670972583,19.0420015873978,1.0,0.5106170500462527,1.0255308525023126,0.03744126728812113
1,adsorption,462.0,100.04749725876972,10.522017589564959,0.1051702229227193,19.11686908942911,1.0,0.5125174582476645,1.0256258729123833,0.03742623564459615
1,adsorption,464.0,100.04749826359307,10.523913415749906,0.10518917112772547,19.191706533579598,1.0,0.5144171026649377,1.0257208551332468,0.03741120940705948
1,adsorption,466.0,100.04749926805493,10.52580847980248,0.10520811171502574,19.26651393065979,1.0,0.5163159835733979,1.0258157991786698,0.037396188574054634
1,adsorption,468.0,100.04750027215556,10.52770278199774,0.10522704468736963,19.341291291477297,1.0,0.5182141012483108,1.0259107050624154,0.03738117314413648
1,adsorption,470.0,100.04750127589499,10.529596322610212,0.10524597004750151,19.416038626836848,1.0,0.5201114559648544,1.0260055727982427,0.03736616311584955
1,adsorption,472.0,100.04750227927327,10.531489101914818,0.10526488779816959,19.49075594754024,1.0,0.5220080479981333,1.026100402399907,0.03735115848773922
1,adsorption,474.0,100.04750328229053,10.533381120186245,0.10528379794211981,19.565443264386385,1.0,0.5239038776231878,1.0261951938811593,0.037336159258358835
1,adsorption,476.0,100.0475042849469,10.535272377698941,0.1053027004820956,19.640100588171283,1.0,0.5257989451149745,1.0262899472557487,0.03732116542625446
1,adsorption,478.0,100.04750528724242,10.53716287472748,0.10532159542084184,19.71472792968804,1.0,0.527693250748374,1.026384662537419,0.03730617698997104
1,adsorption,480.0,100.04750628917719,10.539052611546364,0.10534048276110247,19.78932529972684,1.0,0.5295867947981999,1.02647933973991,0.037291193948059194
1,adsorption,482.0,100.04750729075141,10.540941588429915,0.10535936250561978,19.86389270907498,1.0,0.5314795775391918,1.0265739788769597,0.03727621629907001
1,adsorption,484.0,100.04750829196503,10.542829805652302,0.10537823465713451,19.938430168516852,1.0,0.5333715992460037,1.0266685799623,0.03726124404154589
1,adsorption,486.0,100.04750929281822,10.544717263487955,0.10539709921838997,20.012937688833933,1.0,0.5352628601932248,1.0267631430096613,0.03724627717403668
1,adsorption,488.0,100.04751029331105,10.546603962210867,0.10541595619212513,20.0874152808048,1.0,0.5371533606553696,1.0268576680327686,0.03723131569509225
1,adsorption,490.0,100.04751129344366,10.548489902095152,0.10543480558108013,20.161862955205134,1.0,0.5390431009068762,1.0269521550453438,0.03721635960326079
1,adsorption,492.0,100.04751229321616,10.550375083414783,0.10545364738799372,20.236280722807706,1.0,0.540932081222107,1.0270466040611055,0.037201408897089394
1,adsorption,494.0,100.04751329262855,10.552259506443669,0.1054724816156041,20.310668594382385,1.0,0.5428203018753487,1.0271410150937674,0.03718646357512431
1,adsorption,496.0,100.04751429168105,10.554143171455726,0.10549130826664928,20.385026580696135,1.0,0.5447077631408199,1.027235388157041,0.037171523635916866
1,adsorption,498.0,100.04751529037361,10.556026078724587,0.10551012734386485,20.459354692513013,1.0,0.546594465292657,1.0273297232646328,0.03715658907801225
1,adsorption,500.0,100.04751628870652,10.557908228524127,0.1055289388499884,20.53365294059418,1.0,0.5484804086049313,1.0274240204302465,0.037141659899962896
1,adsorption,502.0,100.04751728667972,10.559789621127765,0.10554774278775322,20.60792133569789,1.0,0.5503655933516294,1.0275182796675815,0.0371267361003132
1,adsorption,504.0,100.04751828429335,10.561670256809158,0.10556653915989495,20.682159888579484,1.0,0.5522500198066657,1.0276125009903332,0.037111817677609515
1,adsorption,506.0,100.04751928154752,10.563550135841842,0.1055853279691479,20.756368609991416,1.0,0.5541336882438894,1.0277066844121945,0.0370969046304054
1,adsorption,508.0,100.04752027844235,10.565429258499021,0.10560410921824315,20.83054751068323,1.0,0.5560165989370637,1.0278008299468533,0.037081996957245164
1,adsorption,510.0,100.04752127497781,10.567307625054177,0.10562288290991466,20.90469660140155,1.0,0.5578987521598818,1.027894937607994,0.03706709465667684
1,adsorption,512.0,100.04752227115425,10.569185235780589,0.10564164904689402,20.978815892890125,1.0,0.5597801481859708,1.0279890074092985,0.03705219772725474
1,adsorption,514.0,100.0475232669715,10.571062090951202,0.10566040763190994,21.052905395889784,1.0,0.5616607872888673,1.0280830393644433,0.037037306167520836
1,adsorption,516.0,100.04752426242977,10.572938190839311,0.10567915866769433,21.126965121138454,1.0,0.5635406697420394,1.0281770334871019,0.03702241997602172
1,adsorption,518.0,100.0475252575292,10.574813535717963,0.10569790215697655,21.200995079371157,1.0,0.5654197958188901,1.0282709897909446,0.03700753915131121
1,adsorption,520.0,100.04752625226985,10.576688125859942,0.10571663810248362,21.274995281320013,1.0,0.5672981657927382,1.0283649082896371,0.036992663691935546
1,adsorption,522.0,100.04752724665177,10.578561961538252,0.10573536650694462,21.348965737714245,1.0,0.5691757799368302,1.0284587889968415,0.036977793596442717
1,adsorption,524.0,100.04752824067512,10.580435043025643,0.10575408737308598,21.42290645928016,1.0,0.5710526385243375,1.028552631926217,0.03696292886338002
1,adsorption,526.0,100.04752923434,10.582307370594858,0.10577280070363416,21.496817456741173,1.0,0.5729287418283586,1.028646437091418,0.03694806949129629
1,adsorption,528.0,100.04753022764649,10.58417894451862,0.10579150650131547,21.570698740817793,1.0,0.5748040901219245,1.0287402045060963,0.03693321547874528
1,adsorption,530.0,100.04753122059458,10.58604976506923,0.10581020476885206,21.644550322227623,1.0,0.5766786836779714,1.0288339341838988,0.036918366824265185
1,adsorption,532.0,100.04753221318451,10.587919832519571,0.10582889550897155,21.71837221168536,1.0,0.5785525227693795,1.028927626138469,0.03690352352640882
1,adsorption,534.0,100.04753320541636,10.589789147141872,0.1058475787243954,21.792164419902804,1.0,0.5804256076689547,1.0290212803834478,0.0368886855837286
1,adsorption,536.0,100.0475341972902,10.59165770920845,0.10586625441784575,21.865926957588847,1.0,0.5822979386494205,1.029114896932471,0.03687385299477097
1,adsorption,538.0,100.04753518880614,10.593525518991665,0.1058849225920453,21.93965983544949,1.0,0.5841695159834264,1.0292084757991713,0.03685902575808273
1,adsorption,540.0,100.04753617996424,10.595392576763668,0.10590358324971452,22.013363064187814,1.0,0.5860403399435465,1.0293020169971774,0.03684420387221003
1,adsorption,542.0,100.04753717076467,10.597258882796693,0.10592223639357477,22.087036654504004,1.0,0.58791041080229,1.0293955205401144,0.03682938733570613
1,adsorption,544.0,100.04753816120744,10.599124437362674,0.10594088202634447,22.160680617095345,1.0,0.5897797288320845,1.0294889864416041,0.03681457614711907
1,adsorption,546.0,100.04753915129265,10.600989240733597,0.10595952015074253,22.23429496265621,1.0,0.5916482943052785,1.029582414715264,0.036799770304993054
1,adsorption,548.0,100.04754014102043,10.602853293181502,0.10597815076948836,22.307879701878083,1.0,0.5935161074941555,1.0296758053747077,0.03678496980787965
1,adsorption,550.0,100.04754113039098,10.604716594978118,0.10599677388529813,22.38143484544953,1.0,0.5953831686709234,1.0297691584335462,0.036770174654329656
1,adsorption,552.0,100.0475421194042,10.606579146395104,0.1060153895008877,22.45496040405623,1.0,0.5972494781077036,1.0298624739053852,0.036755384842884264
1,adsorption,554.0,100.04754310806034,10.608440947704434,0.10603399761897565,22.528456388380935,1.0,0.5991150360765609,1.029955751803828,0.03674060037209885
1,adsorption,556.0,100.04754409635945,10.610301999177501,0.10605259824227502,22.601922809103524,1.0,0.6009798428494818,1.030048992142474,0.03672582124052537
1,adsorption,558.0,100.04754508430156,10.612162301085737,0.10607119137349917,22.675359676900957,1.0,0.6028438986983606,1.030142194934918,0.036711047446702116
1,adsorption,560.0,100.04754607188687,10.614021853700915,0.10608977701536482,22.74876700244729,1.0,0.6047072038950354,1.0302353601947518,0.036696278989181805
1,adsorption,562.0,100.04754705911542,10.615880657294246,0.1061083551705831,22.82214479641368,1.0,0.6065697587112707,1.0303284879355639,0.03668151586651755
1,adsorption,564.0,100.04754804598728,10.617738712136939,0.10612692584186521,22.895493069468383,1.0,0.6084315634187448,1.0304215781709372,0.036666758077253316
1,adsorption,566.0,100.04754903250263,10.619596018500452,0.10614548903192465,22.96881183227675,1.0,0.610292618289069,1.0305146309144535,0.036652005619938824
1,adsorption,568.0,100.04755001866152,10.621452576655816,0.10616404474347083,23.042101095501234,1.0,0.6121529235937806,1.0306076461796891,0.03663725849312421
1,adsorption,570.0,100.047551004464,10.623308386874069,0.10618259297921313,23.115360869801368,1.0,0.6140124796043349,1.0307006239802168,0.036622516695353824
1,adsorption,572.0,100.04755198991027,10.62516344942646,0.10620113374186306,23.188591165833806,1.0,0.615871286592127,1.0307935643296064,0.03660778022518298
1,adsorption,574.0,100.04755297500031,10.627017764583611,0.10621966703412593,23.261791994252288,1.0,0.6177293448284632,1.030886467241423,0.03659304908115553
1,adsorption,576.0,100.04755395973442,10.62887133261672,0.1062381928587126,23.334963365707655,1.0,0.6195866545845892,1.0309793327292294,0.03657832326182647
1,adsorption,578.0,100.04755494411245,10.630724153796232,0.10625671121832672,23.40810529084784,1.0,0.6214432161316598,1.031072160806583,0.03656360276573779
1,adsorption,580.0,100.04755592813464,10.632576228393098,0.10627522211567673,23.481217780317884,1.0,0.6232990297407617,1.031164951487038,0.03654888759143642
1,adsorption,582.0,100.04755691180107,10.634427556678014,0.10629372555346862,23.55430084475991,1.0,0.6251540956829201,1.031257704784146,0.03653417773747947
1,adsorption,584.0,100.0475578951118,10.636278138921329,0.10631222153440495,23.627354494813154,1.0,0.6270084142290738,1.0313504207114537,0.036519473202414554
1,adsorption,586.0,100.04755887806691,10.63812797539365,0.10633071006119081,23.700378741113948,1.0,0.628861985650084,1.031443099282504,0.03650477398478655
1,adsorption,588.0,100.04755986066658,10.63997706636546,0.10634919113653002,23.77337359429572,1.0,0.6307148102167457,1.0315357405108372,0.03649008008314727
1,adsorption,590.0,100.04756084291088,10.641825412106964,0.10636766476312368,23.84633906498899,1.0,0.6325668881997738,1.0316283444099887,0.03647539149604386
1,adsorption,592.0,100.04756182479981,10.643673012888508,0.10638613094367436,23.91927516382137,1.0,0.634418219869809,1.0317209109934904,0.036460708222023554
1,adsorption,594.0,100.04756280633363,10.645519868980399,0.10640458968088397,23.992181901417602,1.0,0.6362688054974279,1.0318134402748713,0.03644603025964177
1,adsorption,596.0,100.04756378751235,10.64736598065253,0.10642304097745062,24.065059288399485,1.0,0.6381186453531207,1.0319059322676563,0.036431357607444446
1,adsorption,598.0,100.04756476833597,10.649211348175058,0.10644148483607493,24.13790733538595,1.0,0.6399677397073015,1.031998386985365,0.03641669026397615
1,adsorption,600.0,100.04756574880474,10.65105597181808,0.10645992125945679,24.21072605299302,1.0,0.6418160888303236,1.0320908044415162,0.03640202822779197
1,purge,600.0,100.04756574880474,10.65105597181808,0.10645992125945679,24.21072605299302,1.0,0.6418160888303236,1.0320908044415162,0.03640202822779197
1,purge,602.0,100.05345602912412,9.134369442376215,0.09129489179981283,24.191076134320053,1.0,0.5263856470740826,1.0263192823537042,-0.05324071796861653
1,purge,604.0,100.05328892297393,10.580282275977595,0.10574647160397528,24.092562560207423,1.0,0.5293085540007362,1.026465427700037,-0.04899057908357423
1,purge,606.0,100.05306831748045,10.531917168165862,0.10526331021400381,24.00033153108897,1.0,0.530975639530857,1.0265487819765429,-0.0458456317877109
1,purge,608.0,100.05307475750234,10.514784497026891,0.10509206761023059,23.90837777763669,1.0,0.5284375806887074,1.0264218790344353,-0.04598624261554199
1,purge,610.0,100.05307546479717,10.514439817235676,0.10508862189783554,23.816378557109235,1.0,0.52607294031837,1.0263036470159186,-0.04599067769385601
1,purge,612.0,100.05307379079805,10.512112861525889,0.105065366442472,23.72442569098657,1.0,0.5237472396970427,1.026187361984852,-0.045965666856038014
1,purge,614.0,100.05307241310665,10.509758610856451,0.10504183787043511,23.632514640531806,1.0,0.5214168457486467,1.0260708422874323,-0.04594515312669169
1,purge,616.0,100.05307104530888,10.50744167866513,0.10501868227419876,23.54064543475192,1.0,0.5190874765618096,1.0259543738280905,-0.04592467697682676
1,purge,618.0,100.05306967289052,10.505121024685872,0.10499548948403974,23.44882043364682,1.0,0.5167593102510537,1.0258379655125527,-0.04590414667711443
1,purge,620.0,100.05306829793582,10.502798825757829,0.10497228125461205,23.357034269443652,1.0,0.5144321782709069,1.0257216089135452,-0.0458835863375656
1,purge,622.0,100.05306692384742,10.50047801738127,0.10494908692177737,23.265287752994542,1.0,0.5121060478179976,1.0256053023909,-0.045863037761852694
1,purge,624.0,100.0530655502731,10.498158109235371,0.10492590158529845,23.173582204943862,1.0,0.5097809574440977,1.025489047872205,-0.04584249729248102
1,purge,626.0,100.05306417744733,10.4958392423598,0.10490272665457892,23.081917717114244,1.0,0.5074569055674213,1.025372845278371,-0.04582196799969619
1,purge,628.0,100.0530628053075,10.493521433265116,0.10487956229470335,22.990294289322026,1.0,0.5051338934415109,1.0252566946720756,-0.045801448902061975
1,purge,630.0,100.05306143384105,10.49120465380121,0.10485640822433402,22.89871189633385,1.0,0.5028119205523285,1.0251405960276165,-0.045780939895860705
1,purge,632.0,100.0530600630623,10.488888908434989,0.10483326448810222,22.8071705132054,1.0,0.5004909860078475,1.0250245493003924,-0.0457604411779869
1,purge,634.0,100.05305869296807,10.486574200057298,0.1048101311149053,22.715670117709504,1.0,0.49817108931040754,1.0249085544655203,-0.045739952692072136
1,purge,636.0,100.05305732355616,10.484260526199982,0.10478700808007795,22.62421068898238,1.0,0.49585222996106415,1.0247926114980532,-0.04571947441001751
1,purge,638.0,100.05305595482722,10.48194788630865,0.1047638953780795,22.532792207125958,1.0,0.4935344074371703,1.0246767203718585,-0.045699006341526294
1,purge,640.0,100.05305458678095,10.479636280340294,0.10474079300848117,22.441414652028392,1.0,0.49121762122964535,1.0245608810614824,-0.04567854848144445
1,purge,642.0,100.05305321941657,10.477325707617332,0.10471770096451262,22.35007800407057,1.0,0.4889018708497586,1.024445093542488,-0.0456581008185997
1,purge,644.0,100.05305185273386,10.475016167542753,0.10469461924020795,22.258782241787966,1.0,0.48658715575224354,1.0243293577876122,-0.04563766334900932
1,purge,646.0,100.05305048673242,10.472707659684858,0.10467154783125376,22.167527344213546,1.0,0.48427347540658605,1.0242136737703293,-0.04561723606713382
1,purge,648.0,100.05304912141173,10.470400183497228,0.10464848673219017,22.076313290894433,1.0,0.48196082929759837,1.02409804146488,-0.04559681896576186
1,purge,650.0,100.0530477567715,10.468093738443855,0.10462543593766123,21.98514006155632,1.0,0.47964921691249685,1.023982460845625,-0.045576412039378754
1,purge,652.0,100.05304639281125,10.46578832404192,0.10460239544284261,21.894007635910718,1.0,0.47733863773852736,1.0238669318869267,-0.04555601528216296
1,purge,654.0,100.0530450295306,10.463483939773454,0.1045793652425587,21.802915993632283,1.0,0.4750290912626743,1.0237514545631337,-0.04553562868775966
1,purge,656.0,100.05304366692917,10.461180585118026,0.10455634533160925,21.711865114390765,1.0,0.4727205769712043,1.0236360288485602,-0.04551525225027593
1,purge,658.0,100.05304230500658,10.45887825957161,0.10453333570495792,21.6208549778714,1.0,0.47041309435083734,1.023520654717542,-0.04549488596377477
1,purge,660.0,100.05304094376237,10.456576962622032,0.10451033635748709,21.52988556377734,1.0,0.46810664288897014,1.0234053321444485,-0.045474529822150105
1,purge,662.0,100.05303958319617,10.4542766937556,0.10448734728406381,21.43895685182592,1.0,0.46580122207318936,1.0232900611036595,-0.0454541838194307
1,purge,664.0,100.0530382233076,10.451977452463977,0.10446436847960869,21.348068821746097,1.0,0.46349683139138337,1.0231748415695692,-0.04543384794964289
1,purge,666.0,100.05303686409616,10.449679238236742,0.10444139993902164,21.25722145327816,1.0,0.46119347033179814,1.02305967351659,-0.04541352220676059
1,purge,668.0,100.05303550556155,10.447382050562787,0.10441844165719547,21.16641472617413,1.0,0.45889113838290724,1.0229445569191453,-0.04539320658481491
1,purge,670.0,100.05303414770341,10.445085888933436,0.10439549362904743,21.07564862019803,1.0,0.45658983503350586,1.0228294917516754,-0.04537290107782598
1,purge,672.0,100.0530327905212,10.44279075283909,0.10437255584948561,20.984923115125927,1.0,0.4542895597727193,1.022714477988636,-0.045352605679797466
1,purge,674.0,100.05303143401463,10.440496641770242,0.10434962831341889,20.89423819074588,1.0,0.45199031208994117,1.0225995156044971,-0.04533232038476344
1,purge,676.0,100.05303007818321,10.438203555218493,0.10432671101576729,20.803593826857878,1.0,0.44969209147487116,1.0224846045737435,-0.04531204518675798
1,purge,678.0,100.05302872302666,10.435911492675361,0.10430380395144995,20.71299000327384,1.0,0.4473948974175269,1.0223697448708764,-0.04529178007980578
1,purge,680.0,100.05302736854452,10.43362045363233,0.10428090711538567,20.622426699817616,1.0,0.4450987294082048,1.0222549364704103,-0.04527152505795253
1,purge,682.0,100.05302601473637,10.43133043758183,0.1042580205025028,20.531903896324962,1.0,0.4428035869375105,1.0221401793468756,-0.045251280115241016
1,purge,684.0,100.05302466160178,10.429041444016194,0.10423514410772869,20.441421572643556,1.0,0.44050946949635905,1.022025473474818,-0.04523104524571107
1,purge,686.0,100.05302330914044,10.426753472427912,0.10421227792599214,20.35097970863298,1.0,0.4382163765759467,1.0219108188287973,-0.04521082044342114
1,purge,688.0,100.05302195735193,10.424466522310304,0.1041894219522303,20.260578284164698,1.0,0.4359243076677816,1.021796215383389,-0.04519060570242431
1,purge,690.0,100.05302060623582,10.422180593156497,0.10416657618137853,20.170217279122074,1.0,0.4336332622636735,1.0216816631131838,-0.045170401016776086
1,purge,692.0,100.05301925579175,10.419895684459961,0.10414374060837535,20.07989667340033,1.0,0.4313432398557136,1.021567161992786,-0.04515020638054995
1,purge,694.0,100.0530179060193,10.417611795714857,0.10412091522816645,19.989616446906563,1.0,0.42905423993630476,1.0214527119968153,-0.04513002178781352
1,purge,696.0,100.053016556918,10.415328926415265,0.10409810003569667,19.899376579559725,1.0,0.4267662619981543,1.0213383130999076,-0.0451098472326341
1,purge,698.0,100.05301520848766,10.413047076055525,0.10407529502591314,19.809177051290614,1.0,0.4244793055342515,1.0212239652767126,-0.04508968270909607
1,purge,700.0,100.05301386072766,10.41076624413072,0.10405250019377084,19.719017842041872,1.0,0.42219337003789803,1.021109668501895,-0.04506952821127694
1,purge,702.0,100.0530125136377,10.408486430135655,0.10402971553422172,19.628898931767978,1.0,0.41990845500268553,1.0209954227501343,-0.045049383733264795
1,purge,704.0,100.05301116721739,10.406207633565838,0.10400694104222481,19.538820300435223,1.0,0.41762455992250236,1.020881227996125,-0.04502924926915258
1,purge,706.0,100.05300982146638,10.403929853916985,0.10398417671274114,19.448781928021717,1.0,0.41534168429154106,1.020767084214577,-0.04500912481303224
1,purge,708.0,100.05300847638418,10.401653090684938,0.10396142254073323,19.35878379451737,1.0,0.4130598276042856,1.0206529913802143,-0.044989010359004655
1,purge,710.0,100.05300713197049,10.399377343366067,0.10393867852116859,19.268825879923902,1.0,0.41077898935551765,1.020538949467776,-0.04496890590117422
1,purge,712.0,100.05300578822482,10.397102611456843,0.10391594464901592,19.178908164254803,1.0,0.40849916904031175,1.0204249584520155,-0.044948811433652834
1,purge,714.0,100.05300444514681,10.394828894454307,0.10389322091924968,19.08903062753535,1.0,0.40622036615405244,1.0203110183077027,-0.04492872695054607
1,purge,716.0,100.05300310273611,10.392556191855407,0.1038705073268431,18.999193249802598,1.0,0.40394258019241275,1.0201971290096206,-0.04490865244596997
1,purge,718.0,100.0530017609923,10.390284503157599,0.10384780386677477,18.909396011105354,1.0,0.40166581065135004,1.0200832905325674,-0.04488858791405403
1,purge,720.0,100.053000419915,10.388013827858812,0.10382511053402786,18.819638891504187,1.0,0.3993900570271324,1.0199695028513567,-0.04486853334892046
1,purge,722.0,100.0529990795038,10.385744165456906,0.10380242732358497,18.729921871071397,1.0,0.39711531881632056,1.019855765940816,-0.04484848874469782
1,purge,724.0,100.05299773975827,10.383475515450236,0.10377975423043354,18.64024492989102,1.0,0.3948415955157642,1.0197420797757881,-0.044828454095524266
1,purge,726.0,100.05299640067813,10.38120787733756,0.10375709124956504,18.55060804805883,1.0,0.39256888662261924,1.019628444331131,-0.04480842939553358
1,purge,728.0,100.05299506226284,10.378941250617709,0.10373443837597172,18.46101120568233,1.0,0.39029719163433774,1.019514859581717,-0.04478841463886312
1,purge,730.0,100.05299372451209,10.376675634789715,0.1037117956046479,18.371454382880714,1.0,0.3880265100486454,1.0194013255024323,-0.04476840981967079
1,purge,732.0,100.05299238742555,10.3744110293534,0.10368916293059552,18.281937559784875,1.0,0.38575684136357663,1.0192878420681788,-0.04474841493210775
1,purge,734.0,100.05299105100264,10.372147433808506,0.10366654034881614,18.192460716537422,1.0,0.3834881850774754,1.0191744092538737,-0.04472842997031757
1,purge,736.0,100.05298971524316,10.369884847654758,0.10364392785431077,18.103023833292625,1.0,0.38122054068894823,1.0190610270344473,-0.04470845492847281
1,purge,738.0,100.05298838014667,10.367623270393002,0.10362132544209172,18.01362689021643,1.0,0.3789539076969094,1.0189476953848455,-0.04468848980073923
1,purge,740.0,100.05298704571277,10.365362701523825,0.10359873310716892,17.92426986748647,1.0,0.3766882856005834,1.0188344142800292,-0.0446685345812743
1,purge,742.0,100.05298571194102,10.3631031405479,0.10357615084455289,17.834952745292014,1.0,0.37442367389946535,1.0187211836949732,-0.04464858926425726
1,purge,744.0,100.05298437883108,10.360844586966826,0.10355357864926357,17.745675503833997,1.0,0.3721600720933518,1.0186080036046676,-0.04462865384386551
1,purge,746.0,100.05298304638258,10.358587040281993,0.10353101651631874,17.656438123324985,1.0,0.36989747968233316,1.0184948739841166,-0.044608728314279804
1,purge,748.0,100.05298171459512,10.356330499995261,0.10350846444074084,17.567240583989182,1.0,0.3676358961667903,1.0183817948083396,-0.04458881266968719
1,purge,750.0,100.05298038346824,10.354074965608838,0.10348592241755593,17.478082866062422,1.0,0.36537532104740134,1.0182687660523702,-0.044568906904275334
1,purge,752.0,100.05297905300165,10.351820436625015,0.1034633904417907,17.38896494979213,1.0,0.36311575382512845,1.0181557876912564,-0.044549011012242366
1,purge,754.0,100.05297772319493,10.349566912546724,0.10344086850847836,17.299886815437368,1.0,0.36085719400123706,1.0180428597000621,-0.044529124987782435
1,purge,756.0,100.0529763940476,10.34731439287679,0.10341835661265122,17.210848443268784,1.0,0.35859964107728104,1.017929982053864,-0.04450924882509645
1,purge,758.0,100.05297506555941,10.345062877118519,0.10339585474934598,17.12184981356862,1.0,0.3563430945550967,1.0178171547277548,-0.04448938251839693
1,purge,760.0,100.05297373772996,10.34281236477566,0.10337336291360412,17.032890906630694,1.0,0.35408755393682223,1.017704377696841,-0.04446952606189249
1,purge,762.0,100.05297241055875,10.340562855351955,0.10335088110046692,16.943971702760404,1.0,0.35183301872488554,1.0175916509362444,-0.0444496794497973
1,purge,764.0,100.05297108404551,10.33831434835154,0.1033284093049796,16.855092182274703,1.0,0.34957948842199654,1.0174789744211,-0.044429842676336706
1,purge,766.0,100.05296975818976,10.336066843279056,0.1033059475221924,16.766252325502105,1.0,0.34732696253116657,1.0173663481265582,-0.044410015735732125
1,purge,768.0,100.05296843299118,10.333820339639212,0.10328349574715635,16.67745211278268,1.0,0.34507544055570644,1.0172537720277852,-0.04439019862220259
1,purge,770.0,100.05296710844945,10.331574836936763,0.10326105397492269,16.58869152446803,1.0,0.34282492199918996,1.0171412460999596,-0.044370391329992404
1,purge,772.0,100.052965784564,10.329330334677387,0.10323862220055229,16.499970540921286,1.0,0.34057540636549233,1.0170287703182745,-0.04435059385334162
1,purge,774.0,100.05296446133454,10.327086832366737,0.1032162004191054,16.411289142517095,1.0,0.33832689315880315,1.0169163446579401,-0.04433080618647542
1,purge,776.0,100.05296313876076,10.324844329510295,0.10319378862564066,16.322647309641635,1.0,0.3360793818835701,1.0168039690941786,-0.04431102832364799
1,purge,778.0,100.05296181684221,10.32260282561468,0.10317138681522817,16.234045022692587,1.0,0.33383287204453993,1.0166916436022273,-0.04429126025911055
1,purge,780.0,100.05296049557842,10.320362320186241,0.10314899498293528,16.145482262079117,1.0,0.33158736314675785,1.0165793681573378,-0.04427150198711116
1,purge,782.0,100.05295917496919,10.318122812731628,0.10312661312383224,16.056959008221884,1.0,0.3293428546955453,1.0164671427347773,-0.04425175350191229
1,purge,784.0,100.05295785501394,10.315884302758102,0.10310424123299562,15.968475241553035,1.0,0.32709934619652076,1.0163549673098262,-0.04423201479777446
1,purge,786.0,100.05295653571241,10.313646789772857,0.10308187930550114,15.880030942516175,1.0,0.3248568371555889,1.0162428418577794,-0.044212285868964155
1,purge,788.0,100.05295521706422,10.311410273283672,0.10305952733643034,15.791626091566386,1.0,0.322615327078948,1.0161307663539474,-0.04419256670974822
1,purge,790.0,100.05295389906891,10.309174752798352,0.1030371853208653,15.703260669170206,1.0,0.32037481547308233,1.016018740773654,-0.044172857314399856
1,purge,792.0,100.05295258172617,10.306940227825036,0.10301485325389101,15.614934655805612,1.0,0.3181353018447503,1.0159067650922375,-0.04415315767720695
1,purge,794.0,100.05295126503559,10.30470669787252,0.10299253113059938,15.52664803196202,1.0,0.31589678570101887,1.0157948392850509,-0.044133467792445674
1,purge,796.0,100.0529499489968,10.302474162449222,0.10297021894607837,15.438400778140277,1.0,0.313659266549229,1.0156829633274616,-0.04411378765440694
1,purge,798.0,100.0529486336094,10.300242621064484,0.10294791669542527,15.350192874852647,1.0,0.3114227438970154,1.0155711371948508,-0.044094117257380876
1,purge,800.0,100.052947318873,10.298012073227648,0.10292562437373731,15.262024302622818,1.0,0.30918721725231124,1.0154593608626155,-0.044074456595653566
1,purge,802.0,100.05294600478723,10.295782518448052,0.1029033419761116,15.173895041985881,1.0,0.30695268612330956,1.0153476343061654,-0.04405480566353616
1,purge,804.0,100.0529446913517,10.293553956236034,0.10288106949765546,15.08580507348832,1.0,0.30471915001850747,1.0152359575009253,-0.04403516445533056
1,purge,806.0,100.05294337856608,10.291326386101641,0.10285880693347306,14.997754377688013,1.0,0.30248660844669717,1.015124330422335,-0.044015532965336404
1,purge,808.0,100.05294206642995,10.289099807555173,0.10283655427867125,14.909742935154206,1.0,0.300255060916934,1.0150127530458466,-0.04399591118787557
1,purge,810.0,100.05294075494288,10.286874220107801,0.10281431152836558,14.821770726467534,1.0,0.2980245069385788,1.014901225346929,-0.04397629911725919
1,purge,812.0,100.05293944410455,10.284649623270273,0.10279207867766724,14.73383773221998,1.0,0.2957949460212724,1.0147897473010636,-0.0439566967478071
1,purge,814.0,100.05293813391467,10.28242601655397,0.10276985572169382,14.645943933014882,1.0,0.2935663776749265,1.0146783188837463,-0.04393710407385497
1,purge,816.0,100.05293682437268,10.28020339947092,0.10274764265556956,14.558089309466936,1.0,0.29133880140977225,1.0145669400704886,-0.043917521089716346
1,purge,818.0,100.0529355154783,10.277981771532515,0.10272543947441204,14.470273842202168,1.0,0.28911221673630527,1.0144556108368152,-0.04389794778972523
1,purge,820.0,100.05293420723115,10.275761132251233,0.10270324617334983,14.382497511857949,1.0,0.2868866231652993,1.014344331158265,-0.04387838416822553
1,purge,822.0,100.0529328996308,10.27354148113953,0.10268106274751132,14.294760299082952,1.0,0.2846620202078187,1.0142331010103909,-0.04385883021956043
1,purge,824.0,100.05293159267691,10.271322817710342,0.10265888919202965,14.207062184537172,1.0,0.2824384073752308,1.0141219203687615,-0.043839285938063396
1,purge,826.0,100.05293028636919,10.269105141476308,0.1026367255020349,14.11940314889192,1.0,0.2802157841791596,1.014010789208958,-0.043819751318093896
1,purge,828.0,100.0529289807071,10.266888451951187,0.10261457167266858,14.03178317282978,1.0,0.2779941501315252,1.0138997075065763,-0.043800226354005954
1,purge,830.0,100.05292767569027,10.264672748648554,0.10259242769907019,13.94420223704465,1.0,0.27577350474454915,1.0137886752372274,-0.043780711040144644
1,purge,832.0,100.05292637131848,10.262458031082014,0.10257029357637946,13.856660322241705,1.0,0.2735538475307121,1.0136776923765356,-0.04376120537087866
1,purge,834.0,100.05292506759125,10.260244298766091,0.10254816929974542,13.769157409137394,1.0,0.27133517800278695,1.0135667589001394,-0.04374170934057401
1,purge,836.0,100.05292376450825,10.258031551215014,0.10252605486431414,13.681693478459415,1.0,0.26911749567382326,1.0134558747836913,-0.04372222294360613
1,purge,838.0,100.05292246206899,10.255819787943759,0.10250395026523924,13.594268510946728,1.0,0.26690080005716643,1.0133450400028583,-0.04370274617434472
1,purge,840.0,100.05292116027321,10.253609008467237,0.10248185549767348,13.506882487349547,1.0,0.2646850906664442,1.0132342545333222,-0.04368327902716448
1,purge,842.0,100.05291985912054,10.251399212300713,0.10245977055677329,13.419535388429319,1.0,0.26247036701555526,1.0131235183507779,-0.04366382149645325
1,purge,844.0,100.05291855861046,10.249190398960064,0.10243769543770125,13.332227194958731,1.0,0.2602566286187015,1.013012831430935,-0.04364437357658745
1,purge,846.0,100.05291725874277,10.246982567960764,0.10241563013561573,13.244957887721696,1.0,0.2580438749903469,1.0129021937495173,-0.043624935261963343
1,purge,848.0,100.05291595951707,10.244775718819273,0.10239357464568517,13.15772744751334,1.0,0.25583210564524045,1.012791605282262,-0.04360550654697924
1,purge,850.0,100.05291466093283,10.242569851052032,0.10237152896307775,13.070535855139983,1.0,0.2536213200984267,1.0126810660049212,-0.04358608742602684
1,purge,852.0,100.05291336298981,10.240364964175544,0.10234949308296219,12.983383091419158,1.0,0.2514115178652174,1.0125705758932608,-0.04356667789351358
1,purge,854.0,100.05291206568766,10.238161057707101,0.10232746700051516,12.896269137179583,1.0,0.24920269846121576,1.0124601349230609,-0.04354727794384335
1,purge,856.0,100.05291076902591,10.23595813116388,0.10230545071091221,12.809193973261172,1.0,0.24699486140231183,1.0123497430701156,-0.043527887571420204
1,purge,858.0,100.05290947300429,10.23375618406319,0.10228344420933011,12.722157580514997,1.0,0.24478800620464997,1.0122394003102324,-0.04350850677067297
1,purge,860.0,100.0529081776223,10.231555215923366,0.10226144749095602,12.635159939803298,1.0,0.24258213238468113,1.0121291066192342,-0.04348913553601469
1,purge,862.0,100.05290688287963,10.22935522626224,0.10223946055097194,12.548201031999483,1.0,0.24037723945913939,1.0120188619729569,-0.04346977386186093
1,purge,864.0,100.05290558877597,10.22715621459816,0.10221748338456503,12.461280837988104,1.0,0.23817332694502164,1.0119086663472512,-0.043450421742645205
1,purge,866.0,100.05290429531088,10.224958180450047,0.10219551598692826,12.374399338664862,1.0,0.23597039435961606,1.0117985197179808,-0.043431079172796705
1,purge,868.0,100.05290300248397,10.222761123336687,0.10217355835325327,12.287556514936588,1.0,0.23376844122048968,1.0116884220610245,-0.043411746146749815
1,purge,870.0,100.05290171029492,10.220565042777373,0.10215161047873668,12.20075234772124,1.0,0.23156746704548717,1.0115783733522743,-0.043392422658944815
1,purge,872.0,100.05290041874333,10.218369938291596,0.1021296723585771,12.113986817947886,1.0,0.22936747135272859,1.0114683735676364,-0.043373108703829426
1,purge,874.0,100.05289912782887,10.216175809399333,0.10210774398797798,12.027259906556706,1.0,0.22716845366062816,1.0113584226830314,-0.04335380427584417
1,purge,876.0,100.05289783755103,10.213982655620532,0.10208582536214261,11.940571594498996,1.0,0.22497041348788008,1.011248520674394,-0.043334509369433456
1,purge,878.0,100.05289654790964,10.21179047647541,0.10206391647627677,11.85392186273714,1.0,0.222773350353437,1.011138667517672,-0.04331522397906193
1,purge,880.0,100.05289525890423,10.209599271484873,0.10204201732559326,11.767310692244608,1.0,0.220577263776541,1.0110288631888273,-0.0432959480991902
1,purge,882.0,100.05289397053437,10.207409040169741,0.10202012790530407,11.680738064005942,1.0,0.21838215327672328,1.0109191076638362,-0.04327668172427467
1,purge,884.0,100.05289268279972,10.205219782051126,0.10199824821062393,11.594203959016754,1.0,0.21618801837378443,1.0108094009186892,-0.04325742484878325
1,purge,886.0,100.05289139570003,10.203031496650578,0.10197637823677203,11.507708358283733,1.0,0.21399485858780057,1.01069974292939,-0.0432381774671902
1,purge,888.0,100.05289010923482,10.200844183489842,0.10195451797896951,11.421251242824601,1.0,0.21180267343912917,1.0105901336719565,-0.04321893957397126
1,purge,890.0,100.05288882340373,10.198657842090912,0.10193266743244006,11.334832593668134,1.0,0.20961146244840687,1.0104805731224205,-0.043199711163605325
1,purge,892.0,100.0528875382064,10.196472471976167,0.10191082659241114,11.248452391854146,1.0,0.20742122513655206,1.0103710612568275,-0.043180492230572305
1,purge,894.0,100.05288625364253,10.194288072668035,0.10188899545411065,11.162110618433477,1.0,0.20523196102475016,1.0102615980512375,-0.04316128276936443
1,purge,896.0,100.05288496971163,10.192104643689651,0.10186717401277377,11.075807254468002,1.0,0.20304366963448214,1.0101521834817242,-0.043142082774463957
1,purge,898.0,100.05288368641342,10.189922184563734,0.10184536226363122,10.989542281030596,1.0,0.2008563504874841,1.0100428175243745,-0.04312289224037432
1,purge,900.0,100.0528824037474,10.187740694814162,0.10182356020192566,10.90331567920515,1.0,0.19867000310578806,1.0099335001552894,-0.043103711161588315
1,purge,902.0,100.0528811217134,10.185560173964268,0.10180176782289387,10.817127430086552,1.0,0.19648462701169725,1.009824231350585,-0.0430845395326072
1,purge,904.0,100.05287984031091,10.183380621538056,0.10177998512177969,10.73097751478068,1.0,0.1943002217277769,1.0097150110863888,-0.04306537734794763
1,purge,906.0,100.05287855953962,10.181202037059986,0.10175821209383139,10.644865914404388,1.0,0.19211678677688757,1.0096058393388443,-0.043046224602115435
1,purge,908.0,100.05287727939914,10.179024420054331,0.10173644873429531,10.5587926100855,1.0,0.18993432168216107,1.009496716084108,-0.0430270812896244
1,purge,910.0,100.0528759998892,10.176847770045946,0.10171469503842366,10.472757582962819,1.0,0.18775282596699858,1.00938764129835,-0.04300794740499749
1,purge,912.0,100.05287472100929,10.17467208656,0.10169295100147187,10.386760814186093,1.0,0.18557229915508688,1.0092786149577544,-0.04298882294275412
1,purge,914.0,100.05287344275908,10.172497369121713,0.10167121661869578,10.300802284916035,1.0,0.18339274077038814,1.0091696370385195,-0.042969707897417955
1,purge,916.0,100.05287216513827,10.170323617256598,0.10164949188535415,10.214881976324289,1.0,0.18121415033712343,1.0090607075168563,-0.042950602263529515
1,purge,918.0,100.05287088814637,10.168150830490925,0.10162777679671339,10.128999869593438,1.0,0.1790365273798163,1.0089518263689907,-0.042931506035612035
1,purge,920.0,100.05286961178315,10.165979008350353,0.10160607134803372,10.043155945916995,1.0,0.17685987142324466,1.0088429935711622,-0.042912419208209054
1,purge,922.0,100.05286833604825,10.163808150361689,0.10158437553458675,9.95735018649939,1.0,0.1746841819924672,1.0087342090996236,-0.04289334177586338
1,purge,924.0,100.05286706094118,10.161638256051466,0.10156268935164162,9.871582572555965,1.0,0.1725094586128176,1.008625472930641,-0.04287427373312156
1,purge,926.0,100.05286578646161,10.159469324946638,0.1015410127944715,9.785853085312958,1.0,0.17033570080989816,1.0085167850404948,-0.04285521507453857
1,purge,928.0,100.05286451260932,10.157301356574647,0.1015193458583543,9.700161706007497,1.0,0.16816290810959725,1.0084081454054798,-0.04283616579466411
1,purge,930.0,100.05286323938377,10.155134350462877,0.10149768853856764,9.614508415887618,1.0,0.16599108003807586,1.008299554001904,-0.04281712588805318
1,purge,932.0,100.05286196678463,10.152968306139044,0.1014760408303923,9.528893196212218,1.0,0.16382021612175696,1.0081910108060879,-0.04279809534927395
1,purge,934.0,100.05286069481166,10.150803223131481,0.1014544027291152,9.443316028251079,1.0,0.16165031588735057,1.0080825157943678,-0.04277907417288812
1,purge,936.0,100.05285942346433,10.148639100968227,0.10143277423002041,9.35777689328484,1.0,0.1594813788618285,1.0079740689430914,-0.04276006235347054
1,purge,938.0,100.05285815274229,10.146475939178178,0.10141115532840055,9.27227577260499,1.0,0.1573134045724471,1.0078656702286224,-0.042741059885591064
1,purge,940.0,100.05285688264537,10.14431373729005,0.10138954601954626,9.186812647513882,1.0,0.1551463925467329,1.0077573196273366,-0.04272206676382598
1,purge,942.0,100.052855613173,10.142152494832974,0.10136794629875266,9.101387499324696,1.0,0.15298034231247348,1.0076490171156236,-0.0427030829827646
1,purge,944.0,100.05285434432497,10.139992211336555,0.10134635616131926,9.016000309361445,1.0,0.15081525339774193,1.0075407626698871,-0.04268410853699018
1,purge,946.0,100.05285307610075,10.137832886330479,0.10132477560254666,8.930651058958972,1.0,0.14865112533089384,1.0074325562665447,-0.04266514342108225
1,purge,948.0,100.0528518085001,10.135674519344386,0.10130320461773483,8.845339729462939,1.0,0.14648795764052688,1.0073243978820263,-0.04264618762964782
1,purge,950.0,100.05285054152263,10.133517109909022,0.10128164320219485,8.76006630222981,1.0,0.14432574985553376,1.0072162874927766,-0.04262724115727983
1,purge,952.0,100.05284927516796,10.131360657554648,0.10126009135123293,8.674830758626854,1.0,0.14216450150508328,1.007108225075254,-0.04260830399857212
1,purge,954.0,100.05284800943579,10.129205161811862,0.10123854906015865,8.589633080032138,1.0,0.14000421211858982,1.0070002106059295,-0.04258937614814269
1,purge,956.0,100.05284674432572,10.127050622212153,0.10121701632429049,8.504473247834497,1.0,0.13784488122576039,1.006892244061288,-0.04257045760059685
1,purge,958.0,100.05284547983742,10.124897038286544,0.10119549313894233,8.419351243433557,1.0,0.13568650835657162,1.0067843254178286,-0.04255154835054526
1,purge,960.0,100.05284421597044,10.12274440956687,0.10117397949943614,8.33426704823972,1.0,0.1335290930412819,1.0066764546520641,-0.04253264839259449
1,purge,962.0,100.05284295272449,10.120592735584585,0.10115247540109,8.249220643674152,1.0,0.13137263481039102,1.0065686317405198,-0.04251375772137804
1,purge,964.0,100.05284169009919,10.1184420158722,0.10113098083923265,8.164212011168756,1.0,0.12921713319467612,1.006460856659734,-0.04249487633152772
1,purge,966.0,100.05284042809419,10.116292249962198,0.10110949580919253,8.079241132166187,1.0,0.12706258772521356,1.0063531293862606,-0.04247600421765715
1,purge,968.0,100.05283916670913,10.114143437386936,0.10108802030629677,7.994307988119851,1.0,0.12490899793333309,1.0062454498966666,-0.0424571413743972
1,purge,970.0,100.05283790594363,10.111995577679497,0.1010665543258798,7.909412560493885,1.0,0.12275636335062452,1.0061378181675311,-0.04243828779639057
1,purge,972.0,100.05283664579741,10.109848670373136,0.10104509786327767,7.824554830763145,1.0,0.12060468350895165,1.0060302341754477,-0.04241944347828062
1,purge,974.0,100.05283538627005,10.107702715001356,0.10102365091382916,7.739734780412979,1.0,0.11845395794044992,1.0059226978970226,-0.04240060841470864
1,purge,976.0,100.05283412736118,10.105557711097793,0.10100221347287407,7.654952390939697,1.0,0.11630418617752754,1.0058152093088764,-0.04238178260032245
1,purge,978.0,100.05283286907044,10.103413658196677,0.10098078553575836,7.570207643849879,1.0,0.1141553677528589,1.005707768387643,-0.042362966029767635
1,purge,980.0,100.05283161139747,10.101270555831988,0.10095936709782542,7.485500520661595,1.0,0.11200750219939563,1.0056003751099698,-0.04234415869770329
1,purge,982.0,100.05283035434205,10.099128403538458,0.10093795815442597,7.4008310029034545,1.0,0.10986058905034508,1.0054930294525173,-0.042325360598799926
1,purge,984.0,100.0528290979036,10.096987200851238,0.10091655870091533,7.316199072114717,1.0,0.10771462783921883,1.005385731391961,-0.04230657172770364
1,purge,986.0,100.05282784208187,10.094846947304807,0.10089516873264176,7.231604709845044,1.0,0.10556961809976509,1.0052784809049882,-0.04228779207908411
1,purge,988.0,100.05282658687656,10.092707642434963,0.10087378824496673,7.147047897655049,1.0,0.10342555936600487,1.0051712779683002,-0.04226902164761717
1,purge,990.0,100.05282533228723,10.090569285777201,0.10085241723324882,7.062528617115426,1.0,0.10128245117221821,1.005064122558611,-0.04225026042797831
1,purge,992.0,100.05282407831353,10.088431876867453,0.10083105569285097,6.978046849807674,1.0,0.09914029305296161,1.004957014652648,-0.0422315084148434
1,purge,994.0,100.05282282495516,10.086295415241828,0.10080970361913773,6.893602577324081,1.0,0.09699908454305953,1.004849954227153,-0.042212765602895184
1,purge,996.0,100.05282157221171,10.08415990043687,0.1007883610074781,6.8091957812676185,1.0,0.09485882517761238,1.0047429412588806,-0.042194031986814706
1,purge,998.0,100.05282032008287,10.082025331989005,0.10076702785323997,6.724826443251865,1.0,0.09271951449196915,1.0046359757245984,-0.04217530756130135
1,purge,1000.0,100.0528190685683,10.079891709435554,0.10074570415179998,6.640494544901001,1.0,0.09058115202176083,1.0045290576010881,-0.04215659232104657
1,purge,1002.0,100.05281781766753,10.077759032313644,0.10072438989853306,6.55620006784982,1.0,0.08844373730289633,1.0044221868651448,-0.04213788626073725
1,purge,1004.0,100.05281656738033,10.075627300160479,0.10070308508881479,6.471942993743715,1.0,0.0863072698715262,1.0043153634935764,-0.04211918937508387
1,purge,1006.0,100.05281531770629,10.073496512514192,0.10068178971802996,6.38772330423867,1.0,0.08417174926407539,1.0042085874632039,-0.0421005016587946
1,purge,1008.0,100.052814068645,10.07136666891281,0.10066050378156251,6.30354098100105,1.0,0.08203717501725064,1.0041018587508626,-0.0420818231065655
1,purge,1010.0,100.05281282019624,10.069237768894059,0.10063922727479306,6.219396005708039,1.0,0.07990354666799591,1.0039951773333997,-0.04206315371312396
1,purge,1012.0,100.05281157235963,10.067109811997351,0.10061796019311936,6.135288360046953,1.0,0.07777086375353141,1.0038885431876765,-0.042044493473184556
1,purge,1014.0,100.05281032513471,10.064982797760969,0.10059670253192776,6.051218025716468,1.0,0.07563912581138187,1.0037819562905692,-0.042025842381451496
1,purge,1016.0,100.05280907852121,10.062856725723819,0.10057545428661091,5.9671849844256855,1.0,0.07350833237929488,1.0036754166189648,-0.042007200432663684
1,purge,1018.0,100.05280783251875,10.060731595425988,0.10055421545257313,5.883189217894218,1.0,0.07137848299530744,1.0035689241497654,-0.04198856762154456
1,purge,1020.0,100.05280658712702,10.058607406406443,0.10053298602520765,5.799230707851953,1.0,0.06924957719771198,1.0034624788598856,-0.041969943942823704
1,purge,1022.0,100.05280534234555,10.056484158205263,0.10051176599991882,5.715309436039585,1.0,0.06712161452506445,1.0033560807262532,-0.041951329391241424
1,purge,1024.0,100.05280409817416,10.054361850362737,0.10049055537211289,5.631425384207785,1.0,0.0649945945161828,1.0032497297258092,-0.04193272396153312
1,purge,1026.0,100.05280285461242,10.052240482419087,0.10046935413719578,5.547578534117891,1.0,0.06286851671014976,1.0031434258355074,-0.04191412764844101
1,purge,1028.0,100.05280161165993,10.050120053915052,0.1004481622905783,5.463768867541903,1.0,0.06074338064631333,1.0030371690323157,-0.04189554044671367
1,purge,1030.0,100.05280036931636,10.048000564391595,0.10042697982767367,5.379996366262369,1.0,0.058619185864291136,1.0029309592932145,-0.04187696235110029
1,purge,1032.0,100.05279912758141,10.045882013389875,0.1004058067438969,5.296261012072322,1.0,0.05649593190396365,1.0028247965951982,-0.041858393356354794
1,purge,1034.0,100.05279788645471,10.043764400451385,0.10038464303466645,5.2125627867750595,1.0,0.054373618305468746,1.0027186809152735,-0.04183983345723556
1,purge,1036.0,100.05279664593591,10.041647725117837,0.10036348869540293,5.128901672184599,1.0,0.052252244609215875,1.0026126122304608,-0.041821282648503585
1,purge,1038.0,100.0527954060246,10.039531986931188,0.10034234372152949,5.045277650125004,1.0,0.05013181035586674,1.0025065905177932,-0.04180274092492403
1,purge,1040.0,100.0527941667205,10.037417185433725,0.10032120810847245,4.961690702431585,1.0,0.04801231508636546,1.0024006157543184,-0.04178420828126664
1,purge,1042.0,100.05279292802322,10.035303320167985,0.10030008185166066,4.87814081094998,1.0,0.04589375834191805,1.002294687917096,-0.04176568471230352
1,purge,1044.0,100.05279168993245,10.033190390676706,0.10027896494652502,4.794627957536036,1.0,0.04377613966398635,1.0021888069831992,-0.04174717021281138
1,purge,1046.0,100.05279045244782,10.031078396502954,0.10025785738849964,4.711152124055959,1.0,0.04165945859429264,1.0020829729297147,-0.041728664777570916
1,purge,1048.0,100.05278921556894,10.028967337190032,0.10023675917302115,4.627713292386429,1.0,0.03954371467482474,1.0019771857337412,-0.04171016840136528
1,purge,1050.0,100.05278797929553,10.026857212281474,0.10021567029552826,4.544311444414606,1.0,0.037428907447833226,1.0018714453723916,-0.041691681078982204
1,purge,1052.0,100.05278674362728,10.024748021321136,0.100194590751463,4.460946562038073,1.0,0.03531503645583058,1.0017657518227916,-0.0416732028052136
1,purge,1054.0,100.05278550856372,10.022639763853102,0.10017352053626978,4.377618627164807,1.0,0.03320210124159227,1.0016601050620797,-0.041654733574854164
1,purge,1056.0,100.05278427410452,10.020532439421693,0.10015245964539525,4.294327621713186,1.0,0.031090101348155125,1.0015545050674077,-0.04163627338270272
1,purge,1058.0,100.05278304024937,10.018426047571534,0.1001314080742892,4.2110735276119895,1.0,0.028979036318817698,1.0014489518159408,-0.04161782222356199
1,purge,1060.0,100.05278180699804,10.016320587847504,0.10011036581840375,4.1278563268003925,1.0,0.026868905697140937,1.001343445284857,-0.04159938009223792
1,purge,1062.0,100.05278057435001,10.014216059794713,0.10008933287319356,4.044676001227951,1.0,0.02475970902694673,1.0012379854513473,-0.041580946983540576
1,purge,1064.0,100.05277934230494,10.01211246295856,0.10006830923411617,3.961532532854602,1.0,0.022651445852318527,1.0011325722926159,-0.041562522892283585
1,purge,1066.0,100.05277811086262,10.010009796884695,0.10004729489663136,3.878425903650644,1.0,0.02054411571760103,1.0010272057858802,-0.041544107813284076
1,purge,1068.0,100.05277688002253,10.007908061119014,0.10002628985620177,3.7953560955967447,1.0,0.018437718167399468,1.00092188590837,-0.0415257017413633
1,purge,1070.0,100.05277564978441,10.005807255207708,0.10000529410829262,3.71232309068392,1.0,0.01633225274658027,1.000816612637329,-0.04150730467134579
1,purge,1072.0,100.05277442014797,10.003707378697198,0.0999843076483716,3.6293268709135384,1.0,0.0142277190002703,1.0007113859500136,-0.04148891659805994
1,purge,1074.0,100.05277319111282,10.001608431134171,0.09996333047190903,3.546367418297303,1.0,0.012124116473856725,1.0006062058236929,-0.041470537516337815
1,purge,1076.0,100.05277147436847,9.999262915303209,0.09993988939991354,3.4634460846622273,1.0,0.010032702059861667,1.0005016351029932,-0.041443414086552444
1,purge,1078.0,100.05275608897747,9.97987410079546,0.09974611885673898,3.380748994506268,1.0,0.008214081645509814,1.0004107040822754,-0.041207996206627705
1,purge,1080.0,100.0527243972975,9.931854418326957,0.09926620667408058,3.298775592091886,1.0,0.006725120770347983,1.0003362560385174,-0.04072991764096629
1,purge,1082.0,100.05268010372102,9.860812610923146,0.09855620659737248,3.2179541082490704,1.0,0.0055060612680313354,1.0002753030634015,-0.040064354375916975
1,purge,1084.0,100.05262621182813,9.772045907461955,0.09766905954845104,3.138613187628166,1.0,0.004507980482360294,1.0002253990241181,-0.039256038976322294
1,purge,1086.0,100.05256515261486,9.669850582885061,0.09664770281636642,3.061000839149238,1.0,0.0036908227044460972,1.0001845411352224,-0.0383411750735168
1,purge,1088.0,100.05249888949261,9.557700265087629,0.09552685211434903,2.985299893738724,1.0,0.003021790307265298,1.0001510895153634,-0.03734900143510755
1,purge,1090.0,100.05242900375752,9.438401857510758,0.09433455990515027,2.911640561125192,1.0,0.0024740334838692516,1.0001237016741935,-0.036303065105085824
1,purge,1092.0,100.05235676514317,9.31422014562254,0.0930934607316265,2.840110770792565,1.0,0.0020255679944723836,1.0001012783997236,-0.035222272380162845
1,purge,1094.0,100.0522831891397,9.186979260358871,0.09182178524593715,2.770764548205077,1.0,0.0016583953399781262,1.000082919766999,-0.0341217425989186
1,purge,1096.0,100.05220908405998,9.05814368627785,0.09053416980196356,2.703628870503796,1.0,0.001357779668499297,1.000067888983425,-0.03301350926864647
1,purge,1098.0,100.05213508950659,8.928884820826774,0.08924232164400087,2.6387092468466533,1.0,0.0011116562835141177,1.0000555828141757,-0.03190709303579205
1,purge,1100.0,100.05206170782216,8.80013458001564,0.08795555463628832,2.575994259807071,1.0,0.0009101474561303782,1.0000455073728065,-0.030809970180359723
1,purge,1102.0,100.0519893298099,8.67262945880262,0.08668122959768738,2.515459258657354,1.0,0.0007451659465823283,1.0000372582973291,-0.029727955734812864
1,purge,1104.0,100.05191825575353,8.546946320318847,0.0854251119750755,2.457069357962276,1.0,0.000610090468958224,1.0000305045234479,-0.028665516593458104
1,purge,1106.0,100.05184871259422,8.42353180219078,0.08419166572711667,2.400781868842497,1.0,0.0004995000105510538,1.0000249750005274,-0.02762602736862012
1,purge,1108.0,100.05178086796981,8.302726341112715,0.08298429342371376,2.3465482679223113,1.0,0.00040895620683892834,1.000020447810342,-0.026611979517111865
1,purge,1110.0,100.05171484168062,8.18478391378231,0.08180553353566912,2.294315787631503,1.0,0.0003348251663725253,1.0000167412583185,-0.02562515212285949
1,purge,1112.0,100.05165071503497,8.069888177535727,0.08065722174359938,2.2440286953653295,1.0,0.0002741318021131205,1.0000137065901056,-0.024666751101658356
1,purge,1114.0,100.0515885384917,7.958165762238843,0.07954062377707465,2.1956293233562323,1.0,0.00022444029395741628,1.000011222014698,-0.02373752303783786
1,purge,1116.0,100.05152833788729,7.849697162700841,0.07845654427378033,2.149058891950355,1.0,0.00018375628567888553,1.000009187814284,-0.022837847936177564
1,purge,1118.0,100.05147011949555,7.744525656977052,0.07740541590970577,2.104258163111121,1.0,0.00015044702467720852,1.000007522351234,-0.0219678145829742
1,purge,1120.0,100.05141387416269,7.642664650012515,0.07638737279240149,2.0611679600929027,1.0,0.0001231757252521996,1.0000061587862625,-0.02112728213616134
1,purge,1122.0,100.05135958066784,7.5441036952215805,0.07540231064165638,2.019729575489567,1.0,0.0001008478633895818,1.0000050423931695,-0.020315930176347464
1,purge,1124.0,100.05130720844471,7.448813416222982,0.07444993597839042,1.9798850877722185,1.0,8.256732613016217e-05,1.0000041283663066,-0.019533299241062844
1,purge,1126.0,100.05125671978949,7.356749539378101,0.073529806426939,1.9415776048469788,1.0,6.760049476385585e-05,1.000003380024738,-0.018778823711023768
1,purge,1128.0,100.05120807165676,7.26785620988654,0.07264136385720894,1.904751449459544,1.0,5.534671426370852e-05,1.0000027673357132,-0.01805185855206519
1,purge,1130.0,100.05116121710924,7.182068700751399,0.07178396145914226,1.8693522962674205,1.0,4.531412849690034e-05,1.000002265706425,-0.01735170090512083
1,purge,1132.0,100.0511161064702,7.099315596347202,0.07095688556629802,1.835327267934652,1.0,3.7100135943443365e-05,1.0000018550067973,-0.016677607252657153
1,purge,1134.0,100.05107268826914,7.0195206057775605,0.07015937377951363,1.8026250030446207,1.0,3.0375091998407078e-05,1.0000015187545999,-0.016028807489133656
1,purge,1136.0,100.05103090998794,6.9426040209680675,0.06939062953998007,1.7711956974542498,1.0,2.4869114721694647e-05,1.0000012434557362,-0.015404516039602075
1,purge,1138.0,100.05099071866249,6.868483911358311,0.0686498340698303,1.7409911266066307,1.0,2.0361177882790553e-05,1.000001018058894,-0.014803940813384039
1,purge,1140.0,100.05095206134735,6.797077068125455,0.06793615580946948,1.7119646503063906,1.0,1.6670368062144423e-05,1.0000008335184032,-0.01422629011903934
1,purge,1142.0,100.05091488548872,6.728299779240313,0.06724875816419126,1.6840712063197754,1.0,1.3648598811288819e-05,1.0000006824299406,-0.013670778219322702
1,purge,1144.0,100.05087913921805,6.662068456046967,0.06658680576686268,1.657267294423295,1.0,1.117460317590805e-05,1.0000005587301588,-0.01313662969798869
1,purge,1146.0,100.05084477157563,6.598300127341779,0.06594946941633771,1.6315109523603224,1.0,9.149060361829252e-06,1.0000004574530181,-0.012623082780124221
1,purge,1148.0,100.05081173267527,6.536912823438635,0.06533592991633637,1.6067617255773372,1.0,7.490663511175399e-06,1.0000003745331756,-0.012129391794008028
1,purge,1150.0,100.05077997382934,6.477825879957441,0.06474538111199003,1.5829806329474037,1.0,6.132872631143973e-06,1.0000003066436316,-0.011654829018295782
1,purge,1152.0,100.05074944764029,6.420960177737346,0.06417703228797539,1.5601301296553889,1.0,5.021211785295784e-06,1.0000002510605892,-0.011198686047915248
1,purge,1154.0,100.05072010806279,6.366238323030301,0.06363010996976588,1.5381740676355087,1.0,4.111077818229001e-06,1.000000205553891,-0.010760274712011955
1,purge,1156.0,100.0506919104439,6.313584783350821,0.0631038592816745,1.517077654557617,1.0,3.3659265259060388e-06,1.0000001682963264,-0.010338927668462132
1,purge,1158.0,100.05066481154174,6.262925979694912,0.06259754486881157,1.4968074116922987,1.0,2.755834901777163e-06,1.0000001377917451,-0.00993399868262259
1,purge,1160.0,100.05063876953096,6.214190349472429,0.062110451526321234,1.4773311314936588,1.0,2.256319496904548e-06,1.000000112815975,-0.00954486270066559
1,purge,1162.0,100.0506137439978,6.167308387561098,0.06164188460993909,1.4586178353408144,1.0,1.8473445593363462e-06,1.0000000923672279,-0.009170915778060005
1,purge,1164.0,100.05058969592716,6.122212667571726,0.06119117024875414,1.4406377315826695,1.0,1.5125027728183349e-06,1.0000000756251386,-0.00881157487949059
1,purge,1166.0,100.05056658768167,6.078837845454669,0.060757655381464895,1.4233621740251878,1.0,1.2383549064910402e-06,1.0000000619177454,-0.008466277563676693
1,purge,1168.0,100.05054438297462,6.037120649340479,0.06034070765503803,1.4067636210897672,1.0,1.013896654907208e-06,1.000000050694833,-0.008134481582404516
1,purge,1170.0,100.05052304683984,5.996999859151955,0.05993971522112271,1.390815595858147,1.0,8.30121291920574e-07,1.0000000415060646,-0.00781566442255524
1,purge,1172.0,100.05050254559815,5.958416278647016,0.05955408645680174,1.3754926471074411,1.0,6.796563701535496e-07,1.0000000339828186,-0.0075093228101801015
1,purge,1174.0,100.05048284682276,5.921312701115015,0.0591832496218988,1.3607703113698641,1.0,5.564648975726593e-07,1.0000000278232448,-0.007214972184777175
1,purge,1176.0,100.05046391930195,5.88563386987476,0.05882665246431996,1.3466250760498841,1.0,4.556028615416084e-07,1.000000022780143,-0.006932146150765681
1,purge,1178.0,100.05044573300216,5.851326434781649,0.05848376178549656,1.333034343644906,1.0,3.730223233975707e-07,1.0000000186511162,-0.006660395915485866
1,purge,1180.0,100.05042825902963,5.818338906063815,0.058154062979122796,1.3199763971023477,1.0,3.054097034419547e-07,1.000000015270485,-0.006399289722478268
1,purge,1182.0,100.05041146959263,5.786621606279199,0.0578370595511031,1.307430366317474,1.0,2.50052318426376e-07,1.0000000125026158,-0.006148412285541105
1,purge,1184.0,100.0503953379643,5.756126620990161,0.057532272626672855,1.2953761957592949,1.0,2.0472894852410606e-07,1.0000000102364475,-0.00590736422660605
1,purge,1186.0,100.05037983844468,5.7268077485759274,0.057239240448894155,1.283794613210527,1.0,1.6762073692209037e-07,1.0000000083810368,-0.005675761520035737
1,purge,1188.0,100.05036494632492,5.698620449632054,0.0569575178730158,1.2726670996087028,1.0,1.3723852568654183e-07,1.0000000068619264,-0.005453234946124024
1,purge,1190.0,100.05035063785105,5.671521796416114,0.05668667586128843,1.2619758599707767,1.0,1.1236321405021415e-07,1.0000000056181606,-0.005239429556108574
1,purge,1192.0,100.05033689018921,5.6454704225925205,0.05642630098076268,1.2517037953764891,1.0,9.199671527065991e-08,1.0000000045998358,-0.005034004150091874
1,purge,1194.0,100.05032368139152,5.620426473454878,0.05617599490585384,1.2418344759820408,1.0,7.532179608439322e-08,1.0000000037660899,-0.004836630768639872
1,purge,1196.0,100.05031099036312,5.5963515568599185,0.0559353739280127,1.2323521150354475,1.0,6.166930517273335e-08,1.0000000030834653,-0.004646994198650915
1,purge,1198.0,100.05029879683022,5.573208694930333,0.05570406847307589,1.2232415438652087,1.0,5.0491389497358814e-08,1.0000000025245694,-0.004464791494020367
1,purge,1200.0,100.05028708130845,5.550962276675713,0.055481722627787965,1.2144881877594045,1.0,4.1339293606786055e-08,1.0000000020669646,-0.004289731510539076
2,adsorption,1200.0,100.05028708130845,5.550962276675713,0.055481722627787965,1.2144881877594045,1.0,4.1339293606786055e-08,1.0000000020669646,-0.004289731510539076
2,adsorption,1202.0,100.04622036829778,8.55829817388078,0.0855434432442857,1.282491828500629,1.0,0.07934130310139964,1.00396706515507,0.05623637984907915
2,adsorption,1204.0,100.04710629972453,9.374537171722801,0.09370123253378505,1.3813085973231358,1.0,0.06495916447635765,1.0032479582238178,0.043041976345096246
2,adsorption,1206.0,100.04721153163162,10.01976539661445,0.10015037144185203,1.4625570491652413,1.0,0.06510296719000681,1.0032551483595002,0.041529173424900485
2,adsorption,1208.0,100.04727340737769,10.076838629610448,0.10072077215516961,1.5442794070980483,1.0,0.06623086264553413,1.0033115431322768,0.04077448472155566
2,adsorption,1210.0,100.04726354735683,10.08016583446867,0.1007540384120279,1.626115486868573,1.0,0.06852218916908165,1.003426109458454,0.04092499781451223
2,adsorption,1212.0,100.04726440715558,10.080846671970052,0.10076084270475115,1.7079473180004512,1.0,0.07059853229040063,1.0035299266145201,0.04090790882650346
2,adsorption,1214.0,100.04726576181169,10.083037317392163,0.10078273744529344,1.7897402548311074,1.0,0.07267029810715221,1.003633514905358,0.04088802742695659
2,adsorption,1216.0,100.0472668265804,10.085124598758698,0.1008035993251072,1.8715007219405237,1.0,0.07474636621152203,1.003737318310576,0.04087215120617672
2,adsorption,1218.0,100.04726790944702,10.087192482513371,0.1008242673017649,1.9532287925243281,1.0,0.07682118613656624,1.0038410593068285,0.04085594933603512
2,adsorption,1220.0,100.04726899768153,10.089263184651328,0.10084496344308143,2.034924354938986,1.0,0.07889508424030382,1.0039447542120152,0.040839678608657275
2,adsorption,1222.0,100.0472700851231,10.09133252638023,0.10086564598708422,2.116587431061064,1.0,0.08096816244876585,1.0040484081224383,0.040823418088816094
2,adsorption,1224.0,100.04727117109233,10.093399694340546,0.10088630680470707,2.1982180352915024,1.0,0.08304043093803565,1.0041520215469018,0.04080717542583777
2,adsorption,1226.0,100.0472722557704,10.095467092239154,0.1009069699214801,2.2798161683301026,1.0,0.0851118955985741,1.0042555947799288,0.040790955200285764
2,adsorption,1228.0,100.04727334093383,10.097533586597676,0.10092762400618391,2.3613818492558587,1.0,0.08718251861284984,1.0043591259306426,0.04077472753290571
2,adsorption,1230.0,100.04727442542763,10.099599296501951,0.10094827025027958,2.4429150884672124,1.0,0.08925232275006777,1.0044626161375034,0.04075850997570861
2,adsorption,1232.0,100.0472755095663,10.101664130712248,0.10096890774148418,2.5244158970623585,1.0,0.09132130193789399,1.0045660650968946,0.04074229757031016
2,adsorption,1234.0,100.0472765933593,10.103728168827187,0.10098953727539874,2.6058842859405096,1.0,0.09338945658577516,1.0046694728292889,0.04072609041809444
2,adsorption,1236.0,100.04727767675396,10.105791387128928,0.10101015861501059,2.6873202665937392,1.0,0.09545678789734878,1.0047728393948674,0.040709889228057274
2,adsorption,1238.0,100.04727875976496,10.107853777259475,0.101030771676765,2.7687238505402867,1.0,0.09752329585546507,1.0048761647927735,0.040693693756457025
2,adsorption,1240.0,100.04727984239751,10.109915347177933,0.1010513765402106,2.8500950491857444,1.0,0.09958898068158573,1.0049794490340793,0.04067750394792199
2,adsorption,1242.0,100.04728092464757,10.111976096472658,0.1010719732012375,2.931433873948216,1.0,0.10165384274482389,1.005082692137241,0.04066131986199833
2,adsorption,1244.0,100.0472820065156,10.114036024241102,0.10109256165082449,3.0127403360818192,1.0,0.1037178823189588,1.005185894115948,0.04064514148715149
2,adsorption,1246.0,100.04728308800249,10.116095131241318,0.10111314189654816,3.0940144464543824,1.0,0.10578109966853681,1.0052890549834268,0.04062896881237108
2,adsorption,1248.0,100.04728416910785,10.11815341791895,0.1011337139428637,3.1752562163374174,1.0,0.10784349508974267,1.0053921747544872,0.04061280184325094
2,adsorption,1250.0,100.0472852498318,10.120210884321809,0.10115427779024941,3.2564656577057858,1.0,0.10990506888709692,1.0054952534443549,0.040596640577819885
2,adsorption,1252.0,100.04728633017463,10.122267530856922,0.10117483344277382,3.3376427822688512,1.0,0.1119658213552755,1.0055982910677639,0.040580485011737874
2,adsorption,1254.0,100.04728741013625,10.124323357854554,0.10119538090373863,3.4187876014681975,1.0,0.1140257527882524,1.0057012876394127,0.040564335145472925
2,adsorption,1256.0,100.04728848971686,10.126378365525715,0.10121592017525324,3.4999001266574004,1.0,0.11608486347543122,1.0058042431737717,0.040548190977688345
2,adsorption,1258.0,100.04728956891655,10.128432554190699,0.10123645126051947,3.580980369201733,1.0,0.11814315370522832,1.0059071576852614,0.040532052506043435
2,adsorption,1260.0,100.04729064773541,10.130485924154788,0.10125697416258912,3.662028340489584,1.0,0.1202006237684678,1.0060100311884235,0.04051591972961321
2,adsorption,1262.0,100.04729172617346,10.13253847568428,0.10127748888412436,3.743044051915491,1.0,0.12225727395555362,1.0061128636977776,0.040499792647022005
2,adsorption,1264.0,100.04729280423089,10.134590209076903,0.10129799542810142,3.8240275148690097,1.0,0.12431310455631416,1.0062156552278156,0.04048367125654487
2,adsorption,1266.0,100.04729388190788,10.136641124627916,0.10131849379747176,3.904978740733633,1.0,0.12636811586096433,1.0063184057930485,0.040467555556879524
2,adsorption,1268.0,100.04729495920432,10.138691222619794,0.10133898399505942,3.9858977408889276,1.0,0.128422308159477,1.0064211154079739,0.04045144554661352
2,adsorption,1270.0,100.04729603612036,10.14074050334399,0.10135946602377789,4.066784526711733,1.0,0.13047568174160148,1.00652378408708,0.040435341224214494
2,adsorption,1272.0,100.0472971126562,10.142788967091873,0.1013799398865398,4.147639109576339,1.0,0.13252823689718302,1.0066264118448591,0.040419242588275985
2,adsorption,1274.0,100.04729818881187,10.14483661415068,0.10140040558621662,4.228461500854294,1.0,0.13457997391596352,1.0067289986957981,0.040403149637365667
2,adsorption,1276.0,100.04729926458752,10.146883444810133,0.10142086312570459,4.309251711914223,1.0,0.13663089308755585,1.0068315446543779,0.04038706237000911
2,adsorption,1278.0,100.04730033998317,10.14892945936012,0.10144131250790162,4.390009754121815,1.0,0.13868099470154693,1.0069340497350776,0.040370980784770305
2,adsorption,1280.0,100.04730141499887,10.150974658089138,0.10146175373569173,4.4707356388398525,1.0,0.14073027904744398,1.0070365139523723,0.04035490488020926
2,adsorption,1282.0,100.04730248963483,10.153019041286305,0.10148218681196511,4.551429377428229,1.0,0.14277874641465932,1.007138937320733,0.04033883465486969
2,adsorption,1284.0,100.04730356389115,10.15506260924088,0.10150261173961335,4.6320909812439455,1.0,0.14482639709254777,1.0072413198546273,0.04032277010730836
2,adsorption,1286.0,100.04730463776787,10.157105362241548,0.1015230285215224,4.712720461641114,1.0,0.14687323137038918,1.0073436615685194,0.04030671123608129
2,adsorption,1288.0,100.04730571126512,10.159147300577118,0.10154343716057933,4.79331782997095,1.0,0.14891924953737917,1.007445962476869,0.040290658039736756
2,adsorption,1290.0,100.04730678438295,10.161188424536517,0.10156383765967246,4.8738830975817775,1.0,0.15096445188264818,1.0075482225941323,0.04027461051683001
2,adsorption,1292.0,100.04730785712152,10.163228734408317,0.10158423002168651,4.954416275819026,1.0,0.15300883869525309,1.0076504419347627,0.040258568665916886
2,adsorption,1294.0,100.04730892948086,10.165268230481061,0.101604614249506,5.0349173760252315,1.0,0.15505241026416705,1.0077526205132084,0.04024253248554567
2,adsorption,1296.0,100.04731000146114,10.16730691304344,0.1016249903460168,5.115386409540033,1.0,0.15709516687829675,1.0078547583439148,0.04022650197427082
2,adsorption,1298.0,100.04731107306239,10.169344782383796,0.10164535831410146,5.195823387700175,1.0,0.15913710882647342,1.0079568554413236,0.04021047713064576
2,adsorption,1300.0,100.04731214428476,10.171381838790557,0.10166571815664319,5.27622832183951,1.0,0.16117823639745316,1.0080589118198726,0.04019445795322327
2,adsorption,1302.0,100.0473132151283,10.173418082552002,0.10168606987652384,5.356601223288996,1.0,0.1632185498799156,1.0081609274939958,0.04017844444055427
2,adsorption,1304.0,100.04731428559309,10.175453513956443,0.1017064134766256,5.436942103376694,1.0,0.16525804956247164,1.0082629024781236,0.040162436591194
2,adsorption,1306.0,100.04731535567929,10.17748813329194,0.10172674895982807,5.517250973427772,1.0,0.1672967357336528,1.0083648367866827,0.04014643440369376
2,adsorption,1308.0,100.04731642538702,10.17952194084665,0.10174707632901181,5.597527844764502,1.0,0.16933460868191735,1.008466730434096,0.0401304378766055
2,adsorption,1310.0,100.04731749471634,10.181554936908585,0.10176739558705597,5.677772728706264,1.0,0.17137166869565174,1.0085685834347828,0.04011444700848306
2,adsorption,1312.0,100.04731856366725,10.183587121765612,0.10178770673683842,5.757985636569538,1.0,0.1734079160631635,1.0086703958031582,0.040098461797876774
2,adsorption,1314.0,100.04731963223998,10.18561849570568,0.10180800978123748,5.838166579667909,1.0,0.1754433510726888,1.0087721675536345,0.040082482243339095
2,adsorption,1316.0,100.04732070043454,10.187649059016579,0.1018283047231302,5.918315569312072,1.0,0.17747797401239346,1.0088738987006196,0.040066508343425476
2,adsorption,1318.0,100.04732176825112,10.189678811985932,0.10184859156539172,5.99843261680982,1.0,0.1795117851703615,1.0089755892585182,0.04005054009668558
2,adsorption,1320.0,100.04732283568978,10.191707754901477,0.1018688703108985,6.078517733466056,1.0,0.1815447848346055,1.0090772392417302,0.04003457750167119
2,adsorption,1322.0,100.04732390275055,10.193735888050755,0.10188914096252506,6.158570930582783,1.0,0.18357697329306627,1.0091788486646533,0.040018620556936044
2,adsorption,1324.0,100.04732496943359,10.195763211721223,0.10190940352314495,6.238592219459114,1.0,0.18560835083360763,1.0092804175416803,0.04000266926103169
2,adsorption,1326.0,100.047326035739,10.197789726200327,0.1019296579956316,6.318581611391256,1.0,0.18763891774401786,1.0093819458872009,0.039986723612508816
2,adsorption,1328.0,100.04732710166685,10.199815431775415,0.1019499043828576,6.398539117672529,1.0,0.1896686743120126,1.009483433715601,0.039970783609919236
2,adsorption,1330.0,100.0473281672172,10.201840328733764,0.10197014268769478,6.478464749593351,1.0,0.1916976208252353,1.0095848810412618,0.03995484925181654
2,adsorption,1332.0,100.04732923239023,10.203864417362537,0.1019903729130137,6.5583585184412465,1.0,0.19372575757125254,1.0096862878785626,0.03993892053675206
2,adsorption,1334.0,100.04733029718598,10.205887697948892,0.10201059506168503,6.638220435500846,1.0,0.1957530848375575,1.0097876542418778,0.03992299746327794
2,adsorption,1336.0,100.0473313616046,10.207910170779838,0.10203080913657785,6.718050512053877,1.0,0.19777960291156688,1.0098889801455784,0.03990708002994462
2,adsorption,1338.0,100.04733242564618,10.209931836142413,0.10205101514056154,6.797848759379179,1.0,0.1998053120806274,1.0099902656040316,0.0398911682353058
2,adsorption,1340.0,100.04733348931073,10.2119526943234,0.10207121307650312,6.877615188752688,1.0,0.2018302126320055,1.0100915106316002,0.039875262077910534
2,adsorption,1342.0,100.04733455259844,10.21397274560974,0.10209140294727082,6.957349811447444,1.0,0.20385430485289704,1.0101927152426449,0.03985936155631082
2,adsorption,1344.0,100.04733561550938,10.215991990288142,0.10211158475573089,7.037052638733591,1.0,0.20587758903042583,1.0102938794515213,0.039843466669060336
2,adsorption,1346.0,100.04733667804364,10.218010428645238,0.1021317585047487,7.116723681878378,1.0,0.2079000654516369,1.010395003272582,0.03982757741470923
2,adsorption,1348.0,100.0473377402013,10.220028060967682,0.10215192419718971,7.196362952146153,1.0,0.20992173440350123,1.010496086720175,0.03981169379180791
2,adsorption,1350.0,100.04733880198243,10.222044887541985,0.10217208183591821,7.2759704607983675,1.0,0.21194259617291772,1.0105971298086458,0.039795815798908465
2,adsorption,1352.0,100.04733986338726,10.224060908654609,0.10219223142379763,7.355546219093583,1.0,0.21396265104671194,1.0106981325523356,0.03977994343456367
2,adsorption,1354.0,100.04734092441578,10.226076124591888,0.10221237296369055,7.435090238287453,1.0,0.21598189931163092,1.0107990949655816,0.03976407669732307
2,adsorption,1356.0,100.04734198506812,10.22809053564017,0.1022325064584594,7.514602529632737,1.0,0.2180003412543494,1.0109000170627174,0.039748215585737795
2,adsorption,1358.0,100.04734304534429,10.23010414208567,0.10225263191096538,7.594083104379301,1.0,0.22001797716146837,1.0110008988580734,0.039732360098359315
2,adsorption,1360.0,100.04734410524453,10.232116944214539,0.1022727493240689,7.6735319737741055,1.0,0.22203480731951397,1.0111017403659757,0.0397165102337388
2,adsorption,1362.0,100.0473451647688,10.234128942312868,0.10229285870063014,7.75294914906122,1.0,0.22405083201493867,1.0112025416007469,0.03970066599042774
2,adsorption,1364.0,100.04734622391736,10.23614013666664,0.10231296004350773,7.832334641481815,1.0,0.22606605153411888,1.011303302576706,0.03968482736697642
2,adsorption,1366.0,100.04734728269011,10.238150527561796,0.10233305335556027,7.9116884622741575,1.0,0.22808046616335664,1.011404023308168,0.03966899436193504
2,adsorption,1368.0,100.04734834108729,10.240160115284242,0.10235313863964578,7.991010622673624,1.0,0.23009407618888447,1.0115047038094442,0.03965316697385741
2,adsorption,1370.0,100.04734939910897,10.242168900119662,0.10237321589862007,8.070301133912688,1.0,0.2321068818968543,1.0116053440948427,0.0396373452012926
2,adsorption,1372.0,100.04735045675525,10.244176882353845,0.10239328513534016,8.149560007220927,1.0,0.23411888357334534,1.0117059441786673,0.039621529042790815
2,adsorption,1374.0,100.04735151402616,10.246184062272393,0.10241334635266108,8.22878725382502,1.0,0.23613008150436404,1.0118065040752182,0.03960571849690355
2,adsorption,1376.0,100.04735257092187,10.248190440160874,0.10243339955343754,8.307982884948746,1.0,0.23814047597584279,1.0119070237987922,0.03958991356218246
2,adsorption,1378.0,100.04735362744239,10.25019601630474,0.10245344474052305,8.387146911812986,1.0,0.24015006727363528,1.0120075033636817,0.03957411423717581
2,adsorption,1380.0,100.04735468358794,10.252200790989455,0.10247348191677132,8.466279345635717,1.0,0.24215885568352433,1.0121079427841762,0.039558320520434606
2,adsorption,1382.0,100.04735573935855,10.254204764500352,0.10249351108503468,8.54538019763203,1.0,0.2441668414912219,1.0122083420745611,0.03954253241051249
2,adsorption,1384.0,100.04735679475435,10.256207937122626,0.10251353224816408,8.624449479014105,1.0,0.24617402498235913,1.0123087012491179,0.039526749905958024
2,adsorption,1386.0,100.04735784977538,10.258210309141527,0.1025335454090111,8.70348720099123,1.0,0.24818040644249353,1.0124090203221248,0.03951097300532037
2,adsorption,1388.0,100.0473589044218,10.260211880842203,0.10255355057042623,8.782493374769794,1.0,0.2501859861571151,1.0125092993078557,0.03949520170715392
2,adsorption,1390.0,100.04735995869359,10.262212652509525,0.10257354773525727,8.861468011553281,1.0,0.2521907644116282,1.0126095382205815,0.039479436010004344
2,adsorption,1392.0,100.04736101259097,10.264212624428618,0.10259353690635444,8.940411122542278,1.0,0.25419474149136695,1.0127097370745684,0.03946367591242065
2,adsorption,1394.0,100.04736206611403,10.266211796884434,0.10261351808656625,9.019322718934475,1.0,0.2561979176816041,1.01280989588408,0.03944792141296172
2,adsorption,1396.0,100.04736311926284,10.268210170161533,0.10263349127873736,9.098202811924663,1.0,0.2582002932675205,1.012910014663376,0.03943217251017272
2,adsorption,1398.0,100.0473641720374,10.27020774454483,0.10265345648571605,9.177051412704733,1.0,0.2602018685342245,1.0130100934267112,0.03941642920260046
2,adsorption,1400.0,100.047365224438,10.272204520319056,0.1026734137103485,9.255868532463673,1.0,0.26220264376676217,1.013110132188338,0.03940069148880104
2,adsorption,1402.0,100.04736627646459,10.274200497768602,0.10269336295547775,9.334654182387576,1.0,0.264202619250094,1.0132101309625048,0.03938495936732182
2,adsorption,1404.0,100.0473673281173,10.276195677178173,0.10271330422394985,9.413408373659633,1.0,0.2662017952691117,1.0133100897634555,0.039369232836714486
2,adsorption,1406.0,100.04736837939627,10.278190058832104,0.10273323751860716,9.49213111746014,1.0,0.26820017210863,1.0134100086054314,0.03935351189552861
2,adsorption,1408.0,100.04736943030153,10.280183643014714,0.10275316284229193,9.570822424966481,1.0,0.27019775005338237,1.0135098875026691,0.039337796542308644
2,adsorption,1410.0,100.04737048083325,10.282176430010532,0.10277308019784845,9.649482307353148,1.0,0.272194529388044,1.0136097264694022,0.039322086775611394
2,adsorption,1412.0,100.0473715309915,10.284168420103562,0.10279298958811581,9.728110775791738,1.0,0.2741905103972102,1.0137095255198605,0.03930638259398925
2,adsorption,1414.0,100.04737258077637,10.28615961357791,0.10281289101593405,9.806707841450939,1.0,0.2761856933653877,1.0138092846682696,0.03929068399598365
2,adsorption,1416.0,100.04737363018796,10.288150010717912,0.10283278448414564,9.885273515496545,1.0,0.2781800785770264,1.0139090039288514,0.03927499098014976
2,adsorption,1418.0,100.04737467922631,10.290139611807291,0.1028526699955868,9.963807809091444,1.0,0.28017366631649476,1.0140086833158248,0.03925930354503703
2,adsorption,1420.0,100.04737572789153,10.292128417130067,0.10287254755309683,10.04231073339563,1.0,0.28216645686808256,1.014108322843404,0.039243621689191814
2,adsorption,1422.0,100.04737677618382,10.29411642697019,0.1028924171595141,10.120782299566185,1.0,0.28415845051601507,1.0142079225258007,0.03922794541116807
2,adsorption,1424.0,100.04737782410322,10.296103641611298,0.10291227881767413,10.199222518757308,1.0,0.28614964754443867,1.014307482377222,0.03921227470951603
2,adsorption,1426.0,100.04737887164977,10.298090061337097,0.10293213253041303,10.277631402120285,1.0,0.28814004823742034,1.014407002411871,0.039196609582782205
2,adsorption,1428.0,100.04737991882371,10.300075686431338,0.1029519783005672,10.356008960803507,1.0,0.29012965287896075,1.014506482643948,0.03918095002951925
2,adsorption,1430.0,100.04738096562501,10.30206051717739,0.10297181613096944,10.434355205952466,1.0,0.292118461752978,1.0146059230876492,0.039165296048273575
2,adsorption,1432.0,100.0473820120537,10.30404455385885,0.10299164602445489,10.512670148709738,1.0,0.2941064751433193,1.014705323757166,0.0391496476375943
2,adsorption,1434.0,100.04738305811007,10.306027796759123,0.10301146798385641,10.590953800215013,1.0,0.29609369333376123,1.014804684666688,0.03913400479603353
2,adsorption,1436.0,100.04738410379407,10.308010246161498,0.10303128201200605,10.669206171605078,1.0,0.29808011660800504,1.0149040058304002,0.03911836752214241
2,adsorption,1438.0,100.04738514910592,10.309991902349214,0.10305108811173515,10.747427274013818,1.0,0.3000657452496733,1.0150032872624837,0.03910273581446882
2,adsorption,1440.0,100.04738619404561,10.311972765605473,0.10307088628587477,10.82561711857222,1.0,0.30205057954231435,1.0151025289771158,0.03908710967156084
2,adsorption,1442.0,100.04738723861325,10.31395283621338,0.1030906765372551,10.903775716408363,1.0,0.3040346197694049,1.0152017309884702,0.03907148909196858
2,adsorption,1444.0,100.04738828280898,10.315932114455954,0.10311045886870518,10.98190307864743,1.0,0.30601786621434635,1.0153008933107173,0.039055874074241555
2,adsorption,1446.0,100.0473893266329,10.317910600616147,0.10313023328305371,11.059999216411699,1.0,0.30800031916046466,1.0154000159580232,0.03904026461692851
2,adsorption,1448.0,100.04739037008505,10.31988829497682,0.10314999978312825,11.138064140820543,1.0,0.30998197889101003,1.0154990989445505,0.03902466071857698
2,adsorption,1450.0,100.0473914131656,10.321865197820916,0.10316975837175724,11.216097862990445,1.0,0.3119628456891687,1.0155981422844584,0.03900906237774271
2,adsorption,1452.0,100.04739245587459,10.323841309430936,0.10318950905176477,11.294100394034981,1.0,0.3139429198380397,1.015697145991902,0.03899346959297136
2,adsorption,1454.0,100.04739349821214,10.325816630089673,0.10320925182597782,11.372071745064824,1.0,0.31592220162064777,1.0157961100810324,0.03897788236280881
2,adsorption,1456.0,100.04739454017836,10.327791160079762,0.10322898669722169,11.45001192718775,1.0,0.31790069131995286,1.0158950345659976,0.03896230068580829
2,adsorption,1458.0,100.04739558177336,10.329764899683619,0.10324871366831959,11.527920951508625,1.0,0.31987838921883743,1.015993919460942,0.03894672456052076
2,adsorption,1460.0,100.04739662299713,10.331737849183618,0.1032684327420944,11.605798829129425,1.0,0.32185529560009996,1.016092764780005,0.0389311539854895
2,adsorption,1462.0,100.04739766384984,10.333710008862292,0.10328814392137031,11.683645571149212,1.0,0.32383141074647437,1.0161915705373237,0.0389155889592658
2,adsorption,1464.0,100.04739870433163,10.335681379001814,0.10330784720896817,11.761461188664152,1.0,0.32580673494062035,1.016290336747031,0.03890002948040089
2,adsorption,1466.0,100.04739974444257,10.337651959884415,0.10332754260770931,11.839245692767511,1.0,0.327781268465121,1.016389063423256,0.03888447554744418
2,adsorption,1468.0,100.04740078418274,10.33962175179219,0.1033472301204137,11.916999094549656,1.0,0.32975501160248005,1.016487750580124,0.03886892715894139
2,adsorption,1470.0,100.04740182355225,10.341590755007301,0.10336690974990195,11.994721405098039,1.0,0.33172796463513293,1.0165863982317567,0.03885338431344295
2,adsorption,1472.0,100.0474028625512,10.343558969811669,0.10338658149899232,12.072412635497225,1.0,0.3337001278454416,1.016685006392272,0.038837847009500014
2,adsorption,1474.0,100.04740390117966,10.345526396487143,0.10340624537050237,12.150072796828862,1.0,0.3356715015156856,1.0167835750757843,0.03882231524565755
2,adsorption,1476.0,100.04740493943771,10.347493035315685,0.10342590136725081,12.22770190017171,1.0,0.3376420859280759,1.0168821042964038,0.03880678902046504
2,adsorption,1478.0,100.04740597732554,10.349458886579036,0.10344554949205387,12.305299956601617,1.0,0.33961188136475323,1.0169805940682377,0.038791268332475246
2,adsorption,1480.0,100.04740701484313,10.351423950558793,0.10346518974772674,12.382866977191535,1.0,0.341580888107777,1.0170790444053888,0.038775753180235364
2,adsorption,1482.0,100.04740805199066,10.353388227536652,0.10348482213708532,12.460402973011513,1.0,0.34354910643913267,1.0171774553219566,0.03876024356229323
2,adsorption,1484.0,100.0474090887682,10.355351717794116,0.10350444666294366,12.537907955128695,1.0,0.34551653664073095,1.0172758268320365,0.0387447394771963
2,adsorption,1486.0,100.04741012517587,10.35731442161272,0.1035240633281162,12.615381934607324,1.0,0.3474831789944138,1.0173741589497207,0.03872924092349632
2,adsorption,1488.0,100.04741116121377,10.359276339273785,0.10354367213541506,12.692824922508738,1.0,0.34944903378194625,1.0174724516890974,0.03871374789974334
2,adsorption,1490.0,100.04741219688191,10.361237471058534,0.10356327308765167,12.770236929891377,1.0,0.3514141012850078,1.0175707050642504,0.038698260404478574
2,adsorption,1492.0,100.04741323218045,10.363197817248468,0.10358286618763998,12.847617967810773,1.0,0.3533783817852198,1.017668919089261,0.03868277843625603
2,adsorption,1494.0,100.04741426710954,10.365157378124541,0.10360245143818846,12.924968047319554,1.0,0.3553418755641235,1.0177670937782062,0.0386673019936253
2,adsorption,1496.0,100.04741530166925,10.367116153967928,0.10362202884210801,13.002287179467457,1.0,0.35730458290318423,1.0178652291451593,0.03865183107513461
2,adsorption,1498.0,100.04741633585951,10.369074145059617,0.10364159840220762,13.079575375301308,1.0,0.3592665040837918,1.0179633252041895,0.03863636567933146
2,adsorption,1500.0,100.04741736968066,10.37103135168057,0.10366116012129571,13.15683264586503,1.0,0.3612276393872626,1.0180613819693631,0.03862090580476423
2,adsorption,1502.0,100.04741840313275,10.372987774111674,0.10368071400218029,13.234059002199649,1.0,0.36318798909483985,1.0181593994547422,0.03860545144998216
2,adsorption,1504.0,100.04741943621569,10.37494341263365,0.10370026004766768,13.311254455343272,1.0,0.3651475534876886,1.0182573776743844,0.038590002613531744
2,adsorption,1506.0,100.04742046892977,10.376898267527356,0.1037197982605654,13.388419016331124,1.0,0.36710633284690697,1.0183553166423454,0.038574559293965006
2,adsorption,1508.0,100.04742150127502,10.378852339073365,0.10373932864367819,13.465552696195516,1.0,0.3690643274535183,1.0184532163726758,0.038559121489834
2,adsorption,1510.0,100.04742253325163,10.380805627552112,0.10375885119980938,13.542655505965866,1.0,0.37102153758845585,1.0185510768794228,0.03854368919967827
2,adsorption,1512.0,100.04742356485951,10.382758133244334,0.10377836593176555,13.619727456668672,1.0,0.3729779635325919,1.0186488981766295,0.0385282624220483
2,adsorption,1514.0,100.04742459609888,10.384709856430321,0.10379787284234852,13.696768559327534,1.0,0.37493360556672567,1.0187466802783363,0.03851284115549539
2,adsorption,1516.0,100.04742562696981,10.386660797390416,0.1038173719343607,13.773778824963157,1.0,0.3768884639715764,1.018844423198579,0.03849742539856646
2,adsorption,1518.0,100.04742665747241,10.388610956404975,0.10383686321060476,13.850758264593342,1.0,0.37884253902779275,1.0189421269513896,0.038482015149811574
2,adsorption,1520.0,100.04742768760678,10.390560333754173,0.10385634667388143,13.927706889232981,1.0,0.3807958310159519,1.0190397915507976,0.0384666104077829
2,adsorption,1522.0,100.047428717373,10.392508929717938,0.10387582232698904,14.004624709894069,1.0,0.3827483402165383,1.019137417010827,0.03845121117101853
2,adsorption,1524.0,100.04742974677123,10.394456744576683,0.10389529017273068,14.081511737585693,1.0,0.38470006690998276,1.019235003345499,0.03843581743807272
2,adsorption,1526.0,100.04743077580144,10.39640377861017,0.10391475021390312,14.158367983314035,1.0,0.3866510113766406,1.019332550568832,0.038420429207498996
2,adsorption,1528.0,100.04743180446376,10.398350032098136,0.10393420245330276,14.235193458082382,1.0,0.3886011738967724,1.0194300586948386,0.038405046477834874
2,adsorption,1530.0,100.04743283275837,10.400295505320791,0.10395364689373059,14.311988172891107,1.0,0.3905505547505836,1.019527527737529,0.03838966924763314
2,adsorption,1532.0,100.04743386068533,10.402240198557665,0.10397308353798101,14.388752138737683,1.0,0.3924991542182055,1.0196249577109102,0.038374297515446694
2,adsorption,1534.0,100.04743488824475,10.404184112088377,0.1039925123888492,14.465485366616688,1.0,0.394446972579683,1.0197223486289841,0.03835893127981901
2,adsorption,1536.0,100.0474359154367,10.406127246192694,0.10401193344913195,14.54218786751979,1.0,0.3963940101149931,1.0198197005057497,0.03834357053929886
2,adsorption,1538.0,100.04743694226129,10.408069601150116,0.10403134672162317,14.618859652435752,1.0,0.3983402671040443,1.0199170133552022,0.03832821529243958
2,adsorption,1540.0,100.04743796871855,10.410011177239928,0.10405075220911489,14.69550073235044,1.0,0.4002857438266571,1.020014287191333,0.038312865537783763
2,adsorption,1542.0,100.04743899480872,10.411951974741648,0.10407014991440117,14.772111118246809,1.0,0.40223044056257945,1.020111522028129,0.038297521273875874
2,adsorption,1544.0,100.0474400205317,10.413891993934637,0.10408953984027479,14.848690821104903,1.0,0.40417435759149495,1.0202087178795747,0.03828218249926803
2,adsorption,1546.0,100.0474410458878,10.415831235098135,0.10410892198952702,14.92523985190188,1.0,0.40611749519301976,1.020305874759651,0.03826684921251783
2,adsorption,1548.0,100.04744207087695,10.417769698511028,0.10412829636494585,15.001758221611992,1.0,0.4080598536466707,1.0204029926823335,0.03825152141216335
2,adsorption,1550.0,100.04744309549936,10.419707384452682,0.10414766296932393,15.078245941206584,1.0,0.41000143323189975,1.020500071661595,0.0382361990967502
2,adsorption,1552.0,100.04744411975504,10.421644293202034,0.1041670218054497,15.15470302165408,1.0,0.411942234228091,1.0205971117114045,0.03822088226482939
2,adsorption,1554.0,100.04744514364425,10.423580425038088,0.10418637287611207,15.231129473920028,1.0,0.41388225691456204,1.020694112845728,0.03820557091495784
2,adsorption,1556.0,100.04744616716687,10.425515780239426,0.10420571618409613,15.307525308967062,1.0,0.4158215015705324,1.0207910750785265,0.03819026504567407
2,adsorption,1558.0,100.04744719032308,10.427450359085093,0.10422505173219121,15.383890537754901,1.0,0.41775996847515506,1.0208879984237578,0.03817496465552293
2,adsorption,1560.0,100.04744821311303,10.429384161853896,0.10424437952318445,15.460225171240378,1.0,0.4196976579075293,1.0209848828953765,0.03815966974306531
2,adsorption,1562.0,100.04744923553675,10.431317188824062,0.10426369955985713,15.53652922037741,1.0,0.4216345701466532,1.0210817285073326,0.03814438030684129
2,adsorption,1564.0,100.04745025759438,10.433249440274505,0.10428301184499741,15.612802696117019,1.0,0.42357070547145736,1.021178535273573,0.03812909634539645
2,adsorption,1566.0,100.04745127928598,10.435180916483652,0.10430231638138865,15.68904560940731,1.0,0.4255060641608085,1.0212753032080404,0.03811381785728446
2,adsorption,1568.0,100.04745230061165,10.437111617729778,0.10432161317181257,15.7652579711935,1.0,0.42744064649348906,1.0213720323246744,0.03809854484105148
2,adsorption,1570.0,100.0474533215716,10.43904154429142,0.1043409022190535,15.841439792417896,1.0,0.4293744527482141,1.0214687226374106,0.038083277295249164
2,adsorption,1572.0,100.04745434216574,10.44097069644658,0.10436018352589063,15.917591084019897,1.0,0.43130748320361073,1.0215653741601805,0.03806801521841845
2,adsorption,1574.0,100.04745536239435,10.442899074473697,0.10437945709510724,15.993711856936002,1.0,0.4332397381382415,1.0216619869069121,0.03805275860910836
2,adsorption,1576.0,100.04745638225738,10.44482667865083,0.10439872292948305,16.06980212209981,1.0,0.4351712178306015,1.02175856089153,0.03803750746587301
2,adsorption,1578.0,100.04745740175497,10.446753509255823,0.10441798103179555,16.145861890441996,1.0,0.4371019225590946,1.0218550961279547,0.038022261787253875
2,adsorption,1580.0,100.04745842088728,10.448679566566968,0.10443723140482654,16.22189117289036,1.0,0.4390318526020654,1.0219515926301033,0.038007021571803815
2,adsorption,1582.0,100.04745943965429,10.450604850861893,0.10445647405135153,16.297889980369785,1.0,0.44096100823777684,1.0220480504118887,0.03799178681807028
2,adsorption,1584.0,100.04746045805625,10.452529362418446,0.1044757089741478,16.373858323802235,1.0,0.4428893897444103,1.0221444694872206,0.03797655752459532
2,adsorption,1586.0,100.04746147609313,10.454453101514567,0.10449493617599395,16.449796214106797,1.0,0.4448169974000872,1.0222408498700044,0.037961333689932104
2,adsorption,1588.0,100.04746249376505,10.45637606842774,0.10451415565966383,16.525703662199636,1.0,0.4467438314828522,1.0223371915741426,0.03794611531263202
2,adsorption,1590.0,100.04746351107215,10.45829826343552,0.10453336742793194,16.60158067899402,1.0,0.4486698922706628,1.0224334946135332,0.03793090239123663
2,adsorption,1592.0,100.04746452801449,10.460219686815606,0.10455257148357436,16.67742727540031,1.0,0.45059518004141236,1.0225297590020705,0.0379156949242955
2,adsorption,1594.0,100.04746554459223,10.462140338845359,0.10457176782936364,16.753243462325965,1.0,0.45251969507292306,1.022625984753646,0.037900492910360725
2,adsorption,1596.0,100.04746656080542,10.464060219802068,0.10459095646807179,16.829029250675546,1.0,0.4544434376429331,1.0227221718821466,0.03788529634797695
2,adsorption,1598.0,100.04746757665404,10.465979329963076,0.10461013740247131,16.904784651350695,1.0,0.4563664080291048,1.0228183204014551,0.03787010523568787
2,adsorption,1600.0,100.04746859213843,10.467897669605687,0.10462931063533414,16.98050967525015,1.0,0.4582886065090352,1.0229144303254518,0.03785491957204449
2,adsorption,1602.0,100.04746960725852,10.469815239007035,0.10464847616943068,17.056204333269765,1.0,0.46021003336025124,1.0230105016680127,0.03783973935560069
2,adsorption,1604.0,100.04747062201442,10.471732038443978,0.10466763400752865,17.13186863630247,1.0,0.46213068886018704,1.0231065344430093,0.03782456458489652
2,adsorption,1606.0,100.0474716364063,10.47364806819385,0.10468678415240021,17.207502595238303,1.0,0.46405057328621857,1.023202528664311,0.03780939525848448
2,adsorption,1608.0,100.04747265043422,10.4755633285334,0.10470592660681205,17.2831062209644,1.0,0.46596968691564683,1.0232984843457824,0.03779423137491661
2,adsorption,1610.0,100.04747366409816,10.477477819739237,0.10472506137352931,17.358679524364977,1.0,0.46788803002567536,1.0233944015012837,0.03777907293272729
2,adsorption,1612.0,100.04747467739845,10.479391542088699,0.10474418845532421,17.434222516321356,1.0,0.46980560289346374,1.0234902801446732,0.03776391993047463
2,adsorption,1614.0,100.047475690335,10.48130449585802,0.10476330785495827,17.50973520771196,1.0,0.47172240579608615,1.0235861202898042,0.037748772366708094
2,adsorption,1616.0,100.04747670290796,10.483216681323885,0.10478241957519736,17.585217609412297,1.0,0.4736384390105312,1.0236819219505267,0.03773363023996848
2,adsorption,1618.0,100.04747771511747,10.48512809876306,0.10480152361880808,17.660669732294973,1.0,0.4755537028137249,1.0237776851406863,0.03771849354880595
2,adsorption,1620.0,100.04747872696355,10.487038748451843,0.10482061998855255,17.736091587229694,1.0,0.47746819748251873,1.023873409874126,0.03770336229177073
2,adsorption,1622.0,100.0474797384464,10.488948630666735,0.10483970868719471,17.81148318508327,1.0,0.4793819232936911,1.0239690961646846,0.037688236467413753
2,adsorption,1624.0,100.04748074956606,10.490857745683916,0.10485878971749538,17.886844536719586,1.0,0.48129488052393343,1.024064744026197,0.0376731160742764
2,adsorption,1626.0,100.04748176032257,10.492766093779824,0.10487786308221811,17.962175652999644,1.0,0.4832070694498746,1.0241603534724937,0.03765800111090937
2,adsorption,1628.0,100.04748277071609,10.494673675230466,0.10489692878412188,18.037476544781523,1.0,0.4851184903480621,1.0242559245174032,0.037642891575857984
2,adsorption,1630.0,100.04748378074675,10.496580490312104,0.10491598682596831,18.11274722292041,1.0,0.4870291434949761,1.0243514571747487,0.03762778746767316
2,adsorption,1632.0,100.04748479041457,10.498486539300728,0.10493503721051639,18.18798769826859,1.0,0.48893902916702425,1.0244469514583512,0.037612688784907165
2,adsorption,1634.0,100.04748579971972,10.500391822472098,0.10495407994052276,18.263197981675436,1.0,0.4908481476405232,1.0245424073820262,0.037597595526099446
2,adsorption,1636.0,100.04748680866219,10.502296340102356,0.10497311501874788,18.338378083987415,1.0,0.4927564991917247,1.0246378249595862,0.03758250768979698
2,adsorption,1638.0,100.04748781724221,10.504200092467283,0.10499214244794848,18.413528016048094,1.0,0.49466408409681945,1.024733204204841,0.03756742527455731
2,adsorption,1640.0,100.04748882545984,10.506103079842442,0.10501116223087925,18.48864778869814,1.0,0.49657090263190773,1.0248285451315955,0.03755234827892525
2,adsorption,1642.0,100.04748983331504,10.508005302503518,0.10503017437029621,18.563737412775314,1.0,0.4984769550730102,1.0249238477536504,0.03753727670144171
2,adsorption,1644.0,100.04749084080812,10.509906760726302,0.10504917886895614,18.638796899114467,1.0,0.5003822416960882,1.0250191120848045,0.03752221054065952
2,adsorption,1646.0,100.04749184793903,10.51180745478611,0.1050681757296113,18.71382625854755,1.0,0.5022867627770262,1.0251143381388512,0.0375071497951295
2,adsorption,1648.0,100.04749285470797,10.513707384958394,0.10508716495501515,18.78882550190361,1.0,0.5041905185916276,1.0252095259295815,0.037492094463397296
2,adsorption,1650.0,100.04749386111494,10.515606551518594,0.1051061465479212,18.863794640008795,1.0,0.5060935094156244,1.0253046754707813,0.03747704454401116
2,adsorption,1652.0,100.04749486716007,10.517504954741907,0.10512512051108046,18.93873368368634,1.0,0.507995735524672,1.0253997867762337,0.03746200003551742
2,adsorption,1654.0,100.04749587284343,10.519402594903628,0.10514408684724491,19.013642643756583,1.0,0.509897197194357,1.0254948598597178,0.03744696093646681
2,adsorption,1656.0,100.04749687816519,10.521299472278754,0.10516304555916349,19.088521531036953,1.0,0.5117978947001812,1.025589894735009,0.03743192724540235
2,adsorption,1658.0,100.0474978831254,10.523195587142498,0.1051819966495874,19.163370356341975,1.0,0.513697828317579,1.025684891415879,0.03741689896087221
2,adsorption,1660.0,100.04749888772419,10.525090939769882,0.10520094012126584,19.238189130483267,1.0,0.5155969983219206,1.025779849916096,0.03740187608143281
2,adsorption,1662.0,100.04749989196168,10.526985530435613,0.10521987597694489,19.312977864269552,1.0,0.5174954049884865,1.0258747702494246,0.037386858605628445
2,adsorption,1664.0,100.04750089583783,10.528879359414558,0.10523880421937236,19.387736568506647,1.0,0.5193930485924743,1.0259696524296238,0.03737184653199701
2,adsorption,1666.0,100.04750189935284,10.530772426981805,0.1052577248512981,19.462465253997458,1.0,0.5212899294090348,1.0260644964704517,0.03735683985909808
2,adsorption,1668.0,100.04750290250684,10.532664733411728,0.10527663787546482,19.537163931541993,1.0,0.5231860477132361,1.0261593023856619,0.03734183858548432
2,adsorption,1670.0,100.04750390529986,10.534556278978842,0.10529554329461675,19.611832611937363,1.0,0.5250814037800481,1.0262540701890024,0.03732684270969034
2,adsorption,1672.0,100.047504907732,10.536447063958063,0.10531444111150216,19.686471305977758,1.0,0.526975997884389,1.0263487998942193,0.03731185223026826
2,adsorption,1674.0,100.04750590980336,10.538337088623567,0.10533333132886173,19.761080024454476,1.0,0.528869830301098,1.0264434915150549,0.03729686714576702
2,adsorption,1676.0,100.04750691151408,10.540226353249889,0.1053522139494398,19.8356587781559,1.0,0.530762901304943,1.026538145065247,0.03728188745473758
2,adsorption,1678.0,100.0475079128642,10.542114858111237,0.10537108897597759,19.910207577867524,1.0,0.5326552111706091,1.0266327605585304,0.037266913155724654
2,adsorption,1680.0,100.04750891385392,10.54400260348196,0.10538995641121753,19.98472643437193,1.0,0.534546760172713,1.0267273380086357,0.037251944247277576
2,adsorption,1682.0,100.0475099144832,10.545889589636161,0.10540881625789972,20.0592153584488,1.0,0.5364375485857951,1.0268218774292897,0.03723698072794418
2,adsorption,1684.0,100.04751091475228,10.547775816847915,0.10542766851876391,20.133674360874906,1.0,0.538327576684319,1.0269163788342162,0.037222022596270714
2,adsorption,1686.0,100.04751191466107,10.549661285391364,0.10544651319655063,20.20810345242412,1.0,0.5402168447426816,1.027010842237134,0.0372070698508093
2,adsorption,1688.0,100.04751291420986,10.551545995540257,0.10546535029399626,20.282502643867403,1.0,0.5421053530351954,1.0271052676517598,0.03719212249010435
2,adsorption,1690.0,100.04751391339859,10.553429947568716,0.1054841798138412,20.35687194597283,1.0,0.5439931018361092,1.0271996550918054,0.03717718051270857
2,adsorption,1692.0,100.04751491222746,10.555313141750204,0.10550300175881899,20.43121136950556,1.0,0.5458800914195818,1.027294004570979,0.03716224391716269
2,adsorption,1694.0,100.04751591069652,10.557195578358774,0.10552181613166929,20.505520925227838,1.0,0.5477663220597112,1.0273883161029855,0.03714731270201802
2,adsorption,1696.0,100.0475169088059,10.559077257667916,0.10554062293512588,20.579800623899025,1.0,0.5496517940305213,1.027482589701526,0.03713238686582611
2,adsorption,1698.0,100.04751790655573,10.560958179951202,0.1055594221719236,20.654050476275568,1.0,0.5515365076059559,1.0275768253802977,0.03711746640713423
2,adsorption,1700.0,100.04751890394604,10.562838345482156,0.1055782138447967,20.728270493111015,1.0,0.5534204630598841,1.0276710231529942,0.03710255132448928
2,adsorption,1702.0,100.04751990097685,10.564717754534115,0.10559699795647769,20.80246068515601,1.0,0.5553036606660964,1.0277651830333048,0.03708764161643502
2,adsorption,1704.0,100.04752089764844,10.566596407380615,0.1056157745097008,20.876621063158275,1.0,0.5571861006983195,1.027859305034916,0.03707273728152372
2,adsorption,1706.0,100.04752189396078,10.568474304294828,0.10563454350719684,20.95075163786266,1.0,0.5590677834302064,1.0279533891715102,0.03705783831830785
2,adsorption,1708.0,100.04752288991408,10.570351445549843,0.10565330495169564,21.02485242001109,1.0,0.5609487091353221,1.0280474354567661,0.03704294472532947
2,adsorption,1710.0,100.04752388550831,10.572227831419042,0.1056720588459302,21.098923420342594,1.0,0.5628288780871706,1.0281414439043586,0.0370280565011412
2,adsorption,1712.0,100.0475248807436,10.574103462175248,0.10569080519262772,21.172964649593304,1.0,0.5647082905591768,1.0282354145279589,0.03701317364429183
2,adsorption,1714.0,100.04752587562011,10.575978338091433,0.1057095439945169,21.246976118496438,1.0,0.5665869468246791,1.028329347341234,0.03699829615332098
2,adsorption,1716.0,100.04752687013786,10.57785245944069,0.10572827525432779,21.3209578377823,1.0,0.5684648471569559,1.0284232423578479,0.03698342402677964
2,adsorption,1718.0,100.04752786429698,10.579725826495794,0.10574699897478708,21.394909818178306,1.0,0.5703419918292184,1.028517099591461,0.03696855726322429
2,adsorption,1720.0,100.04752885809758,10.581598439529316,0.10576571515861954,21.468832070408972,1.0,0.5722183811145862,1.0286109190557293,0.03695369586119781
2,adsorption,1722.0,100.04752985153974,10.583470298814106,0.10578442380855269,21.5427246051959,1.0,0.5740940152861069,1.0287047007643053,0.03693883981924539
2,adsorption,1724.0,100.04753084462357,10.585341404622875,0.10580312492731266,21.6165874332578,1.0,0.5759688946167694,1.0287984447308385,0.03692398913592408
2,adsorption,1726.0,100.04753183734913,10.587211757227804,0.10582181851762036,21.69042056531047,1.0,0.5778430193794686,1.0288921509689735,0.0369091438097761
2,adsorption,1728.0,100.04753282971662,10.589081356901682,0.10584050458220254,21.76422401206681,1.0,0.5797163898470338,1.0289858194923518,0.03689430383935018
2,adsorption,1730.0,100.047533821726,10.590950203916737,0.1058591831237807,21.83799778423681,1.0,0.5815890062922188,1.0290794503146112,0.03687946922319447
2,adsorption,1732.0,100.04753481337742,10.592818298545318,0.10587785414507728,21.91174189252756,1.0,0.583460868987708,1.0291730434493853,0.03686463995986108
2,adsorption,1734.0,100.047535804671,10.59468564105964,0.10589651764881346,21.985456347643257,1.0,0.5853319782061043,1.0292665989103051,0.0368498160478962
2,adsorption,1736.0,100.04753679560686,10.596552231731769,0.10591517363770889,22.059141160285176,1.0,0.5872023342199307,1.0293601167109965,0.036834997485842465
2,adsorption,1738.0,100.04753778618505,10.598418070834068,0.10593382211448624,22.132796341151696,1.0,0.5890719373016533,1.0294535968650826,0.036820184272255654
2,adsorption,1740.0,100.04753877640567,10.600283158638254,0.10595246308186176,22.2064219009383,1.0,0.5909407877236538,1.0295470393861827,0.03680537640568403
2,adsorption,1742.0,100.04753976626878,10.602147495416343,0.10597109654255461,22.28001785033756,1.0,0.5928088857582337,1.0296404442879117,0.03679057388467103
2,adsorption,1744.0,100.04754075577459,10.604011081440364,0.10598972249928407,22.35358420003915,1.0,0.5946762316776336,1.0297338115838817,0.03677577670777123
2,adsorption,1746.0,100.04754174492315,10.605873916981928,0.1060083409547653,22.427120960729848,1.0,0.5965428257540153,1.0298271412877007,0.03676098487353494
2,adsorption,1748.0,100.04754273371445,10.607736002312608,0.10602695191171313,22.500628143093515,1.0,0.5984086682594478,1.0299204334129723,0.03674619838049897
2,adsorption,1750.0,100.04754372214873,10.609597337704514,0.10604555537284759,22.574105757811108,1.0,0.6002737594659556,1.0300136879732977,0.0367314172272232
2,adsorption,1752.0,100.04754471022606,10.611457923428722,0.10606415134087847,22.647553815560702,1.0,0.6021380996454708,1.0301069049822735,0.03671664141225318
2,adsorption,1754.0,100.04754569794643,10.613317759756866,0.10608273981852125,22.720972327017442,1.0,0.6040016890698444,1.0302000844534922,0.036701870934129764
2,adsorption,1756.0,100.04754668531011,10.615176846960662,0.10610132080849194,22.794361302853584,1.0,0.6058645280108784,1.030293226400544,0.036687105791413564
2,adsorption,1758.0,100.04754767231705,10.617035185310964,0.10611989431349826,22.86772075373848,1.0,0.6077266167402791,1.030386330837014,0.03667234598264801
2,adsorption,1760.0,100.04754865896741,10.61889277507943,0.10613846033625576,22.9410506903386,1.0,0.6095879555296879,1.0304793977764843,0.036657591506384646
2,adsorption,1762.0,100.04754964526128,10.620749616537053,0.10615701887947337,23.014351123317482,1.0,0.6114485446506682,1.0305724272325334,0.0366428423611716
2,adsorption,1764.0,100.0475506311987,10.622605709954863,0.10617556994586057,23.08762206333577,1.0,0.6133083843746974,1.0306654192187348,0.03662809854554855
2,adsorption,1766.0,100.04755161677987,10.624461055604199,0.10619411353812959,23.1608635210512,1.0,0.6151674749731988,1.0307583737486599,0.036613360058071004
2,adsorption,1768.0,100.04755260200484,10.62631565375591,0.10621264965898795,23.234075507118614,1.0,0.6170258167175235,1.0308512908358762,0.036598626897296066
2,adsorption,1770.0,100.0475535868737,10.628169504680612,0.10623117831114097,23.30725803218996,1.0,0.6188834098789224,1.0309441704939462,0.03658389906176031
2,adsorption,1772.0,100.04755457138654,10.630022608649504,0.10624969949729962,23.38041110691427,1.0,0.6207402547285875,1.0310370127364294,0.03656917655001288
2,adsorption,1774.0,100.04755555554345,10.631874965933246,0.10626821322016952,23.45353474193767,1.0,0.6225963515376453,1.0311298175768822,0.03655445936060988
2,adsorption,1776.0,100.0475565393446,10.63372657680242,0.10628671948245545,23.526628947903404,1.0,0.6244517005771444,1.0312225850288572,0.03653974749210452
2,adsorption,1778.0,100.04755752279003,10.635577441527547,0.10630521828686171,23.5996937354518,1.0,0.6263063021180402,1.031315315105902,0.03652504094303529
2,adsorption,1780.0,100.04755850587979,10.637427560379297,0.10632370963609408,23.67272911522029,1.0,0.6281601564312236,1.0314080078215613,0.03651033971194863
2,adsorption,1782.0,100.04755948861403,10.639276933628105,0.10634219353285589,23.74573509784338,1.0,0.6300132637875205,1.031500663189376,0.03649564379739845
2,adsorption,1784.0,100.04756047099288,10.641125561544326,0.10636066997984966,23.818711693952697,1.0,0.6318656244576799,1.031593281222884,0.036480953197936365
2,adsorption,1786.0,100.0475614530164,10.642973444398287,0.10637913897977776,23.891658914176976,1.0,0.6337172387123783,1.0316858619356188,0.03646626791211552
2,adsorption,1788.0,100.04756243468469,10.644820582459998,0.10639760053533927,23.96457676914203,1.0,0.6355681068221959,1.0317784053411099,0.036451587938472176
2,adsorption,1790.0,100.04756341599779,10.646666975999896,0.10641605464923767,24.037465269470776,1.0,0.6374182290576584,1.031870911452883,0.03643691327555807
2,adsorption,1792.0,100.04756439695589,10.648512625288078,0.10643450132417294,24.110324425783215,1.0,0.6392676056892291,1.0319633802844614,0.03642224392193448
2,adsorption,1794.0,100.04756537755905,10.650357530594157,0.10645294056284013,24.183154248696486,1.0,0.6411162369872687,1.0320558118493635,0.036407579876139885
2,adsorption,1796.0,100.04756635780737,10.6522016921885,0.10647137236794206,24.255954748824788,1.0,0.6429641232220789,1.032148206161104,0.03639292113672571
2,adsorption,1798.0,100.04756733770098,10.654045110340794,0.1064897967421745,24.328725936779442,1.0,0.6448112646638915,1.0322405632331948,0.036378267702246565
2,adsorption,1800.0,100.04756831723986,10.655887785320632,0.10650821368823259,24.40146782316893,1.0,0.6466576615828468,1.0323328830791423,0.03636361957124193
2,purge,1800.0,100.04756831723986,10.655887785320632,0.10650821368823259,24.40146782316893,1.0,0.6466576615828468,1.0323328830791423,0.03636361957124193
2,purge,1802.0,100.05350193320338,9.198823786629102,0.09193904869786887,24.3810808484816,1.0,0.5303626889391689,1.0265181344469585,-0.05393871959708014
2,purge,1804.0,100.05329077272444,10.589966886052741,0.10584326416717597,24.282481487988186,1.0,0.5341616638991586,1.026708083194958,-0.04900353191841989
2,purge,1806.0,100.05307044998213,10.536176150776626,0.10530587520593683,24.190190650117604,1.0,0.5358007657885521,1.0267900382894275,-0.045879215687281434
2,purge,1808.0,100.05307768385666,10.519572149252452,0.10513991566048311,24.09815069951556,1.0,0.5332474058220167,1.0266623702911009,-0.04603003744913813
2,purge,1810.0,100.05307830803937,10.519245530074611,0.10513665054550729,24.006066228582167,1.0,0.5308822444084393,1.0265441122204222,-0.04603317393306066
2,purge,1812.0,100.05307662789956,10.516913765154852,0.10511334703147186,23.91402838491035,1.0,0.5285544718649594,1.026427723593248,-0.04600807964353858
2,purge,1814.0,100.05307525088395,10.514550241807504,0.10508972578246271,23.82203243124082,1.0,0.5262218604635626,1.026311093023178,-0.045987597463237544
2,purge,1816.0,100.05307388425196,10.512228280575417,0.10506651992258288,23.730077521609875,1.0,0.5238902605355295,1.0261945130267764,-0.04596714721448446
2,purge,1818.0,100.05307250868101,10.509910725888279,0.10504335811352916,23.638167062427033,1.0,0.5215599835663942,1.0260779991783198,-0.0459465540667531
2,purge,1820.0,100.0530711332149,10.507586716109117,0.10502013178704801,23.546297570060585,1.0,0.5192307260752562,1.0259615363037629,-0.04592598506251178
2,purge,1822.0,100.05306975735668,10.505263674845063,0.10499691514035363,23.454466654788583,1.0,0.5169024650575923,1.0258451232528796,-0.04590541035084963
2,purge,1824.0,100.05306838250807,10.502941617856177,0.10497370832949257,23.362676400465592,1.0,0.5145752271350787,1.025728761356754,-0.04588485084395032
2,purge,1826.0,100.05306700828395,10.500620664718422,0.10495051254999528,23.27092721769621,1.0,0.5122490306087872,1.0256124515304395,-0.045864300479070176
2,purge,1828.0,100.05306563470396,10.498300703820565,0.10492732668632167,23.179219139877922,1.0,0.5099238755247574,1.025496193776238,-0.04584375988824763
2,purge,1830.0,100.05306426183306,10.495981781821436,0.1049041512047453,23.08755214336987,1.0,0.5075997602190493,1.0253799880109524,-0.04582322989653887
2,purge,1832.0,100.05306288964661,10.493663904655527,0.10488098616460645,22.995926200758625,1.0,0.5052766844862817,1.025263834224314,-0.04580271011587273
2,purge,1834.0,100.05306151814042,10.491347061258118,0.10485783145532186,22.90434128848489,1.0,0.5029546477614517,1.0251477323880727,-0.04578220051576542
2,purge,1836.0,100.05306014731973,10.4890312530785,0.10483468709137213,22.812797385206874,1.0,0.5006336494045841,1.0250316824702292,-0.04576170116856183
2,purge,1838.0,100.05305877718305,10.48671648084889,0.10481155308007806,22.721294471644,1.0,0.49831368895321204,1.0249156844476606,-0.045741212049374584
2,purge,1840.0,100.05305740772927,10.484402743283857,0.10478842940859416,22.62983252536287,1.0,0.4959947658551601,1.024799738292758,-0.04572073314023242
2,purge,1842.0,100.05305603895847,10.482090039944888,0.10476531607253847,22.538411528706646,1.0,0.493676879651377,1.024683843982569,-0.04570026444605884
2,purge,1844.0,100.05305467087022,10.47977837051127,0.1047422130687069,22.447031460116982,1.0,0.4913600298002131,1.0245680014900107,-0.04567980595817334
2,purge,1846.0,100.05305330346394,10.477467734274452,0.10471912039001924,22.35569229837671,1.0,0.48904421576833107,1.0244522107884166,-0.04565935766823593
2,purge,1848.0,100.05305193673928,10.47515813072707,0.10469603803140573,22.264394022883227,1.0,0.4867294370323243,1.0243364718516161,-0.04563891957245156
2,purge,1850.0,100.05305057069596,10.472849559427994,0.1046729659884587,22.173136613319254,1.0,0.4844156930796023,1.0242207846539801,-0.04561849166429528
2,purge,1852.0,100.05304920533342,10.470542019818376,0.10464990425559399,22.08192004938964,1.0,0.4821029833983595,1.024105149169918,-0.045598073937072395
2,purge,1854.0,100.05304784065139,10.468235511384844,0.10462685282768185,21.990744310756433,1.0,0.47979130747402243,1.0239895653737012,-0.045577666385391145
2,purge,1856.0,100.05304647664937,10.46593003363594,0.10460381169981173,21.89960937706585,1.0,0.47748066479254736,1.0238740332396274,-0.04555726900312999
2,purge,1858.0,100.05304511332697,10.463625586046943,0.10458078086674044,21.80851522797611,1.0,0.4751710548403554,1.023758552742018,-0.04553688178404494
2,purge,1860.0,100.05304375068377,10.461322168104129,0.10455776032333483,21.717461843164152,1.0,0.4728624771038177,1.0236431238551909,-0.04551650472230519
2,purge,1862.0,100.05304238871939,10.459019779302777,0.10453475006455169,21.626449202322263,1.0,0.4705549310699529,1.0235277465534975,-0.045496137811881984
2,purge,1864.0,100.05304102743355,10.456718419128212,0.10451175008524813,21.53547728515493,1.0,0.4682484162261538,1.023412420811308,-0.04547578104669855
2,purge,1866.0,100.05303966682567,10.454418087068674,0.10448876038031074,21.444546071377886,1.0,0.4659429320599329,1.0232971466029968,-0.04545543442080997
2,purge,1868.0,100.05303830689542,10.452118782615695,0.10446578094465882,21.353655540718457,1.0,0.4636384780591704,1.0231819239029585,-0.04543509792821616
2,purge,1870.0,100.0530369476424,10.449820505258103,0.10444281177318465,21.26280567291596,1.0,0.4613350537120864,1.0230667526856043,-0.04541477156289177
2,purge,1872.0,100.0530355890662,10.447523254485239,0.10441985286078562,21.171996447721774,1.0,0.45903265850713315,1.0229516329253567,-0.045394455318871624
2,purge,1874.0,100.05303423116641,10.445227029788315,0.10439690420237788,21.081227844899296,1.0,0.45673129193309037,1.0228365645966546,-0.045374149190175406
2,purge,1876.0,100.0530328739427,10.442931830657646,0.10437396579286852,20.990499844223887,1.0,0.45443095347906126,1.022721547673953,-0.04535385317080991
2,purge,1878.0,100.05303151739459,10.44063765658383,0.10435103762716762,20.899812425482846,1.0,0.45213164263442307,1.0226065821317212,-0.04533356725480689
2,purge,1880.0,100.05303016152169,10.438344507058384,0.10432811970019427,20.80916556847542,1.0,0.44983335888885967,1.022491667944443,-0.045313291436197896
2,purge,1882.0,100.05302880632371,10.436052381572717,0.10430521200686653,20.718559253012803,1.0,0.44753610173236313,1.0223768050866182,-0.04529302570901275
2,purge,1884.0,100.05302745180002,10.433761279618572,0.10428231454210596,20.627993458918098,1.0,0.4452398706552228,1.022261993532761,-0.04527277006728812
2,purge,1886.0,100.05302609795046,10.43147120068806,0.10425942730083748,20.537468166025857,1.0,0.44294466514801134,1.0221472332574006,-0.045252524505068295
2,purge,1888.0,100.05302474477455,10.429182144273563,0.10423655027798895,20.44698335418383,1.0,0.4406504847016359,1.022032524235082,-0.0452322890164005
2,purge,1890.0,100.05302339227177,10.426894109867705,0.10421368346849069,20.35653900324979,1.0,0.43835732880725575,1.0219178664403628,-0.045212063595336215
2,purge,1892.0,100.05302204044187,10.424607096963552,0.10419082686727722,20.266135093094867,1.0,0.43606519695636864,1.0218032598478184,-0.04519184823592981
2,purge,1894.0,100.05302068928451,10.422321105054326,0.10416798046928472,20.175771603602065,1.0,0.4337740886407671,1.0216887044320384,-0.045171642932242954
2,purge,1896.0,100.05301933879906,10.420036133633673,0.10414514426945373,20.08544851466597,1.0,0.43148400335253845,1.021574200167627,-0.04515144767833936
2,purge,1898.0,100.05301798898533,10.417752182195423,0.10412231826272642,19.995165806192865,1.0,0.42919494058406454,1.0214597470292033,-0.0451312624682869
2,purge,1900.0,100.05301663984282,10.415469250233736,0.10409950244404842,19.90492345810092,1.0,0.426906899828024,1.0213453449914012,-0.045111087296159674
2,purge,1902.0,100.05301529137118,10.413187337243132,0.10407669680836885,19.814721450320224,1.0,0.4246198805773959,1.0212309940288697,-0.04509092215603562
2,purge,1904.0,100.05301394356998,10.41090644271835,0.10405390135063908,19.724559762792705,1.0,0.42233388232545965,1.021116694116273,-0.045070767041995474
2,purge,1906.0,100.05301259643893,10.408626566154439,0.10403111606581349,19.634438375472115,1.0,0.42004890456579014,1.0210024452282895,-0.04505062194812596
2,purge,1908.0,100.05301124997744,10.406347707046777,0.10400834094884999,19.544357268324024,1.0,0.4177649467922593,1.020888247339613,-0.045030486868518224
2,purge,1910.0,100.0530099041853,10.404069864891031,0.10398557599470898,19.45431642132581,1.0,0.4154820084990376,1.0207741004249522,-0.0450103617972668
2,purge,1912.0,100.05300855906204,10.401793039183135,0.10396282119835387,19.364315814466654,1.0,0.41320008918059287,1.0206600044590297,-0.044990246728470545
2,purge,1914.0,100.05300721460715,10.399517229419324,0.10394007655475103,19.27435542774755,1.0,0.4109191883316888,1.0205459594165844,-0.044970141656233725
2,purge,1916.0,100.05300587082046,10.397242435096185,0.10391734205887007,19.18443524118127,1.0,0.40863930544738614,1.0204319652723692,-0.04495004657466417
2,purge,1918.0,100.05300452770143,10.394968655710521,0.10389461770568312,19.094555234792374,1.0,0.40636044002304283,1.020318022001152,-0.04492996147787402
2,purge,1920.0,100.05300318524971,10.392695890759477,0.10387190349016547,19.004715388617175,1.0,0.4040825915543118,1.0202041295777156,-0.04490988635998028
2,purge,1922.0,100.05300184346497,10.390424139740492,0.10384919940729546,18.914915682703768,1.0,0.4018057595371427,1.0200902879768572,-0.04488982121510402
2,purge,1924.0,100.05300050234666,10.388153402151278,0.10382650545205419,18.825156097111993,1.0,0.39952994346778153,1.0199764971733891,-0.04486976603737023
2,purge,1926.0,100.05299916189448,10.385883677489849,0.10380382161942575,18.73543661191344,1.0,0.39725514284276936,1.0198627571421384,-0.044849720820908635
2,purge,1928.0,100.05299782210797,10.383614965254532,0.10378114790439734,18.645757207191423,1.0,0.3949813571589426,1.019749067857947,-0.04482968555985317
2,purge,1930.0,100.052996482987,10.381347264943935,0.10375848430195869,18.556117863040996,1.0,0.3927085859134331,1.0196354292956717,-0.044809660248342105
2,purge,1932.0,100.05299514453087,10.379080576056943,0.10373583080710289,18.46651855956893,1.0,0.3904368286036672,1.0195218414301834,-0.04478964488051815
2,purge,1934.0,100.0529938067393,10.37681489809277,0.10371318741482591,18.3769592768937,1.0,0.38816608472736636,1.0194083042363684,-0.04476963945052823
2,purge,1936.0,100.05299246961184,10.374550230550875,0.10369055412012632,18.28743999514549,1.0,0.38589635378254666,1.0192948176891274,-0.04474964395252339
2,purge,1938.0,100.0529911331482,10.372286572931072,0.10366793091800598,18.19796069446618,1.0,0.3836276352675182,1.019181381763376,-0.044729658380659364
2,purge,1940.0,100.05298979734795,10.37002392473342,0.10364531780346953,18.10852135500932,1.0,0.3813599286808857,1.0190679964340446,-0.04470968272909549
2,purge,1942.0,100.05298846221073,10.36776228545829,0.10362271477152443,18.019121956940154,1.0,0.3790932335215471,1.0189546616760774,-0.04468971699199628
2,purge,1944.0,100.05298712773603,10.36550165460633,0.10360012181718134,17.929762480435578,1.0,0.37682754928869444,1.0188413774644347,-0.04466976116352983
2,purge,1946.0,100.05298579392363,10.363242031678512,0.10357753893545361,17.84044290568416,1.0,0.3745628754818131,1.0187281437740907,-0.04464981523786895
2,purge,1948.0,100.05298446077302,10.360983416176065,0.10355496612135756,17.751163212886112,1.0,0.37229921160068175,1.018614960580034,-0.044629879209190454
2,purge,1950.0,100.05298312828387,10.35872580760053,0.10353240336991246,17.661923382253292,1.0,0.37003655714537187,1.0185018278572686,-0.044609953071675694
2,purge,1952.0,100.05298179645571,10.356469205453735,0.10350985067614049,17.572723394009177,1.0,0.3677749116162481,1.0183887455808125,-0.044590036819510015
2,purge,1954.0,100.05298046528831,10.354213609237807,0.10348730803506673,17.48356322838889,1.0,0.36551427451396756,1.0182757137256984,-0.04457013044688305
2,purge,1956.0,100.05297913478107,10.351959018455133,0.10346477544171911,17.394442865639157,1.0,0.3632546453394796,1.018162732266974,-0.044550233947989015
2,purge,1958.0,100.05297780493379,10.349705432608443,0.10344225289112866,17.30536228601831,1.0,0.36099602359402594,1.0180498011797012,-0.04453034731702591
2,purge,1960.0,100.05297647574596,10.34745285120072,0.10341974037832914,17.216321469796295,1.0,0.35873840877914015,1.017936920438957,-0.044510470548196526
2,purge,1962.0,100.05297514721728,10.345201273735245,0.1033972378983572,17.127320397254632,1.0,0.356481800396648,1.0178240900198323,-0.04449060363570712
2,purge,1964.0,100.05297381934732,10.342950699715589,0.10337474544625244,17.038359048686427,1.0,0.3542261979486658,1.0177113098974333,-0.04447074657376925
2,purge,1966.0,100.05297249213565,10.340701128645623,0.10335226301705752,16.949437404396374,1.0,0.3519716009376019,1.01759858004688,-0.04445089935659796
2,purge,1968.0,100.05297116558198,10.338452560029499,0.10332979060581766,16.860555444700708,1.0,0.3497180088661557,1.017485900443308,-0.04443106197841269
2,purge,1970.0,100.05296983968587,10.336204993371657,0.10330732820758128,16.771713149927248,1.0,0.3474654212373173,1.017373271061866,-0.04441123443343743
2,purge,1972.0,100.0529685144469,10.333958428176851,0.10328487581739972,16.682910500415336,1.0,0.3452138375543681,1.0172606918777185,-0.044391416715899544
2,purge,1974.0,100.05296718986465,10.331712863950058,0.10326243343032666,16.594147476515865,1.0,0.3429632573208793,1.017148162866044,-0.04437160882003144
2,purge,1976.0,100.05296586593899,10.329468300196647,0.10324000104141948,16.50542405859127,1.0,0.3407136800407118,1.0170356840020356,-0.044351810740070156
2,purge,1978.0,100.05296454266916,10.327224736422192,0.10321757864573802,16.416740227015488,1.0,0.3384651052180183,1.0169232552609009,-0.044332022470255396
2,purge,1980.0,100.05296322005508,10.324982172132565,0.10319516623834463,16.328095962173983,1.0,0.3362175323572401,1.016810876617862,-0.044312244004832343
2,purge,1982.0,100.05296189809627,10.322740606833971,0.1031727638143053,16.23949124446373,1.0,0.33397096096310797,1.0166985480481554,-0.04429247533805027
2,purge,1984.0,100.05296057679226,10.320500040032885,0.10315037136868861,16.150926054293183,1.0,0.33172539054064276,1.0165862695270322,-0.04427271646416229
2,purge,1986.0,100.05295925614276,10.31826047123604,0.10312798889656581,16.06240037208231,1.0,0.32948082059515466,1.0164740410297577,-0.04425296737742553
2,purge,1988.0,100.05295793614735,10.316021899950476,0.10310561639301101,15.973914178262538,1.0,0.3272372506322422,1.0163618625316122,-0.0442332280721018
2,purge,1990.0,100.0529566168056,10.31378432568354,0.10308325385310167,15.885467453276782,1.0,0.32499468015779254,1.0162497340078895,-0.044213498542457416
2,purge,1992.0,100.0529552981173,10.311547747942859,0.10306090127191767,15.797060177579409,1.0,0.32275310867798246,1.0161376554338992,-0.04419377878276181
2,purge,1994.0,100.05295398008181,10.309312166236298,0.10303855864454177,15.708692331636247,1.0,0.32051253569927607,1.0160256267849639,-0.04417406878728956
2,purge,1996.0,100.052952662699,10.307077580072097,0.10301622596605992,15.620363895924578,1.0,0.31827296072842615,1.0159136480364213,-0.044154368550319116
2,purge,1998.0,100.05295134596832,10.304843988958721,0.1029939032315608,15.532074850933114,1.0,0.31603438327247385,1.0158017191636237,-0.04413467806613262
2,purge,2000.0,100.05295002988946,10.302611392404916,0.10297159043613559,15.443825177162,1.0,0.313796802838747,1.0156898401419376,-0.04411499732901728
2,purge,2002.0,100.05294871446203,10.300379789919761,0.1029492875748789,15.355614855122802,1.0,0.31156021893486135,1.0155780109467432,-0.04409532633326416
2,purge,2004.0,100.05294739968555,10.298149181012576,0.10292699464288786,15.267443865338501,1.0,0.30932463106872077,1.015466231553436,-0.044075665073167826
2,purge,2006.0,100.05294608555987,10.295919565192996,0.10290471163526241,15.17931218834349,1.0,0.307090038748515,1.0153545019374257,-0.044056013543028086
2,purge,2008.0,100.05294477208436,10.293690941970944,0.10288243854710584,15.091219804683545,1.0,0.3048564414827215,1.015242822074136,-0.044036371737148125
2,purge,2010.0,100.0529434592588,10.29146331085659,0.1028601753735235,15.003166694915851,1.0,0.3026238387801044,1.0151311919390051,-0.044016739649835525
2,purge,2012.0,100.05294214708276,10.289236671360435,0.10283792210962422,14.915152839608952,1.0,0.30039223014971383,1.0150196115074857,-0.04399711727540224
2,purge,2014.0,100.05294083555576,10.28701102299325,0.10281567875051964,14.827178219342779,1.0,0.2981616151008872,1.0149080807550444,-0.04397750460816352
2,purge,2016.0,100.0529395246776,10.284786365266063,0.10279344529132366,14.739242814708618,1.0,0.29593199314324653,1.0147965996571624,-0.04395790164244002
2,purge,2018.0,100.05293821444782,10.28256269769024,0.10277122172715383,14.651346606309122,1.0,0.29370336378670026,1.014685168189335,-0.043938308372556203
2,purge,2020.0,100.05293690486597,10.280340019777393,0.10274900805313013,14.56348957475828,1.0,0.2914757265414432,1.014573786327072,-0.04391872479283984
2,purge,2022.0,100.05293559593181,10.278118331039426,0.1027268042643752,14.475671700681426,1.0,0.2892490809179554,1.0144624540458977,-0.043899150897623265
2,purge,2024.0,100.05293428764492,10.275897630988528,0.10270461035601482,14.387892964715226,1.0,0.28702342642700096,1.01435117132135,-0.04387958668124374
2,purge,2026.0,100.05293298000483,10.273677919137178,0.10268242632317767,14.300153347507667,1.0,0.28479876257963027,1.0142399381289815,-0.04386003213804173
2,purge,2028.0,100.05293167301123,10.27145919499814,0.10266025216099504,14.212452829718044,1.0,0.2825750888871788,1.014128754444359,-0.043840487262361394
2,purge,2030.0,100.0529303666637,10.269241458084426,0.10263808786460094,14.124791392016972,1.0,0.2803524048612654,1.0140176202430633,-0.0438209520485524
2,purge,2032.0,100.05292906096196,10.267024707909409,0.10261593342913268,14.037169015086352,1.0,0.2781307100137935,1.0139065355006898,-0.043801426490968055
2,purge,2034.0,100.05292775590553,10.264808943986663,0.10259378884973003,13.949585679619378,1.0,0.27591000385695247,1.0137955001928478,-0.04378191058396461
2,purge,2036.0,100.05292645149406,10.262594165830073,0.10257165412153545,13.86204136632053,1.0,0.2736902859032133,1.0136845142951607,-0.04376240432190418
2,purge,2038.0,100.05292514772721,10.260380372953852,0.10254952923969486,13.774536055905555,1.0,0.2714715556653319,1.0135735777832666,-0.04374290769915222
2,purge,2040.0,100.05292384460458,10.258167564872434,0.1025274141993564,13.687069729101468,1.0,0.2692538126563489,1.0134626906328175,-0.043723420710077204
2,purge,2042.0,100.0529225421258,10.255955741100541,0.102505308995671,13.599642366646544,1.0,0.26703705638958564,1.0133518528194794,-0.04370394334905405
2,purge,2044.0,100.05292124029046,10.253744901153233,0.10248321362379312,13.512253949290299,1.0,0.26482128637864893,1.0132410643189325,-0.0436844756104598
2,purge,2046.0,100.05291993909815,10.251535044545781,0.1024611280788792,13.424904457793499,1.0,0.2626065021374283,1.0131303251068715,-0.043665017488675885
2,purge,2048.0,100.05291863854873,10.24932617079378,0.10243905235608876,13.337593872928132,1.0,0.2603927031800944,1.0130196351590046,-0.04364556897808898
2,purge,2050.0,100.0529173386415,10.247118279413112,0.10241698645058464,13.250322175477416,1.0,0.25817988902110234,1.0129089944510552,-0.04362613007308851
2,purge,2052.0,100.0529160393763,10.244911369919903,0.10239493035753171,13.163089346235788,1.0,0.25596805917518933,1.0127984029587596,-0.04360670076806808
2,purge,2054.0,100.05291474075266,10.242705441830577,0.102372884072098,13.075895366008888,1.0,0.2537572131573727,1.0126878606578686,-0.04358728105742707
2,purge,2056.0,100.05291344277029,10.24050049466189,0.10235084758945472,12.988740215613559,1.0,0.25154735048295446,1.0125773675241476,-0.0435678709355667
2,purge,2058.0,100.05291214542865,10.23829652793077,0.10232882090477513,12.90162387587783,1.0,0.24933847066751716,1.0124669235333759,-0.043548470396893184
2,purge,2060.0,100.05291084872759,10.23609354115453,0.1023068040132358,12.814546327640917,1.0,0.24713057322692458,1.0123565286613463,-0.043529079435817165
2,purge,2062.0,100.05290955266658,10.233891533850716,0.10228479691001617,12.727507551753218,1.0,0.24492365767732227,1.012246182883866,-0.043509698046752976
2,purge,2064.0,100.05290825724532,10.231690505537149,0.10226279959029798,12.640507529076286,1.0,0.24271772353513707,1.0121358861767569,-0.0434903262241188
2,purge,2066.0,100.05290696246333,10.229490455731943,0.10224081204926631,12.55354624048284,1.0,0.24051277031707607,1.0120256385158537,-0.04347096396233744
2,purge,2068.0,100.05290566832043,10.227291383953503,0.10221883428210873,12.46662366685675,1.0,0.2383087975401279,1.0119154398770065,-0.04345161125583523
2,purge,2070.0,100.05290437481607,10.22509328972048,0.10219686628401561,12.379739789093026,1.0,0.23610580472156142,1.0118052902360781,-0.043432268099042604
2,purge,2072.0,100.05290308194992,10.222896172551836,0.10217490805018031,12.292894588097814,1.0,0.2339037913789256,1.0116951895689463,-0.04341293448639429
2,purge,2074.0,100.05290178972164,10.2207000319668,0.10215295957579879,12.206088044788391,1.0,0.23170275703004956,1.0115851378515024,-0.04339361041232917
2,purge,2076.0,100.05290049813088,10.218504867484878,0.10213102085606979,12.119320140093148,1.0,0.22950270119304284,1.0114751350596523,-0.04337429587128954
2,purge,2078.0,100.0528992071773,10.216310678625865,0.10210909188619492,12.032590854951584,1.0,0.22730362338629423,1.0113651811693147,-0.04335499085772216
2,purge,2080.0,100.05289791686036,10.214117464909805,0.10208717266137855,11.945900170314307,1.0,0.22510552312847198,1.0112552761564237,-0.04333569536607798
2,purge,2082.0,100.05289662717978,10.211925225857062,0.10206526317682792,11.85924806714302,1.0,0.2229083999385239,1.011145419996926,-0.043316409390811744
2,purge,2084.0,100.05289533813527,10.209733960988258,0.10204336342775289,11.772634526410501,1.0,0.220712253335677,1.0110356126667839,-0.04329713292638194
2,purge,2086.0,100.05289404972638,10.207543669824283,0.10202147340936608,11.686059529100625,1.0,0.21851708283943708,1.010925854141972,-0.04327786596725156
2,purge,2088.0,100.05289276195269,10.205354351886303,0.101999593116883,11.599523056208318,1.0,0.2163228879695883,1.0108161443984793,-0.043258608507887486
2,purge,2090.0,100.05289147481398,10.203166006695813,0.1019777225455221,11.513025088739582,1.0,0.21412966824619378,1.0107064834123096,-0.04323936054276048
2,purge,2092.0,100.05289018830977,10.200978633774508,0.10195586169050411,11.426565607711463,1.0,0.2119374231895951,1.0105968711594797,-0.04322012206634509
2,purge,2094.0,100.05288890243969,10.19879223264441,0.10193401054705299,11.340144594152068,1.0,0.20974615232041144,1.0104873076160206,-0.04320089307312045
2,purge,2096.0,100.05288761720344,10.196606802827802,0.10191216911039522,11.253762029100532,1.0,0.2075558551595401,1.010377792757977,-0.043181673557569356
2,purge,2098.0,100.05288633260055,10.194422343847261,0.10189033737576024,11.167417893607018,1.0,0.2053665312281563,1.0102683265614079,-0.043162463514178455
2,purge,2100.0,100.0528850486308,10.192238855225611,0.10186851533837996,11.081112168732716,1.0,0.20317818004771246,1.0101589090023857,-0.043143262937438615
2,purge,2102.0,100.0528837652936,10.190056336485965,0.1018467029934893,10.99484483554983,1.0,0.20099080113993842,1.0100495400569969,-0.043124071821844655
2,purge,2104.0,100.05288248258884,10.187874787151742,0.10182490033632595,10.908615875141573,1.0,0.1988043940268413,1.009940219701342,-0.04310489016189524
2,purge,2106.0,100.05288120051597,10.185694206746575,0.1018031073621301,10.822425268602151,1.0,0.19661895823070497,1.0098309479115353,-0.04308571795209313
2,purge,2108.0,100.05287991907468,10.18351459479443,0.101781324066145,10.736272997036762,1.0,0.1944344932740897,1.0097217246637045,-0.04306655518694525
2,purge,2110.0,100.05287863826463,10.181335950819527,0.10175955044361647,10.65015904156159,1.0,0.1922509986798331,1.0096125499339916,-0.043047401860961974
2,purge,2112.0,100.05287735808541,10.17915827434634,0.101737786489793,10.56408338330379,1.0,0.1900684739710482,1.0095034236985525,-0.04302825796865823
2,purge,2114.0,100.05287607853658,10.176981564899648,0.10171603219992616,10.47804600340149,1.0,0.18788691867112467,1.0093943459335561,-0.04300912350455255
2,purge,2116.0,100.052874799618,10.17480582200452,0.10169428756926999,10.392046883003767,1.0,0.18570633230372807,1.0092853166151865,-0.042989998463167416
2,purge,2118.0,100.05287352132908,10.17263104518624,0.10167255259308128,10.306086003270654,1.0,0.18352671439279947,1.00917633571964,-0.04297088283902948
2,purge,2120.0,100.05287224366958,10.170457233970415,0.10165082726661959,10.220163345373127,1.0,0.18134806446255541,1.009067403223128,-0.04295177662666932
2,purge,2122.0,100.05287096663909,10.168284387882931,0.10162911158514752,10.1342788904931,1.0,0.1791703820374882,1.0089585191018744,-0.042932679820621183
2,purge,2124.0,100.05286969023724,10.166112506449899,0.10160740554392982,10.048432619823407,1.0,0.1769936666423651,1.0088496833321183,-0.042913592415423356
2,purge,2126.0,100.05286841446359,10.163941589197748,0.10158570913823449,9.962624514567809,1.0,0.17481791780222766,1.0087408958901114,-0.04289451440561859
2,purge,2128.0,100.05286713931802,10.161771635653182,0.101564022363332,9.876854555940971,1.0,0.17264313504239284,1.0086321567521197,-0.04287544578575299
2,purge,2130.0,100.05286586479988,10.159602645343147,0.10154234521449575,9.791122725168469,1.0,0.17046931788845215,1.0085234658944227,-0.042856386550376685
2,purge,2132.0,100.05286459090901,10.15743461779489,0.10152067768700161,9.705429003486767,1.0,0.1682964658662712,1.0084148232933137,-0.04283733669404382
2,purge,2134.0,100.05286331764492,10.155267552535909,0.10149901977612834,9.619773372143223,1.0,0.16612457850198978,1.0083062289250995,-0.04281829621131243
2,purge,2136.0,100.05286204500727,10.15310144909399,0.10147737147715745,9.534155812396072,1.0,0.1639536553220215,1.008197682766101,-0.04279926509674468
2,purge,2138.0,100.05286077299581,10.150936306997204,0.10145573278537312,9.448576305514424,1.0,0.1617836958530538,1.0080891847926527,-0.04278024334490651
2,purge,2140.0,100.05285950161004,10.148772125773869,0.10143410369606232,9.363034832778247,1.0,0.15961469962204802,1.0079807349811023,-0.042761230950367476
2,purge,2142.0,100.0528582308496,10.146608904952576,0.10141248420451462,9.27753137547837,1.0,0.15744666615623834,1.007872333307812,-0.04274222790770149
2,purge,2144.0,100.05285696071428,10.144446644062215,0.10139087430602235,9.192065914916471,1.0,0.15527959498313193,1.0077639797491567,-0.04272323421148652
2,purge,2146.0,100.0528556912035,10.142285342631922,0.10136927399588073,9.106638432405068,1.0,0.15311348563051003,1.0076556742815255,-0.042704249856303535
2,purge,2148.0,100.05285442231703,10.140125000191112,0.10134768326938738,9.021248909267511,1.0,0.15094833762642582,1.0075474168813212,-0.04268527483673809
2,purge,2150.0,100.05285315405449,10.137965616269463,0.10132610212184276,8.935897326837974,1.0,0.14878415049920415,1.0074392075249603,-0.042666309147380246
2,purge,2152.0,100.05285188641558,10.135807190396974,0.1013045305485504,8.850583666461453,1.0,0.14662092377744398,1.0073310461888725,-0.04264735278282277
2,purge,2154.0,100.05285061939983,10.133649722103828,0.10128296854481582,8.765307909493751,1.0,0.14445865699001587,1.0072229328495008,-0.042628405737662654
2,purge,2156.0,100.05284935300688,10.13149321092055,0.10126141610594791,8.68007003730147,1.0,0.14229734966606153,1.007114867483303,-0.04260946800650141
2,purge,2158.0,100.05284808723644,10.129337656377922,0.101239873227258,8.594870031262008,1.0,0.14013700133499563,1.0070068500667497,-0.042590539583943585
2,purge,2160.0,100.05284682208809,10.127183058006958,0.10121833990405996,8.509707872763553,1.0,0.1379776115265038,1.0068988805763253,-0.04257162046459807
2,purge,2162.0,100.05284555756158,10.125029415339004,0.10119681613167068,8.424583543205065,1.0,0.13581917977054286,1.006790958988527,-0.04255271064307786
2,purge,2164.0,100.05284429365638,10.122876727905625,0.10117530190540962,8.339497023996278,1.0,0.1336617055973414,1.0066830852798672,-0.04253381011399926
2,purge,2166.0,100.05284303037232,10.12072499523867,0.10115379722059867,8.25444829655769,1.0,0.13150518853739881,1.00657525942687,-0.04251491887198273
2,purge,2168.0,100.05284176770883,10.118574216870277,0.10113230207256299,8.169437342320554,1.0,0.12934962812148496,1.0064674814060743,-0.042496036911652824
2,purge,2170.0,100.05284050566571,10.116424392332835,0.10111081645662993,8.084464142726869,1.0,0.12719502388064094,1.006359751194032,-0.04247716422763744
2,purge,2172.0,100.05283924424255,10.114275521159005,0.10108934036812975,7.999528679229372,1.0,0.12504137534617782,1.0062520687673089,-0.042458300814568736
2,purge,2174.0,100.05283798343898,10.112127602881715,0.10106787380239533,7.914630933291535,1.0,0.12288868204967691,1.0061444341024839,-0.04243944666708272
2,purge,2176.0,100.05283672325473,10.109980637034186,0.10104641675476232,7.829770886387556,1.0,0.12073694352298993,1.0060368471761496,-0.04242060177981898
2,purge,2178.0,100.0528354636893,10.107834623149852,0.10102496922056886,7.744948520002347,1.0,0.11858615929823808,1.0059293079649119,-0.042401766147421235
2,purge,2180.0,100.0528342047424,10.105689560762489,0.10100353119515618,7.660163815631527,1.0,0.11643632890781222,1.0058218164453907,-0.04238293976453699
2,purge,2182.0,100.05283294641363,10.10354544940608,0.10098210267386777,7.575416754781421,1.0,0.11428745188437305,1.0057143725942186,-0.04236412262581744
2,purge,2184.0,100.05283168870275,10.101402288614912,0.10096068365204992,7.490707318969043,1.0,0.11213952776085016,1.0056069763880424,-0.04234531472591773
2,purge,2186.0,100.05283043160931,10.099260077923526,0.1009392741250517,7.406035489722097,1.0,0.10999255607044225,1.0054996278035222,-0.04232651605949698
2,purge,2188.0,100.05282917513294,10.097118816866729,0.10091787408822478,7.321401248578958,1.0,0.1078465363466171,1.005392326817331,-0.04230772662121782
2,purge,2190.0,100.05282791927331,10.094978504979606,0.10089648353692356,7.236804577088683,1.0,0.10570146812311103,1.0052850734061556,-0.042288946405747055
2,purge,2192.0,100.05282666403016,10.092839141797509,0.10087510246650501,7.1522454568109834,1.0,0.10355735093392893,1.0051778675466965,-0.042270175407755094
2,purge,2194.0,100.05282540940293,10.090700726856033,0.1008537308723289,7.067723869316227,1.0,0.10141418431334402,1.0050707092156672,-0.0422514136219162
2,purge,2196.0,100.05282415539142,10.08856325969108,0.10083236874975757,6.98323979618543,1.0,0.09927196779589734,1.0049635983897949,-0.04223266104290867
2,purge,2198.0,100.05282290199521,10.086426739838792,0.10081101609415612,6.8987932190102494,1.0,0.09713070091639857,1.0048565350458198,-0.0422139176654141
2,purge,2200.0,100.05282164921404,10.084291166835577,0.10078967290089211,6.814384119392973,1.0,0.0949903832099242,1.0047495191604963,-0.04219518348411858
2,purge,2202.0,100.05282039704736,10.082156540218122,0.10076833916533609,6.730012478946515,1.0,0.092851014211819,1.004642550710591,-0.042176458493711474
2,purge,2204.0,100.05281914549501,10.080022859523382,0.10074701488286096,6.645678279294405,1.0,0.09071259345769482,1.0045356296728847,-0.04215774268888611
2,purge,2206.0,100.05281789455655,10.077890124288555,0.10072570004884238,6.561381502070783,1.0,0.08857512048343039,1.0044287560241716,-0.04213903606433995
2,purge,2208.0,100.05281664423158,10.07575833405114,0.10070439465865895,6.47712212892039,1.0,0.08643859482517187,1.0043219297412587,-0.042120338614773746
2,purge,2210.0,100.05281539451985,10.073627488348867,0.10068309870769138,6.392900141498563,1.0,0.08430301601933232,1.0042151508009667,-0.04210165033489205
2,purge,2212.0,100.05281414542098,10.071497586719756,0.10066181219132342,6.308715521471225,1.0,0.08216838360259045,1.0041084191801295,-0.04208297121940393
2,purge,2214.0,100.05281289693454,10.06936862870209,0.10064053510494154,6.224568250514876,1.0,0.08003469711189244,1.0040017348555945,-0.04206430126302141
2,purge,2216.0,100.05281164906029,10.0672406138344,0.10061926744393446,6.140458310316591,1.0,0.0779019560844505,1.0038950978042225,-0.04204564046046042
2,purge,2218.0,100.05281040179779,10.065113541655492,0.10059800920369387,6.056385682574005,1.0,0.07577016005774191,1.003788508002887,-0.04202698880644141
2,purge,2220.0,100.05280915514669,10.062987411704464,0.10057676037961424,5.972350348995314,1.0,0.07363930856951101,1.0036819654284757,-0.042008346295687685
2,purge,2222.0,100.05280790910666,10.06086222352061,0.10055552096709207,5.888352291299257,1.0,0.07150940115776727,1.0035754700578883,-0.04198971292292667
2,purge,2224.0,100.05280666367742,10.058737976643572,0.10053429096152719,5.804391491215122,1.0,0.06938043736078521,1.0034690218680393,-0.041971088682889963
2,purge,2226.0,100.05280541885841,10.05661467061319,0.10051307035832172,5.720467930482725,1.0,0.0672524167171053,1.0033626208358553,-0.04195247357031236
2,purge,2228.0,100.0528041746496,10.054492304969616,0.10049185915288045,5.6365815908524075,1.0,0.06512533876553281,1.0032562669382767,-0.04193386757993255
2,purge,2230.0,100.0528029310503,10.052370879253221,0.10047065734061088,5.5527324540850325,1.0,0.06299920304513765,1.0031499601522569,-0.04191527070649329
2,purge,2232.0,100.05280168806034,10.050250393004672,0.10044946491692301,5.468920501951975,1.0,0.06087400909525502,1.003043700454763,-0.041896682944740575
2,purge,2234.0,100.0528004456794,10.048130845764899,0.10042828187722966,5.385145716235111,1.0,0.05874975645548392,1.0029374878227741,-0.04187810428942474
2,purge,2236.0,100.05279920390709,10.046012237075086,0.10040710821694619,5.301408078726813,1.0,0.05662644466568797,1.0028313222332843,-0.041859534735299644
2,purge,2238.0,100.05279796274293,10.043894566476665,0.10038594393149058,5.217707571229945,1.0,0.05450407326599535,1.0027252036632999,-0.04184097427712252
2,purge,2240.0,100.05279672218676,10.041777833511361,0.10036478901628336,5.134044175557848,1.0,0.05238264179679753,1.0026191320898399,-0.041822422909654884
2,purge,2242.0,100.05279548223811,10.03966203772114,0.10034364346674784,5.050417873534341,1.0,0.050262149798749996,1.0025131074899376,-0.04180388062766183
2,purge,2244.0,100.05279424289668,10.037547178648252,0.10032250727830998,4.966828646993704,1.0,0.04814259681277205,1.0024071298406385,-0.041785347425911896
2,purge,2246.0,100.0527930041621,10.035433255835175,0.10030138044639804,4.883276477780681,1.0,0.04602398238004596,1.0023011991190023,-0.041766823299177774
2,purge,2248.0,100.05279176603409,10.033320268824689,0.10028026296644327,4.799761347750463,1.0,0.04390630604201721,1.0021953153021008,-0.04174830824223584
2,purge,2250.0,100.05279052851218,10.031208217159806,0.10025915483387941,4.716283238768688,1.0,0.041789567340394844,1.0020894783670198,-0.04172980224986578
2,purge,2252.0,100.05278929159614,10.029097100383815,0.10023805604414272,4.632842132711428,1.0,0.039673765817150076,1.0019836882908575,-0.04171130531685149
2,purge,2254.0,100.05278805528548,10.026986918040263,0.10021696659267228,4.549438011465184,1.0,0.037558901014517,1.0018779450507258,-0.04169281743798043
2,purge,2256.0,100.05278681957999,10.024877669672968,0.10019588647490958,4.466070856926881,1.0,0.03544497247499239,1.0017722486237497,-0.04167433860804355
2,purge,2258.0,100.05278558447927,10.022769354825972,0.10017481568629868,4.382740651003855,1.0,0.03333197974133498,1.0016665989870668,-0.04165586882183582
2,purge,2260.0,100.05278434998294,10.020661973043634,0.1001537542222866,4.299447375613851,1.0,0.031219922356565476,1.0015609961178282,-0.041637408074155946
2,purge,2262.0,100.05278311609068,10.018555523870534,0.10013270207832257,4.216191012685011,1.0,0.029108799863967076,1.0014554399931983,-0.0416189563598059
2,purge,2264.0,100.05278188280221,10.016450006851525,0.10011165924985864,4.132971544155868,1.0,0.026998611807083878,1.0013499305903542,-0.04160051367359195
2,purge,2266.0,100.05278065011709,10.014345421531718,0.1000906257323494,4.049788951975344,1.0,0.024889357729722034,1.001244467886486,-0.0415820800103237
2,purge,2268.0,100.05277941803494,10.012241767456493,0.10006960152125213,3.9666432181027327,1.0,0.022781037175949016,1.0011390518587975,-0.04156365536481442
2,purge,2270.0,100.05277818655556,10.010139044171481,0.10004858661202651,3.8835343245077008,1.0,0.02067364969009325,1.0010336824845047,-0.041545239731881276
2,purge,2272.0,100.0527769556785,10.00803725122257,0.100027581000135,3.8004622531702745,1.0,0.01856719481674405,1.0009283597408372,-0.04152683310634514
2,purge,2274.0,100.05277572540342,10.005936388155925,0.10000658468104265,3.717426986080838,1.0,0.016461672100751775,1.0008230836050376,-0.04150843548303037
2,purge,2276.0,100.05277449572993,10.003836454517948,0.09998559765021703,3.634428505240119,1.0,0.014357081087227289,1.0007178540543613,-0.04149004685676509
2,purge,2278.0,100.05277326665778,10.00173744985532,0.09996461990312827,3.5514667926591885,1.0,0.012253421321541773,1.000612671066077,-0.041471667222381194
2,purge,2280.0,100.05277179125505,9.999532579545733,0.09994258430349376,3.4685423980816936,1.0,0.010156817014020686,1.0005078408507013,-0.04144853069069774
2,purge,2282.0,100.05275754780284,9.9819387758486,0.09976675326594035,3.385817398165749,1.0,0.008315698008952967,1.0004157849004476,-0.04123010351633166
2,purge,2284.0,100.05272674377828,9.935531173127822,0.09930295251793979,3.30378600802369,1.0,0.006808317078121859,1.000340415853906,-0.04076523283953875
2,purge,2286.0,100.05268313176914,9.865741277925428,0.09860546433254841,3.222883295700251,1.0,0.005574176659508342,1.0002787088329754,-0.040109808119588516
2,purge,2288.0,100.05262975443414,9.777930571035272,0.09772787177142572,3.1434434347107247,1.0,0.00456374957005818,1.0002281874785028,-0.03930914402956911
2,purge,2290.0,100.05256907487974,9.676452964667316,0.09671368815552772,3.065718935971272,1.0,0.0037364823427782604,1.000186824117139,-0.0383999224920584
2,purge,2292.0,100.05250308248509,9.564827521687803,0.09559808327636128,2.9898962287601867,1.0,0.003059173718075867,1.0001529586859037,-0.03741176907510456
2,purge,2294.0,100.05243337992675,9.445898153138355,0.09440947945033648,2.9161084482812365,1.0,0.002504640608445829,1.0001252320304224,-0.036368549291036986
2,purge,2296.0,100.05236125431345,9.321959975031117,0.09317081434326697,2.844445862973639,1.0,0.002050626956636513,1.0001025313478318,-0.0352894282332963
2,purge,2298.0,100.05228773529123,9.194861568772646,0.09190056296463237,2.774964367642028,1.0,0.00167891186431196,1.0000839455932156,-0.03418973609867723
2,purge,2300.0,100.0522136427245,9.066087531213,0.09061356267025741,2.707692430062152,1.0,0.001374577123216469,1.0000687288561607,-0.0330816784451342
2,purge,2302.0,100.05213962560853,8.936825569173468,0.08932168370026615,2.6426367375405815,1.0,0.0011254088867979032,1.0000562704443399,-0.031974915819109266
2,purge,2304.0,100.05206619393475,8.808020994393837,0.08803437379614842,2.579786799660637,1.0,0.0009214071432418794,1.000046070357162,-0.03087703842148408
2,purge,2306.0,100.05199374471437,8.680421192974476,0.0867591026234103,2.5191186863947896,1.0,0.0007543845966788967,1.000037719229834,-0.02979395374248625
2,purge,2308.0,100.05192258326355,8.55461194291897,0.0855017247249776,2.460598065927064,1.0,0.0006176380669469276,1.0000308819033474,-0.028730203626322674
2,purge,2310.0,100.05185294059736,8.431047135857137,0.08426677655697996,2.404182667896507,1.0,0.0005056794882071184,1.0000252839744104,-0.02768922335712859
2,purge,2312.0,100.0517849876498,8.310073142166152,0.08305771999162165,2.349824278954489,1.0,0.00041401551501791335,1.000020700775751,-0.026673553477375815
2,purge,2314.0,100.05171884686797,8.191948743535134,0.08187714152190777,2.297470351917076,1.0,0.0003389673800036314,1.0000169483690005,-0.025685012481938687
2,purge,2316.0,100.05165460169037,8.076861511027802,0.08072691594339054,2.2470653044884066,1.0,0.00027752317995008056,1.0000138761589974,-0.024724838009407068
2,purge,2318.0,100.05159230428477,7.9649412534749615,0.07960834075735,2.1985515629056116,1.0,0.00022721689083127745,1.0000113608445416,-0.02379380208326384
2,purge,2320.0,100.05153198183942,7.856271017391373,0.07852224610431137,2.1518703947275926,1.0,0.00018602956104851073,1.0000093014780524,-0.022892304836934017
2,purge,2322.0,100.05147364170132,7.750896138534799,0.07746908522598948,2.1069625736082243,1.0,0.00015230826019398905,1.0000076154130098,-0.022020451029213177
2,purge,2324.0,100.05141727556715,7.64883168381442,0.0764490088406003,2.063768907126518,1.0,0.00012469957142802624,1.0000062349785714,-0.021178112476816502
2,purge,2326.0,100.05136286287211,7.550068518845373,0.07546192578299317,2.022230648807177,1.0,0.00010209545725121204,1.0000051047728626,-0.020364978519487594
2,purge,2328.0,100.05131037355135,7.4545782973161545,0.07450755286946026,1.9822898204754358,1.0,8.358878405781282e-05,1.000004179439203,-0.01958059715794362
2,purge,2330.0,100.05125977028652,7.36231756315192,0.0735854558958627,1.9438894611887176,1.0,6.843681977920637e-05,1.000003421840989,-0.01882440850434657
2,purge,2332.0,100.05121101032054,7.2732310996111345,0.07269508310959755,1.9069738152841322,1.0,5.603140630413445e-05,1.0000028015703153,-0.018095771808765423
2,purge,2334.0,100.05116404691277,7.187254645328252,0.07183579235478199,1.8714884702413503,1.0,4.587470559345973e-05,1.0000022937352797,-0.017393987134464106
2,purge,2336.0,100.05111883052741,7.10431714181379,0.07100687353479283,1.837380457688554,1.0,3.7559106447522845e-05,1.0000018779553224,-0.01671831305074201
2,purge,2338.0,100.05107530978036,7.024342552322535,0.0702075667909976,1.804598321551031,1.0,3.075089255369458e-05,1.0000015375446276,-0.016067980734828742
2,purge,2340.0,100.05103343220404,6.947251351499648,0.06943707739118159,1.7730921617509792,1.0,2.517676981336548e-05,1.0000012588384906,-0.015442205354565156
2,purge,2342.0,100.050993144843,6.872961707915618,0.06869458754862819,1.7428136557457148,1.0,2.061304639721801e-05,1.00000103065232,-0.014840194938724464
2,purge,2344.0,100.05095439473662,6.801390462942837,0.0679792662057868,1.7137160657706034,1.0,1.687659812395292e-05,1.0000008438299062,-0.014261157568875383
2,purge,2346.0,100.05091712930067,6.732453920354968,0.06729027692624036,1.685754233272157,1.0,1.3817467831005386e-05,1.0000006908733918,-0.013704307040534955
2,purge,2348.0,100.05088129661999,6.666068474131345,0.06662678416963175,1.6588845629346547,1.0,1.1312848222573862e-05,1.0000005656424111,-0.013168867237079487
2,purge,2350.0,100.05084684567116,6.6021510991568695,0.06598795819630307,1.6330649984811318,1.0,9.262227181881533e-06,1.000000463111359,-0.012654075432420767
2,purge,2352.0,100.05081372649695,6.540619751696306,0.06537297907017543,1.6082549934559323,1.0,7.583311069207792e-06,1.0000003791655534,-0.012159184886484663
2,purge,2354.0,100.0507818903326,6.481393678450733,0.0647810397479462,1.584415477179433,1.0,6.20874146750955e-06,1.0000003104370734,-0.011683466725244004
2,purge,2356.0,100.05075128970034,6.4243936613978985,0.06421134852646783,1.5615088177848206,1.0,5.083353243894185e-06,1.0000002541676623,-0.011226211340166173
2,purge,2358.0,100.05072187847234,6.3695422009208835,0.06366313087333557,1.5394987826914956,1.0,4.1619568693509514e-06,1.0000002080978434,-0.01078672932747182
2,purge,2360.0,100.05069361190891,6.316763646556095,0.06313563073394043,1.5183504973499677,1.0,3.4075639370125447e-06,1.0000001703781969,-0.010364352047128485
2,purge,2362.0,100.0506664466795,6.265984293703837,0.06262811149831969,1.4980304033271625,1.0,2.789908029440312e-06,1.0000001394954017,-0.009958431938280289
2,purge,2364.0,100.05064034087103,6.217132453003269,0.06213985669478569,1.4785062161144722,1.0,2.284211048385578e-06,1.0000001142105523,-0.009568342637671702
2,purge,2366.0,100.05061525398389,6.17013849267951,0.06167017041340806,1.4597468828318,1.0,1.8701837901293211e-06,1.0000000935091895,-0.0091934789132797
2,purge,2368.0,100.05059114691801,6.124934859846625,0.061218377519154696,1.4417225401185325,1.0,1.5312046866004296e-06,1.0000000765602344,-0.008833256462715102
2,purge,2370.0,100.05056798195234,6.081456083022528,0.060783823677238225,1.4244044725298348,1.0,1.2536656987291038e-06,1.000000062683285,-0.008487111591351688
2,purge,2372.0,100.0505457227176,6.039638762864243,0.060365875260717086,1.4077650716999812,1.0,1.026430342124382e-06,1.0000000513215173,-0.008154500818332768
2,purge,2374.0,100.05052433416732,5.999421553451199,0.05996391916361394,1.3917777963816005,1.0,8.403830782523302e-07,1.000000042019154,-0.007834900428830975
2,purge,2376.0,100.05050378254415,5.9607451351832275,0.05957736253021447,1.3764171334137856,1.0,6.880591581927844e-07,1.000000034402958,-0.00752780598213232
2,purge,2378.0,100.05048403534549,5.923552180404244,0.05920563241164924,1.3616585596875084,1.0,5.633451090035907e-07,1.0000000281672554,-0.007232731784565145
2,purge,2380.0,100.05046506128608,5.887787313799921,0.058848175370232896,1.3474785051861864,1.0,4.612356618733458e-07,1.0000000230617831,-0.006949210339907464
2,purge,2382.0,100.05044683026085,5.853397069180523,0.058504457047663355,1.3338543171496446,1.0,3.77633763329203e-07,1.0000000188816884,-0.006676791788657498
2,purge,2384.0,100.050429313307,5.820329843688913,0.05817396170747657,1.3207642253718088,1.0,3.0918531753049937e-07,1.0000000154592659,-0.006415043342888504
2,purge,2386.0,100.0504124825663,5.788535849919006,0.05785619175660722,1.3081873086265998,1.0,2.5314379434967924e-07,1.0000000126571897,-0.0061635487203724046
2,purge,2388.0,100.05039631124735,5.757967066544088,0.05755066725204761,1.2961034622180945,1.0,2.0726015019554828e-07,1.0000000103630076,-0.00592190758144474
2,purge,2390.0,100.05038077358836,5.728577188082159,0.05725692539887274,1.2844933666505847,1.0,1.6969306008490279e-07,1.0000000084846532,-0.005689734972424826
2,purge,2392.0,100.05036584482038,5.700321574368789,0.056974520045334695,1.2733384574053632,1.0,1.3893515558325625e-07,1.0000000069467578,-0.005466660778685909
2,purge,2394.0,100.05035150113181,5.673157200026945,0.05670302117791928,1.2626208958015621,1.0,1.1375233505205198e-07,1.0000000056876168,-0.005252329189209899
2,purge,2396.0,100.05033771963308,5.6470426041721336,0.05644201441874797,1.252323540914562,1.0,9.313409479965977e-08,1.0000000046567048,-0.005046398173697297
2,purge,2398.0,100.05032447832305,5.621937840596718,0.056191100527762605,1.2424299225256776,1.0,7.625302910679501e-08,1.0000000038126515,-0.0048485389731508476
2,purge,2400.0,100.0503117560551,5.597804428554419,0.055949894910903526,1.232924215005041,1.0,6.24312659447727e-08,1.0000000031215635,-0.00465843560371338
3,adsorption,2400.0,100.0503117560551,5.597804428554419,0.055949894910903526,1.232924215005041,1.0,6.24312659447727e-08,1.0000000031215635,-0.00465843560371338
3,adsorption,2402.0,100.04621458684987,8.551495392717431,0.08547545180026676,1.300870399453832,1.0,0.07992104682019331,1.0039960523410096,0.056321008530674156
3,adsorption,2404.0,100.0471061355138,9.371698045891366,0.09367285479699335,1.3997695215747161,1.0,0.06543381880470872,1.0032716909402355,0.043042988236178484
3,adsorption,2406.0,100.04721189495629,10.019841876904454,0.10015113552014523,1.48100427672533,1.0,0.06556750009425844,1.0032783750047132,0.04152256453901498
3,adsorption,2408.0,100.0472737297219,10.07736173023813,0.10072600036520897,1.5627171505662325,1.0,0.06669766922281664,1.0033348834611409,0.040769838982472335
3,adsorption,2410.0,100.04726378446203,10.080639419409845,0.1007587717853752,1.6445460054363132,1.0,0.06899024588473797,1.0034495122942368,0.040921471681369365
3,adsorption,2412.0,100.0472646494382,10.081309604986345,0.1007654696039004,1.726370565431578,1.0,0.07106626312337316,1.0035533131561687,0.040904273927599516
3,adsorption,2414.0,100.04726601383528,10.083507188311607,0.10078743368076828,1.8081561580792478,1.0,0.07313768237152483,1.0036568841185762,0.040884269088204424
3,adsorption,2416.0,100.04726706790844,10.085592859950552,0.10080827948158563,1.8899092934375166,1.0,0.07521376110322428,1.0037606880551613,0.04086854779176461
3,adsorption,2418.0,100.04726815219264,10.087656624612508,0.10082890628524797,1.971630064559485,1.0,0.0772883515416258,1.0038644175770814,0.040852312911278436
3,adsorption,2420.0,100.04726924185955,10.089727549300855,0.10084960464947237,2.0533183097276724,1.0,0.07936203627639195,1.0039681018138196,0.04083602210103228
3,adsorption,2422.0,100.04727032890864,10.091797502667891,0.10087029330726148,2.134974066756957,1.0,0.08143493740850115,1.004071746870425,0.04081976984349177
3,adsorption,2424.0,100.04727141532906,10.093865642962701,0.10089096384307926,2.2165973539652084,1.0,0.0835070141727147,1.0041753507086357,0.0408035239754133
3,adsorption,2426.0,100.0472725001431,10.09593241436164,0.10091162069757774,2.2981881790591614,1.0,0.08557828715094723,1.0042789143575475,0.04078730039655562
3,adsorption,2428.0,100.04727358529286,10.097998946588893,0.1009322751607028,2.3797465512769036,1.0,0.08764872389695177,1.0043824361948477,0.04077107361408433
3,adsorption,2430.0,100.04727466956929,10.100064414870253,0.10095291898982954,2.4612724854628842,1.0,0.08971834466392178,1.0044859172331961,0.040754859128601315
3,adsorption,2432.0,100.04727575366945,10.102129016212928,0.10097355415339643,2.5427659921827805,1.0,0.09178713718210833,1.0045893568591053,0.0407386471583889
3,adsorption,2434.0,100.04727683739497,10.104192895190513,0.10099418209665692,2.6242270814375828,1.0,0.09385510605550709,1.0046927553027754,0.040722441094543885
3,adsorption,2436.0,100.04727792068701,10.10625592715476,0.10101480157377742,2.7056557651141873,1.0,0.09592225222642439,1.0047961126113212,0.0407062414343273
3,adsorption,2438.0,100.04727900361301,10.108318127609117,0.10103541273965155,2.7870520546908035,1.0,0.09798857476108289,1.0048994287380542,0.040690047219828586
3,adsorption,2440.0,100.04728008616233,10.110379514350214,0.10105601577217282,2.868415961506644,1.0,0.10005407422152938,1.0050027037110765,0.04067385866266005
3,adsorption,2442.0,100.04728116832538,10.112440079020411,0.10107661058781449,2.9497474970110047,1.0,0.10211875104953755,1.005105937552477,0.0406576758784192
3,adsorption,2444.0,100.04728225010734,10.114499821488726,0.10109719718526261,3.031046672628767,1.0,0.10418260543830704,1.0052091302719155,0.04064149878930416
3,adsorption,2446.0,100.04728333150857,10.116558743756078,0.10111777558451707,3.112313499114698,1.0,0.10624563766381839,1.005312281883191,0.040625327395484405
3,adsorption,2448.0,100.04728441252793,10.1186168457724,0.10113834578507909,3.193547988624486,1.0,0.10830784805798091,1.005415392402899,0.04060916171273539
3,adsorption,2450.0,100.04728549316602,10.120674127461395,0.10115890778618591,3.2747501514073787,1.0,0.11036923687038874,1.0055184618435193,0.04059300173075566
3,adsorption,2452.0,100.04728657342304,10.122730589436577,0.10117946159397011,3.355919999536177,1.0,0.11242980440813026,1.0056214902204066,0.04057684744761807
3,adsorption,2454.0,100.04728765329884,10.124786231899689,0.10120000721044883,3.4370575448062834,1.0,0.11448955097625482,1.0057244775488128,0.040560698865353094
3,adsorption,2456.0,100.04728873279363,10.126841055077255,0.10122054463788648,3.5181627986875967,1.0,0.11654847686449189,1.0058274238432245,0.04054455598055175
3,adsorption,2458.0,100.04728981190756,10.128895059348203,0.10124107388007095,3.599235772527298,1.0,0.11860658236145181,1.0059303291180726,0.04052841879138647
3,adsorption,2460.0,100.04729089064067,10.130948244974368,0.10126159493961978,3.6802764776799153,1.0,0.12066386775783539,1.006033193387892,0.0405122872975133
3,adsorption,2462.0,100.04729196899305,10.133000612221885,0.1012821078191935,3.761284925527858,1.0,0.12272033334298943,1.0061360166671496,0.04049616149697459
3,adsorption,2464.0,100.04729304696477,10.135052161407476,0.1013026125219582,3.842261127462425,1.0,0.1247759794069333,1.0062387989703467,0.04048004138815948
3,adsorption,2466.0,100.04729412455593,10.137102892814523,0.10132310905074683,3.923205094870557,1.0,0.12683080624020954,1.0063415403120104,0.04046392696995231
3,adsorption,2468.0,100.04729520176677,10.13915280672466,0.1013435974083746,4.004116839132646,1.0,0.1288848141325954,1.00644424070663,0.040447818240771496
3,adsorption,2470.0,100.0472962785972,10.14120190343515,0.10136407759781335,4.084996371624618,1.0,0.1309380033738462,1.0065469001686924,0.040431715199107696
3,adsorption,2472.0,100.04729735504733,10.143250183234025,0.10138454962194242,4.165843703719661,1.0,0.13299037425385551,1.0066495187126927,0.040415617843614096
3,adsorption,2474.0,100.0472984311175,10.145297646408032,0.10140501348362808,4.246658846788507,1.0,0.13504192706228293,1.0067520963531145,0.04039952617281056
3,adsorption,2476.0,100.0472995068075,10.147344293248633,0.10142546918578425,4.327441812199148,1.0,0.13709266208873166,1.0068546331044366,0.040383440185227756
3,adsorption,2478.0,100.0473005821176,10.149390124044782,0.10144591673129938,4.408192611316673,1.0,0.13914257962279586,1.0069571289811399,0.0403673598794473
3,adsorption,2480.0,100.04730165704778,10.151435139084773,0.1014663561230555,4.488911255503241,1.0,0.14119167995394866,1.0070595839976975,0.04035128525401513
3,adsorption,2482.0,100.04730273159825,10.153479338658249,0.10148678736394805,4.569597756118085,1.0,0.1432399633715883,1.0071619981685793,0.04033521630747719
3,adsorption,2484.0,100.0473038057691,10.155522723054162,0.10150721045686548,4.650252124517552,1.0,0.14528743016505866,1.0072643715082532,0.0403191530383947
3,adsorption,2486.0,100.04730487956031,10.15756529256112,0.10152762540469305,4.730874372055098,1.0,0.1473340806236156,1.007366704031181,0.04030309544531822
3,adsorption,2488.0,100.04730595297214,10.159607047468148,0.10154803221031992,4.811464510081289,1.0,0.14937991503644268,1.0074689957518221,0.0402870435267995
3,adsorption,2490.0,100.04730702600455,10.16164798806394,0.1015684308766322,4.892022549943797,1.0,0.151424933692653,1.0075712466846327,0.040270997281393384
3,adsorption,2492.0,100.04730809865767,10.163688114637116,0.10158882140651501,4.972548502987399,1.0,0.153469136881282,1.0076734568440642,0.04025495670765198
3,adsorption,2494.0,100.04730917093164,10.165727427476325,0.10160920380285389,5.053042380553977,1.0,0.15551252489129266,1.0077756262445647,0.04023892180412873
3,adsorption,2496.0,100.04731024282651,10.167765926870038,0.10162957806853258,5.13350419398252,1.0,0.15755509801157236,1.0078777549005786,0.040222892569376036
3,adsorption,2498.0,100.04731131434244,10.169803613106726,0.10164994420643482,5.213933954609122,1.0,0.15959685653093486,1.0079798428265467,0.04020686900194675
3,adsorption,2500.0,100.0473123854795,10.17184048647476,0.10167030221944337,5.294331673766985,1.0,0.16163780073812067,1.008081890036906,0.04019085110039442
3,adsorption,2502.0,100.04731345623776,10.173876547262392,0.10169065211043976,5.374697362786412,1.0,0.1636779309217928,1.0081838965460896,0.04017483886327016
3,adsorption,2504.0,100.04731452661728,10.175911795757894,0.10171099388230581,5.455031032994812,1.0,0.1657172473705428,1.0082858623685271,0.040158832289127144
3,adsorption,2506.0,100.04731559661822,10.17794623224938,0.10173132753792159,5.535332695716702,1.0,0.16775575037288787,1.0083877875186444,0.040142831376518494
3,adsorption,2508.0,100.04731666624073,10.179979857024929,0.10175165308016694,5.6156023622737035,1.0,0.16979344021727025,1.0084896720108636,0.04012683612399672
3,adsorption,2510.0,100.04731773548482,10.182012670372558,0.10177197051192106,5.695840043984653,1.0,0.1718303171920596,1.0085915158596033,0.040110846530113445
3,adsorption,2512.0,100.04731880435052,10.184044672580145,0.10179227983606187,5.776045752165225,1.0,0.17386638158554535,1.0086933190792773,0.04009486259342087
3,adsorption,2514.0,100.04731987283809,10.186075863935583,0.1018125810554672,5.85621949812858,1.0,0.17590163368595493,1.0087950816842977,0.04007888431247325
3,adsorption,2516.0,100.04732094094753,10.188106244726576,0.10183287417301319,5.93636129318464,1.0,0.1779360737814279,1.0088968036890713,0.040062911685820955
3,adsorption,2518.0,100.04732200867899,10.19013581524092,0.10185315919157673,6.016471148640474,1.0,0.17996970216003297,1.0089984851080016,0.04004694471201624
3,adsorption,2520.0,100.04732307603254,10.192164575766142,0.10187343611403224,6.096549075800207,1.0,0.1820025191097651,1.0091001259554881,0.04003098338961261
3,adsorption,2522.0,100.04732414300824,10.194192526589843,0.10189370494325468,6.1765950859653485,1.0,0.18403452491854794,1.0092017262459274,0.04001502771716041
3,adsorption,2524.0,100.04732520960617,10.196219667999518,0.10191396568211815,6.256609190434177,1.0,0.18606571987422518,1.0093032859937112,0.03999907769321211
3,adsorption,2526.0,100.04732627582656,10.198246000282548,0.10193421833349534,6.3365914005023525,1.0,0.1880961042645744,1.0094048052132287,0.03998313331632099
3,adsorption,2528.0,100.04732734166936,10.200271523726238,0.10195446290025842,6.416541727462598,1.0,0.19012567837729488,1.0095062839188647,0.03996719458503804
3,adsorption,2530.0,100.04732840713478,10.202296238617874,0.10197469938527923,6.4964601826046895,1.0,0.19215444250001104,1.0096077221250006,0.039951261497914836
3,adsorption,2532.0,100.04732947222284,10.204320145244626,0.1019949277914285,6.576346777215493,1.0,0.1941823969202738,1.0097091198460137,0.039935334053503725
3,adsorption,2534.0,100.04733053693366,10.20634324389358,0.1020151481215762,6.656201522578977,1.0,0.19620954192555864,1.009810477096278,0.03991941225035621
3,adsorption,2536.0,100.04733160126736,10.2083655348518,0.10203536037859189,6.736024429976222,1.0,0.19823587780326785,1.0099117938901636,0.03990349608702449
3,adsorption,2538.0,100.047332665224,10.210387018406195,0.10205556456534375,6.815815510685412,1.0,0.20026140484072713,1.0100130702420365,0.03988758556205894
3,adsorption,2540.0,100.04733372880362,10.212407694843682,0.10207576068470009,6.895574775981829,1.0,0.2022861233251898,1.0101143061662594,0.03987168067401147
3,adsorption,2542.0,100.04733479200652,10.214427564451078,0.10209594873952783,6.975302237137865,1.0,0.20431003354383606,1.0102155016771919,0.03985578142143484
3,adsorption,2544.0,100.04733585483264,10.21644662751509,0.1021161287326933,7.05499790542301,1.0,0.2063331357837705,1.0103166567891886,0.03983988780288079
3,adsorption,2546.0,100.04733691728207,10.218464884322367,0.10213630066706193,7.13466179210386,1.0,0.2083554303320212,1.0104177715166012,0.039823999816899325
3,adsorption,2548.0,100.04733797935488,10.220482335159499,0.10215646454549875,7.214293908444114,1.0,0.21037691747554235,1.010518845873777,0.03980811746204074
3,adsorption,2550.0,100.04733904105136,10.222498980313055,0.10217662037086832,7.293894265704569,1.0,0.2123975975012189,1.010619879875061,0.03979224073685936
3,adsorption,2552.0,100.04734010237136,10.224514820069363,0.10219676814603308,7.373462875143129,1.0,0.2144174706958557,1.0107208735347928,0.03977636963990488
3,adsorption,2554.0,100.04734116331515,10.226529854714867,0.1022169078738564,7.452999748014799,1.0,0.2164365373461848,1.0108218268673093,0.03976050416972815
3,adsorption,2556.0,100.04734222388277,10.228544084535843,0.10223703955720012,7.532504895571687,1.0,0.2184547977388661,1.0109227398869434,0.03974464432488182
3,adsorption,2558.0,100.04734328407432,10.230557509818455,0.10225716319892493,7.611978329063004,1.0,0.22047225216048202,1.0110236126080243,0.0397287901039159
3,adsorption,2560.0,100.04734434388982,10.232570130848883,0.1022772788018917,7.691420059735063,1.0,0.22248890089754159,1.011124445044877,0.03971294150538117
3,adsorption,2562.0,100.0473454033295,10.234581947913192,0.10229738636896,7.770830098831278,1.0,0.2245047442364811,1.011225237211824,0.03969709852782969
3,adsorption,2564.0,100.04734646239334,10.23659296129733,0.1023174859029884,7.850208457592163,1.0,0.22651978246365967,1.011325989123183,0.039681261169811285
3,adsorption,2566.0,100.04734752108155,10.23860317128727,0.10233757740683563,7.929555147255338,1.0,0.22853401586536473,1.0114267007932682,0.03966542942987774
3,adsorption,2568.0,100.04734857939421,10.240612578168827,0.10235766088335888,8.008870179055524,1.0,0.23054744472780994,1.0115273722363904,0.03964960330658126
3,adsorption,2570.0,100.0473496373313,10.242621182227719,0.10237773633541437,8.088153564224545,1.0,0.23256006933712928,1.0116280034668568,0.039633782798469935
3,adsorption,2572.0,100.047350694893,10.244628983749713,0.10239780376585882,8.167405313991319,1.0,0.2345718899793866,1.0117285944989693,0.03961796790409517
3,adsorption,2574.0,100.04735175207945,10.246635983020408,0.10241786317754714,8.246625439581878,1.0,0.23658290694057324,1.0118291453470287,0.03960215862200958
3,adsorption,2576.0,100.04735280889064,10.24864218032528,0.10243791457333333,8.325813952219344,1.0,0.23859312050660114,1.0119296560253301,0.03958635495076205
3,adsorption,2578.0,100.04735386532674,10.250647575949895,0.10245795795607192,8.404970863123946,1.0,0.24060253096331177,1.0120301265481655,0.039570556888904276
3,adsorption,2580.0,100.04735492138784,10.252652170179589,0.1024779933286153,8.484096183513014,1.0,0.2426111385964715,1.0121305569298236,0.039554764434987504
3,adsorption,2582.0,100.04735597707403,10.254655963299673,0.10249802069381563,8.56318992460098,1.0,0.2446189436917694,1.0122309471845885,0.03953897758756052
3,adsorption,2584.0,100.04735703238538,10.256658955595423,0.10251804005452478,8.642252097599375,1.0,0.24662594653482242,1.012331297326741,0.039523196345174004
3,adsorption,2586.0,100.04735808732204,10.258661147352027,0.10253805141359351,8.721282713716832,1.0,0.2486321474111762,1.0124316073705588,0.0395074207063808
3,adsorption,2588.0,100.04735914188406,10.260662538854499,0.10255805477387107,8.800281784159084,1.0,0.250637546606296,1.0125318773303147,0.03949165066972921
3,adsorption,2590.0,100.04736019607157,10.26266313038793,0.10257805013820744,8.879249320128967,1.0,0.2526421444055735,1.0126321072202786,0.039475886233767986
3,adsorption,2592.0,100.04736124988462,10.2646629222373,0.10259803750945143,8.958185332826412,1.0,0.2546459410943328,1.0127322970547166,0.039460127397051355
3,adsorption,2594.0,100.04736230332337,10.266661914687377,0.10261801689044969,9.03708983344846,1.0,0.2566489369578179,1.0128324468478909,0.039444374158128744
3,adsorption,2596.0,100.04736335638792,10.268660108023015,0.10263798828404982,9.115962833189245,1.0,0.258651132281196,1.01293255661406,0.039428626515547995
3,adsorption,2598.0,100.04736440907826,10.270657502528984,0.10265795169309855,9.194804343240007,1.0,0.2606525273495662,1.0130326263674783,0.03941288446786148
3,adsorption,2600.0,100.0473654613946,10.27265409848985,0.10267790712044061,9.27361437478908,1.0,0.26265312244794964,1.0131326561223974,0.039397148013619154
3,adsorption,2602.0,100.04736651333701,10.274649896190247,0.10269785456892126,9.352392939021904,1.0,0.26465291786129347,1.0132326458930647,0.03938141715137085
3,adsorption,2604.0,100.04736756490556,10.276644895914657,0.10271779404138447,9.43114004712102,1.0,0.2666519138744713,1.0133325956937236,0.039365691879667264
3,adsorption,2606.0,100.04736861610031,10.278639097947476,0.10273772554067323,9.50985571026606,1.0,0.26865011077227985,1.013432505538614,0.039349972197057104
3,adsorption,2608.0,100.04736966692151,10.280632502573123,0.10275764906963057,9.588539939633769,1.0,0.27064750883944466,1.0135323754419723,0.039334258102091485
3,adsorption,2610.0,100.04737071736908,10.282625110075816,0.10277756463109794,9.66719274639798,1.0,0.2726441083606152,1.0136322054180307,0.03931854959332029
3,adsorption,2612.0,100.04737176744318,10.284616920739778,0.10279747222791649,9.745814141729635,1.0,0.2746399096203657,1.0137319954810182,0.039302846669292575
3,adsorption,2614.0,100.04737281714395,10.286607934849165,0.10281737186292679,9.824404136796774,1.0,0.2766349129031989,1.01383174564516,0.03928714932855972
3,adsorption,2616.0,100.04737386647147,10.288598152687992,0.10283726353896806,9.902962742764531,1.0,0.2786291184935418,1.013931455924677,0.039271457569672
3,adsorption,2618.0,100.04737491542579,10.290587574540204,0.10285714725887875,9.981489970795145,1.0,0.28062252667574134,1.0140311263337871,0.039255771391175344
3,adsorption,2620.0,100.04737596400706,10.292576200689846,0.10287702302549835,10.059985832047953,1.0,0.28261513773407954,1.014130756886704,0.039240090791622995
3,adsorption,2622.0,100.04737701221538,10.29456403142062,0.1028968908416629,10.138450337679394,1.0,0.2846069519527613,1.014230347597638,0.03922441576956594
3,adsorption,2624.0,100.04737806005079,10.296551067016303,0.10291675071020924,10.216883498843005,1.0,0.28659796961591266,1.0143298984807956,0.03920874632355183
3,adsorption,2626.0,100.04737910751341,10.298537307760613,0.1029366026339735,10.29528532668942,1.0,0.28858819100758754,1.0144294095503794,0.03919308245212987
3,adsorption,2628.0,100.04738015460336,10.30052275393714,0.10295644661579069,10.373655832366376,1.0,0.2905776164117662,1.0145288808205883,0.03917742415385014
3,adsorption,2630.0,100.04738120132075,10.30250740582943,0.10297628265849526,10.45199502701871,1.0,0.29256624611235604,1.014628312305618,0.03916177142726354
3,adsorption,2632.0,100.04738224766565,10.304491263720916,0.10299611076492056,10.530302921788351,1.0,0.29455408039318737,1.0147277040196594,0.03914612427091917
3,adsorption,2634.0,100.0473832936381,10.306474327894975,0.10301593093789942,10.608579527814337,1.0,0.296541119538014,1.0148270559769006,0.03913048268336422
3,adsorption,2636.0,100.04738433923835,10.308456598635013,0.10303574318026487,10.686824856232796,1.0,0.2985273638305236,1.0149263681915262,0.0391148466631525
3,adsorption,2638.0,100.04738538446635,10.310438076224107,0.10305554749484674,10.765038918176964,1.0,0.30051281355431997,1.015025640677716,0.03909921620883029
3,adsorption,2640.0,100.04738642932226,10.312418760945523,0.10307534388447674,10.843221724777168,1.0,0.30249746899293445,1.015124873449647,0.039083591318945565
3,adsorption,2642.0,100.04738747380611,10.31439865308238,0.10309513235198513,10.921373287160833,1.0,0.30448133042983067,1.0152240665214916,0.03906797199205128
3,adsorption,2644.0,100.0473885179181,10.316377752917596,0.10311491290020003,10.999493616452492,1.0,0.30646439814839316,1.0153232199074196,0.03905235822669687
3,adsorption,2646.0,100.04738956165833,10.31835606073418,0.10313468553195052,11.077582723773773,1.0,0.3084466724319326,1.0154223336215966,0.039036750021432004
3,adsorption,2648.0,100.04739060502676,10.320333576814894,0.1031544502500634,11.1556406202434,1.0,0.3104281535636787,1.015521407678184,0.03902114737480146
3,adsorption,2650.0,100.0473916480236,10.322310301442656,0.10317420705736678,11.233667316977192,1.0,0.31240884182679446,1.0156204420913397,0.039005550285355864
3,adsorption,2652.0,100.04739269064893,10.324286234900148,0.10319395595668653,11.311662825088073,1.0,0.31438873750437135,1.0157194368752185,0.038989958751648235
3,adsorption,2654.0,100.04739373290289,10.326261377469944,0.10321369695084737,11.389627155686064,1.0,0.31636784087942016,1.015818392043971,0.03897437277222644
3,adsorption,2656.0,100.04739477478545,10.328235729434676,0.10323343004267473,11.46756031987829,1.0,0.31834615223487794,1.0159173076117438,0.03895879234563901
3,adsorption,2658.0,100.04739581629681,10.330209291076786,0.10325315523499201,11.545462328768966,1.0,0.320323671853607,1.0160161835926804,0.038943217470434194
3,adsorption,2660.0,100.04739685743704,10.332182062678722,0.10327287253062276,11.623333193459407,1.0,0.3223004000183958,1.0161150200009197,0.03892764814516066
3,adsorption,2662.0,100.04739789820626,10.334154044522844,0.10329258193238952,11.701172925048022,1.0,0.32427633701196107,1.0162138168505983,0.038912084368369196
3,adsorption,2664.0,100.0473989386045,10.336125236891398,0.10331228344311387,11.778981534630331,1.0,0.32625148311694474,1.0163125741558472,0.03889652613861033
3,adsorption,2666.0,100.04739997863192,10.338095640066562,0.10333197706561659,11.856759033298943,1.0,0.3282258386159112,1.0164112919307955,0.0388809734544319
3,adsorption,2668.0,100.04740101828861,10.340065254330447,0.10335166280271778,11.934505432143567,1.0,0.3301994037913489,1.0165099701895675,0.03886542631438085
3,adsorption,2670.0,100.04740205757469,10.342034079965146,0.1033713406572374,12.012220742251005,1.0,0.33217217892567485,1.0166086089462838,0.03884988471700631
3,adsorption,2672.0,100.04740309649013,10.34400211725261,0.1033910106319941,12.089904974705167,1.0,0.3341441643012341,1.0167072082150617,0.03883434866085931
3,adsorption,2674.0,100.04740413503517,10.345969366474707,0.10341067272980546,12.167558140587053,1.0,0.336115360200294,1.0168057680100147,0.03881881814448829
3,adsorption,2676.0,100.04740517320984,10.347935827913275,0.10343032695348893,12.245180250974759,1.0,0.33808576690504616,1.0169042883452524,0.03880329316644087
3,adsorption,2678.0,100.04740621101423,10.3499015018501,0.10344997330586143,12.32277131694349,1.0,0.3400553846976123,1.0170027692348806,0.03878777372526786
3,adsorption,2680.0,100.04740724844855,10.35186638856681,0.10346961178973818,12.400331349565539,1.0,0.3420242138600379,1.017101210693002,0.03877225981951882
3,adsorption,2682.0,100.04740828551273,10.35383048834498,0.10348924240793407,12.477860359910302,1.0,0.34399225467428995,1.0171996127337144,0.03875675144774014
3,adsorption,2684.0,100.04740932220697,10.355793801466158,0.10350886516326357,12.555358359044268,1.0,0.3459595074222616,1.017297975371113,0.03874124860847873
3,adsorption,2686.0,100.04741035853132,10.357756328211865,0.10352848005854084,12.632825358031024,1.0,0.34792597238577927,1.017396298619289,0.03872575130028735
3,adsorption,2688.0,100.04741139448595,10.359718068863375,0.10354808709657776,12.710261367931258,1.0,0.34989164984659055,1.0174945824923296,0.03871025952171549
3,adsorption,2690.0,100.0474124300708,10.361679023701994,0.10356768628018638,12.787666399802752,1.0,0.35185654008636374,1.0175928270043182,0.038694773271308686
3,adsorption,2692.0,100.04741346528618,10.363639193009037,0.10358727761217881,12.865040464700394,1.0,0.3538206433866994,1.0176910321693349,0.03867929254761768
3,adsorption,2694.0,100.0474145001321,10.36559857706557,0.10360686109536481,12.942383573676159,1.0,0.35578396002912144,1.0177891980014562,0.038663817349191595
3,adsorption,2696.0,100.04741553460855,10.367557176152657,0.10362643673255403,13.019695737779124,1.0,0.3577464902950746,1.0178873245147537,0.038648347674575735
3,adsorption,2698.0,100.04741656871572,10.369514990551382,0.10364600452655638,13.09697696805546,1.0,0.35970823446593436,1.0179854117232967,0.03863288352231964
3,adsorption,2700.0,100.04741760245375,10.371472020542651,0.10366556448017987,13.174227275548438,1.0,0.3616691928230052,1.0180834596411503,0.03861742489097536
3,adsorption,2702.0,100.04741863582265,10.373428266407242,0.10368511659623135,13.251446671298424,1.0,0.3636293656475102,1.0181814682823755,0.038601971779089514
3,adsorption,2704.0,100.04741966882257,10.375383728425989,0.10370466087751823,13.328635166342888,1.0,0.3655887532205976,1.0182794376610298,0.03858652418520839
3,adsorption,2706.0,100.04742070145358,10.377338406879653,0.10372419732684708,13.405792771716389,1.0,0.36754735582334835,1.0183773677911674,0.038571082107884
3,adsorption,2708.0,100.0474217337158,10.379292302048748,0.10374372594702207,13.482919498450585,1.0,0.3695051737367632,1.0184752586868382,0.038555645545663646
3,adsorption,2710.0,100.04742276560926,10.38124541421389,0.10376324674084844,13.560015357574235,1.0,0.37146220724176815,1.0185731103620883,0.038540214497094466
3,adsorption,2712.0,100.04742379713416,10.383197743655597,0.1037827597111303,13.637080360113192,1.0,0.3734184566192185,1.018670922830961,0.03852478896072665
3,adsorption,2714.0,100.04742482829062,10.385149290654246,0.10380226486067051,13.714114517090401,1.0,0.37537392214989623,1.0187686961074949,0.03850936893511106
3,adsorption,2716.0,100.04742585907859,10.387100055490054,0.10382176219227032,13.791117839525919,1.0,0.37732860411449765,1.018866430205725,0.03849395441878981
3,adsorption,2718.0,100.04742688949827,10.389050038443475,0.10384125170873322,13.868090338436883,1.0,0.3792825027936547,1.0189641251396828,0.0384785454103131
3,adsorption,2720.0,100.04742791954969,10.390999239794626,0.10386073341285945,13.94503202483753,1.0,0.38123561846792947,1.0190617809233964,0.038463141908234424
3,adsorption,2722.0,100.04742894923302,10.392947659823523,0.10388020730744824,14.021942909739206,1.0,0.38318795141780015,1.01915939757089,0.038447743911100035
3,adsorption,2724.0,100.04742997854837,10.394895298810264,0.10389967339529943,14.098823004150345,1.0,0.3851395019236689,1.0192569750961835,0.03843235141745489
3,adsorption,2726.0,100.04743100749573,10.396842157034865,0.10391913167921236,14.175672319076474,1.0,0.38709027026587034,1.0193545135132935,0.03841696442584941
3,adsorption,2728.0,100.04743203607522,10.398788234777097,0.10393858216198384,14.252490865520226,1.0,0.389040256724661,1.019452012836233,0.03840158293483113
3,adsorption,2730.0,100.04743306428703,10.400733532316886,0.10395802484641194,14.32927865448132,1.0,0.39098946158022685,1.0195494730790113,0.038386206942950606
3,adsorption,2732.0,100.04743409213124,10.402678049933895,0.10397745973529239,14.406035696956577,1.0,0.39293788511267524,1.0196468942556338,0.038370836448755205
3,adsorption,2734.0,100.04743511960784,10.404621787907791,0.103996886831421,14.482762003939918,1.0,0.3948855276020396,1.019744276380102,0.038355471450792565
3,adsorption,2736.0,100.04743614671705,10.406564746518166,0.10401630613759258,14.559457586422356,1.0,0.39683238932827736,1.019841619466414,0.038340111947609244
3,adsorption,2738.0,100.04743717345886,10.408506926044602,0.10403571765660208,14.636122455392,1.0,0.39877847057127863,1.0199389235285639,0.038324757937757366
3,adsorption,2740.0,100.04743819983346,10.410448326766423,0.10405512139124168,14.712756621834062,1.0,0.40072377161085315,1.0200361885805427,0.03830940941978426
3,adsorption,2742.0,100.04743922584095,10.412388948963054,0.10407451734430469,14.789360096730842,1.0,0.40266829272673477,1.0201334146363368,0.03829406639223627
3,adsorption,2744.0,100.04744025148135,10.414328792913803,0.10409390551858327,14.865932891061746,1.0,0.4046120341985865,1.0202306017099294,0.038278728853662604
3,adsorption,2746.0,100.04744127675475,10.416267858897822,0.10411328591686791,14.942475015803266,1.0,0.4065549963059948,1.0203277498152998,0.03826339680261062
3,adsorption,2748.0,100.04744230166132,10.418206147194313,0.10413265854194971,15.018986481928994,1.0,0.40849717932847285,1.0204248589664235,0.03824807023762899
3,adsorption,2750.0,100.04744332620116,10.420143658082349,0.10415202339661833,15.095467300409622,1.0,0.4104385835454622,1.0205219291772734,0.03823274915726811
3,adsorption,2752.0,100.0474443503743,10.422080391840842,0.10417138048366201,15.171917482212935,1.0,0.4123792092363245,1.0206189604618163,0.03821743356007445
3,adsorption,2754.0,100.04744537418087,10.42401634874876,0.1041907298058694,15.248337038303818,1.0,0.4143190566803468,1.0207159528340173,0.038202123444594185
3,adsorption,2756.0,100.04744639762094,10.425951529084958,0.10421007136602818,15.324725979644246,1.0,0.4162581261567454,1.0208129063078373,0.03818681880937652
3,adsorption,2758.0,100.0474474206947,10.427885933128186,0.10422940516692474,15.401084317193291,1.0,0.4181964179446614,1.0209098208972331,0.03817151965297013
3,adsorption,2760.0,100.0474484434022,10.4298195611572,0.10424873121134569,15.477412061907128,1.0,0.4201339323231657,1.0210066966161584,0.03815622597392674
3,adsorption,2762.0,100.04744946574345,10.43175241345048,0.10426804950207495,15.553709224739027,1.0,0.4220706695712456,1.0211035334785623,0.038140937770791104
3,adsorption,2764.0,100.04745048771863,10.43368449028664,0.10428736004189763,15.629975816639348,1.0,0.4240066299678129,1.0212003314983906,0.03812565504210713
3,adsorption,2766.0,100.04745150932783,10.435615791944247,0.10430666283359843,15.70621184855555,1.0,0.4259418137917162,1.0212970906895857,0.03811037778642768
3,adsorption,2768.0,100.04745253057118,10.43754631870158,0.10432595787995912,15.78241733143219,1.0,0.42787622132172604,1.0213938110660863,0.03809510600230254
3,adsorption,2770.0,100.04745355144871,10.439476070836967,0.10434524518376212,15.858592276210919,1.0,0.429809852836533,1.0214904926418267,0.0380798396882774
3,adsorption,2772.0,100.0474545719605,10.441405048628624,0.1043645247477886,15.934736693830482,1.0,0.4317427086147495,1.0215871354307375,0.03806457884289504
3,adsorption,2774.0,100.04745559210676,10.443333252354932,0.10438379657482126,16.010850595226724,1.0,0.4336747889349305,1.0216837394467466,0.03804932346471135
3,adsorption,2776.0,100.0474566118875,10.44526068229377,0.10440306066763798,16.086933991332586,1.0,0.43560609407554823,1.0217803047037775,0.038034073552275914
3,adsorption,2778.0,100.04745763130282,10.44718733872316,0.1044223170290181,16.16298689307811,1.0,0.43753662431499085,1.0218768312157496,0.03801882910413071
3,adsorption,2780.0,100.04745865035282,10.449113221921193,0.1044415656617415,16.239009311390426,1.0,0.4394663799315805,1.021973318996579,0.03800359011882431
3,adsorption,2782.0,100.04745966903764,10.45103833216565,0.10446080656858502,16.315001257193757,1.0,0.44139536120356543,1.0220697680601782,0.037988356594905945
3,adsorption,2784.0,100.04746068735739,10.452962669734369,0.10448003975232596,16.39096274140943,1.0,0.44332356840912,1.022166178420456,0.03797312853092506
3,adsorption,2786.0,100.04746170531206,10.45488623490501,0.10449926521574013,16.466893774955867,1.0,0.445251001826339,1.022262550091317,0.0379579059254271
3,adsorption,2788.0,100.04746272290177,10.456809027955272,0.10451848296160354,16.542794368748584,1.0,0.447177661733244,1.0223588830866621,0.037942688776958715
3,adsorption,2790.0,100.04746374012673,10.458731049162777,0.10453769299269125,16.618664533700183,1.0,0.4491035484077877,1.0224551774203894,0.03792747708407082
3,adsorption,2792.0,100.047464756987,10.460652298805016,0.10455689531177727,16.69450428072038,1.0,0.4510286621278499,1.0225514331063925,0.03791227084531539
3,adsorption,2794.0,100.04746577348257,10.462572777159263,0.10457608992163352,16.77031362071598,1.0,0.4529530031712229,1.022647650158561,0.037897070059234254
3,adsorption,2796.0,100.04746678961361,10.464492484503019,0.10459527682503389,16.846092564590883,1.0,0.454876571815628,1.0227438285907815,0.037881874724372204
3,adsorption,2798.0,100.04746780538024,10.466411421113682,0.10461445602475139,16.921841123246082,1.0,0.4567993683387294,1.0228399684169365,0.03786668483928734
3,adsorption,2800.0,100.04746882078254,10.468329587268151,0.10463362752355408,16.997559307579674,1.0,0.4587213930180993,1.0229360696509049,0.037851500402524
3,adsorption,2802.0,100.04746983582064,10.470246983243717,0.10465279132421386,17.073247128486845,1.0,0.46064264613123285,1.0230321323065616,0.03783632141262482
3,adsorption,2804.0,100.04747085049455,10.47216360931751,0.10467194742950114,17.148904596859875,1.0,0.4625631279555624,1.023128156397778,0.03782114786814127
3,adsorption,2806.0,100.04747186480441,10.474079465766449,0.10469109584218404,17.224531723588147,1.0,0.46448283876844726,1.0232241419384223,0.03780597976762595
3,adsorption,2808.0,100.04747287875034,10.475994552867274,0.10471023656502902,17.300128519558136,1.0,0.4664017788471551,1.0233200889423577,0.037790817109618305
3,adsorption,2810.0,100.04747389233246,10.47790887089712,0.10472936960080646,17.37569499565342,1.0,0.4683199484688949,1.0234159974234447,0.037775659892669705
3,adsorption,2812.0,100.04747490555076,10.479822420132534,0.10474849495228092,17.45123116275465,1.0,0.47023734791079896,1.02351186739554,0.03776050811533028
3,adsorption,2814.0,100.04747591840542,10.481735200850258,0.10476761262221876,17.5267370317396,1.0,0.47215397744992244,1.023607698872496,0.03774536177614756
3,adsorption,2816.0,100.04747693089655,10.483647213326904,0.1047867226133851,17.60221261348313,1.0,0.47406983736324415,1.0237034918681622,0.03773022087366791
3,adsorption,2818.0,100.0474779430242,10.485558457838955,0.10480582492854391,17.677657918857193,1.0,0.4759849279276667,1.0237992463963834,0.03771508540643627
3,adsorption,2820.0,100.04747895478847,10.487468934663028,0.10482491957046036,17.753072958730836,1.0,0.47789924942003015,1.0238949624710014,0.03769995537300686
3,adsorption,2822.0,100.04747996618956,10.489378644075302,0.10484400654189517,17.828457743970212,1.0,0.47981280211708927,1.0239906401058547,0.03768483077192547
3,adsorption,2824.0,100.04748097722734,10.49128758635216,0.10486308584561137,17.90381228543855,1.0,0.4817255862955216,1.024086279314776,0.037669711601735816
3,adsorption,2826.0,100.04748198790216,10.493195761769982,0.10488215748437156,17.97913659399621,1.0,0.4836376022319431,1.0241818801115972,0.0376545978609915
3,adsorption,2828.0,100.04748299821395,10.495103170604708,0.10490122146093438,18.05443068050061,1.0,0.4855488502028859,1.0242774425101442,0.03763948954823888
3,adsorption,2830.0,100.04748400816287,10.497009813132507,0.10492027777806043,18.129694555806278,1.0,0.4874593304848044,1.0243729665242405,0.03762438666202191
3,adsorption,2832.0,100.04748501774904,10.498915689629559,0.10493932643851055,18.20492823076485,1.0,0.48936904335409387,1.0244684521677048,0.037609289200896304
3,adsorption,2834.0,100.04748602697246,10.50082080037151,0.1049583674450403,18.280131716225046,1.0,0.4912779890870597,1.0245638994543529,0.0375941971634057
3,adsorption,2836.0,100.0474870358333,10.502725145634345,0.10497740080040852,18.355305023032678,1.0,0.49318616795993125,1.0246593083979965,0.037579110548092834
3,adsorption,2838.0,100.04748804433167,10.504628725694008,0.10499642650737359,18.43044816203066,1.0,0.49509358024887756,1.0247546790124438,0.03756402935351135
3,adsorption,2840.0,100.04748905246771,10.506531540826042,0.10501544456869,18.505561144059005,1.0,0.4970002262299901,1.0248500113114996,0.03754895357821223
3,adsorption,2842.0,100.04749006024139,10.508433591306074,0.10503445498711317,18.58064397995482,1.0,0.49890610617927666,1.0249453053089639,0.03753388322073943
3,adsorption,2844.0,100.04749106765287,10.510334877409704,0.10505345776539803,18.655696680552296,1.0,0.5008112203726698,1.0250405610186335,0.03751881827963652
3,adsorption,2846.0,100.04749207470223,10.512235399412576,0.10507245290630005,18.73071925668274,1.0,0.5027155690860429,1.025135778454302,0.03750375875345869
3,adsorption,2848.0,100.04749308138963,10.514135157589884,0.10509144041257018,18.80571171917454,1.0,0.5046191525951856,1.0252309576297594,0.037488704640754045
3,adsorption,2850.0,100.04749408771511,10.516034152217028,0.10511042028696148,18.880674078853186,1.0,0.5065219711758059,1.0253260985587902,0.03747365594006488
3,adsorption,2852.0,100.0474950936788,10.51793238356942,0.10512939253222706,18.955606346541266,1.0,0.5084240251035497,1.0254212012551776,0.03745861264994344
3,adsorption,2854.0,100.0474960992807,10.519829851922069,0.10514835715111615,19.03050853305846,1.0,0.5103253146539827,1.025516265732699,0.037443574768937345
3,adsorption,2856.0,100.04749710452107,10.521726557550146,0.10516731414637935,19.105380649221548,1.0,0.5122258401025925,1.0256112920051297,0.03742854229559126
3,adsorption,2858.0,100.04749810939988,10.523622500728786,0.10518626352076713,19.180222705844393,1.0,0.5141256017247989,1.02570628008624,0.03741351522845536
3,adsorption,2860.0,100.04749911391725,10.525517681732866,0.10520520527702724,19.255034713737967,1.0,0.5160245997959466,1.0258012299897974,0.03739849356607908
3,adsorption,2862.0,100.04750011807329,10.527412100837315,0.10522413941790802,19.329816683710337,1.0,0.5179228345913042,1.0258961417295651,0.03738347730701055
3,adsorption,2864.0,100.04750112186815,10.529305758316925,0.10524306594615637,19.404568626566775,1.0,0.5198203063860621,1.025991015319303,0.03736846644979299
3,adsorption,2866.0,100.04750212530186,10.531198654446476,0.10526198486451917,19.47929055310938,1.0,0.5217170154553366,1.0260858507727668,0.03735346099297499
3,adsorption,2868.0,100.0475031283745,10.533090789500742,0.10528089617574324,19.553982474137726,1.0,0.5236129620741897,1.0261806481037095,0.03733846093511349
3,adsorption,2870.0,100.04750413108626,10.53498216375399,0.10529979988257013,19.628644400448156,1.0,0.525508146517579,1.0262754073258789,0.037323466274748564
3,adsorption,2872.0,100.0475051334372,10.536872777481147,0.10531869598774815,19.70327634283413,1.0,0.527402569060397,1.02637012845302,0.03730847701042712
3,adsorption,2874.0,100.04750613542731,10.538762630956427,0.10533758449401869,19.777878312086166,1.0,0.52929622997747,1.0264648114988735,0.0372934931407033
3,adsorption,2876.0,100.04750713705685,10.5406517244542,0.10535646540412422,19.852450318992158,1.0,0.5311891295435438,1.0265594564771772,0.03727851466412107
3,adsorption,2878.0,100.0475081383258,10.542540058248887,0.10537533872080813,19.926992374336763,1.0,0.5330812680332864,1.0266540634016643,0.03726354157922812
3,adsorption,2880.0,100.04750913923434,10.54442763261466,0.10539420444681104,20.001504488902015,1.0,0.5349726457213013,1.026748632286065,0.03724857388457483
3,adsorption,2882.0,100.04751013978247,10.54631444782562,0.10541306258487312,20.075986673466986,1.0,0.5368632628821125,1.0268431631441057,0.037233611578708095
3,adsorption,2884.0,100.04751113997035,10.5482005041559,0.1054319131377347,20.15043893880781,1.0,0.538753119790169,1.0269376559895085,0.0372186546601757
3,adsorption,2886.0,100.04751213979809,10.550085801879495,0.10545075610813473,20.2248612956977,1.0,0.5406422167198461,1.0270321108359923,0.037203703127525994
3,adsorption,2888.0,100.04751313926579,10.551970341270332,0.10546959149881141,20.299253754906964,1.0,0.5425305539454445,1.0271265276972723,0.0371887569793075
3,adsorption,2890.0,100.04751413837347,10.553854122602246,0.10548841931250233,20.37361632720301,1.0,0.54441813174119,1.0272209065870594,0.03717381621406806
3,adsorption,2892.0,100.04751513712125,10.555737146149033,0.10550723955194435,20.447949023350347,1.0,0.5463049503812334,1.0273152475190617,0.03715888083035518
3,adsorption,2894.0,100.04751613550935,10.55761941218441,0.10552605221987361,20.52225185411057,1.0,0.548191010139653,1.0274095505069827,0.03714395082671792
3,adsorption,2896.0,100.0475171335378,10.559500920981986,0.1055448573190253,20.596524830242387,1.0,0.5500763112904515,1.0275038155645226,0.03712902620170443
3,adsorption,2898.0,100.04751813120654,10.561381672815306,0.10556365485213401,20.670767962501593,1.0,0.5519608541075561,1.027598042705378,0.037114106953861914
3,adsorption,2900.0,100.04751912851587,10.563261667957901,0.10558244482193385,20.744981261641076,1.0,0.5538446388648218,1.027692231943241,0.037099193081739486
3,adsorption,2902.0,100.0475201254659,10.56514090668313,0.10560122723115754,20.819164738410823,1.0,0.5557276658360281,1.0277863832918015,0.0370842845838855
3,adsorption,2904.0,100.04752112205657,10.567019389264338,0.10562000208253759,20.893318403557917,1.0,0.5576099352948788,1.0278804967647441,0.03706938145884714
3,adsorption,2906.0,100.04752211828801,10.5688971159748,0.10563876937880581,20.967442267826545,1.0,0.5594914475150051,1.0279745723757503,0.03705448370517315
3,adsorption,2908.0,100.04752311416037,10.570774087087681,0.10565752912269279,21.04153634195798,1.0,0.5613722027699634,1.0280686101384982,0.03703959132141185
3,adsorption,2910.0,100.04752410967376,10.572650302876095,0.10567628131692874,21.11560063669059,1.0,0.5632522013332346,1.0281626100666617,0.03702470430611114
3,adsorption,2912.0,100.04752510482828,10.574525763613096,0.10569502596424317,21.189635162759856,1.0,0.5651314434782269,1.0282565721739114,0.037009822657819866
3,adsorption,2914.0,100.04752609962394,10.57640046957161,0.10571376306736449,21.263639930898336,1.0,0.5670099294782728,1.0283504964739136,0.03699494637508605
3,adsorption,2916.0,100.04752709406094,10.578274421024545,0.1057324926290207,21.337614951835693,1.0,0.5688876596066301,1.0284443829803316,0.036980075456457595
3,adsorption,2918.0,100.04752808813929,10.580147618244718,0.10575121465193905,21.411560236298694,1.0,0.5707646341364838,1.0285382317068241,0.03696520990048353
3,adsorption,2920.0,100.0475290818592,10.582020061504858,0.10576992913884577,21.48547579501119,1.0,0.5726408533409433,1.0286320426670472,0.036950349705711934
3,adsorption,2922.0,100.04753007522065,10.583891751077621,0.10578863609246658,21.559361638694135,1.0,0.574516317493043,1.0287258158746522,0.03693549487069086
3,adsorption,2924.0,100.04753106822378,10.58576268723561,0.10580733551552644,21.63321777806558,1.0,0.576391026865744,1.0288195513432872,0.036920645393968735
3,adsorption,2926.0,100.04753206086868,10.587632870251324,0.10582602741074944,21.707044223840665,1.0,0.5782649817319322,1.0289132490865966,0.03690580127409375
3,adsorption,2928.0,100.0475330531555,10.589502300397221,0.10584471178085912,21.78084098673164,1.0,0.5801381823644205,1.029006909118221,0.0368909625096152
3,adsorption,2930.0,100.04753404508432,10.591370977945651,0.10586338862857803,21.854608077447846,1.0,0.5820106290359457,1.0291005314517974,0.03687612909908076
3,adsorption,2932.0,100.04753503665513,10.593238903168896,0.1058820579566281,21.928345506695717,1.0,0.5838823220191699,1.0291941161009588,0.03686130104103817
3,adsorption,2934.0,100.04753602786813,10.595106076339208,0.10590071976773077,22.002053285178786,1.0,0.5857532615866833,1.0292876630793342,0.03684647833403727
3,adsorption,2936.0,100.0475370187234,10.5969724977287,0.10591937406460619,22.075731423597684,1.0,0.5876234480109996,1.02938117240055,0.03683166097662604
3,adsorption,2938.0,100.04753800922103,10.598838167609443,0.10593802084997417,22.149379932650138,1.0,0.5894928815645585,1.0294746440782279,0.03681684896735278
3,adsorption,2940.0,100.04753899936118,10.600703086253445,0.10595666012655378,22.222998823030977,1.0,0.5913615625197256,1.0295680781259864,0.03680204230476637
3,adsorption,2942.0,100.04753998914381,10.602567253932596,0.10597529189706299,22.29658810543212,1.0,0.5932294911487911,1.0296614745574395,0.03678724098741464
3,adsorption,2944.0,100.04754097856916,10.604430670918788,0.10599391616421965,22.370147790542585,1.0,0.5950966677239725,1.0297548333861986,0.03677244501384684
3,adsorption,2946.0,100.04754196763726,10.606293337483752,0.10601253293074016,22.443677889048487,1.0,0.5969630925174122,1.0298481546258706,0.03675765438261174
3,adsorption,2948.0,100.04754295634822,10.608155253899174,0.1060311421993404,22.517178411633044,1.0,0.5988287658011764,1.029941438290059,0.03674286909225674
3,adsorption,2950.0,100.04754394470201,10.610016420436716,0.10604974397273612,22.590649368976557,1.0,0.6006936878472591,1.030034684392363,0.036728089141330876
3,adsorption,2952.0,100.047544932699,10.611876837367909,0.10606833825364144,22.66409077175644,1.0,0.6025578589275802,1.0301278929463793,0.036713314528383674
3,adsorption,2954.0,100.04754592033906,10.613736504964203,0.10608692504477008,22.737502630647207,1.0,0.6044212793139835,1.0302210639656992,0.03669854525196297
3,adsorption,2956.0,100.04754690762228,10.615595423497009,0.10610550434883519,22.81088495632044,1.0,0.6062839492782383,1.0303141974639118,0.036683781310617114
3,adsorption,2958.0,100.04754789454891,10.617453593237686,0.10612407616854923,22.884237759444847,1.0,0.6081458690920418,1.030407293454602,0.03666902270289564
3,adsorption,2960.0,100.047548881119,10.619311014457432,0.10614264050662327,22.957561050686227,1.0,0.6100070390270156,1.030500351951351,0.03665426942734756
3,adsorption,2962.0,100.04754986733253,10.621167687427437,0.10616119736576834,23.03085484070748,1.0,0.6118674593547055,1.0305933729677352,0.03663952148252074
3,adsorption,2964.0,100.04755085318978,10.623023612418834,0.1061797467486946,23.10411914016859,1.0,0.6137271303465852,1.0306863565173292,0.03662477886696469
3,adsorption,2966.0,100.04755183869075,10.624878789702601,0.10619828865811098,23.177353959726638,1.0,0.6155860522740517,1.0307793026137027,0.03661004157922757
3,adsorption,2968.0,100.04755282383546,10.626733219549715,0.10621682309672634,23.25055931003583,1.0,0.6174442254084282,1.0308722112704214,0.0365953096178574
3,adsorption,2970.0,100.04755380862412,10.628586902231056,0.10623535006724842,23.323735201747436,1.0,0.6193016500209657,1.0309650825010483,0.036580582981404514
3,adsorption,2972.0,100.04755479305685,10.630439838017427,0.10625386957238422,23.39688164550985,1.0,0.6211583263828391,1.031057916319142,0.03656586166841746
3,adsorption,2974.0,100.04755577713365,10.632292027179544,0.10627238161484007,23.469998651968545,1.0,0.6230142547651486,1.0311507127382575,0.036551145677444954
3,adsorption,2976.0,100.04755676085463,10.634143469988064,0.10629088619732154,23.543086231766097,1.0,0.6248694354389203,1.0312434717719463,0.03653643500703594
3,adsorption,2978.0,100.04755774421992,10.635994166713589,0.10630938332253359,23.616144395542186,1.0,0.6267238686751072,1.0313361934337553,0.03652172965573995
3,adsorption,2980.0,100.04755872722966,10.637844117626587,0.10632787299317999,23.689173153933588,1.0,0.6285775547445859,1.0314288777372294,0.03650702962210523
3,adsorption,2982.0,100.04755970988386,10.639693322997509,0.10634635521196423,23.76217251757417,1.0,0.6304304939181581,1.031521524695908,0.03649233490467991
3,adsorption,2984.0,100.04756069218263,10.641541783096729,0.10636482998158917,23.835142497094903,1.0,0.6322826864665536,1.0316141343233276,0.03647764550201372
3,adsorption,2986.0,100.04756167412614,10.643389498194509,0.10638329730475635,23.90808310312386,1.0,0.6341341326604281,1.0317067066330214,0.03646296141265669
3,adsorption,2988.0,100.04756265571443,10.645236468561064,0.10640175718416701,23.980994346286195,1.0,0.6359848327703616,1.031799241638518,0.03644828263515806
3,adsorption,2990.0,100.04756363694761,10.647082694466505,0.10642020962252129,24.053876237204186,1.0,0.6378347870668575,1.0318917393533429,0.03643360916806516
3,adsorption,2992.0,100.04756461782577,10.64892817618093,0.1064386546225192,24.12672878649719,1.0,0.6396839958203481,1.0319841997910173,0.036418941009927736
3,adsorption,2994.0,100.047565598349,10.650772913974308,0.10645709218685943,24.199552004781665,1.0,0.6415324593011914,1.0320766229650595,0.036404278159296
3,adsorption,2996.0,100.04756657851739,10.652616908116517,0.10647552231823987,24.27234590267117,1.0,0.6433801777796679,1.0321690088889834,0.03638962061471761
3,adsorption,2998.0,100.0475675583311,10.654460158877468,0.10649394501935848,24.34511049077636,1.0,0.6452271515259878,1.0322613575762993,0.03637496837474328
3,adsorption,3000.0,100.04756853779016,10.656302666526864,0.10651236029291153,24.4178457797053,1.0,0.6470733808102918,1.0323536690405146,0.036360321437921554
3,purge,3000.0,100.04756853779016,10.656302666526864,0.10651236029291153,24.4178457797053,1.0,0.6470733808102918,1.0323536690405146,0.036360321437921554
3,purge,3002.0,100.05350587446847,9.204356959925082,0.09199434721930956,24.397395389236173,1.0,0.5307041776818706,1.0265352088840936,-0.05399864919286434
3,purge,3004.0,100.05329092295405,10.59077566856651,0.1058513475256094,24.298789049155072,1.0,0.5345784562699625,1.0267289228134981,-0.049004585092530625
3,purge,3006.0,100.05307063661267,10.536543155782484,0.10530954311288092,24.206492984218695,1.0,0.5362150151495851,1.0268107507574793,-0.04588214786769744
3,purge,3008.0,100.05307794133881,10.519985316965633,0.10514404487519621,24.114445632859557,1.0,0.5336602930543236,1.0266830146527162,-0.04603388407481872
3,purge,3010.0,100.05307854992957,10.519655532706071,0.10514074814256158,24.022353849010546,1.0,0.5312952301633338,1.0265647615081668,-0.04603679745281052
3,purge,3012.0,100.05307687511824,10.517318254980113,0.1051173895242358,23.930308741493572,1.0,0.5289671489889252,1.0264483574494463,-0.046011798618509785
3,purge,3014.0,100.05307549988417,10.514965389432465,0.1050938747949296,23.838305447388805,1.0,0.5266343574694696,1.0263317178734734,-0.04599131012158973
3,purge,3016.0,100.05307412607043,10.512641631923172,0.10507065098946257,23.746343243238524,1.0,0.524302701329352,1.0262151350664677,-0.045970757827875866
3,purge,3018.0,100.05307275229671,10.510322206451553,0.10504747048071335,23.654425075321246,1.0,0.5219721859146156,1.0260986092957307,-0.045950196493024675
3,purge,3020.0,100.05307137662875,10.50799789289108,0.10502424111835541,23.56255155960599,1.0,0.5196428283219943,1.0259821414160997,-0.045929625100964246
3,purge,3022.0,100.05307000084156,10.505674758959792,0.10500102354551868,23.47071541329858,1.0,0.5173144319787242,1.0258657215989362,-0.04590905132256673
3,purge,3024.0,100.053068625766,10.503352501299464,0.10497781472935859,23.378918321223566,1.0,0.5149870229620673,1.0257493511481033,-0.045888488514058724
3,purge,3026.0,100.05306725144303,10.501031343923604,0.10495461690878002,23.287161907513205,1.0,0.5126606428408781,1.025633032142044,-0.0458679367343792
3,purge,3028.0,100.05306587774955,10.498711217693819,0.10493142939289571,23.19544656714003,1.0,0.5103353037834124,1.0255167651891708,-0.04584739439173892
3,purge,3030.0,100.05306450474801,10.496392104887722,0.10490825200451125,23.103772339982942,1.0,0.508011005549171,1.0254005502774586,-0.04582686247130543
3,purge,3032.0,100.05306313244839,10.494074045753583,0.10488508514588629,23.012139164050414,1.0,0.5056877465196645,1.0252843873259831,-0.045806340995669895
3,purge,3034.0,100.05306176082078,10.49175702282567,0.10486192864248836,22.920547007504368,1.0,0.5033655263856102,1.0251682763192804,-0.04578582956931136
3,purge,3036.0,100.05306038987707,10.489441029559254,0.10483878242889337,22.828995852036886,1.0,0.501044344425316,1.0250522172212657,-0.04576532838899125
3,purge,3038.0,100.05305901962032,10.487126073935823,0.1048156465848716,22.73748568498958,1.0,0.49872420029014475,1.0249362100145072,-0.04574483747347863
3,purge,3040.0,100.05305765004576,10.484812153641617,0.10479252108730353,22.64601648890335,1.0,0.49640509361577034,1.0248202546807885,-0.04572435675776608
3,purge,3042.0,100.05305628115387,10.48249926718498,0.10476940592128098,22.554588244061502,1.0,0.4940870238824877,1.0247043511941243,-0.04570388625288962
3,purge,3044.0,100.05305491294484,10.480187414630134,0.10474630108744645,22.46320093099617,1.0,0.49176999059072535,1.0245884995295362,-0.04568342595915758
3,purge,3046.0,100.05305354541787,10.477876595516175,0.10472320658119513,22.371854527703565,1.0,0.48945399319172417,1.0244726996595863,-0.04566297586452643
3,purge,3048.0,100.0530521785726,10.475566809213873,0.10470012239623934,22.28054901641274,1.0,0.4871390312351898,1.0243569515617594,-0.045642535964806656
3,purge,3050.0,100.05305081240878,10.473258055260526,0.10467704852795566,22.189284375862687,1.0,0.48482510418347274,1.0242412552091738,-0.045622106254144985
3,purge,3052.0,100.05304944692573,10.470950333108124,0.10465398497086847,22.098060584775347,1.0,0.4825122114998523,1.0241256105749925,-0.04560168672562212
3,purge,3054.0,100.0530480821233,10.468643642216952,0.10463093171958453,22.00687762245529,1.0,0.48020035266103994,1.024010017633052,-0.045581277373494565
3,purge,3056.0,100.05304671800091,10.466337982093378,0.1046078887691717,21.915735468573462,1.0,0.4778895271533139,1.0238944763576656,-0.045560878191884424
3,purge,3058.0,100.05304535455825,10.464033352223629,0.10458485611449611,21.824634102874032,1.0,0.4755797344652696,1.0237789867232634,-0.045540489174570334
3,purge,3060.0,100.05304399179495,10.461729752091205,0.10456183375039683,21.733573505066037,1.0,0.4732709740842403,1.023663548704212,-0.045520110315613295
3,purge,3062.0,100.05304262971049,10.459427181189316,0.10453882167181007,21.642553654834753,1.0,0.4709632454969881,1.0235481622748497,-0.04549974160904433
3,purge,3064.0,100.05304126830454,10.457125639005714,0.10451581987361727,21.551574531871648,1.0,0.4686565481905576,1.023432827409528,-0.04547938304879801
3,purge,3066.0,100.05303990757673,10.45482512502766,0.10449282835069507,21.460636115886004,1.0,0.46635088165233873,1.023317544082617,-0.04545903462889584
3,purge,3068.0,100.05303854752654,10.452525638746087,0.10446984709795691,21.369738386603448,1.0,0.46404624537016387,1.023202312268508,-0.045438696343341085
3,purge,3070.0,100.05303718815374,10.45022717965006,0.10444687611029728,21.278881323762374,1.0,0.46174263883219885,1.02308713194161,-0.04541836818613231
3,purge,3072.0,100.05303582945776,10.44792974722955,0.10442391538262007,21.18806490711255,1.0,0.4594400615268872,1.0229720030763443,-0.04539805015127895
3,purge,3074.0,100.05303447143832,10.445633340974755,0.1044009649098311,21.097289116415222,1.0,0.457138512942951,1.0228569256471476,-0.04537774223280267
3,purge,3076.0,100.05303311409497,10.443337960376235,0.10437802468684011,21.00655393144348,1.0,0.45483799256940777,1.0227418996284703,-0.04535744442473153
3,purge,3078.0,100.05303175742732,10.441043604925179,0.1043550947085629,20.915859331982457,1.0,0.452538499895615,1.0226269249947808,-0.045337156721069374
3,purge,3080.0,100.05303040143495,10.438750274112056,0.10433217496990821,20.82520529782929,1.0,0.4502400344111942,1.0225120017205598,-0.045316879115854296
3,purge,3082.0,100.05302904611756,10.43645796742882,0.10430926546579947,20.73459180879307,1.0,0.44794259560607497,1.0223971297803038,-0.0452966116031229
3,purge,3084.0,100.05302769147458,10.434166684367082,0.10428636619115692,20.644018844694813,1.0,0.44564618297049813,1.022282309148525,-0.04527635417690767
3,purge,3086.0,100.05302633750571,10.43187642441876,0.10426347714090367,20.55348638536743,1.0,0.4433507959949974,1.0221675397997498,-0.045256106831250593
3,purge,3088.0,100.05302498421055,10.429587187076342,0.10424059830996857,20.462994410655767,1.0,0.44105643417040946,1.0220528217085205,-0.04523586956019594
3,purge,3090.0,100.05302363158876,10.42729897183225,0.10421772969327979,20.372542900416562,1.0,0.4387630969878577,1.0219381548493929,-0.04521564235780218
3,purge,3092.0,100.05302227963979,10.425011778179716,0.10419487128577372,20.282131834518445,1.0,0.436470783938783,1.0218235391969392,-0.04519542521811807
3,purge,3094.0,100.0530209283634,10.422725605611678,0.10417202308238359,20.19176119284193,1.0,0.4341794945149169,1.0217089747257457,-0.04517521813520344
3,purge,3096.0,100.05301957775906,10.420440453621895,0.10414918507805107,20.10143095527943,1.0,0.43188922820829523,1.0215944614104147,-0.045155021103118254
3,purge,3098.0,100.05301822782647,10.418156321703949,0.1041263572677159,20.01114110173521,1.0,0.4295999845112418,1.021479999225562,-0.045134834115935475
3,purge,3100.0,100.05301687856524,10.415873209352146,0.10410353964632504,19.920891612125384,1.0,0.42731176291638256,1.0213655881458195,-0.045114657167729263
3,purge,3102.0,100.0530155299749,10.413591116060863,0.10408073220882638,19.830682466377937,1.0,0.42502456291664714,1.0212512281458324,-0.04509449025257391
3,purge,3104.0,100.05301418205508,10.411310041324816,0.10405793495017089,19.74051364443268,1.0,0.42273838400526464,1.0211369192002633,-0.04507433336454715
3,purge,3106.0,100.05301283480543,10.409029984638858,0.10403514786531114,19.65038512624127,1.0,0.42045322567574656,1.0210226612837874,-0.0450541864977431
3,purge,3108.0,100.05301148822545,10.40675094549867,0.10401237094920796,19.560296891767184,1.0,0.41816908742192627,1.0209084543710962,-0.04503404964624115
3,purge,3110.0,100.05301014231492,10.40447292339943,0.10398960419681684,19.470248920985714,1.0,0.41588596873791633,1.0207942984368958,-0.04501392280413952
3,purge,3112.0,100.05300879707325,10.402195917837293,0.10396684760310355,19.380241193883965,1.0,0.4136038691181281,1.0206801934559064,-0.0449938059655393
3,purge,3114.0,100.05300745250013,10.39991992830848,0.10394410116303411,19.290273690460833,1.0,0.4113227880572822,1.0205661394028642,-0.04497369912453649
3,purge,3116.0,100.05300610859524,10.397644954309186,0.10392136487157434,19.20034639072701,1.0,0.4090427250503741,1.020452136252519,-0.04495360227524834
3,purge,3118.0,100.05300476535805,10.395370995336602,0.10389863872370031,19.110459274704958,1.0,0.4067636795927149,1.0203381839796357,-0.04493351541178146
3,purge,3120.0,100.05300342278827,10.393098050887572,0.10387592271438419,19.020612322428924,1.0,0.4044856511799117,1.0202242825589956,-0.04491343852824737
3,purge,3122.0,100.05300208088543,10.390826120459373,0.1038532168386028,18.93080551394492,1.0,0.40220863930784917,1.0201104319653924,-0.04489337161877603
3,purge,3124.0,100.05300073964922,10.388555203549995,0.10383052109133992,18.841038829310698,1.0,0.39993264347272633,1.0199966321736362,-0.04487331467748736
3,purge,3126.0,100.05299939907927,10.386285299657168,0.10380783546757666,18.75131224859576,1.0,0.3976576631710347,1.0198828831585518,-0.044853267698508094
3,purge,3128.0,100.05299805917504,10.384016408279262,0.10378515996230088,18.661625751881363,1.0,0.3953836978995623,1.0197691848949781,-0.044833230675968644
3,purge,3130.0,100.05299671993622,10.381748528914626,0.1037624945704999,18.571979319260482,1.0,0.3931107471553767,1.019655537357769,-0.044813203604015805
3,purge,3132.0,100.05299538136241,10.37948166106245,0.10373983928716955,18.48237293083781,1.0,0.3908388104358593,1.019541940521793,-0.04479318647678593
3,purge,3134.0,100.05299404345323,10.377215804221638,0.10371719410730271,18.392806566729753,1.0,0.3885678872386837,1.0194283943619344,-0.04477317928842174
3,purge,3136.0,100.05299270620831,10.374950957891556,0.10369455902589697,18.30328020706442,1.0,0.38629797706180174,1.01931489885309,-0.04475318203308301
3,purge,3138.0,100.05299136962726,10.372687121572291,0.10367193403795713,18.213793831981622,1.0,0.3840290794034823,1.0192014539701741,-0.044733194704916206
3,purge,3140.0,100.05299003370962,10.370424294763458,0.1036493191384833,18.12434742163285,1.0,0.3817611937622763,1.0190880596881138,-0.04471321729808147
3,purge,3142.0,100.05298869845504,10.36816247696559,0.10362671432248467,18.034940956181277,1.0,0.3794943196370258,1.0189747159818512,-0.04469324980674538
3,purge,3144.0,100.05298736386318,10.365901667679259,0.10360411958497083,17.945574415801733,1.0,0.37722845652687,1.0188614228263437,-0.04467329222507608
3,purge,3146.0,100.0529860299336,10.363641866405406,0.10358153492095515,17.856247780680725,1.0,0.3749636039312478,1.0187481801965623,-0.044653344547241236
3,purge,3148.0,100.05298469666587,10.361383072645152,0.10355896032545274,17.766961031016113,1.0,0.3726997613498787,1.0186349880674939,-0.04463340676741683
3,purge,3150.0,100.05298336405966,10.359125285899934,0.10353639579348184,17.67771414701821,1.0,0.3704369282827886,1.0185218464141395,-0.044613478879789066
3,purge,3152.0,100.05298203211461,10.356868505671777,0.1035138413200665,17.58850710890755,1.0,0.3681751042302783,1.018408755211514,-0.04459356087853384
3,purge,3154.0,100.05298070083023,10.354612731462261,0.10349129690022656,17.499339896917405,1.0,0.3659142886929475,1.0182957144346476,-0.04457365275784902
3,purge,3156.0,100.05297937020623,10.352357962774253,0.10346876252899448,17.410212491292828,1.0,0.363654481171702,1.018182724058585,-0.04455375451192901
3,purge,3158.0,100.05297804024214,10.350104199110334,0.10344623820140002,17.32112487229056,1.0,0.36139568116776377,1.0180697840583883,-0.044533866134955455
3,purge,3160.0,100.05297671093761,10.347851439972864,0.10342372391247061,17.232077020177957,1.0,0.3591378881825776,1.0179568944091288,-0.04451398762114858
3,purge,3162.0,100.05297538229235,10.345599684866002,0.10340121965725162,17.143068915235293,1.0,0.35688110171794163,1.0178440550858971,-0.044494118964711345
3,purge,3164.0,100.05297405430576,10.343348933292745,0.10337872543077714,17.05410053775333,1.0,0.3546253212759303,1.0177312660637965,-0.04447426015984094
3,purge,3166.0,100.0529727269777,10.341099184756729,0.10335624122808713,16.965171868034417,1.0,0.3523705463588771,1.0176185273179439,-0.0444544112007642
3,purge,3168.0,100.05297140030758,10.338850438762531,0.1033337670442314,16.87628288639265,1.0,0.3501167764694323,1.0175058388234717,-0.04443457208169579
3,purge,3170.0,100.05297007429503,10.336602694814239,0.10331130287425473,16.7874335731538,1.0,0.34786401111054177,1.017393200555527,-0.044414742796853326
3,purge,3172.0,100.05296874893985,10.334355952416399,0.10328884871320625,16.698623908655197,1.0,0.34561224978541755,1.0172806124892708,-0.04439492334047818
3,purge,3174.0,100.05296742424142,10.332110211074463,0.10326640455614453,16.6098538732457,1.0,0.3433614919975908,1.0171680745998795,-0.04437511370679316
3,purge,3176.0,100.05296610019955,10.32986547029331,0.10324397039812204,16.521123447285696,1.0,0.3411117372508788,1.017055586862544,-0.04435531389002839
3,purge,3178.0,100.05296477681378,10.327621729578437,0.10322154623419769,16.43243261114708,1.0,0.3388629850493643,1.0169431492524685,-0.04433552388443748
3,purge,3180.0,100.05296345408367,10.325378988436109,0.10319913205943802,16.343781345213287,1.0,0.3366152348974507,1.0168307617448726,-0.04431574368425418
3,purge,3182.0,100.05296213200883,10.323137246372015,0.1031767278689038,16.255169629879244,1.0,0.3343684862998183,1.016718424314991,-0.04429597328372658
3,purge,3184.0,100.05296081058901,10.32089650289274,0.1031543336576646,16.166597445551385,1.0,0.33212273876143145,1.0166061369380717,-0.04427621267711115
3,purge,3186.0,100.05295948982368,10.318656757505051,0.10313194942079205,16.078064772647632,1.0,0.3298779917875513,1.0164938995893777,-0.04425646185866263
3,purge,3188.0,100.05295816971254,10.316418009715846,0.10310957515335888,15.989571591597393,1.0,0.3276342448837265,1.0163817122441863,-0.04423672082264119
3,purge,3190.0,100.05295685025516,10.314180259032424,0.10308721085044195,15.901117882841545,1.0,0.3253914975557917,1.0162695748777897,-0.04421698956331332
3,purge,3192.0,100.05295553145116,10.31194350496243,0.10306485650712159,15.81270362683244,1.0,0.32314974930987733,1.016157487465494,-0.04419726807494445
3,purge,3194.0,100.05295421330024,10.309707747013482,0.10304251211847766,15.724328804033874,1.0,0.3209089996523842,1.0160454499826193,-0.044177556351817804
3,purge,3196.0,100.05295289580194,10.307472984694078,0.10302017767959912,15.635993394921094,1.0,0.3186692480900205,1.015933462404501,-0.04415785438820587
3,purge,3198.0,100.05295157895578,10.305239217512414,0.1029978531855718,15.547697379980791,1.0,0.31643049412978197,1.015821524706489,-0.04413816217838585
3,purge,3200.0,100.05295026276164,10.303006444977125,0.10297553863148566,15.459440739711091,1.0,0.3141927372789352,1.0157096368639467,-0.04411847971665233
3,purge,3202.0,100.05294894721894,10.30077466659754,0.10295323401243797,15.37122345462153,1.0,0.3119559770450522,1.0155977988522527,-0.044098806997289894
3,purge,3204.0,100.05294763232736,10.298543881882637,0.10293093932352226,15.283045505233082,1.0,0.3097202129359869,1.0154860106467993,-0.044079144014591815
3,purge,3206.0,100.05294631808653,10.296314090342095,0.10290865455983914,15.194906872078109,1.0,0.30748544445987286,1.0153742722229937,-0.04405949076286129
3,purge,3208.0,100.0529450044959,10.294085291485898,0.1028863797164924,15.106807535700385,1.0,0.30525167112514556,1.0152625835562572,-0.04403984723639413
3,purge,3210.0,100.05294369155541,10.2918574848239,0.10286411478858414,15.018747476655072,1.0,0.3030188924405093,1.0151509446220257,-0.04402021342950416
3,purge,3212.0,100.05294237926437,10.28963066986682,0.1028418597712256,14.930726675508698,1.0,0.3007871079149629,1.0150393553957482,-0.044000589336502846
3,purge,3214.0,100.05294106762265,10.28740484612528,0.10281961465952656,14.842745112839182,1.0,0.2985563170577989,1.01492781585289,-0.04398097495170046
3,purge,3216.0,100.05293975662967,10.285180013110272,0.10279737944860096,14.754802769235807,1.0,0.2963265193785929,1.0148163259689296,-0.04396137026941363
3,purge,3218.0,100.05293844628513,10.282956170333046,0.10277515413356499,14.666899625299214,1.0,0.29409771438720034,1.0147048857193601,-0.043941775283968004
3,purge,3220.0,100.05293713658867,10.280733317305115,0.10275293870953764,14.579035661641393,1.0,0.2918699015937543,1.0145934950796878,-0.043922189989699496
3,purge,3222.0,100.05293582753987,10.278511453538531,0.10273073317164315,14.491210858885658,1.0,0.28964308050868476,1.0144821540254343,-0.04390261438093903
3,purge,3224.0,100.05293451913842,10.276290578545398,0.10270853751500632,14.403425197666666,1.0,0.2874172506427201,1.014370862532136,-0.04388304845201159
3,purge,3226.0,100.0529332113839,10.274070691837984,0.10268635173475366,14.315678658630407,1.0,0.28519241150685803,1.014259620575343,-0.04386349219725885
3,purge,3228.0,100.05293190427594,10.271851792928954,0.10266417582601563,14.22797122243418,1.0,0.2829685626123661,1.0141484281306183,-0.04384394561103804
3,purge,3230.0,100.0529305978141,10.269633881331828,0.10264200978393123,14.140302869746595,1.0,0.28074570347083855,1.0140372851735422,-0.04382440868767778
3,purge,3232.0,100.05292929199804,10.267416956559035,0.10261985360362855,14.052673581247559,1.0,0.278523833594113,1.0139261916797055,-0.043804881421543033
3,purge,3234.0,100.05292798682748,10.26520101812474,0.10259770728025283,13.965083337628261,1.0,0.27630295249431713,1.013815147624716,-0.04378536380699785
3,purge,3236.0,100.05292668230186,10.2629860655429,0.10257557080894764,13.877532119591187,1.0,0.2740830596839003,1.013704152984195,-0.04376585583838151
3,purge,3238.0,100.05292537842101,10.260772098326918,0.10255344418485059,13.790019907850096,1.0,0.2718641546755499,1.0135932077337775,-0.04374635751007298
3,purge,3240.0,100.05292407518434,10.258559115991892,0.10253132740311659,13.702546683130002,1.0,0.26964623698225,1.0134823118491125,-0.04372686881644506
3,purge,3242.0,100.05292277259159,10.25634711805244,0.10250922045889556,13.615112426167194,1.0,0.2674293061172987,1.013371465305865,-0.043707389751850886
3,purge,3244.0,100.05292147064242,10.254136104022896,0.10248712334733445,13.527717117709203,1.0,0.2652133615942243,1.0132606680797112,-0.043687920310689056
3,purge,3246.0,100.05292016933639,10.251926073419428,0.10246503606359884,13.440360738514796,1.0,0.26299840292687715,1.0131499201463439,-0.04366846048733176
3,purge,3248.0,100.05291886867315,10.249717025756885,0.10244295860284092,13.353043269353979,1.0,0.26078442962937975,1.013039221481469,-0.04364901027616336
3,purge,3250.0,100.05291756865236,10.24750896055132,0.10242089096022496,13.265764691007977,1.0,0.2585714412161266,1.0129285720608066,-0.0436295696715808
3,purge,3252.0,100.05291626927355,10.24530187731904,0.10239883313091787,13.178524984269236,1.0,0.25635943720182125,1.0128179718600911,-0.04361013866796416
3,purge,3254.0,100.05291497053638,10.243095775576027,0.10237678511008319,13.091324129941428,1.0,0.25414841710142877,1.0127074208550715,-0.04359071725971413
3,purge,3256.0,100.05291367244051,10.240890654839179,0.10235474689289356,13.004162108839413,1.0,0.25193838043019495,1.0125969190215098,-0.043571305441236205
3,purge,3258.0,100.05291237498555,10.238686514625304,0.10233271847452088,12.917038901789239,1.0,0.24972932670364267,1.012486466335182,-0.04355190320694351
3,purge,3260.0,100.05291107817115,10.236483354451988,0.10231069985014474,12.829954489628138,1.0,0.24752125543760686,1.0123760627718803,-0.043532510551229406
3,purge,3262.0,100.05290978199687,10.234281173836145,0.10228869101493798,12.742908853204536,1.0,0.2453141661481738,1.0122657083074087,-0.043513127468515156
3,purge,3264.0,100.0529084864624,10.232079972295985,0.1022666919640865,12.655901973378008,1.0,0.243108058351714,1.0121554029175857,-0.04349375395322323
3,purge,3266.0,100.05290719156737,10.22987974934954,0.10224470269277422,12.568933831019297,1.0,0.24090293156489434,1.0120451465782447,-0.04347438999976836
3,purge,3268.0,100.05290589731136,10.22768050451494,0.10222272319618635,12.482004407010303,1.0,0.23869878530465016,1.0119349392652326,-0.043455035602578906
3,purge,3270.0,100.05290460369396,10.225482237311047,0.10220075346951521,12.395113682244064,1.0,0.23649561908820635,1.0118247809544103,-0.043435690756080336
3,purge,3272.0,100.05290331071494,10.223284947256518,0.10217879350795088,12.308261637624764,1.0,0.23429343243305512,1.0117146716216527,-0.04341635545471225
3,purge,3274.0,100.05290201837379,10.22108863387073,0.1021568433066911,12.221448254067703,1.0,0.2320922248569737,1.0116046112428487,-0.04339702969291457
3,purge,3276.0,100.05290072667029,10.218893296673013,0.10213490286093274,12.134673512499297,1.0,0.22989199587802056,1.011494599793901,-0.043377713465129905
3,purge,3278.0,100.05289943560388,10.216698935183338,0.10211297216587928,12.047937393857088,1.0,0.22769274501454648,1.0113846372507274,-0.04335840676579549
3,purge,3280.0,100.05289814517425,10.21450554892141,0.10209105121673155,11.96123987908972,1.0,0.22549447178517162,1.0112747235892585,-0.043339109589360506
3,purge,3282.0,100.05289685538114,10.212313137407591,0.10206914000869677,11.87458094915693,1.0,0.2232971757087805,1.011164858785439,-0.04331982193028984
3,purge,3284.0,100.0528955662241,10.210121700162702,0.10204723853698686,11.787960585029547,1.0,0.2211008563045577,1.0110550428152278,-0.043300543783035945
3,purge,3286.0,100.05289427770275,10.207931236707203,0.10202534679681012,11.701378767689459,1.0,0.21890551309195003,1.0109452756545976,-0.04328127514206816
3,purge,3288.0,100.05289298981666,10.205741746562772,0.10200346478338719,11.614835478129649,1.0,0.21671114559071447,1.0108355572795358,-0.04326201600183569
3,purge,3290.0,100.05289170256559,10.203553229250168,0.1019815924919292,11.528330697354168,1.0,0.2145177533208568,1.0107258876660428,-0.043242766356815045
3,purge,3292.0,100.05289041594914,10.201365684291442,0.10195972991766035,11.441864406378107,1.0,0.21232533580265545,1.0106162667901328,-0.0432235262014909
3,purge,3294.0,100.05288912996686,10.199179111208574,0.10193787705580426,11.35543658622761,1.0,0.21013389255668669,1.0105066946278343,-0.043204295530336556
3,purge,3296.0,100.0528878446184,10.196993509523777,0.10191603390158664,11.269047217939855,1.0,0.2079434231038096,1.0103971711551905,-0.04318507433782561
3,purge,3298.0,100.05288655990354,10.194808878759236,0.10189420045023304,11.18269628256306,1.0,0.2057539269651314,1.0102876963482565,-0.043165862618458686
3,purge,3300.0,100.05288527582174,10.192625218438463,0.10187237669698226,11.096383761156462,1.0,0.20356540366207632,1.010178270183104,-0.04314666036670969
3,purge,3302.0,100.05288399237261,10.190442528083727,0.10185056263706083,11.010109634790325,1.0,0.2013778527163197,1.010068892635816,-0.043127467577077146
3,purge,3304.0,100.05288270955599,10.188260807218642,0.10182875826570831,10.923873884545905,1.0,0.19919127364979483,1.0099595636824898,-0.04310828424407813
3,purge,3306.0,100.05288142737125,10.186080055367448,0.101806963578171,10.83767649151546,1.0,0.19700566598477315,1.0098502832992386,-0.043089110362186135
3,purge,3308.0,100.05288014581816,10.183900272053002,0.10178517856968108,10.75151743680226,1.0,0.19482102924375824,1.0097410514621878,-0.043069945925913775
3,purge,3310.0,100.05287886489644,10.181721456799972,0.1017634032354888,10.66539670152054,1.0,0.19263736294951153,1.0096318681474756,-0.04305079092979181
3,purge,3312.0,100.0528775846056,10.17954360913315,0.10174163757084585,10.579314266795503,1.0,0.1904546666251186,1.009522733331256,-0.04303164536831756
3,purge,3314.0,100.05287630494531,10.177366728576628,0.1017198815709968,10.493270113763334,1.0,0.1882729397939181,1.009413646989696,-0.043012509236010577
3,purge,3316.0,100.05287502591514,10.175190814655872,0.10169813523120001,10.407264223571179,1.0,0.18609218197953314,1.0093046090989766,-0.04299338252738774
3,purge,3318.0,100.05287374751488,10.173015866895689,0.10167639854670707,10.32129657737713,1.0,0.1839123927058353,1.009195619635292,-0.04297426523699109
3,purge,3320.0,100.05287246974396,10.170841884822371,0.10165467151278479,10.23536715635023,1.0,0.1817335714970207,1.0090866785748511,-0.042955157359328464
3,purge,3322.0,100.05287119260218,10.168668867960836,0.10163295412468581,10.149475941670465,1.0,0.17955571787752064,1.0089777858938762,-0.04293605888894319
3,purge,3324.0,100.05286991608907,10.166496815837702,0.10161124637768007,10.063622914528732,1.0,0.177378831372038,1.0088689415686019,-0.042916969820385016
3,purge,3326.0,100.05286864020434,10.164325727979419,0.10158954826703567,9.977808056126854,1.0,0.17520291150558273,1.008760145575279,-0.04289789014818256
3,purge,3328.0,100.05286736494756,10.162155603912353,0.10156785978801998,9.89203134767757,1.0,0.17302795780342634,1.0086513978901712,-0.04287881986687884
3,purge,3330.0,100.05286609031845,10.159986443163412,0.10154618093590563,9.806292770404523,1.0,0.17085396979109935,1.008542698489555,-0.042859758971032974
3,purge,3332.0,100.05286481631657,10.157818245260119,0.10152451170597153,9.72059230554226,1.0,0.16868094699442826,1.0084340473497213,-0.04284070745519116
3,purge,3334.0,100.05286354294164,10.155651009729416,0.10150285209349073,9.634929934336197,1.0,0.16650888893948898,1.0083254444469745,-0.04282166531392256
3,purge,3336.0,100.05286227019313,10.153484736099667,0.10148120209375061,9.549305638042648,1.0,0.16433779515266353,1.0082168897576331,-0.04280263254177541
3,purge,3338.0,100.05286099807087,10.151319423898384,0.10145956170202981,9.463719397928799,1.0,0.16216766516059486,1.00810838325803,-0.04278360913331199
3,purge,3340.0,100.05285972657434,10.149155072653944,0.10143793091361583,9.378171195272708,1.0,0.1599984984901839,1.0079999249245093,-0.04276459508311071
3,purge,3342.0,100.05285845570333,10.146991681894962,0.1014163097237983,9.292661011363274,1.0,0.157830294668608,1.0078915147334304,-0.04274559038575122
3,purge,3344.0,100.05285718545731,10.14482925115051,0.10139469812787176,9.207188827500255,1.0,0.1556630532233474,1.0077831526611674,-0.04272659503579414
3,purge,3346.0,100.05285591583608,10.142667779949177,0.10137309612112558,9.121754624994256,1.0,0.15349677368212974,1.0076748386841066,-0.04270760902782393
3,purge,3348.0,100.05285464683917,10.140507267820563,0.1013515036988594,9.03635838516671,1.0,0.15133145557294228,1.0075665727786471,-0.04268863235643922
3,purge,3350.0,100.05285337846625,10.138347714294593,0.10132992085637615,8.95100008934987,1.0,0.14916709842407705,1.007458354921204,-0.04266966501621731
3,purge,3352.0,100.05285211071694,10.136189118900758,0.10130834758897438,8.865679718886817,1.0,0.14700370176408814,1.0073501850882045,-0.0426507070017476
3,purge,3354.0,100.05285084359087,10.13403148116944,0.10128678389196145,8.780397255131454,1.0,0.14484126512179576,1.00724206325609,-0.042631758307628394
3,purge,3356.0,100.05284957708777,10.131874800630957,0.10126522976064412,8.695152679448466,1.0,0.14267978802628112,1.007133989401314,-0.04261281892847004
3,purge,3358.0,100.05284831120721,10.129719076816274,0.1012436851903357,8.609945973213335,1.0,0.14051927000691536,1.0070259635003458,-0.042593888858872726
3,purge,3360.0,100.05284704594878,10.127564309256258,0.10122215017634853,8.524777117812341,1.0,0.13835971059334679,1.0069179855296675,-0.04257496809343635
3,purge,3362.0,100.05284578131223,10.125410497482028,0.10120062471399731,8.43964609464254,1.0,0.13620110931547608,1.0068100554657737,-0.042556056626779484
3,purge,3364.0,100.0528445172971,10.123257641025349,0.10117910879860337,8.354552885111758,1.0,0.1340434657034815,1.006702173285174,-0.04253715445351959
3,purge,3366.0,100.05284325390312,10.12110573941799,0.10115760242548788,8.269497470638589,1.0,0.1318867792878226,1.0065943389643912,-0.04251826156827015
3,purge,3368.0,100.05284199112984,10.11895479219192,0.1011361055899743,8.18447983265212,1.0,0.12973104959921583,1.0064865524799609,-0.04249937796565403
3,purge,3370.0,100.05284072897689,10.116804798879524,0.10111461828739,8.099499952592932,1.0,0.1275762761686618,1.006378813808433,-0.04248050364030244
3,purge,3372.0,100.05283946744409,10.11465575901327,0.10109314051306309,8.014557811911025,1.0,0.1254224585273889,1.0062711229263694,-0.04246163858685716
3,purge,3374.0,100.05283820653095,10.112507672126492,0.10107167226233064,7.929653392068165,1.0,0.12326959620694647,1.0061634798103474,-0.04244278279994504
3,purge,3376.0,100.05283694623705,10.110360537751916,0.10105021353052362,7.8447866745370085,1.0,0.1211176887391619,1.006055884436958,-0.04242393627419388
3,purge,3378.0,100.05283568656213,10.1082143554229,0.10102876431297901,7.759957640800993,1.0,0.11896673565610034,1.005948336782805,-0.04240509900426158
3,purge,3380.0,100.0528344275058,10.10606912467371,0.10100732460504311,7.675166272353353,1.0,0.11681673649010067,1.005840836824505,-0.04238627098478853
3,purge,3382.0,100.05283316906765,10.103924845037774,0.10098589440205383,7.590412550699277,1.0,0.11466769077380291,1.0057333845386902,-0.04236745221041925
3,purge,3384.0,100.05283191124748,10.101781516049215,0.10096447369935582,7.505696457353596,1.0,0.11251959804005271,1.0056259799020026,-0.04234864267583081
3,purge,3386.0,100.05283065404478,10.099639137243402,0.1009430624923065,7.4210179738418525,1.0,0.11037245782202584,1.0055186228911013,-0.04232984237565689
3,purge,3388.0,100.0528293974592,10.09749770815401,0.10092166077624619,7.336377081700449,1.0,0.10822626965313435,1.0054113134826568,-0.042311051304564175
3,purge,3390.0,100.0528281414905,10.09535722831658,0.10090026854653376,7.2517737624765495,1.0,0.10608103306704905,1.0053040516533525,-0.04229226945723273
3,purge,3392.0,100.05282688613823,10.093217697266715,0.10087888579852886,7.167207997728009,1.0,0.10393674759774722,1.0051968373798874,-0.04227349682831734
3,purge,3394.0,100.05282563140206,10.091079114539232,0.10085751252758322,7.082679769023312,1.0,0.10179341277944069,1.005089670638972,-0.04225473341250251
3,purge,3396.0,100.0528243772816,10.088941479670671,0.10083614872906584,6.99818905794159,1.0,0.0996510281466292,1.0049825514073314,-0.04223597920446102
3,purge,3398.0,100.05282312377649,10.086804792196894,0.1008147943983389,6.913735846072623,1.0,0.09750959323409031,1.0048754796617045,-0.042217234198861996
3,purge,3400.0,100.05282187088648,10.084669051653831,0.10079344953076516,6.829320115016814,1.0,0.09536910757682644,1.0047684553788414,-0.04219849839041165
3,purge,3402.0,100.05282061861111,10.082534257578855,0.10077211412172196,6.744941846385188,1.0,0.09322957071013799,1.0046614785355068,-0.042179771773796115
3,purge,3404.0,100.05281936695006,10.080400409508648,0.1007507881665797,6.660601021799405,1.0,0.09109098216961957,1.004554549108481,-0.04216105434368483
3,purge,3406.0,100.05281811590301,10.078267506979683,0.1007294716607066,6.576297622891729,1.0,0.08895334149106894,1.0044476670745535,-0.04214234609480079
3,purge,3408.0,100.05281686546947,10.076135549530578,0.10070816459949249,6.492031631305025,1.0,0.08681664821060274,1.00434083241053,-0.04212364702183036
3,purge,3410.0,100.05281561564925,10.07400453669795,0.10068686697830695,6.407803028692756,1.0,0.08468090186457755,1.0042340450932288,-0.04210495711948462
3,purge,3412.0,100.0528143664419,10.071874468020578,0.10066557879254144,6.3236117967189704,1.0,0.08254610198963544,1.0041273050994817,-0.042086276382463754
3,purge,3414.0,100.05281311784712,10.069745343036079,0.10064430003757552,6.239457917058304,1.0,0.0804122481226701,1.0040206124061337,-0.04206760480548339
3,purge,3416.0,100.05281186986454,10.067617161283222,0.10062303070880055,6.155341371395948,1.0,0.07827933980083186,1.0039139669900417,-0.042048942383270095
3,purge,3418.0,100.05281062249377,10.06548992230102,0.10060177080161015,6.071262141427673,1.0,0.0761473765615737,1.0038073688280789,-0.042030289110525955
3,purge,3420.0,100.05280937573448,10.063363625627975,0.1005805203113928,5.987220208859808,1.0,0.07401635794258897,1.0037008178971294,-0.04201164498197675
3,purge,3422.0,100.0528081295864,10.061238270803592,0.10055927923354713,5.903215555409224,1.0,0.07188628348181968,1.003594314174091,-0.04199300999236513
3,purge,3424.0,100.052806884049,10.059113857367866,0.1005380475634767,5.819248162803343,1.0,0.06975715271752404,1.0034878576358761,-0.04197438413639812
3,purge,3426.0,100.05280563912213,10.056990384859676,0.10051682529657363,5.735318012780118,1.0,0.06762896518817105,1.0033814482594086,-0.04195576740882895
3,purge,3428.0,100.05280439480525,10.054867852820077,0.10049561242825221,5.651425087088025,1.0,0.06550172043252792,1.0032750860216264,-0.04193715980438873
3,purge,3430.0,100.05280315109815,10.052746260788792,0.10047440895391299,5.567569367486067,1.0,0.0633754179896196,1.003168770899481,-0.04191856131781806
3,purge,3432.0,100.05280190800043,10.050625608306735,0.10045321486896876,5.483750835743763,1.0,0.06125005739873758,1.003062502869937,-0.041899971943859936
3,purge,3434.0,100.0528006655117,10.048505894914639,0.10043203016883033,5.3999694736411366,1.0,0.059125638199436635,1.0029562819099718,-0.041881391677262146
3,purge,3436.0,100.05279942363165,10.046387120153502,0.10041085484891119,5.316225262968701,1.0,0.057002159931513516,1.0028501079965757,-0.04186282051279348
3,purge,3438.0,100.05279818235988,10.044269283565185,0.10038968890463344,5.232518185527456,1.0,0.05487962213506242,1.0027439811067531,-0.04184425844520044
3,purge,3440.0,100.05279694169617,10.042152384691004,0.1003685323314137,5.148848223128899,1.0,0.05275802435044149,1.0026379012175224,-0.041825705469233594
3,purge,3442.0,100.05279570164006,10.04003642307267,0.10034738512467269,5.065215357594985,1.0,0.050637366118231705,1.0025318683059117,-0.04180716157967896
3,purge,3444.0,100.05279446219114,10.037921398253106,0.10032624727984311,4.981619570758148,1.0,0.04851764697932781,1.0024258823489665,-0.04178862677128726
3,purge,3446.0,100.05279322334923,10.035807309773944,0.10030511879234469,4.8980608444612805,1.0,0.04639886647485764,1.0023199433237429,-0.041770101038836646
3,purge,3448.0,100.05279198511386,10.033694157178461,0.10028399965761377,4.814539160557725,1.0,0.044281024146218755,1.002214051207311,-0.04175158437710387
3,purge,3450.0,100.05279074748474,10.031581940009417,0.10026288987108146,4.731054500911273,1.0,0.04216411953507996,1.002108205976754,-0.04173307678086309
3,purge,3452.0,100.05278951046147,10.02947065780991,0.10024178942818215,4.647606847396146,1.0,0.04004815218335092,1.0020024076091676,-0.04171457824490919
3,purge,3454.0,100.05278827404366,10.02736031012396,0.10022069832435966,4.564196181897002,1.0,0.037933121633241196,1.001896656081662,-0.041696088764011915
3,purge,3456.0,100.05278703823112,10.025250896494523,0.10019961655504689,4.48082248630892,1.0,0.035819027427181384,1.0017909513713592,-0.04167760833297692
3,purge,3458.0,100.05278580302344,10.023142416466428,0.10017854411569563,4.397485742537389,1.0,0.03370586910789,1.0016852934553946,-0.04165913694659359
3,purge,3460.0,100.05278456842017,10.02103486958363,0.10015748100174902,4.314185932498322,1.0,0.03159364621836074,1.0015796823109182,-0.04164067459964507
3,purge,3462.0,100.05278333442102,10.018928255390204,0.10013642720865121,4.230923038118023,1.0,0.029482358301798725,1.00147411791509,-0.04162222128695746
3,purge,3464.0,100.05278210102567,10.016822573431986,0.10011538273186407,4.147697041333187,1.0,0.027372004901724072,1.0013686002450861,-0.041603777003318965
3,purge,3466.0,100.0527808682338,10.014717823253093,0.1000943475668322,4.064507924090901,1.0,0.025262585561894348,1.001263129278095,-0.041585341743540415
3,purge,3468.0,100.05277963604502,10.012614004399087,0.10007332170901469,3.9813556683486118,1.0,0.02315409982630285,1.0011577049913152,-0.04156691550245602
3,purge,3470.0,100.05277840445893,10.010511116416227,0.10005230515387765,3.8982402560741463,1.0,0.021046547239265974,1.0010523273619634,-0.04154849827485547
3,purge,3472.0,100.0527771734753,10.008409158849325,0.10003129789687262,3.815161669245705,1.0,0.018939927345317884,1.000946996367266,-0.04153009005556614
3,purge,3474.0,100.05277594309365,10.006308131245186,0.10001029993347119,3.732119889851838,1.0,0.016834239689257353,1.0008417119844628,-0.04151169083941603
3,purge,3476.0,100.05277471331382,10.004208033149986,0.09998931125913839,3.6491148998914475,1.0,0.014729483816154278,1.0007364741908078,-0.04149330062122862
3,purge,3478.0,100.05277348413527,10.00210886411032,0.09996833186934385,3.5661466813737754,1.0,0.012625659271332895,1.0006312829635666,-0.041474919395835856
3,purge,3480.0,100.05277225556522,10.000010622756147,0.09994736175038788,3.483215216321308,1.0,0.010522765963064557,1.0005261382981532,-0.041456546875235804
3,purge,3482.0,100.05276139399322,9.987254348262496,0.09981987712397204,3.4004217551748717,1.0,0.008615319703671543,1.0004307659851839,-0.04128848573463363
3,purge,3484.0,100.05273322507715,9.945616916531911,0.09940375036190564,3.31823271467685,1.0,0.007053626862065162,1.0003526813431032,-0.04086282534112618
3,purge,3486.0,100.05269163987367,9.879543445588853,0.09874340493656036,3.2371033112116083,1.0,0.005775019249503381,1.0002887509624752,-0.04023755120961953
3,purge,3488.0,100.05263979647586,9.794578917178354,0.09789425783369834,3.15738406758779,1.0,0.004728184471497057,1.000236409223575,-0.03945969746398809
3,purge,3490.0,100.05258025210532,9.695242288568357,0.0969014718474924,3.079340701704922,1.0,0.0038711103873454904,1.0001935555193675,-0.038567347931968955
3,purge,3492.0,100.05251507327348,9.58518824254613,0.09580157215964451,3.0031703515785613,1.0,0.0031693973648605485,1.000158469868243,-0.03759127708698
3,purge,3494.0,100.05244592544467,9.467370250971724,0.094624076037346,2.9290147551810386,1.0,0.0025948838730753478,1.0001297441936539,-0.036556285682622
3,purge,3496.0,100.05237414700629,9.344172316570708,0.09339280947837757,2.8569710987235317,1.0,0.002124512001774822,1.0001062256000888,-0.035482302613086276
3,purge,3498.0,100.05230080944867,9.217515672821959,0.09212697357531914,2.7871008175849235,1.0,0.0017394038649305873,1.0000869701932467,-0.03438528133705262
3,purge,3500.0,100.05222676669736,9.08894398064282,0.09084199596913017,2.719436787954371,1.0,0.0014241038700692613,1.0000712051935035,-0.033277934740433404
3,purge,3502.0,100.05215269549191,8.959693252828638,0.08955022966969445,2.653989190651178,1.0,0.0011659579617842668,1.0000582978980892,-0.032170336602831834
3,purge,3504.0,100.05207912837307,8.830748165552423,0.08826151582739247,2.590750280030781,1.0,0.0009546059264347211,1.0000477302963218,-0.031070412977996537
3,purge,3506.0,100.05200648067357,8.702888297637397,0.08698364584340924,2.5296982651072955,1.0,0.0007815654774342646,1.000039078273872,-0.029984344229747183
3,purge,3508.0,100.05193507257134,8.576725681232661,0.08572273664683894,2.470800460873098,1.0,0.0006398918933227084,1.000031994594666,-0.028916893540670244
3,purge,3510.0,100.05186514711443,8.452735647791078,0.08448353896613851,2.4140158446232847,1.0,0.0005238993538885484,1.0000261949676945,-0.027871675396432635
3,purge,3512.0,100.05179688495247,8.331282015175194,0.08326968904671615,2.359297126873866,1.0,0.00042893270660871846,1.0000214466353305,-0.026851375026322517
3,purge,3514.0,100.05173041637327,8.21263779305607,0.08208391557925607,2.306592425507369,1.0,0.00035118054727000236,1.0000175590273634,-0.025857927683276785
3,purge,3516.0,100.05166583111067,8.097002099204763,0.0809282087603886,2.2558466127627312,1.0,0.00028752245586083656,1.000014376122793,-0.024892664739683167
3,purge,3518.0,100.05160318636646,7.984514092890563,0.07980395954293487,2.2070024006224496,1.0,0.000235403632133626,1.0000117701816067,-0.023956433179384763
3,purge,3520.0,100.05154251334969,7.875264393202276,0.07871207375090188,2.160001209469965,1.0,0.00019273231010213194,1.0000096366155051,-0.023049692987519643
3,purge,3522.0,100.05148382259102,7.7693044304695595,0.07765306553819741,2.114783858681351,1.0,0.00015779597009174393,1.0000078897985047,-0.02217259631695546
3,purge,3524.0,100.05142710828376,7.666654140778588,0.07662713428846062,2.071291116023438,1.0,0.00012919253620205347,1.0000064596268101,-0.02132505214223116
3,purge,3526.0,100.05137235181687,7.567308282720812,0.07563422774563666,2.0294641304724577,1.0,0.00010577401603118047,1.0000052887008015,-0.020506778876944833
3,purge,3528.0,100.05131952463407,7.471241597114499,0.07467409358129427,1.989244768472722,1.0,8.660051847944806e-05,1.000004330025924,-0.01971734696504047
3,purge,3530.0,100.05126859055544,7.3784130346355745,0.07374632164666102,1.9505758734636431,1.0,7.090259499443368e-05,1.0000035451297498,-0.018956213445177204
3,purge,3532.0,100.05121950766691,7.288769237372581,0.07285037876838718,1.9134014645684096,1.0,5.805024445175189e-05,1.0000029025122226,-0.018222750100695826
3,purge,3534.0,100.05117222984472,7.202247378531127,0.0719856371296241,1.8776668839942776,1.0,4.752759405473688e-05,1.0000023763797028,-0.01751626615652286
3,purge,3536.0,100.0511267079714,7.118777457675976,0.07115139720969078,1.843318901807313,1.0,3.8912369805958137e-05,1.0000019456184903,-0.016836026387697618
3,purge,3538.0,100.05108289092992,7.0382842027698755,0.0703469067940286,1.8103057905328952,1.0,3.185882473760512e-05,1.000001592941237,-0.01618126592736257
3,purge,3540.0,100.05104072639274,6.9606886035499045,0.06957137629967426,1.7785773720400373,1.0,2.6083891054950146e-05,1.0000013041945528,-0.015551202005777883
3,purge,3542.0,100.05100016145562,6.885909165906762,0.0688239913123781,1.7480850441200797,1.0,2.1355755130631224e-05,1.0000010677877564,-0.014945043393399703
3,purge,3544.0,100.05096114313099,6.813862908479222,0.06810392254734504,1.718781788890303,1.0,1.7484659411199164e-05,1.0000008742329705,-0.014361997743465322
3,purge,3546.0,100.05092361874198,6.744466176460305,0.06741033398313279,1.6906221689249412,1.0,1.4315284073990945e-05,1.0000007157642037,-0.01380127745692111
3,purge,3548.0,100.05088753623458,6.677635303343827,0.06674238947580995,1.6635623135070303,1.0,1.1720439437088115e-05,1.0000005860219718,-0.01326210432737968
3,purge,3550.0,100.05085284441559,6.613287132917633,0.06609925797635777,1.637559896222822,1.0,9.595954379734372e-06,1.0000004797977189,-0.012743713080040247
3,purge,3552.0,100.05081949312985,6.551339425815607,0.06548011759429383,1.612574105927833,1.0,7.856550122685977e-06,1.000000392827506,-0.012245354009460965
3,purge,3554.0,100.05078743339422,6.491711181600528,0.06488415881706266,1.5885656133754913,1.0,6.432435658259541e-06,1.000000321621783,-0.011766294967696381
3,purge,3556.0,100.0507566174967,6.434322894216917,0.06431058706348347,1.5654965347740448,1.0,5.266473969841975e-06,1.0000002633236984,-0.011305822845784418
3,purge,3558.0,100.0507269990656,6.379096744937328,0.06375862461246187,1.5433303926902642,1.0,4.3118824077721e-06,1.0000002155941203,-0.010863244585527222
3,purge,3560.0,100.05069853311373,6.325956748390548,0.06322751206276535,1.5220320753287495,1.0,3.530331925610213e-06,1.0000001765165962,-0.010437887847673015
3,purge,3562.0,100.05067117606167,6.274828852879325,0.0627165093359279,1.5015677945473414,1.0,2.8904387273216657e-06,1.0000001445219366,-0.010029101348739517
3,purge,3564.0,100.05064488574602,6.2256410099337325,0.062224896371664326,1.4819050434917371,1.0,2.3665239299535025e-06,1.0000001183261966,-0.009636254981169379
3,purge,3566.0,100.05061962141725,6.178323220967977,0.061751973594428584,1.4630125543133063,1.0,1.9375727345804944e-06,1.0000000968786367,-0.009258739779533154
3,purge,3568.0,100.05059534372866,6.132807563145418,0.0612970621721526,1.4448602561211963,1.0,1.5863759795065515e-06,1.000000079318799,-0.008895967749159909
3,purge,3570.0,100.0505720147165,6.089028196523189,0.06085950408786817,1.4274192333207245,1.0,1.2988380771619609e-06,1.0000000649419039,-0.008547371572714305
3,purge,3572.0,100.05054959777469,6.04692135665095,0.06043866206593476,1.4106616845840223,1.0,1.0634169882109034e-06,1.0000000531708495,-0.00821240422642964
3,purge,3574.0,100.05052805762512,6.006425336368923,0.060033919390305085,1.3945608826825955,1.0,8.706658009988609e-07,1.00000004353329,-0.00789053853432713
3,purge,3576.0,100.05050736028461,5.967480459689943,0.0596446796436612,1.3790911352892752,1.0,7.128519034949934e-07,1.000000035642595,-0.007581266681300776
3,purge,3578.0,100.05048747303132,5.930029048918186,0.05927036637894072,1.3642277467879613,1.0,5.836435191808858e-07,1.000000029182176,-0.007284099693814266
3,purge,3580.0,100.05046836436694,5.894015386230419,0.058910422735507915,1.3499469811292717,1.0,4.778552195682257e-07,1.0000000238927609,-0.006998566895514174
3,purge,3582.0,100.05045000398063,5.859385670942522,0.05856431101218834,1.3362260257837244,1.0,3.912413395893756e-07,1.000000019562067,-0.006724215347429608
3,purge,3584.0,100.05043236270991,5.8260879739415525,0.05823151221196532,1.3230429568290998,1.0,3.203264207542545e-07,1.000000016016321,-0.006460609281973809
3,purge,3586.0,100.05041541250407,5.794072190048725,0.05791152556598577,1.3103767051784196,1.0,2.6226528299652565e-07,1.0000000131132643,-0.006207329536647655
3,purge,3588.0,100.05039912638553,5.763289988956217,0.057603868043304064,1.298207023937331,1.0,2.1472823726919562e-07,1.0000000107364118,-0.0059639729907215505
3,purge,3590.0,100.05038347841268,5.733694765199513,0.057308073850977706,1.2865144568784566,1.0,1.75807601330654e-07,1.00000000879038,-0.005730152007640096
3,purge,3592.0,100.05036844364396,5.705241587593417,0.05702369392879393,1.275280308021278,1.0,1.43941478766752e-07,1.000000007197074,-0.005505493886072122
3,purge,3594.0,100.05035399810056,5.677887148656149,0.056750295443871626,1.2644866123009642,1.0,1.178512181810749e-07,1.0000000058925609,-0.005289640322069105
3,purge,3596.0,100.0503401187324,5.651589714246415,0.056487461287383155,1.2541161073020153,1.0,9.64899845046732e-08,1.0000000048244992,-0.005082246883852394
3,purge,3598.0,100.05032678338354,5.626309073688285,0.05623478957614667,1.244152206028651,1.0,7.900063354269251e-08,1.0000000039500316,-0.004882982500078859
3,purge,3600.0,100.05031397075841,5.602006490421255,0.055991893159461216,1.2345789706156745,1.0,6.468088969625161e-08,1.0000000032340446,-0.004691528961219525
4,adsorption,3600.0,100.05031397075841,5.602006490421255,0.055991893159461216,1.2345789706156745,1.0,6.468088969625161e-08,1.0000000032340446,-0.004691528961219525
4,adsorption,3602.0,100.04621406329842,8.550882854463696,0.0854693296945112,1.302519962773677,1.0,0.07997317007288757,1.0039986585036444,0.056328673401378766
4,adsorption,3604.0,100.04710611714162,9.371436001124902,0.0936702356003403,1.4014265990847137,1.0,0.06547649373391226,1.0032738246866957,0.043043133130757305
4,adsorption,3606.0,100.04721191832013,10.019846316089092,0.10015117986765515,1.4826601404629343,1.0,0.06560936470434664,1.0032804682352174,0.041522101660131705
4,adsorption,3608.0,100.04727375860706,10.077407839696368,0.1007264612128365,1.5643721692044883,1.0,0.06673956862360408,1.0033369784311803,0.040769420142321426
4,adsorption,3610.0,100.04726380223636,10.080678037565573,0.10075915776659393,1.6462003847313749,1.0,0.06903231194119847,1.0034516155970599,0.040921195619507314
4,adsorption,3612.0,100.04726467347753,10.08135362052227,0.10076590952710802,1.7280242708043796,1.0,0.07110821334255261,1.0035554106671276,0.04090392099110345
4,adsorption,3614.0,100.04726602906135,10.083545847854955,0.1007878200782211,1.8098092179420264,1.0,0.07317976352531072,1.0036589881762656,0.040884031190901844
4,adsorption,3616.0,100.04726709290084,10.085632674267384,0.10080867741146964,1.8915617049639903,1.0,0.07525564377502862,1.0037627821887514,0.04086816804524253
4,adsorption,3618.0,100.04726817596584,10.087700094864207,0.10082934075842716,1.9732817999766057,1.0,0.07733025440609298,1.0038665127203046,0.040851962437220425
4,adsorption,3620.0,100.04726926399502,10.089770684051658,0.10085003577086898,2.0549693873822776,1.0,0.07940395229808576,1.0039701976149042,0.040835695044861356
4,adsorption,3622.0,100.04727035140135,10.09184020692914,0.10087072012542704,2.136624490182222,1.0,0.08147682823123005,1.0040738414115615,0.04081943621671501
4,adsorption,3624.0,100.04727143757887,10.093907217225494,0.1008913793668351,2.2182471258502137,1.0,0.08354888860364397,1.0041774444301823,0.040803190593838044
4,adsorption,3626.0,100.04727252204263,10.095974306772883,0.100912039401659,2.299837293215482,1.0,0.0856201527021084,1.0042810076351056,0.04078697324333493
4,adsorption,3628.0,100.04727360717001,10.09804064417175,0.10093269191743434,2.3813950109902833,1.0,0.08769057240234535,1.0043845286201172,0.040770746254023715
4,adsorption,3630.0,100.0472746915298,10.100106141752345,0.10095333603932184,2.462920289848024,1.0,0.08976017495446077,1.004488008747723,0.04075453066751894
4,adsorption,3632.0,100.04727577558319,10.102170764922526,0.10097397142109878,2.5444131409113124,1.0,0.09182895170521185,1.0045914475852606,0.040738319511839004
4,adsorption,3634.0,100.04727685928776,10.104234606379482,0.10099459898934238,2.6258735749925575,1.0,0.09389690409743155,1.0046948452048716,0.04072211369614547
4,adsorption,3636.0,100.04727794258567,10.106297622953226,0.10101521831261563,2.7073016036702167,1.0,0.09596403336693489,1.0047982016683468,0.040705913952804894
4,adsorption,3638.0,100.04727902550303,10.108359810398106,0.10103582934845622,2.78869723845641,1.0,0.09803033929320704,1.0049015169646605,0.040689719879573295
4,adsorption,3640.0,100.04728010804239,10.110421179033136,0.10105643220000342,2.8700604907393514,1.0,0.10009582215315738,1.0050047911076578,0.04067353146467573
4,adsorption,3642.0,100.04728119019863,10.112481726887388,0.10107702684756296,2.9513913719411318,1.0,0.10216048233495256,1.0051080241167476,0.04065734878244038
4,adsorption,3644.0,100.04728227197295,10.114541453077681,0.10109761328230651,3.0326898932552977,1.0,0.10422432009406793,1.0052112160047033,0.04064117180826704
4,adsorption,3646.0,100.04728335336624,10.116600358769265,0.10111819151588065,3.113956066500112,1.0,0.10628733572222077,1.005314366786111,0.04062500053332996
4,adsorption,3648.0,100.04728443437801,10.118658444138408,0.1011387615500482,3.1951899018623022,1.0,0.10834952948828397,1.0054174764744142,0.04060883496361546
4,adsorption,3650.0,100.04728551500845,10.120715709298354,0.10115932338594144,3.276391411066964,1.0,0.11041090169013927,1.005520545084507,0.040592675096969365
4,adsorption,3652.0,100.0472865952577,10.12277215467023,0.10117987702776991,3.35756060603842,1.0,0.1124714526289898,1.0056235726314495,0.04057652092984366
4,adsorption,3654.0,100.04728767512582,10.12482778056022,0.10120042247859458,3.438697498419598,1.0,0.11453118260342365,1.0057265591301712,0.0405603724622785
4,adsorption,3656.0,100.04728875461292,10.126882587200031,0.10122095974073168,3.5198020996236647,1.0,0.11659009190396234,1.0058295045951984,0.04054422969261734
4,adsorption,3658.0,100.04728983371915,10.1289365749098,0.10124148881738147,3.6008744210008476,1.0,0.11864818081902949,1.0059324090409514,0.04052809261882606
4,adsorption,3660.0,100.04729091244455,10.130989743984896,0.1012620097114967,3.6819144739186367,1.0,0.12070544963884944,1.0060352724819426,0.04051196123992983
4,adsorption,3662.0,100.0472919907892,10.133042094697439,0.1012825224257977,3.7629222697645877,1.0,0.12276189865352377,1.0061380949326764,0.040495835554456794
4,adsorption,3664.0,100.04729306875326,10.135093627345722,0.10130302696326635,3.84389781992936,1.0,0.1248175281530195,1.006240876407651,0.04047971556076801
4,adsorption,3666.0,100.04729414633674,10.137144342221973,0.10132352332682398,3.9248411357981783,1.0,0.1268723384275791,1.0063436169213789,0.04046360125754816
4,adsorption,3668.0,100.04729522353983,10.1391942396104,0.10134401151931172,4.0057522287506755,1.0,0.12892632976713622,1.0064463164883568,0.04044749264335275
4,adsorption,3670.0,100.04729630036256,10.141243319802715,0.10136449154364567,4.086631110162795,1.0,0.1309795024614513,1.0065489751230725,0.04043138971667611
4,adsorption,3672.0,100.04729737680513,10.143291583089292,0.10138496340272861,4.167477791407843,1.0,0.1330318568003415,1.006651592840017,0.040415292476109504
4,adsorption,3674.0,100.04729845286748,10.145339029757851,0.1014054270994368,4.248292283856566,1.0,0.1350833930735153,1.0067541696536757,0.04039920092021061
4,adsorption,3676.0,100.04729952854986,10.147385660098184,0.10142588263666716,4.329074598876898,1.0,0.13713411157057617,1.006856705578529,0.04038311504751145
4,adsorption,3678.0,100.04730060385224,10.149431474399922,0.10144633001731512,4.409824747833848,1.0,0.1391840125810951,1.0069592006290549,0.04036703485657725
4,adsorption,3680.0,100.04730167877474,10.151476472951622,0.10146676924426515,4.490542742089502,1.0,0.14123309639455653,1.0070616548197278,0.04035096034596406
4,adsorption,3682.0,100.04730275331762,10.15352065604248,0.10148720032040828,4.571228593003043,1.0,0.14328136330035882,1.007164068165018,0.04033489151421903
4,adsorption,3684.0,100.04730382748073,10.155564023961581,0.10150762324863448,4.651882311930756,1.0,0.14532881358783636,1.0072664406793919,0.040318828359897224
4,adsorption,3686.0,100.04730490126425,10.157606576997658,0.10152803803183005,4.732503910226043,1.0,0.1473754475462465,1.0073687723773124,0.040302770881551424
4,adsorption,3688.0,100.04730597466839,10.15964831543963,0.10154844467288318,4.813093399239411,1.0,0.14942126546477527,1.0074710632732387,0.0402867190777365
4,adsorption,3690.0,100.04730704769321,10.161689239576146,0.10156884317467939,4.893650790318469,1.0,0.15146626763252968,1.0075733133816265,0.04027067294700376
4,adsorption,3692.0,100.04730812033866,10.16372934969594,0.1015892335401051,4.974176094807941,1.0,0.1535104543385449,1.0076755227169272,0.04025463248790619
4,adsorption,3694.0,100.04730919260497,10.165768646087576,0.10160961577204498,5.054669324049648,1.0,0.15555382587178326,1.0077776912935892,0.040238597698997985
4,adsorption,3696.0,100.04731026449221,10.167807129039561,0.1016299898733831,5.1351304893825205,1.0,0.1575963825211312,1.0078798191260567,0.04022256857883193
4,adsorption,3698.0,100.04731133600042,10.169844798840295,0.10165035584700255,5.215559602142595,1.0,0.15963812457539656,1.0079819062287698,0.04020654512595743
4,adsorption,3700.0,100.04731240712984,10.171881655778309,0.10167071369578752,5.295956673663011,1.0,0.16167905232332433,1.0080839526161662,0.04019052733893276
4,adsorption,3702.0,100.04731347788042,10.173917700141637,0.10169106342261756,5.376321715274016,1.0,0.16371916605357226,1.0081859583026787,0.04017451521630603
4,adsorption,3704.0,100.04731454825234,10.17595293221874,0.10171140503037619,5.456654738302962,1.0,0.1657584660547322,1.0082879233027366,0.04015850875663187
4,adsorption,3706.0,100.04731561824565,10.177987352297622,0.10173173852194252,5.536955754074308,1.0,0.16779695261531985,1.008389847630766,0.04014250795846332
4,adsorption,3708.0,100.04731668786046,10.180020960666372,0.10175206390019649,5.617224773909614,1.0,0.1698346260237733,1.0084917313011887,0.04012651282035092
4,adsorption,3710.0,100.04731775709682,10.182053757613028,0.10177238116801754,5.697461809127544,1.0,0.17187148656846027,1.0085935743284231,0.04011052334084812
4,adsorption,3712.0,100.04731882595495,10.184085743425477,0.10179269032828347,5.777666871043874,1.0,0.17390753453767352,1.0086953767268836,0.04009453951850786
4,adsorption,3714.0,100.04731989443488,10.186116918391575,0.1018129913838719,5.8578399709714795,1.0,0.17594277021963048,1.0087971385109815,0.0400785613518822
4,adsorption,3716.0,100.0473209625367,10.188147282799093,0.1018332843376596,5.93798112022037,1.0,0.17797719390247468,1.008898859695124,0.040062588839522836
4,adsorption,3718.0,100.0473220302605,10.190176836935725,0.10185356919252256,6.018090330097578,1.0,0.18001080587427473,1.0090005402937137,0.040046621979982745
4,adsorption,3720.0,100.04732309760635,10.192205581089073,0.10187384595133585,6.098167611907465,1.0,0.18204360642302772,1.0091021803211513,0.04003066077181231
4,adsorption,3722.0,100.04732416457446,10.194233515546776,0.10189411461697472,6.178212976951308,1.0,0.1840755958366567,1.009203779791833,0.04001470521356608
4,adsorption,3724.0,100.0473252311648,10.196260640596163,0.10191437519231171,6.258226436527405,1.0,0.18610677440300344,1.0093053387201503,0.039998755303794604
4,adsorption,3726.0,100.04732629737755,10.19828695652475,0.10193462768022085,6.338208001931177,1.0,0.18813714240983692,1.009406857120492,0.039982811041049275
4,adsorption,3728.0,100.04732736321266,10.200312463619836,0.10195487208357434,6.4181576844552835,1.0,0.19016670014485784,1.009508335007243,0.03996687242388344
4,adsorption,3730.0,100.04732842867048,10.202337162168638,0.10197510840524315,6.498075495389276,1.0,0.1921954478956846,1.0096097723947843,0.03995093945084847
4,adsorption,3732.0,100.04732949375091,10.20436105245836,0.10199533664809851,6.577961446020018,1.0,0.1942233859498671,1.0097111692974936,0.039935012120495966
4,adsorption,3734.0,100.04733055845409,10.206384134776103,0.10201555681501043,6.657815547631505,1.0,0.1962505145948821,1.0098125257297441,0.03991909043137793
4,adsorption,3736.0,100.04733162278016,10.208406409408896,0.10203576890884818,6.737637811504789,1.0,0.19827683411813046,1.0099138417059066,0.039903174382045985
4,adsorption,3738.0,100.04733268672918,10.210427876643685,0.10205597293248031,6.817428248917998,1.0,0.20030234480693807,1.0100151172403469,0.03988726397105174
4,adsorption,3740.0,100.04733375030123,10.212448536767356,0.1020761688887747,6.89718687114635,1.0,0.20232704694855608,1.0101163523474277,0.03987135919694674
4,adsorption,3742.0,100.04733481349653,10.214468390066736,0.10209635678059853,6.976913689462205,1.0,0.20435094083016253,1.0102175470415082,0.039855460058282666
4,adsorption,3744.0,100.04733587631496,10.216487436828507,0.10211653661081785,7.056608715134939,1.0,0.20637402673885838,1.010318701336943,0.03983956655361076
4,adsorption,3746.0,100.04733693875679,10.218505677339376,0.10213670838229862,7.136271959431262,1.0,0.20839630496167694,1.0104198152480839,0.039823678681482774
4,adsorption,3748.0,100.047338000822,10.220523111885887,0.10215687209790543,7.2159034336147965,1.0,0.21041777578557153,1.0105208887892785,0.03980779644044987
4,adsorption,3750.0,100.04733906251083,10.222539740754574,0.10217702776050248,7.2955031489461835,1.0,0.21243843949741922,1.0106219219748709,0.03979191982906334
4,adsorption,3752.0,100.04734012382326,10.224555564231865,0.10219717537295321,7.375071116683218,1.0,0.21445829638402436,1.0107229148192012,0.03977604884587464
4,adsorption,3754.0,100.04734118475943,10.2265705826041,0.10221731493812002,7.454607348080848,1.0,0.21647734673211802,1.010823867336606,0.039760183489435115
4,adsorption,3756.0,100.04734224531941,10.228584796157575,0.1022374464588649,7.534111854391142,1.0,0.21849559082835676,1.0109247795414178,0.03974432375829542
4,adsorption,3758.0,100.04734330550336,10.230598205178525,0.10225756993804916,7.6135846468632575,1.0,0.2205130289593235,1.011025651447966,0.03972846965100719
4,adsorption,3760.0,100.04734436531136,10.232610809953057,0.10227768537853295,7.693025736743444,1.0,0.22252966141152636,1.0111264830705764,0.03971262116612169
4,adsorption,3762.0,100.0473454247434,10.234622610767214,0.10229779278317581,7.772435135275019,1.0,0.22454548847139721,1.01122727442357,0.039696778302189456
4,adsorption,3764.0,100.04734648379969,10.23663360790704,0.10231789215483714,7.851812853698501,1.0,0.22656051042529685,1.0113280255212649,0.03968094105776153
4,adsorption,3766.0,100.04734754248028,10.238643801658394,0.10233798349637455,7.931158903251264,1.0,0.22857472755950572,1.0114287363779753,0.03966510943138919
4,adsorption,3768.0,100.0473486007853,10.240653192307144,0.10235806681064573,8.010473295168024,1.0,0.23058814016023554,1.0115294070080119,0.03964928342162324
4,adsorption,3770.0,100.04734965871477,10.242661780139047,0.10237814210050736,8.089756040680621,1.0,0.23260074851362408,1.0116300374256812,0.0396334630270144
4,adsorption,3772.0,100.04735071626891,10.244669565439795,0.10239820936881527,8.169007151017954,1.0,0.2346125529057343,1.0117306276452867,0.03961764824611367
4,adsorption,3774.0,100.04735177344773,10.246676548495,0.10241826861842471,8.248226637405997,1.0,0.23662355362255316,1.0118311776811277,0.039601839077471536
4,adsorption,3776.0,100.04735283025144,10.248682729590215,0.1024383198521901,8.32741451106781,1.0,0.23863375094999384,1.0119316875474997,0.03958603551963902
4,adsorption,3778.0,100.04735388667991,10.250688109010888,0.10245836307296521,8.406570783223586,1.0,0.2406431451738951,1.0120321572586948,0.03957023757116646
4,adsorption,3780.0,100.04735494273339,10.252692687042419,0.1024783982836029,8.485695465090544,1.0,0.24265173658001982,1.012132586829001,0.039554445230604585
4,adsorption,3782.0,100.04735599841207,10.254696463970143,0.10249842548695544,8.56478856788323,1.0,0.2446595254540629,1.0122329762727031,0.03953865849650445
4,adsorption,3784.0,100.04735705371583,10.256699440079267,0.10251844468587412,8.643850102813099,1.0,0.2466665120816381,1.0123333256040818,0.03952287736741575
4,adsorption,3786.0,100.04735810864489,10.258701615654997,0.10253845588321002,8.722880081088626,1.0,0.2486726967482844,1.0124336348374143,0.03950710184188932
4,adsorption,3788.0,100.04735916319936,10.260702990982411,0.10255845908181278,8.801878513915435,1.0,0.2506780797394674,1.0125339039869736,0.03949133191847587
4,adsorption,3790.0,100.04736021737929,10.26270356634652,0.10257845428453174,8.880845412496305,1.0,0.25268266134057904,1.012634133067029,0.039475567595725576
4,adsorption,3792.0,100.04736127118481,10.26470334203229,0.10259844149421542,8.959780788031129,1.0,0.2546864418369378,1.012734322091847,0.039459808872188896
4,adsorption,3794.0,100.04736232461595,10.26670231832457,0.10261842071371154,9.038684651716894,1.0,0.2566894215137873,1.0128344710756894,0.03944405574641623
4,adsorption,3796.0,100.04736337767294,10.268700495508176,0.102638391945867,9.117557014747673,1.0,0.25869160065629604,1.012934580032815,0.03942830821695746
4,adsorption,3798.0,100.04736443035576,10.270697873867828,0.10265835519352828,9.196397888314637,1.0,0.2606929795495588,1.013034648977478,0.03941256628236311
4,adsorption,3800.0,100.04736548266446,10.272694453688159,0.10267831045954072,9.275207283606068,1.0,0.262693558478596,1.0131346779239299,0.03939682994118353
4,adsorption,3802.0,100.0473665345993,10.27469023525375,0.10269825774674898,9.353985211807348,1.0,0.2646933377283533,1.0132346668864176,0.03938109919196864
4,adsorption,3804.0,100.04736758616033,10.27668521884912,0.1027181970579974,9.432731684100952,1.0,0.26669231758370193,1.0133346158791852,0.039365374033268494
4,adsorption,3806.0,100.04736863734753,10.278679404758664,0.10273812839612903,9.511446711666464,1.0,0.26869049832943936,1.013434524916472,0.03934965446363345
4,adsorption,3808.0,100.04736968816114,10.280672793266751,0.10275805176398645,9.590130305680564,1.0,0.27068788025028784,1.0135343940125143,0.03933394048161327
4,adsorption,3810.0,100.04737073860116,10.282665384657651,0.10277796716441148,9.668782477317029,1.0,0.27268446363089577,1.0136342231815447,0.03931823208575813
4,adsorption,3812.0,100.04737178866775,10.284657179215568,0.10279787460024511,9.74740323774674,1.0,0.2746802487558367,1.0137340124377918,0.03930252927461785
4,adsorption,3814.0,100.04737283836099,10.286648177224631,0.10281777407432773,9.825992598137677,1.0,0.27667523590961013,1.0138337617954805,0.0392868320467424
4,adsorption,3816.0,100.04737388768099,10.288638378968892,0.1028376655894988,9.90455056965492,1.0,0.27866942537664124,1.0139334712688322,0.03927114040068182
4,adsorption,3818.0,100.04737493662775,10.290627784732315,0.10285754914859715,9.983077163460647,1.0,0.28066281744128035,1.014033140872064,0.03925545433498578
4,adsorption,3820.0,100.04737598520146,10.292616394798827,0.10287742475446097,10.061572390714138,1.0,0.28265541238780356,1.0141327706193901,0.039239773848204006
4,adsorption,3822.0,100.04737703340223,10.294604209452247,0.10289729240992744,10.140036262571773,1.0,0.28464721050041264,1.0142323605250205,0.0392240989388864
4,adsorption,3824.0,100.04737808123012,10.29659122897633,0.10291715211783319,10.218468790187028,1.0,0.28663821206323503,1.0143319106031619,0.039208429605582774
4,adsorption,3826.0,100.0473791286852,10.298577453654758,0.10293700388101411,10.296869984710481,1.0,0.28862841736032346,1.014431420868016,0.03919276584684271
4,adsorption,3828.0,100.04738017576761,10.300562883771132,0.10295684770230516,10.375239857289808,1.0,0.2906178266756564,1.0145308913337827,0.039177107661215856
4,adsorption,3830.0,100.04738122247748,10.302547519608998,0.10297668358454082,10.453578419069785,1.0,0.2926064402931378,1.0146303220146569,0.03916145504725185
4,adsorption,3832.0,100.04738226881487,10.304531361451797,0.10299651153055464,10.53188568119229,1.0,0.2945942584965975,1.0147297129248298,0.03914580800350031
4,adsorption,3834.0,100.04738331477982,10.30651440958292,0.10301633154317946,10.610161654796293,1.0,0.2965812815697906,1.0148290640784896,0.039130166528510785
4,adsorption,3836.0,100.04738436037249,10.308496664285677,0.10303614362524745,10.688406351017873,1.0,0.2985675097963976,1.01492837548982,0.03911453062083272
4,adsorption,3838.0,100.04738540559292,10.310478125843296,0.10305594777958997,10.7666197809902,1.0,0.3005529434600248,1.0150276471730013,0.03909890027901541
4,adsorption,3840.0,100.04738645044131,10.312458794538948,0.10307574400903764,10.844801955843543,1.0,0.3025375828442049,1.0151268791422103,0.03908327550160901
4,adsorption,3842.0,100.04738749491769,10.314438670655695,0.10309553231642017,10.922952886705277,1.0,0.3045214282323947,1.0152260714116197,0.03906765628716239
4,adsorption,3844.0,100.04738853902218,10.316417754476578,0.10311531270456695,11.001072584699866,1.0,0.30650447990797686,1.015325223995399,0.03905204263422467
4,adsorption,3846.0,100.04738958275485,10.318396046284526,0.10313508517630637,11.079161060948879,1.0,0.308486738154261,1.015424336907713,0.03903643454134601
4,adsorption,3848.0,100.0473906261158,10.32037354636237,0.10315484973446575,11.157218326570957,1.0,0.31046820325447966,1.015523410162724,0.039020832007075006
4,adsorption,3850.0,100.04739166910515,10.322350254992948,0.10317460638187244,11.235244392681915,1.0,0.3124488754917945,1.0156224437745898,0.03900523502996148
4,adsorption,3852.0,100.04739271172295,10.324326172458921,0.1031943551213522,11.313239270394437,1.0,0.3144287551492857,1.0157214377574644,0.03898964360855414
4,adsorption,3854.0,100.04739375396936,10.326301299042967,0.10321409595573072,11.391202970818533,1.0,0.31640784250996584,1.0158203921254982,0.038974057741402716
4,adsorption,3856.0,100.04739479584448,10.328275635027632,0.1032338288878325,11.469135505061342,1.0,0.31838613785677344,1.0159193068928387,0.0389584774270565
4,adsorption,3858.0,100.04739583734833,10.33024918069541,0.10325355392048158,11.547036884227062,1.0,0.3203636414725712,1.0160181820736285,0.038942902664064326
4,adsorption,3860.0,100.04739687848102,10.332221936328713,0.1032732710565011,11.62490711941695,1.0,0.3223403536401464,1.0161170176820074,0.03892733345097522
4,adsorption,3862.0,100.04739791924277,10.334193902209892,0.1032929802987135,11.70274622172936,1.0,0.3243162746422121,1.0162158137321107,0.03891176978633827
4,adsorption,3864.0,100.04739895963354,10.336165078621217,0.10331268164994059,11.780554202259763,1.0,0.32629140476140794,1.0163145702380705,0.03889621166870296
4,adsorption,3866.0,100.04739999965341,10.338135465844854,0.10333237511300312,11.858331072100665,1.0,0.32826574428029637,1.0164132872140148,0.03888065909661793
4,adsorption,3868.0,100.04740103930261,10.340105064162946,0.1033520606907214,11.936076842341887,1.0,0.3302392934813717,1.0165119646740686,0.038865112068632204
4,adsorption,3870.0,100.04740207858113,10.342073873857535,0.10337173838591497,12.013791524070156,1.0,0.3322120526470495,1.0166106026323525,0.03884957058329552
4,adsorption,3872.0,100.04740311748915,10.34404189521057,0.10339140820140229,12.091475128369225,1.0,0.33418402205966713,1.0167092011029835,0.038834034639155864
4,adsorption,3874.0,100.04740415602673,10.346009128503965,0.10341107014000159,12.16912766631995,1.0,0.3361552020014891,1.0168077601000745,0.038818504234762526
4,adsorption,3876.0,100.04740519419393,10.347975574019534,0.10343072420452999,12.246749149000435,1.0,0.33812559275470944,1.0169062796377355,0.03880297936866473
4,adsorption,3878.0,100.04740623199082,10.349941232039003,0.10345037039780386,12.324339587485651,1.0,0.34009519460144094,1.017004759730072,0.03878746003941097
4,adsorption,3880.0,100.04740726941763,10.35190610284407,0.10347000872263912,12.401898992847888,1.0,0.3420640078237281,1.0171032003911864,0.03877194624555018
4,adsorption,3882.0,100.04740830647435,10.35387018671632,0.10348963918185067,12.479427376156565,1.0,0.3440320327035419,1.017201601635177,0.03875643798563138
4,adsorption,3884.0,100.04740934316109,10.355833483937266,0.10350926177825269,12.556924748478142,1.0,0.3459992695227771,1.0172999634761388,0.03874093525820333
4,adsorption,3886.0,100.04741037947801,10.357795994788377,0.10352887651465886,12.634391120876156,1.0,0.3479657185632533,1.0173982859281627,0.0387254380618145
4,adsorption,3888.0,100.0474114154251,10.359757719551004,0.10354848339388179,12.71182650441122,1.0,0.3499313801067161,1.0174965690053357,0.038709946395014176
4,adsorption,3890.0,100.04741245100257,10.36171865850647,0.10356808241873361,12.789230910141063,1.0,0.3518962544348361,1.0175948127217418,0.0386944602563509
4,adsorption,3892.0,100.04741348621046,10.363678811935971,0.10358767359202545,12.866604349120506,1.0,0.35386034182920917,1.0176930170914604,0.03867897964437305
4,adsorption,3894.0,100.04741452104882,10.365638180120671,0.10360725691656793,12.943946832401467,1.0,0.3558236425713572,1.017791182128568,0.038663504557629326
4,adsorption,3896.0,100.04741555551782,10.367596763341659,0.10362683239517088,13.02125837103297,1.0,0.3577861569427284,1.0178893078471365,0.038648034994668796
4,adsorption,3898.0,100.04741658961753,10.369554561879923,0.10364640003064333,13.098538976061151,1.0,0.3597478852246967,1.0179873942612347,0.03863257095404041
4,adsorption,3900.0,100.04741762334811,10.37151157601637,0.10366595982579331,13.175788658529177,1.0,0.361708827698558,1.0180854413849278,0.038617112434291744
4,adsorption,3902.0,100.04741865670954,10.373467806031888,0.10368551178342873,13.253007429477524,1.0,0.3636689846455416,1.018183449232277,0.038601659433972035
4,adsorption,3904.0,100.047419689702,10.37542325220724,0.10370505590635631,13.330195299943579,1.0,0.36562835634679713,1.0182814178173398,0.03858621195163023
4,adsorption,3906.0,100.04742072232557,10.3773779148231,0.10372459219738177,13.407352280961753,1.0,0.36758694308339585,1.0183793471541698,0.038570769985813755
4,adsorption,3908.0,100.04742175458034,10.379331794160144,0.10374412065931084,13.484478383563557,1.0,0.369544745136337,1.018477237256817,0.038555333535071755
4,adsorption,3910.0,100.04742278646644,10.381284890498904,0.10376364129494793,13.56157361877775,1.0,0.37150176278654923,1.0185750881393276,0.03853990259795346
4,adsorption,3912.0,100.04742381798386,10.383237204119828,0.10378315410709664,13.63863799762996,1.0,0.3734579963148784,1.018672899815744,0.03852447717300601
4,adsorption,3914.0,100.04742484913285,10.385188735303391,0.10380265909856054,13.715671531143137,1.0,0.37541344600210436,1.0187706723001053,0.03850905725877869
4,adsorption,3916.0,100.04742587991329,10.387139484329852,0.1038221562721415,13.792674230337342,1.0,0.3773681121289321,1.0188684056064465,0.03849364285382023
4,adsorption,3918.0,100.04742691032554,10.389089451479506,0.10384164563064126,13.869646106229697,1.0,0.3793219949759901,1.0189660997487995,0.03847823395667839
4,adsorption,3920.0,100.04742794036952,10.39103863703253,0.10386112717686076,13.946587169834382,1.0,0.3812750948238325,1.0190637547411916,0.03846283056590173
4,adsorption,3922.0,100.04742897004546,10.392987041269041,0.10388060091360006,14.023497432162673,1.0,0.3832274119529396,1.019161370597647,0.03844743268003945
4,adsorption,3924.0,100.04742999935333,10.394934664469032,0.1039000668436583,14.100376904222943,1.0,0.38517894664371444,1.0192589473321858,0.03843204029763845
4,adsorption,3926.0,100.0474310282932,10.396881506912509,0.1039195249698345,14.177225597020659,1.0,0.3871296991764883,1.0193564849588244,0.03841665341724774
4,adsorption,3928.0,100.04743205686535,10.398827568879346,0.10393897529492631,14.254043521558398,1.0,0.38907966983151876,1.019453983491576,0.03840127203741672
4,adsorption,3930.0,100.0474330850697,10.400772850649314,0.10395841782173067,14.330830688835821,1.0,0.3910288588889857,1.0195514429444492,0.03838589615669244
4,adsorption,3932.0,100.04743411290649,10.402717352502199,0.10397785255304422,14.407587109849691,1.0,0.3929772666289967,1.01964886333145,0.03837052577362362
4,adsorption,3934.0,100.04743514037568,10.40466107471762,0.10399727949166243,14.484312795593874,1.0,0.3949248933315837,1.0197462446665793,0.03835516088675786
4,adsorption,3936.0,100.04743616747746,10.406604017575198,0.10401669864038042,14.561007757059317,1.0,0.39687173927670605,1.0198435869638356,0.038339801494644436
4,adsorption,3938.0,100.04743719421187,10.408546181354408,0.10403611000199198,14.637672005234073,1.0,0.3988178047442471,1.0199408902372125,0.0383244475958313
4,adsorption,3940.0,100.04743822057901,10.41048756633472,0.10405551357929081,14.714305551103296,1.0,0.40076309001401633,1.020038154500701,0.038309099188866824
4,adsorption,3942.0,100.04743924657907,10.412428172795476,0.10407490937506939,14.790908405649231,1.0,0.4027075953657481,1.0201353797682875,0.038293756272298904
4,adsorption,3944.0,100.04744027221196,10.41436800101596,0.10409429739211969,14.867480579851215,1.0,0.404651321079102,1.020232566053955,0.03827841884467533
4,adsorption,3946.0,100.04744129747804,10.41630705127543,0.10411367763323298,14.944022084685686,1.0,0.40659426743366595,1.0203297133716833,0.038263086904545746
4,adsorption,3948.0,100.0474423223772,10.418245323852961,0.10413305010119939,15.020532931126182,1.0,0.40853643470895024,1.0204268217354475,0.03824776045045762
4,adsorption,3950.0,100.0474433469096,10.420182819027644,0.10415241479880874,15.097013130143333,1.0,0.41047782318439086,1.0205238911592196,0.03823243948095826
4,adsorption,3952.0,100.04744437107533,10.42211953707849,0.10417177172885013,15.173462692704865,1.0,0.4124184331393506,1.0206209216569677,0.038217123994596196
4,adsorption,3954.0,100.0474453948745,10.424055478284407,0.10419112089411167,15.249881629775603,1.0,0.4143582648531191,1.020717913242656,0.03820181398992087
4,adsorption,3956.0,100.04744641830717,10.425990642924193,0.10421046229738047,15.326269952317464,1.0,0.41629731860490815,1.0208148659302454,0.038186509465479114
4,adsorption,3958.0,100.04744744137354,10.427925031276683,0.10422979594144376,15.402627671289464,1.0,0.41823559467385774,1.020911779733693,0.03817121041981977
4,adsorption,3960.0,100.04744846407351,10.429858643620488,0.10424912182908684,15.47895479764772,1.0,0.42017309333903063,1.0210086546669515,0.03815591685148953
4,adsorption,3962.0,100.04744948640743,10.431791480234331,0.10426843996309577,15.555251342345436,1.0,0.4221098148794192,1.021105490743971,0.038140628759038286
4,adsorption,3964.0,100.04745050837528,10.43372354139667,0.10428775034625426,15.631517316332916,1.0,0.4240457595739394,1.021202287978697,0.038125346141014455
4,adsorption,3966.0,100.04745152997704,10.435654827385966,0.10430705298134604,15.707752730557564,1.0,0.4259809277014289,1.0212990463850715,0.0381100689959633
4,adsorption,3968.0,100.04745255121293,10.437585338480702,0.10432634787115487,15.783957595963873,1.0,0.4279153195406571,1.021395765977033,0.038094797322435106
4,adsorption,3970.0,100.04745357208307,10.439515074959116,0.10434563501846213,15.860131923493443,1.0,0.42984893537031676,1.0214924467685158,0.03807953111897825
4,adsorption,3972.0,100.04745459258753,10.441444037099469,0.10436491442604948,15.936275724084958,1.0,0.4317817754690235,1.0215890887734511,0.038064270384139225
4,adsorption,3974.0,100.0474556127264,10.443372225179976,0.10438418609669811,16.0123890086742,1.0,0.4337138401153217,1.0216856920057664,0.038049015116466973
4,adsorption,3976.0,100.0474566324997,10.445299639478677,0.10440345003318752,16.088471788194056,1.0,0.43564512958768065,1.021782256479384,0.03803376531450979
4,adsorption,3978.0,100.04745765190765,10.447226280273627,0.10442270623829715,16.164524073574505,1.0,0.43757564416449435,1.0218787822082247,0.038018520976815504
4,adsorption,3980.0,100.0474586709503,10.449152147842772,0.10444195471480557,16.240545875742647,1.0,0.4395053841240836,1.021975269206204,0.03800328210193225
4,adsorption,3982.0,100.04745968962774,10.45107724246396,0.10446119546549028,16.316537205622602,1.0,0.44143434974469153,1.0220717174872345,0.037988048688407376
4,adsorption,3984.0,100.04746070794008,10.45300156441501,0.10448042849312844,16.392498074135798,1.0,0.44336254130449254,1.0221681270652245,0.03797282073478823
4,adsorption,3986.0,100.04746172588733,10.454925113973676,0.10449965380049675,16.468428492200587,1.0,0.4452899590815849,1.0222644979540791,0.03795759823962458
4,adsorption,3988.0,100.04746274346978,10.456847891417542,0.1045188713903699,16.544328470732324,1.0,0.4472166033539877,1.0223608301676994,0.037942381201463975
4,adsorption,3990.0,100.04746376068728,10.458769897024215,0.10453808126552318,16.620198020643482,1.0,0.44914247439964483,1.0224571237199822,0.03792716961885336
4,adsorption,3992.0,100.0474647775402,10.460691131071231,0.10455728342873079,16.696037152843765,1.0,0.4510675724964323,1.0225533786248215,0.03791196349034197
4,adsorption,3994.0,100.04746579402843,10.46261159383594,0.1045764778827654,16.77184587823976,1.0,0.4529918979221439,1.0226495948961072,0.03789676281447709
4,adsorption,3996.0,100.04746681015216,10.464531285595756,0.10459566463040007,16.847624207735358,1.0,0.4549154509545051,1.0227457725477256,0.03788156758980686
4,adsorption,3998.0,100.04746782591138,10.466450206627924,0.10461484367440642,16.92337215223157,1.0,0.4568382318711677,1.0228419115935583,0.03786637781487942
4,adsorption,4000.0,100.04746884130633,10.46836835720966,0.10463401501755548,16.99908972262647,1.0,0.45876024094970724,1.0229380120474854,0.03785119348824232
4,adsorption,4002.0,100.047469856337,10.470285737618097,0.1046531786626177,17.07477692981518,1.0,0.4606814784676248,1.0230340739233812,0.03783601460844378
4,adsorption,4004.0,100.0474708710036,10.472202348130274,0.10467233461236247,17.150433784689927,1.0,0.4626019447023464,1.0231300972351174,0.037820841174031714
4,adsorption,4006.0,100.04747188530611,10.47411818902319,0.10469148286955882,17.226060298140023,1.0,0.4645216399312236,1.0232260819965613,0.037805673183553934
4,adsorption,4008.0,100.04747289924468,10.476033260573734,0.10471062343697465,17.301656481051893,1.0,0.46644056443153387,1.0233220282215767,0.03779051063555865
4,adsorption,4010.0,100.04747391281937,10.477947563058745,0.10472975631737737,17.37722234430904,1.0,0.46835871848048005,1.023417935924024,0.03777535352859373
4,adsorption,4012.0,100.04747492603035,10.479861096754968,0.10474888151353352,17.452757898792076,1.0,0.4702761023551901,1.0235138051177595,0.03776020186120684
4,adsorption,4014.0,100.04747593887768,10.481773861939102,0.104767999028209,17.528263155378706,1.0,0.47219271633271825,1.023609635816636,0.03774505563194615
4,adsorption,4016.0,100.0474769513614,10.48368585888773,0.10478710886416881,17.603738124943735,1.0,0.47410856069004365,1.0237054280345022,0.03772991483935941
4,adsorption,4018.0,100.04747796348177,10.485597087877412,0.10480621102417743,17.67918281835905,1.0,0.47602363570407136,1.0238011817852035,0.037714779481994705
4,adsorption,4020.0,100.04747897523872,10.487507549184588,0.10482530551099842,17.754597246493653,1.0,0.477937941651632,1.0238968970825817,0.03769964955839997
4,adsorption,4022.0,100.04747998663237,10.48941724308565,0.10484439232739466,17.82998142021362,1.0,0.47985147880948154,1.023992573940474,0.0376845250671232
4,adsorption,4024.0,100.04748099766287,10.491326169856894,0.10486347147612815,17.905335350382142,1.0,0.4817642474543013,1.024088212372715,0.03766940600671218
4,adsorption,4026.0,100.04748200833029,10.493234329774575,0.10488254295996051,17.9806590478595,1.0,0.48367624786269836,1.0241838123931348,0.037654292375714715
4,adsorption,4028.0,100.04748301863478,10.495141723114848,0.10490160678165217,18.05595252350307,1.0,0.4855874803112062,1.0242793740155602,0.03763918417267952
4,adsorption,4030.0,100.04748402857632,10.497048350153769,0.1049206629439629,18.131215788167317,1.0,0.4874979450762816,1.024374897253814,0.03762408139615335
4,adsorption,4032.0,100.04748503815519,10.49895421116741,0.10493971144965229,18.20644885270381,1.0,0.4894076424343093,1.0244703821217154,0.037608984044685045
4,adsorption,4034.0,100.04748604737127,10.500859306431641,0.10495875230147822,18.28165172796122,1.0,0.49131657266159756,1.0245658286330799,0.037593892116821785
4,adsorption,4036.0,100.04748705622487,10.502763636222383,0.1049777855021988,18.356824424785295,1.0,0.4932247360343826,1.0246612368017192,0.03757880561111261
4,adsorption,4038.0,100.04748806471585,10.50466720081536,0.10499681105457041,18.431966954018893,1.0,0.4951321328288231,1.024756606641441,0.03756372452610422
4,adsorption,4040.0,100.04748907284456,10.506570000486358,0.1050158289613498,18.507079326501966,1.0,0.49703876332100577,1.0248519381660504,0.03754864886034526
4,adsorption,4042.0,100.04749008061091,10.50847203551096,0.10503483922529197,18.58216155307156,1.0,0.4989446277869417,1.024947231389347,0.03753357861238334
4,adsorption,4044.0,100.04749108801511,10.510373306164766,0.10505384184915183,18.65721364456182,1.0,0.5008497265025682,1.0250424863251284,0.03751851378076683
4,adsorption,4046.0,100.04749209505718,10.512273812723238,0.10507283683568311,18.732235611803983,1.0,0.5027540597437476,1.0251377029871873,0.037503454364043544
4,adsorption,4048.0,100.04749310173725,10.514173555461804,0.10509182418763907,18.80722746562638,1.0,0.5046576277862677,1.0252328813893137,0.037488400360761245
4,adsorption,4050.0,100.04749410805536,10.516072534655803,0.10511080390777222,18.882189216854442,1.0,0.5065604309058415,1.025328021545292,0.037473351769467506
4,adsorption,4052.0,100.04749511401177,10.517970750580524,0.1051297759988343,18.9571208763107,1.0,0.5084624693781093,1.0254231234689055,0.03745830858871132
4,adsorption,4054.0,100.04749611960641,10.519868203511125,0.10514874046357603,19.03202245481477,1.0,0.5103637434786354,1.025518187173932,0.037443270817040325
4,adsorption,4056.0,100.04749712483937,10.521764893722723,0.10516769730474772,19.106893963183374,1.0,0.5122642534829083,1.0256132126741455,0.03742823845300107
4,adsorption,4058.0,100.04749812971093,10.523660821490425,0.1051866465250992,19.181735412230317,1.0,0.5141639996663466,1.0257081999833173,0.03741321149514403
4,adsorption,4060.0,100.04749913422096,10.525555987089096,0.10520558812737837,19.256546812766526,1.0,0.5160629823042895,1.0258031491152144,0.03739818994201535
4,adsorption,4062.0,100.04750013836974,10.52745039079372,0.10522452211433402,19.33132817559999,1.0,0.5179612016720034,1.0258980600836,0.03738317379216293
4,adsorption,4064.0,100.04750114215726,10.529344032879091,0.10524344848871309,19.40607951153582,1.0,0.5198586580446831,1.0259929329022341,0.03736816304413649
4,adsorption,4066.0,100.04750214558374,10.531236913619926,0.10526236725326175,19.480800831376207,1.0,0.521755351697445,1.0260877675848723,0.03735315769648303
4,adsorption,4068.0,100.04750314864901,10.533129033290908,0.10528127841072606,19.555492145920454,1.0,0.5236512829053311,1.0261825641452667,0.03733815774774929
4,adsorption,4070.0,100.04750415135348,10.535020392166686,0.10530018196385124,19.630153465964945,1.0,0.5255464519433128,1.0262773225971658,0.0373231631964852
4,adsorption,4072.0,100.04750515369709,10.536910990521703,0.10531907791538098,19.704784802303163,1.0,0.5274408590862841,1.0263720429543142,0.03730817404123841
4,adsorption,4074.0,100.04750615567993,10.538800828630439,0.10533796626805905,19.779386165725697,1.0,0.5293345046090634,1.0264667252304531,0.037293190280555555
4,adsorption,4076.0,100.04750715730214,10.540689906767318,0.10535684702462861,19.85395756702022,1.0,0.5312273887863987,1.0265613694393199,0.03727821191298667
4,adsorption,4078.0,100.04750815856384,10.542578225206555,0.10537572018783094,19.928499016971507,1.0,0.5331195118929608,1.026655975594648,0.03726323893707934
4,adsorption,4080.0,100.04750915946508,10.544465784222421,0.10539458576040774,20.003010526361432,1.0,0.5350108742033453,1.0267505437101672,0.03724827135138067
4,adsorption,4082.0,100.04751016000588,10.546352584089036,0.10541344374509937,20.07749210596896,1.0,0.5369014759920732,1.0268450737996035,0.03723330915443795
4,adsorption,4084.0,100.04751116018654,10.548238625080554,0.10543229414464612,20.15194376657015,1.0,0.5387913175335958,1.0269395658766798,0.03721835234480179
4,adsorption,4086.0,100.047512160007,10.550123907470878,0.10545113696178628,20.22636551893816,1.0,0.5406803991022862,1.0270340199551142,0.03720340092102004
4,adsorption,4088.0,100.04751315946741,10.552008431533975,0.10546997219925848,20.30075737384325,1.0,0.5425687209724411,1.0271284360486221,0.03718845488163911
4,adsorption,4090.0,100.04751415856788,10.553892197543707,0.10548879985980035,20.37511934205277,1.0,0.5444562834182848,1.0272228141709145,0.037173514225206775
4,adsorption,4092.0,100.04751515730841,10.555775205773852,0.10550761994614874,20.449451434331166,1.0,0.5463430867139689,1.0273171543356985,0.03715857895027252
4,adsorption,4094.0,100.04751615568918,10.557657456498097,0.10552643246103954,20.523753661439983,1.0,0.5482291311335701,1.0274114565566785,0.03714364905538508
4,adsorption,4096.0,100.04751715371033,10.559538949990065,0.10554523740720793,20.598026034137856,1.0,0.5501144169510873,1.0275057208475544,0.03712872453909095
4,adsorption,4098.0,100.04751815137185,10.561419686523342,0.10556403478738895,20.67226856318053,1.0,0.5519989444404482,1.0275999472220223,0.03711380539993892
4,adsorption,4100.0,100.04751914867394,10.56329966637141,0.10558282460431624,20.746481259320834,1.0,0.5538827138755071,1.0276941356937754,0.03709889163647892
4,adsorption,4102.0,100.04752014561664,10.56517888980761,0.10560160686072236,20.820664133308696,1.0,0.5557657255300391,1.027788286276502,0.03708398324725665
4,adsorption,4104.0,100.04752114220003,10.567057357105336,0.10562038155934034,20.89481719589114,1.0,0.5576479796777469,1.0278823989838874,0.03706908023081979
4,adsorption,4106.0,100.0475221384242,10.568935068537849,0.10563914870290174,20.96894045781229,1.0,0.5595294765922623,1.027976473829613,0.037054182585718784
4,adsorption,4108.0,100.04752313428934,10.570812024378291,0.10565790829413702,21.043033929813365,1.0,0.56141021654714,1.028070510827357,0.037039290310501904
4,adsorption,4110.0,100.04752412979552,10.572688224899794,0.1056766603357764,21.117097622632677,1.0,0.5632901998158588,1.028164509990793,0.037024403403716356
4,adsorption,4112.0,100.04752512494274,10.574563670375383,0.10569540483054937,21.19113154700564,1.0,0.565169426671824,1.0282584713335914,0.03700952186390992
4,adsorption,4114.0,100.04752611973113,10.576438361078011,0.10571414178118445,21.265135713664762,1.0,0.567047897388367,1.0283523948694184,0.036994645689631095
4,adsorption,4116.0,100.04752711416093,10.578312297280611,0.10573287119040982,21.33911013333964,1.0,0.5689256122387468,1.0284462806119374,0.03697977487942975
4,adsorption,4118.0,100.04752810823202,10.580185479255913,0.10575159306095205,21.413054816756986,1.0,0.5708025714961441,1.0285401285748073,0.03696490943185274
4,adsorption,4120.0,100.04752910194465,10.582057907276706,0.10577030739553789,21.486969774640592,1.0,0.5726787754336664,1.0286339387716834,0.03695004934544798
4,adsorption,4122.0,100.04753009529885,10.583929581615672,0.10578901419689321,21.560855017711354,1.0,0.5745542243243498,1.0287277112162176,0.03693519461876583
4,adsorption,4124.0,100.04753108829475,10.585800502545329,0.10580771346774229,21.63471055668726,1.0,0.5764289184411523,1.0288214459220577,0.036920345250353565
4,adsorption,4126.0,100.04753208093243,10.587670670338237,0.10582640521080969,21.7085364022834,1.0,0.5783028580569581,1.0289151429028478,0.03690550123875933
4,adsorption,4128.0,100.04753307321204,10.589540085266826,0.10584508942881872,21.782332565211963,1.0,0.5801760434445767,1.029008802172229,0.03689066258253061
4,adsorption,4130.0,100.04753406513349,10.591408747603435,0.10586376612449197,21.856099056182224,1.0,0.5820484748767427,1.029102423743837,0.0368758292802149
4,adsorption,4132.0,100.04753505669714,10.593276657620459,0.10588243530055214,21.92983588590056,1.0,0.5839201526261241,1.0291960076313063,0.036861001330365614
4,adsorption,4134.0,100.04753604790292,10.59514381558993,0.10590109695971882,22.003543065070453,1.0,0.5857910769653034,1.0292895538482651,0.0368461787315276
4,adsorption,4136.0,100.04753703875095,10.597010221784135,0.1059197511047138,22.07722060439247,1.0,0.5876612481667929,1.0293830624083395,0.03683136148224911
4,adsorption,4138.0,100.04753802924145,10.598875876475134,0.1059383977382566,22.15086851456428,1.0,0.5895306665030341,1.0294765333251517,0.03681654958108101
4,adsorption,4140.0,100.04753901937428,10.60074077993479,0.10595703686306517,22.22448680628065,1.0,0.5913993322463862,1.0295699666123193,0.0368017430265682
4,adsorption,4142.0,100.04754000914974,10.602604932435172,0.10597566848185895,22.298075490233447,1.0,0.5932672456691401,1.029663362283457,0.03678694181726037
4,adsorption,4144.0,100.04754099856783,10.604468334248065,0.10599429259735495,22.371634577111625,1.0,0.5951344070435134,1.0297567203521756,0.03677214595170803
4,adsorption,4146.0,100.0475419876287,10.606330985645203,0.1060129092122695,22.44516407760124,1.0,0.5970008166416454,1.0298500408320823,0.036757355428458545
4,adsorption,4148.0,100.0475429763324,10.608192886898328,0.10603151832931909,22.51866400238545,1.0,0.5988664747356021,1.02994332373678,0.03674257024606069
4,adsorption,4150.0,100.04754396467902,10.610054038279046,0.1060501199512188,22.59213436214451,1.0,0.6007313815973758,1.0300365690798687,0.036727790403063
4,adsorption,4152.0,100.04754495266876,10.611914440058897,0.10606871408068294,22.665575167555758,1.0,0.6025955374988841,1.0301297768749442,0.03671301589801442
4,adsorption,4154.0,100.04754594030157,10.613774092509326,0.10608730072042517,22.73898642929365,1.0,0.6044589427119674,1.0302229471355984,0.03669824672946158
4,adsorption,4156.0,100.04754692757768,10.615632995901814,0.10610587987315918,22.812368158029727,1.0,0.6063215975083982,1.0303160798754198,0.03668348289595611
4,adsorption,4158.0,100.04754791449709,10.617491150507579,0.10612445154159628,22.88572036443263,1.0,0.6081835021598692,1.0304091751079936,0.036668724396045356
4,adsorption,4160.0,100.04754890105991,10.619348556597936,0.10614301572844861,22.959043059168096,1.0,0.6100446569379991,1.0305022328469,0.036653971228277446
4,adsorption,4162.0,100.04754988726627,10.621205214444043,0.10616157243642678,23.032336252898958,1.0,0.6119050621143347,1.0305952531057168,0.036639223391201924
4,adsorption,4164.0,100.04755087311628,10.623061124316989,0.10618012166824069,23.105599956285154,1.0,0.6137647179603468,1.0306882358980174,0.03662448088336752
4,adsorption,4166.0,100.04755185861009,10.624916286487815,0.10619866342659974,23.17883417998371,1.0,0.6156236247474329,1.0307811812373717,0.03660974370332346
4,adsorption,4168.0,100.04755284374754,10.626770701227436,0.10621719771421231,23.25203893464876,1.0,0.6174817827469133,1.0308740891373456,0.0365950118496172
4,adsorption,4170.0,100.04755382852908,10.628624368806772,0.10623572453378631,23.32521423093153,1.0,0.6193391922300361,1.0309669596115019,0.03658028532079756
4,adsorption,4172.0,100.04755481295454,10.630477289496648,0.10625424388802926,23.398360079480337,1.0,0.621195853467979,1.0310597926733989,0.03656556411541687
4,adsorption,4174.0,100.04755579702417,10.632329463567684,0.10627275577964627,23.47147649094061,1.0,0.6230517667318382,1.031152588336592,0.03655084823202158
4,adsorption,4176.0,100.04755678073795,10.634180891290582,0.10629126021134348,23.54456347595486,1.0,0.6249069322926332,1.0312453466146316,0.03653613766915663
4,adsorption,4178.0,100.04755776409608,10.63603157293606,0.10630975718582704,23.617621045162718,1.0,0.6267613504213235,1.0313380675210662,0.03652143242537803
4,adsorption,4180.0,100.0475587470986,10.637881508774345,0.10632824670579827,23.690649209200885,1.0,0.6286150213887791,1.031430751069439,0.03650673249923003
4,adsorption,4182.0,100.04755972974561,10.639730699076107,0.10634672877396291,23.763647978703183,1.0,0.6304679454658019,1.0315233972732902,0.03649203788926178
4,adsorption,4184.0,100.04756071203725,10.641579144111645,0.10636520339302286,23.836617364300515,1.0,0.6323201229231239,1.0316160061461563,0.03647734859402628
4,adsorption,4186.0,100.0475616939736,10.643426844151143,0.10638367056567907,23.909557376620896,1.0,0.6341715540313955,1.0317085777015698,0.036462664612070574
4,adsorption,4188.0,100.04756267555464,10.645273799464855,0.10640213029463329,23.982468026289435,1.0,0.6360222390611898,1.0318011119530595,0.036447985941939424
4,adsorption,4190.0,100.0475636567807,10.647120010323059,0.10642058258258698,24.055349323928333,1.0,0.6378721782830191,1.0318936089141513,0.03643331258218823
4,adsorption,4192.0,100.04756463765166,10.64896547699555,0.10643902743223738,24.1282012801569,1.0,0.6397213719673086,1.0319860685983657,0.03641864453136274
4,adsorption,4194.0,100.0475656181677,10.650810199752494,0.10645746484628514,24.20102390559153,1.0,0.6415698203844126,1.0320784910192207,0.03640398178801119
4,adsorption,4196.0,100.04756659832897,10.652654178863806,0.10647589482742834,24.273817210845724,1.0,0.6434175238046169,1.0321708761902308,0.03638932435068671
4,adsorption,4198.0,100.04756757813551,10.65449741459922,0.10649431737836335,24.346581206530082,1.0,0.645264482498127,1.0322632241249063,0.036374672217937325
4,adsorption,4200.0,100.0475685575874,10.65633990722855,0.10651273250178746,24.4193159032524,1.0,0.6471106967350737,1.0323555348367537,0.036360025388309486
4,purge,4200.0,100.0475685575874,10.65633990722855,0.10651273250178746,24.4193159032524,1.0,0.6471106967350737,1.0323555348367537,0.036360025388309486
4,purge,4202.0,100.05350622825219,9.204853605267285,0.09199931069150381,24.39885982593263,1.0,0.5307348305239626,1.0265367415261981,-0.0540040287099617
4,purge,4204.0,100.05329094271035,10.590857075657333,0.10585216114202146,24.300252828513045,1.0,0.5346157823734321,1.0267307891186717,-0.049004746318983806
4,purge,4206.0,100.05307065246062,10.536575837283603,0.10530986973786069,24.207956324063783,1.0,0.5362522154949552,1.0268126107747477,-0.0458823983952106
4,purge,4208.0,100.05307796028512,10.52002102731826,0.10514440176936943,24.115908308092457,1.0,0.5336974290443599,1.026684871452218,-0.04603417150724833
4,purge,4210.0,100.0530785732716,10.519695924949986,0.10514115182618917,24.02381585465807,1.0,0.5313322833267599,1.026566614166338,-0.04603713609828868
4,purge,4212.0,100.05307689348255,10.517362311176075,0.105117829833189,23.931770066900583,1.0,0.5290042940062146,1.026450214700311,-0.04601205201316425
4,purge,4214.0,100.05307551658225,10.514998849658097,0.1050942092021489,23.839766163942574,1.0,0.5266714776100324,1.0263335738805017,-0.045991570743026185
4,purge,4216.0,100.05307415001477,10.512676670149178,0.10507100116071372,23.74780331020254,1.0,0.5243396726959656,1.0262169836347983,-0.04597112150119757
4,purge,4218.0,100.05307277410454,10.510358929614238,0.10504783749464713,23.655884946535974,1.0,0.5220091995859716,1.0261004599792987,-0.04595052325366158
4,purge,4220.0,100.0530713985192,10.508034729586553,0.10502460926693824,23.564007564082882,1.0,0.5196797421100883,1.0259839871055043,-0.04592995243578876
4,purge,4222.0,100.05307002252454,10.505711483927227,0.10500139057764163,23.47216872821971,1.0,0.5173512806003563,1.0258675640300179,-0.04590937569611623
4,purge,4224.0,100.05306864754563,10.503389229385046,0.10497818179255516,23.380370546275586,1.0,0.5150238419124299,1.0257511920956215,-0.04588881423381636
4,purge,4226.0,100.05306727318747,10.50106807609771,0.10495498401288711,23.288613438496377,1.0,0.5126974447508109,1.0256348722375406,-0.045868261864295025
4,purge,4228.0,100.05306589947537,10.498747914628273,0.10493179614482281,23.196897439642,1.0,0.5103720890942612,1.025518604454713,-0.04584771929931622
4,purge,4230.0,100.0530645264727,10.496428792847807,0.10490861866675351,23.105222526189117,1.0,0.5080477733172236,1.0254023886658612,-0.045827187336347844
4,purge,4232.0,100.05306315415413,10.494110715857193,0.10488545162968843,23.013588670652233,1.0,0.5057244972219774,1.0252862248610988,-0.04580666557990222
4,purge,4234.0,100.05306178251598,10.49179367264745,0.1048622949236009,22.921995849421215,1.0,0.5034022602331719,1.0251701130116586,-0.04578615400655011
4,purge,4236.0,100.0530604115635,10.489477664808017,0.10483914856437224,22.830444041133973,1.0,0.5010810617113151,1.0250540530855659,-0.04576565268785364
4,purge,4238.0,100.05305904129499,10.48716269301851,0.1048160125587978,22.738933225197577,1.0,0.49876090116331584,1.0249380450581658,-0.04574516159656513
4,purge,4240.0,100.05305767170948,10.484848755974504,0.10479288689384202,22.647463382493754,1.0,0.4964417781164627,1.024822088905823,-0.045724680719034135
4,purge,4242.0,100.05305630280704,10.482535853230592,0.10476977156505414,22.556034490610028,1.0,0.49412369199518397,1.0247061845997592,-0.045704210055957054
4,purge,4244.0,100.05305493458724,10.48022398447282,0.10474666656929756,22.464646531880312,1.0,0.4918066423549351,1.0245903321177467,-0.04568374960075684
4,purge,4246.0,100.05305356704947,10.477913149071865,0.1047235719002839,22.37329948474989,1.0,0.4894906286537857,1.0244745314326893,-0.0456632993450449
4,purge,4248.0,100.05305220019342,10.47560334646166,0.10470048755235684,22.2819933280067,1.0,0.4871756503536607,1.024358782517683,-0.04564285928427859
4,purge,4250.0,100.05305083401878,10.473294576184887,0.10467741352094673,22.19072804105668,1.0,0.4848617069342264,1.0242430853467113,-0.04562242941243693
4,purge,4252.0,100.05304946852502,10.470986837704043,0.10465434980068285,22.099503603593288,1.0,0.4825487978834507,1.0241274398941724,-0.045602009722774166
4,purge,4254.0,100.05304810371183,10.468680130496715,0.10463129638634507,22.00831999533152,1.0,0.48023692268838847,1.0240118461344194,-0.04558160020968736
4,purge,4256.0,100.05304673957869,10.46637445406951,0.10460825327300356,21.91717719594307,1.0,0.4779260808354467,1.0238963040417723,-0.045561200867212916
4,purge,4258.0,100.05304537612528,10.4640698079036,0.10458522045547394,21.826075185083905,1.0,0.47561627181097366,1.0237808135905486,-0.0455408116891186
4,purge,4260.0,100.0530440133512,10.461766191482862,0.1045621979285991,21.735013942421915,1.0,0.47330749510121867,1.023665374755061,-0.045520432669487736
4,purge,4262.0,100.05304265125605,10.45946360430073,0.10453918568731727,21.64399344764368,1.0,0.4709997501929912,1.0235499875096497,-0.04550006380234041
4,purge,4264.0,100.05304128983934,10.457162045844756,0.10451618372650817,21.55301368045123,1.0,0.46869303657361655,1.0234346518286808,-0.04547970508160367
4,purge,4266.0,100.05303992910079,10.45486151560234,0.10449319204104969,21.46207462055875,1.0,0.46638735373059975,1.02331936768653,-0.04545935650130713
4,purge,4268.0,100.0530385690399,10.45256201306458,0.10447021062585689,21.371176247691643,1.0,0.4640827011517622,1.023204135057588,-0.045439018055458275
4,purge,4270.0,100.0530372096564,10.450263537720593,0.10444723947582481,21.28031854158693,1.0,0.4617790783252482,1.0230889539162624,-0.04541868973804494
4,purge,4272.0,100.05303585094971,10.447966089059967,0.10442427858585356,21.189501481993602,1.0,0.45947648473947383,1.0229738242369737,-0.04539837154308245
4,purge,4274.0,100.05303449291958,10.445669666573233,0.10440132795085227,21.0987250486727,1.0,0.4571749198831548,1.0228587459941578,-0.04537806346459328
4,purge,4276.0,100.05303313556553,10.443374269750906,0.10437838756573023,21.007989221397278,1.0,0.45487438324531837,1.022743719162266,-0.04535776549659719
4,purge,4278.0,100.05303177888715,10.441079898083858,0.1043554574254001,20.91729397995234,1.0,0.45257487431530263,1.022628743715765,-0.04533747763311066
4,purge,4280.0,100.0530304228841,10.438786551062991,0.10433253752477481,20.826639304134833,1.0,0.45027639258272867,1.0225138196291363,-0.045317199868168276
4,purge,4282.0,100.05302906755604,10.43649422818003,0.10430962785877562,20.736025173753646,1.0,0.44797893753752765,1.0223989468768764,-0.045296932195801276
4,purge,4284.0,100.05302771290236,10.434202928926608,0.10428672842232303,20.645451568629593,1.0,0.4456825086699394,1.022284125433497,-0.045276674610039036
4,purge,4286.0,100.05302635892289,10.43191265279445,0.10426383921033804,20.554918468595403,1.0,0.4433871054704732,1.0221693552735236,-0.04525642710493893
4,purge,4288.0,100.05302500561704,10.429623399276513,0.10424096021775442,20.464425853495733,1.0,0.44109272742997463,1.0220546363714986,-0.04523618967453436
4,purge,4290.0,100.05302365298459,10.427335167864863,0.1042180914394966,20.373973703187133,1.0,0.43879937403957403,1.0219399687019788,-0.04521596231287488
4,purge,4292.0,100.05302230102505,10.425047958052517,0.10419523287049881,20.283561997538044,1.0,0.43650704479068253,1.0218253522395342,-0.04519574501402848
4,purge,4294.0,100.05302094973796,10.422761769333103,0.10417238450570143,20.193190716428802,1.0,0.43421573917504436,1.0217107869587525,-0.0451755377720414
4,purge,4296.0,100.05301959912302,10.420476601199546,0.10414954634003754,20.102859839751613,1.0,0.4319254566846778,1.0215962728342338,-0.04515534058098349
4,purge,4298.0,100.0530182491798,10.418192453146217,0.10412671836845483,20.012569347410558,1.0,0.42963619681191756,1.0214818098405958,-0.04513515343491544
4,purge,4300.0,100.05301689990789,10.41590932466677,0.10410390058589386,19.922319219321587,1.0,0.4273479590493799,1.021367397952469,-0.045114976327915425
4,purge,4302.0,100.05301555130696,10.413627215255834,0.10408109298730482,19.832109435412477,1.0,0.42506074288997775,1.0212530371444988,-0.04509480925406685
4,purge,4304.0,100.05301420337658,10.411346124408325,0.10405829556764085,19.741939975622856,1.0,0.422774547826948,1.0211387273913475,-0.04507465220743761
4,purge,4306.0,100.05301285611628,10.40906605161878,0.1040355083218513,19.651810819904195,1.0,0.42048937335380093,1.0210244686676901,-0.04505450518211912
4,purge,4308.0,100.05301150952576,10.406786996382877,0.10401273124489685,19.561721948219787,1.0,0.4182052189643502,1.0209102609482175,-0.04503436817220255
4,purge,4310.0,100.05301016360457,10.4045089581961,0.10398996433173642,19.471673340544733,1.0,0.4159220841527126,1.0207961042076357,-0.04501424117177878
4,purge,4312.0,100.05300881835237,10.402231936554262,0.10396720757733191,19.38166497686595,1.0,0.4136399684132936,1.0206819984206648,-0.044994124174949884
4,purge,4314.0,100.05300747376872,10.399955930953762,0.1039444609766514,19.291696837182144,1.0,0.41135887124080817,1.0205679435620405,-0.04497401717581247
4,purge,4316.0,100.05300612985326,10.397680940890728,0.10392172452466002,19.201768901503826,1.0,0.40907879213024667,1.0204539396065126,-0.044953920168484075
4,purge,4318.0,100.05300478660547,10.395406965862405,0.10389899821633426,19.111881149853268,1.0,0.40679973057691843,1.0203399865288458,-0.044933833147068926
4,purge,4320.0,100.05300344402512,10.393134005365557,0.10387628204664559,19.022033562264532,1.0,0.4045216860764258,1.0202260843038213,-0.044913756105678486
4,purge,4322.0,100.05300210211173,10.390862058897476,0.10385357601057094,18.93222611878344,1.0,0.40224465812464505,1.0201122329062322,-0.04489368903844564
4,purge,4324.0,100.05300076086503,10.388591125956252,0.10383088010309502,18.842458799467565,1.0,0.3999686462177771,1.019998432310889,-0.04487363193948508
4,purge,4326.0,100.05299942028448,10.386321206039408,0.10380819431919712,18.752731584386225,1.0,0.39769364985230526,1.0198846824926153,-0.04485358480292642
4,purge,4328.0,100.05299808036968,10.384052298645432,0.10378551865386607,18.663044453620493,1.0,0.39541966852500837,1.0197709834262505,-0.04483354762290329
4,purge,4330.0,100.0529967411204,10.381784403272748,0.10376285310208982,18.57339738726315,1.0,0.393146701732955,1.0196573350866478,-0.04481352039355805
4,purge,4332.0,100.05299540253607,10.379517519420371,0.1037401976588627,18.483790365418702,1.0,0.3908747489735201,1.019543737448676,-0.04479350310902838
4,purge,4334.0,100.05299406461637,10.377251646587233,0.10371755231917777,18.394223368203377,1.0,0.38860380974436604,1.0194301904872183,-0.04477349576346201
4,purge,4336.0,100.05299272736092,10.374986784273009,0.1036949170780358,18.304696375745106,1.0,0.38633388354346015,1.019316694177173,-0.04475349835100316
4,purge,4338.0,100.05299139076939,10.372722931977055,0.1036722919304341,18.215209368183498,1.0,0.38406496986904165,1.0192032484934521,-0.044733510865817415
4,purge,4340.0,100.05299005484127,10.370460089199877,0.10364967687138187,18.125762325669868,1.0,0.38179706821966874,1.0190898534109833,-0.044713533302055665
4,purge,4342.0,100.05298871957622,10.368198255441396,0.10362707189588201,18.0363552283672,1.0,0.3795301780941852,1.0189765089047094,-0.04469356565387947
4,purge,4344.0,100.05298738497385,10.365937430202246,0.10360447699894489,17.946988056450145,1.0,0.37726429899171265,1.0188632149495855,-0.04467360791546704
4,purge,4346.0,100.0529860510338,10.363677612983674,0.1035818921755868,17.857660790105026,1.0,0.37499943041169365,1.018749971520585,-0.04465366008097942
4,purge,4348.0,100.0529847177556,10.361418803286446,0.10355931742081942,17.768373409529804,1.0,0.3727355718538507,1.0186367785926926,-0.044633722144592505
4,purge,4350.0,100.05298338513893,10.359161000612122,0.10353675272966215,17.679125894934096,1.0,0.3704727228181841,1.0185236361409091,-0.04461379410049829
4,purge,4352.0,100.0529820531834,10.356904204462767,0.10351419809713949,17.589918226539137,1.0,0.3682108828050106,1.0184105441402505,-0.04459387594287446
4,purge,4354.0,100.0529807218886,10.354648414340252,0.1034916535182741,17.500750384577806,1.0,0.36595005131494457,1.0182975025657472,-0.04457396766589936
4,purge,4356.0,100.0529793912541,10.352393629746704,0.10346911898809116,17.411622349294603,1.0,0.363690227848864,1.0181845113924433,-0.04455406926377811
4,purge,4358.0,100.05297806127963,10.350139850185057,0.1034465945016238,17.322534100945617,1.0,0.36143141190794476,1.0180715705953973,-0.044534180730715356
4,purge,4360.0,100.05297673196468,10.347887075158365,0.10342408005390656,17.233485619798547,1.0,0.3591736029936816,1.017958680149684,-0.044514302060899215
4,purge,4362.0,100.05297540330893,10.345635304169495,0.10340157563997186,17.144476886132686,1.0,0.35691680060784403,1.0178458400303922,-0.04449443324853537
4,purge,4364.0,100.05297407531198,10.343384536722029,0.10337908125485949,17.05550788023891,1.0,0.3546610042524744,1.0177330502126236,-0.04447457428784815
4,purge,4366.0,100.05297274797347,10.3411347723202,0.10335659689361561,16.96657858241967,1.0,0.3524062134299429,1.0176203106714972,-0.04445472517303796
4,purge,4368.0,100.05297142129292,10.338886010467577,0.10333412255127979,16.87768897298899,1.0,0.35015242764289295,1.0175076213821446,-0.044434885898323284
4,purge,4370.0,100.05297009527007,10.336638250668761,0.10331165822290186,16.78883903227245,1.0,0.34789964639425,1.0173949823197126,-0.044415056457934
4,purge,4372.0,100.05296876990442,10.33439149242852,0.10328920390353341,16.700028740607177,1.0,0.34564786918724233,1.0172823934593622,-0.04439523684609446
4,purge,4374.0,100.05296744519563,10.332145735251634,0.10326675958822613,16.611258078341834,1.0,0.3433970955253815,1.017169854776269,-0.04437542705703909
4,purge,4376.0,100.05296612114334,10.329900978643522,0.10324432527203799,16.522527025836627,1.0,0.3411473249124756,1.0170573662456237,-0.04435562708500154
4,purge,4378.0,100.05296479774717,10.327657222109666,0.10322190095002771,16.433835563463276,1.0,0.3388985568526235,1.0169449278426312,-0.04433583692421916
4,purge,4380.0,100.05296347500666,10.325414465155852,0.10319948661725699,16.345183671605028,1.0,0.3366507908502071,1.0168325395425104,-0.04431605656893899
4,purge,4382.0,100.05296215292152,10.323172707288279,0.10317708226879163,16.256571330656634,1.0,0.33440402640990086,1.016720201320495,-0.04429628601340995
4,purge,4384.0,100.0529608314913,10.320931948013413,0.10315468789970017,16.167998521024337,1.0,0.3321582630366785,1.016607913151834,-0.04427652525187747
4,purge,4386.0,100.0529595107156,10.318692186837774,0.10313230350505173,16.079465223125897,1.0,0.3299135002357918,1.0164956750117895,-0.0442567742786003
4,purge,4388.0,100.0529581905941,10.31645342326834,0.10310992907991981,15.99097141739052,1.0,0.32766973751276723,1.0163834868756383,-0.044237033087851936
4,purge,4390.0,100.05295687112637,10.314215656812761,0.10308756461938481,15.902517084258907,1.0,0.32542697437345275,1.0162713487186725,-0.04421730167388494
4,purge,4392.0,100.0529555523121,10.311978886978165,0.10306521011852177,15.814102204183222,1.0,0.3231852103239702,1.0161592605161984,-0.04419758003096766
4,purge,4394.0,100.05295423415085,10.309743113272553,0.10304286557241456,15.725726757627084,1.0,0.32094444487072016,1.016047222243536,-0.04417786815337996
4,purge,4396.0,100.0529529166422,10.307508335204126,0.10302053097614909,15.637390725065563,1.0,0.31870467752039927,1.0159352338760201,-0.04415816603539977
4,purge,4398.0,100.05295159978587,10.305274552281292,0.10299820632481317,15.549094086985162,1.0,0.31646590777999856,1.0158232953889998,-0.04413847367130434
4,purge,4400.0,100.05295028358137,10.303041764012738,0.1029758916134976,15.460836823883833,1.0,0.3142281351567947,1.0157114067578397,-0.04411879105537678
4,purge,4402.0,100.05294896802833,10.300809969907343,0.10295358683729493,15.37261891627094,1.0,0.3119913591583391,1.015599567957917,-0.04409911818191425
4,purge,4404.0,100.05294765312642,10.298579169474632,0.1029312919913042,15.284440344667264,1.0,0.3097555792924822,1.0154877789646242,-0.044079455045209145
4,purge,4406.0,100.05294633887523,10.296349362224039,0.10290900707062363,15.196301089604995,1.0,0.307520795067365,1.0153760397533682,-0.04405980163955517
4,purge,4408.0,100.05294502527445,10.294120547665242,0.10288673207035369,15.10820113162772,1.0,0.3052870059913937,1.0152643502995697,-0.04404015795926729
4,purge,4410.0,100.05294371232354,10.29189272530891,0.10286446698560511,15.020140451290416,1.0,0.30305421157329704,1.0151527105786649,-0.0440205239986366
4,purge,4412.0,100.05294240002235,10.289665894664832,0.10284221181147926,14.932119029159447,1.0,0.30082241132206244,1.0150411205661032,-0.04400089975198019
4,purge,4414.0,100.05294108837025,10.287440055244073,0.1028199665430909,14.844136845812548,1.0,0.2985916047469599,1.014929580237348,-0.043981285213622205
4,purge,4416.0,100.05293977736707,10.285215206557739,0.10279773117555463,14.756193881838348,1.0,0.2963617913575559,1.0148180895678778,-0.043961680377873326
4,purge,4418.0,100.05293846701225,10.282991348116957,0.10277550570398578,14.66829011783808,1.0,0.29413297066373995,1.014706648533187,-0.043942085239044436
4,purge,4420.0,100.05293715730552,10.280768479432876,0.10275329012349949,14.580425534422535,1.0,0.2919051421755984,1.01459525710878,-0.04392249979148393
4,purge,4422.0,100.0529358482466,10.278546600018073,0.1027310844292252,14.49260011221522,1.0,0.2896783054035559,1.014483915270178,-0.043902924029530783
4,purge,4424.0,100.05293453983481,10.276325709384666,0.10270888861628819,14.404813831850971,1.0,0.28745245985837486,1.0143726229929186,-0.04388335794748699
4,purge,4426.0,100.05293323207005,10.274105807044036,0.10268670267980574,14.317066673976134,1.0,0.28522760505103734,1.014261380252552,-0.043863801539713504
4,purge,4428.0,100.05293192495185,10.271886892510054,0.10266452661492056,14.229358619247062,1.0,0.2830037404927923,1.0141501870246397,-0.04384425480056323
4,purge,4430.0,100.05293061847983,10.269668965295464,0.10264236041676378,14.141689648333044,1.0,0.28078086569524957,1.0140390432847626,-0.04382471772436617
4,purge,4432.0,100.05292931265357,10.267452024913146,0.10262020408046796,14.054059741913441,1.0,0.2785589801702486,1.0139279490085127,-0.0438051903054749
4,purge,4434.0,100.05292800747276,10.265236070876703,0.10259805760117299,13.966468880679017,1.0,0.27633808342989163,1.0138169041714946,-0.04378567253826487
4,purge,4436.0,100.05292670293697,10.263021102700488,0.1025759209740261,13.878917045332,1.0,0.27411817498661,1.0137059087493305,-0.04376616441708422
4,purge,4438.0,100.05292539904586,10.260807119898145,0.10255379419416752,13.791404216586,1.0,0.27189925435311674,1.013594962717656,-0.04374666593628892
4,purge,4440.0,100.05292409579899,10.25859412198411,0.10253167725674545,13.70393037516589,1.0,0.2696813210423893,1.0134840660521194,-0.0437271770902541
4,purge,4442.0,100.05292279319612,10.256382108473087,0.10250957015691049,13.616495501807766,1.0,0.26746437456767985,1.013373218728384,-0.043707697873365016
4,purge,4444.0,100.0529214912368,10.254171078880397,0.10248747288981977,13.529099577258982,1.0,0.2652484144425581,1.013262420722128,-0.04368822827998432
4,purge,4446.0,100.0529201899206,10.25196103272069,0.10246538545062359,13.441742582278124,1.0,0.2630334401808488,1.0131516720090425,-0.04366876830450042
4,purge,4448.0,100.05291888924717,10.249751969510044,0.10244330783448637,13.354424497635025,1.0,0.26081945129667605,1.0130409725648337,-0.04364931794129315
4,purge,4450.0,100.05291758921622,10.247543888763909,0.10242124003656637,13.267145304110732,1.0,0.25860644730443727,1.012930322365222,-0.04362987718475356
4,purge,4452.0,100.05291628982717,10.245336789998559,0.10239918205203027,13.179904982497522,1.0,0.25639442771881515,1.0128197213859407,-0.0436104460292746
4,purge,4454.0,100.0529149910799,10.243130672730329,0.10237713387604491,13.092703513598883,1.0,0.2541833920547782,1.0127091696027388,-0.043591024469250665
4,purge,4456.0,100.05291369297392,10.240925536475778,0.10235509550377977,13.005540878229493,1.0,0.25197333982756365,1.0125986669913782,-0.04357161249909021
4,purge,4458.0,100.05291239550881,10.23872138075204,0.10233306693040989,12.918417057215233,1.0,0.2497642705527062,1.0124882135276354,-0.043552210113193816
4,purge,4460.0,100.05291109868428,10.2365182050761,0.10231104815110884,12.831332031393153,1.0,0.24755618374601013,1.0123778091873006,-0.04353281730597514
4,purge,4462.0,100.05290980249991,10.234316008965672,0.10228903916105754,12.744285781611486,1.0,0.24534907892356914,1.0122674539461785,-0.04351343407184579
4,purge,4464.0,100.05290850695528,10.232114791938484,0.10226703995543705,12.65727828872965,1.0,0.24314295560176535,1.0121571477800884,-0.04349406040521601
4,purge,4466.0,100.0529072120501,10.229914553512318,0.10224505052942881,12.570309533618207,1.0,0.2409378132972365,1.0120468906648619,-0.043474696300519665
4,purge,4468.0,100.05290591778396,10.227715293206034,0.10222307087822526,12.483379497158879,1.0,0.23873365152692777,1.0119366825763463,-0.04345534175217391
4,purge,4470.0,100.05290462415655,10.225517010537704,0.10220110099701071,12.396488160244528,1.0,0.23653046980804626,1.0118265234904023,-0.04343599675461449
4,purge,4472.0,100.05290333116739,10.223319705026677,0.10217914088098252,12.309635503779154,1.0,0.23432826765809425,1.0117164133829046,-0.04341666130226956
4,purge,4474.0,100.05290203881623,10.221123376191752,0.10215719052533224,12.222821508677882,1.0,0.23212704459484024,1.011606352229742,-0.043397335389582244
4,purge,4476.0,100.0529007471025,10.218928023552788,0.1021352499252624,12.136046155866966,1.0,0.22992680013635167,1.0114963400068175,-0.04337801901098501
4,purge,4478.0,100.0528994560261,10.216733646628983,0.10211331907596848,12.049309426283774,1.0,0.22772753380094848,1.0113863766900477,-0.043358712160935634
4,purge,4480.0,100.0528981655864,10.214540244940967,0.10209139797266063,11.962611300876766,1.0,0.22552924510725567,1.0112764622553627,-0.043339414833875885
4,purge,4482.0,100.05289687578318,10.21234781800852,0.10206948661054031,11.875951760605508,1.0,0.22333193357416534,1.0111665966787082,-0.04332012702426117
4,purge,4484.0,100.0528955866161,10.210156365352343,0.10204758498481815,11.789330786440635,1.0,0.22113559872083594,1.0110567799360417,-0.04330084872656069
4,purge,4486.0,100.05289429808467,10.207965886493737,0.10202569309071102,11.702748359363891,1.0,0.21894024006674664,1.0109470120033373,-0.04328157993521543
4,purge,4488.0,100.0528930101886,10.205776380952909,0.10200381092342461,11.616204460368074,1.0,0.21674585713160618,1.0108372928565803,-0.04326232064470865
4,purge,4490.0,100.05289172292747,10.203587848252146,0.10198193847818551,11.529699070457044,1.0,0.21455244943542698,1.0107276224717716,-0.04324307084950783
4,purge,4492.0,100.05289043630094,10.20140028791269,0.10196007575020986,11.443232170645718,1.0,0.21236001649850456,1.0106180008249253,-0.04322383054408083
4,purge,4494.0,100.05288915030864,10.19921369945648,0.10193822273472067,11.35680374196007,1.0,0.2101685578413964,1.0105084278920697,-0.043204599722912206
4,purge,4496.0,100.05288786495025,10.197028082406026,0.10191637942694677,11.270413765437103,1.0,0.20797807298495555,1.010398903649248,-0.043185378380476744
4,purge,4498.0,100.05288658022523,10.194843436283515,0.10189454582211378,11.184062222124867,1.0,0.20578856145030072,1.010289428072515,-0.04316616651126275
4,purge,4500.0,100.05288529613345,10.192659760611933,0.10187272191545516,11.097749093082427,1.0,0.20360002275883027,1.0101800011379416,-0.04314696410976094
4,purge,4502.0,100.05288401267437,10.190477054914197,0.10185090770220379,11.01147435937986,1.0,0.2014124564322116,1.0100706228216105,-0.04312777117047216
4,purge,4504.0,100.05288272984765,10.188295318713973,0.10182910317760001,10.925238002098258,1.0,0.19922586199241618,1.009961293099621,-0.04310858768788051
4,purge,4506.0,100.05288144765296,10.186114551534374,0.10180730833687868,10.839040002329712,1.0,0.19704023896166603,1.0098520119480834,-0.04308941365649476
4,purge,4508.0,100.0528801660899,10.183934752899647,0.1017855231752859,10.75288034117731,1.0,0.19485558686246318,1.009742779343123,-0.043070249070824906
4,purge,4510.0,100.05287888515821,10.181755922333805,0.10176374768806538,10.6667589997551,1.0,0.19267190521758493,1.0096335952608793,-0.04305109392538574
4,purge,4512.0,100.05287760485736,10.179578059361475,0.10174198187046724,10.580675959188117,1.0,0.1904891935501017,1.009524459677505,-0.04303194821468302
4,purge,4514.0,100.05287632518707,10.177401163507316,0.10172022571774164,10.494631200612385,1.0,0.18830745138336694,1.0094153725691684,-0.0430128119332215
4,purge,4516.0,100.05287504614695,10.175225234295945,0.10169847922513843,10.408624705174878,1.0,0.1861266782409706,1.0093063339120485,-0.04299368507554052
4,purge,4518.0,100.05287376773671,10.173050271253182,0.10167674238791936,10.322656454033519,1.0,0.18394687364680118,1.00919734368234,-0.042974567636165466
4,purge,4520.0,100.05287248995589,10.170876273904259,0.1016550152013406,10.236726428357164,1.0,0.1817680371250262,1.0090884018562514,-0.04295545960962283
4,purge,4522.0,100.05287121280412,10.168703241775033,0.1016332976606643,10.150834609325619,1.0,0.179590168200086,1.0089795084100044,-0.04293636099044529
4,purge,4524.0,100.05286993628111,10.166531174391626,0.10161158976115534,10.064980978129615,1.0,0.17741326639669444,1.0088706633198348,-0.04291727177317061
4,purge,4526.0,100.05286866038641,10.164360071280456,0.10158989149808154,9.97916551597081,1.0,0.17523733123984653,1.0087618665619924,-0.042898191952335865
4,purge,4528.0,100.05286738511974,10.162189931967832,0.10156820286670958,9.893388204061761,1.0,0.17306236225478558,1.0086531181127394,-0.042879121522502464
4,purge,4530.0,100.05286611048068,10.16002075598133,0.10154652386231895,9.807649023625938,1.0,0.17088835896707052,1.0085444179483536,-0.04286006047820375
4,purge,4532.0,100.05286483646884,10.157852542847525,0.10152485448017907,9.721947955897718,1.0,0.16871532090252006,1.008435766045126,-0.04284100881398873
4,purge,4534.0,100.05286356308399,10.15568529209384,0.10150319471556767,9.636284982122358,1.0,0.1665432475871926,1.0083271623793597,-0.04282196652443692
4,purge,4536.0,100.05286229032562,10.15351900324867,0.1014815445637725,9.550660083555986,1.0,0.1643721385474652,1.0082186069273733,-0.042802933604096864
4,purge,4538.0,100.0528610181934,10.151353675839406,0.101459904020071,9.465073241465618,1.0,0.16220199330998228,1.008110099665499,-0.04278391004752617
4,purge,4540.0,100.052859746687,10.149189309394453,0.1014382730797509,9.379524437129135,1.0,0.16003281140164233,1.0080016405700822,-0.042764895849301675
4,purge,4542.0,100.05285847580602,10.147025903442476,0.10141665173810252,9.294013651835277,1.0,0.15786459234962574,1.0078932296174812,-0.042745891003997484
4,purge,4544.0,100.05285720555023,10.144863457512223,0.10139503999041675,9.208540866883629,1.0,0.15569733568138716,1.0077848667840694,-0.04272689550619061
4,purge,4546.0,100.05285593591907,10.142701971132869,0.10137343783198924,9.123106063584617,1.0,0.15353104092466,1.007676552046233,-0.042707909350457526
4,purge,4548.0,100.05285466691228,10.140541443833484,0.10135184525811422,9.037709223259496,1.0,0.1513657076074309,1.0075682853803716,-0.04268893253139381
4,purge,4550.0,100.0528533985295,10.138381875144198,0.10133026226409655,8.952350327240353,1.0,0.14920133525798374,1.0074600667628992,-0.04266996504357976
4,purge,4552.0,100.05285213077033,10.136223264594639,0.10130868884523618,8.867029356870104,1.0,0.14703792340487784,1.007351896170244,-0.04265100688159736
4,purge,4554.0,100.05285086363446,10.13406561171468,0.10128712499683548,8.781746293502469,1.0,0.14487547157690708,1.0072437735788453,-0.04263205804006185
4,purge,4556.0,100.05284959712144,10.131908916035512,0.10126557071420993,8.696501118501974,1.0,0.14271397930317783,1.007135698965159,-0.04261311851356078
4,purge,4558.0,100.05284833123098,10.12975317708712,0.10124402599266302,8.611293813243938,1.0,0.14055344611304693,1.0070276723056524,-0.04259418829670214
4,purge,4560.0,100.0528470659628,10.127598394400808,0.10122249082751127,8.526124359114458,1.0,0.13839387153613425,1.0069196935768068,-0.04257526738410444
4,purge,4562.0,100.05284580131638,10.125444567508154,0.10120096521407425,8.440992737510424,1.0,0.136235255102369,1.0068117627551187,-0.04255635577036067
4,purge,4564.0,100.0528445372914,10.123291695939965,0.10117944914766355,8.355898929839494,1.0,0.13407759634191235,1.0067038798170955,-0.04253745345009825
4,purge,4566.0,100.05284327388762,10.121139779228578,0.10115794262360611,8.270842917520087,1.0,0.1319208947852015,1.0065960447392601,-0.04251856041794455
4,purge,4568.0,100.05284201110454,10.118988816906183,0.10113644563722747,8.185824681981376,1.0,0.12976514996297872,1.0064882574981489,-0.042499676668504134
4,purge,4570.0,100.05284074894183,10.11683880850447,0.10111495818384815,8.100844204663296,1.0,0.12761036140621593,1.0063805180703107,-0.0424808021964175
4,purge,4572.0,100.05283948739918,10.114689753556815,0.10109348025880541,8.015901467016517,1.0,0.12545652864618362,1.0062728264323093,-0.04246193699630713
4,purge,4574.0,100.05283822647615,10.112541651595514,0.1010720118574259,7.93099645050245,1.0,0.12330365121440653,1.0061651825607203,-0.04244308106281191
4,purge,4576.0,100.05283696617252,10.11039450215391,0.10105055297504655,7.846129136593217,1.0,0.1211517286426719,1.0060575864321337,-0.042424234390580254
4,purge,4578.0,100.05283570648783,10.108248304765679,0.10102910360700769,7.761299506771224,1.0,0.1190007604630495,1.0059500380231525,-0.04240539697424589
4,purge,4580.0,100.05283444742163,10.106103058964187,0.10100766374864675,7.676507542530757,1.0,0.11685074620791024,1.0058425373103954,-0.04238656880844516
4,purge,4582.0,100.0528331889738,10.103958764283115,0.1009862333953039,7.591753225375113,1.0,0.11470168540980823,1.0057350842704904,-0.042367749887851844
4,purge,4584.0,100.0528319311438,10.101815420257651,0.10096481254233469,7.507036536819594,1.0,0.11255357760164428,1.0056276788800822,-0.04234894020710933
4,purge,4586.0,100.05283067393131,10.099673026421266,0.1009434011850774,7.422357458390179,1.0,0.11040642231658593,1.0055203211158292,-0.04233013976086655
4,purge,4588.0,100.05282941733607,10.097531582309138,0.1009219993188873,7.337715971623694,1.0,0.10826021908804315,1.0054130109544022,-0.04231134854380021
4,purge,4590.0,100.05282816135758,10.095391087456472,0.10090060693912016,7.253112058066408,1.0,0.10611496744968486,1.0053057483724843,-0.042292566550573965
4,purge,4592.0,100.0528269059955,10.093251541398494,0.10087922404113174,7.168545699276805,1.0,0.10397066693550444,1.0051985333467752,-0.04227379377584264
4,purge,4594.0,100.05282565124958,10.091112943670263,0.10085785062027615,7.084016876822838,1.0,0.1018273170796869,1.0050913658539844,-0.04225503021430098
4,purge,4596.0,100.05282439711942,10.08897529380851,0.10083648667192427,6.9995255722832335,1.0,0.0996849174167338,1.0049842458708367,-0.04223627586061231
4,purge,4598.0,100.05282314360457,10.086838591348531,0.1008151321914327,6.915071767247543,1.0,0.09754346748140204,1.00487717337407,-0.04221753070945727
4,purge,4600.0,100.05282189070482,10.084702835826944,0.10079378717417106,6.830655443316024,1.0,0.09540296680870147,1.004770148340435,-0.042198794755533335
4,purge,4602.0,100.05282063841975,10.082568026780649,0.10077245161551196,6.746276582099559,1.0,0.09326341493393737,1.004663170746697,-0.04218006799352002
4,purge,4604.0,100.05281938674892,10.080434163746197,0.1007511255108245,6.66193516521964,1.0,0.09112481139267306,1.0045562405696336,-0.04216135041810781
4,purge,4606.0,100.05281813569216,10.078301246260757,0.1007298088554838,6.5776311743083555,1.0,0.08898715572072284,1.0044493577860363,-0.04214264202400329
4,purge,4608.0,100.05281688524899,10.076169273862215,0.10070850164487241,6.4933645910084055,1.0,0.0868504474542007,1.00434252237271,-0.042123942805891545
4,purge,4610.0,100.05281563541905,10.074038246087529,0.10068720387436335,6.409135396973084,1.0,0.08471468612945307,1.004235734306473,-0.04210525275848827
4,purge,4612.0,100.05281438620206,10.071908162475246,0.10066591553934567,6.324943573866268,1.0,0.08257987128310523,1.0041289935641553,-0.042086571876503276
4,purge,4614.0,100.05281313759754,10.069779022563571,0.100644636635205,6.240789103362427,1.0,0.08044600245207104,1.0040223001226036,-0.042067900154633124
4,purge,4616.0,100.05281188960528,10.067650825890443,0.10062336715732423,6.1566719671466,1.0,0.07831307917349511,1.0039156539586747,-0.0420492375876058
4,purge,4618.0,100.05281064222484,10.065523571995229,0.10060210710110049,6.072592146914382,1.0,0.07618110098479838,1.00380905504924,-0.042030584170144894
4,purge,4620.0,100.05280939545588,10.063397260416814,0.10058085646192623,5.988549624371932,1.0,0.07405006742369105,1.0037025033711846,-0.0420119398969596
4,purge,4622.0,100.05280814929812,10.061271890694075,0.10055961523519374,5.9045443812359535,1.0,0.07191997802811245,1.0035959989014056,-0.04199330476279135
4,purge,4624.0,100.05280690375108,10.059147462367248,0.10053838341630895,5.820576399233698,1.0,0.06979083233630055,1.003489541616815,-0.041974678762359524
4,purge,4626.0,100.05280565881453,10.0570239749755,0.10051716100066692,5.736645660102952,1.0,0.0676626298867392,1.0033831314943369,-0.04195606189040247
4,purge,4628.0,100.05280441448801,10.054901428059512,0.10049594798367815,5.652752145592042,1.0,0.06553537021819718,1.0032767685109099,-0.04193745414164704
4,purge,4630.0,100.05280317077127,10.05277982115887,0.10047474436074191,5.568895837459804,1.0,0.06340905286967244,1.0031704526434837,-0.04191885551085158
4,purge,4632.0,100.0528019276639,10.050659153814845,0.10045355012727444,5.485076717475573,1.0,0.06128367738044222,1.0030641838690222,-0.04190026599276652
4,purge,4634.0,100.05280068516552,10.048539425568295,0.10043236527868786,5.401294767419201,1.0,0.05915924329008415,1.0029579621645042,-0.041881685582118376
4,purge,4636.0,100.05279944327579,10.046420635959825,0.10041118981039175,5.317549969080628,1.0,0.05703575013839268,1.0028517875069196,-0.041863114273666256
4,purge,4638.0,100.0527982019945,10.044302784531201,0.10039002371780714,5.233842304261394,1.0,0.05491319746544467,1.0027456598732722,-0.041844552062181045
4,purge,4640.0,100.05279696132115,10.042185870824206,0.10036886699635551,5.150171754771879,1.0,0.05279158481156735,1.0026395792405784,-0.04182599894241505
4,purge,4642.0,100.05279572125542,10.04006989438014,0.10034771964145334,5.066538302434214,1.0,0.050670911717364354,1.0025335455858682,-0.041807454909140083
4,purge,4644.0,100.05279448179692,10.037954854742315,0.10032658164853725,4.982941929080999,1.0,0.04855117772373794,1.0024275588861868,-0.04178891995710439
4,purge,4646.0,100.05279324294533,10.035840751451833,0.10030545301302175,4.89938261655546,1.0,0.04643238237181895,1.0023216191185909,-0.04177039408109043
4,purge,4648.0,100.05279200470041,10.03372758405228,0.10028433373034609,4.815860346710071,1.0,0.0443145252029702,1.0022157262601485,-0.04175187727588467
4,purge,4650.0,100.05279076706167,10.031615352086703,0.10026322379594439,4.73237510140925,1.0,0.0421976057588866,1.0021098802879442,-0.04173336953625345
4,purge,4652.0,100.05278953002885,10.029504055097727,0.10024212320524627,4.648926862526708,1.0,0.04008162358147432,1.0020040811790738,-0.0417148708569842
4,purge,4654.0,100.05278829360152,10.027393692629321,0.10022103195369503,4.565515611946701,1.0,0.03796657821290764,1.0018983289106453,-0.041696381232866064
4,purge,4656.0,100.05278705777938,10.025284264225185,0.10019995003673104,4.482141331564089,1.0,0.0358524691956439,1.0017926234597823,-0.04167790065867953
4,purge,4658.0,100.05278582256207,10.023175769429042,0.1001788774497951,4.3988040032842255,1.0,0.033739296072381006,1.001686964803619,-0.041659429129227335
4,purge,4660.0,100.05278458794926,10.021068207785508,0.10015781418833675,4.315503609022867,1.0,0.03162705838608817,1.0015813529193045,-0.04164096663930858
4,purge,4662.0,100.05278335394058,10.018961578839019,0.10013676024780396,4.232240130706158,1.0,0.029515755680005685,1.0014757877840004,-0.04162251318371872
4,purge,4664.0,100.05278212053568,10.016855882134259,0.10011571562364696,4.149013550270625,1.0,0.02740538749762281,1.0013702693748812,-0.0416040687572667
4,purge,4666.0,100.05278088773426,10.01475111721655,0.10009468031132242,4.065823849663192,1.0,0.02529595338270537,1.0012647976691353,-0.04158563335475366
4,purge,4668.0,100.05277965553591,10.012647283630816,0.10007365430628311,3.9826710108411554,1.0,0.02318745287925533,1.0011593726439627,-0.04156720697100395
4,purge,4670.0,100.05277842394031,10.010544380922985,0.10005263760399176,3.8995550157721732,1.0,0.021079885531547982,1.0010539942765775,-0.041548789600836036
4,purge,4672.0,100.05277719294712,10.00844240863886,0.10003163019990985,3.8164758464342703,1.0,0.01897325088413277,1.0009486625442066,-0.04153038123906184
4,purge,4674.0,100.05277596255603,10.006341366324472,0.10001063208950113,3.733433484815838,1.0,0.01686754848181424,1.0008433774240908,-0.041511981880501654
4,purge,4676.0,100.05277473276664,10.004241253526017,0.09998964326823107,3.65042791291561,1.0,0.014762777869640017,1.000738138893482,-0.04149359151999299
4,purge,4678.0,100.05277350357856,10.00214206979052,0.09996866373157341,3.567459112742663,1.0,0.01265893859293969,1.0006329469296469,-0.0414752101523603
4,purge,4680.0,100.05277227499154,10.00004381466429,0.09994769347499458,3.4845270663152714,1.0,0.01055603019726521,1.0005278015098635,-0.04145683777243856
4,purge,4682.0,100.05276171187535,9.987683292711107,0.09982416398932505,3.40172836083565,1.0,0.008642626344605733,1.0004321313172302,-0.041293318667920534
4,purge,4684.0,100.05273378440043,9.94648172290293,0.0994123933118729,3.319525909662851,1.0,0.007075983601154657,1.0003537991800577,-0.040871250984356386
4,purge,4686.0,100.05269238512481,9.880749083434818,0.0987554542300735,3.238376762333273,1.0,0.00579332367416632,1.0002896661837084,-0.04024874278081573
4,purge,4688.0,100.05264068271511,9.796045791596272,0.09790891799309218,3.1586329407239253,1.0,0.004743170680787426,1.0002371585340393,-0.039472985683464315
4,purge,4690.0,100.05258124294545,9.69690601310618,0.09691809938976358,3.080561363694878,1.0,0.0038833799651104323,1.0001941689982556,-0.038582190901111424
4,purge,4692.0,100.0525161393441,9.586996914025878,0.09581964836020691,3.004360144537653,1.0,0.00317944289108724,1.0001589721445543,-0.03760723743570502
4,purge,4694.0,100.05244704312148,9.46928186238884,0.09464318107389905,2.930171809789448,1.0,0.0026031084213614586,1.000130155421068,-0.03657301162712702
4,purge,4696.0,100.05237529733233,9.346152998901562,0.09341260485947459,2.8580941762257623,1.0,0.002131245686140057,1.0001065622843073,-0.035499511889326
4,purge,4698.0,100.05230197728233,9.219538169572992,0.0921471868949738,2.7881891854461336,1.0,0.001744916916804947,1.0000872458458403,-0.034402748513814814
4,purge,4700.0,100.0522279400009,9.09098642828717,0.09086240871856278,2.7204901162636776,1.0,0.0014286175764681357,1.0000714308788234,-0.033295480615628405
4,purge,4702.0,100.05215386475874,8.961738181262769,0.08957066724796768,2.655007469180375,1.0,0.0011696534715586505,1.0000584826735779,-0.032187819675791755
4,purge,4704.0,100.05208028615387,8.832781703812818,0.08828183960344081,2.5917337498165542,1.0,0.0009576315558965939,1.000047881577795,-0.031087722382731744
4,purge,4706.0,100.05200762118963,8.704899502927613,0.08700374645040143,2.5306473631663833,1.0,0.0007840426574676762,1.0000392021328735,-0.030001393990502886
4,purge,4708.0,100.05193619140007,8.578706007889943,0.08574252867509546,2.4717157752779233,1.0,0.0006419200430491048,1.0000320960021525,-0.028933617871980174
4,purge,4710.0,100.05186624093133,8.454678503541144,0.08450295652838435,2.414898078168474,1.0,0.000525559862671747,1.0000262779931335,-0.027888024870485514
4,purge,4712.0,100.05179795132001,8.333182399921126,0.0832886821681667,2.3601470674718015,1.0,0.00043029221617499146,1.0000215146108087,-0.026867313420819532
4,purge,4714.0,100.05173145356873,8.214492002257268,0.08210244723320344,2.3074109224524557,1.0,0.0003522936220805909,1.000017614681104,-0.025873429423826252
4,purge,4716.0,100.05166683798696,8.098807483201512,0.08094625246289859,2.256634557723103,1.0,0.00028843375912581315,1.0000144216879563,-0.02490771282234392
4,purge,4718.0,100.05160416223627,7.9862688545977365,0.07982149733099525,2.207760712068667,1.0,0.00023614974108278848,1.000011807487054,-0.02397101744332877
4,purge,4720.0,100.05154345789241,7.87696742539585,0.07872909455625683,2.1607308204878097,1.0,0.00019334317517119776,1.0000096671587586,-0.02306380873312266
4,purge,4722.0,100.05148473577783,7.77095518353771,0.07766956386564108,2.1154857073653535,1.0,0.00015829610079392734,1.0000079148050396,-0.022186243188687806
4,purge,4724.0,100.05142799031375,7.668252508912485,0.07664310907841186,2.0719661374535123,1.0,0.00012960201831080213,1.0000064801009156,-0.021338233174787818
4,purge,4726.0,100.05137320306963,7.568854518744468,0.07564968152293437,2.0301132511420596,1.0,0.00010610926658797513,1.0000053054633293,-0.020519499794902574
4,purge,4728.0,100.05132034562605,7.472736232892778,0.07468903165973527,1.9898689011038084,1.0,8.68749983243685e-05,1.0000043437499162,-0.019729615523383162
4,purge,4730.0,100.05126938190764,7.379856823151882,0.07376075155010867,1.9511759136310831,1.0,7.112732535878123e-05,1.000003556366268,-0.01896803895884181
4,purge,4732.0,100.05122027008001,7.290163105123183,0.0728643097549834,1.9139782881717633,1.0,5.823422917019467e-05,1.0000029117114586,-0.018234143064682514
4,purge,4734.0,100.05117296407312,7.203592378191793,0.07199907971872047,1.878221344747232,1.0,4.767823992795558e-05,1.0000023839119965,-0.017527237867800836
4,purge,4736.0,100.0511274148113,7.120074744531487,0.07116436294627353,1.843851830549004,1.0,3.903570237205361e-05,1.0000019517851186,-0.016846588763129878
4,purge,4738.0,100.05108357120075,7.039534999290445,0.07035940789467614,1.810817993628217,1.0,3.195980519477435e-05,1.0000015979902597,-0.016191431224512415
4,purge,4740.0,100.05104138092943,6.961894183836338,0.06958342549709166,1.7790696313050718,1.0,2.6166557698683357e-05,1.000001308327885,-0.015560982711096464
4,purge,4742.0,100.05100079109582,6.887070831375749,0.06883560161237963,1.7485581160798533,1.0,2.1423442015209704e-05,1.000001071172101,-0.014954452036825203
4,purge,4744.0,100.05096174871159,6.814981979129016,0.06811510714155404,1.7192364051370193,1.0,1.7540082906902797e-05,1.0000008770041453,-0.014371046838073
4,purge,4746.0,100.05092420109332,6.745543979484879,0.06742110613518117,1.6910590362501652,1.0,1.4360651446678743e-05,1.0000007180325723,-0.013809979416874894
4,purge,4748.0,100.0508880961738,6.678673158924632,0.06675276237932808,1.6639821138806576,1.0,1.1757579855443142e-05,1.0000005878789928,-0.01327047136532591
4,purge,4750.0,100.05085338274428,6.61428634970291,0.06610924470978749,1.637963287402027,1.0,9.62636642891609e-06,1.0000004813183214,-0.012751757182225983
4,purge,4752.0,100.05082001063282,6.5523012958216675,0.06548973106992353,1.6129617219950696,1.0,7.881455729482837e-06,1.0000003940727864,-0.012253086904432397
4,purge,4754.0,100.05078793083702,6.492636976085538,0.06489341173978319,1.5889380652905738,1.0,6.452827442397821e-06,1.0000003226413723,-0.011773728100406406
4,purge,4756.0,100.05075709562466,6.4352138594261,0.06431949188825799,1.5658544109207497,1.0,5.283161972737406e-06,1.000000264158099,-0.01131296735207626
4,purge,4758.0,100.05072745860134,6.379954097704451,0.06376719350036038,1.5436742594463158,1.0,4.325541153345789e-06,1.0000002162770576,-0.010870111266826707
4,purge,4760.0,100.05069897475774,6.3267816755338,0.06323575687492211,1.5223624777897438,1.0,3.541515429056144e-06,1.0000001770757714,-0.010444487173760213
4,purge,4762.0,100.05067160049241,6.27562251027707,0.06272444162429974,1.5018852572169483,1.0,2.89959841515723e-06,1.0000001449799207,-0.010035443457575144
4,purge,4764.0,100.05064529361954,6.2264045218218795,0.06223252737200438,1.4822100709532353,1.0,2.3740253515268606e-06,1.0000001187012675,-0.009642349679290516
4,purge,4766.0,100.05062001336756,6.1790576790193485,0.06175931421708107,1.4633056318723052,1.0,1.943714456635356e-06,1.0000000971857228,-0.009264596540169928
4,purge,4768.0,100.05059572036754,6.133514025927701,0.06130412299663184,1.4451418504559368,1.0,1.5914039665395436e-06,1.0000000795701984,-0.008901595714024834
4,purge,4770.0,100.05057237663385,6.089707689502735,0.060866295362893355,1.427689793146005,1.0,1.3029547265485114e-06,1.0000000651477363,-0.008552779558233395
4,purge,4772.0,100.05054994553933,6.047574872564168,0.06044519371313854,1.4109216413049896,1.0,1.0667878454626415e-06,1.0000000533393922,-0.008217600731580331
4,purge,4774.0,100.05052839178492,6.007053835686163,0.06004020100886742,1.3948106510226719,1.0,8.734258444880868e-07,1.0000000436712921,-0.00789553174829474
4,purge,4776.0,100.05050768136768,5.968084870997664,0.05965072051412585,1.379331113896838,1.0,7.15111550379157e-07,1.0000000357555776,-0.007586064490927467
4,purge,4778.0,100.0504877815455,5.930610269442039,0.05927617546844136,1.3644583188303838,1.0,5.85493449444198e-07,1.0000000292746725,-0.007288709691717111
4,purge,4780.0,100.05046866080131,5.894574282472193,0.05891600870413138,1.3501685148744151,1.0,4.793698451410316e-07,1.0000000239684923,-0.007002996389009093
4,purge,4782.0,100.0504502888056,5.859923079441466,0.05856968222058185,1.3364388751635978,1.0,3.9248150734111853e-07,1.0000000196240755,-0.006728471367696229
4,purge,4784.0,100.05043263637836,5.82660470200005,0.05823667672858713,1.323247461983041,1.0,3.213418282166842e-07,1.0000000160670914,-0.006464698593034811
4,purge,4786.0,100.05041567545122,5.7945690164869434,0.0579164911746461,1.310573192977347,1.0,2.63096611994034e-07,1.0000000131548306,-0.006211258644189583
4,purge,4788.0,100.05039937903004,5.763767664905719,0.057608642251095,1.2983958084911316,1.0,2.1540885643746065e-07,1.0000000107704428,-0.00596774815091461
4,purge,4790.0,100.05038372115729,5.734154014882798,0.05731266389606277,1.2866958400266686,1.0,1.7636485951324378e-07,1.000000008818243,-0.005733779235942952
4,purge,4792.0,100.05036867687551,5.705683109134843,0.0570281067885119,1.2754545798062749,1.0,1.443977469354622e-07,1.0000000072198876,-0.005508978965882887
4,purge,4794.0,100.05035422219122,5.678311614884731,0.056754537842758364,1.2646540514235574,1.0,1.1822478894768653e-07,1.0000000059112397,-0.005292988813135768
4,purge,4796.0,100.05034033403987,5.651997773497096,0.05649153970517911,1.2542769815602728,1.0,9.67958363586237e-08,1.000000004839792,-0.0050854641304530985
4,purge,4798.0,100.05032699025148,5.626701350574197,0.056238710255514114,1.2443067727407513,1.0,7.925104311496529e-08,1.000000003962552,-0.004886073639001397
4,purge,4800.0,100.05031416951734,5.602383586656072,0.055995662114202226,1.2347274770732635,1.0,6.488621441750524e-08,1.0000000032443108,-0.004694498930218025
5,adsorption,4800.0,100.05031416951734,5.602383586656072,0.055995662114202226,1.2347274770732635,1.0,6.488621441750524e-08,1.0000000032443108,-0.004694498930218025
5,adsorption,4802.0,100.0462140223399,8.55083915947299,0.08546889298143381,1.3026679381118824,1.0,0.07997773119860163,1.00399888655993,0.056329271572671646
5,adsorption,4804.0,100.04710612020034,9.371422297721503,0.09367009862796356,1.4015750896865007,1.0,0.06548022804476618,1.0032740114022383,0.04304307608118761
5,adsorption,4806.0,100.0472119205738,10.019845306371165,0.1001511697729847,1.482808503858591,1.0,0.06561310720116514,1.0032806553600582,0.041522053539736994
5,adsorption,4808.0,100.04727376132823,10.077411685202435,0.10072649964698696,1.564520451605025,1.0,0.06674331897632681,1.0033371659488166,0.040769379769434407
5,adsorption,4810.0,100.04726380725647,10.080683713669503,0.10075921449576261,1.646348602982065,1.0,0.06903602387991535,1.0034518011939957,0.04092112656669268
5,adsorption,4812.0,100.04726467366389,10.081355251726789,0.10076592583125936,1.7281724419496105,1.0,0.07111200063729023,1.0035556000318646,0.04090391165809417
5,adsorption,4814.0,100.04726603094839,10.083550040903258,0.10078786198699358,1.8099573206594854,1.0,0.0731835265562155,1.0036591763278109,0.04088400430065839
5,adsorption,4816.0,100.04726709484748,10.085637481462067,0.10080872545874354,1.8917097459897323,1.0,0.07525940647680478,1.0037629703238402,0.04086814213211309
5,adsorption,4818.0,100.04726817732123,10.087703267510365,0.10082937246853337,1.973429788922188,1.0,0.07733402071864681,1.0038667010359323,0.040851940382100764
5,adsorption,4820.0,100.04726926597039,10.089774020403603,0.10085006911663397,2.0551173176461153,1.0,0.07940770591334859,1.0039703852956674,0.0408356642594896
5,adsorption,4822.0,100.04727035339171,10.091843330694912,0.10087075134631884,2.136772362759529,1.0,0.08148057926111647,1.0040740289630559,0.040819404568480266
5,adsorption,4824.0,100.04727143927387,10.0939108271155,0.10089141544696943,2.2183949368352596,1.0,0.08355264558460651,1.0041776322792304,0.0408031648192879
5,adsorption,4826.0,100.04727252399023,10.095978127653613,0.10091207759044811,2.299985044249306,1.0,0.08562390414963533,1.0042811952074817,0.04078694435172946
5,adsorption,4828.0,100.04727360903775,10.098044243443637,0.10093272789126193,2.3815427043580204,1.0,0.08769432304209095,1.0043847161521045,0.04077071788567054
5,adsorption,4830.0,100.04727469355356,10.100109895517532,0.10095337355719418,2.463067923486186,1.0,0.08976392169104688,1.0044881960845524,0.04075450044929286
5,adsorption,4832.0,100.04727577754117,10.1021745161923,0.10097400891409439,2.5445607151291347,1.0,0.09183269816822376,1.0045916349084112,0.04073829026863184
5,adsorption,4834.0,100.04727686124431,10.104238338693087,0.10099463629286648,2.626021090608039,1.0,0.09390064901844289,1.004695032450922,0.040722084422224684
5,adsorption,4836.0,100.04727794455066,10.10630135857285,0.10101525564917498,2.707449060641103,1.0,0.09596777664181597,1.0047983888320908,0.040705884567794406
5,adsorption,4838.0,100.0472790274642,10.108363545944298,0.10103586668428462,2.7888446367750417,1.0,0.09803408114091697,1.0049017040570458,0.040689690554414404
5,adsorption,4840.0,100.04728011000215,10.110424911653565,0.10105646950658867,2.87020783042736,1.0,0.10009956252020537,1.0050049781260102,0.040673502157213
5,adsorption,4842.0,100.0472811921585,10.112485458208942,0.10107706414116469,2.9515386530086754,1.0,0.1021642211973912,1.0051082110598695,0.040657319473791635
5,adsorption,4844.0,100.0472822739321,10.114545183156094,0.1010976505634826,3.032837115948644,1.0,0.10422805747575817,1.005211402873788,0.040641142512118505
5,adsorption,4846.0,100.0472833553245,10.116604087244697,0.10111822878103459,3.1141032306595298,1.0,0.1062910716184427,1.005314553580922,0.04062497124919471
5,adsorption,4848.0,100.04728443633567,10.118662171129259,0.10113879880036315,3.195337008547571,1.0,0.10835326392279498,1.0054176631961398,0.04060880568882868
5,adsorption,4850.0,100.04728551696546,10.120719434858096,0.10115936062195191,3.2765384605320333,1.0,0.11041463467007297,1.0055207317335038,0.04059264583201626
5,adsorption,4852.0,100.04728659721398,10.12277587876457,0.10117991424913327,3.3577075983004194,1.0,0.1124751841555023,1.005623759207775,0.04057649167528341
5,adsorption,4854.0,100.04728767708144,10.124831503166224,0.1012004596850814,3.438844432474951,1.0,0.11453491265019344,1.0057267456325096,0.040560343217651874
5,adsorption,4856.0,100.04728875656787,10.126886308332965,0.10122099693249467,3.519948975095714,1.0,0.1165938204618136,1.0058296910230906,0.040544200458300345
5,adsorption,4858.0,100.0472898356734,10.12894029455284,0.10124152599425248,3.6010212379137223,1.0,0.11865190788882578,1.0059325953944414,0.040528063395009674
5,adsorption,4860.0,100.04729091439809,10.130993462141737,0.10126204687351265,3.68206123237523,1.0,0.12070917522288535,1.0060354587611442,0.04051193202634597
5,adsorption,4862.0,100.04729199274207,10.133045811376736,0.1012825595730451,3.7630689698210404,1.0,0.12276562275330803,1.0061382811376653,0.04049580635115947
5,adsorption,4864.0,100.04729307070541,10.135097342542728,0.1013030640956978,3.8440444616030014,1.0,0.12482125076908418,1.0062410625384541,0.040479686367825646
5,adsorption,4866.0,100.04729414828822,10.137148055936976,0.10132356044444225,3.9249877190991014,1.0,0.1268760595600908,1.0063438029780045,0.04046357207488879
5,adsorption,4868.0,100.04729522549069,10.139197951846127,0.10134404862214402,4.005898753694902,1.0,0.12893004941652242,1.0064465024708262,0.04044746347098946
5,adsorption,4870.0,100.04729630231266,10.141247030558212,0.10136452863168267,4.086777576771114,1.0,0.13098322062827122,1.0065491610314135,0.040431360554629266
5,adsorption,4872.0,100.04729737875456,10.143295292365009,0.10138500047597464,4.16762419970202,1.0,0.13303557348512224,1.0066517786742564,0.04041526332435493
5,adsorption,4874.0,100.04729845481623,10.145342737555028,0.10140546415790436,4.248438633857718,1.0,0.1350871082767968,1.00675435541384,0.04039917177874715
5,adsorption,4876.0,100.04729953049787,10.147389366416995,0.101425919680358,4.329220890605598,1.0,0.13713782529289448,1.0068568912646447,0.04038308591634574
5,adsorption,4878.0,100.04730060579959,10.149435179240765,0.1014463670462331,4.409970981310546,1.0,0.13918772482296413,1.0069593862411481,0.040367005735701116
5,adsorption,4880.0,100.04730168072147,10.151480176315255,0.10146680625841792,4.490688917334714,1.0,0.141236807156498,1.0070618403578249,0.04035093123537415
5,adsorption,4882.0,100.04730275526357,10.153524357929317,0.10148723731980001,4.57137471003734,1.0,0.14328507258289805,1.0071642536291452,0.040334862413913694
5,adsorption,4884.0,100.04730382942597,10.155567724372135,0.1015076602332703,4.65202837077472,1.0,0.14533252139149672,1.0072666260695748,0.04031879926987305
5,adsorption,4886.0,100.04730490320894,10.15761027593253,0.10152807500171585,4.732649910900242,1.0,0.1473791538715553,1.0073689576935778,0.04030274180180832
5,adsorption,4888.0,100.04730597661236,10.159652012899233,0.10154848162802316,4.813239341764401,1.0,0.14942497031225385,1.0074712485156128,0.040286690008269996
5,adsorption,4890.0,100.04730704963642,10.161692935561087,0.10156888011507968,4.893796674714802,1.0,0.15146997100270124,1.007573498550135,0.04027064388781091
5,adsorption,4892.0,100.04730812228124,10.163733044206731,0.10158927046577074,4.974321921096161,1.0,0.15351415623193493,1.0076757078115968,0.040254603438986014
5,adsorption,4894.0,100.04730919454677,10.16577233912469,0.10160965268298079,5.054815092250297,1.0,0.15555752628891392,1.0077778763144456,0.04023856866034694
5,adsorption,4896.0,100.04731026643336,10.167810820603554,0.10163002676959454,5.135276199516134,1.0,0.157600081462524,1.0078800040731262,0.04022253955044603
5,adsorption,4898.0,100.0473113379409,10.169848488931736,0.1016503927284953,5.215705254229702,1.0,0.15964182204157798,1.007982091102079,0.040206516107836786
5,adsorption,4900.0,100.04731240906958,10.171885344397598,0.10167075056256569,5.296102267724137,1.0,0.16168274831481383,1.0080841374157408,0.04019049833107204
5,adsorption,4902.0,100.04731347981951,10.173921387289449,0.10169110027468778,5.376467251329681,1.0,0.16372286057089536,1.0081861430285448,0.04017448621870473
5,adsorption,4904.0,100.04731455019069,10.175956617895476,0.10171144186774257,5.456800216373682,1.0,0.16576215909841097,1.0082881079549206,0.04015847976928691
5,adsorption,4906.0,100.0473156201834,10.177991036503885,0.10173177534461096,5.537101174180678,1.0,0.1678006441858783,1.008390032209294,0.040142478981371535
5,adsorption,4908.0,100.0473166897975,10.180024643402653,0.10175210070817202,5.617370136072142,1.0,0.16983831612173492,1.0084919158060868,0.04012648385351038
5,adsorption,4910.0,100.04731775903318,10.182057438879832,0.10177241796130514,5.6976071133669,1.0,0.17187517519435036,1.0085937587597176,0.04011049438425527
5,adsorption,4912.0,100.04731882789069,10.184089423223371,0.10179272710688878,5.777812117380608,1.0,0.1739112216920163,1.008695561084601,0.040094510572160555
5,adsorption,4914.0,100.04731989636991,10.186120596721018,0.10181302814779959,5.857985159426062,1.0,0.17594645590294677,1.0087973227951474,0.04007853241577726
5,adsorption,4916.0,100.047320964471,10.188150959660625,0.10183332108691506,5.938126250813145,1.0,0.17798087811528246,1.0088990439057641,0.040062559913657425
5,adsorption,4918.0,100.04732203219409,10.190180512329889,0.10185360592711121,6.018235402849028,1.0,0.18001448861709654,1.0090007244308548,0.040046593064354756
5,adsorption,4920.0,100.0473230995393,10.192209255016373,0.10187388267126266,6.098312626837773,1.0,0.18204728769637865,1.009102364384819,0.0400306318664199
5,adsorption,4922.0,100.04732416650668,10.194237188007696,0.10189415132224465,6.178357934080761,1.0,0.18407927564105211,1.0092039637820527,0.040014676318405426
5,adsorption,4924.0,100.04732523309634,10.196264311591298,0.1019144118829306,6.258371335876441,1.0,0.18611045273896504,1.0093055226369483,0.03999872641886392
5,adsorption,4926.0,100.04732629930842,10.198290626054582,0.10193466435619358,6.338352843520313,1.0,0.18814081927788903,1.0094070409638944,0.0399827821663472
5,adsorption,4928.0,100.04732736514289,10.200316131684845,0.10195490874490568,6.418302468304972,1.0,0.19017037554551905,1.0095085187772759,0.03996684355940541
5,adsorption,4930.0,100.0473284306,10.20234082876941,0.10197514505193894,6.498220221520117,1.0,0.19219912182947985,1.009609956091474,0.03995091059659195
5,adsorption,4932.0,100.04732949567973,10.204364717595402,0.10199537328016384,6.578106114452554,1.0,0.19422705841732102,1.0097113529208661,0.03993498327645931
5,adsorption,4934.0,100.04733056038224,10.206387798449903,0.10201559343245016,6.6579601583861985,1.0,0.1962541855965144,1.0098127092798257,0.039919061597557266
5,adsorption,4936.0,100.04733162470764,10.208410071620024,0.10203580551166805,6.737782364602064,1.0,0.19828050365446256,1.0099140251827232,0.03990314555843951
5,adsorption,4938.0,100.047332688656,10.210431537392633,0.10205600952068518,6.817572744378274,1.0,0.20030601287849079,1.0100153006439248,0.039887235157657346
5,adsorption,4940.0,100.04733375222737,10.212452196054626,0.10207620546236959,6.897331308990044,1.0,0.2023307135558478,1.0101165356777924,0.03987133039376042
5,adsorption,4942.0,100.0473348154219,10.21447204789287,0.10209639333958899,6.9770580697097,1.0,0.20435460597371277,1.0102177302986857,0.03985543126530197
5,adsorption,4944.0,100.04733587823968,10.216491093194033,0.10211657315520906,7.056753037806673,1.0,0.20637769041918988,1.0103188845209594,0.039839537770834654
5,adsorption,4946.0,100.04733694068085,10.218509332244759,0.10213674491209522,7.136416224547491,1.0,0.20839996717930362,1.0104199983589652,0.039823649908907
5,adsorption,4948.0,100.04733800274538,10.220526765331702,0.10215690861311315,7.216047641195787,1.0,0.21042143654100934,1.0105210718270505,0.03980776767807155
5,adsorption,4950.0,100.04733906443353,10.222543392741345,0.10217706426112659,7.2956472990123,1.0,0.2124420987911901,1.0106221049395596,0.03979189107688229
5,adsorption,4952.0,100.0473401257453,10.224559214760037,0.10219721185899815,7.37521520925487,1.0,0.21446195421664643,1.0107230977108324,0.03977602010388681
5,adsorption,4954.0,100.04734118668077,10.226574231674258,0.10221735140959162,7.454751383178436,1.0,0.21648100310410967,1.0108240501552055,0.039760154757636834
5,adsorption,4956.0,100.04734224724011,10.228588443770253,0.10223748291576845,7.5342558320350435,1.0,0.21849924574023954,1.010924962287012,0.03974429503668598
5,adsorption,4958.0,100.04734330742338,10.230601851334173,0.10225760638038928,7.613728567073838,1.0,0.22051668241161623,1.0110258341205811,0.039728440939583914
5,adsorption,4960.0,100.04734436723065,10.232614454652206,0.10227772180631496,7.6931695995410685,1.0,0.2225333134047453,1.0111266656702376,0.039712592464879966
5,adsorption,4962.0,100.04734542666202,10.234626254010445,0.10229782919640543,7.772578940680084,1.0,0.22454913900606283,1.0112274569503032,0.039696749611127305
5,adsorption,4964.0,100.04734648571761,10.236637249694805,0.1023179285535189,7.851956601731339,1.0,0.22656415950192754,1.0113282079750965,0.03968091237687672
5,adsorption,4966.0,100.0473475443975,10.238647441991242,0.10233801988051398,7.931302593932386,1.0,0.22857837517862362,1.0114289187589312,0.03966508076067871
5,adsorption,4968.0,100.04734860270185,10.240656831185618,0.10235810318024821,8.010616928517882,1.0,0.23059178632236313,1.0115295893161182,0.03964925476108559
5,adsorption,4970.0,100.04734966063074,10.242665417563629,0.10237817845557765,8.08989961671959,1.0,0.2326043932192805,1.0116302196609643,0.039633434376647
5,adsorption,4972.0,100.04735071818418,10.244673201410999,0.10239824570935863,8.169150669766365,1.0,0.23461619615543589,1.0117308098077717,0.03961761960591269
5,adsorption,4974.0,100.0473517753623,10.246680183013375,0.10241830494444658,8.248370098884171,1.0,0.23662719541681826,1.0118313597708408,0.03960181044743483
5,adsorption,4976.0,100.04735283216526,10.248686362656233,0.10243835616369527,8.327557915296067,1.0,0.23863739128933917,1.011931869564467,0.0395860068997632
5,adsorption,4978.0,100.0473538885931,10.250691740625104,0.10245839936995912,8.406714130222221,1.0,0.24064678405883833,1.012032339202942,0.03957020896144948
5,adsorption,4980.0,100.04735494464593,10.252696317205357,0.10247843456609076,8.485838754879897,1.0,0.2426553740110807,1.0121327687005541,0.03955441663104503
5,adsorption,4982.0,100.04735600032384,10.254700092682244,0.10249846175494187,8.564931800483462,1.0,0.24466316143175212,1.0122331580715875,0.0395386299070974
5,adsorption,4984.0,100.04735705562695,10.256703067341133,0.10251848093936497,8.643993278244384,1.0,0.24667014660647005,1.0123335073303235,0.03952284878815896
5,adsorption,4986.0,100.04735811055536,10.258705241467112,0.10253849212221011,8.72302319937123,1.0,0.2486763298207771,1.012433816491039,0.0395070732727815
5,adsorption,4988.0,100.04735916510911,10.26070661534527,0.10255849530632716,8.802021575069675,1.0,0.2506817113601375,1.012534085568007,0.039491303359513764
5,adsorption,4990.0,100.04736021928838,10.262707189260674,0.10257849049456579,8.880988416542486,1.0,0.252686291509944,1.0126343145754972,0.0394755390469066
5,adsorption,4992.0,100.04736127309322,10.264706963498238,0.10259847768977425,8.959923734989536,1.0,0.2546900705555152,1.012734503527776,0.03945978033351115
5,adsorption,4994.0,100.04736232652371,10.266705938342813,0.10261845689480004,9.038827541607795,1.0,0.2566930487820923,1.0128346524391045,0.039444027217876106
5,adsorption,4996.0,100.04736337958,10.268704114079261,0.10263842811249073,9.11769984759134,1.0,0.2586952264748451,1.0129347613237425,0.03942827969855239
5,adsorption,4998.0,100.04736443226216,10.270701490992254,0.10265839134569221,9.196540664131339,1.0,0.26069660391886934,1.0130348301959435,0.03941253777409129
5,adsorption,5000.0,100.04736548457021,10.272698069366438,0.10267834659724988,9.27535000241607,1.0,0.2626971813991838,1.0131348590699591,0.039396801443041946
5,adsorption,5002.0,100.04736653650436,10.274693849486413,0.10269829387000884,9.354127873630906,1.0,0.2646969592007341,1.0132348479600366,0.03938107070395447
5,adsorption,5004.0,100.04736758806466,10.27668883163666,0.10271823316681283,9.432874288958322,1.0,0.26669593760839144,1.0133347968804196,0.03936534555537889
5,adsorption,5006.0,100.04736863925126,10.278683016101617,0.10273816449050528,9.511589259577889,1.0,0.26869411690695355,1.013434705845348,0.039349625995866014
5,adsorption,5008.0,100.04736969006419,10.28067640316561,0.10275808784392856,9.590272796666286,1.0,0.2706914973811419,1.0135345748690572,0.03933391202396499
5,adsorption,5010.0,100.0473707405035,10.28266899311295,0.10277800322992475,9.668924911397283,1.0,0.2726880793156054,1.0136344039657803,0.03931820363822658
5,adsorption,5012.0,100.04737179056941,10.284660786227834,0.10279791065133485,9.74754561494176,1.0,0.2746838629949195,1.0137341931497459,0.039302500837202
5,adsorption,5014.0,100.04737284026199,10.28665178279433,0.10281781011099853,9.826134918467691,1.0,0.27667884870357984,1.013833942435179,0.039286803619438496
5,adsorption,5016.0,100.04737388958128,10.28864198309658,0.10283770161175632,9.904692833140148,1.0,0.27867303672601235,1.0139336518363007,0.039271111983486685
5,adsorption,5018.0,100.04737493852735,10.290631387418491,0.10285758515644632,9.983219370121303,1.0,0.2806664273465674,1.0140333213673283,0.03925542592789652
5,adsorption,5020.0,100.04737598710042,10.292619996044003,0.10287746074790685,10.061714540570433,1.0,0.28265902084952116,1.0141329510424761,0.03923974545121786
5,adsorption,5022.0,100.04737703530051,10.294607809256966,0.10289732838897554,10.14017835564391,1.0,0.28465081751907745,1.014232540875954,0.039224070552002235
5,adsorption,5024.0,100.0473780831277,10.296594827341062,0.1029171880824882,10.218610826495208,1.0,0.2866418176393613,1.014332090881968,0.039208401228797665
5,adsorption,5026.0,100.04737913058213,10.298581050580035,0.1029370398312813,10.2970119642749,1.0,0.2886320214944248,1.0144316010747212,0.03919273748015343
5,adsorption,5028.0,100.04738017766388,10.300566479257489,0.1029568836381899,10.375381780130654,1.0,0.29062142936824786,1.0145310714684124,0.039177079304620326
5,adsorption,5030.0,100.04738122437307,10.30255111365691,0.10297671950604793,10.453720285207243,1.0,0.29261004154473297,1.0146305020772366,0.03916142670074686
5,adsorption,5032.0,100.04738227070968,10.304534954061781,0.10299654743768927,10.532027490646538,1.0,0.2945978583077085,1.0147298929153854,0.0391457796670819
5,adsorption,5034.0,100.047383316674,10.30651800075553,0.10301636743594708,10.610303407587505,1.0,0.2965848799409329,1.0148292439970465,0.039130138202177624
5,adsorption,5036.0,100.04738436226606,10.308500254021416,0.10303617950365303,10.688548047166213,1.0,0.2985711067280875,1.0149285553364045,0.03911450230458403
5,adsorption,5038.0,100.04738540748583,10.31048171414262,0.1030559836436381,10.766761420515833,1.0,0.30055653895277307,1.0150278269476387,0.03909887197284638
5,adsorption,5040.0,100.04738645233351,10.312462381402423,0.10307577985873406,10.844943538766628,1.0,0.30254117689852333,1.0151270588449262,0.03908324720551567
5,adsorption,5042.0,100.04738749680925,10.31444225608388,0.1030955681517704,10.923094413045964,1.0,0.30452502084880145,1.0152262510424401,0.039067628001145875
5,adsorption,5044.0,100.047388540913,10.31642133846986,0.10311534852557497,11.001214054478304,1.0,0.3065080710869832,1.015325403554349,0.03905201435828086
5,adsorption,5046.0,100.04738958464499,10.318399628843475,0.10313512098297777,11.079302474185212,1.0,0.308490327896376,1.0154245163948188,0.03903640627546905
5,adsorption,5048.0,100.04739062800533,10.320377127487605,0.10315488552680672,11.157359683285348,1.0,0.31047179156022336,1.0155235895780113,0.03902080375126729
5,adsorption,5050.0,100.04739167099397,10.322353834684803,0.10317464215988642,11.235385692894475,1.0,0.31245246236167795,1.0156226231180838,0.03900520678421932
5,adsorption,5052.0,100.04739271361115,10.324329750717991,0.10319439088504502,11.313380514125448,1.0,0.31443234058382147,1.0157216170291912,0.03898961537287179
5,adsorption,5054.0,100.04739375585685,10.32630487586982,0.10321413170510813,11.391344158088225,1.0,0.316411426509672,1.0158205713254835,0.03897402951577968
5,adsorption,5056.0,100.04739479773126,10.328279210422702,0.10323386462289882,11.469276635889862,1.0,0.31838972042216385,1.0159194860211083,0.03895844921149059
5,adsorption,5058.0,100.04739583923447,10.330252754659229,0.10325358964124211,11.54717795863451,1.0,0.32036722260415623,1.0160183611302078,0.0389428744585517
5,adsorption,5060.0,100.04739688036648,10.332225508861805,0.10327330676296112,11.625048137423427,1.0,0.3223439333384373,1.0161171966669218,0.038927305255512606
5,adsorption,5062.0,100.04739792112753,10.334197473312786,0.10329301599087827,11.702887183354957,1.0,0.3243198529077236,1.0162159926453862,0.03891174160092531
5,adsorption,5064.0,100.04739896151764,10.336168648294398,0.10331271732781497,11.780695107524556,1.0,0.32629498159465314,1.0163147490797326,0.038896183493338364
5,adsorption,5066.0,100.0474000015369,10.338139034088801,0.10333241077659179,11.858471921024766,1.0,0.32826931968178436,1.0164134659840893,0.03888063093129652
5,adsorption,5068.0,100.0474010411854,10.340108630978195,0.10335209634002984,11.93621763494523,1.0,0.3302428674516071,1.0165121433725803,0.038865083913348954
5,adsorption,5070.0,100.04740208046326,10.342077439244648,0.10337177402094877,12.01393226037269,1.0,0.332215625186544,1.0166107812593272,0.03884954243805058
5,adsorption,5072.0,100.04740311937057,10.344045459169969,0.10339144382216571,12.091615808390985,1.0,0.33418759316893126,1.0167093796584465,0.0388340065039467
5,adsorption,5074.0,100.04740415790742,10.346012691036195,0.10341110574650006,12.169268290081062,1.0,0.3361587716810333,1.0168079385840516,0.0388184761095848
5,adsorption,5076.0,100.04740519607404,10.347979135125163,0.1034307597967691,12.246889716520949,1.0,0.3381291610050476,1.0169064580502527,0.038802951253518146
5,adsorption,5078.0,100.04740623387026,10.349944791718471,0.1034504059757881,12.324480098785788,1.0,0.3400987614230887,1.0170049380711543,0.03878743193429344
5,adsorption,5080.0,100.0474072712964,10.3519096610979,0.10347004428637366,12.402039447947807,1.0,0.34206757321719683,1.0171033786608599,0.03877191815045742
5,adsorption,5082.0,100.04740830835244,10.35387374354503,0.10348967473134071,12.479567775076333,1.0,0.3440355966693412,1.0172017798334672,0.038756409900559466
5,adsorption,5084.0,100.0474093450385,10.355837039341381,0.10350929731350353,12.557065091237794,1.0,0.34600283206141785,1.017300141603071,0.03874090718315011
5,adsorption,5086.0,100.0474103813547,10.357799548768408,0.10352891203567562,12.634531407495718,1.0,0.3479692796752482,1.0173984639837623,0.038725409996779286
5,adsorption,5088.0,100.04741141730122,10.359761272107447,0.10354851890066925,12.711966734910726,1.0,0.3499349397925752,1.017496746989629,0.03870991833999413
5,adsorption,5090.0,100.04741245287796,10.36172220963983,0.10356811791129701,12.789371084540539,1.0,0.351899812695069,1.0175949906347534,0.038694432211343034
5,adsorption,5092.0,100.0474134880852,10.363682361646777,0.10358770907036997,12.866744467439977,1.0,0.35386389866432616,1.0176931949332164,0.03867895160937488
5,adsorption,5094.0,100.04741452292292,10.36564172840943,0.10360729238069866,12.944086894660952,1.0,0.35582719798186907,1.0177913598990935,0.03866347653263885
5,adsorption,5096.0,100.04741555739129,10.367600310208857,0.10362686784509269,13.021398377252478,1.0,0.3577897109291442,1.0178894855464573,0.038648006979682945
5,adsorption,5098.0,100.04741659149032,10.369558107326057,0.10364643546636121,13.098678926260659,1.0,0.3597514377875231,1.017987571889376,0.03863254294905488
5,adsorption,5100.0,100.04741762522023,10.371515120042003,0.10366599524731285,13.175928552728706,1.0,0.36171237883830654,1.0180856189419154,0.03861708443930502
5,adsorption,5102.0,100.04741865858098,10.373471348637457,0.10368554719075436,13.253147267696919,1.0,0.36367253436271596,1.018183626718136,0.03860163144898012
5,adsorption,5104.0,100.04741969157274,10.375426793393283,0.10370509129949339,13.3303350822027,1.0,0.3656319046419018,1.0182815952320952,0.03858618397662944
5,adsorption,5106.0,100.0474207241956,10.377381454590163,0.10372462757633573,13.407492007280545,1.0,0.3675904899569415,1.018379524497847,0.0385707420208035
5,adsorption,5108.0,100.04742175644972,10.379335332508688,0.10374415602408633,13.484618053962054,1.0,0.36954829058883454,1.018477414529442,0.038555305580049895
5,adsorption,5110.0,100.04742278833513,10.381288427429496,0.10376367664555058,13.56171323327592,1.0,0.3715053068185106,1.0185752653409255,0.03853987465291994
5,adsorption,5112.0,100.0474238198519,10.383240739632889,0.10378318944353063,13.638777556247932,1.0,0.37346153892681355,1.0186730769463406,0.038524449237955956
5,adsorption,5114.0,100.04742485100016,10.385192269399463,0.10380269442083137,13.715811033900977,1.0,0.3754169871945213,1.018770849359726,0.03850902933370717
5,adsorption,5116.0,100.04742588178004,10.387143017009512,0.10382219158025481,13.792813677255033,1.0,0.37737165190234245,1.0188685825951171,0.03849361493872651
5,adsorption,5118.0,100.04742691219155,10.389092982743168,0.10384168092460133,13.869785497327182,1.0,0.37932553333090185,1.018966276666545,0.03847820605155986
5,adsorption,5120.0,100.04742794223492,10.391042166880773,0.10386116245667325,13.946726505131604,1.0,0.3812786317607548,1.0190639315880377,0.03846280267075672
5,adsorption,5122.0,100.04742897191015,10.392990569702286,0.1038806361792693,14.02363671167957,1.0,0.3832309474723767,1.0191615473736189,0.03844740479486242
5,adsorption,5124.0,100.04743000121736,10.39493819148791,0.1039001020951905,14.100516127979454,1.0,0.3851824807461774,1.0192591240373088,0.03843201242242936
5,adsorption,5126.0,100.04743103015666,10.396885032517455,0.103919560207234,14.17736476503672,1.0,0.3871332318624873,1.0193566615931244,0.03841662555200579
5,adsorption,5128.0,100.04743205872803,10.398831093070774,0.10393901051819743,14.254182633853931,1.0,0.38908320110155414,1.0194541600550777,0.038401244182133656
5,adsorption,5130.0,100.04743308693173,10.400776373427918,0.10395845303088014,14.330969745430751,1.0,0.3910323887435676,1.0195516194371783,0.03838586831136775
5,adsorption,5132.0,100.04743411476787,10.402720873868372,0.10397788774807609,14.407726110763933,1.0,0.3929807950686346,1.0196490397534317,0.038370497938256365
5,adsorption,5134.0,100.04743514223635,10.404664594671853,0.1039973146725816,14.484451740847334,1.0,0.39492842035678233,1.019746421017839,0.03835513306134356
5,adsorption,5136.0,100.04743616933752,10.406607536118099,0.10401673380719285,14.561146646671903,1.0,0.39687526488797564,1.0198437632443988,0.038339773679182995
5,adsorption,5138.0,100.04743719607123,10.408549698486375,0.10403614515470175,14.637810839225688,1.0,0.39882132894209327,1.0199410664471047,0.038324419790319024
5,adsorption,5140.0,100.0474382224377,10.410491082056271,0.10405554871790314,14.714444329493832,1.0,0.4007666127989412,1.020038330639947,0.038309071393297554
5,adsorption,5142.0,100.04743924843707,10.412431687107237,0.10407494449959045,14.791047128458573,1.0,0.4027111167382641,1.0201355558369132,0.03829372848667458
5,adsorption,5144.0,100.04744027406937,10.414371513918297,0.10409433250255305,14.86761924709925,1.0,0.4046548410397153,1.0202327420519857,0.03827839106899292
5,adsorption,5146.0,100.04744129933478,10.41631056276887,0.10411371272958413,14.944160696392295,1.0,0.4065977859828783,1.020329889299144,0.03826305913879926
5,adsorption,5148.0,100.04744232423327,10.418248833938112,0.10413308518347426,15.020671487311235,1.0,0.40853995184727177,1.0204269975923637,0.038247732694647325
5,adsorption,5150.0,100.04744334876499,10.420186327704899,0.10415244986701132,15.097151630826698,1.0,0.4104813389123277,1.0205240669456164,0.038232411735081656
5,adsorption,5152.0,100.04744437293007,10.422123044348407,0.10417180678298597,15.173601137906408,1.0,0.4124219474574086,1.0206210973728704,0.0382170962586506
5,adsorption,5154.0,100.04744539672859,10.424058984147482,0.10419115593418574,15.25002001951518,1.0,0.4143617777618041,1.0207180888880905,0.03820178626390364
5,adsorption,5156.0,100.04744642016063,10.425994147380926,0.10421049732339774,15.326408286614933,1.0,0.4163008301047257,1.0208150415052364,0.03818648174938742
5,adsorption,5158.0,100.04744744322623,10.427928534327563,0.10422983095340921,15.402765950164675,1.0,0.41823910476531184,1.0209119552382655,0.03817118271364978
5,adsorption,5160.0,100.04744846592565,10.429862145266046,0.10424915682700563,15.479093021120507,1.0,0.42017660202262613,1.0210088301011313,0.03815588915523831
5,adsorption,5162.0,100.04744948825885,10.431794980475074,0.1042684749469731,15.555389510435637,1.0,0.4221133221556633,1.021105666107783,0.03814060107270462
5,adsorption,5164.0,100.04745051022603,10.433727040233096,0.10428778531609502,15.63165542906037,1.0,0.4240492654433381,1.021202463272167,0.03812531846459638
5,adsorption,5166.0,100.04745153182718,10.43565832481856,0.10430708793715511,15.707890787942096,1.0,0.42598443216448584,1.0212992216082244,0.03811004132945708
5,adsorption,5168.0,100.0474525530624,10.437588834509958,0.10432638281293717,15.784095598025301,1.0,0.42791882259787434,1.0213959411298936,0.038094769665836
5,adsorption,5170.0,100.04745357393188,10.439518569585584,0.10434566994622319,15.860269870251578,1.0,0.429852437022199,1.02149262185111,0.03807950347228371
5,adsorption,5172.0,100.04745459443564,10.441447530323662,0.1043649493397945,15.936413615559609,1.0,0.4317852757160798,1.021589263785804,0.03806424274735007
5,adsorption,5174.0,100.04745561457385,10.443375717002361,0.10438422099643163,16.012526844885183,1.0,0.4337173389580588,1.021685866947903,0.038048987489582256
5,adsorption,5176.0,100.04745663434652,10.445303129899749,0.10440348491891449,16.088609569161257,1.0,0.4356486270266005,1.02178243135133,0.03803373769752333
5,adsorption,5178.0,100.04745765375375,10.447229769293887,0.10442274111002273,16.164661799317713,1.0,0.43757914020009653,1.0218789570100049,0.038018493369721074
5,adsorption,5180.0,100.04745867279576,10.449155635462814,0.10444198957253555,16.240683546281794,1.0,0.43950887875688055,1.0219754439378441,0.03800325450473101
5,adsorption,5182.0,100.04745969147254,10.451080728684182,0.10446123030922864,16.31667482097755,1.0,0.44143784297519245,1.0220718921487597,0.03798802110109912
5,adsorption,5184.0,100.04746070978425,10.453005049235955,0.10448046332288066,16.39263563432617,1.0,0.4433660331331953,1.0221683016566598,0.03797279315736902
5,adsorption,5186.0,100.04746172773086,10.454928597395813,0.10449968861626752,16.468565997245914,1.0,0.44529344950898586,1.0222646724754494,0.03795757067209075
5,adsorption,5188.0,100.04746274531253,10.456851373441374,0.1045189061921643,16.54446592065232,1.0,0.4472200923805867,1.0223610046190292,0.03794235364381118
5,adsorption,5190.0,100.0474637625295,10.458773377650369,0.1045381160533473,16.620335415457824,1.0,0.44914596202594903,1.0224572981012974,0.037927142071083796
5,adsorption,5192.0,100.04746477938171,10.460694610300026,0.10455731820258797,16.696174492572162,1.0,0.45107105872294245,1.0225535529361471,0.037911935952451896
5,adsorption,5194.0,100.04746579586926,10.462615071667932,0.10457651264266113,16.77198316290212,1.0,0.45299538274936085,1.022649769137468,0.0378967352864591
5,adsorption,5196.0,100.04746681199225,10.464534762031537,0.10459569937634039,16.84776143735154,1.0,0.4549189343829371,1.0227459467191469,0.03788154007166021
5,adsorption,5198.0,100.04746782775089,10.466453681667952,0.10461487840639576,16.923509326821353,1.0,0.4568417139013231,1.0228420856950662,0.037866350306605005
5,adsorption,5200.0,100.04746884314517,10.468371830854375,0.10463404973559833,16.999226842209577,1.0,0.458763721582086,1.0229381860791043,0.03785116598983555
5,adsorption,5202.0,100.04746985817523,10.470289209868056,0.10465321336671958,17.074913994411343,1.0,0.4606849577027269,1.0230342478851364,0.03783598711990019
5,adsorption,5204.0,100.04747087284113,10.47220581898599,0.10467236930252852,17.15057079431886,1.0,0.4626054225406744,1.023130271127034,0.03782081369534889
5,adsorption,5206.0,100.04747188714298,10.474121658485135,0.10469151754579376,17.226197252821446,1.0,0.4645251163732808,1.0232262558186642,0.037805645714730114
5,adsorption,5208.0,100.0474729010809,10.476036728642468,0.10471065809928407,17.301793380805524,1.0,0.46644403947782664,1.0233222019738912,0.03779048317659431
5,adsorption,5210.0,100.04747391465493,10.477951029734664,0.10472979096576528,17.377359189154596,1.0,0.4683621921315077,1.0234181096065753,0.03777532607948411
5,adsorption,5212.0,100.04747492786527,10.47986456203861,0.1047489161480052,17.452894688749264,1.0,0.47027957461144926,1.0235139787305725,0.03776017442194516
5,adsorption,5214.0,100.0474759407119,10.481777325831036,0.10476803364877024,17.52839989046722,1.0,0.4721961871947125,1.0236098093597357,0.037745028202531374
5,adsorption,5216.0,100.04747695319502,10.483689321388447,0.1047871434708244,17.603874805183267,1.0,0.47411203015828074,1.023705601507914,0.03772988741979367
5,adsorption,5218.0,100.04747796531467,10.485600548987316,0.10480624561693154,17.679319443769298,1.0,0.47602710377905044,1.0238013551889524,0.037714752072273476
5,adsorption,5220.0,100.04747897707095,10.48751100890422,0.10482534008985639,17.75473381709429,1.0,0.4779414083338493,1.0238970704166925,0.03769962215851668
5,adsorption,5222.0,100.04747998846396,10.489420701415616,0.10484442689236256,17.830117936024337,1.0,0.479854944099444,1.0239927472049721,0.03768449767707969
5,adsorption,5224.0,100.04748099949386,10.491329626797615,0.10486350602721012,17.90547181142261,1.0,0.4817677113525141,1.0240883855676257,0.037669378626508855
5,adsorption,5226.0,100.04748201016064,10.493237785326466,0.10488257749716072,17.980795454149394,1.0,0.48367971036965607,1.0241839855184829,0.0376542650053439
5,adsorption,5228.0,100.04748302046443,10.495145177278488,0.10490164130497653,18.056088875062045,1.0,0.4855909414274043,1.0242795470713701,0.03763915681213445
5,adsorption,5230.0,100.04748403040537,10.497051802929741,0.10492069745341713,18.131352085015035,1.0,0.48750140480222715,1.0243750702401113,0.03762405404543652
5,adsorption,5232.0,100.04748503998348,10.498957662556055,0.10493974594523989,18.20658509485992,1.0,0.48941110077050254,1.0244705550385251,0.03760895670379356
5,adsorption,5234.0,100.04748604919897,10.500862756433515,0.10495878678320464,18.281787915445367,1.0,0.4913200296085342,1.0245660014804268,0.03759386478574943
5,adsorption,5236.0,100.04748705805183,10.502767084838112,0.10497781997007037,18.356960557617118,1.0,0.4932281915925697,1.0246614095796285,0.03757877828986202
5,adsorption,5238.0,100.04748806654223,10.504670648045298,0.10499684550859062,18.432103032218038,1.0,0.49513558699876287,1.0247567793499381,0.037563697214674306
5,adsorption,5240.0,100.04748907467024,10.506573446330973,0.10501586340152337,18.507215350088067,1.0,0.4970422161031912,1.0248521108051596,0.03754862155872784
5,adsorption,5242.0,100.04749008243596,10.508475479970887,0.10503487365162523,18.582297522064238,1.0,0.49894807918187334,1.0249474039590936,0.037533551320576494
5,adsorption,5244.0,100.04749108983943,10.510376749240397,0.10505387626164876,18.657349558980695,1.0,0.5008531765107461,1.0250426588255372,0.037518486498768155
5,adsorption,5246.0,100.04749209688087,10.51227725441515,0.10507287123434936,18.732371471668664,1.0,0.5027575083656739,1.0251378754182836,0.037503427091852407
5,adsorption,5248.0,100.04749310356023,10.51417699577046,0.10509185857247941,18.807363270956486,1.0,0.5046610750224432,1.025233053751122,0.037488373098375986
5,adsorption,5250.0,100.04749410987775,10.516075973581648,0.10511083827879093,18.88232496766958,1.0,0.506563876756761,1.025328193837838,0.03747332451688202
5,adsorption,5252.0,100.04749511583346,10.517974188124166,0.10512981035603756,18.957256572630463,1.0,0.5084659138442731,1.0254232956922136,0.037458281345923806
5,adsorption,5254.0,100.04749612142746,10.519871639673006,0.1051487748069683,19.032158096658755,1.0,0.5103671865605458,1.0255183593280273,0.03744324358405064
5,adsorption,5256.0,100.04749712665986,10.52176832850331,0.10516773163433343,19.107029550571173,1.0,0.5122676951810621,1.0256133847590532,0.037428211229805025
5,adsorption,5258.0,100.04749813153069,10.523664254890274,0.10518668084088417,19.181870945181522,1.0,0.5141674399812426,1.025708371999062,0.03741318428173885
5,adsorption,5260.0,100.04749913604016,10.525559419108683,0.10520562242936722,19.256682291300706,1.0,0.5160664212364269,1.0258033210618216,0.037398162738398945
5,adsorption,5262.0,100.04750014018822,10.527453821433488,0.10522455640253127,19.331463599736722,1.0,0.5179646392218777,1.0258982319610939,0.03738314659833026
5,adsorption,5264.0,100.04750114397507,10.529347462139633,0.10524348276312463,19.406214881294666,1.0,0.5198620942127943,1.0259931047106396,0.03736813586008626
5,adsorption,5266.0,100.04750214740085,10.531240341501693,0.10526240151389213,19.480936146776738,1.0,0.5217587864842933,1.0260879393242148,0.037353130522214055
5,adsorption,5268.0,100.04750315046557,10.533132459794421,0.10528131265758033,19.555627406982225,1.0,0.5236547163114164,1.0261827358155708,0.037338130583260326
5,adsorption,5270.0,100.0475041531694,10.535023817292405,0.10530021619693415,19.63028867270751,1.0,0.525549883969132,1.0262774941984567,0.037323136041772766
5,adsorption,5272.0,100.04750515551231,10.536914414270116,0.1053191121346974,19.70491995474608,1.0,0.5274442897323319,1.0263722144866165,0.03730814689629732
5,adsorption,5274.0,100.04750615749455,10.538804251002112,0.10533800047361451,19.779521263888505,1.0,0.5293379338758385,1.0264668966937922,0.03729316314538403
5,adsorption,5276.0,100.0475071591161,10.540693327762684,0.10535688121642758,19.854092610922454,1.0,0.5312308166743996,1.02656154083372,0.037278184787582706
5,adsorption,5278.0,100.04750816037709,10.542581644826102,0.10537575436587829,19.928634006632695,1.0,0.5331229384026825,1.0266561469201343,0.03726321182143851
5,adsorption,5280.0,100.04750916127767,10.544469202466676,0.10539461992470875,20.0031454618011,1.0,0.5350142993352843,1.0267507149667643,0.037248244245499794
5,adsorption,5282.0,100.04751016181787,10.54635600095859,0.10541347789565983,20.077626987206628,1.0,0.5369048997467345,1.0268452449873366,0.037233282058320404
5,adsorption,5284.0,100.04751116199783,10.548242040575673,0.10543232828146883,20.152078593625337,1.0,0.5387947399114706,1.0269397369955735,0.03721832525844042
5,adsorption,5286.0,100.04751216181762,10.550127321592202,0.10545117108487757,20.226500291830376,1.0,0.5406838201038657,1.0270341910051932,0.037203373844407826
5,adsorption,5288.0,100.04751316127738,10.552011844282116,0.10547000630862448,20.300892092592,1.0,0.5425721405982318,1.0271286070299115,0.03718842781478087
5,adsorption,5290.0,100.04751416037722,10.553895608918916,0.10548883395544352,20.375254006677554,1.0,0.5444597016687808,1.0272229850834393,0.037173487168097985
5,adsorption,5292.0,100.04751515911708,10.555778615776777,0.10550765402807565,20.44958604485148,1.0,0.546346503589665,1.0273173251794832,0.03715855190290915
5,adsorption,5294.0,100.0475161574972,10.557660865129215,0.10552646652925489,20.523888217875314,1.0,0.5482325466349633,1.0274116273317482,0.037143622017765186
5,adsorption,5296.0,100.0475171555177,10.559542357249823,0.1055452714617162,20.59816053650769,1.0,0.5501178310786731,1.0275058915539337,0.03712869751121115
5,adsorption,5298.0,100.04751815317863,10.561423092412367,0.10556406882819629,20.672403011504347,1.0,0.5520023571947283,1.0276001178597365,0.03711377838180121
5,adsorption,5300.0,100.04751915048007,10.56330307089,0.10558285863142579,20.74661565361811,1.0,0.5538861252569733,1.0276943062628487,0.037098864628077016
5,adsorption,5302.0,100.04752014742203,10.565182292956353,0.10560164087414006,20.8207984735989,1.0,0.5557691355391827,1.027788456776959,0.03708395624858463
5,adsorption,5304.0,100.04752114400478,10.567060758884795,0.10562041555907166,20.894951482193733,1.0,0.5576513883150673,1.0278825694157534,0.03706905324187792
5,adsorption,5306.0,100.04752214022837,10.56893846894842,0.10563918268895069,20.969074690146723,1.0,0.5595328838582554,1.0279766441929128,0.03705415560650471
5,adsorption,5308.0,100.04752313609279,10.570815423420514,0.10565794226650897,21.043168108199094,1.0,0.5614136224423008,1.028070681122115,0.037039263341012756
5,adsorption,5310.0,100.04752413159832,10.57269162257417,0.10567669429447644,21.11723174708915,1.0,0.563293604340684,1.028164680217034,0.03702437644395048
5,adsorption,5312.0,100.04752512674492,10.574567066682377,0.10569543877558206,21.191265617552304,1.0,0.5651728298268077,1.0282586414913406,0.03700949491386398
5,adsorption,5314.0,100.04752612153271,10.576441756018177,0.10571417571255533,21.26526973032105,1.0,0.5670512991740064,1.0283525649587004,0.036994618749303994
5,adsorption,5316.0,100.04752711596177,10.578315690854364,0.10573290510812314,21.339244096124993,1.0,0.568929012655536,1.0284464506327768,0.036979747948818156
5,adsorption,5318.0,100.04752811003227,10.58018887146379,0.10575162696501304,21.41318872569083,1.0,0.5708059705445769,1.0285402985272292,0.03696488251095341
5,adsorption,5320.0,100.04752910374422,10.58206129811921,0.10577034128595168,21.487103629742347,1.0,0.5726821731142383,1.0286341086557118,0.0369500224342589
5,adsorption,5322.0,100.04753009709779,10.583932971093223,0.10578904807366397,21.560988819000436,1.0,0.5745576206375511,1.0287278810318776,0.036935167717281205
5,adsorption,5324.0,100.04753109009303,10.585803890658513,0.10580774733087589,21.634844304183076,1.0,0.5764323133874781,1.028821615669374,0.036920318358571354
5,adsorption,5326.0,100.04753208273007,10.587674057087483,0.10582643906031039,21.708670096005356,1.0,0.5783062516369014,1.0289153125818453,0.036905474356676
5,adsorption,5328.0,100.04753307500891,10.589543470652675,0.10584512326469207,21.782466205179446,1.0,0.5801794356586338,1.0290089717829316,0.03689063571014542
5,adsorption,5330.0,100.04753406692991,10.591412131626491,0.10586379994674369,21.856232642414643,1.0,0.5820518657254196,1.0291025932862712,0.03687580241753442
5,adsorption,5332.0,100.04753505849287,10.593280040280902,0.10588246910918428,21.92996941841731,1.0,0.5839235421099037,1.0291961771054952,0.03686097447737864
5,adsorption,5334.0,100.04753604969798,10.595147196888487,0.10590113075473857,22.00367654389092,1.0,0.5857944650846741,1.0292897232542337,0.03684615188822753
5,adsorption,5336.0,100.04753704054541,10.597013601721356,0.1059197848861266,22.077354029536025,1.0,0.5876646349222566,1.029383231746113,0.036831334648639705
5,adsorption,5338.0,100.04753803103516,10.598879255051266,0.10593843150606515,22.151001886050306,1.0,0.5895340518950803,1.029476702594754,0.0368165227571566
5,adsorption,5340.0,100.04753902116741,10.600744157150531,0.1059570706172762,22.22462012412851,1.0,0.5914027162755081,1.0295701358137754,0.0368017162123261
5,adsorption,5342.0,100.0475400109422,10.602608308290925,0.10597570222247661,22.2982087544625,1.0,0.5932706283358303,1.0296635314167915,0.036786915012697645
5,adsorption,5344.0,100.04754100035963,10.604471708744367,0.10599432632438459,22.371767787741227,1.0,0.5951377883482668,1.0297568894174134,0.036772119156823546
5,adsorption,5346.0,100.04754198941983,10.606334358782554,0.10601294292571614,22.445297234650752,1.0,0.5970041965849592,1.029850209829248,0.03675732864325309
5,adsorption,5348.0,100.0475429781229,10.608196258677125,0.10603155202918667,22.518797105874228,1.0,0.5988698533179643,1.0299434926658981,0.03674254347052764
5,adsorption,5350.0,100.0475439664689,10.610057408699832,0.1060501536375127,22.592267412091882,1.0,0.6007347588192736,1.0300367379409636,0.03672776363719579
5,adsorption,5352.0,100.04754495445795,10.611917809122211,0.10606874775340862,22.66570816398107,1.0,0.602598913360812,1.0301299456680406,0.03671298914181195
5,adsorption,5354.0,100.04754594209017,10.613777460215653,0.10608733437958742,22.739119372216226,1.0,0.6044623172144225,1.0302231158607211,0.036698219982924954
5,adsorption,5356.0,100.04754692936562,10.615636362251575,0.10610591351876224,22.812501047468892,1.0,0.6063249706518706,1.0303162485325936,0.03668345615908124
5,adsorption,5358.0,100.04754791628437,10.617494515501358,0.10612448517364599,22.885853200407706,1.0,0.6081868739448526,1.0304093436972426,0.03666869766883085
5,adsorption,5360.0,100.04754890284656,10.619351920236141,0.10614304934694907,22.9591758416984,1.0,0.6100480273649855,1.0305024013682493,0.036653944510720717
5,adsorption,5362.0,100.04754988905232,10.621208576727215,0.1061616060413833,23.032468982003802,1.0,0.6119084311838154,1.0305954215591908,0.03663919668329998
5,adsorption,5364.0,100.04755087490165,10.623064485245596,0.10618015525965806,23.105732631983848,1.0,0.6137680856728123,1.0306884042836408,0.03662445418511668
5,adsorption,5366.0,100.04755186039476,10.624919646062374,0.10619869700448312,23.178966802295555,1.0,0.6156269911033764,1.0307813495551688,0.03660971701472244
5,adsorption,5368.0,100.04755284553167,10.626774059448463,0.10621723127856673,23.252171503593054,1.0,0.61748514774683,1.0308742573873415,0.03659498517066628
5,adsorption,5370.0,100.04755383031252,10.628627725674631,0.10623575808461555,23.32534674652757,1.0,0.619342555874412,1.0309671277937207,0.03658025865148999
5,adsorption,5372.0,100.04755481473734,10.630480645011911,0.10625427742533901,23.398492541747398,1.0,0.6211992157573007,1.031059960787865,0.03656553745574668
5,adsorption,5374.0,100.04755579880624,10.63233281773085,0.10627278930344154,23.471608899897966,1.0,0.6230551276665962,1.0311527563833298,0.03655082158198577
5,adsorption,5376.0,100.04755678251948,10.634184244102183,0.10629129372162952,23.54469583162179,1.0,0.6249102918733249,1.0312455145936663,0.03653611102875759
5,adsorption,5378.0,100.04755776587695,10.636034924396533,0.10630979068260824,23.61775334755848,1.0,0.626764708648442,1.031338235432422,0.03652140579461517
5,adsorption,5380.0,100.0475587488788,10.637884858884139,0.10632828018907914,23.690781458344752,1.0,0.6286183782628112,1.0314309189131405,0.03650670587809768
5,adsorption,5382.0,100.0475597315252,10.639734047835752,0.10634676224374867,23.76378017461441,1.0,0.6304713009872346,1.0315235650493617,0.03649201127775475
5,adsorption,5384.0,100.04756071381615,10.641582491521667,0.1063652368493189,23.836749506998355,1.0,0.6323234770924498,1.0316161738546226,0.03647732199214378
5,adsorption,5386.0,100.0475616957518,10.643430190211975,0.10638370400848972,23.909689466124597,1.0,0.634174906849105,1.0317087453424552,0.03646263801981001
5,adsorption,5388.0,100.04756267733225,10.645277144177038,0.1064021637239638,23.982600062618232,1.0,0.6360255905277745,1.0318012795263887,0.036447959359299516
5,adsorption,5390.0,100.04756365855769,10.647123353687038,0.10642061599844191,24.05548130710147,1.0,0.6378755283989689,1.0318937764199485,0.03643328600916628
5,adsorption,5392.0,100.047564639428,10.648968819011904,0.10643906083462253,24.128333210193606,1.0,0.6397247207331189,1.0319862360366558,0.03641861796796064
5,adsorption,5394.0,100.0475656199434,10.65081354042155,0.10645749823520369,24.201155782511044,1.0,0.6415731678005675,1.0320786583900283,0.03640395523422178
5,adsorption,5396.0,100.047566600104,10.652657518186132,0.10647592820288604,24.273949034667265,1.0,0.6434208698716003,1.03217104349358,0.036389297806502914
5,adsorption,5398.0,100.04756757990991,10.654500752575386,0.1064943507403659,24.34671297727287,1.0,0.6452678272164323,1.0322633913608217,0.03637464568335975
5,adsorption,5400.0,100.04756855936117,10.65634324385889,0.10651276585033817,24.419447620935774,1.0,0.6471140401051917,1.0323557020052596,0.03635999886333404
5,purge,5400.0,100.04756855936117,10.65634324385889,0.10651276585033817,24.419447620935774,1.0,0.6471140401051917,1.0323557020052596,0.03635999886333404
5,purge,5402.0,100.05350625994922,9.20489810781209,0.09199975544981728,24.398991033581478,1.0,0.5307375769063154,1.0265368788453157,-0.05400451068470353
5,purge,5404.0,100.05329094342603,10.590864831087256,0.10585223865425615,24.300383974529012,1.0,0.5346191484924541,1.0267309574246226,-0.04900474366646607
5,purge,5406.0,100.05307065363954,10.53657861221431,0.10530989747120799,24.208087434883325,1.0,0.5362555525387328,1.026812777626937,-0.0458824177174549
5,purge,5408.0,100.05307796277486,10.520024302135802,0.10514443449755558,24.1160393600362,1.0,0.5337007415045417,1.0266850370752272,-0.04603420882718141
5,purge,5410.0,100.05307857544246,10.519699688432418,0.10514118943876684,24.023946845102884,1.0,0.53133560220082,1.026566780110041,-0.04603716718541809
5,purge,5412.0,100.05307689534324,10.517365662415827,0.10511786332585375,23.931901000027665,1.0,0.5290076157353706,1.0264503807867684,-0.04601207972696423
5,purge,5414.0,100.05307551927604,10.515002194909751,0.10509424263409026,23.839897039821917,1.0,0.5266747819523072,1.0263337390976153,-0.045991610873638664
5,purge,5416.0,100.0530741511823,10.512680449196404,0.10507103892991358,23.747934122895767,1.0,0.5243430062412228,1.0262171503120612,-0.04597113758976155
5,purge,5418.0,100.05307277612174,10.51036224057971,0.10504787058462106,23.65601544863309,1.0,0.5220125071960977,1.0261006253598048,-0.04595055335970558
5,purge,5420.0,100.05307140044208,10.50803802768113,0.10502464222837142,23.56413771402987,1.0,0.5196830424437952,1.0259841521221897,-0.04592998117443712
5,purge,5422.0,100.0530700244799,10.505714790529293,0.10500142362407142,23.472298732612742,1.0,0.5173545766276368,1.0258677288313818,-0.045909404882698075
5,purge,5424.0,100.05306864948152,10.50339251607353,0.10497821463997606,23.380500483806866,1.0,0.5150271365284484,1.0257513568264225,-0.045888843183947474
5,purge,5426.0,100.05306727513407,10.501071359047293,0.10495501682292849,23.288743319588814,1.0,0.5127007377051159,1.0256350368852558,-0.04586829098178579
5,purge,5428.0,100.05306590142153,10.498751200037999,0.10493182897945394,23.19702726428198,1.0,0.5103753806243305,1.0255187690312166,-0.04584774839866175
5,purge,5430.0,100.05306452841546,10.496432075743174,0.10490865147625883,23.105352293383973,1.0,0.5080510634346309,1.0254025531717315,-0.04582721638866729
5,purge,5432.0,100.05306315609653,10.494113996866643,0.10488548442034586,23.013718379912692,1.0,0.5057277858599839,1.025286389292999,-0.04580669462746633
5,purge,5434.0,100.05306178445768,10.491796952518234,0.10486232770287932,22.922125500616083,1.0,0.5034055473974554,1.025170277369873,-0.045786183042306465
5,purge,5436.0,100.05306041350399,10.489480943189626,0.10483918132876903,22.830573634267054,1.0,0.5010843474087142,1.0250542173704358,-0.045765681706543965
5,purge,5438.0,100.05305904323457,10.487165969882144,0.1048160453080247,22.73906276030086,1.0,0.49876418539090334,1.0249382092695452,-0.045745190601112595
5,purge,5440.0,100.05305767364813,10.484852031421148,0.10479291962890842,22.64759285830133,1.0,0.49644506084176426,1.0248222530420883,-0.045724709709450424
5,purge,5442.0,100.05305630474469,10.482539127223728,0.10476980428559511,22.556163907860824,1.0,0.4941269732385708,1.0247063486619286,-0.045704239031131196
5,purge,5444.0,100.05305493652384,10.480227256878377,0.10474669927397316,22.464775889876254,1.0,0.49180992209843816,1.0245904961049221,-0.04568377856074332
5,purge,5446.0,100.05305356898504,10.47791641993579,0.10472360458955336,22.373428782022394,1.0,0.489493906859015,1.0244746953429507,-0.04566332829041611
5,purge,5448.0,100.05305220212811,10.475606615855892,0.10470052022693893,22.28212256652569,1.0,0.48717892707062826,1.0243589463535314,-0.04564288821542373
5,purge,5450.0,100.05305083595253,10.473297844121381,0.10467744618096105,22.19085722181891,1.0,0.4848649821889884,1.0242432491094495,-0.045622458328967205
5,purge,5452.0,100.05304947045781,10.470990104177687,0.10465438244607836,22.099632726744016,1.0,0.4825520716794068,1.0241276035839704,-0.045602038624942984
5,purge,5454.0,100.05304810564354,10.468683395516512,0.10463132901721184,22.008449060758682,1.0,0.4802401950225926,1.0240120097511296,-0.045581629097551375
5,purge,5456.0,100.05304674150949,10.466377717630793,0.10460828588929476,21.917306203588026,1.0,0.47792935170658707,1.0238964675853293,-0.045561229740622565
5,purge,5458.0,100.05304537805515,10.464073070003666,0.10458525305716256,21.82620413496876,1.0,0.47561954121954136,1.0237809770609771,-0.045540840548132865
5,purge,5460.0,100.05304401528008,10.46176945212607,0.10456223051572876,21.73514283459387,1.0,0.4733107630483703,1.0236655381524185,-0.045520461514148514
5,purge,5462.0,100.05304265318392,10.459466863487622,0.10453921825989343,21.644122282142536,1.0,0.4710030166797835,1.0235501508339893,-0.045500092632619595
5,purge,5464.0,100.05304129176625,10.457165303575037,0.10451621628452785,21.553142457306944,1.0,0.4686963016007944,1.0234348150800396,-0.04547973389751922
5,purge,5466.0,100.05303993102679,10.454864771877558,0.10449322458452828,21.46220333979804,1.0,0.4663906172988313,1.0233195308649417,-0.04545938530287237
5,purge,5468.0,100.05303857096494,10.452565267885191,0.104470243154799,21.37130490934195,1.0,0.4640859632617449,1.0232042981630873,-0.04543904684267795
5,purge,5470.0,100.05303721158043,10.450266791087191,0.10444727199023647,21.28044714567678,1.0,0.46178233897769866,1.023089116948885,-0.0454187185109306
5,purge,5472.0,100.0530358528728,10.447969340973438,0.10442431108574352,21.189630028551882,1.0,0.4594797439351213,1.022973987196756,-0.04539840030164294
5,purge,5474.0,100.05303449484175,10.445672917034175,0.10440136043622647,21.098853537728196,1.0,0.45717817762272167,1.0228589088811362,-0.04537809220884095
5,purge,5476.0,100.05303313748668,10.443377518760283,0.1043784200365984,21.008117652978633,1.0,0.4548776395295406,1.022743881976477,-0.04535779422653095
5,purge,5478.0,100.05303178080747,10.44108314564201,0.10435548988176545,20.91742235408814,1.0,0.4525781291448937,1.022628906457245,-0.04533750634874563
5,purge,5480.0,100.05303042480345,10.438789797171063,0.10433256996664894,20.82676762085366,1.0,0.45027964595841813,1.022513982297921,-0.04531722856950694
5,purge,5482.0,100.05302906947433,10.436497472838402,0.10430966028616244,20.736153433084077,1.0,0.4479821894600374,1.0223991094730018,-0.04529696088285226
5,purge,5484.0,100.0530277148198,10.434206172136017,0.10428676083522966,20.645579770600186,1.0,0.44568575913997555,1.022284287956999,-0.045276703282822794
5,purge,5486.0,100.0530263608393,10.43191589455603,0.10426387160877601,20.555046613234712,1.0,0.4433903544887759,1.0221695177244388,-0.045256455763448986
5,purge,5488.0,100.05302500753257,10.42962663959039,0.10424099260172481,20.46455394083228,1.0,0.44109597499725733,1.022054798749863,-0.04523621831878484
5,purge,5490.0,100.05302365489906,10.427338406732131,0.10421812380901053,20.374101733249425,1.0,0.4388026201565522,1.0219401310078275,-0.045215990942877746
5,purge,5492.0,100.05302230293861,10.425051195473872,0.10419526522556313,20.28368997035458,1.0,0.4365102894580835,1.0218255144729043,-0.04519577362978636
5,purge,5494.0,100.05302095165058,10.42276500530908,0.10417241684632148,20.193318632028056,1.0,0.4342189823935838,1.0217109491196792,-0.045175566373565686
5,purge,5496.0,100.0530196010347,10.420479835731063,0.10414957866622249,20.102987698162046,1.0,0.43192869845507664,1.0215964349227538,-0.04515536916828106
5,purge,5498.0,100.05301825109049,10.418195686233833,0.10412675068021032,20.012697148660617,1.0,0.42963943713489144,1.0214819718567445,-0.045135182007996946
5,purge,5500.0,100.05301690181771,10.415912556311222,0.10410393288322713,19.922446963439683,1.0,0.42735119792563914,1.021367559896282,-0.04511500488679509
5,purge,5502.0,100.05301555321583,10.413630445458121,0.10408112527022595,19.83223712242702,1.0,0.4250639803202575,1.021253199016013,-0.045094837798739504
5,purge,5504.0,100.05301420528438,10.411349353168749,0.10405832783615292,19.742067605562255,1.0,0.4227777838119651,1.0211388891905984,-0.045074680737912265
5,purge,5506.0,100.05301285802318,10.40906927893817,0.1040355405759625,19.651938392796822,1.0,0.420492607894258,1.021024630394713,-0.045054533698415174
5,purge,5508.0,100.05301151143173,10.406790222262135,0.10401276348461624,19.561849464093996,1.0,0.41820845206096646,1.0209104226030483,-0.04503439667432608
5,purge,5510.0,100.05301016550962,10.404512182635797,0.10398999655706963,19.47180079942887,1.0,0.41592531580620956,1.0207962657903107,-0.045014269659733874
5,purge,5512.0,100.05300882025645,10.40223515955506,0.10396723978828563,19.38179237878833,1.0,0.41364319862438265,1.0206821599312192,-0.044994152648748134
5,purge,5514.0,100.05300747567182,10.399959152516475,0.10394449317323375,19.29182418217108,1.0,0.41136210001020285,1.0205681050005102,-0.04497404563546333
5,purge,5516.0,100.05300613175541,10.397684161016123,0.10392175670687863,19.201896189587607,1.0,0.40908201945866973,1.0204541009729335,-0.04495394861398968
5,purge,5518.0,100.05300478850666,10.395410184551027,0.10389903038419467,19.112008381060175,1.0,0.40680295646508363,1.020340147823254,-0.044933861578438185
5,purge,5520.0,100.05300344592541,10.393137222618165,0.10387631420015526,19.022160736622823,1.0,0.40452491052503914,1.0202262455262519,-0.044913784522925895
5,purge,5522.0,100.05300210401114,10.390865274714935,0.10385360814973847,18.932353236321358,1.0,0.4022478811344262,1.0201123940567214,-0.04489371744157468
5,purge,5524.0,100.05300076276343,10.388594340339083,0.1038309122279258,18.842585860212846,1.0,0.3999718677894244,1.0199985933894713,-0.044873660328505836
5,purge,5526.0,100.0529994221819,10.386324418988455,0.10380822642969953,18.752858588367378,1.0,0.3976968699865414,1.019884843499327,-0.044853613177845184
5,purge,5528.0,100.05299808226623,10.384055510161215,0.1037855507500452,18.66317140086495,1.0,0.39542288722251984,1.019771144361126,-0.0448335759837335
5,purge,5530.0,100.05299674301595,10.381787613356204,0.10376288518395517,18.57352427779876,1.0,0.3931499189944494,1.0196574959497224,-0.04481354874030466
5,purge,5532.0,100.0529954044307,10.379520728072055,0.10374022972641966,18.483917199273662,1.0,0.3908779647997154,1.0195438982399858,-0.0447935314416952
5,purge,5534.0,100.05299406651008,10.377254853807797,0.10371758437243297,18.39435014540641,1.0,0.3886070241359837,1.0194303512067993,-0.04477352408206087
5,purge,5536.0,100.0529927292537,10.3749899900632,0.10369494911699666,18.304823096324117,1.0,0.38633709650119685,1.0193168548250597,-0.04475352665554874
5,purge,5538.0,100.05299139266121,10.372726136337828,0.10367232395511022,18.215336032167265,1.0,0.38406818139363663,1.0192034090696818,-0.044733539156308684
5,purge,5540.0,100.05299005673216,10.370463292131602,0.10364970888177687,18.125888933086742,1.0,0.381800278311835,1.0190900139155918,-0.044713561578503515
5,purge,5542.0,100.05298872146608,10.368201456944963,0.10362710389200491,18.03648177924527,1.0,0.37953338675462617,1.0189766693377313,-0.04469359391629698
5,purge,5544.0,100.05298738686282,10.365940630278468,0.1036045089808037,17.947114550817428,1.0,0.37726750622114597,1.0188633753110572,-0.04467363616385466
5,purge,5546.0,100.05298605292184,10.363680811632978,0.1035819241431858,17.857787227989537,1.0,0.375002636210822,1.0187501318105412,-0.04465368831534951
5,purge,5548.0,100.0529847196427,10.361422000509721,0.10355934937416751,17.768499790959577,1.0,0.3727387762233768,1.018636938811169,-0.04463375036495759
5,purge,5550.0,100.05298338702512,10.359164196410205,0.10353678466876765,17.67925221993666,1.0,0.3704759257588134,1.018523796287941,-0.04461382230685873
5,purge,5552.0,100.05298205506867,10.356907398836114,0.10351423002200698,17.590044495142784,1.0,0.36821408431745867,1.018410704215873,-0.0445939041352379
5,purge,5554.0,100.05298072377289,10.354651607289533,0.10349168542891034,17.500876596809775,1.0,0.3659532513998867,1.0182976625699944,-0.044573995844283794
5,purge,5556.0,100.05297939313752,10.352396821272837,0.10346915088450523,17.41174850518252,1.0,0.3636934265070002,1.01818467132535,-0.04455409742819019
5,purge,5558.0,100.05297806316207,10.350143040288678,0.10344662638382213,17.322660200517454,1.0,0.3614346091399938,1.0180717304569997,-0.04453420888115389
5,purge,5560.0,100.0529767338462,10.347890263839984,0.10342411192189421,17.233611663082335,1.0,0.35917679880034625,1.0179588399400172,-0.0445143301973766
5,purge,5562.0,100.0529754051895,10.345638491429991,0.10340160749375762,17.144602873156362,1.0,0.3569199949898235,1.017845999749491,-0.044494461371064845
5,purge,5564.0,100.05297407719162,10.343387722562232,0.10337911309445164,17.055633811030344,1.0,0.35466419721048564,1.0177332098605245,-0.04447460239642802
5,purge,5566.0,100.05297274985219,10.341137956740463,0.10335662871901764,16.96670445700672,1.0,0.35240940496468365,1.017620470248234,-0.044454753267681155
5,purge,5568.0,100.05297142317076,10.338889193468837,0.10333415436250108,16.877814791399526,1.0,0.35015561775506104,1.017507780887753,-0.044434913979042846
5,purge,5570.0,100.05297009714691,10.336641432251712,0.10331169001994941,16.78896479453432,1.0,0.3479028350845522,1.0173951417542277,-0.04441508452473566
5,purge,5572.0,100.05296877178036,10.334394672593774,0.10328923568641332,16.70015444674821,1.0,0.3456510564563812,1.017282552822819,-0.04439526489898683
5,purge,5574.0,100.05296744707067,10.332148913999998,0.1032667913569464,16.61138372838985,1.0,0.3434002813740632,1.0171700140687032,-0.04437545509602764
5,purge,5576.0,100.05296612301746,10.329904155975619,0.10324435702660491,16.522652619819414,1.0,0.3411505093414031,1.0170575254670702,-0.04435565511009384
5,purge,5578.0,100.05296479962034,10.327660398026202,0.1032219326904483,16.433961101408627,1.0,0.33890173986249633,1.016945086993125,-0.04433586493542536
5,purge,5580.0,100.05296347687887,10.325417639657575,0.10319951834353876,16.345309153540708,1.0,0.3366539724417282,1.0168326986220864,-0.04431608456626611
5,purge,5582.0,100.05296215479285,10.32317588037586,0.10317711398094122,16.25669675661039,1.0,0.3344072065837739,1.0167203603291888,-0.0442963139968641
5,purge,5584.0,100.05296083336164,10.320935119687462,0.1031547195977238,16.16812389102391,1.0,0.3321614417935978,1.01660807208968,-0.04427655322147189
5,purge,5586.0,100.05295951258503,10.318695357099092,0.10313233518895729,16.07959053719899,1.0,0.32991667757645315,1.0164958338788226,-0.044256802234346304
5,purge,5588.0,100.05295819246261,10.316456592117737,0.1031099607497154,15.991096675564838,1.0,0.3276729134378831,1.0163836456718942,-0.044237061029747914
5,purge,5590.0,100.05295687299402,10.314218824250661,0.10308759627507465,15.902642286562136,1.0,0.3254301488837191,1.016271507444186,-0.044217329601941795
5,purge,5592.0,100.05295555417882,10.311982053005435,0.10306524176011454,15.81422735064303,1.0,0.3231883834200812,1.0161594191710042,-0.0441976079451972
5,purge,5594.0,100.05295423601657,10.309746277889902,0.10304289719991747,15.725851848271121,1.0,0.3209476165533777,1.0160473808276689,-0.04417789605378779
5,purge,5596.0,100.0529529185071,10.307511498412214,0.10302056258956854,15.637515759921465,1.0,0.3187078477903056,1.0159353923895154,-0.04415819392199094
5,purge,5598.0,100.05295160164972,10.30527771408078,0.10299823792415598,15.549219066080557,1.0,0.31646907663784973,1.0158234538318924,-0.04413850154408834
5,purge,5600.0,100.05295028544427,10.303044924404318,0.10297592319877057,15.460961747246325,1.0,0.31423130260328275,1.015711565130164,-0.04411881891436589
5,purge,5602.0,100.05294896989037,10.300813128891816,0.102953618408506,15.372743783928113,1.0,0.3119945251941643,1.0155997262597083,-0.04409914602711406
5,purge,5604.0,100.05294765498749,10.298582327052577,0.10293132354845927,15.284565156646687,1.0,0.30975874391834196,1.0154879371959171,-0.04407948287662698
5,purge,5606.0,100.05294634073542,10.296352518396148,0.10290903861372952,15.196425845934227,1.0,0.3075239582839504,1.0153761979141975,-0.044059829457203215
5,purge,5608.0,100.05294502713375,10.294123702432415,0.1028867635994194,15.108325832334298,1.0,0.3052901677994112,1.0152645083899707,-0.04404018576314519
5,purge,5610.0,100.05294371418195,10.291895878671479,0.10286449850063391,15.020265096401864,1.0,0.3030573719734327,1.0151528685986717,-0.04402055178875975
5,purge,5612.0,100.05294240187978,10.289669046623796,0.10284224331248129,14.93224361870327,1.0,0.3008255703150093,1.0150412785157505,-0.04400092752835814
5,purge,5614.0,100.05294109022674,10.287443205800072,0.10281999803007248,14.844261379816233,1.0,0.2985947623334227,1.014929738116671,-0.04398131297625493
5,purge,5616.0,100.05293977922271,10.285218355711304,0.10279776264852102,14.75631836032984,1.0,0.2963649475382397,1.014818247376912,-0.04396170812676976
5,purge,5618.0,100.05293846886697,10.28299449586877,0.10277553716294385,14.668414540844525,1.0,0.2941361254393132,1.0147068062719657,-0.04394211297422616
5,purge,5620.0,100.05293715915931,10.280771625784046,0.10275332156846032,14.580549901972086,1.0,0.2919082955467831,1.014595414777339,-0.043922527512950886
5,purge,5622.0,100.05293585009937,10.278549744968961,0.10273111586019246,14.492724424335654,1.0,0.2896814573710727,1.0144840728685536,-0.043902951737276305
5,purge,5624.0,100.05293454168678,10.276328852935688,0.1027089200332658,14.404938088569688,1.0,0.2874556104228916,1.0143727805211447,-0.04388338564153828
5,purge,5626.0,100.05293323392107,10.274108949196613,0.10268673408280816,14.31719087531998,1.0,0.2852307542132352,1.0142615377106619,-0.04386382922007613
5,purge,5628.0,100.05293192680195,10.27189003326445,0.1026645580039503,14.229482765243633,1.0,0.28300688825338266,1.0141503444126692,-0.04384428246723414
5,purge,5630.0,100.052930620329,10.269672104652189,0.10264239179182597,14.141813739009063,1.0,0.2807840120548977,1.014039200602745,-0.043824745377361016
5,purge,5632.0,100.05292931450184,10.267455162873103,0.10262023544157164,14.054183777295975,1.0,0.2785621251296298,1.0139281062564816,-0.04380521794480825
5,purge,5634.0,100.05292800932011,10.265239207440738,0.10259808894832656,13.966592860795377,1.0,0.2763412269897116,1.013817061349486,-0.04378570016393249
5,purge,5636.0,100.05292670478343,10.263024237868937,0.10257595230723295,13.879040970209552,1.0,0.2741213171475599,1.013706065857378,-0.04376619202909432
5,purge,5638.0,100.0529254008914,10.26081025367181,0.10255382551343564,13.791528086252063,1.0,0.27190239511587555,1.0135951197557937,-0.043746693534658286
5,purge,5640.0,100.0529240976437,10.25859725436377,0.10253170856208253,13.704054189647733,1.0,0.2696844604076426,1.0134842230203822,-0.04372720467499343
5,purge,5642.0,100.05292279503985,10.256385239459497,0.1025096014483243,13.616619261132659,1.0,0.26746751253612955,1.0133733756268064,-0.043707725444472115
5,purge,5644.0,100.05292149307961,10.254174208473964,0.10248750416731425,13.529223281454165,1.0,0.26525155101488757,1.0132625775507444,-0.04368825583747099
5,purge,5646.0,100.05292019176247,10.251964160922396,0.1024654167142086,13.441866231370836,1.0,0.2630365753577498,1.0131518287678876,-0.043668795848371834
5,purge,5648.0,100.05291889108818,10.249755096320365,0.1024433390841666,13.354548091652486,1.0,0.2608225850788338,1.0130411292539416,-0.04364934547155933
5,purge,5650.0,100.05291759105624,10.247547014183636,0.10242127127234986,13.267268843080148,1.0,0.2586095796925392,1.012930478984627,-0.04362990470142235
5,purge,5652.0,100.05291629166634,10.245339914028333,0.10239921327392325,13.180028466446082,1.0,0.2563975587135474,1.0128198779356774,-0.043610473532354636
5,purge,5654.0,100.05291499291818,10.243133795370829,0.10237716508405424,13.09282694255375,1.0,0.2541865216568228,1.0127093260828413,-0.04359105195875319
5,purge,5656.0,100.05291369481124,10.240928657727766,0.10235512669791307,13.005664252217823,1.0,0.2519764680376116,1.0125988234018806,-0.04357163997501941
5,purge,5658.0,100.05291239734528,10.238724500616096,0.10233309811067288,12.918540376264156,1.0,0.2497673973714414,1.012488369868572,-0.043552237575558816
5,purge,5660.0,100.05291110051982,10.236521323553015,0.10231107931750956,12.831455295529796,1.0,0.2475593091741216,1.0123779654587062,-0.043532844754781065
5,purge,5662.0,100.05290980433449,10.234319126056043,0.10228907031360195,12.744408990862965,1.0,0.24535220296174345,1.0122676101480872,-0.04351346150709942
5,purge,5664.0,100.05290850878902,10.232117907642943,0.10226707109413133,12.657401443123055,1.0,0.243146078250679,1.012157303912534,-0.043494087826931496
5,purge,5666.0,100.05290721388293,10.229917667831774,0.10224508165428213,12.570432633180616,1.0,0.24094093455758045,1.012047046727879,-0.04347472370869955
5,purge,5668.0,100.05290591961594,10.227718406140887,0.10222310198924155,12.483502541917348,1.0,0.2387367713993823,1.0119368385699692,-0.043455369146828744
5,purge,5670.0,100.05290462598755,10.225520122088877,0.10220113209419929,12.396611150226102,1.0,0.23653358829329904,1.0118266794146649,-0.04343602413574878
5,purge,5672.0,100.05290333299743,10.22332281519464,0.10217917196434809,12.309758439010867,1.0,0.23433138475682483,1.0117165692378411,-0.04341668866989397
5,purge,5674.0,100.05290204064539,10.221126484977384,0.10215722159488352,12.22294438918675,1.0,0.2321301603077345,1.0116065080153867,-0.04339736274370208
5,purge,5676.0,100.05290074893081,10.21893113095653,0.10213528098100377,12.136168981679988,1.0,0.22992991446408353,1.0114964957232042,-0.04337804635161458
5,purge,5678.0,100.05289945785346,10.216736752651824,0.10211335011790984,12.049432197427924,1.0,0.22773064674420596,1.0113865323372102,-0.04335873948807783
5,purge,5680.0,100.05289816741293,10.214543349583277,0.10209142900080567,11.962734017379004,1.0,0.22553235666671603,1.011276617833336,-0.043339442147541575
5,purge,5682.0,100.05289687760884,10.212350921271177,0.10206951762489778,11.876074422492783,1.0,0.22333504375050772,1.0111667521875254,-0.04332015432445962
5,purge,5684.0,100.05289558844083,10.210159467236085,0.10204761598539554,11.789453393739889,1.0,0.221138707514753,1.0110569353757377,-0.04330087601329045
5,purge,5686.0,100.05289429990842,10.207968986998853,0.10202572407751123,11.70287091210204,1.0,0.21894334747890387,1.0109471673739452,-0.04328160720849575
5,purge,5688.0,100.05289301201147,10.205779480080611,0.10200384189645965,11.61632695857201,1.0,0.2167489631626908,1.0108374481581346,-0.04326234790454137
5,purge,5690.0,100.05289172474949,10.203590946002752,0.10198196943745858,11.529821514153664,1.0,0.21455555408612226,1.0107277777043062,-0.043243098095897915
5,purge,5692.0,100.05289043812208,10.201403384286964,0.10196010669572854,11.443354559861895,1.0,0.21236311976948583,1.0106181559884744,-0.04322385777703895
5,purge,5694.0,100.05288915212884,10.199216794455195,0.10193825366649277,11.356926076722663,1.0,0.21017165973334745,1.0105085829866673,-0.04320462694244228
5,purge,5696.0,100.05288786676951,10.19703117602966,0.10191641034497707,11.270536045772962,1.0,0.20798117349854947,1.0103990586749274,-0.04318540558659066
5,purge,5698.0,100.05288658204361,10.194846528532906,0.10189457672641065,11.184184448060815,1.0,0.2057916605862135,1.0102895830293106,-0.04316619370396974
5,purge,5700.0,100.0528852979509,10.192662851487691,0.10187275280602466,11.097871264645267,1.0,0.20360312051773857,1.010180156025887,-0.04314699128906927
5,purge,5702.0,100.05288401449101,10.190480144417087,0.10185093857905352,11.011596476596392,1.0,0.20141555281479995,1.01007077764074,-0.04312779833638387
5,purge,5704.0,100.05288273166343,10.188298406844437,0.1018291340407344,10.925360064995257,1.0,0.19922895699935114,1.0099614478499677,-0.04310861484041122
5,purge,5706.0,100.05288144946775,10.186117638293343,0.10180733918630716,10.839162010933935,1.0,0.1970433325936227,1.0098521666296811,-0.04308944079565299
5,purge,5708.0,100.05288016790391,10.1839378382877,0.10178555401101406,10.753002295515495,1.0,0.194858679120121,1.009742933956006,-0.04307027619661553
5,purge,5710.0,100.05287888697126,10.181759006351685,0.10176377851010081,10.666880899853984,1.0,0.19267499610162944,1.0096337498050816,-0.04305112103780872
5,purge,5712.0,100.05287760666953,10.179581142009724,0.10174201267881529,10.580797805074429,1.0,0.19049228306120802,1.0095246141530605,-0.043031975313746314
5,purge,5714.0,100.05287632699834,10.177404244786532,0.10172025651240828,10.494752992312822,1.0,0.18831053952219257,1.0094155269761096,-0.043012839018946245
5,purge,5716.0,100.05287504795734,10.175228314207118,0.10169851000613352,10.408746442716119,1.0,0.18612976500819498,1.0093064882504097,-0.04299371214793028
5,purge,5718.0,100.05287376954618,10.17305334979673,0.1016767731552472,10.322778137442224,1.0,0.18394995904310296,1.0091974979521552,-0.04297459469522418
5,purge,5720.0,100.05287249176448,10.170879351080917,0.10165504595500845,10.236848057659993,1.0,0.18177112115107955,1.009088556057554,-0.042955486655357804
5,purge,5722.0,100.05287121461177,10.16870631758549,0.10163332840067908,10.15095618454921,1.0,0.17959325085656347,1.0089796625428282,-0.042936388022864695
5,purge,5724.0,100.0528699380879,10.166534248836546,0.10161162048752359,10.065102499300593,1.0,0.17741634768426817,1.0088708173842134,-0.04291729879228268
5,purge,5726.0,100.05286866219231,10.16436314436044,0.10158992221080933,9.979286983115776,1.0,0.1752404111591828,1.008762020557959,-0.04289821895815294
5,purge,5728.0,100.05286738692476,10.162193003683806,0.10156823356580619,9.893509617207313,1.0,0.17306544080657055,1.0086532720403285,-0.04287914851502123
5,purge,5730.0,100.0528661122848,10.160023826333566,0.10154655454778706,9.807770382798658,1.0,0.17089143615196917,1.0085445718075985,-0.042860087457437204
5,purge,5732.0,100.05286483827213,10.157855611836894,0.10152488515202736,9.722069261124163,1.0,0.16871839672119154,1.0084359198360595,-0.04284103577995386
5,purge,5734.0,100.05286356488632,10.155688359721243,0.10150322537380523,9.636406233429069,1.0,0.16654632204032388,1.008327316102016,-0.042821993477128756
5,purge,5736.0,100.05286229212709,10.153522069514366,0.10148157520840183,9.5507812809695,1.0,0.16437521163572683,1.0082187605817863,-0.042802960543523075
5,purge,5738.0,100.05286101999398,10.151356740744239,0.10145993465110058,9.465194385012452,1.0,0.16220506503403492,1.0081102532517017,-0.0427839369737018
5,purge,5740.0,100.05285974848674,10.149192372939146,0.10143830369718793,9.37964552683579,1.0,0.16003588176215575,1.0080017940881079,-0.04276492276223429
5,purge,5742.0,100.0528584776049,10.147028965627644,0.10141668234195308,9.29413468772823,1.0,0.15786766134727068,1.0078933830673635,-0.04274591790369344
5,purge,5744.0,100.05285720734815,10.144866518338548,0.10139507058068783,9.208661848989344,1.0,0.15570040331683455,1.0077850201658418,-0.04272692239265592
5,purge,5746.0,100.05285593771612,10.142705030600931,0.10137346840868655,9.123226991929547,1.0,0.15353410719857452,1.0076767053599287,-0.04270793622370282
5,purge,5748.0,100.05285466870849,10.14054450194419,0.10135187582124675,9.037830097870087,1.0,0.1513687725204906,1.0075684386260249,-0.04268895939141904
5,purge,5750.0,100.0528534003248,10.138384931897944,0.10133029281366834,8.952471148143031,1.0,0.14920439881085645,1.007460219940543,-0.042669991890392604
5,purge,5752.0,100.05285213256471,10.136226319992085,0.10130871938125385,8.86715012409128,1.0,0.1470409855982169,1.0073520492799108,-0.042651033715216426
5,purge,5754.0,100.05285086542796,10.134068665756816,0.10128715551930885,8.781867007068533,1.0,0.14487853241138937,1.0072439266205695,-0.042632084860486946
5,purge,5756.0,100.05284959891411,10.131911968722585,0.10126560122314146,8.6966217784393,1.0,0.14271703877946354,1.0071358519389733,-0.04261314532080443
5,purge,5758.0,100.05284833302278,10.129756228420085,0.10124405648806226,8.61141441957888,1.0,0.1405565042318008,1.00702782521159,-0.04259421509077295
5,purge,5760.0,100.05284706775369,10.127601444380337,0.10122252130938503,8.526244911873366,1.0,0.1383969282980344,1.0069198464149016,-0.0425752941650005
5,purge,5762.0,100.05284580310635,10.125447616134585,0.10120099568242585,8.441113236719628,1.0,0.1362383105080685,1.0068119155254034,-0.04255638253809912
5,purge,5764.0,100.05284453908054,10.123294743214366,0.10117947960250362,8.356019375525308,1.0,0.1340806503920786,1.006704032519604,-0.04253748020468487
5,purge,5766.0,100.05284327567585,10.121142825151487,0.10115797306494007,8.270963309708815,1.0,0.13192394748051156,1.0065961973740256,-0.04251858715937727
5,purge,5768.0,100.05284201289186,10.118991861478003,0.10113647606505938,8.185945020699311,1.0,0.12976820130408528,1.0064884100652043,-0.04249970339679967
5,purge,5770.0,100.05284075072834,10.116841851726274,0.10111498859818858,8.10096448993671,1.0,0.1276134113937875,1.0063806705696894,-0.042480828911579914
5,purge,5772.0,100.05283948918478,10.114692795428896,0.10109351065965747,8.016021698871663,1.0,0.1254595772808772,1.0062729788640439,-0.042461963698349044
5,purge,5774.0,100.05283822826092,10.112544692118762,0.10107204224479832,7.931116628965562,1.0,0.12330669849688339,1.0061653349248443,-0.042443107751742176
5,purge,5776.0,100.05283696795637,10.110397541329004,0.10105058334894625,7.8462492616905175,1.0,0.12115477457360484,1.0060577387286802,-0.04242426106639858
5,purge,5778.0,100.05283570827076,10.108251342593054,0.10102913396743902,7.761419578529362,1.0,0.11900380504311066,1.0059501902521555,-0.042405423636960926
5,purge,5780.0,100.0528344492038,10.106106095444593,0.10100769409561704,7.676627560975637,1.0,0.11685378943773961,1.005842689471887,-0.04238659545807583
5,purge,5782.0,100.05283319075501,10.103961799417576,0.10098626372882356,7.591873190533587,1.0,0.11470472729009952,1.005735236364505,-0.0423677765243941
5,purge,5784.0,100.0528319329242,10.101818454046235,0.10096484286240424,7.5071564487181535,1.0,0.11255661813306797,1.0056278309066533,-0.04234896683057003
5,purge,5786.0,100.05283067571084,10.099676058865045,0.10094343149170767,7.422477317054962,1.0,0.11040946149979153,1.0055204730749896,-0.04233016637126183
5,purge,5788.0,100.05282941911459,10.097534613408774,0.10092202961208503,7.337835777080319,1.0,0.10826325692368566,1.0054131628461842,-0.04231137514113156
5,purge,5790.0,100.05282816313533,10.09539411721246,0.10090063721889003,7.253231810341206,1.0,0.10611800393843457,1.0053059001969218,-0.042292593134845145
5,purge,5792.0,100.05282690777244,10.093254569811384,0.10087925430747932,7.1686653983952615,1.0,0.10397370207799082,1.0051986851038996,-0.04227382034707238
5,purge,5794.0,100.05282565302558,10.091115970741109,0.1008578808732121,7.08413652281079,1.0,0.10183035087657569,1.0050915175438289,-0.042255056772486754
5,purge,5796.0,100.05282439889453,10.088978319537471,0.10083651691145006,6.999645165166737,1.0,0.09968794986867838,1.0049843974934338,-0.04223630240576561
5,purge,5798.0,100.0528231453788,10.086841615736551,0.10081516241755784,6.915191307052695,1.0,0.0975464985890559,1.0048773249294527,-0.042217557241590306
5,purge,5800.0,100.05282189247822,10.084705858874752,0.1007938173869027,6.830774930068888,1.0,0.09540599657273349,1.0047702998286367,-0.042198821274645616
5,purge,5802.0,100.05282064019224,10.082571048488662,0.10077248181485442,6.746396015826164,1.0,0.09326644335500357,1.0046633221677501,-0.04218009449962049
5,purge,5804.0,100.05281938852065,10.080437184115187,0.10075115569678537,6.662054545945995,1.0,0.0911278384714261,1.0045563919235714,-0.04216137691120754
5,purge,5806.0,100.05281813746292,10.078304265291495,0.10072983902807094,6.577750502060459,1.0,0.08899018145782801,1.0044495090728913,-0.04214266850410333
5,purge,5808.0,100.05281688701885,10.076172291555025,0.10070853180408894,6.493483865812239,1.0,0.08685347185030372,1.0043426735925152,-0.04212396927300788
5,purge,5810.0,100.05281563718802,10.074041262443451,0.10068723402021976,6.409254618854617,1.0,0.0847177091852142,1.0042358854592608,-0.04210527921262526
5,purge,5812.0,100.0528143879702,10.071911177494751,0.1006659456718465,6.325062742851456,1.0,0.08258289299918681,1.0041291446499594,-0.04208659831766339
5,purge,5814.0,100.05281313936483,10.06978203624714,0.10064466675435517,6.240908219477205,1.0,0.08044902282911566,1.0040224511414557,-0.042067926582833884
5,purge,5816.0,100.0528118913717,10.067653838239117,0.10062339726313405,6.156791030416887,1.0,0.07831609821216125,1.003915804910608,-0.042049264002851965
5,purge,5818.0,100.05281064399038,10.06552658300942,0.1006021371935742,6.072711157366084,1.0,0.07618411868574965,1.0038092059342876,-0.042030610572436955
5,purge,5820.0,100.0528093972206,10.063400270097105,0.10058088654106954,5.988668582030943,1.0,0.07405308378757312,1.0037026541893788,-0.042011966286311826
5,purge,5822.0,100.05280815106194,10.061274899041418,0.10055964530101627,5.904663286128158,1.0,0.07192299305558966,1.0035961496527794,-0.041993331139203206
5,purge,5824.0,100.052806905514,10.05915046938193,0.10053841346881354,5.820695251384963,1.0,0.06979384602802242,1.0034896923014012,-0.04197470512584177
5,purge,5826.0,100.05280566057664,10.05702698065846,0.10051719103986294,5.736764459539136,1.0,0.0676656422433603,1.0033832821121682,-0.04195608824096167
5,purge,5828.0,100.05280441624926,10.054904432411075,0.10049597800956882,5.65287089233897,1.0,0.06553838124035695,1.0032769190620179,-0.04193748047930098
5,purge,5830.0,100.05280317253165,10.052782824180122,0.10047477437333809,5.569014531543289,1.0,0.0634120625580311,1.0031706031279017,-0.04191888183560151
5,purge,5832.0,100.05280192942342,10.050662155506213,0.1004535801265804,5.485195358921424,1.0,0.06128668573566611,1.0030643342867833,-0.041900292304608906
5,purge,5834.0,100.05280068692419,10.048542425930215,0.10043239526470799,5.401413356253213,1.0,0.059162250312810125,1.0029581125156406,-0.04188171188107238
5,purge,5836.0,100.05279944503367,10.046423634993257,0.10041121978313554,5.317668505328994,1.0,0.05703875582927541,1.0028519377914638,-0.04186314055974505
5,purge,5838.0,100.05279820375145,10.04430578223674,0.1003900536772807,5.233960787949589,1.0,0.05491620182513853,1.0027458100912572,-0.041844578335383714
5,purge,5840.0,100.05279696307713,10.042188867202322,0.10036889694256353,5.1502901859263055,1.0,0.052794587840739836,1.002639729392037,-0.041826025202749036
5,purge,5842.0,100.05279572301056,10.040072889431931,0.10034774957440666,5.0666566810809295,1.0,0.050673913416683744,1.0025336956708342,-0.04180748115660527
5,purge,5844.0,100.05279448355128,10.037957848467743,0.10032661156823548,4.983060255245711,1.0,0.04855417809383813,1.002427708904692,-0.04178894619172047
5,purge,5846.0,100.05279324469885,10.035843743852217,0.10030548291947815,4.89950089026336,1.0,0.046435381413334226,1.0023217690706667,-0.0417704203028665
5,purge,5848.0,100.05279200645305,10.03373057512806,0.10028436362356505,4.81597856798704,1.0,0.0443175229165668,1.0022158761458284,-0.04175190348481868
5,purge,5850.0,100.05279076881342,10.03161834183823,0.10026325367592942,4.732493270280359,1.0,0.04220060214519307,1.0021100301072596,-0.041733395732356585
5,purge,5852.0,100.05278953177972,10.029507043525985,0.10024215307200722,4.649044979017367,1.0,0.040084618641133815,1.0020042309320567,-0.041714897040262953
5,purge,5854.0,100.0527882953515,10.027396679734805,0.10022106180723683,4.565633676082536,1.0,0.03796957194657208,1.0018984785973286,-0.041696407403324504
5,purge,5856.0,100.05278705952863,10.025287250008459,0.10019997987705923,4.482259343370769,1.0,0.03585546160395344,1.0017927730801979,-0.0416779268163317
5,purge,5858.0,100.05278582431042,10.023178753890948,0.10017890727691821,4.398921962787381,1.0,0.03374228715598568,1.0016871143577992,-0.041659455274078785
5,purge,5860.0,100.05278458969676,10.021071190926573,0.10015784400226002,4.315621516248094,1.0,0.031630048145639,1.001581502407282,-0.041640992771363454
5,purge,5862.0,100.05278335568721,10.018964560659853,0.10013679004853346,4.232357985679032,1.0,0.02951874411614531,1.0014759372058073,-0.0416225393029873
5,purge,5864.0,100.05278212228146,10.016858862635608,0.10011574541119016,4.149131353016713,1.0,0.027408374610998137,1.0013704187305499,-0.041604094863755714
5,purge,5866.0,100.05278088947918,10.014754096398901,0.10009471008568419,4.065941600208039,1.0,0.025298939173952983,1.0012649469586976,-0.04158565944847745
5,purge,5868.0,100.05277965728,10.012650261495043,0.10007368406747216,3.9827887092102907,1.0,0.023190437349026333,1.0011595218674514,-0.041567233051965274
5,purge,5870.0,100.05277842568354,10.01054735746962,0.10005266735201342,3.8996726619911213,1.0,0.021082868680495852,1.0010541434340248,-0.04154881566903566
5,purge,5872.0,100.05277719468948,10.008445383868487,0.10003165993476999,3.8165934405285444,1.0,0.01897623271290035,1.000948811635645,-0.041530407294508624
5,purge,5874.0,100.05277596429758,10.006344340237739,0.1000106618112061,3.733551026810934,1.0,0.01687052899103981,1.000843526449552,-0.04151200792320763
5,purge,5876.0,100.05277473450728,10.004244226123722,0.09998967297678903,3.6505454028370097,1.0,0.014765757059973888,1.0007382878529987,-0.04149361754996056
5,purge,5878.0,100.05277350531837,10.002145041073092,0.09996869342698851,3.5675765506158332,1.0,0.012661916465023572,1.0006330958232512,-0.04147523616959827
5,purge,5880.0,100.05277227673045,10.000046784632701,0.09994772315727665,3.4846444521668016,1.0,0.01055900675176983,1.0005279503375886,-0.041456863776955566
5,purge,5882.0,100.05276174011013,9.987721099121178,0.09982454182588747,3.4018452962864507,1.0,0.00864507425748485,1.0004322537128745,-0.04129374800489083
5,purge,5884.0,100.05273383429194,9.946558582891749,0.09941316145709034,3.3196416511205658,1.0,0.007077987747836959,1.000353899387392,-0.04087200257909849
5,purge,5886.0,100.05269245165151,9.880856921330013,0.09875653197543625,3.2384907350416117,1.0,0.005794965196518971,1.0002897482598259,-0.04024974184754743
5,purge,5888.0,100.05264076191642,9.796176893640515,0.09791022824626223,3.1587447210147674,1.0,0.004744514345514569,1.0002372257172758,-0.03947417323079398
5,purge,5890.0,100.05258133158291,9.697054777977055,0.0969195861707973,3.0806706292183654,1.0,0.0038844793224871274,1.0001942239661243,-0.03858351871282735
5,purge,5892.0,100.0525162347174,9.58715875238836,0.09582126580302533,3.004466646821717,1.0,0.003180343131478666,1.000159017156574,-0.03760866529388098
5,purge,5894.0,100.05244714314863,9.469452902459224,0.09464489048339754,2.930275386345201,1.0,0.0026038451260125602,1.0001301922563006,-0.03657450852861423
5,purge,5896.0,100.05237540028378,9.346330266653979,0.09341437651291856,2.8581947113506114,1.0,0.0021318489033522754,1.0001065924451675,-0.03550105208239745
5,purge,5898.0,100.05230208180518,9.219719161429241,0.09214899577114152,2.788286613920248,1.0,0.001745410800764281,1.0000872705400383,-0.03440431185380881
5,purge,5900.0,100.05222804501585,9.091169225934609,0.09086423564544986,2.720584408324632,1.0,0.0014290219605554543,1.0000714510980278,-0.033297051037259384
5,purge,5902.0,100.05215396941514,8.961921198379834,0.0895724963714364,2.655098623949157,1.0,0.0011699845686262088,1.0000584992284314,-0.0321893845154547
5,purge,5904.0,100.05208038978522,8.832963713415397,0.08828365866060689,2.591821788967556,1.0,0.0009579026333377815,1.000047895131667,-0.031089271725347648
5,purge,5906.0,100.05200772327825,8.705079514707334,0.08700554554371023,2.5307323257160146,1.0,0.0007842645967649199,1.0000392132298384,-0.030002920128843657
5,purge,5908.0,100.05193629154866,8.578883260336312,0.08574430019362819,2.4717977136870775,1.0,0.0006421017633352425,1.000032105088167,-0.02893511489834006
5,purge,5910.0,100.05186633884296,8.454852405040267,0.0845046945591844,2.4149770554795804,1.0,0.0005257086367002008,1.000026285431835,-0.027889488372965458
5,purge,5912.0,100.05179804677663,8.333352504251913,0.08329038225136012,2.3602231542110905,1.0,0.00043041401058338844,1.0000215207005292,-0.026868740155966773
5,purge,5914.0,100.05173154641386,8.214657971615905,0.08210410599245986,2.307484194319339,1.0,0.0003523933558949735,1.000017619667795,-0.025874817068788702
5,purge,5916.0,100.05166692811935,8.098969086395043,0.08094786758738988,2.2567050947656053,1.0,0.000288515407145621,1.0000144257703574,-0.02490905987773853
5,purge,5918.0,100.0516042495947,7.986425928497895,0.07982306719015199,2.2078285965365585,1.0,0.00023621657473101593,1.0000118108287368,-0.023972323002440978
5,purge,5920.0,100.0515435424458,7.877119866577493,0.07873061811620836,2.1607961355785146,1.0,0.00019339791064388142,1.0000096698955323,-0.023065072341268065
5,purge,5922.0,100.05148481752418,7.77110294641811,0.07767104067062269,2.115548537150416,1.0,0.00015834092264645406,1.0000079170461322,-0.022187464823344084
5,purge,5924.0,100.05142806927302,7.668395586519635,0.07664453905855534,2.072026565950003,1.0,0.00012963869171647328,1.0000064819345857,-0.021339413139461208
5,purge,5926.0,100.05137327927352,7.5689929270420535,0.07565106483760813,2.030171360911607,1.0,0.00010613930152792274,1.0000053069650767,-0.020520638563040358
5,purge,5928.0,100.05132041912026,7.472870021732566,0.07469036880701144,1.9899247738460342,1.0,8.689960090738603e-05,1.0000043449800453,-0.019730713788212922
5,purge,5930.0,100.05126945274964,7.379986063943809,0.07376204324353018,1.9512296297584113,1.0,7.114745625336373e-05,1.0000035573728128,-0.018969097579290602
5,purge,5932.0,100.05122033833227,7.290287877724818,0.07286555679253134,1.9140299260534164,1.0,5.825069864931309e-05,1.0000029125349326,-0.018235162976121863
5,purge,5934.0,100.05117302980129,7.203712772403586,0.07200028299776041,1.8782709805268873,1.0,4.769174217709769e-05,1.0000023845871089,-0.01752822005163961
5,purge,5936.0,100.05112747808731,7.120190868442013,0.07116552354696293,1.843899538723907,1.0,3.904676389238878e-05,1.0000019523381947,-0.016847534298642077
5,purge,5938.0,100.05108363209929,7.039646965069393,0.0703605269379698,1.8108638465777258,1.0,3.1968848064079787e-05,1.000001598442403,-0.016192341230064536
5,purge,5940.0,100.05104143952506,6.96200210242621,0.0695845040916873,1.7791136989733334,1.0,2.6173947924762036e-05,1.0000013086973965,-0.015561858300085354
5,purge,5942.0,100.05100084746199,6.887174814837021,0.06883664087815795,1.748600465954288,1.0,2.1429505919537577e-05,1.000001071475296,-0.01495529430446852
5,purge,5944.0,100.05096180292297,6.815082148724101,0.06811610829037527,1.719277102729789,1.0,1.754506243637215e-05,1.000000877253122,-0.014371856905895413
5,purge,5946.0,100.05092425322547,6.745640457665587,0.06742207039080021,1.6910981449898006,1.0,1.4364725447415593e-05,1.0000007182362725,-0.013810758413947025
5,purge,5948.0,100.0508881463009,6.678766064094883,0.06675369092504962,1.6640196949431885,1.0,1.1760894284037897e-05,1.0000005880447143,-0.01327122040132222
5,purge,5950.0,100.05085343093704,6.6143757938148084,0.06611013866443997,1.6379993994945035,1.0,9.629077990527922e-06,1.0000004814538996,-0.012752477309057458
5,purge,5952.0,100.05082005696032,6.552387392857806,0.0654905915726372,1.612996421755572,1.0,7.883691955209813e-06,1.0000003941845979,-0.012253779155386377
5,purge,5954.0,100.05078797536787,6.49271984382379,0.06489423996762796,1.588971407480029,1.0,6.454670344998263e-06,1.0000003227335172,-0.01177439350673148
5,purge,5956.0,100.05075713842642,6.435293611828385,0.06432028898016992,1.565886448301472,1.0,5.284671909065232e-06,1.0000002642335954,-0.011313606921940368
5,purge,5958.0,100.0507274997401,6.3800308446098715,0.06376796055407438,1.543705042817084,1.0,4.326755391912949e-06,1.0000002163377697,-0.010870725987135987
5,purge,5960.0,100.05069901429572,6.326855519596895,0.06323649491637119,1.5223920558653123,1.0,3.542495489442316e-06,1.0000001771247744,-0.010445077970824482
5,purge,5962.0,100.05067163848906,6.275693552506157,0.0627251516629692,1.501913676858876,1.0,2.90040304320649e-06,1.000000145020152,-0.010036011222803818
5,purge,5964.0,100.05064533013338,6.226472864263514,0.06223321042776139,1.4822373773252595,1.0,2.374692377271223e-06,1.0000001187346188,-0.009642895286450917
5,purge,5966.0,100.05062004845566,6.17912342213607,0.061759971293965495,1.4633318684686805,1.0,1.944263573446712e-06,1.0000000972131786,-0.00926512084378632
5,purge,5968.0,100.05059575408488,6.1335772649055675,0.0613047550459503,1.4451670590818262,1.0,1.5918514797901109e-06,1.000000079592574,-0.008902099537482288
5,purge,5970.0,100.05057240903349,6.0897685147660825,0.0608669032883638,1.4277140139572697,1.0,1.3033192281213777e-06,1.0000000651659615,-0.00855326369014746
5,purge,5972.0,100.05054997667186,6.047633372300122,0.060445778396122855,1.4109449129025442,1.0,1.067086895381601e-06,1.000000053354345,-0.008218065930272484
5,purge,5974.0,100.05052842169948,6.007110096330314,0.060040763313224645,1.3948330105337463,1.0,8.736720580861777e-07,1.000000043683603,-0.00789597874646962
5,purge,5976.0,100.05050771011143,5.968138976031353,0.05965126127419136,1.3793525970203435,1.0,7.153133982063811e-07,1.00000003576567,-0.007586493995956272
5,purge,5978.0,100.05048780916407,5.930662298947174,0.059276695484576716,1.364478959872832,1.0,5.856580990654979e-07,1.0000000292829052,-0.0072891223841393665
5,purge,5980.0,100.05046868733854,5.894624313721009,0.058916508748618965,1.3501883467997946,1.0,4.795042648242087e-07,1.0000000239752131,-0.00700339292266933
5,purge,5982.0,100.05045031430356,5.859971187267855,0.058570163041336096,1.3364579296523886,1.0,3.925917299127871e-07,1.0000000196295864,-0.006728852371498442
5,purge,5984.0,100.05043266087753,5.826650958710203,0.05823713904826105,1.3232657694855894,1.0,3.2143234343106504e-07,1.0000000160716171,-0.006465064672483912
5,purge,5986.0,100.05041569899058,5.794613491809542,0.05791693569013332,1.3105907827581218,1.0,2.631707407308009e-07,1.000000013158537,-0.0062116103819846655
5,purge,5988.0,100.05039940164707,5.763810426047528,0.05760906963408526,1.2984127086704724,1.0,2.1546941274797651e-07,1.0000000107734708,-0.005968086107267506
5,purge,5990.0,100.05038374288807,5.7341951266164815,0.057313074793919394,1.2867120776246548,1.0,1.764143739986387e-07,1.0000000088207186,-0.005734103949281379
5,purge,5992.0,100.05036869775462,5.70572263391591,0.057028501825440656,1.2754701807870619,1.0,1.444383323690094e-07,1.0000000072219166,-0.005509290953841992
5,purge,5994.0,100.05035424225203,5.678349612943772,0.05675491762072904,1.264669040737016,1.0,1.1825807132261226e-07,1.0000000059129035,-0.0052932885734446895
5,purge,5996.0,100.05034035331438,5.652034302882399,0.05649190480435144,1.2542913831805584,1.0,9.682308334550315e-08,1.0000000048411541,-0.005085752141606161
5,purge,5998.0,100.05032700877051,5.6267364671821,0.05623906123454105,1.2443206097034045,1.0,7.927332203857022e-08,1.000000003963666,-0.004886350360876899
5,purge,6000.0,100.05031418731045,5.602417344351501,0.05599599951143447,1.2347407715231922,1.0,6.490451870759401e-08,1.0000000032452259,-0.004694764804939251
