cycle,step,time_s,pressure_kpa,co2_partial_kpa,co2_mole_fraction,co2_loading_cm3_stp_g,n2_loading_cm3_stp_g,open_fraction,solid_volume_l,temperature_k,crystal_length_um,co2_k_eff_s,co2_rate_cm3_stp_g_s
1,adsorption,0.0,5.000000000000001,0.7500000000000001,0.15,0.15,0.85,0.0,1.0,298.0,10.0,0.02,7.776407831913043e-19
1,adsorption,2.0,100.04522855651155,7.139283252971465,0.07136055717978365,0.2696908963548205,0.8643071164070709,0.06374282248231776,1.0,298.2250063410401,10.0,0.020091561675993744,0.06462007152133774
1,adsorption,4.0,100.04601952627077,8.134848603685684,0.081311067068986,0.38736006638805287,0.8773004388253755,0.05218820905144658,1.0,298.41235845336007,10.0,0.020168014492126428,0.053404500761781354
1,adsorption,6.0,100.04667683525192,9.412464838710399,0.09408073447766803,0.48460728931468255,0.8890879700932783,0.0427280917006615,1.0,298.5649375101912,10.0,0.02023042110289367,0.04413849580359591
1,adsorption,8.0,100.0471931706767,10.446941484867326,0.10442013567582292,0.5650179884931171,0.8997713609562997,0.035543430444436336,1.0,298.6888278369794,10.0,0.02028118862503314,0.036935609895617415
1,adsorption,10.0,100.04714459832432,10.503602675651706,0.10498653127805138,0.6415904619918684,0.9094476181412098,0.0389194912114595,1.0,298.8049237445833,10.0,0.020328839442072914,0.03814238538486703
1,adsorption,12.0,100.0472137223602,10.554671022089316,0.10549690120685873,0.7172287914111297,0.9182089732998892,0.03999445102061515,1.0,298.91790575736695,10.0,0.0203752840096435,0.03754257732058597
1,adsorption,14.0,100.04727918311261,10.619502713397466,0.10614484271942075,0.7916936950502323,0.9261395256950739,0.04106513383649865,1.0,299.0274611487457,10.0,0.020420387664947966,0.03695776764584383
1,adsorption,16.0,100.04733832176554,10.681844461882859,0.10676790248560764,0.8650831389382165,0.9333159520988691,0.04218744699678544,1.0,299.13380840853824,10.0,0.02046423433627958,0.03643098851495569
1,adsorption,18.0,100.04739445957628,10.742414928223129,0.1073732603057799,0.9374281042631473,0.9398081164668897,0.04330336632856679,1.0,299.23705608048346,10.0,0.02050686321544608,0.03591578549966943
1,adsorption,20.0,100.04744769628981,10.801585355034833,0.10796462682211336,1.0087551888170962,0.9456796400996311,0.04441511444818297,1.0,299.3373025411835,10.0,0.02054830969527444,0.03541366121520626
1,adsorption,22.0,100.04749817997715,10.859348154442001,0.108541926105008,1.079091824835768,0.9509884285992244,0.045523708121524155,1.0,299.4346444904265,10.0,0.020588608841685747,0.03492513231782945
1,adsorption,24.0,100.04754611565421,10.915731179718891,0.10910543640021304,1.1484645030818548,0.9557871681293908,0.04662880292468605,1.0,299.5291743412473,10.0,0.020627794291202654,0.03444962960712453
1,adsorption,26.0,100.04759168356765,10.970765186547338,0.10965546498356375,1.2168988295135805,0.9601237641084558,0.04773024545292281,1.0,299.62098049741167,10.0,0.020665898340457383,0.03398673845062022
1,adsorption,28.0,100.04763505097375,11.024479551393519,0.11019230535311109,1.284419604460524,0.9640417696910385,0.048827877360419186,1.0,299.7101476657306,10.0,0.020702952052401764,0.03353604151480987
1,adsorption,30.0,100.04767636915376,11.07690574908235,0.11071627199227517,1.351050833559539,0.9675807340715367,0.04992160585332356,1.0,299.79675702011997,10.0,0.020738985302972558,0.03309717647583423
1,adsorption,32.0,100.04771578090018,11.128068218974166,0.1112276090674985,1.4168158232240136,0.9707765943667728,0.051011288430183474,1.0,299.8808865300029,10.0,0.020774026897852696,0.03266974211666112
1,adsorption,34.0,100.04775341513441,11.17799719022738,0.11172661862626554,1.4817371411146456,0.973661961485977,0.052096844929851095,1.0,299.9626110183604,10.0,0.02080810457839554,0.03225339049107625
1,adsorption,36.0,100.04778938637627,11.226722312305672,0.11221359693365138,1.5458366775947596,0.9762664308527792,0.05317828436924861,1.0,300.042002399209,10.0,0.020841245103587536,0.031847848706103465
1,adsorption,38.0,100.04782379702188,11.274263241208548,0.1126887403776208,1.6091357195619724,0.9786168486439516,0.05425567736705665,1.0,300.11912991340296,10.0,0.020873474332816975,0.03145289626082455
1,adsorption,40.0,100.0478567604592,11.320642681857718,0.11315227580499106,1.6716549572430128,0.9807375578251114,0.05532874424732994,1.0,300.194060249875,10.0,0.02090481726210012,0.031068030081095464
1,adsorption,42.0,100.04788836553075,11.365900042756897,0.1136045970428773,1.7334143910237836,0.9826506237292673,0.05639751906603246,1.0,300.26685750013735,10.0,0.020935297991486176,0.030693007010161328
1,adsorption,44.0,100.04791868344266,11.410046218867127,0.11404581293659057,1.7944335672927174,0.9843760402660379,0.05746223608826252,1.0,300.33758362786614,10.0,0.020964939909011493,0.0303277487384929
1,adsorption,46.0,100.0479478103841,11.45310977008929,0.11447620886533122,1.85473146553545,0.9859319183807026,0.05852255720748885,1.0,300.40629837629035,10.0,0.020993765640446457,0.029971713104085446
1,adsorption,48.0,100.04797580965753,11.495119548342368,0.11489607316205949,1.914326501225483,0.9873346580551613,0.05957864144090078,1.0,300.47305935381996,10.0,0.021021797074259815,0.029624768134517324
1,adsorption,50.0,100.04800273750773,11.53609490622447,0.11530559921812032,1.973236631241335,0.9885991053215236,0.06063068104835608,1.0,300.53792227596557,10.0,0.021049055453023793,0.029286812314203468
1,adsorption,52.0,100.048028665262,11.57605117376362,0.11570494019921632,2.0314793846990273,0.989738695453544,0.061678506504767514,1.0,300.60094108297943,10.0,0.021075561413546252,0.02895744979871331
1,adsorption,54.0,100.04805365368091,11.615016797831096,0.1160943803868169,2.0890717612430767,0.9907655834111031,0.06272206032000088,1.0,300.6621678417569,10.0,0.021101334936843553,0.028636380902660224
1,adsorption,56.0,100.04807774719438,11.65302420184157,0.11647424382592252,2.14603027789212,0.9916907627424858,0.06376150828923749,1.0,300.72165287912946,10.0,0.021126395395854973,0.028323493784655627
1,adsorption,58.0,100.0481009850613,11.69007530318358,0.11684454965246252,2.202371156215863,0.9925241738116377,0.06479704514876246,1.0,300.7794451339004,10.0,0.021150761696090793,0.028018701766165242
1,adsorption,60.0,100.04812342748308,11.726199173574278,0.11720558838940809,2.2581101235784202,0.9932748022715225,0.0658284227517593,1.0,300.8355918906299,10.0,0.021174452156362752,0.02772155811620512
1,adsorption,62.0,100.04814510598769,11.761425765298021,0.11755765939326869,2.313262459933138,0.9939507686484547,0.06685585649776048,1.0,300.89013890100654,10.0,0.021197484553058536,0.02743200272177391
1,adsorption,64.0,100.04816605155882,11.795758563893411,0.11790079748003161,2.3678431793385006,0.9945594097933432,0.06787952203313245,1.0,300.9431307155713,10.0,0.021219876253886927,0.02714994425064017
1,adsorption,66.0,100.04818631448919,11.829226494515364,0.11823529171565034,2.4218668441629783,0.9951073528801243,0.06889919734870739,1.0,300.9946104278578,10.0,0.021241644103966627,0.026874967469137777
1,adsorption,68.0,100.04820592323547,11.86185497394535,0.11856139612385114,2.4753476353591726,0.9956005826187545,0.06991501235144276,1.0,301.04461982363006,10.0,0.02126280448320514,0.026606951969313276
1,adsorption,70.0,100.04822489593448,11.893655100514845,0.11887922162423245,2.528299430406944,0.9960445023167707,0.07092724434848151,1.0,301.09319953929486,10.0,0.021283373368085463,0.026345902518504962
1,adsorption,72.0,100.04824326504828,11.924642396656752,0.1191889233383732,2.5807357716853554,0.9964439892432168,0.07193587582967152,1.0,301.1403890433692,10.0,0.021303366318962753,0.02609158305902014
1,adsorption,74.0,100.04826106661378,11.954834857564878,0.11949068109844659,2.632669866319437,0.9968034448978053,0.07294079213252007,1.0,301.18622666613453,10.0,0.02132279848798821,0.025843680118702483
1,adsorption,76.0,100.04827832588957,11.98426639030501,0.11978483379062638,2.684114510458472,0.9971268405817664,0.07394204096365196,1.0,301.23074950698606,10.0,0.02134168457539685,0.025602020218132415
1,adsorption,78.0,100.04829504447942,12.012940745307512,0.1200714189079065,2.735082280865043,0.9974177587089902,0.07494006898591525,1.0,301.2739937653831,10.0,0.021360038965706388,0.025366763823659082
1,adsorption,80.0,100.04831126404665,12.040871372901119,0.1203505708469477,2.78558547488004,0.9976794302454919,0.07593457733710568,1.0,301.3159946689444,10.0,0.021377875693460464,0.02513745392874205
1,adsorption,82.0,100.04832700275996,12.068090925653514,0.12062261596159024,2.8356359662324646,0.9979147686232788,0.0769256637101058,1.0,301.35678626705817,10.0,0.021395208351877734,0.024913969548939575
1,adsorption,84.0,100.0483422636754,12.094611104934412,0.12088767121257549,2.8852454057955015,0.9981264004520258,0.07791367609687859,1.0,301.39640177153564,10.0,0.021412050234017488,0.024696400981285997
1,adsorption,86.0,100.04835707614674,12.12043643282831,0.12114578177034384,2.9344252389311745,0.9983166933318799,0.07889847211389302,1.0,301.43487360372694,10.0,0.02142841434967724,0.02448443138021464
1,adsorption,88.0,100.04837146073619,12.145593202970703,0.12139721042573112,2.9831865221743983,0.9984877809565708,0.07988004663218158,1.0,301.4722331214909,10.0,0.02144431330621256,0.02427786400275363
1,adsorption,90.0,100.04838543099731,12.17010046020079,0.12164214752465369,3.0315400625443543,0.9986415860653225,0.08085850325432585,1.0,301.5085108588243,10.0,0.02145975940748192,0.024076596040727535
1,adsorption,92.0,100.04839899484313,12.193967224690562,0.12188068322131856,3.0794964381551946,0.9987798407797335,0.08183403118148701,1.0,301.5437365746077,10.0,0.02147476467189609,0.023880599263797656
1,adsorption,94.0,100.0484121677839,12.217211100481745,0.12211299345753883,3.127065944326876,0.9989041053112209,0.08280666823895766,1.0,301.57793918236274,10.0,0.021489340799926322,0.023689722875885118
1,adsorption,96.0,100.04842496512222,12.239847934545004,0.12233923661278953,3.174258632319964,0.9990157849591297,0.08377644264177173,1.0,301.6111468270477,10.0,0.02150349920435314,0.023503811269793833
1,adsorption,98.0,100.04843740208173,12.261893148347095,0.12255956681330395,3.221084308804595,0.9991161450523086,0.08474337148159478,1.0,301.64338689736667,10.0,0.021517251013203013,0.02332270284507382
1,adsorption,100.0,100.04844948854513,12.28335615712104,0.12277407815827672,3.2675525576886293,0.9992063249785282,0.08570755481661015,1.0,301.6746860744507,10.0,0.021530607088327464,0.023146308631325246
1,adsorption,102.0,100.04846123170255,12.304255309790799,0.12298295404359427,3.3136726818177866,0.9992873500780667,0.0866691302782032,1.0,301.70507024977195,10.0,0.021543577988297757,0.022974575665594455
1,adsorption,104.0,100.04847264941301,12.324604467953527,0.12318633300021534,3.359453794458136,0.9993601438966186,0.08762803433402334,1.0,301.73456468587943,10.0,0.021556174035031902,0.022807284558670406
1,adsorption,106.0,100.0484837460413,12.344415797637206,0.12338433662794662,3.4049047649081525,0.9994255367112888,0.08858443636728369,1.0,301.76319393564995,10.0,0.021568405277484257,0.022644415345744476
1,adsorption,108.0,100.04849453573424,12.363703196540449,0.1235771038226319,3.4500342574119345,0.9994842772515505,0.08953831455714108,1.0,301.79098192458457,10.0,0.02158028152503643,0.022485790360461395
1,adsorption,110.0,100.04850502515647,12.38248011151103,0.12376476898278037,3.494850704262299,0.999537037894556,0.09048978484465141,1.0,301.8179519062595,10.0,0.02159181232680505,0.022331351432659595
1,adsorption,112.0,100.04851522490813,12.400758318375507,0.12394744979971684,3.539362339994381,0.9995844227801409,0.09143887738788188,1.0,301.84412652868417,10.0,0.021603006998427092,0.022180971214969633
1,adsorption,114.0,100.04852514324479,12.418551409852398,0.1241252821275686,3.5835771884119136,0.9996269772927472,0.09238564965253128,1.0,301.8695278354234,10.0,0.021613874621061967,0.02203454866246067
1,adsorption,116.0,100.04853478804198,12.435870998416062,0.12429838202790375,3.6275030820039285,0.9996651928545647,0.09333017100065365,1.0,301.89417730042885,10.0,0.02162442405489121,0.02189199574772561
1,adsorption,118.0,100.04854416778761,12.452729047462077,0.12446686906886002,3.6711476541084016,0.9996995104827316,0.09427248502612359,1.0,301.9180958162856,10.0,0.021634663932764985,0.021753205922796493
1,adsorption,120.0,100.04855329047543,12.46913761081188,0.12463086372283341,3.714518333736488,0.9997303243602722,0.09521264741306588,1.0,301.94130368522497,10.0,0.02164460265508437,0.02161808618511588
1,adsorption,122.0,100.04856216316128,12.485107902405451,0.12479047806848514,3.757622377313641,0.9997579918401212,0.09615071422528433,1.0,301.9638207066566,10.0,0.021654248426088634,0.021486546611335602
1,adsorption,124.0,100.04857079326524,12.500651139756956,0.1249458242195943,3.8004668445625387,0.9997828315352444,0.09708673236060325,1.0,301.9856661128842,10.0,0.02166360922520159,0.021358492832925662
1,adsorption,126.0,100.0485791876523,12.515778448876084,0.12509701337588552,3.8430586167017355,0.9998051304627381,0.09802075319994409,1.0,302.0068586249365,10.0,0.021672692829873174,0.02123383723005181
1,adsorption,128.0,100.04858735290642,12.530500414238922,0.1252441513245905,3.885404404115513,0.9998251473595633,0.09895282796865403,1.0,302.02741647311774,10.0,0.02168150682338353,0.021112494900971918
1,adsorption,130.0,100.04859529567507,12.544827526195194,0.12538734291192474,3.927510746544189,0.9998431149609479,0.0998830017111872,1.0,302.0473574008701,10.0,0.021690058595550205,0.02099437860114221
1,adsorption,132.0,100.04860302219002,12.558770141953298,0.12552669165373412,3.9693840145279973,0.999859242253578,0.10081132192633924,1.0,302.06669867126857,10.0,0.021698355344610915,0.02087940604895353
1,adsorption,134.0,100.04861053844037,12.572338191100227,0.12566229679191515,4.011030414866859,0.9998737169017771,0.10173783578117189,1.0,302.08545708197994,10.0,0.021706404082785177,0.020767497494335818
1,adsorption,136.0,100.04861785040994,12.58554146045158,0.12579425614124076,4.052455994128949,0.9998867075386516,0.10266258605390904,1.0,302.10364897764276,10.0,0.021714211640778153,0.020658572244725178
1,adsorption,138.0,100.04862496377551,12.598389583929599,0.1259226659885739,4.093666642039457,0.9998983657279185,0.10358561663178238,1.0,302.1212902613476,10.0,0.02172178467194362,0.020552553278701112
1,adsorption,140.0,100.04863188400897,12.610891849523522,0.1260476191632877,4.134668095983856,0.9999088276487906,0.10450697095285501,1.0,302.13839640721636,10.0,0.021729129656961596,0.020449365864571186
1,adsorption,142.0,100.04863861653584,12.623057378058007,0.12616920682388666,4.175465943892875,0.9999182156173595,0.1054266892693331,1.0,302.1549824702087,10.0,0.021736252907366124,0.02034893520945293
1,adsorption,144.0,100.04864516654608,12.63489512585466,0.12628751848485273,4.2160656273384856,0.9999266394886546,0.10634481213287864,1.0,302.1710630962678,10.0,0.021743160569256258,0.020251189374103747
1,adsorption,146.0,100.048651539053,12.646413758784897,0.1264026407577167,4.256472445655226,0.9999341979300068,0.10726137955009675,1.0,302.18665253400593,10.0,0.02174985862770489,0.02015605849764328
1,adsorption,148.0,100.04865773900113,12.65762176534066,0.1265146584810847,4.296691559007696,0.999940979558917,0.10817642914418188,1.0,302.2017646445187,10.0,0.021756352910397944,0.020063473198350234
1,adsorption,150.0,100.04866377114799,12.668527465296984,0.12662365480737517,4.336727991407025,0.9999470639588077,0.10908999836484555,1.0,302.2164129109243,10.0,0.02176264909118802,0.019973366407388247
1,adsorption,152.0,100.04866964009726,12.67913892774239,0.12672971038348396,4.376586634346109,0.9999525225922326,0.11000212405342537,1.0,302.2306104487351,10.0,0.02176875269403609,0.01988567294610204
1,adsorption,154.0,100.04867535037246,12.689464042613368,0.12683290406569214,4.416272249781344,0.9999574196249142,0.11091284120989786,1.0,302.24437001506055,10.0,0.021774669096480338,0.019800328437466583
1,adsorption,156.0,100.04868090634335,12.699510531406169,0.1269333130268286,4.455789473055336,0.9999618126680001,0.11182218439358017,1.0,302.257704017591,10.0,0.021780403533038055,0.019717270453110558
1,adsorption,158.0,100.04868631224436,12.709285894358828,0.1270310122283276,4.495142816213947,0.9999657534448774,0.11273018751951887,1.0,302.2706245240774,10.0,0.02178596109884691,0.019636438289720996
1,adsorption,160.0,100.04869157222515,12.718797455989208,0.12712607487532712,4.534336670887449,0.9999692883899124,0.11363688303459898,1.0,302.2831432709883,10.0,0.021791346752977035,0.019557772226172263
1,adsorption,162.0,100.04869669030502,12.7280523758294,0.1272185725240215,4.573375311087429,0.9999724591865512,0.11454230280503727,1.0,302.2952716719132,10.0,0.021796565321657416,0.01948121423522424
1,adsorption,164.0,100.0487016703833,12.737057614822783,0.1273085747457855,4.612262896248746,0.9999753032512004,0.11544647803895426,1.0,302.30702082624106,10.0,0.02180162150164266,0.019406707869773686
1,adsorption,166.0,100.04870651627364,12.745819964606016,0.127396149419811,4.651003473983941,0.9999778541682326,0.11634943873868532,1.0,302.31840152727,10.0,0.02180651986335602,0.019334197754260523
1,adsorption,168.0,100.04871123167676,12.754346057377012,0.12748136283177644,4.689600982749994,0.9999801420808668,0.11725121426335704,1.0,302.32942427007066,10.0,0.021811264853946008,0.019263630020909646
1,adsorption,170.0,100.04871582018585,12.762642344955227,0.1275642794645469,4.728059254658968,0.9999821940423294,0.11815183331712813,1.0,302.34009925947436,10.0,0.021815860800415643,0.019194952254113416
1,adsorption,172.0,100.04872028531035,12.770715117921537,0.12764496218945237,4.766382018091696,0.999984034331348,0.11905132358769097,1.0,302.3504364176469,10.0,0.021820311912590866,0.019128113140583665
1,adsorption,174.0,100.04872463045953,12.778570514301764,0.1277234723531035,4.804572900226885,0.9999856847356129,0.1199497121034766,1.0,302.3604453914313,10.0,0.021824622286006314,0.01906306273194214
1,adsorption,176.0,100.04872885894581,12.786214506943542,0.12779986965122017,4.842635429648358,0.999987164806428,0.12084702525342575,1.0,302.37013555972084,10.0,0.02182879590481989,0.018999752418080287
1,adsorption,178.0,100.04873297400098,12.793652916341092,0.12787421225679785,4.880573038812837,0.9999884920874522,0.12174328855072769,1.0,302.3795160405188,10.0,0.021832836644607476,0.018938134684839937
1,adsorption,180.0,100.04873697876725,12.800891418114764,0.12794655689488035,4.918389066439065,0.9999896823201456,0.12263852686048618,1.0,302.38859569778595,10.0,0.021836748275080326,0.018878163267628586
1,adsorption,182.0,100.04874087629835,12.807935535822903,0.12801695877071367,4.956086759931848,0.9999907496282833,0.12353276443234842,1.0,302.3973831482567,10.0,0.021840534462802368,0.01881979313780046
1,adsorption,184.0,100.04874466957179,12.81479064985624,0.1280854716586329,4.993669277702853,0.9999917066836591,0.1244260247481957,1.0,302.4058867680095,10.0,0.02184419877381419,0.018762980333153243
1,adsorption,186.0,100.04874836148365,12.82146200382543,0.1281521479659148,5.031139691419655,0.9999925648548877,0.12531833066829506,1.0,302.4141146988418,10.0,0.02184774467618508,0.018707682043607014
1,adsorption,188.0,100.04875195484927,12.827954700897898,0.12821703869616477,5.06850098826183,0.9999933343410187,0.1262097044670589,1.0,302.42207485457845,10.0,0.02185117554254732,0.018653856602289694
1,adsorption,190.0,100.0487554524123,12.83427371024168,0.12828019351371378,5.10575607309686,0.9999940242915025,0.1271001677367638,1.0,302.4297749271773,10.0,0.02185449465255394,0.01860146336534455
1,adsorption,192.0,100.04875885684173,12.840423872479006,0.12834166079813322,5.142907770590986,0.9999946429138992,0.12798974148249112,1.0,302.43722239265657,10.0,0.02185770519526991,0.018550462755610186
1,adsorption,194.0,100.04876217073283,12.846409898284195,0.12840148763022022,5.179958827309449,0.9999951975705728,0.12887844615633864,1.0,302.4444245169356,10.0,0.021860810271535195,0.018500816254404757
1,adsorption,196.0,100.04876539661349,12.852236373289104,0.128459719841022,5.216911913751404,0.9999956948654954,0.1297663015983102,1.0,302.4513883615006,10.0,0.02186381289626171,0.018452486314749942
1,adsorption,198.0,100.04876853694313,12.857907762763535,0.12851640205861944,5.253769626325934,0.9999961407221665,0.13065332709912408,1.0,302.45812078891043,10.0,0.021866716000669584,0.018405436379402645
1,adsorption,200.0,100.04877159411338,12.863428411639282,0.12857157770836772,5.290534489306573,0.9999965404535518,0.13153954143096439,1.0,302.46462846820174,10.0,0.021869522434488316,0.018359630871688497
1,adsorption,202.0,100.04877457045295,12.86880254843587,0.12862528905212967,5.327208956730359,0.9999968988248586,0.13242496281281313,1.0,302.4709178801432,10.0,0.0218722349681002,0.018315035131393306
1,adsorption,204.0,100.04877746822748,12.87403428931266,0.12867757722877793,5.3637954142434,0.9999972201098765,0.13330960895312113,1.0,302.4769953223416,10.0,0.021874856294627296,0.018271615417428944
1,adsorption,206.0,100.04878028964042,12.879127638968143,0.12872848226318376,5.400296180918604,0.9999975081415381,0.13419349707658196,1.0,302.4828669142443,10.0,0.021877389031980173,0.01822933889725193
1,adsorption,208.0,100.04878303683705,12.884086493855039,0.12877804309834767,5.4367135109921785,0.999997766356469,0.13507664390549326,1.0,302.4885386019154,10.0,0.02187983572481583,0.01818817359897414
1,adsorption,210.0,100.04878571190254,12.888914645916397,0.12882629763274614,5.473049595650529,0.9999979978376664,0.13595906568690114,1.0,302.4940161629523,10.0,0.021882198846561864,0.018148088401229907
1,adsorption,212.0,100.04878831686642,12.893615783660413,0.12887328273106916,5.509306564597425,0.9999982053477168,0.13684077822455964,1.0,302.49930521077465,10.0,0.02188448080117589,0.018109053031511637
1,adsorption,214.0,100.04879085370338,12.89819349544606,0.12891903425706042,5.54548648796304,0.9999983913680135,0.13772179686104405,1.0,302.5044111998502,10.0,0.021886683925314267,0.01807103801460251
1,adsorption,216.0,100.04879332433464,12.902651272618694,0.12896358710485728,5.581591377697231,0.9999985581229033,0.13860213649790049,1.0,302.50933942950866,10.0,0.021888810489897017,0.01803401466403704
1,adsorption,218.0,100.04879573062767,12.906992510799803,0.12900697521188273,5.617623189109537,0.9999987076055291,0.13948181163037174,1.0,302.5140950481404,10.0,0.021890862701843306,0.017997955082744016
1,adsorption,220.0,100.04879807439954,12.911220512264332,0.1290492315826036,5.653583822462319,0.99999884160299,0.14036083632856872,1.0,302.5186830575352,10.0,0.02189284270587207,0.01796283211667592
1,adsorption,222.0,100.04880035741891,12.915338489628756,0.12909038832539133,5.689475124440204,0.999998961717629,0.14123922425917945,1.0,302.5231083168883,10.0,0.021894752586163177,0.017928619345452628
1,adsorption,224.0,100.04880258140403,12.919349567025424,0.12913047666426275,5.72529888969105,0.9999990693874777,0.142116988710185,1.0,302.52737554698643,10.0,0.02189659436810051,0.01789529107391014
1,adsorption,226.0,100.04880474802694,12.9232567821155,0.12916952695899503,5.761056862038029,0.9999991659000126,0.14299414258202015,1.0,302.53148933349456,10.0,0.021898370019630437,0.017862822301724587
1,adsorption,228.0,100.04880685891354,12.927063089363154,0.12920756873785202,5.7967507360053006,0.9999992524097876,0.14387069840606218,1.0,302.5354541310962,10.0,0.021900081452992586,0.017831188709657796
1,adsorption,230.0,100.0488089156449,12.930771361458776,0.12924463071180806,5.832382158189946,0.9999993299525363,0.1447466683620431,1.0,302.5392742672065,10.0,0.021901730526269387,0.017800366647960992
1,adsorption,232.0,100.04881091975864,12.93438439151249,0.12928074079647137,5.86795272855044,0.9999993994571093,0.14562206427607707,1.0,302.54295394545574,10.0,0.021903319044839706,0.017770333109837506
1,adsorption,234.0,100.04881287274999,12.937904895493116,0.1293159261364607,5.903464001660848,0.999999461756175,0.14649689763512416,1.0,302.5464972490803,10.0,0.021904848762795734,0.017741065719536306
1,adsorption,236.0,100.04881477607262,12.941335513811762,0.12935021312123304,5.938917487957014,0.9999995175961229,0.14737117960138815,1.0,302.54990814428356,10.0,0.021906321384349545,0.01771254272043888
1,adsorption,238.0,100.0488166311402,12.944678813361897,0.12938362740547263,5.974314654958898,0.9999995676460867,0.1482449210136798,1.0,302.5531904835313,10.0,0.021907738565214073,0.017684742952399173
1,adsorption,240.0,100.04881843932736,12.947937289693012,0.12941619393081621,6.009656928434009,0.9999996125058382,0.14911813239901714,1.0,302.55634800868637,10.0,0.021909101913917303,0.0176576458389575
1,adsorption,242.0,100.0488202019696,12.951113368694545,0.12944793694268455,6.04494569359482,0.9999996527132753,0.149990823985108,1.0,302.5593843542306,10.0,0.021910412993156388,0.017631231374495866
1,adsorption,244.0,100.04882192036635,12.954209408319304,0.12947888000750454,6.080182296138184,0.9999996887502145,0.15086300570449263,1.0,302.5623030500567,10.0,0.021911673320968512,0.01760548010748622
1,adsorption,246.0,100.04882359578049,12.95722770087063,0.1295090460355707,6.115368043514013,0.9999997210492854,0.15173468720508806,1.0,302.5651075248765,10.0,0.021912884372169695,0.01758037312431035
1,adsorption,248.0,100.04882522943966,12.96017047431526,0.12953845729416613,6.1505042058539745,0.9999997499981745,0.15260587785646806,1.0,302.56780110871256,10.0,0.02191404757940019,0.017555892036483434
1,adsorption,250.0,100.04882682253734,12.963039894090125,0.12956713542562026,6.185592016989944,0.9999997759441692,0.15347658675947143,1.0,302.5703870356291,10.0,0.021915164334274748,0.017532018968760398
1,adsorption,252.0,100.04882837623347,12.965838064729597,0.1295951014635732,6.220632675486618,0.9999997991984867,0.15434682275264022,1.0,302.57286844649786,10.0,0.021916235988549842,0.0175087365441607
1,adsorption,254.0,100.04882989165573,12.968567031617477,0.12962237585048542,6.255627345651972,0.9999998200401782,0.15521659441952962,1.0,302.57524839170304,10.0,0.0219172638552663,0.017486027870131593
1,adsorption,256.0,100.04883136990003,12.971228782561065,0.1296489784533705,6.290577158496081,0.999999838719458,0.15608591009757755,1.0,302.57752983370585,10.0,0.021918249209832905,0.01746387652706214
1,adsorption,258.0,100.0488328120315,12.973825249273245,0.12967492857860766,6.325483212650733,0.9999998554606041,0.15695477788391426,1.0,302.5797156495017,10.0,0.021919193291064877,0.017442266554940616
1,adsorption,260.0,100.04883421908553,12.976358308954598,0.12970024498775418,6.3603465752704,0.9999998704646097,0.15782320564146235,1.0,302.58180863302647,10.0,0.02192009730220206,0.017421182440592927
1,adsorption,262.0,100.0488355920683,12.978829785755154,0.12972494591215508,6.3951682829190135,0.9999998839116234,0.15869120100725553,1.0,302.5838114975239,10.0,0.02192096241191143,0.017400609107059643
1,adsorption,264.0,100.04883693195755,12.981241452173176,0.12974904906692336,6.429949342434217,0.9999998959631389,0.15955877139814978,1.0,302.58572687784994,10.0,0.021921789755263547,0.01738053190116307
1,adsorption,266.0,100.04883823970367,12.983595030535147,0.12977257166573172,6.4646907317632785,0.9999999067639224,0.1604259240163916,1.0,302.58755733270095,10.0,0.021922580434677617,0.017360936581498388
1,adsorption,268.0,100.04883951623003,12.985892194343037,0.12979553043427805,6.499393400774297,0.9999999164437293,0.16129266585714838,1.0,302.5893053467745,10.0,0.021923335520838076,0.01734180930857319
1,adsorption,270.0,100.04884076243403,12.988134569556955,0.12981794162310467,6.534058272047233,0.9999999251188536,0.16215900371373768,1.0,302.59097333287485,10.0,0.021924056053588662,0.01732313663335945
1,adsorption,272.0,100.04884197918774,12.990323735968095,0.12983982102132033,6.568686241644739,0.9999999328935291,0.16302494418269523,1.0,302.59256363396406,10.0,0.02192474304280378,0.01730490548609022
1,adsorption,274.0,100.04884316733835,12.992461228455252,0.1298611839691589,6.603278179862286,0.999999939861184,0.16389049367082065,1.0,302.59407852515636,10.0,0.021925397469236337,0.017287103167142347
1,adsorption,276.0,100.0488443277092,12.994548538168981,0.129882045369814,6.637834931957425,0.9999999461055603,0.1647556583999913,1.0,302.595520215656,10.0,0.021926020285342036,0.017269717336412152
1,adsorption,278.0,100.04884546110031,12.996587113801363,0.12990241970212965,6.672357318858282,0.9999999517017136,0.16562044441173296,1.0,302.5968908506391,10.0,0.02192661241608023,0.01725273600288459
1,adsorption,280.0,100.04884656828887,12.998578362749067,0.1299223210322252,6.70684613785306,0.9999999567169132,0.16648485757369222,1.0,302.59819251308437,10.0,0.021927174759693444,0.01723614751619422
1,adsorption,282.0,100.04884765002996,13.000523652205498,0.12994176302441007,6.741302163261363,0.9999999612114504,0.16734890358414617,1.0,302.5994272255537,10.0,0.02192770818846606,0.017219940556858982
1,adsorption,284.0,100.04884870705735,13.002424310335106,0.12996075895292064,6.775726147086653,0.9999999652393623,0.16821258797610053,1.0,302.6005969519229,10.0,0.021928213549462,0.017204104126528775
1,adsorption,286.0,100.04884974008384,13.004281627352004,0.12997932171270066,6.8101188196506675,0.999999968849081,0.16907591612328068,1.0,302.6017035990635,10.0,0.021928691665241945,0.017188627540204546
1,adsorption,288.0,100.0488507498018,13.0060968565249,0.129997463829445,6.844480890210688,0.9999999720840137,0.16993889324429415,1.0,302.6027490184777,10.0,0.021929143334561006,0.017173500417227837
1,adsorption,290.0,100.04885173688407,13.007871215261376,0.13001519747043622,6.878813047559399,0.9999999749830629,0.17080152440633545,1.0,302.60373500788745,10.0,0.021929569333046968,0.01715871267222005
1,adsorption,292.0,100.04885270198413,13.009605886106705,0.13003253445452756,6.91311596060827,0.9999999775810948,0.17166381453071433,1.0,302.6046633127787,10.0,0.021929970413859797,0.017144254507904844
1,adsorption,294.0,100.04885364573695,13.011302017668326,0.1300494862613824,6.947390278955142,0.9999999799093576,0.17252576839670145,1.0,302.60553562790324,10.0,0.02193034730833327,0.017130116406801146
1,adsorption,296.0,100.04885456875917,13.012960725616942,0.13006606404147997,6.981636633435654,0.9999999819958572,0.17338739064486752,1.0,302.60635359873703,10.0,0.02193070072659841,0.017116289122802587
1,adsorption,298.0,100.04885547164974,13.014583093610183,0.1300822786253467,7.015855636659329,0.9999999838656924,0.17424868578217906,1.0,302.60711882289803,10.0,0.021931031358189537,0.017102763674562052
1,adsorption,300.0,100.04885635499083,13.01617017414171,0.1300981405320423,7.050047883531159,0.9999999855413574,0.17510965818558918,1.0,302.6078328515244,10.0,0.021931339872633987,0.01708953133787614
1,adsorption,302.0,100.04885721934767,13.017722989464955,0.1301136599783926,7.084213951758269,0.9999999870430116,0.17597031210500155,1.0,302.6084971906131,10.0,0.02193162692002486,0.01707658363782944
1,adsorption,304.0,100.04885806526924,13.019242532447695,0.1301288468875305,7.118354402342428,0.9999999883887224,0.1768306516679837,1.0,302.6091133023209,10.0,0.02193189313157795,0.017063912342717084
1,adsorption,306.0,100.04885889328885,13.020729767350803,0.13014371089667887,7.152469780059157,0.9999999895946811,0.17769068088310414,1.0,302.60968260622906,10.0,0.021932139120173347,0.017051509457056347
1,adsorption,308.0,100.04885970392455,13.022185630679097,0.13015826136565434,7.186560613923075,0.9999999906753987,0.17855040364257854,1.0,302.6102064805713,10.0,0.021932365480881462,0.01703936721428243
1,adsorption,310.0,100.04886049767948,13.023611031972319,0.13017250738477315,7.220627417640169,0.9999999916438798,0.179409823726606,1.0,302.61068626342757,10.0,0.021932572791474546,0.017027478071151392
1,adsorption,312.0,100.04886127504227,13.025006854519223,0.13018645778198756,7.254670690047729,0.999999992511779,0.18026894480649353,1.0,302.6111232538838,10.0,0.021932761612923974,0.017015834701353164
1,adsorption,314.0,100.04886203648758,13.026373956140288,0.13020012113070914,7.288690915541621,0.9999999932895409,0.1811277704470121,1.0,302.61151871315894,10.0,0.021932932489883275,0.017004429988721627
1,adsorption,316.0,100.04886278247638,13.027713169919117,0.1302135057571182,7.322688564491458,0.9999999939865257,0.18198630411037262,1.0,302.61187386569907,10.0,0.02193308595115766,0.01699325702207363
1,adsorption,318.0,100.04886351345625,13.029025304856907,0.13022661974670555,7.35666409364442,0.9999999946111217,0.18284454915914553,1.0,302.61218990024145,10.0,0.021933222510160416,0.016982309089372392
1,adsorption,320.0,100.04886422986215,13.030311146592794,0.13023947095147098,7.390617946517408,0.9999999951708466,0.18370250885834566,1.0,302.61246797084783,10.0,0.0219333426653564,0.01697157967141227
1,adsorption,322.0,100.0488649321162,13.031571458078975,0.13025206699667186,7.424550553778049,0.999999995672437,0.18456018637913726,1.0,302.6127091979077,10.0,0.02193344690069273,0.016961062437114767
1,adsorption,324.0,100.04886562062859,13.032806980180492,0.13026441528681681,7.458462333615288,0.9999999961219305,0.1854175848015038,1.0,302.61291466911405,10.0,0.02193353568601781,0.01695075123814888
1,adsorption,326.0,100.04886629579757,13.034018432337431,0.13027652301228435,7.492353692099195,0.9999999965247377,0.1862747071161215,1.0,302.61308544041043,10.0,0.021933609477488018,0.016940640103088985
1,adsorption,328.0,100.04886695800981,13.03520651318866,0.13028839715555696,7.526225023530497,0.999999996885707,0.18713155622773778,1.0,302.61322253691117,10.0,0.021933668717963154,0.016930723233068504
1,adsorption,330.0,100.048867607641,13.036371901121084,0.13030004449671012,7.560076710780539,0.999999997209184,0.18798813495772676,1.0,302.61332695379514,10.0,0.02193371383739045,0.01692099499692314
1,adsorption,332.0,100.04886824505584,13.037515254876203,0.13031147161947515,7.593909125621375,0.9999999974990623,0.18884444604569586,1.0,302.61339965717434,10.0,0.02193374525317793,0.016911449925723625
1,adsorption,334.0,100.04886887060846,13.038637214128878,0.1303226849170232,7.627722629046321,0.9999999977588316,0.189700492152566,1.0,302.61344158493705,10.0,0.02193376337055687,0.016902082708762887
1,adsorption,336.0,100.04886948464302,13.039738399988753,0.13033369059697655,7.6615175715817525,0.9999999979916192,0.1905562758630604,1.0,302.61345364756716,10.0,0.021933768582934138,0.016892888189215333
1,adsorption,338.0,100.04887008749331,13.040819415554639,0.13034449468695017,7.695294293589837,0.9999999982002272,0.19141179968702562,1.0,302.61343672894014,10.0,0.021933761272234613,0.016883861358982295
1,adsorption,340.0,100.04887067948376,13.041880846453678,0.1303551030399394,7.729053125562452,0.9999999983871675,0.19226706606227484,1.0,302.6133916870955,10.0,0.021933741809233333,0.016874997355019655
1,adsorption,342.0,100.04887126092933,13.042923261296231,0.13036552133886695,7.762794388407077,0.9999999985546902,0.19312207735697495,1.0,302.6133193549878,10.0,0.02193371055387883,0.0168662914554389
1,adsorption,344.0,100.04887183213576,13.043947212184426,0.13037575510166524,7.796518393724364,0.9999999987048124,0.19397683587072012,1.0,302.61322054121587,10.0,0.021933667855606766,0.01685773907465479
1,adsorption,346.0,100.04887239340012,13.044953235213063,0.1303858096862828,7.830225444077573,0.9999999988393413,0.1948313438371962,1.0,302.6130960307303,10.0,0.021933614053644638,0.01684933576006084
1,adsorption,348.0,100.04887294501073,13.045941850881738,0.13039569029480325,7.863915833254673,0.9999999989598966,0.195685603426414,1.0,302.61294658552197,10.0,0.021933549477308103,0.016841077188485737
1,adsorption,350.0,100.04887348724749,13.0469135645628,0.13040540197812217,7.897589846522771,0.9999999990679296,0.19653961674558929,1.0,302.61277294528975,10.0,0.021933474446288473,0.016832959161649768
1,adsorption,352.0,100.04887402038239,13.047868866964977,0.13041494964058079,7.931247760875049,0.9999999991647411,0.1973933858416493,1.0,302.6125758280889,10.0,0.02193338927093204,0.01682497760316648
1,adsorption,354.0,100.0488745446793,13.048808234506858,0.13042433804369874,7.9648898452710135,0.999999999251497,0.1982469127033012,1.0,302.6123559309614,10.0,0.02193329425251149,0.01681712855530669
1,adsorption,356.0,100.04887506039464,13.049732129747754,0.13043357181048026,7.998516360869682,0.9999999993292414,0.1991001992617666,1.0,302.612113930548,10.0,0.021933189683489625,0.016809408174767154
1,adsorption,358.0,100.0488755677772,13.050641001815922,0.13044265542969433,8.032127561255843,0.9999999993989104,0.1999532473930966,1.0,302.6118504836815,10.0,0.021933075847775024,0.01680181272993317
1,adsorption,360.0,100.0488760670687,13.051535286748328,0.1304515932592697,8.065723692660214,0.9999999994613429,0.20080605892011485,1.0,302.6115662279649,10.0,0.021932953020971084,0.016794338597949217
1,adsorption,362.0,100.0488765585037,13.052415407885627,0.1304603895302434,8.099304994173135,0.9999999995172903,0.2016586356130574,1.0,302.61126178233104,10.0,0.02193282147061733,0.016786982260807673
1,adsorption,364.0,100.04887704230998,13.05328177626789,0.1304690483507151,8.13287169795187,0.9999999995674267,0.2025109791916457,1.0,302.61093774758683,10.0,0.021932681456423894,0.016779740302795474
1,adsorption,366.0,100.04887751870876,13.054134790944438,0.13047757370894403,8.16642402942231,0.9999999996123554,0.20336309132694838,1.0,302.61059470694187,10.0,0.021932533230499537,0.01677260940787571
1,adsorption,368.0,100.04887798791486,13.054974839335335,0.1304859694769618,8.19996220747475,0.9999999996526173,0.20421497364192467,1.0,302.6102332265216,10.0,0.021932377037572778,0.0167655863560635
1,adsorption,370.0,100.04887845013663,13.055802297596127,0.130494239414218,8.233486444653805,0.9999999996886971,0.20506662771330636,1.0,302.60985385586525,10.0,0.021932213115206704,0.01675866802106846
1,adsorption,372.0,100.04887890557663,13.056617530902141,0.13050238717042115,8.26699694734318,0.9999999997210296,0.2059180550733243,1.0,302.6094571284102,10.0,0.021932041694007826,0.016751851367910565
1,adsorption,374.0,100.04887935443126,13.05742089377722,0.13051041628882468,8.300493915944998,0.9999999997500038,0.20676925721022377,1.0,302.6090435619614,10.0,0.02193186299782854,0.01674513344961206
1,adsorption,376.0,100.04887979689154,13.058212730431249,0.1305183302095998,8.333977545053756,0.9999999997759682,0.20762023556991274,1.0,302.6086136591478,10.0,0.021931677243964026,0.016738511404970513
1,adsorption,378.0,100.0488802331425,13.058993375020627,0.13052613227243962,8.367448023625553,0.9999999997992358,0.20847099155765175,1.0,302.6081679078652,10.0,0.02193148464334334,0.016731982456464702
1,adsorption,380.0,100.04888066336413,13.059763151946612,0.13053382571953984,8.400905535142362,0.9999999998200869,0.20932152653844174,1.0,302.60770678170684,10.0,0.021931285400715095,0.01672554390714982
1,adsorption,382.0,100.04888108773112,13.060522376168246,0.13054141369872696,8.43435025777135,0.9999999998387722,0.21017184183856638,1.0,302.6072307403803,10.0,0.02193107971482749,0.01671919313864314
1,adsorption,384.0,100.04888150641285,13.061271353444031,0.13054889926587374,8.467782364522678,0.9999999998555168,0.21102193874712993,1.0,302.6067402301215,10.0,0.02193086777860686,0.016712927609135772
1,adsorption,386.0,100.04888191957403,13.062010380600661,0.1305562853875846,8.501202023394507,0.9999999998705222,0.21187181851652534,1.0,302.6062356840733,10.0,0.021930649779321135,0.016706744850758355
1,adsorption,388.0,100.04888232737439,13.06273974581914,0.13056357494405554,8.5346093975274,0.9999999998839693,0.21272148236355357,1.0,302.6057175226907,10.0,0.021930425898754716,0.01670064246730405
1,adsorption,390.0,100.04888272996908,13.063459728844078,0.13057077073116574,8.568004645327159,0.9999999998960197,0.2135709314707683,1.0,302.6051861540623,10.0,0.021930196313347205,0.016694618132808342
1,adsorption,392.0,100.04888312750876,13.064170601248085,0.13057787546312,8.601387920618166,0.9999999999068185,0.2144201669876388,1.0,302.60464197431133,10.0,0.021929961194366562,0.01668866958932906
1,adsorption,394.0,100.04888352013958,13.064872626677063,0.13058489177490062,8.634759372778978,0.9999999999164957,0.21526919003091538,1.0,302.6040853679506,10.0,0.021929720708062397,0.016682794644417943
1,adsorption,396.0,100.04888390800348,13.065566061090102,0.13059182222466464,8.66811914686917,0.9999999999251676,0.21611800168601375,1.0,302.6035167082146,10.0,0.021929475015809333,0.016676991169646386
1,adsorption,398.0,100.04888429123832,13.066251152955964,0.13059866929570776,8.701467383753249,0.9999999999329391,0.216966603008061,1.0,302.60293635738384,10.0,0.021929224274246907,0.01667125709890274
1,adsorption,400.0,100.0488846699779,13.06692814347935,0.13060543539872566,8.734804220223056,0.9999999999399033,0.21781499502231533,1.0,302.60234466710494,10.0,0.021928968635418086,0.01666559042618501
1,adsorption,402.0,100.04888504435198,13.06759726682561,0.13061212287406004,8.768129789117342,0.9999999999461443,0.21866317872532762,1.0,302.6017419787035,10.0,0.021928708246904134,0.016659989204087056
1,adsorption,404.0,100.04888541448678,13.06825875030772,0.13061873399356708,8.801444219437576,0.9999999999517372,0.21951115508590555,1.0,302.6011286234873,10.0,0.02192844325195571,0.01665445154219385
1,adsorption,406.0,100.04888578050463,13.06891281459175,0.13062527096267113,8.834747636459849,0.999999999956749,0.2203589250456143,1.0,302.6005049230386,10.0,0.021928173789619025,0.016648975605162184
1,adsorption,408.0,100.04888614252437,13.06955967389871,0.13063173592238203,8.868040161843462,0.9999999999612403,0.2212064895197629,1.0,302.5998711894988,10.0,0.021927899994858877,0.0166435596112865
1,adsorption,410.0,100.04888650066137,13.070199536179327,0.1306381309510419,8.901321913736606,0.9999999999652652,0.2220538493982412,1.0,302.59922772584406,10.0,0.021927621998677666,0.016638201830996607
1,adsorption,412.0,100.0488868550276,13.070832603301175,0.13064445806619535,8.934593006878984,0.9999999999688722,0.22290100554605566,1.0,302.5985748261544,10.0,0.02192733992823166,0.01663290058516224
1,adsorption,414.0,100.04888720573182,13.071459071228594,0.1306507192263876,8.967853552699607,0.9999999999721048,0.22374795880418583,1.0,302.59791277586885,10.0,0.021927053906941243,0.016627654243773028
1,adsorption,416.0,100.04888755287949,13.072079130191616,0.13065691633285323,9.001103659417273,0.9999999999750013,0.22459470999029774,1.0,302.5972418520487,10.0,0.021926764054604628,0.016622461224438615
1,adsorption,418.0,100.0488878965731,13.07269296484779,0.13066305123113273,9.034343432127574,0.9999999999775971,0.22544125989940944,1.0,302.5965623236046,10.0,0.021926470487496012,0.016617319991131797
1,adsorption,420.0,100.04888823691212,13.073300754468123,0.1306691257129317,9.06757297290884,0.9999999999799233,0.22628760930473726,1.0,302.5958744515736,10.0,0.021926173318485245,0.016612229052685928
1,adsorption,422.0,100.0488885739931,13.07390267306848,0.13067514151743345,9.100792380899115,0.9999999999820081,0.22713375895782703,1.0,302.5951784893204,10.0,0.02192587265712484,0.01660718696129162
1,adsorption,424.0,100.04888890790969,13.074498889578965,0.13068110033299246,9.134001752380389,0.9999999999838762,0.22797970958968972,1.0,302.5944746827577,10.0,0.02192556860974515,0.016602192311698624
1,adsorption,426.0,100.04888923875295,13.075089567970112,0.13068700379839504,9.167201180865622,0.9999999999855503,0.22882546191133854,1.0,302.5937632705735,10.0,0.02192526127955262,0.0165972437398467
1,adsorption,428.0,100.04888956661121,13.075674867417074,0.1306928535045006,9.200390757179044,0.9999999999870507,0.2296710166140667,1.0,302.59304448444095,10.0,0.021924950766720498,0.016592339921415913
1,adsorption,430.0,100.04888989157014,13.076254942444802,0.13069865099569258,9.23357056953939,0.9999999999883953,0.23051637437025055,1.0,302.592318549236,10.0,0.02192463716848288,0.01658747957076438
1,adsorption,432.0,100.04889021371298,13.076829943036563,0.13070439777096313,9.26674070362498,0.9999999999896003,0.23136153583392427,1.0,302.59158568320737,10.0,0.021924320579208206,0.016582661440052722
1,adsorption,434.0,100.04889053312057,13.077400014785686,0.1307100952854294,9.299901242655983,0.99999999999068,0.23220650164133802,1.0,302.5908460981917,10.0,0.021924001090492157,0.016577884317991495
1,adsorption,436.0,100.04889084987138,13.077965299021482,0.1307157449515923,9.333052267466329,0.9999999999916476,0.2330512724113193,1.0,302.59009999980117,10.0,0.02192367879123889,0.016573147028639157
1,adsorption,438.0,100.04889116404141,13.078525932940451,0.13072134814064795,9.366193856575073,0.9999999999925148,0.23389584874583727,1.0,302.5893475876101,10.0,0.021923353767741637,0.016568448430383943
1,adsorption,440.0,100.04889147570464,13.079082049713218,0.130726906183556,9.399326086247687,0.9999999999932919,0.2347402312307439,1.0,302.58858905531514,10.0,0.021923026103751887,0.016563787415289546
1,adsorption,442.0,100.04889178493276,13.079633778614172,0.13073242037233587,9.432449030572785,0.9999999999939883,0.235584420436057,1.0,302.5878245909354,10.0,0.02192269588056601,0.016559162907723204
1,adsorption,444.0,100.04889209179554,13.080181245132263,0.13073789196117339,9.465562761518031,0.9999999999946125,0.23642841691607647,1.0,302.58705437695886,10.0,0.021922363177088528,0.01655457386328011
1,adsorption,446.0,100.04889239636044,13.080724571083822,0.13074332216754925,9.498667348991262,0.9999999999951718,0.23727222121053276,1.0,302.58627859050205,10.0,0.021922028069901053,0.016550019268479765
1,adsorption,448.0,100.0488926986931,13.08126387469725,0.13074871217308465,9.531762860903264,0.999999999995673,0.23811583384462864,1.0,302.5854974034736,10.0,0.02192169063333313,0.016545498139481512
1,adsorption,450.0,100.04889299885728,13.08179927074933,0.1307540631249038,9.564849363225488,0.9999999999961222,0.23895925532928775,1.0,302.5847109827254,10.0,0.02192135093952749,0.0165410095210829
1,adsorption,452.0,100.04889329691486,13.082330870657618,0.13075937613655772,9.5979269200502,0.9999999999965249,0.23980248616197256,1.0,302.5839194902096,10.0,0.02192100905850796,0.016536552486154012
1,adsorption,454.0,100.04889359292572,13.082858782556281,0.13076465228878198,9.630995593637586,0.9999999999968856,0.24064552682684529,1.0,302.5831230831014,10.0,0.021920665058232595,0.016532126134783994
1,adsorption,456.0,100.04889388694822,13.083383111417762,0.13076989263071243,9.664055444475114,0.999999999997209,0.24148837779518506,1.0,302.5823219139545,10.0,0.021920319004660873,0.016527729593388954
1,adsorption,458.0,100.04889417903888,13.083903959138393,0.13077509818074118,9.697106531330402,0.9999999999974988,0.24233103952584695,1.0,302.5815161308387,10.0,0.02191997096181308,0.016523362013991887
1,adsorption,460.0,100.0488944692526,13.084421424626314,0.130780269927395,9.730148911300683,0.9999999999977586,0.24317351246555802,1.0,302.58070587746937,10.0,0.021919620991826518,0.016519022573435217
1,adsorption,462.0,100.04889475764267,13.08493560389106,0.13078540883023107,9.763182639860869,0.9999999999979912,0.24401579704927268,1.0,302.57989129333265,10.0,0.02191926915500941,0.01651471047267293
1,adsorption,464.0,100.0488950442609,13.085446590125997,0.1307905158206604,9.79620777091102,0.9999999999981998,0.24485789370056557,1.0,302.5790725138098,10.0,0.0219189155098948,0.016510424936107757
1,adsorption,466.0,100.04889532915735,13.08595447379063,0.13079559180277106,9.829224356822781,0.9999999999983867,0.24569980283190512,1.0,302.5782496702981,10.0,0.021918560113292823,0.016506165210847693
1,adsorption,468.0,100.04889561238082,13.086459342693257,0.13080063765415353,9.862232448484308,0.9999999999985542,0.24654152484501204,1.0,302.5774228903281,10.0,0.02191820302034139,0.016501930566066872
1,adsorption,470.0,100.04889589397875,13.086961282066053,0.13080565422665164,9.895232095343697,0.9999999999987041,0.24738306013119926,1.0,302.5765922976774,10.0,0.02191784428455539,0.01649772029238219
1,adsorption,472.0,100.04889617399691,13.087460374641225,0.1308106423471237,9.92822334545114,0.9999999999988387,0.24822440907162663,1.0,302.57575801248015,10.0,0.021917483957874035,0.01649353370118359
1,adsorption,474.0,100.04889645247994,13.087956700725275,0.1308156028181844,9.961206245499882,0.9999999999989594,0.24906557203763308,1.0,302.5749201513344,10.0,0.02191712209070729,0.016489370124055963
1,adsorption,476.0,100.04889672947112,13.088450338268027,0.13082053641889485,9.994180840866035,0.9999999999990673,0.249906549391029,1.0,302.5740788274059,10.0,0.02191675873198077,0.01648522891219091
1,adsorption,478.0,100.04889700501245,13.088941362931536,0.13082544390545137,10.02714717564648,0.999999999999164,0.2507473414843396,1.0,302.5732341505268,10.0,0.021916393929178428,0.016481109435796722
1,adsorption,480.0,100.04889727914465,13.089429848159837,0.13083032601188246,10.060105292697822,0.9999999999992508,0.25158794866107276,1.0,302.57238622729767,10.0,0.02191602772838668,0.016477011083507423
1,adsorption,482.0,100.0488975519073,13.089915865239965,0.13083518345065887,10.093055233670091,0.9999999999993285,0.2524283712560823,1.0,302.5715351611752,10.0,0.02191566017433229,0.01647293326198363
1,adsorption,484.0,100.04889782333898,13.090399483371538,0.1308400169133884,10.125997039047842,0.9999999999993981,0.2532686095958026,1.0,302.5706810525795,10.0,0.021915291310428846,0.01646887539524771
1,adsorption,486.0,100.04889809347681,13.090880769722986,0.13084482707137893,10.158930748179934,0.9999999999994607,0.25410866399827486,1.0,302.56982399897197,10.0,0.02191492117881033,0.016464836924079098
1,adsorption,488.0,100.04889836235697,13.091359789495268,0.13084961457627448,10.191856399312162,0.9999999999995165,0.25494853477367957,1.0,302.5689640949402,10.0,0.02191454982036801,0.016460817305782593
1,adsorption,490.0,100.04889863001465,13.091836605967798,0.1308543800605142,10.22477402962098,0.9999999999995667,0.25578822222451414,1.0,302.5681014322862,10.0,0.021914177274788373,0.016456816013629638
1,adsorption,492.0,100.04889889648405,13.092311280566875,0.1308591241380166,10.257683675244587,0.9999999999996115,0.2566277266456169,1.0,302.5672361001074,10.0,0.021913803580588344,0.01645283253622458
1,adsorption,494.0,100.04889916179813,13.092783872921368,0.13086384740473594,10.29058537131515,0.999999999999652,0.2574670483245749,1.0,302.5663681848806,10.0,0.021913428775151584,0.016448866377174493
1,adsorption,496.0,100.04889942598912,13.093254440901521,0.13086855043905024,10.323479151983989,0.999999999999688,0.25830618754193296,1.0,302.5654977705282,10.0,0.02191305289475696,0.016444917054737242
1,adsorption,498.0,100.04889968908813,13.093723040680882,0.1308732338023799,10.356365050453443,0.9999999999997203,0.25914514457134863,1.0,302.56462493850074,10.0,0.02191267597461441,0.01644098410128309
1,adsorption,500.0,100.04889995112548,13.094189726786697,0.13087789803969152,10.389243099005181,0.9999999999997493,0.2599839196797853,1.0,302.5637497678509,10.0,0.02191229804889695,0.016437067062863325
1,adsorption,502.0,100.04890021213055,13.0946545521462,0.13088254367996063,10.422113329026738,0.9999999999997753,0.26082251312776217,1.0,302.56287233530287,10.0,0.0219119191507706,0.016433165498864886
1,adsorption,504.0,100.0489004721318,13.095117568131935,0.13088717123662466,10.454975771037263,0.9999999999997986,0.2616609251695068,1.0,302.5619927153195,10.0,0.021911539312423414,0.016429278981598565
1,adsorption,506.0,100.04890073115708,13.095578824609305,0.13089178120805778,10.487830454712972,0.9999999999998196,0.2624991560531343,1.0,302.5611109801687,10.0,0.02191115856509429,0.016425407095916028
1,adsorption,508.0,100.0489009892331,13.096038369979931,0.13089637407800492,10.520677408912013,0.9999999999998382,0.26333720602085714,1.0,302.5602271999881,10.0,0.021910776939100908,0.016421549438865094
1,adsorption,510.0,100.04890124638601,13.096496251224007,0.1309009503160044,10.553516661698549,0.999999999999855,0.2641750753091144,1.0,302.5593414428483,10.0,0.02191039446386698,0.0164177056192932
1,adsorption,512.0,100.04890150264121,13.096952513943883,0.1309055103778239,10.58634824036603,0.99999999999987,0.2650127641487979,1.0,302.558453774813,10.0,0.021910011167948457,0.01641387525755031
1,adsorption,514.0,100.04890175802316,13.09740720240204,0.13091005470584016,10.619172171459773,0.9999999999998835,0.26585027276537815,1.0,302.5575642599985,10.0,0.021909627079059062,0.01641005798512075
1,adsorption,516.0,100.04890201255576,13.097860359562327,0.13091458372945058,10.651988480798913,0.9999999999998956,0.2666876013790435,1.0,302.5566729606304,10.0,0.021909242224094932,0.016406253444279737
1,adsorption,518.0,100.0489022662622,13.09831202712753,0.13091909786544906,10.684797193497705,0.9999999999999065,0.2675247502049189,1.0,302.5557799370995,10.0,0.02190885662915878,0.01640246128783177
1,adsorption,520.0,100.04890251916487,13.098762245575031,0.13092359751838253,10.717598333986231,0.9999999999999162,0.2683617194531548,1.0,302.55488524801575,10.0,0.02190847031958326,0.01639868117875001
1,adsorption,522.0,100.0489027712857,13.099211054195365,0.13092808308093584,10.75039192603047,0.9999999999999248,0.26919850932909517,1.0,302.5539889502606,10.0,0.02190808331995346,0.016394912789897343
1,adsorption,524.0,100.04890302264572,13.09965849112477,0.13093255493425757,10.783177992751785,0.9999999999999325,0.27003512003343977,1.0,302.55309109903754,10.0,0.021907695654128964,0.016391155803754102
1,adsorption,526.0,100.04890327326562,13.1001045933796,0.13093701344830352,10.81595655664585,0.9999999999999395,0.27087155176234373,1.0,302.552191747922,10.0,0.021907307345265283,0.016387409912104783
1,adsorption,528.0,100.04890352316536,13.100549396890301,0.1309414589821766,10.848727639601005,0.9999999999999457,0.271707804707573,1.0,302.55129094890873,10.0,0.02190691841583447,0.01638367481578396
1,adsorption,530.0,100.04890377236423,13.100992936531856,0.1309458918844311,10.88149126291608,0.9999999999999515,0.2725438790566269,1.0,302.5503887524585,10.0,0.021906528887645164,0.01637995022440543
1,adsorption,532.0,100.04890402088105,13.101435246155432,0.13095031249338876,10.914247447317697,0.9999999999999565,0.2733797749928591,1.0,302.5494852075431,10.0,0.021906138781862237,0.016376235856100995
1,adsorption,534.0,100.04890426873403,13.101876358618416,0.1309547211374392,10.946996212977055,0.9999999999999611,0.274215492695609,1.0,302.5485803616893,10.0,0.021905748119025636,0.016372531437279295
1,adsorption,536.0,100.04890451594098,13.102316305813686,0.13095911813533218,10.979737579526246,0.9999999999999651,0.27505103234032346,1.0,302.54767426102114,10.0,0.02190535691906884,0.01636883670238562
1,adsorption,538.0,100.04890476251903,13.102755118697337,0.1309635037964551,11.012471566074078,0.9999999999999687,0.2758863940986545,1.0,302.5467669503015,10.0,0.021904965201336647,0.0163651513936524
1,adsorption,540.0,100.04890500848485,13.103192827316875,0.13096787842111446,11.045198191221427,0.9999999999999721,0.27672157813857035,1.0,302.5458584729717,10.0,0.021904572984602484,0.01636147526087046
1,adsorption,542.0,100.04890525385464,13.103629460837862,0.1309722423008023,11.077917473076143,0.9999999999999749,0.27755658462449034,1.0,302.5449488711908,10.0,0.02190418028708532,0.016357808061189968
1,adsorption,544.0,100.04890549864419,13.104065047568874,0.13097659571844544,11.11062942926752,0.9999999999999775,0.27839141371735765,1.0,302.5440381858731,10.0,0.021903787126465863,0.016354149558877946
1,adsorption,546.0,100.04890574286875,13.104499614987986,0.13098093894867055,11.143334076960352,0.9999999999999798,0.2792260655747553,1.0,302.54312645672474,10.0,0.021903393519902472,0.016350499525121135
1,adsorption,548.0,100.048905986543,13.104933189766337,0.13098527225803952,11.17603143286855,0.9999999999999818,0.2800605403510045,1.0,302.54221372227926,10.0,0.021902999484046424,0.016346857737822743
1,adsorption,550.0,100.04890622968148,13.105365797791979,0.13098959590528753,11.208721513268388,0.9999999999999838,0.28089483819726496,1.0,302.5413000199323,10.0,0.021902605035057043,0.016343223981409704
1,adsorption,552.0,100.04890647229804,13.105797464192863,0.13099391014155312,11.241404334011358,0.9999999999999856,0.28172895926162517,1.0,302.54038538597473,10.0,0.021902210188615927,0.016339598046638145
1,adsorption,554.0,100.0489067144063,13.106228213359186,0.13099821521060143,11.274079910536614,0.9999999999999871,0.28256290368917153,1.0,302.53946985562555,10.0,0.021901814959941236,0.01633597973039082
1,adsorption,556.0,100.0489069560194,13.106658068965498,0.1310025113490452,11.30674825788309,0.9999999999999885,0.2833966716221125,1.0,302.538553463063,10.0,0.021901419363801158,0.016332368835527446
1,adsorption,558.0,100.04890719715003,13.107087053990659,0.13100679878654412,11.339409390701242,0.9999999999999898,0.28423026319983363,1.0,302.5376362414556,10.0,0.02190102341452727,0.01632876517068438
1,adsorption,560.0,100.04890743781063,13.107515190739333,0.13101107774601967,11.372063323264442,0.9999999999999908,0.28506367855898945,1.0,302.53671822299145,10.0,0.021900627126027278,0.016325168550113067
1,adsorption,562.0,100.04890767801322,13.107942500861489,0.1310153484438501,11.40471006948005,0.9999999999999918,0.2858969178336016,1.0,302.53579943890753,10.0,0.021900230511797635,0.016321578793530307
1,adsorption,564.0,100.04890791776948,13.10836900537115,0.13101961109005772,11.437349642900175,0.9999999999999926,0.28672998115510656,1.0,302.5348799195174,10.0,0.021899833584935573,0.01631799572593276
1,adsorption,566.0,100.04890815709075,13.108794724665643,0.1310238658885013,11.469982056732082,0.9999999999999933,0.2875628686524441,1.0,302.5339596942384,10.0,0.02189943635815083,0.016314419177452674
1,adsorption,568.0,100.048908395988,13.109219678543777,0.131028113037058,11.502607323848299,0.9999999999999941,0.28839558045213065,1.0,302.533038791618,10.0,0.021899038843777054,0.016310848983207525
1,adsorption,570.0,100.04890863447189,13.109643886222505,0.13103235272778954,11.535225456796296,0.9999999999999947,0.289228116678339,1.0,302.5321172393592,10.0,0.02189864105378277,0.016307284983164687
1,adsorption,572.0,100.04890887255277,13.110067366354915,0.13103658514712202,11.567836467808357,0.9999999999999953,0.29006047745294733,1.0,302.5311950643459,10.0,0.02189824299978244,0.016303727021974763
1,adsorption,574.0,100.0489091102408,13.110490137046469,0.13104081047600852,11.600440368810187,0.9999999999999958,0.29089266289561916,1.0,302.53027229266587,10.0,0.021897844693046217,0.016300174948858746
1,adsorption,576.0,100.04890934754567,13.110912215872153,0.13104502889010033,11.633037171431331,0.9999999999999962,0.2917246731238971,1.0,302.5293489496371,10.0,0.021897446144511595,0.01629662861746821
1,adsorption,578.0,100.04890958447682,13.111333619890472,0.13104924055988684,11.665626887012756,0.9999999999999966,0.29255650825317775,1.0,302.52842505982846,10.0,0.0218970473647921,0.016293087885704535
1,adsorption,580.0,100.04890982104351,13.111754365660776,0.13105344565086857,11.698209526615155,0.9999999999999969,0.29338816839686693,1.0,302.5275006470806,10.0,0.02189664836418646,0.01628955261567609
1,adsorption,582.0,100.04891005725463,13.11217446925388,0.1310576443236635,11.730785101027521,0.9999999999999972,0.2942196536664215,1.0,302.5265757345288,10.0,0.02189624915268846,0.01628602267355354
1,adsorption,584.0,100.04891029311887,13.112593946269877,0.13106183673418512,11.763353620775026,0.9999999999999976,0.29505096417133164,1.0,302.5256503446233,10.0,0.021895849739995716,0.01628249792938836
1,adsorption,586.0,100.04891052864457,13.113012811853077,0.13106602303379153,11.795915096127239,0.9999999999999978,0.2958821000192643,1.0,302.52472449915035,10.0,0.021895450135518874,0.016278978257062607
1,adsorption,588.0,100.04891076384001,13.113431080700295,0.13107020336936834,11.828469537104517,0.999999999999998,0.2967130613161032,1.0,302.5237982192498,10.0,0.021895050348389015,0.016275463534187865
1,adsorption,590.0,100.04891099871307,13.113848767077627,0.1310743778834965,11.861016953486104,0.9999999999999981,0.2975438481659516,1.0,302.52287152543516,10.0,0.021894650387466564,0.01627195364193743
1,adsorption,592.0,100.04891123327138,13.114265884834078,0.1310785467145885,11.893557354817313,0.9999999999999983,0.2983744606712137,1.0,302.5219444376131,10.0,0.021894250261349554,0.016268448464964117
1,adsorption,594.0,100.04891146752249,13.114682447411713,0.13108270999698937,11.926090750416272,0.9999999999999984,0.29920489893267854,1.0,302.5210169751005,10.0,0.021893849978381032,0.01626494789132976
1,adsorption,596.0,100.04891170147361,13.115098467857543,0.1310868678610961,11.958617149380471,0.9999999999999986,0.3000351630495164,1.0,302.5200891566418,10.0,0.02189344954665667,0.01626145181236445
1,adsorption,598.0,100.04891193513177,13.11551395883719,0.13109102043349394,11.991136560593235,0.9999999999999988,0.3008652531193406,1.0,302.5191610004257,10.0,0.021893048974031833,0.016257960122582623
1,adsorption,600.0,100.04891216850382,13.115928932643044,0.13109516783703765,12.023648992729653,0.9999999999999989,0.301695169238268,1.0,302.51823252410077,10.0,0.021892648268128454,0.016254472719609926
1,evacuation,600.0,100.04891216850382,13.115928932643044,0.13109516783703765,12.023648992729653,0.9999999999999989,0.301695169238268,1.0,302.51823252410077,10.0,0.021892648268128454,0.016254472719609926
1,evacuation,602.0,5.004925650128974,2.6940213891662115,0.53827400794591,11.977180940842644,0.9490933240605625,0.2470072207509029,1.0,302.3510956090419,10.0,0.02182059577653729,-0.04182562097091183
1,evacuation,604.0,5.00724515319887,3.3986130525094382,0.6787390967542782,11.859713090825288,0.8825024818076421,0.20223240785597615,1.0,302.0992684400245,10.0,0.02171233144052433,-0.07440049270614811
1,evacuation,606.0,5.008856415971551,3.7463840550386256,0.7479519762420564,11.684600897146137,0.8155330220986312,0.1655738915890019,1.0,301.75858470034086,10.0,0.021566435767175936,-0.09951674040799809
1,evacuation,608.0,5.00996153148545,3.9607682829853434,0.790578581909985,11.466046839250025,0.7517772596682977,0.1355604370256379,1.0,301.3536832175487,10.0,0.021393889513933936,-0.1180365803677344
1,evacuation,610.0,5.010683000096125,4.107979925090879,0.8198443056589433,11.216066751171653,0.6924087141031814,0.11098749884719597,1.0,300.9046683378155,10.0,0.021203622401637107,-0.1311341711868939
1,evacuation,612.0,5.011111000735382,4.2160552275969385,0.8413414164999,10.944403082945986,0.6377426740702764,0.09086887875669658,1.0,300.4275400803357,10.0,0.021002681848715902,-0.13988685884280264
1,evacuation,614.0,5.011315188807646,4.299152482189621,0.8578890610974579,10.658800674235128,0.5877213220652023,0.07439714594266385,1.0,299.93483616266946,10.0,0.020796518767450804,-0.1452121328792666
1,evacuation,616.0,5.011350067475096,4.365265280865694,0.8710757025731145,10.365331034663122,0.542114869144393,0.06091123191593336,1.0,299.43625031803066,10.0,0.020589274089704318,-0.1478679105420932
1,evacuation,618.0,5.0112583636932415,4.419273967516534,0.8818691128628178,10.06869563916824,0.5006175886259429,0.04986990155269086,1.0,298.9391761428931,10.0,0.02038403575346105,-0.14846968006207378
1,evacuation,620.0,5.0110735022919775,4.464337024049767,0.8908943407052118,9.77248991937583,0.4628972709964445,0.040830024632067065,1.0,298.44916738249384,10.0,0.020183057966355854,-0.14751159017097193
1,evacuation,622.0,5.010821531819582,4.502592968299526,0.8985738046560393,9.479425037021608,0.4286213968423331,0.033428801539654246,1.0,297.9703184720127,10.0,0.019987942615496024,-0.14538697503100592
1,evacuation,624.0,5.010522658639771,4.535542957730741,0.9052035619298097,9.191510827695234,0.3974710375660661,0.02736919229642577,1.0,297.50557520014166,10.0,0.01979978664996009,-0.1424067366865946
1,evacuation,626.0,5.010192472354864,4.564272253795291,0.9109973876213217,8.91020439725452,0.3691477558917028,0.022408003091091772,1.0,297.05698505729976,10.0,0.019619299848825714,-0.13881508242732774
1,evacuation,628.0,5.009842925453275,4.589584941162107,0.9161135407747052,8.636529933670385,0.34337659137652876,0.01834612543945207,1.0,296.62589781800807,10.0,0.019446898071904428,-0.13480268315330238
1,evacuation,630.0,5.009504851329112,4.612724095943047,0.9207944163821317,8.370977923549985,0.31990318972843435,0.015020539185223123,1.0,296.21281278283953,10.0,0.01928265256831866,-0.1308362086871598
1,evacuation,632.0,5.009174590692689,4.633923445059176,0.9250872296743762,8.113239965092237,0.29848566089526,0.012297780330758424,1.0,295.81696994531393,10.0,0.019126139290121448,-0.1268756650533621
1,evacuation,634.0,5.008842967610319,4.653042813442714,0.9289656001459046,7.863551717765174,0.27892143389793406,0.010068568683175405,1.0,295.43848921708417,10.0,0.01897729144149908,-0.1227997289421559
1,evacuation,636.0,5.008513985964786,4.670389319064453,0.9324900224202527,7.622071482636286,0.2610300165519778,0.008243443466353553,1.0,295.0773746588929,10.0,0.018836001395102973,-0.11867768069273386
1,evacuation,638.0,5.0081905721173525,4.686209285784244,0.9357090586516994,7.388836555519094,0.24464903091798218,0.00674916029564158,1.0,294.7334461338885,10.0,0.018702095298900365,-0.11456191598798734
1,evacuation,640.0,5.007874818129707,4.700702617665544,0.9386621647665542,7.163793301600024,0.2296326354088955,0.0055257457610494425,1.0,294.40638820733017,10.0,0.01857535357328983,-0.1104915753604595
1,evacuation,642.0,5.007568172103595,4.7140333690025304,0.9413817659565172,6.946820603220392,0.21584997391096128,0.004524098808777799,1.0,294.0957880290839,10.0,0.018455526414568584,-0.10649541434780145
1,evacuation,644.0,5.0072715878085114,4.7263375735744955,0.9438947919425776,6.737748256289572,0.20318369645470571,0.0037040202793707936,1.0,293.8011648478069,10.0,0.018342345549404587,-0.10259408481679431
1,evacuation,646.0,5.0069856420575025,4.737729142745392,0.9462238323492644,6.536371335211949,0.1915285780496222,0.003032596262871551,1.0,293.5219928720552,10.0,0.01823553306475388,-0.09880194317449101
1,evacuation,648.0,5.006710626046094,4.74830433490064,0.9483880115217436,6.342461266332378,0.18079025272928728,0.00248288061180641,1.0,293.2577187226065,10.0,0.01813480791420236,-0.0951284728982127
1,evacuation,650.0,5.006446616912812,4.758145190099192,0.9504036603576664,6.155774426499455,0.17088406113047494,0.0020328112474640946,1.0,293.00777483596625,10.0,0.018039890712514658,-0.09157941117543461
1,evacuation,652.0,5.0061935332684895,4.767322201202408,0.9522848386745997,5.976058707138374,0.16173401111546437,0.00166432554616635,1.0,292.771589553389,10.0,0.01795050716439183,-0.08815763345494848
1,evacuation,654.0,5.005951178356307,4.775896398701897,0.9540437428457007,5.8030585190103565,0.1532718441177942,0.0013626348824402831,1.0,292.548594683219,10.0,0.01786639047507664,-0.08486384966678145
1,evacuation,656.0,5.005719273382961,4.783920994360317,0.9556910272211994,5.636518552932415,0.14543620018619235,0.0011156313984941474,1.0,292.33823105807016,10.0,0.017787282974423217,-0.08169714951334561
1,evacuation,658.0,5.005497483213641,4.791442694517855,0.9572360610681284,5.476186576549416,0.1381718729566408,0.0009134020058105703,1.0,292.13995254843775,10.0,0.017712937152662228,-0.07865542925337261
1,evacuation,660.0,5.005285436043179,4.7985027444775925,0.9586871329901507,5.321815474174958,0.13142914623436402,0.0007478305880587553,1.0,291.9532288727462,10.0,0.017643116252144226,-0.07573572441310544
1,evacuation,662.0,5.0050827383782615,4.805137774064102,0.9600516165734863,5.17316469985221,0.12516320373800643,0.000612272130247946,1.0,291.77754748218746,10.0,0.01757759453032757,-0.07293446842361728
1,evacuation,664.0,5.004888986336528,4.811380488569599,0.9613361058966119,5.030001271697756,0.119333604887509,0.0005012862125582334,1.0,291.6124147293417,10.0,0.017516157279021057,-0.07024769239221476
1,evacuation,666.0,5.004703774075514,4.817260219835906,0.9625465236902592,4.892100416140034,0.11390381898047129,0.00041041864429829805,1.0,291.4573564966988,10.0,0.017458600669554205,-0.06767117885768699
1,evacuation,668.0,5.004526700028973,4.822803402926401,0.9636882150910454,4.759245943424606,0.10884081125979406,0.00033602253396017984,1.0,291.31191841646915,10.0,0.017404731474682047,-0.0652005792956453
1,evacuation,670.0,5.004357371362922,4.82803394032471,0.9647660193000582,4.631230415554871,0.10411467573097534,0.00027511211801766464,1.0,291.1756657802965,10.0,0.01735436670435722,-0.06283150275289995
1,evacuation,672.0,5.004195407146781,4.832973541105377,0.9657843365195388,4.507855161612291,0.09969830867897926,0.00022524291993500378,1.0,291.048183226446,10.0,0.017307333187382135,-0.06055958223882897
1,evacuation,674.0,5.004040440465544,4.837641963547927,0.9667471758277524,4.388930179374894,0.09556711841342595,0.00018441344759510537,1.0,290.9290742661365,10.0,0.017263467120669652,-0.05838052372180604
1,evacuation,676.0,5.00389211978592,4.842057279211004,0.9676582075111085,4.27427395125216,0.09169876732416311,0.00015098506601951306,1.0,290.8179606934109,10.0,0.017222613601050533,-0.05629014114578918
1,evacuation,678.0,5.0037501096502135,4.846236003880148,0.9685207889446189,4.163713202328646,0.08807294288528524,0.00012361623019731862,1.0,290.7144819220199,10.0,0.017184626153988036,-0.05428438099105634
1,evacuation,680.0,5.003614091076914,4.850193362731047,0.9693380173703912,4.057082618143517,0.08467115252074758,0.00010120854434447844,1.0,290.61829427583064,10.0,0.01714936626718518,-0.05235933869413163
1,evacuation,682.0,5.003483761368017,4.8539432660934025,0.9701127249719047,3.954224535781232,0.08147654214273571,8.28626406317504e-05,1.0,290.5290702542932,10.0,0.017116702935222397,-0.05051126870995189
1,evacuation,684.0,5.0033588340560105,4.857498653446339,0.9708475475281017,3.8549886195091876,0.0784737341507549,6.784226665035283e-05,1.0,290.4464977896369,10.0,0.017086512219609856,-0.048736589613083844
1,evacuation,686.0,5.003239038258549,4.860871392218859,0.9715449042208378,3.7592315307701023,0.07564868178301681,5.554466418902551e-05,1.0,290.37027950967115,10.0,0.017058676827679566,-0.047031885755590565
1,evacuation,688.0,5.003124118243667,4.864072503308206,0.972207042709891,3.66681659725134,0.0729885401205594,4.547621966069337e-05,1.0,290.30013201332577,10.0,0.017033085711368235,-0.04539390626393637
1,evacuation,690.0,5.003013832737562,4.867112181535244,0.972836043283943,3.5776134861577265,0.07048155071041261,3.7232857971180143e-05,1.0,290.2357851666002,10.0,0.017009633687242832,-0.04381956181310636
1,evacuation,692.0,5.00290795425217,4.869999890192438,0.9734338378249058,3.4914978852790792,0.06811693777181019,3.048374501503985e-05,1.0,290.17698142250055,10.0,0.01698822107773728,-0.042305920170451795
1,evacuation,694.0,5.002806268381827,4.8727444230970605,0.9740022222913629,3.4083511946098892,0.06588481586822718,2.4958065141434785e-05,1.0,290.12347516970715,10.0,0.01696875337410237,-0.04085020067672892
1,evacuation,696.0,5.00270857308396,4.875353955638045,0.9745428670118583,3.3280602287105374,0.06377610637131077,2.0434030449452775e-05,1.0,290.075032108051,10.0,0.01695114091925157,-0.03944976818031918
1,evacuation,698.0,5.002614677978874,4.877836104149003,0.9750573286447309,3.250516932175966,0.06178246300700922,1.6730035226933252e-05,1.0,290.03142865520664,10.0,0.016935298611093587,-0.03810212647817089
1,evacuation,700.0,5.002524403656762,4.880197965599745,0.975547058207732,3.17561810887492,0.059896205171817346,1.3697441693081212e-05,1.0,289.99245138456814,10.0,0.016921145625418545,-0.036804911565752434
1,evacuation,702.0,5.002437581016956,4.882446161578411,0.976013409963598,3.1032651643464666,0.058110257651070356,1.1214574059664896e-05,1.0,289.95789649203147,10.0,0.01690860515668077,-0.03555588491434945
1,evacuation,704.0,5.0023540506246436,4.884586876431747,0.976457649138571,3.0333638612401645,0.05641809622937508,9.181794782112413e-06,1.0,289.9275692911265,10.0,0.016897604175730253,-0.03435292680945061
1,evacuation,706.0,5.002273662113308,4.88662588995443,0.9768809585459545,2.9658240878259785,0.05481369870179961,7.517491740313238e-06,1.0,289.90128373613686,10.0,0.016888073203689232,-0.03319402981869881
1,evacuation,708.0,5.00219627360248,4.888568609368753,0.9772844450679873,2.900559640236912,0.05329150105750253,6.154853979368726e-06,1.0,289.8788619742082,10.0,0.016879946101731352,-0.03207729243979101
1,evacuation,710.0,5.002121751158095,4.890420096849809,0.9776691452417319,2.837488017036972,0.05184635782651819,5.039205631364539e-06,1.0,289.8601339230975,10.0,0.01687315987500564,-0.031000913014303733
1,evacuation,712.0,5.002049968281403,4.892185094421529,0.978036030316262,2.7765302252313444,0.05047350604626745,4.125785186293514e-06,1.0,289.8449368725669,10.0,0.016867654489494368,-0.029963183928904135
1,evacuation,714.0,5.001980805432834,4.893868048378748,0.9783860112104665,2.7176105981361607,0.04916853284483701,3.3779539611083116e-06,1.0,289.83311511022174,10.0,0.016863372701657563,-0.028962486088519063
1,evacuation,716.0,5.001914149580391,4.895473130819034,0.978719942890206,2.660656622334039,0.04792734562397636,2.7656852682383203e-06,1.0,289.8245195659723,10.0,0.016860259898362647,-0.027997283677764596
1,evacuation,718.0,5.001849893783126,4.897004258980247,0.9790386283016624,2.605598776736415,0.04674614559469663,2.2643924626694655e-06,1.0,289.81900748123655,10.0,0.016858263948962653,-0.027066119199047067
1,evacuation,720.0,5.001787936799915,4.898465113269352,0.9793428220396189,2.552370381039393,0.04562140368932021,1.8539562744076032e-06,1.0,289.8164420971972,10.0,0.016857335067146192,-0.026167608803771877
1,evacuation,722.0,5.001728182725396,4.899859153796658,0.9796332337129865,2.5009074529302633,0.04454983858489064,1.5179132370570754e-06,1.0,289.8166923607675,10.0,0.016857425681788468,-0.025300437906740515
1,evacuation,724.0,5.001670540650584,4.901189635605813,0.9799105310459532,2.451148573496582,0.043528396642920575,1.2427827768064459e-06,1.0,289.8196326471473,10.0,0.016858490316142963,-0.024463357067361895
1,evacuation,726.0,5.001614924347062,4.9024596229923,0.9801753427933668,2.4030347606995703,0.04255423368990703,1.0175228545300784e-06,1.0,289.8251424986884,10.0,0.01686048547504337,-0.023655178122512988
1,evacuation,728.0,5.001561251972938,4.9036720025605325,0.9804282614006193,2.3565093505289227,0.04162469848062116,8.330916758387131e-07,1.0,289.8331063792702,10.0,0.01686336953961979,-0.02287477056134005
1,evacuation,730.0,5.001509445799165,4.904829494972308,0.9806698453987603,2.3115178852182487,0.04073731763273304,6.82088485016712e-07,1.0,289.84341344290215,10.0,0.016867102668879794,-0.022121058132644575
1,evacuation,732.0,5.001459431955219,4.9059346660582,0.9809006216692082,2.268008007948783,0.03988978185757384,5.584554647222609e-07,1.0,289.85595731539195,10.0,0.01687164670756659,-0.02139301567200835
1,evacuation,734.0,5.001411140192648,4.906989937285963,0.9811210875770857,2.2259293636376176,0.03907993336977227,4.572322705458303e-07,1.0,289.8706358882721,10.0,0.016876965099852367,-0.020689666133966465
1,evacuation,736.0,5.001364503664766,4.907997595130836,0.9813317128824512,2.1852335054825947,0.038305754384699096,3.743566262877229e-07,1.0,289.88735112433073,10.0,0.01688302280849442,-0.0200100778158675
1,evacuation,738.0,5.001319458721685,4.908959799749626,0.981532941509866,2.1458738069108114,0.03756535660752411,3.065024389317524e-07,1.0,289.90600887403804,10.0,0.016889786239075503,-0.01935336176201295
1,evacuation,740.0,5.0012759447199295,4.9098785933496245,0.981725193254574,2.107805378554581,0.03685697160982932,2.5094697898258983e-07,1.0,289.92651870211074,10.0,0.016897223168944254,-0.018718669337216335
1,evacuation,742.0,5.001233903845002,4.910755907758842,0.9819088653268947,2.0709849899063895,0.036178942003331056,2.0546129233909849e-07,1.0,289.9487937235167,10.0,0.016905302680503602,-0.018105189958615497
1,evacuation,744.0,5.001193280945922,4.911593571202283,0.9820843337359093,2.035370995351733,0.03552971334308372,1.6822028233740813e-07,1.0,289.97275044832446,10.0,0.016913995098541912,-0.017512148974747465
1,evacuation,746.0,5.001154023381466,4.912393314970878,0.9822519546497442,2.0009232643078914,0.03490782669809602,1.3772945900390683e-07,1.0,289.9983086348584,10.0,0.01692327193133056,-0.01693880568178708
1,evacuation,748.0,5.001116080876905,4.913156779703747,0.982412065676801,1.9676031152067381,0.03431191182501869,1.127652168540677e-07,1.0,290.0253911506364,10.0,0.016933105815225124,-0.016384451467788545
1,evacuation,750.0,5.001079405389992,4.913885520736825,0.9825649869587768,1.935373253069442,0.03374068089083149,9.232584325428582e-08,1.0,290.0539238405891,10.0,0.01694347046252271,-0.015848408076328147
1,evacuation,752.0,5.001043950986157,4.9145810132469485,0.9827110222212389,1.9041977104388799,0.033192922699065285,7.559123525913e-08,1.0,290.08383540209826,10.0,0.016954340612347515,-0.015330025981303093
1,evacuation,754.0,5.001009673722436,4.915244657558333,0.9828504598551867,1.8740417914561478,0.03266749737095872,6.188989889276966e-08,1.0,290.1150572664282,10.0,0.016965691984356317,-0.0148286828651065
1,evacuation,756.0,5.000976531538671,4.915877783599802,0.9829835738275925,1.8448720188839094,0.03216333143973518,5.06720133217508e-08,1.0,290.1475234861596,10.0,0.016977501235072842,-0.014343782192997477
1,evacuation,758.0,5.000944484155498,4.916481654662271,0.983110624450875,1.8166560838914474,0.03167941332988449,4.1487421065085315e-08,1.0,290.18117062826025,10.0,0.016989745916674074,-0.013874751877052794
1,evacuation,760.0,5.000913492979764,4.917057471737494,0.9832318592673145,1.7893627984276035,0.031214789187422758,3.396758104812734e-08,1.0,290.2159376724477,10.0,0.017002404438063154,-0.013421043023535957
1,evacuation,762.0,5.000883521016079,4.9176063776449785,0.9833475138900695,1.7629620500199497,0.030768559021347525,2.7810758828285897e-08,1.0,290.2517659145202,10.0,0.017015456028074496,-0.012982128757907014
1,evacuation,764.0,5.000854532783034,4.918129459739058,0.9834578125594989,1.7374247588505143,0.030339873136193535,2.276990157480911e-08,1.0,290.28859887436005,10.0,0.017028880700670986,-0.012557503122094917
1,evacuation,766.0,5.000826494235192,4.918627752915008,0.9835629687582762,1.7127228369689764,0.02992792884140327,1.8642728950080828e-08,1.0,290.32638220833735,10.0,0.017042659222004188,-0.012146680039056931
1,evacuation,768.0,5.000799372691159,4.919102243731236,0.9836631860486023,1.6888291495135166,0.029531967401002866,1.526362719738367e-08,1.0,290.36506362585106,10.0,0.01705677307921468,-0.0117491923400197
1,evacuation,770.0,5.000773136764893,4.919553872947304,0.9837586585921131,1.6657174778181247,0.029151271196970665,1.2497005702072226e-08,1.0,290.40459280976364,10.0,0.017071204450859485,-0.011364590850125086
1,evacuation,772.0,5.000747756300333,4.91998353671865,0.983849571400611,1.643362484293478,0.028785161111241245,1.023185120303006e-08,1.0,290.44492134051313,10.0,0.017085936178865203,-0.010992443528505022
1,evacuation,774.0,5.000723202312137,4.920392090136704,0.9839361010546853,1.6217396789762777,0.028432994106952957,8.377270049702897e-09,1.0,290.4860026236913,10.0,0.01710095174191,-0.010632334659091596
1,evacuation,776.0,5.000699446930406,4.920780351054697,0.9840184164787659,1.600825387649117,0.028094160961761594,6.858842295392558e-09,1.0,290.527791820882,10.0,0.017116235230140726,-0.010283864088738008
1,evacuation,778.0,5.000676463345451,4.921149099941325,0.9840966789219309,1.5805967214394967,0.027768084158924015,5.615637671316089e-09,1.0,290.57024578358414,10.0,0.01713177132114486,-0.009946646509480904
1,evacuation,780.0,5.000654225756874,4.921499080746363,0.9841710421402853,1.5610315478126635,0.02745421596060267,4.597770811511751e-09,1.0,290.61332299006045,10.0,0.017147545257103883,-0.009620310782001849
1,evacuation,782.0,5.000632709329885,4.921831006717042,0.9842416535679938,1.5421084628785975,0.02715203660525095,3.764398401650025e-09,1.0,290.65698348493635,10.0,0.017163542823050725,-0.0093044992975489
1,evacuation,784.0,5.000611890150792,4.922145562082381,0.9843086546622505,1.5238067649388072,0.026861052585190927,3.082079729843577e-09,1.0,290.7011888213902,10.0,0.0171797503261605,-0.0089988673757775
1,evacuation,786.0,5.000591745179826,4.922443397382876,0.9843721799780438,1.5061064292035236,0.026580795084832527,2.5234351876269785e-09,1.0,290.74590200582367,10.0,0.017196154576023116,-0.00870308269616101
1,evacuation,788.0,5.000572252216624,4.9227251366384674,0.9844323586078275,1.4889880836143399,0.02631081855208901,2.0660480460230683e-09,1.0,290.791087444876,10.0,0.01721274286583743,-0.00841682476078045
1,evacuation,790.0,5.000553389864677,4.922991380727581,0.9844893148637706,1.4724329857115896,0.026050699314431398,1.6915649201471917e-09,1.0,290.836710894633,10.0,0.0172295029544636,-0.008139784386455805
1,evacuation,792.0,5.000535137490731,4.923242702368009,0.9845431672815906,1.45642300048972,0.02580003429205602,1.384959066068219e-09,1.0,290.8827394119363,10.0,0.01724642304929048,-0.007871663224334222
1,evacuation,794.0,5.0005174751946075,4.923479650866897,0.9845940295759665,1.4409405791874947,0.02555843982632995,1.1339273199128957e-09,1.0,290.9291413076929,10.0,0.017263491789874078,-0.00761217330517938
1,evacuation,796.0,5.000500383779495,4.923702755258555,0.9846420112735009,1.4259687389632787,0.025325550568189147,9.283965032391606e-10,1.0,290.9758861020674,10.0,0.017280698232297484,-0.0073610366087264656
1,evacuation,798.0,5.000483844719227,4.923912521796616,0.9846872172172952,1.411491043408842,0.02510101843483935,7.601193003540989e-10,1.0,291.0229444814691,10.0,0.01729803183421351,-0.007117984655585732
1,evacuation,800.0,5.000467840130447,4.92410943528139,0.9847297478375413,1.3974915838579847,0.0248845116573698,6.223433033806073e-10,1.0,291.070288257251,10.0,0.01731548244053482,-0.006882758120282502
1,evacuation,802.0,5.000452352749309,4.924293964018198,0.9847697001473801,1.3839549614490447,0.024675713869004592,5.095400090948733e-10,1.0,291.11789032602456,10.0,0.017333040269730756,-0.006655106464115988
1,evacuation,804.0,5.000437365904069,4.924466558118698,0.9848071674083181,1.3708662699028933,0.024474323230839857,4.1718296564508215e-10,1.0,291.16572463151175,10.0,0.017350695900697967,-0.006434787586613101
1,evacuation,806.0,5.000422863488422,4.9246276470425645,0.9848422386435974,1.3582110789803976,0.024280051656138297,3.415661621040044e-10,1.0,291.21376612788055,10.0,0.017368440260181247,-0.006221567494439711
1,evacuation,808.0,5.0004088299429155,4.924777645338089,0.9848749997896293,1.345975418585495,0.02409262409258167,2.7965533293526816e-10,1.0,291.2619907444837,10.0,0.017386264610711306,-0.006015219986704718
1,evacuation,810.0,5.000395250233915,4.924916953980163,0.9849055339674959,1.3341457634820828,0.02391177780217043,2.2896619689159295e-10,1.0,291.3103753519157,10.0,0.01740416053902534,-0.005815526355663749
1,evacuation,812.0,5.000382109829463,4.925045956764582,0.9849339207664171,1.322709018594882,0.02373726168879979,1.8746476035876266e-10,1.0,291.35889772934445,10.0,0.017422119944951447,-0.005622275101902293
1,evacuation,814.0,5.000369394680964,4.9251650223608685,0.984960236657697,1.3116525048661833,0.02356883570504966,1.5348569837010205e-10,1.0,291.40753653307,10.0,0.017440135030737016,-0.005435261663138022
1,evacuation,816.0,5.000357091207403,4.92527450823702,0.9849845557825444,1.3009639456420379,0.02340627027966195,1.2566553528069356e-10,1.0,291.45627126623776,10.0,0.017458198290792266,-0.005254288155836064
1,evacuation,818.0,5.0003451862757125,4.925374758851906,0.985006949594285,1.2906314535630348,0.023249345753923976,1.0288793539116597e-10,1.0,291.505082249651,10.0,0.017476302501826527,-0.005079163128887216
1,evacuation,820.0,5.000333667181775,4.925466103511737,0.9850274864332734,1.2806435179362492,0.02309785188295538,8.423890632855074e-11,1.0,291.5539505936533,10.0,0.017494440713364885,-0.004909701328651075
1,evacuation,822.0,5.000322521637855,4.9255488611328735,0.9850462324817221,1.2709889925662896,0.022951587376092115,6.897012136846734e-11,1.0,291.6028581710262,10.0,0.017512606238623753,-0.004745723474708753
1,evacuation,824.0,5.000311737757607,4.92562334101583,0.9850632519213149,1.261657084024633,0.022810359429755393,5.6468891440250906e-11,1.0,291.6517875908447,10.0,0.01753079264572281,-0.004587056045712479
1,evacuation,826.0,5.00030130403846,4.925689839634027,0.9850786062943502,1.2526373403376494,0.0226739832927889,4.6233580914604643e-11,1.0,291.7007221732626,10.0,0.017548993749221687,-0.004433531074762641
1,evacuation,828.0,5.000291209348847,4.925748642497328,0.9850923548788217,1.243919640074797,0.022542281885887975,3.785347896679379e-11,1.0,291.7496459251955,10.0,0.017567203601969422,-0.004284985953778846
1,evacuation,830.0,5.000281442917291,4.925800027458356,0.9851045553516924,1.235494181819493,0.022415085425213515,3.099231863768111e-11,1.0,291.7985435168504,10.0,0.01758541648724612,-0.004141263246363548
1,evacuation,832.0,5.0002719943177265,4.925844262693507,0.9851152633879119,1.227351474006157,0.02229223104752641,2.537478310463028e-11,1.0,291.8474002590641,10.0,0.01760362691118311,-0.0040022105086910936
1,evacuation,834.0,5.0002628534554905,4.925881604704829,0.985124532263487,1.2194823251078244,0.02217356248848569,2.0775458135108547e-11,1.0,291.89620208143697,10.0,0.017621829595455538,-0.0038676801179864935
1,evacuation,836.0,5.000254010558996,4.925912302909665,0.9851324137749112,1.2118778341595546,0.02205892978438315,1.7009787148627e-11,1.0,291.9449355112188,10.0,0.017640019470231586,-0.003737529108182976
1,evacuation,838.0,5.000245456168626,4.925936599856236,0.9851389582843941,1.2045293816036569,0.021948188956599505,1.3926665602396198e-11,1.0,291.99358765290555,10.0,0.017658191667362377,-0.003611619012373603
1,evacuation,840.0,5.000237181123115,4.925954727898825,0.9851442140575409,1.1974286204435303,0.021841201722584448,1.1402377543338067e-11,1.0,292.04214616853295,10.0,0.01767634151380742,-0.0034898157116991595
1,evacuation,842.0,5.000229176550845,4.9259669115018045,0.9851482277257807,1.1905674676935751,0.021737835248101987,9.335631202217335e-12,1.0,292.09059925864426,10.0,0.01769446452528725,-0.0033719892903354195
1,evacuation,844.0,5.000221433861876,4.925973369694686,0.9851510447788618,1.1839380961132888,0.02163796189490197,7.643494494075818e-12,1.0,292.13893564389303,10.0,0.017712556400148568,-0.003258013896262528
1,evacuation,846.0,5.000213944736542,4.925974313889151,0.9851527091304686,1.1775329262142913,0.021541458967201648,6.258067260597099e-12,1.0,292.18714454725625,10.0,0.017730613013432768,-0.003147767607520497
1,evacuation,848.0,5.000206701115301,4.925969946666024,0.985153262877569,1.1713446185295915,0.021448208498654586,5.123756656901012e-12,1.0,292.2352156768503,10.0,0.017748630411145522,-0.0030411323036737908
1,evacuation,850.0,5.000199695193078,4.925960465988566,0.985152747144103,1.1653660661349299,0.02135809704836498,4.195046362819422e-12,1.0,292.28313920931623,10.0,0.017766604804714814,-0.002937993542222897
1,evacuation,852.0,5.000192919409925,4.925946063927573,0.9851512018278058,1.1595903874125533,0.02127101548524234,3.4346701427239247e-12,1.0,292.3309057737471,10.0,0.017784532565627845,-0.002838240439717439
1,evacuation,854.0,5.000186366441238,4.925926924779422,0.9851486652257188,1.1540109190482617,0.02118685879648025,2.8121164747361095e-12,1.0,292.3785064361489,10.0,0.0178024102202437,-0.0027417655573414644
1,evacuation,856.0,5.000180029191393,4.925903226978389,0.9851451744178469,1.1486212092529946,0.02110552592294297,2.3024042283699956e-12,1.0,292.4259326844177,10.0,0.01782023444477581,-0.002648464790754303
1,evacuation,858.0,5.000173900787847,4.925875145208624,0.9851407656906662,1.1434150112006418,0.02102691958135597,1.8850802503778943e-12,1.0,292.473176413801,10.0,0.017838002060432626,-0.0025582372639826006
1,evacuation,860.0,5.0001679745719105,4.92584284785946,0.9851354740299872,1.1383862766741848,0.02095094608695677,1.5433986389203364e-12,1.0,292.52022991283013,10.0,0.017855710028711964,-0.002470985227172568
1,evacuation,862.0,5.000162244090951,4.925806496073513,0.9851293329320846,1.1335291499126288,0.02087751521572584,1.2636487808336293e-12,1.0,292.56708584972114,10.0,0.01787335544684859,-0.0023866139580231032
1,evacuation,864.0,5.000156703095199,4.92576624847423,0.9851223753497724,1.1288379616515234,0.020806540063529434,1.0346051893869145e-12,1.0,292.61373725921334,10.0,0.01789093554340378,-0.002305031666729042
1,evacuation,866.0,5.000151345529696,4.92572225882815,0.9851146332264346,1.1243072233502196,0.020737936888585193,8.470770624976566e-13,1.0,292.6601775298256,10.0,0.01790844767399016,-0.0022261494042747913
1,evacuation,868.0,5.00014616552617,4.925674673973384,0.9851061370833046,1.119931621599321,0.02067162498387695,6.935394844661602e-13,1.0,292.7064003915325,10.0,0.01792588931713284,-0.002149880973928825
1,evacuation,870.0,5.000141157399665,4.925623637225994,0.9850969167013628,1.1157060127020633,0.020607526566420255,5.678314736406434e-13,1.0,292.7523999038406,10.0,0.017943258070260235,-0.0020761428457965665
1,evacuation,872.0,5.000136315643175,4.925569288882847,0.9850870012229382,1.1116254174236357,0.020545566647191635,4.649087611936996e-13,1.0,292.79817044424044,10.0,0.01796055164581568,-0.002004854074297291
1,evacuation,874.0,5.000131634919735,4.925511763295114,0.9850764185679647,1.1076850159027367,0.020485672910252405,3.8064138083535317e-13,1.0,292.8437066970306,10.0,0.017977767867489128,-0.0019359362184393945
1,evacuation,876.0,5.000127110057757,4.925451189992336,0.9850651956596844,1.1038801427198806,0.020427775620406347,3.116479465478833e-13,1.0,292.88900364250804,10.0,0.017994904666567342,-0.0018693132647749472
1,evacuation,878.0,5.000122736048231,4.925387696845077,0.9850533590576979,1.1002062821145213,0.020371807517152913,2.551599036027462e-13,1.0,292.93405654649274,10.0,0.01801196007839098,-0.0018049115528715005
1,evacuation,880.0,5.00011850803761,4.925321407261921,0.9850409343987641,1.0966590633614837,0.020317703699809397,2.0891069428219226e-13,1.0,292.9788609502112,10.0,0.018028932238928378,-0.0017426597034755841
1,evacuation,882.0,5.000114421321673,4.925252439174804,0.9850279461950631,1.0932342560304802,0.020265401538063575,1.7103999927643108e-13,1.0,293.02341265994806,10.0,0.018045819381242993,-0.0016824885443502346
1,evacuation,884.0,5.0001104713432944,4.925180907237228,0.9850144182742554,1.0899277661177986,0.020214840612989705,1.4002982266972507e-13,1.0,293.06770773862115,10.0,0.018062619832671264,-0.0016243310516885297
1,evacuation,886.0,5.000106653688879,4.925106924758814,0.9850003741670726,1.0867356317458488,0.020165962614808748,1.1464047805704477e-13,1.0,293.1117424964129,10.0,0.018079332011626436,-0.001568122283490535
1,evacuation,888.0,5.0001029640820285,4.9250306011966005,0.9849858366068245,1.0836540188382522,0.020118711234380145,9.385527812989325e-14,1.0,293.15551348136063,10.0,0.0180959544243691,-0.0015137993122460863
1,evacuation,890.0,5.000099398377432,4.924952039806428,0.9849708270608799,1.0806792170977306,0.02007303210663265,7.683927419056663e-14,1.0,293.19901747063574,10.0,0.01811248566202207,-0.0014613011628515351
1,evacuation,892.0,5.00009595255931,4.924871341171365,0.98495536643663,1.0778076362355968,0.020028872767637672,6.290823059806394e-14,1.0,293.2422514623878,10.0,0.018128924397783967,-0.0014105687548409324
1,evacuation,894.0,5.000092622739999,4.924788606659636,0.9849394757733314,1.0750358022987352,0.019986182555436847,5.1502599101563696e-14,1.0,293.28521266779376,10.0,0.01814526938420526,-0.00136154484613407
1,evacuation,896.0,5.000089405152933,4.9247039340187495,0.9849231753623257,1.0723603540481887,0.019944912502336404,4.2164766902895205e-14,1.0,293.32789850322746,10.0,0.018161519450494944,-0.0013141739774610152
1,evacuation,898.0,5.000086296145611,4.92461741279884,0.9849064838330995,1.0697780394265834,0.019905015309060137,3.452003101401874e-14,1.0,293.37030658266127,10.0,0.018177673499901063,-0.0012684024181351871
1,evacuation,900.0,5.000083292180744,4.9245291313240935,0.9848894195473097,1.0672857121450259,0.019866445329350713,2.826140640672226e-14,1.0,293.41243471034085,10.0,0.018193730507180775,-0.0012241781137302859
1,evacuation,902.0,5.000080389835014,4.924439179633366,0.9848720011871362,1.064880328385827,0.019829158474621553,2.313749806233741e-14,1.0,293.4542808736959,10.0,0.018209689516146765,-0.0011814506355951233
1,evacuation,904.0,5.0000775857924085,4.924347644919468,0.984854246844464,1.0625589436052194,0.01979311210034452,1.8942547397766635e-14,1.0,293.4958432364726,10.0,0.01822554963728473,-0.0011401711319195596
1,evacuation,906.0,5.0000748768362735,4.924254604969036,0.984836172710435,1.0603187094279292,0.019758264995389647,1.5508151306886693e-14,1.0,293.5371201321089,10.0,0.018241310045450727,-0.0011002922802052758
1,evacuation,908.0,5.000072259853427,4.92416013928273,0.9848177952986379,1.0581568706332192,0.0197245773695836,1.269643747445322e-14,1.0,293.57811005731736,10.0,0.01825696997763528,-0.001061768241134862
1,evacuation,910.0,5.00006973183066,4.924064326985584,0.9847991310278691,1.0560707622325842,0.019692010771259507,1.0394510160643237e-14,1.0,293.6188116658522,10.0,0.018272528730785886,-0.0010245546138445524
1,evacuation,912.0,5.000067289847625,4.923967242337833,0.984780195325709,1.0540578066366844,0.019660528018301367,8.509934397575078e-15,1.0,293.65922376248375,10.0,0.018287985659697185,-0.0009886083925602987
1,evacuation,914.0,5.000064931075632,4.923868956812871,0.9847610030443407,1.0521155109078837,0.01963009316880186,6.9670389295805255e-15,1.0,293.6993452971797,10.0,0.018303340174968916,-0.0009538879245343263
1,evacuation,916.0,5.000062652776087,4.9237695406966395,0.9847415687807255,1.0502414640953095,0.01960067148764256,5.70387713495541e-15,1.0,293.739175359472,10.0,0.01831859174102424,-0.0009203528692292293
1,evacuation,918.0,5.000060452296932,4.923669062082935,0.9847219066763676,1.0484333346515617,0.019572229398578715,4.66973503557331e-15,1.0,293.7787131730032,10.0,0.018333739874186447,-0.0008879641587378142
1,evacuation,920.0,5.000058327069688,4.92356758651886,0.9847020303469829,1.04668886792047,0.01954473443972655,3.823088102654585e-15,1.0,293.8179580902363,10.0,0.01834878414080788,-0.0008566839592486577
1,evacuation,922.0,5.000056274607459,4.923465177548049,0.9846819529915346,1.0450058838350333,0.019518155228339013,3.1300202112986484e-15,1.0,293.8569095876195,10.0,0.018363724155564247,-0.000826475636121677
1,evacuation,924.0,5.000054292502222,4.923361896870772,0.984661687424784,1.043382274325461,0.019492461420628642,2.5626854180852065e-15,1.0,293.8955672601542,10.0,0.0183785595795103,-0.0007973037133833066
1,evacuation,926.0,5.000052378422238,4.923257804156619,0.9846412460403363,1.0418160010288398,0.019467623675399403,2.098212360418516e-15,1.0,293.93393081660815,10.0,0.01839329011837401,-0.0007691338385121721
1,evacuation,928.0,5.000050530109931,4.9231529571017365,0.984620640822503,1.0403050932094176,0.019443613621787165,1.717901541128242e-15,1.0,293.97200007518245,10.0,0.018407915521016446,-0.0007419327508644196
1,evacuation,930.0,5.000048745379763,4.923047411598123,0.9845998833805786,1.0388476456694888,0.019420403827274193,1.4065059007678875e-15,1.0,294.0097749591685,10.0,0.018422435577879745,-0.000715668249697445
1,evacuation,932.0,5.000047022115976,4.922941221751076,0.9845789849527716,1.037441816613634,0.019397967764703372,1.1515611822469172e-15,1.0,294.04725549251646,10.0,0.018436850119393246,-0.0006903091611025525
1,evacuation,934.0,5.000045358270334,4.92283443987841,0.9845579564064929,1.036085825570637,0.019376279780541163,9.428402057381929e-16,1.0,294.0844417955343,10.0,0.01845115901442218,-0.0006658253057698483
1,evacuation,936.0,5.000043751860103,4.922727116590098,0.9845368082546792,1.0347779514335282,0.019355315065543468,7.719518116870096e-16,1.0,294.12133408084554,10.0,0.01846536216880827,-0.0006421874687087651
1,evacuation,938.0,5.000042200966095,4.9226193008528245,0.98451555066909,1.033516530587234,0.01933504962681427,6.320308333555419e-16,1.0,294.1579326495385,10.0,0.01847945952397731,-0.0006193673703704845
1,evacuation,940.0,5.000040703730705,4.922511040013563,0.9844941934854063,1.032299955077746,0.019315460260443378,5.174679851603633e-16,1.0,294.19423788741193,10.0,0.018493451055576985,-0.0005973376383272594
1,evacuation,942.0,5.0000392583560265,4.922402379839539,0.9844727462115941,1.0311266708167661,0.019296524524916762,4.236726619828646e-16,1.0,294.2302502613018,10.0,0.018507336772139667,-0.0005760717794011166
1,evacuation,944.0,5.000037863102027,4.922293364573726,0.9844512180393634,1.029995175840689,0.019278220715586228,3.468809819475938e-16,1.0,294.2659703155311,10.0,0.01852111671378628,-0.000555544152595689
1,evacuation,946.0,5.000036516284742,4.922184036975726,0.9844296178526984,1.0289040186330298,0.01926052784017068,2.840080688595291e-16,1.0,294.3013986684985,10.0,0.018534790950978052,-0.0005357299430061761
1,evacuation,948.0,5.000035216274573,4.922074438355923,0.984407954235023,1.0278517965027911,0.019243425595168805,2.325297287476026e-16,1.0,294.3365360093929,10.0,0.018548359583310903,-0.0005166051365748056
1,evacuation,950.0,5.000033961494619,4.921964608616849,0.9843862354778021,1.0268371540093355,0.019226894343086158,1.9038161428959948e-16,1.0,294.37138309501074,10.0,0.01856182273834433,-0.0004981464955227931
1,evacuation,952.0,5.000032750419042,4.921854586294488,0.9843644695891238,1.0258587814320217,0.019210915090419802,1.5587367605523304e-16,1.0,294.40594074667416,10.0,0.018575180570463957,-0.00048033153443184895
1,evacuation,954.0,5.0000315815714895,4.9217444085941,0.9843426643011756,1.0249154132870941,0.01919546946640808,1.2762101273904044e-16,1.0,294.4402098472537,10.0,0.018588433259779574,-0.00046313849702687987
1,evacuation,956.0,5.000030453523565,4.921634111425682,0.9843208270776357,1.024005826892227,0.01918053970255669,1.0448920156581397e-16,1.0,294.47419133829686,10.0,0.01860158101105935,-0.00044654633367315316
1,evacuation,958.0,5.000029364893353,4.921523729440599,0.9842989651212921,1.0231288409761463,0.0191661086128944,8.554984921026798e-17,1.0,294.50788621725627,10.0,0.018614624052698165,-0.0004305346795455442
1,evacuation,960.0,5.000028314343962,4.9214132960664445,0.984277085381299,1.0222833143306136,0.019152159574896657,7.004329200320141e-17,1.0,294.5412955348117,10.0,0.018627562635717795,-0.0004150838334248424
1,evacuation,962.0,5.000027300582129,4.921302843540147,0.9842551945600743,1.021468144503543,0.019138676511052832,5.734752555890998e-17,1.0,294.57442039228334,10.0,0.018640397032798524,-0.0004001747371034907
1,evacuation,964.0,5.000026322356878,4.921192402940915,0.9842332991201528,1.0206822665327628,0.019125643871069388,4.695303318254096e-17,1.0,294.607261939134,10.0,0.01865312753734109,-0.0003857889553968736
1,evacuation,966.0,5.000025378458174,4.921082004222618,0.984211405290927,1.019924651719523,0.019113046614685974,3.844256654865269e-17,1.0,294.63982137055956,10.0,0.018665754462559307,-0.00037190865674859984
1,evacuation,968.0,5.000024467715668,4.92097167624493,0.9841895190751228,1.019194306440331,0.019100870195073498,3.147460679126587e-17,1.0,294.6720999251636,10.0,0.018678278140601613,-0.0003585165944084225
1,evacuation,970.0,5.000023588997452,4.920861446803644,0.9841676462551088,1.018490270995746,0.019089100542789922,2.5769622794713573e-17,1.0,294.70409888271274,10.0,0.018690698921700614,-0.0003455960881621223
1,evacuation,972.0,5.0000227412088405,4.920751342660463,0.9841457923990936,1.0178116184950554,0.019077724050274303,2.1098731065645586e-17,1.0,294.7358195619711,10.0,0.018703017173350156,-0.0003331310065981672
1,evacuation,974.0,5.000021923291217,4.920641389572028,0.9841239628671593,1.0171574537759134,0.01906672755685976,1.7274481520633012e-17,1.0,294.767263318611,10.0,0.018715233279508917,-0.000321105749898597
1,evacuation,976.0,5.000021134220897,4.920531612318104,0.984102162817122,1.0165269123579506,0.019056098334286183,1.4143389158911643e-17,1.0,294.7984315431983,10.0,0.018727347639830014,-0.00030950523314033165
1,evacuation,978.0,5.000020373008021,4.920422034729086,0.984080397210252,1.015919159429301,0.019045824072693927,1.1579812593989114e-17,1.0,294.8293256592491,10.0,0.018739360668915763,-0.00029831487009163404
1,evacuation,980.0,5.000019638695498,4.920312679712899,0.984058670816862,1.0153333888650287,0.019035892867080295,9.48089918297308e-18,1.0,294.8599471213559,10.0,0.01875127279559666,-0.0002875205574891102
1,evacuation,982.0,5.000018930357964,4.920203569281199,0.9840369882217526,1.0147688222765092,0.01902629320420159,7.762432665891197e-18,1.0,294.89029741338175,10.0,0.018763084462234424,-0.00027710865978186416
1,evacuation,984.0,5.000018247100774,4.920094724574877,0.9840153538295104,1.0142247080908715,0.019017013949905168,6.355450704714642e-18,1.0,294.92037804671867,10.0,0.018774796124047706,-0.00026706599433019715
1,evacuation,986.0,5.000017588059031,4.919986165888979,0.9839937718696864,1.0137003206596111,0.019008044336876254,5.2034897557007065e-18,1.0,294.95019055860996,10.0,0.01878640824846035,-0.0002573798170462667
1,evacuation,988.0,5.00001695239665,4.9198779126970145,0.9839722464018402,1.0131949593954925,0.01899937395278453,4.260325911939243e-18,1.0,294.9797365105336,10.0,0.018797921314471534,-0.00024803780846411304
1,evacuation,990.0,5.000016339305425,4.919769983674636,0.9839507813204593,1.0127079479368881,0.018990992728816165,3.488116295760577e-18,1.0,295.00901748664455,10.0,0.01880933581204667,-0.00023902806022693088
1,evacuation,992.0,5.000015748004145,4.919662396722721,0.9839293803597521,1.0122386333387303,0.018982890928577814,2.8558755397559657e-18,1.0,295.03803509227464,10.0,0.018820652241528985,-0.00023033906197982327
1,evacuation,994.0,5.000015177737744,4.919555168989932,0.9839080470983258,1.0117863852892846,0.018975059137359793,2.3382324319831346e-18,1.0,295.0667909524882,10.0,0.018831871113071136,-0.00022195968865680086
1,evacuation,996.0,5.000014627776446,4.919448316894672,0.9838867849637468,1.0113505953519648,0.018967488251745882,1.914414499954576e-18,1.0,295.095286710691,10.0,0.018842992946085747,-0.0002138791881509483
1,evacuation,998.0,5.000014097414964,4.919341856146497,0.9838655972369807,1.0109306762314352,0.018960169469557725,1.5674155510325708e-18,1.0,295.1235240272916,10.0,0.018854018268715043,-0.00020608716935688776
1,evacuation,1000.0,5.00001358597171,4.9192358017670115,0.9838444870567287,1.010526061063262,0.018953094280122717,1.2833122938755362e-18,1.0,295.1515045784126,10.0,0.01886494761731841,-0.00019857359057513153
1,evacuation,1002.0,5.00001309278804,4.919130168110247,0.98382345742365,1.0101362027264036,0.018946254454853984,1.0507046773298057e-18,1.0,295.1792300546516,10.0,0.01887578153597795,-0.00019132874826797815
1,evacuation,1004.0,5.000012617227502,4.919024968882496,0.9838025112044789,1.0097605731778445,0.018939642038132233,8.602585699999994e-19,1.0,295.20670215988804,10.0,0.01888652057602067,-0.00018434326615711448
1,evacuation,1006.0,5.000012158675132,4.918920217161685,0.9837816511360377,1.0093986628087026,0.0189332493384792,7.043317734776986e-19,1.0,295.23392261013674,10.0,0.018897165295557794,-0.00017760808465326413
1,evacuation,1008.0,5.000011716536753,4.918815925416245,0.9837608798291482,1.009049979821151,0.018927068920013026,5.766675240335351e-19,1.0,295.2608931324451,10.0,0.01890771625903988,-0.00017111445060835728
1,evacuation,1010.0,5.000011290238287,4.918712105523489,0.983740199772444,1.0087140496255222,0.018921093594176142,4.721431939162535e-19,1.0,295.287615463833,10.0,0.018918174036827697,-0.00016485390738118507
1,evacuation,1012.0,5.000010879225132,4.918608768787566,0.9837196133360852,1.0083904142569748,0.018915316411726668,3.865645573041139e-19,1.0,295.31409135027434,10.0,0.018928539204778258,-0.00015881828520747748
1,evacuation,1014.0,5.000010482961511,4.918505925956935,0.9836991227753786,1.0080786318111201,0.018909730654984802,3.1649754129018616e-19,1.0,295.3403225457184,10.0,0.018938812343845684,-0.00015299969186582469
1,evacuation,1016.0,5.000010100929854,4.918403587241367,0.9836787302343027,1.0077782758980327,0.01890432983032569,2.5913054334422563e-19,1.0,295.3663108111496,10.0,0.018948994039696118,-0.0001473905036309321
1,evacuation,1018.0,5.0000097326302155,4.918301762328567,0.9836584377489469,1.0074889351140703,0.018899107660910904,2.1216162967595994e-19,1.0,295.3920579136853,10.0,0.01895908488233675,-0.0001419833565059718
1,evacuation,1020.0,5.000009377579686,4.918200460400338,0.9836382472508585,1.007210212530959,0.018894058079650607,1.7370611199157065e-19,1.0,295.4175656257087,10.0,0.018969085465757946,-0.000136771137726039
1,evacuation,1022.0,5.000009035311855,4.918099690148337,0.9836181605703022,1.0069417252016044,0.01888917522238914,1.4222088895579694e-19,1.0,295.44283572403805,10.0,0.018978996387588893,-0.00013174697752488322
1,evacuation,1024.0,5.0000087053762385,4.917999459789411,0.9835981794394384,1.0066831036821153,0.01888445342130673,1.1644254207466566e-19,1.0,295.4678699891285,10.0,0.018988818248765266,-0.00012690424115734193
1,evacuation,1026.0,5.000008387337784,4.917899777080553,0.9835783054954134,1.0064339915695315,0.01887988719853054,9.533666193562724e-20,1.0,295.4926702043071,10.0,0.01899855165320963,-0.0001222365211700584
1,evacuation,1028.0,5.000008080776348,4.917800649333474,0.983558540283377,1.0061940450547664,0.01887547125994823,7.805634165229252e-20,1.0,295.5172381550394,10.0,0.019008197207523395,-0.0001177376299132853
1,evacuation,1030.0,5.000007785286201,4.917702083428763,0.9835388852594104,1.0059629324902946,0.018871200489217616,6.390818122246168e-20,1.0,295.5415756282264,10.0,0.019017755520690353,-0.00011340159228680499
1,evacuation,1032.0,5.000007500475567,4.917604085829713,0.9835193417933841,1.0057403339721152,0.01886706994196618,5.2324458188227086e-20,1.0,295.56568441153115,10.0,0.01902722720379155,-0.00010922263871307621
1,evacuation,1034.0,5.000007225966146,4.91750666259577,0.9834999111717412,1.005525940935549,0.018863074840174594,4.284035087189309e-20,1.0,295.5895662927336,10.0,0.01903661286973054,-0.00010519519833104227
1,evacuation,1036.0,5.00000696139268,4.917409819395601,0.9834805946001978,1.0053194557644345,0.01885921056673819,3.507529106642769e-20,1.0,295.613223059113,10.0,0.01904591313296941,-0.00010131389240409274
1,evacuation,1038.0,5.000006706402505,4.917313561519851,0.9834613932063798,1.0051205914132952,0.01885547266020106,2.8717692645293155e-20,1.0,295.6366564968574,10.0,0.019055128609274913,-9.75735279358886e-05
1,evacuation,1040.0,5.000006460655143,4.91721789389355,0.9834423080423891,1.0049290710420755,0.018851856809657126,2.3512446030810517e-20,1.0,295.65986839049793,10.0,0.019064259915474266,-9.396909148796565e-05
1,evacuation,1042.0,5.000006223821893,4.917122821088178,0.9834233400872928,1.0047446276630443,0.018848358849813007,1.9250680616157648e-20,1.0,295.68286052236846,10.0,0.019073307669220538,-9.049574319313843e-05
1,evacuation,1044.0,5.000005995585441,4.917028347333409,0.9834044902495531,1.0045670037994785,0.018844974756207635,1.5761384464049732e-20,1.0,295.70563467208916,10.0,0.019082272488767277,-8.714881095888515e-05
1,evacuation,1046.0,5.000005775639476,4.916934476528553,0.9833857593693882,1.004395951155758,0.018841700640583835,1.2904542986106545e-20,1.0,295.728192616073,10.0,0.019091154992751953,-8.392378485514588e-05
1,evacuation,1048.0,5.000005563688321,4.916841212253654,0.9833671482210673,1.0042312302985028,0.018838532746406962,1.0565520397861084e-20,1.0,295.75053612705466,10.0,0.019099955799988116,-8.08163116809746e-05
1,evacuation,1050.0,5.000005359446576,4.916748557780324,0.9833486575151458,1.0040726103484023,0.01883546744452615,8.650459211370565e-21,1.0,295.77266697364087,10.0,0.01910867552926581,-7.782218970475227e-05
1,evacuation,1052.0,5.000005162638777,4.916656516082257,0.9833302879006363,1.0039198686823971,0.01883250122897354,7.082513918552411e-21,1.0,295.7945869198818,10.0,0.01911731479916021,-7.493736357275734e-05
1,evacuation,1054.0,5.00000497299906,4.916565089845461,0.9833120399671222,1.003772790645877,0.018829630712897425,5.798767659982418e-21,1.0,295.81629772486195,10.0,0.019125874227847887,-7.21579193810479e-05
1,evacuation,1056.0,5.000004790270836,4.916474281478206,0.9832939142468091,1.0036311692745776,0.018826852624625058,4.7477077227973865e-21,1.0,295.8378011423111,10.0,0.019134354432930857,-6.948007990573881e-05
1,evacuation,1058.0,5.0000046142064765,4.916384093120689,0.9832759112165222,1.0034948050258616,0.01882416380385109,3.88715843272828e-21,1.0,295.85909892023335,10.0,0.019142756031267798,-6.690019998691819e-05
1,evacuation,1060.0,5.000004444567016,4.916294526654459,0.9832580312996492,1.0033635055190822,0.018821561197947728,3.182588668595756e-21,1.0,295.8801928005545,10.0,0.019151079638812397,-6.441476206152652e-05
1,evacuation,1062.0,5.000004281121853,4.916205583711535,0.9832402748680216,1.0032370852847357,0.018819041858392744,2.6057262271387018e-21,1.0,295.9010845187864,10.0,0.019159325870458568,-6.202037184071735e-05
1,evacuation,1064.0,5.000004123648475,4.916117265683289,0.9832226422437481,1.003115365522119,0.018816602937312073,2.1334234014666243e-21,1.0,295.92177580370867,10.0,0.019167495339892333,-5.971375412727849e-05
1,evacuation,1066.0,5.0000039719321645,4.9160295737290935,0.9832051337009996,1.0029981738652152,0.018814241684133058,1.7467281626609014e-21,1.0,295.94226837706606,10.0,0.01917558865945005,-5.749174876888051e-05
1,evacuation,1068.0,5.000003825765771,4.915942508784696,0.9831877494677318,1.0028853441565404,0.018811955442344853,1.4301236566045748e-21,1.0,295.96256395328135,10.0,0.01918360643998286,-5.5351306742973326e-05
1,evacuation,1070.0,5.000003684949398,4.915856071570385,0.9831704897273762,1.002776716228692,0.0188097416463631,1.1709055400280086e-21,1.0,295.9826642391836,10.0,0.01919154929072719,-5.3289486369304644e-05
1,evacuation,1072.0,5.0000035492902235,4.9157702625988575,0.9831533546204535,1.0026721356933501,0.018807597818495114,9.586721958045504e-22,1.0,296.00257093375046,10.0,0.01919941781918092,-5.130344964617354e-05
1,evacuation,1074.0,5.000003418602194,4.915685082182974,0.983136344246182,1.0025714537374812,0.018805521566003344,7.849073602141612e-22,1.0,296.0222857278648,10.0,0.019207212630985286,-4.939045870654301e-05
1,evacuation,1076.0,5.00000329270583,4.915600530443148,0.983119458663995,1.0024745269265183,0.01880351057826259,6.426383962085326e-22,1.0,296.0418103040844,10.0,0.019214934329812135,-4.7547872390400124e-05
1,evacuation,1078.0,5.000003171427994,4.915516607314669,0.9831026978950504,1.0023812170142783,0.018801562624009616,5.261564989018559e-22,1.0,296.0611463364246,10.0,0.019222583517256416,-4.577314292967832e-05
1,evacuation,1080.0,5.000003054601675,4.915433312554685,0.9830860619236707,1.002291390759403,0.018799675548681262,4.307876150726424e-22,1.0,296.08029549015384,10.0,0.01923016079273374,-4.406381274230706e-05
1,evacuation,1082.0,5.000002942065771,4.915350645749039,0.983069550698753,1.0022049197481049,0.018797847271838915,3.527048887686914e-22,1.0,296.09925942160066,10.0,0.019237666753382905,-4.241751133199579e-05
1,evacuation,1084.0,5.000002833664881,4.915268606318926,0.9830531641351397,1.002121680223009,0.0187960757846762,2.8877510400077783e-22,1.0,296.1180397779722,10.0,0.01924510199397284,-4.083195229040524e-05
1,evacuation,1086.0,5.000002729249129,4.9151871935273,0.9830369021149383,1.0020415529178937,0.01879435914760755,2.364329592014619e-22,1.0,296.1366381971843,10.0,0.01925246710681447,-3.9304930398566704e-05
1,evacuation,1088.0,5.000002628673952,4.915106406485112,0.9830207644888067,1.0019644228981275,0.018792695487935066,1.9357812865984652e-22,1.0,296.155056307702,10.0,0.019259762681676906,-3.7834318824388416e-05
1,evacuation,1090.0,5.000002531799936,4.915026244157393,0.9830047510772054,1.0018901794066235,0.018791082997591423,1.584909822878598e-22,1.0,296.1732957283901,10.0,0.019266989305707593,-3.641806641328451e-05
1,evacuation,1092.0,5.000002438492617,4.9149467053691,0.9829888616716037,1.0018187157151153,0.01878951993095606,1.2976358250914213e-22,1.0,296.191358068374,10.0,0.019274147563356922,-3.50541950689285e-05
1,evacuation,1094.0,5.0000023486223215,4.914867788810818,0.9829730960356525,1.001749928980588,0.01878800460274269,1.0624318863257534e-22,1.0,296.2092449269096,10.0,0.019281238036306547,-3.3740797221350145e-05
1,evacuation,1096.0,5.0000022620640125,4.9147894930442995,0.9829574539063234,1.0016837201066873,0.01878653538595586,8.698600104383203e-23,1.0,296.2269578932633,10.0,0.019288261303401787,-3.247603337957511e-05
1,evacuation,1098.0,5.000002178697096,4.914711816507797,0.9829419349950117,1.001619993609939,0.018785110709914243,7.121928924519553e-23,1.0,296.2444985465993,10.0,0.01929521794058735,-3.1258129766133695e-05
1,evacuation,1100.0,5.000002098405297,4.9146347575212666,0.9829265389886024,1.0015586574906223,0.01878372905833861,5.83103844710921e-23,1.0,296.2618684558766,10.0,0.01930210852084698,-3.0085376030825263e-05
1,evacuation,1102.0,5.000002021076499,4.914558314291416,0.9829112655505116,1.0014996231081372,0.0187823889675027,4.7741292746321916e-23,1.0,296.2790691797536,10.0,0.01930893361414628,-2.8956123041262707e-05
1,evacuation,1104.0,5.000001946602591,4.914482484916551,0.9828961143216854,1.0014428050607158,0.018781089024444694,3.90879095094734e-23,1.0,296.2961022665007,10.0,0.019315693787378966,-2.786878074766571e-05
1,evacuation,1106.0,5.000001874879342,4.914407267391311,0.9828810849215738,1.0013881210693318,0.018779827865237398,3.200300162617577e-23,1.0,296.31296925392013,10.0,0.01932238960431628,-2.6821816119590513e-05
1,evacuation,1108.0,5.000001805806252,4.9143326596112775,0.9828661769490781,1.001335491865669,0.018778604173315793,2.6202273958963293e-23,1.0,296.329671669273,10.0,0.019329021625559422,-2.5813751152273453e-05
1,evacuation,1110.0,5.000001739286436,4.914258659377359,0.9828513899834538,1.001284841084004,0.018777416677859378,2.1452961472549787e-23,1.0,296.3462110292138,10.0,0.01933559040849512,-2.48431609403104e-05
1,evacuation,1112.0,5.0000016752264775,4.914185264400132,0.982836723585206,1.0012360951568828,0.01877626415222813,1.7564489121184044e-23,1.0,296.36258883973085,10.0,0.01934209650725386,-2.390867181657651e-05
1,evacuation,1114.0,5.000001613536332,4.914112472303973,0.9828221772969364,1.0011891832144493,0.018775145412450112,1.4380824688144056e-23,1.0,296.3788065960932,10.0,0.01934854047267089,-2.3008959554193034e-05
1,evacuation,1116.0,5.000001554129183,4.914040280631109,0.9828077506441807,1.0011440369873144,0.01877405931575932,1.1774217699260428e-23,1.0,296.3948657828045,10.0,0.019354922852250166,-2.2142747629590116e-05
1,evacuation,1118.0,5.000001496921351,4.913968686845488,0.9827934431361997,1.0011005907128352,0.018773004759181814,9.640073185490293e-24,1.0,296.41076787356116,10.0,0.019361244190130352,-2.1308805544591728e-05
1,evacuation,1120.0,5.00000144183216,4.913897688336585,0.9827792542667698,1.0010587810446954,0.01877198067816924,7.892754611272236e-24,1.0,296.42651433121745,10.0,0.01936750502705366,-2.050594720568858e-05
1,evacuation,1122.0,5.000001388783864,4.913827282423025,0.9827651835149194,1.0010185469656703,0.0187709860452773,6.462147553221966e-24,1.0,296.4421066077559,10.0,0.0193737059003371,-1.9733029358576238e-05
1,evacuation,1124.0,5.000001337701507,4.913757466356167,0.9827512303456731,1.0009798297034682,0.01877001986888887,5.290846231517974e-24,1.0,296.4575461442617,10.0,0.01937984734384565,-1.8988950076178278e-05
1,evacuation,1126.0,5.00000128851285,4.913688237323445,0.982737394210737,1.000942572649546,0.018769081191979,4.3318499947825146e-24,1.0,296.47283437090357,10.0,0.01938592988796795,-1.8272647298413143e-05
1,evacuation,1128.0,5.000001241148264,4.913619592451762,0.9827236745491961,1.0009067212807927,0.01876816909092192,3.546677328887426e-24,1.0,296.4879727069182,10.0,0.019391954059594027,-1.758309742198823e-05
1,evacuation,1130.0,5.000001195540639,4.913551528810627,0.9827100707881604,1.0008722230839864,0.0187672826743374,2.903821713950907e-24,1.0,296.5029625605995,10.0,0.019397920382094862,-1.6919313938592328e-05
1,evacuation,1132.0,5.000001151625307,4.913484043415279,0.9826965823434051,1.0008390274829255,0.018766421081976233,2.3774873674521024e-24,1.0,296.51780532929297,10.0,0.019403829375304313,-1.6280346119879214e-05
1,evacuation,1134.0,5.000001109339932,4.913417133229673,0.9826832086199899,1.000807085768148,0.01876558348364287,1.946554140921952e-24,1.0,296.5325023993929,10.0,0.019409681555502493,-1.5665277747728012e-05
1,evacuation,1136.0,5.000001068624439,4.913350795169356,0.9826699490128467,1.000776351029142,0.018764769078154112,1.5937300342414054e-24,1.0,296.54705514634446,10.0,0.019415477435401184,-1.5073225888259569e-05
1,evacuation,1138.0,5.000001029420949,4.913285026104302,0.9826568029073606,1.0007467780889705,0.018763977092333323,1.3048573213864958e-24,1.0,296.56146493464945,10.0,0.019421217524131066,-1.4503339708148867e-05
1,evacuation,1140.0,5.000000991673672,4.913219822861552,0.9826437696799192,1.0007183234412165,0.018763206780038177,1.0683444452108747e-24,1.0,296.5757331178752,10.0,0.0194269023272303,-1.3954799331872257e-05
1,evacuation,1142.0,5.000000955328855,4.913155182227874,0.9826308486984541,1.00069094518918,0.018762457421221308,8.747008848045227e-25,1.0,296.5898610386675,10.0,0.019432532346635004,-1.342681473848908e-05
1,evacuation,1144.0,5.0000009203347,4.9130911009522755,0.9826180393229594,1.0006646029872381,0.018761728321022762,7.161563307271908e-25,1.0,296.6038500287665,10.0,0.01943810808067125,-1.29186246966711e-05
1,evacuation,1146.0,5.000000886641292,4.913027575748402,0.9826053409059867,1.0006392579843013,0.0187610188088932,5.863488867509067e-25,1.0,296.6177014090258,10.0,0.019443630024048336,-1.2429495736672362e-05
1,evacuation,1148.0,5.000000854200542,4.912964603296916,0.9825927527931307,1.0006148727692874,0.01876032823774671,4.800697868043048e-25,1.0,296.63141648943474,10.0,0.01944909866785366,-1.195872115804792e-05
1,evacuation,1150.0,5.000000822966111,4.912902180247778,0.9825802743235023,1.000591411318547,0.018759655983142647,3.9305438351442503e-25,1.0,296.64499656914313,10.0,0.019454514499548964,-1.1505620071869877e-05
1,evacuation,1152.0,5.000000792893353,4.91284030322241,0.9825679048301698,1.00056883894517,0.01875900144249475,3.2181102131766494e-25,1.0,296.6584429364892,10.0,0.019459878002967727,-1.1069536476344761e-05
1,evacuation,1154.0,5.00000076393925,4.912778968815805,0.9825556436405966,1.0005471222501086,0.01875836403430764,2.634809272767877e-25,1.0,296.6717568690297,10.0,0.019465189658313932,-1.0649838364644375e-05
1,evacuation,1156.0,5.00000073606236,4.912718173598597,0.9825434900770633,1.0005262290750536,0.018757743197439267,2.157234974584552e-25,1.0,296.68493963357287,10.0,0.01947044994216209,-1.0245916863942393e-05
1,evacuation,1158.0,5.00000070922276,4.912657914118999,0.9825314434570674,1.0005061284570032,0.018757138390388433,1.7662237581277194e-25,1.0,296.6979924862133,10.0,0.019475659327458154,-9.857185404524087e-06
1,evacuation,1160.0,5.000000683381982,4.912598186904714,0.9825195030937175,1.0004867905844612,0.01875654909060671,1.4460855681208522e-25,1.0,296.7109166723696,10.0,0.019480818283521932,-9.483078918018137e-06
1,evacuation,1162.0,5.00000065850297,4.912538988464751,0.9825076682961064,1.0004681867552148,0.018755974793833733,1.1839742618481957e-25,1.0,296.72371342682356,10.0,0.019485927276050214,-9.123053063722826e-06
1,evacuation,1164.0,5.000000634550025,4.912480315291197,0.982495938369675,1.0004502893356286,0.018755415013455654,9.693721337122067e-26,1.0,296.73638397376186,10.0,0.019490986767121046,-8.776583482111728e-06
1,evacuation,1166.0,5.000000611488762,4.912422163860912,0.9824843126165591,1.0004330717214076,0.01875486927988528,7.936678726094631e-26,1.0,296.74892952681927,10.0,0.019495997215198974,-8.443165074543312e-06
1,evacuation,1168.0,5.0000005892860555,4.912364530637179,0.9824727903359327,1.0004165082997745,0.018754337139963637,6.49811016961642e-26,1.0,296.76135128912387,10.0,0.019500959075141173,-8.122311308360185e-06
1,evacuation,1170.0,5.000000567909998,4.912307412071252,0.9824613708243235,1.000400574413012,0.01875381815638194,5.320290417914804e-26,1.0,296.77365045334415,10.0,0.019505872798204635,-7.813553546428117e-06
1,evacuation,1172.0,5.0000005473298454,4.912250804603898,0.9824500533759325,1.0003852463233223,0.018753311907123718,4.3559572540004386e-26,1.0,296.78582820173705,10.0,0.01951073883205375,-7.516440400350692e-06
1,evacuation,1174.0,5.000000527515998,4.912194704666853,0.9824388372829297,1.0003705011789576,0.018752817984925976,3.5664150089755075e-26,1.0,296.7978857061985,10.0,0.019515557620769303,-7.2305371065123865e-06
1,evacuation,1176.0,5.000000508439945,4.912139108684213,0.9824277218357432,1.0003563169815757,0.018752335996759333,2.919981825955568e-26,1.0,296.8098241283145,10.0,0.019520329604857795,-6.9554249241671845e-06
1,evacuation,1178.0,5.000000490074211,4.912084013073819,0.9824167063233453,1.0003426725547793,0.01875186556332565,2.390718366348292e-26,1.0,296.82164461941426,10.0,0.019525055221261634,-6.690700554874118e-06
1,evacuation,1180.0,5.000000472392347,4.912029414248525,0.9824057900335096,1.0003295475137925,0.018751406318573062,1.957386945489013e-26,1.0,296.83334832062405,10.0,0.019529734903370132,-6.435975582433937e-06
1,evacuation,1182.0,5.000000455368874,4.911975308617502,0.982394972253082,1.0003169222362434,0.018750957909228195,1.6025993309273288e-26,1.0,296.8449363629226,10.0,0.019534369081030917,-6.190875932762359e-06
1,evacuation,1184.0,5.0000004389792485,4.91192169258735,0.9823842522682097,1.000304777834,0.01875051999434425,1.3121190071288105e-26,1.0,296.8564098671975,10.0,0.01953895818056225,-5.955041352885857e-06
1,evacuation,1186.0,5.000000423199849,4.911868562563358,0.9823736293645973,1.0002930961260361,0.018750092244865176,1.0742899086818112e-26,1.0,296.8677699443028,10.0,0.01954350262476585,-5.728124908497001e-06
1,evacuation,1188.0,5.0000004080079075,4.911815914950569,0.9823631028277312,1.0002818596122813,0.018749674343204726,8.795686988984644e-27,1.0,296.8790176951172,10.0,0.019548002832940187,-5.509792499366329e-06
1,evacuation,1190.0,5.0000003933815025,4.911763746154805,0.9823526719430868,1.0002710514484214,0.018749265982839835,7.201418256179575e-27,1.0,296.8901542106038,10.0,0.019552459220894464,-5.299722392022873e-06
1,evacuation,1192.0,5.000000379299531,4.911712052583793,0.982342335996361,1.0002606554216196,0.01874886686791905,5.896119878434734e-27,1.0,296.9011805718701,10.0,0.01955687220096314,-5.0976047691030085e-06
1,evacuation,1194.0,5.000000365741668,4.911660830648062,0.9823320942736565,1.0002506559271216,0.018748476712883738,4.827414320923324e-27,1.0,296.91209785022915,10.0,0.01956124218202075,-4.903141294785506e-06
1,evacuation,1196.0,5.000000352688331,4.911610076761924,0.9823219460616873,1.0002410379457132,0.018748095242102997,3.952417777519893e-27,1.0,296.9229071072614,10.0,0.019565569569497433,-4.71604469573998e-06
1,evacuation,1198.0,5.000000340120678,4.911559787344372,0.982311890647957,1.0002317870220023,0.018747722189521143,3.2360193779883146e-27,1.0,296.9336093948769,10.0,0.019569854765394662,-4.536038357088952e-06
1,evacuation,1200.0,5.000000328020556,4.91150995881998,0.9823019273209513,1.0002228892434926,0.01874735729831779,2.6494717099244978e-27,1.0,296.9442057553789,10.0,0.019574098168301732,-4.362855932780898e-06
2,adsorption,1200.0,5.000000328020556,4.91150995881998,0.9823019273209513,1.0002228892434926,0.01874735729831779,2.6494717099244978e-27,1.0,296.9442057553789,10.0,0.019574098168301732,-4.362855932780898e-06
2,adsorption,1202.0,100.04181640586754,6.407990028398372,0.06405311557320482,1.1187392792269355,0.11045500004191455,0.105605924039187,1.0,297.20550428294354,10.0,0.01967893273407924,0.07871360085521038
2,adsorption,1204.0,100.04322060676286,7.163880201214071,0.07160785266372958,1.2584880959351956,0.19402978982087876,0.08646281762066252,1.0,297.4625818735624,10.0,0.01978244058869242,0.06159385115503424
2,adsorption,1206.0,100.04440011769728,9.177631911285241,0.0917355884036309,1.3671621528035933,0.2700896371361832,0.07078976778536993,1.0,297.66525345490567,10.0,0.019864299566325922,0.04754795799454252
2,adsorption,1208.0,100.04476457927571,9.91985227195355,0.09915413678736817,1.457460938948172,0.3392147092188357,0.07014962125733509,1.0,297.83438464802606,10.0,0.01993278506831795,0.04541434502950353
2,adsorption,1210.0,100.04506714521702,10.07666998321125,0.10072130761414555,1.5464391606020746,0.40199516737883184,0.07031974308535294,1.0,297.9974029087733,10.0,0.019998944801719966,0.04391829914658992
2,adsorption,1212.0,100.0453012603629,10.161405689454224,0.10156804528989995,1.6337019655656435,0.4589866895092177,0.07143390409279048,1.0,298.1539384576738,10.0,0.020062611815977488,0.04317916030205798
2,adsorption,1214.0,100.04553138545879,10.243545417428356,0.10238883511909871,1.7191182898707436,0.5106994780277506,0.07227880887853123,1.0,298.30402621778455,10.0,0.020123783636715235,0.042255020469687626
2,adsorption,1216.0,100.0457433187223,10.324776663554056,0.10320055927478829,1.8027419098580817,0.5576019629277252,0.07315288784294328,1.0,298.44797747998314,10.0,0.020182571546631525,0.041378726287393294
2,adsorption,1218.0,100.04593858073075,10.40310939358261,0.10398332547190767,1.884661142308005,0.6001238361257694,0.07405173938406993,1.0,298.5861418139678,10.0,0.020239104121809355,0.04054614471632549
2,adsorption,1220.0,100.04611887079268,10.478852014254072,0.10474021513805322,1.9649504754179656,0.6386588370873999,0.07496575554046561,1.0,298.71883149467124,10.0,0.020293496266671908,0.039749155056940676
2,adsorption,1222.0,100.04628533933787,10.552148083026706,0.10547266245054313,2.0436805412124763,0.6735674381766423,0.07589415502015777,1.0,298.8463384343452,10.0,0.020345855936108666,0.03898655629805134
2,adsorption,1224.0,100.04643909130922,10.623097286272937,0.10618166306326578,2.120918456132295,0.7051793393066824,0.07683548390297988,1.0,298.9689357326912,10.0,0.020396284615424098,0.03825660566975551
2,adsorption,1226.0,100.04658114451638,10.691791268948727,0.10686813229034314,2.1967277542773025,0.7337958248392563,0.07778848453178251,1.0,299.086878530006,10.0,0.020444877531646383,0.037557713170440196
2,adsorption,1228.0,100.04671246738083,10.758316925076535,0.10753293796219611,2.27116859306332,0.7596920139212886,0.07875147545360545,1.0,299.2004052521145,10.0,0.020491724040959728,0.03688795059114558
2,adsorption,1230.0,100.04683394244749,10.82278347396816,0.10817717110562465,2.344297738804889,0.7831189340555539,0.0797231178344191,1.0,299.30973843505444,10.0,0.02053690785682152,0.03624566788196607
2,adsorption,1232.0,100.04694634953233,10.885257813650854,0.10880149980411408,2.4161689889972213,0.8043054672590451,0.08070281217939067,1.0,299.41508619354704,10.0,0.020580507556375277,0.03562981202010706
2,adsorption,1234.0,100.0470504698356,10.945824535641902,0.10940676895759255,2.486833227909771,0.8234601620986861,0.08168883060438029,1.0,299.5166430524705,10.0,0.020622596835505946,0.035038434740387765
2,adsorption,1236.0,100.04714696361056,11.004568189240638,0.10999382314463452,2.556338473050254,0.8407729182582642,0.08268067422153767,1.0,299.6145907147744,10.0,0.020663244747025314,0.03447058650641023
2,adsorption,1238.0,100.0472364676379,11.061539714327093,0.11056317100677888,2.624730329448293,0.8564165488854729,0.08367733225132165,1.0,299.7090994272077,10.0,0.020702516195910507,0.03392491576098898
2,adsorption,1240.0,100.04731957929587,11.116826420331675,0.11111568472877137,2.692051802945908,0.8705482272561741,0.08467764468504031,1.0,299.8003282816326,10.0,0.02074047200099074,0.03339996538607142
2,adsorption,1242.0,100.0473967999228,11.170486461351697,0.11165194516445746,2.758343643739164,0.8833108240505457,0.08568141858699216,1.0,299.8884263157978,10.0,0.020777169295383913,0.032895072673142185
2,adsorption,1244.0,100.04746863321756,11.222570827419299,0.11217246153985352,2.823644541081219,0.8948341386508112,0.08668766781889527,1.0,299.9735333335796,10.0,0.020812661817254084,0.03240894633919903
2,adsorption,1246.0,100.04753552775773,11.273148337340452,0.11267792132883442,2.8879910513061042,0.9052360383468214,0.08769573212092872,1.0,300.05578026555105,10.0,0.020847000014487662,0.031940574749093856
2,adsorption,1248.0,100.04759788616785,11.32227035003491,0.11316883752588605,2.951417894241091,0.9146235159155992,0.08870516367901372,1.0,300.1352900825747,10.0,0.020880231384824685,0.03148913220297425
2,adsorption,1250.0,100.04765608400226,11.369986288773056,0.11364570379566474,3.013958027889523,0.9230936314403171,0.08971542858990873,1.0,300.21217830810724,10.0,0.020912400653297736,0.031053737332574192
2,adsorption,1252.0,100.04771046456024,11.416347556801265,0.11410903361796831,3.0756427329790994,0.9307343967778686,0.09072604739589679,1.0,300.2865535241625,10.0,0.02094354995083447,0.03063356745539752
2,adsorption,1254.0,100.0477613420097,11.461399041252868,0.11455927536521765,3.136501762696324,0.9376256044714537,0.09173658517466368,1.0,300.3585179599371,10.0,0.020973719031022856,0.030227849450359064
2,adsorption,1256.0,100.0478089960322,11.505187530505596,0.1149968964433982,3.1965633934012203,0.943839555003689,0.09274678350533412,1.0,300.42816788197393,10.0,0.0210029454069604,0.029835968560181104
2,adsorption,1258.0,100.0478536870231,11.547753198703306,0.11542229816171588,3.255854642670401,0.9494418953522982,0.09375634851368986,1.0,300.4955943477532,10.0,0.02103126464347998,0.029457292539088176
2,adsorption,1260.0,100.04789565533255,11.589133146072351,0.1158358511207192,3.3144010380950997,0.9544915365195156,0.09476491620700736,1.0,300.56088256721256,10.0,0.02105871006718691,0.029091148462399463
2,adsorption,1262.0,100.04793511960459,11.629369368845483,0.11623797487617198,3.3722271440636353,0.959042366778045,0.09577222989722765,1.0,300.62411384902225,10.0,0.021085313564461958,0.028736959249170732
2,adsorption,1264.0,100.0479722804552,11.668496044876203,0.11662901085258369,3.4293563513495564,0.9631429457900855,0.09677802638355969,1.0,300.6853648709114,10.0,0.02111110525761478,0.028394155321098933
2,adsorption,1266.0,100.04800731809985,11.706545997229963,0.11700928695170636,3.485811009475752,0.9668372044091212,0.09778212809260158,1.0,300.74470826521707,10.0,0.021136113735059123,0.028062248824090905
2,adsorption,1268.0,100.04804038985898,11.74355101038662,0.11737912071666086,3.541612474616591,0.9701648395015381,0.09878450782793634,1.0,300.8022128603786,10.0,0.021160366138516285,0.027740887278530694
2,adsorption,1270.0,100.04807165482922,11.779551637210938,0.11773891732617267,3.5967811820814535,0.9731617725594238,0.09978486554806515,1.0,300.85794400214445,10.0,0.02118388828523288,0.027429503866352126
2,adsorption,1272.0,100.04810125202556,11.814569764157714,0.1180888954043845,3.6513367770138903,0.9758604650642652,0.10078305341219242,1.0,300.9119638968785,10.0,0.02120670480093968,0.027127665685329944
2,adsorption,1274.0,100.04812930022653,11.848634678169491,0.1184293475654488,3.705298045160303,0.9782902284933962,0.10177908616521435,1.0,300.96433163595526,10.0,0.021228839119303258,0.02683508502005687
2,adsorption,1276.0,100.04815591691727,11.88177875346274,0.11876059728007075,3.758683019337925,0.9804775526798614,0.10277282080131789,1.0,301.01510351421337,10.0,0.02125031360647884,0.026551352915969
2,adsorption,1278.0,100.04818120961362,11.91402581464491,0.11908288257318256,3.8115090541362187,0.9824463501632682,0.10376413038461466,1.0,301.06433325542,10.0,0.021271149647426636,0.02627608164677646
2,adsorption,1280.0,100.04820526932069,11.945400605894735,0.1193964506783385,3.86379281556809,0.9842182111335389,0.10475303572939561,1.0,301.1120721116634,10.0,0.021291367679713128,0.02600901477716576
2,adsorption,1282.0,100.04822818605167,11.975930583205749,0.11970157593330959,3.9155503356885113,0.9858126206962808,0.10573943995194321,1.0,301.15836904815797,10.0,0.02131098726415199,0.0257498063953907
2,adsorption,1284.0,100.04825003849676,12.005636831177133,0.11999846900428124,3.96679706958227,0.9872471595522642,0.10672332809913287,1.0,301.20327092531664,10.0,0.021330027155006356,0.02549818591307604
2,adsorption,1286.0,100.0482708996677,12.03454444489342,0.12028738064810865,4.017547902910529,0.9885377149220461,0.10770465498077224,1.0,301.24682261424886,10.0,0.02134850534260174,0.025253865162081546
2,adsorption,1288.0,100.04829083598307,12.06267405936883,0.12056851704887304,4.067817198723689,0.9896986051997252,0.10868342519741042,1.0,301.28906712153525,10.0,0.02136643910040004,0.025016604294741226
2,adsorption,1290.0,100.04830990929536,12.090047856394532,0.12084209985511474,4.117618816931436,0.9907427555873426,0.10965960874619994,1.0,301.33004570873453,10.0,0.021383845030335653,0.024786141456203024
2,adsorption,1292.0,100.04832817461082,12.116686593590869,0.12110833648758272,4.166966140083139,0.9916818154453652,0.11063321942602704,1.0,301.36979798681966,10.0,0.021400739097952856,0.024562257819645918
2,adsorption,1294.0,100.04834568313667,12.142609608754954,0.12136742017915857,4.215872089305674,0.9925262474522075,0.11160425734479952,1.0,301.4083619751573,10.0,0.02141713665285832,0.024344729598406573
2,adsorption,1296.0,100.04836248206354,12.167836846059384,0.1216195502274293,4.264349155132997,0.9932854938802318,0.11257272567773431,1.0,301.44577424096315,10.0,0.021433052483742766,0.024133341602638535
2,adsorption,1298.0,100.04837861377929,12.192386928771239,0.1218649127322492,4.312409426672008,0.9939680794386541,0.11353865063129628,1.0,301.48206999817063,10.0,0.021448500856527258,0.02392790354211449
2,adsorption,1300.0,100.04839411811703,12.216277830659898,0.12210368730393985,4.360064607204922,0.9945816901244383,0.11450204566184766,1.0,301.51728317006314,10.0,0.021463495537402427,0.02372821999524745
2,adsorption,1302.0,100.0484090314374,12.23952748382865,0.12233605313986277,4.407326023594774,0.9951332419571135,0.11546293318724431,1.0,301.55144643829544,10.0,0.02147804981033106,0.023534108524654058
2,adsorption,1304.0,100.04842338682701,12.262152896090926,0.12256218020228628,4.45420464825781,0.9956289626316238,0.11642134495193225,1.0,301.5845913198168,10.0,0.021492176506676956,0.02334539970867361
2,adsorption,1306.0,100.04843721520407,12.28417058464472,0.12278223355174939,4.500711115283384,0.996074462237961,0.11737730758530211,1.0,301.61674823002375,10.0,0.021505888029209396,0.023161924861990354
2,adsorption,1308.0,100.04845054496732,12.30559688102808,0.12299637639562705,4.546855732647126,0.9964747938779615,0.11833085228095562,1.0,301.6479465349137,10.0,0.021519196371632604,0.022983524022520477
2,adsorption,1310.0,100.04846340211532,12.326447412848468,0.12320476490784217,4.592648497407948,0.9968345068801573,0.1192820164980741,1.0,301.6782146044058,10.0,0.02153211313880622,0.02281004719764768
2,adsorption,1312.0,100.0484758109356,12.346737368093102,0.12340755086989107,4.6380991079790626,0.997157695786411,0.12023083455833371,1.0,301.70757985916674,10.0,0.02154464956437496,0.02264134633640003
2,adsorption,1314.0,100.0484877938444,12.366481704947622,0.12360488376825307,4.683216974429466,0.9974480455725212,0.12117734326970075,1.0,301.73606881277544,10.0,0.021556816526572372,0.022477279940321327
2,adsorption,1316.0,100.0484993714741,12.385694825656156,0.12379690753450294,4.728011230911439,0.9977088725328318,0.12212158340735009,1.0,301.76370711539283,10.0,0.021568624564818405,0.022317714154241993
2,adsorption,1318.0,100.0485105631305,12.404390734170601,0.12398376212051099,4.7724907460576755,0.9979431608289588,0.1230635937164832,1.0,301.79051959223153,10.0,0.021580083894237646,0.022162517602235494
2,adsorption,1320.0,100.0485213867265,12.422583183511465,0.12416558497144943,4.81666413167504,0.9981535952988302,0.12400341413421587,1.0,301.8165302775963,10.0,0.021591204418413536,0.022011563999546176
2,adsorption,1322.0,100.04853185884097,12.4402854741528,0.12434250901057567,4.860539752635361,0.9983425911173387,0.12494108696800725,1.0,301.8417624493916,10.0,0.021601995742461355,0.02186473302088219
2,adsorption,1324.0,100.04854199502189,12.457510545123236,0.12451466354945065,4.904125735591164,0.9985123206394763,0.12587665312313157,1.0,301.8662386604725,10.0,0.021612467184862975,0.021721907017555313
2,adsorption,1326.0,100.04855180977268,12.474271076502587,0.12468217531244774,4.947429976491664,0.9986647376213548,0.12681015386768452,1.0,301.88998076687346,10.0,0.0216226277880683,0.021582972415173415
2,adsorption,1328.0,100.0485613165944,12.490579368722765,0.12484516723031612,4.990460148717498,0.998801599029132,0.12774163173514563,1.0,301.91300995588875,10.0,0.021632486329128665,0.02144782037060989
2,adsorption,1330.0,100.0485705281852,12.506447393534073,0.1250037589493677,5.033223710482171,0.9989244846802826,0.1286711282099974,1.0,301.93534677195606,10.0,0.021642051329478548,0.0213163447268394
2,adsorption,1332.0,100.04857945645338,12.521886864241914,0.1251580675335038,5.075727911358892,0.9990348149492561,0.12959868461625887,1.0,301.957011140216,10.0,0.021651331063804964,0.02118844268152876
2,adsorption,1334.0,100.04858811254816,12.536909167307735,0.12530820678053475,5.117979799091785,0.9991338667302078,0.13052434279935649,1.0,301.9780223896758,10.0,0.021660333568823482,0.0210640152735307
2,adsorption,1336.0,100.04859650699164,12.551525387716241,0.12545428747557805,5.159986225954875,0.9992227878203659,0.13144814370889857,1.0,301.9983992748735,10.0,0.021669066651484162,0.020942966102965446
2,adsorption,1338.0,100.04860464970196,12.565746360177071,0.12559641790281087,5.201753854478708,0.9993026098742364,0.13237012783857696,1.0,302.0181599958199,10.0,0.021677537896505745,0.020825201628605138
2,adsorption,1340.0,100.0486125500149,12.579582630122983,0.1257347034556264,5.243289163294896,0.9993742600690385,0.1332903357375957,1.0,302.03732221746986,10.0,0.021685754673770916,0.020710631521328578
2,adsorption,1342.0,100.04862021677539,12.593044465525727,0.12586924675463163,5.2845984526729595,0.9994385716095932,0.134208807101642,1.0,302.05590308810287,10.0,0.02169372414531194,0.020599167820524192
2,adsorption,1344.0,100.04862765836107,12.60614189549884,0.12600014803346823,5.3256878495748134,0.9994962931873304,0.1351255809877979,1.0,302.0739192563814,10.0,0.021701453271784278,0.020490725047673693
2,adsorption,1346.0,100.0486348826976,12.618884687941547,0.12612750491535044,5.3665633127458525,0.9995480974958739,0.1360406962127092,1.0,302.0913868879608,10.0,0.021708948818798642,0.020385220472418537
2,adsorption,1348.0,100.04864189732213,12.63128235526841,0.1262514124702626,5.407230637601342,0.9995945888957882,0.1369541907670219,1.0,302.10832168130366,10.0,0.02171621736295968,0.020282573548284718
2,adsorption,1350.0,100.04864870940571,12.643344183123084,0.12637196350193647,5.447695460743926,0.9996363103125827,0.1378661019003374,1.0,302.1247388824755,10.0,0.02172326529751266,0.020182705921199695
2,adsorption,1352.0,100.04865532576427,12.655079218557015,0.1264892484296899,5.4879632644614915,0.9996737494439767,0.13877646642742095,1.0,302.1406532995109,10.0,0.021730098837847725,0.020085541624191492
2,adsorption,1354.0,100.04866175290276,12.666496272798677,0.12660335531605627,5.528039381081407,0.999707344344914,0.13968532035953446,1.0,302.1560793161823,10.0,0.021736724026787297,0.01999100670170308
2,adsorption,1356.0,100.04866799703491,12.677603942649839,0.12671437008062475,5.567928997043742,0.9997374884520698,0.14059269892117754,1.0,302.1710309049813,10.0,0.021743146739572703,0.01989902916440215
2,adsorption,1358.0,100.04867406409144,12.688410605283254,0.12682237644803793,5.6076371569245085,0.9997645351035163,0.14149863678098,1.0,302.1855216397046,10.0,0.021749372688715497,0.01980953912516949
2,adsorption,1360.0,100.04867995975108,12.69892441975032,0.12692745596302732,5.647168767352032,0.9997888016037665,0.14240316782655227,1.0,302.199564707576,10.0,0.021755407428682923,0.019722468549274834
2,adsorption,1362.0,100.04868568945702,12.709153343004457,0.12702968815055338,5.686528600706968,0.9998105728795408,0.1433063251496752,1.0,302.21317292075287,10.0,0.021761256360349323,0.019637751185931147
2,adsorption,1364.0,100.04869125842364,12.719105128770789,0.12712915050450393,5.725721298756545,0.9998301047671019,0.14420814121780554,1.0,302.2263587274736,10.0,0.021766924735322518,0.019555322658096348
2,adsorption,1366.0,100.04869667165809,12.728787328705936,0.1272259184992638,5.764751376204137,0.9998476269679594,0.14510864774252946,1.0,302.23913422283437,10.0,0.021772417660138314,0.01947512029574602
2,adsorption,1368.0,100.04870193397409,12.738207304512708,0.12732006571078885,5.803623224070223,0.999863345706128,0.14600787565360054,1.0,302.25151115907687,10.0,0.021777740100270494,0.019397083061067525
2,adsorption,1370.0,100.04870704999722,12.747372229227883,0.1274116638294751,5.842341113000936,0.9998774461168356,0.1469058552250327,1.0,302.2635009555542,10.0,0.021782896884026594,0.019321151603256467
2,adsorption,1372.0,100.04871202418032,12.75628908847855,0.12750078267269987,5.880909196505178,0.9998900943936018,0.1478026160035532,1.0,302.2751147083904,10.0,0.02178789270633503,0.019247268146022366
2,adsorption,1374.0,100.04871686081474,12.764964689780244,0.12758749027774682,5.919331514058065,0.9999014397179533,0.14869818678218677,1.0,302.28636319974527,10.0,0.02179273213238377,0.01917537641523794
2,adsorption,1376.0,100.04872156403464,12.773405665181196,0.12767185292823335,5.957611994130792,0.9999116159936239,0.14959259569240196,1.0,302.2972569067922,10.0,0.021797419601156134,0.01910542166800884
2,adsorption,1378.0,100.04872613782814,12.78161847279124,0.1277539351693809,5.995754457157107,0.9999207434049011,0.15048587017021697,1.0,302.3078060104344,10.0,0.02180195942887288,0.019037350615168286
2,adsorption,1380.0,100.04873058604647,12.789609404066512,0.12783379988081775,6.033762618391656,0.9999289298168353,0.15137803693429272,1.0,302.3180204036984,10.0,0.02180635581231386,0.018971111355419137
2,adsorption,1382.0,100.0487349124074,12.797384587139222,0.12791150830985845,6.071640090696618,0.9999362720332551,0.15226912205318494,1.0,302.32790969987013,10.0,0.021810612832045488,0.018906653386058358
2,adsorption,1384.0,100.04873912050375,12.804949988652146,0.1279871200898316,6.109390387270081,0.9999428569269309,0.1531591509343989,1.0,302.33748324040374,10.0,0.02181473445556693,0.018843927547763203
2,adsorption,1386.0,100.04874321381024,12.812311419608896,0.12806069329854755,6.147016924284905,0.9999487624548041,0.15404814830871852,1.0,302.34675010256,10.0,0.021818724540354585,0.01878288596656972
2,adsorption,1388.0,100.04874719568713,12.819474538977666,0.12813228449431582,6.1845230234594215,0.9999540585699025,0.15493613827954777,1.0,302.35571910681495,10.0,0.02182258683682224,0.01872348205197844
2,adsorption,1390.0,100.04875106938604,12.826444855791438,0.12820194873693141,6.221911914573425,0.9999588080403885,0.15582314432540878,1.0,302.3643988240666,10.0,0.021826324991207652,0.0186656704557919
2,adsorption,1392.0,100.04875483805566,12.833227733976758,0.1282697396359337,6.259186737908325,0.9999630671851495,0.15670918929044614,1.0,302.37279758261144,10.0,0.0218299425483727,0.01860940702178519
2,adsorption,1394.0,100.04875850474504,12.8398283959878,0.12833570938692698,6.2963505466233745,0.9999668865343877,0.1575942954211682,1.0,302.38092347491437,10.0,0.02183344295452656,0.018554648775561396
2,adsorption,1396.0,100.04876207240785,12.846251925101328,0.1283999087945153,6.33340630908001,0.9999703114228148,0.1584784843762617,1.0,302.3887843641974,10.0,0.021836829559882264,0.01850135389210183
2,adsorption,1398.0,100.04876554390783,12.85250326945958,0.12846238731270576,6.370356911071665,0.9999733825155396,0.15936177722247666,1.0,302.396387890747,10.0,0.02184010562120256,0.018449481652975965
2,adsorption,1400.0,100.0487689220186,12.858587245611721,0.12852319308030807,6.4072051580437845,0.9999761362951202,0.1602441944548191,1.0,302.403741478183,10.0,0.021843274304339334,0.0183989924240368
2,adsorption,1402.0,100.04877220943119,12.86450854113017,0.12858237294707636,6.443953777205946,0.9999786054786227,0.16112575603578458,1.0,302.41085233938276,10.0,0.021846338686634145,0.01834984765118934
2,adsorption,1404.0,100.04877540875528,12.870271717777433,0.12863997250536216,6.4806054198648475,0.9999808194546763,0.16200648137388576,1.0,302.41772748301236,10.0,0.021849301759589095,0.01830200979947737
2,adsorption,1406.0,100.04877852252375,12.875881215488905,0.12869603612991823,6.5171626632287225,0.9999828045773163,0.1628863893250965,1.0,302.4243737185817,10.0,0.021852166430910324,0.018255442322341976
2,adsorption,1408.0,100.04878155319248,12.881341354789184,0.1287506070020515,6.553628012350764,0.9999845844689498,0.16376549825898926,1.0,302.43079766186395,10.0,0.02185493552671629,0.018210109682788904
2,adsorption,1410.0,100.04878450314438,12.886656338220707,0.12880372712389826,6.590003902148133,0.9999861803152674,0.16464382603047123,1.0,302.4370057404969,10.0,0.02185761179383197,0.018165977292224855
2,adsorption,1412.0,100.04878737469522,12.891830256139789,0.1288554373763499,6.626292699320483,0.9999876111236686,0.16552138998726712,1.0,302.4430041993127,10.0,0.021860197901973306,0.018123011481549784
2,adsorption,1414.0,100.04879017009041,12.896867087835059,0.1289057775302372,6.662496704193745,0.9999888939495214,0.16639820700666616,1.0,302.44879910544745,10.0,0.021862696445843124,0.018081179498478053
2,adsorption,1416.0,100.04879289151057,12.901770703715913,0.1289547862681976,6.698618152340787,0.9999900440710064,0.16727429349703327,1.0,302.45439635280957,10.0,0.021865109946957326,0.01804044947921929
2,adsorption,1418.0,100.04879554107305,12.906544869416463,0.1290025012256938,6.734659216490243,0.999991075192767,0.16814966540795162,1.0,302.4598016673405,10.0,0.02186744085581835,0.01800079042125306
2,adsorption,1420.0,100.0487981208344,12.911193247825729,0.1290489590113034,6.770622008237813,0.999991999610135,0.16902433824394444,1.0,302.46502061172055,10.0,0.02186969155385507,0.017962172163043168
2,adsorption,1422.0,100.04880063279096,12.915719401559755,0.12909419523142826,6.806508579694568,0.9999928283532986,0.16989832706932148,1.0,302.47005858989786,10.0,0.02187186435529196,0.017924565357279328
2,adsorption,1424.0,100.04880307888256,12.92012679605164,0.1291382445211752,6.842320925040565,0.9999935713090865,0.17077164653665125,1.0,302.4749208513409,10.0,0.021873961508903767,0.01788794146603796
2,adsorption,1426.0,100.04880546099281,12.924418801376888,0.12918114056260152,6.878060982286304,0.9999942373542471,0.1716443108880371,1.0,302.47961249584847,10.0,0.0218759852000155,0.017852272728205058
2,adsorption,1428.0,100.04880778095254,12.928598695063188,0.12922291611279507,6.91373063464559,0.9999948344463931,0.17251633394303653,1.0,302.48413847730615,10.0,0.02187793755205249,0.01781753212344072
2,adsorption,1430.0,100.04881004053942,12.932669665014519,0.129263603033102,6.9493317120015545,0.999995369716994,0.17338772914825176,1.0,302.48850360768944,10.0,0.02187982062820096,0.017783693386637014
2,adsorption,1432.0,100.04881224147974,12.93663481007135,0.12930323229472468,6.984865992424203,0.9999958495603731,0.17425850957397795,1.0,302.4927125611839,10.0,0.02188163643312303,0.01775073097596284
2,adsorption,1434.0,100.04881438545274,12.94049714409331,0.12934183401952315,7.020335203614168,0.9999962797114846,0.17512868790539138,1.0,302.4967698781096,10.0,0.021883386914591116,0.017718620037633227
2,adsorption,1436.0,100.04881647408831,12.944259597784718,0.12937943749826525,7.055741024285798,0.9999966653146567,0.17599827647002594,1.0,302.5006799686838,10.0,0.021885073965056023,0.01768733640276818
2,adsorption,1438.0,100.04881850897017,12.947925019997347,0.12941607120364404,7.091085085387507,0.9999970109769606,0.1768672872529338,1.0,302.5044471163257,10.0,0.021886699423020732,0.01765685657701016
2,adsorption,1440.0,100.04882049163736,12.951496180539204,0.12945176281835089,7.1263689715400504,0.999997320830041,0.17773573189578748,1.0,302.50807548154467,10.0,0.02188826507466923,0.017627157711740872
2,adsorption,1442.0,100.04882242358512,12.954975772423403,0.129486539257552,7.161594222335529,0.999997598580437,0.17860362170406413,1.0,302.5115691054539,10.0,0.02188977265533641,0.017598217584986118
2,adsorption,1444.0,100.04882430626638,12.95836641364441,0.1295204266866411,7.196762333558984,0.9999978475522251,0.17947096766544268,1.0,302.51493191306986,10.0,0.021891223850888673,0.017570014593397576
2,adsorption,1446.0,100.04882614109292,12.961670648984503,0.129553450539294,7.231874758382329,0.9999980707253485,0.1803377804535332,1.0,302.5181677165309,10.0,0.021892620299071887,0.017542527732182334
2,adsorption,1448.0,100.04882792943646,12.964890952246098,0.12958563553977984,7.266932908543835,0.9999982707710875,0.1812040704336801,1.0,302.5212802182753,10.0,0.021893963590844643,0.017515736577000927
2,adsorption,1450.0,100.04882967262994,12.968029728054434,0.12961700572097806,7.301938155505154,0.9999984500843361,0.18206984767693393,1.0,302.5242730141562,10.0,0.021895255271686405,0.01748962127321168
2,adsorption,1452.0,100.04883137196856,12.97108931351468,0.1296475844409402,7.336891831561528,0.9999986108119814,0.1829351219662497,1.0,302.5271495964247,10.0,0.021896496842851,0.01746416251936612
2,adsorption,1454.0,100.0488330287105,12.974071980177593,0.12967739440253628,7.371795230941294,0.9999987548789142,0.18379990279841846,1.0,302.5299133566864,10.0,0.021897689762610775,0.017439341547198207
2,adsorption,1456.0,100.04883464407867,12.976979935995692,0.12970645767300526,7.4066496108463,0.9999988840101929,0.18466419940739365,1.0,302.53256758869026,10.0,0.021898835447430223,0.017415140121038272
2,adsorption,1458.0,100.04883621926088,12.979815326533945,0.12973479569605567,7.441456192606733,0.9999989997544122,0.1855280207629932,1.0,302.53511549141774,10.0,0.021899935273271134,0.017391540513719543
2,adsorption,1460.0,100.04883775541204,12.982580237082956,0.12976242931298498,7.476216162572546,0.9999991034994132,0.1863913755620494,1.0,302.5375601714771,10.0,0.0219009905765996,0.017368525481488
2,adsorption,1462.0,100.04883925365382,12.985276694546965,0.12978937878155078,7.510930673068397,0.999999196488468,0.18725427226467095,1.0,302.5399046456629,10.0,0.021902002655465803,0.017346078276039678
2,adsorption,1464.0,100.04884071507556,12.987906667753292,0.12981566377906315,7.545600843388201,0.9999992798359817,0.18811671908989644,1.0,302.54215184360766,10.0,0.021902972770625206,0.01732418262097561
2,adsorption,1466.0,100.04884214073695,12.990472070411368,0.12984130343195677,7.580227760739454,0.99999935454123,0.18897872400906157,1.0,302.54430461030586,10.0,0.02190390214660618,0.01730282268729572
2,adsorption,1468.0,100.04884353166672,12.992974762265858,0.12986631632731882,7.614812481144631,0.9999994215003919,0.18984029476733255,1.0,302.5463657085261,10.0,0.021904791972730465,0.017281983093795597
2,adsorption,1470.0,100.04884488886434,12.995416549910564,0.12989072052102205,7.649356030234997,0.9999994815158408,0.19070143889179292,1.0,302.54833782092624,10.0,0.021905643404006973,0.017261648898179806
2,adsorption,1472.0,100.04884621330118,12.997799188818728,0.12991453355801627,7.6838594041858315,0.9999995353069606,0.19156216368984355,1.0,302.5502235525438,10.0,0.021906457562188515,0.0172418055768786
2,adsorption,1474.0,100.04884750592092,13.000124384816035,0.1299377724870512,7.718323570560682,0.9999995835189659,0.1924224762563311,1.0,302.5520254330464,10.0,0.021907235536726324,0.017222439014182328
2,adsorption,1476.0,100.0488487676403,13.002393795204187,0.12996045387190572,7.752749469104913,0.9999996267303715,0.19328238348471613,1.0,302.5537459188444,10.0,0.021907978385665963,0.01720353549584554
2,adsorption,1478.0,100.04884999935001,13.004609030068167,0.12998259380445304,7.787138012519468,0.9999996654596915,0.19414189206846003,1.0,302.55538739514895,10.0,0.02190868713652081,0.01718508169470651
2,adsorption,1480.0,100.04885120191551,13.006771653762922,0.13000420791951978,7.821490087224551,0.9999997001716346,0.19500100850641336,1.0,302.5569521780034,10.0,0.021909362787134904,0.017167064659896196
2,adsorption,1482.0,100.04885237617736,13.00888318605629,0.1300253114063089,7.855806554108585,0.9999997312827429,0.19585973911155724,1.0,302.55844251627354,10.0,0.02191000630652882,0.017149471809182318
2,adsorption,1484.0,100.04885352295234,13.010945103308655,0.13004591902018944,7.890088249255034,0.9999997591664128,0.19671809001416996,1.0,302.5598605935771,10.0,0.02191061863572043,0.01713229091697856
2,adsorption,1486.0,100.04885464303398,13.012958839808753,0.1300660450960474,7.924335984645413,0.9999997841573527,0.19757606716657594,1.0,302.56120853015057,10.0,0.021911200688519098,0.017115510104171644
2,adsorption,1488.0,100.04885573719292,13.014925788878621,0.13008570355932972,7.958550548843151,0.999999806555572,0.19843367635026526,1.0,302.56248838466297,10.0,0.021911753352297846,0.017099117830343798
2,adsorption,1490.0,100.04885680617795,13.016847303953956,0.13010490793684085,7.992732707659908,0.9999998266299734,0.1992909231795145,1.0,302.5637021559824,10.0,0.02191227748874583,0.017083102883343287
2,adsorption,1492.0,100.04885785071644,13.018724699783267,0.13012367136872857,8.026883204803307,0.9999998446215808,0.20014781310558635,1.0,302.56485178489294,10.0,0.021912773934599953,0.017067454369711663
2,adsorption,1494.0,100.048858871515,13.02055925346893,0.13014200661888836,8.06100276249887,0.9999998607463937,0.2010043514228595,1.0,302.56593915574206,10.0,0.021913243502347225,0.017052161707275124
2,adsorption,1496.0,100.0488598692599,13.022352205451242,0.1301599260847986,8.095092082108511,0.9999998751980262,0.20186054327075872,1.0,302.5669660980795,10.0,0.0219136869809239,0.01703721461419385
2,adsorption,1498.0,100.04886084461774,13.024104760704889,0.13017744180947904,8.129151844715247,0.9999998881499574,0.2027163936438536,1.0,302.5679343882028,10.0,0.021914105136374845,0.017022603105677554
2,adsorption,1500.0,100.04886179823613,13.025818089557578,0.13019456548967182,8.163182711769538,0.9999998997578918,0.20357190739315523,1.0,302.5688457508646,10.0,0.021914498712583375,0.017008317481859225
2,adsorption,1502.0,100.0488627307443,13.027493328741695,0.13021130848635262,8.197185325587999,0.9999999101613424,0.20442708922227223,1.0,302.5697018605942,10.0,0.02191486843183491,0.016994348314359916
2,adsorption,1504.0,100.04886364275309,13.029131582538271,0.13022768183616465,8.231160309886887,0.9999999194852631,0.20528194370461122,1.0,302.5705043431095,10.0,0.021915214995420148,0.016980686450087233
2,adsorption,1506.0,100.04886453485584,13.030733923090839,0.13024369625455456,8.265108270336604,0.9999999278416333,0.206136475282676,1.0,302.5712547767792,10.0,0.02191553908426034,0.016967322999272047
2,adsorption,1508.0,100.04886540762912,13.03230139191492,0.13025936215085906,8.299029795089025,0.999999935330846,0.2069906882658267,1.0,302.57195469401455,10.0,0.02191584135950259,0.016954249322742622
2,adsorption,1510.0,100.04886626163288,13.033835000629292,0.13027468963561414,8.332925455279593,0.9999999420429223,0.2078445868392362,1.0,302.57260558259827,10.0,0.021916122463088338,0.016941457029283933
2,adsorption,1512.0,100.04886709741066,13.035335731517227,0.13028968852616413,8.36679580546808,0.9999999480584459,0.20869817506989088,1.0,302.57320888684706,10.0,0.021916383018250354,0.01692893797174367
2,adsorption,1514.0,100.04886791549063,13.036804538565992,0.1303043683570506,8.400641384158869,0.9999999534496538,0.20955145690683297,1.0,302.57376600898215,10.0,0.02191662363009997,0.01691668423652866
2,adsorption,1516.0,100.04886871638575,13.038242348324959,0.13031873838858896,8.434462714269879,0.999999958281325,0.21040443618303947,1.0,302.5742783103661,10.0,0.02191684488615669,0.016904688135565907
2,adsorption,1518.0,100.0488695005941,13.039650060626498,0.13033280761407373,8.468260303572123,0.9999999626115335,0.21125711662228153,1.0,302.5747471126624,10.0,0.021917047356844976,0.016892942203125948
2,adsorption,1520.0,100.04887026859944,13.041028549256723,0.13034658476648162,8.502034645118545,0.9999999664923223,0.21210950184097582,1.0,302.57517369896516,10.0,0.021917231595978172,0.01688143918857772
2,adsorption,1522.0,100.04887102087174,13.042378662793439,0.13036007832684687,8.535786217666908,0.9999999699703277,0.21296159534980313,1.0,302.57555931491333,10.0,0.021917398141236246,0.016870172049058357
2,adsorption,1524.0,100.04887175786713,13.043701225316912,0.13037329653136492,8.569515486093652,0.9999999730873463,0.21381340055863404,1.0,302.5759051697813,10.0,0.021917547514633248,0.01685913394514794
2,adsorption,1526.0,100.04887248002886,13.044997037035287,0.13038624737764284,8.6032229017955,0.9999999758808408,0.21466492077927635,1.0,302.5762124375357,10.0,0.02191768022297074,0.016848318234930094
2,adsorption,1528.0,100.04887318778724,13.046266875021285,0.13039893863206264,8.636908903077686,0.9999999783843876,0.21551615922719342,1.0,302.5764822578573,10.0,0.021917796758276188,0.016837718467444016
2,adsorption,1530.0,100.04887388156011,13.047511493884311,0.13041137783649837,8.670573915530875,0.9999999806280794,0.21636711902529093,1.0,302.5767157371334,10.0,0.021917897598228694,0.016827328378133527
2,adsorption,1532.0,100.04887456175344,13.048731626355544,0.13042357231416374,8.704218352398327,0.9999999826388852,0.21721780320672943,1.0,302.57691394942333,10.0,0.021917983206573646,0.01681714188365966
2,adsorption,1534.0,100.0488752287612,13.049927983942062,0.1304355291761499,8.737842614932669,0.9999999844409754,0.21806821471661433,1.0,302.5770779373969,10.0,0.021918054033525425,0.016807153075964008
2,adsorption,1536.0,100.04887588296624,13.051101257546852,0.1304472553276219,8.771447092737896,0.9999999860560085,0.21891835641518967,1.0,302.57720871323374,10.0,0.021918110516153777,0.016797356217920747
2,adsorption,1538.0,100.04887652474007,13.052252118010799,0.130458757473236,8.805032164109287,0.9999999875033968,0.21976823107945198,1.0,302.5773072595178,10.0,0.02191815307876803,0.016787745737674838
2,adsorption,1540.0,100.04887715444359,13.053381216757979,0.13047004212358843,8.838598196354708,0.9999999888005314,0.22061784140840293,1.0,302.57737453008053,10.0,0.021918182133279302,0.016778316226474712
2,adsorption,1542.0,100.04887777242719,13.054489186286348,0.13048111560012,8.872145546149339,0.9999999899630211,0.22146719002345172,1.0,302.57741145093183,10.0,0.02191819807960082,0.0167690624316492
2,adsorption,1544.0,100.0488783790312,13.055576640747732,0.13049198404091247,8.905674559808986,0.9999999910048494,0.2223162794667674,1.0,302.5774189209793,10.0,0.021918201305956907,0.016759979249539703
2,adsorption,1546.0,100.04887897458609,13.056644176561472,0.13050265340682182,8.939185573582602,0.9999999919385398,0.22316511221063232,1.0,302.5773978127982,10.0,0.021918192189213963,0.016751061727427043
2,adsorption,1548.0,100.04887955941254,13.057692372618996,0.1305131294835229,8.972678913955928,0.9999999927753146,0.2240136906564968,1.0,302.57734897342675,10.0,0.021918171095222566,0.01674230505641369
2,adsorption,1550.0,100.04888013382227,13.058721791123647,0.1305234178899025,9.006154897940032,0.999999993525234,0.22486201713440598,1.0,302.5772732251233,10.0,0.02191813837914307,0.016733704564937196
2,adsorption,1552.0,100.04888069811771,13.059732977966776,0.13053352408181892,9.039613833346094,0.9999999941973182,0.225710093907738,1.0,302.57717136608943,10.0,0.0219180943857568,0.016725255717109734
2,adsorption,1554.0,100.04888125259255,13.060726463067047,0.13054345335549272,9.073056019026184,0.9999999947996415,0.2265579231759833,1.0,302.57704417110165,10.0,0.021918039449737633,0.016716954110093617
2,adsorption,1556.0,100.04888179753196,13.061702760950949,0.1305532108533087,9.106481745157446,0.9999999953394411,0.22740550707545729,1.0,302.57689239225556,10.0,0.02191797389597242,0.016708795468791688
2,adsorption,1558.0,100.04888233321284,13.062662371201034,0.1305628015682957,9.13989129349823,0.9999999958232066,0.22825284768015885,1.0,302.5767167596383,10.0,0.021917898039850364,0.016700775641249565
2,adsorption,1560.0,100.04888285990407,13.06360577887481,0.1305722303483133,9.173284937627859,0.9999999962567556,0.22909994700518665,1.0,302.5765179819576,10.0,0.021917812187533844,0.016692890596585196
2,adsorption,1562.0,100.0488833778667,13.064533454879632,0.1305815018997986,9.206662943180378,0.9999999966453014,0.2299468070081119,1.0,302.57629674715446,10.0,0.02191771663622229,0.01668513642129419
2,adsorption,1564.0,100.04888388735418,13.065445856418068,0.13059062079221745,9.240025568075097,0.999999996993515,0.23079342958975446,1.0,302.57605372300804,10.0,0.021917611674412404,0.016677509315109636
2,adsorption,1566.0,100.04888438861266,13.06634342739179,0.13059959146210104,9.273373062742017,0.999999997305583,0.2316398165966834,1.0,302.57578955772647,10.0,0.021917497582152883,0.016670005588440742
2,adsorption,1568.0,100.04888488188088,13.067226598748881,0.13060841821651717,9.306705670340392,0.9999999975852573,0.23248596982286993,1.0,302.57550488051953,10.0,0.021917374631291002,0.01666262165922773
2,adsorption,1570.0,100.04888536739097,13.06809578888099,0.13061710523703934,9.340023626970028,0.9999999978359007,0.23333189101060234,1.0,302.5752003021526,10.0,0.021917243085711233,0.016655354049316836
2,adsorption,1572.0,100.04888584536815,13.068951403997133,0.1306256565834828,9.373327161876256,0.9999999980605268,0.234177581852487,1.0,302.57487641548374,10.0,0.021917103201566666,0.01664819938189379
2,adsorption,1574.0,100.0488863160311,13.06979383844847,0.13063407619715064,9.40661649764952,0.9999999982618359,0.23502304399292415,1.0,302.57453379598655,10.0,0.02191695522750436,0.01664115437857952
2,adsorption,1576.0,100.04888677959194,13.070623475084735,0.13064236790439626,9.439891850419185,0.999999998442249,0.23586827902913513,1.0,302.5741730022575,10.0,0.021916799404884005,0.016634215856261205
2,adsorption,1578.0,100.04888723625697,13.071440685592556,0.1306505354200038,9.473153430039309,0.9999999986039345,0.23671328851280476,1.0,302.57379457650336,10.0,0.021916635967987923,0.016627380724617374
2,adsorption,1580.0,100.04888768622625,13.072245830797641,0.13065858235020933,9.506401440273136,0.9999999987488363,0.23755807395093645,1.0,302.57339904502373,10.0,0.02191646514422918,0.016620645982993686
2,adsorption,1582.0,100.04888812969409,13.073039261017572,0.13066651219622646,9.539636078967423,0.9999999988786958,0.23840263680876697,1.0,302.5729869186679,10.0,0.021916287154348485,0.016614008719252116
2,adsorption,1584.0,100.04888856684897,13.073821316325986,0.13067432835688664,9.5728575382449,0.9999999989950756,0.23924697850994195,1.0,302.5725586933372,10.0,0.021916102212630923,0.016607466105894326
2,adsorption,1586.0,100.0488889978741,13.07459232687454,0.13068203413185686,9.606066004652373,0.999999999099376,0.24009110043554993,1.0,302.572114850374,10.0,0.021915910527073486,0.016601015396142758
2,adsorption,1588.0,100.04888942294731,13.075352613230432,0.13068963272501308,9.639261659319224,0.9999999991928505,0.24093500392927406,1.0,302.57165585697743,10.0,0.02191571229956455,0.0165946539250298
2,adsorption,1590.0,100.04888984224102,13.076102486481776,0.13069712724549387,9.672444678121947,0.9999999992766229,0.24177869029688717,1.0,302.57118216663224,10.0,0.021915507726068786,0.016588379105523063
2,adsorption,1592.0,100.04889025592298,13.076842248700993,0.1307045207123308,9.705615231840394,0.9999999993517001,0.2426221608057846,1.0,302.5706942195186,10.0,0.021915296996803894,0.016582188424856214
2,adsorption,1594.0,100.04889066415569,13.077572193152111,0.1307118160565211,9.738773486306497,0.9999999994189854,0.24346541668772723,1.0,302.57019244290115,10.0,0.02191508029640849,0.016576079443761205
2,adsorption,1596.0,100.04889106709716,13.078292604469455,0.13071901612281323,9.771919602534574,0.9999999994792871,0.24430845914025198,1.0,302.56967725147047,10.0,0.021914857804089385,0.0165700497949479
2,adsorption,1598.0,100.0488914649006,13.079003758979486,0.13072612367292336,9.80505373687504,0.9999999995333296,0.2451512893270053,1.0,302.56914904774425,10.0,0.02191462969379471,0.01656409718016849
2,adsorption,1600.0,100.04889185771499,13.079705924945364,0.1307331413879799,9.838176041152918,0.9999999995817627,0.24599390837829488,1.0,302.5686082224297,10.0,0.02191439613437028,0.016558219367788226
2,adsorption,1602.0,100.04889224568467,13.08039936279053,0.13074007187075795,9.871286662797461,0.9999999996251687,0.2468363173929078,1.0,302.56805515476276,10.0,0.021914157289706013,0.01655241419162441
2,adsorption,1604.0,100.04889262894984,13.081084325306746,0.13074691764775856,9.904385744968458,0.9999999996640696,0.24767851743877,1.0,302.5674902128384,10.0,0.021913913318878424,0.016546679548863984
2,adsorption,1606.0,100.04889300764684,13.081761057896866,0.13075368117163488,9.937473426680754,0.9999999996989328,0.24852050955345395,1.0,302.56691375393615,10.0,0.0219136643762912,0.01654101339788792
2,adsorption,1608.0,100.04889338190772,13.082429798790827,0.13076036482335124,9.97054984292601,0.9999999997301776,0.2493622947455116,1.0,302.5663261248388,10.0,0.021913410611812657,0.01653541375685853
2,adsorption,1610.0,100.04889375186082,13.083090779237871,0.13076697091410405,10.003615124790732,0.9999999997581795,0.2502038739952915,1.0,302.5657276621404,10.0,0.021913152170908848,0.01652987870194352
2,adsorption,1612.0,100.04889411763074,13.083744223721931,0.1307735016874744,10.036669399570288,0.9999999997832751,0.25104524825552604,1.0,302.5651186925447,10.0,0.021912889194772217,0.016524406365427097
2,adsorption,1614.0,100.0488944793384,13.084390350161742,0.13077995932142825,10.069712790879526,0.999999999805766,0.2518864184523307,1.0,302.5644995331543,10.0,0.021912621820446603,0.01651899493424434
2,adsorption,1616.0,100.0488948371011,13.08502937009165,0.13078634593012348,10.102745418760417,0.9999999998259226,0.2527273854859999,1.0,302.56387049175174,10.0,0.021912350180948503,0.016513642648403885
2,adsorption,1618.0,100.04889519103286,13.08566148885209,0.1307926635658134,10.135767399786598,0.9999999998439874,0.2535681502316442,1.0,302.56323186707317,10.0,0.021912074405385253,0.016508347799339153
2,adsorption,1620.0,100.04889554124429,13.08628690577184,0.13079891422066856,10.168778847163534,0.9999999998601772,0.25440871353997174,1.0,302.56258394906956,10.0,0.02191179461906783,0.016503108728474915
2,adsorption,1622.0,100.0488958878428,13.086905814337133,0.13080509982846653,10.201779870827968,0.9999999998746868,0.2552490762377577,1.0,302.5619270191671,10.0,0.021911510943623324,0.016497923825541716
2,adsorption,1624.0,100.04889623093256,13.087518402377222,0.1308112222664471,10.234770577541862,0.9999999998876903,0.25608923912952325,1.0,302.5612613505125,10.0,0.021911223497100826,0.0164927915280392
2,adsorption,1626.0,100.04889657061482,13.0881248522086,0.13081728335675308,10.267751070996106,0.9999999998993444,0.2569292029974374,1.0,302.5605872082431,10.0,0.02191093239408814,0.016487710318974533
2,adsorption,1628.0,100.04889690698779,13.088725340814886,0.13082328486822845,10.300721451890247,0.9999999999097888,0.2577689686009522,1.0,302.5599048496959,10.0,0.02191063774580201,0.016482678724877693
2,adsorption,1630.0,100.0488972401468,13.089320040020842,0.13082922851815768,10.333681818017894,0.9999999999191497,0.2586085366795429,1.0,302.5592145246313,10.0,0.021910339660184755,0.0164776953163504
2,adsorption,1632.0,100.04889757018447,13.089909116554876,0.13083511597289002,10.366632264355296,0.999999999927539,0.2594479079523684,1.0,302.55851647546325,10.0,0.021910038242003774,0.01647275870591545
2,adsorption,1634.0,100.04889789719053,13.090492732299909,0.13084094885034714,10.399572883145442,0.9999999999350575,0.26028708311806587,1.0,302.5578109374795,10.0,0.0219097335929465,0.016467867546075213
2,adsorption,1636.0,100.04889822125229,13.091071044403567,0.13084672872112424,10.43250376397809,0.9999999999417961,0.26112606285619816,1.0,302.55709813905065,10.0,0.021909425811710983,0.016463020528867486
2,adsorption,1638.0,100.04889854245444,13.0916442053745,0.13085245710945265,10.465424993859891,0.9999999999478354,0.2619648478281096,1.0,302.55637830181365,10.0,0.02190911499408482,0.016458216385124416
2,adsorption,1640.0,100.04889886087913,13.092212363257321,0.13085813549494849,10.498336657297118,0.999999999953248,0.2628034386769541,1.0,302.55565164088705,10.0,0.02190880123303848,0.016453453882758106
2,adsorption,1642.0,100.04889917660606,13.092775661765916,0.13086376531394497,10.531238836370118,0.9999999999580987,0.26364183602803415,1.0,302.5549183650656,10.0,0.021908484618809114,0.016448731825485653
2,adsorption,1644.0,100.04889948971278,13.093334240402406,0.1308693479606808,10.564131610803038,0.9999999999624462,0.2644800404898792,1.0,302.55417867700265,10.0,0.021908165238979538,0.016444049052286195
2,adsorption,1646.0,100.04889980027441,13.093888234567899,0.13087488478840809,10.597015058031749,0.9999999999663426,0.26531805265450825,1.0,302.55343277338704,10.0,0.021907843178554567,0.016439404436197298
2,adsorption,1648.0,100.04890010836387,13.094437775697727,0.13088037711074307,10.629889253270765,0.9999999999698347,0.26615587309760835,1.0,302.5526808451181,10.0,0.02190751852003662,0.01643479688306159
2,adsorption,1650.0,100.04890041405207,13.094982991377467,0.13088582620282602,10.66275426957869,0.9999999999729642,0.26699350237948966,1.0,302.5519230774766,10.0,0.021907191343499683,0.016430225330967205
2,adsorption,1652.0,100.0489007174077,13.09552400543966,0.13089123330228797,10.695610177921678,0.9999999999757692,0.2678309410453602,1.0,302.55115965029006,10.0,0.021906861726660624,0.01642568874914828
2,adsorption,1654.0,100.04890101849753,13.096060938089508,0.13089659961050693,10.728457047234663,0.9999999999782829,0.2686681896255555,1.0,302.55039073809274,10.0,0.021906529744948413,0.01642118613689408
2,adsorption,1656.0,100.04890131738631,13.096593906009932,0.13090192629365768,10.76129494448078,0.9999999999805361,0.26950524863631337,1.0,302.5496165102809,10.0,0.021906195471571174,0.016416716522961988
2,adsorption,1658.0,100.04890161413695,13.0971230224524,0.1309072144836198,10.794123934709221,0.9999999999825553,0.2703421185800522,1.0,302.54883713126355,10.0,0.02190585897758133,0.01641227896459835
2,adsorption,1660.0,100.04890190881049,13.097648397348543,0.1309124652790931,10.826944081111376,0.9999999999843651,0.27117879994566185,1.0,302.54805276060904,10.0,0.021905520331938943,0.016407872546607208
2,adsorption,1662.0,100.04890220146613,13.098170137407099,0.13091767974656654,10.859755445075278,0.9999999999859872,0.2720152932090452,1.0,302.5472635531873,10.0,0.021905179601573246,0.016403496380667286
2,adsorption,1664.0,100.0489024921614,13.098688346201273,0.13092285892119132,10.892558086238537,0.9999999999874408,0.2728515988335137,1.0,302.5464696593076,10.0,0.0219048368514421,0.01639914960455721
2,adsorption,1666.0,100.04890278095218,13.099203124264223,0.1309280038077351,10.925352062539668,0.9999999999887437,0.27368771727003727,1.0,302.54567122485287,10.0,0.021904492144590094,0.016394831381289523
2,adsorption,1668.0,100.04890306789258,13.099714569181897,0.13093311538151006,10.95813743026789,0.9999999999899112,0.27452364895765846,1.0,302.5448683914096,10.0,0.021904145542204656,0.016390540898416666
2,adsorption,1670.0,100.04890335303517,13.100222775673737,0.13093819458917955,10.990914244111535,0.9999999999909578,0.2753593943239254,1.0,302.54406129639375,10.0,0.021903797103670523,0.016386277367383028
2,adsorption,1672.0,100.04890363643115,13.100727835677244,0.13094324234960267,11.02368255720504,0.9999999999918959,0.27619495378514963,1.0,302.54325007317397,10.0,0.021903446886622935,0.016382040022756405
2,adsorption,1674.0,100.04890391812987,13.101229838432799,0.13094825955468284,11.056442421174514,0.9999999999927365,0.27703032774669045,1.0,302.5424348511898,10.0,0.021903094946998772,0.016377828121512457
2,adsorption,1676.0,100.04890419817954,13.101728870561505,0.13095324707014533,11.089193886181956,0.9999999999934901,0.2778655166033559,1.0,302.5416157560676,10.0,0.021902741339086606,0.01637364094244684
2,adsorption,1678.0,100.04890447662687,13.10222501613923,0.13095820573627703,11.121937000968263,0.9999999999941652,0.27870052073976254,1.0,302.5407929097325,10.0,0.021902386115575156,0.016369477785577773
2,adsorption,1680.0,100.04890475351712,13.102718356772959,0.1309631363686902,11.154671812894936,0.9999999999947704,0.2795353405304822,1.0,302.53996643051704,10.0,0.02190202932760024,0.01636533797139389
2,adsorption,1682.0,100.04890502889434,13.103208971676262,0.13096803975907612,11.187398367984533,0.9999999999953126,0.28036997634043376,1.0,302.539136433267,10.0,0.021901671024790428,0.016361220840337646
2,adsorption,1684.0,100.04890530280123,13.103696937734005,0.13097291667585212,11.220116710959987,0.9999999999957989,0.28120442852521854,1.0,302.5383030294438,10.0,0.021901311255311404,0.016357125752264334
2,adsorption,1686.0,100.04890557527914,13.104182329572502,0.13097776786486295,11.252826885282735,0.9999999999962347,0.2820386974312359,1.0,302.53746632722385,10.0,0.021900950065908927,0.016353052085738538
2,adsorption,1688.0,100.04890584636834,13.10466521963006,0.13098259405008517,11.285528933189749,0.999999999996625,0.282872783396096,1.0,302.5366264315954,10.0,0.021900587501950536,0.016348999237607496
2,adsorption,1690.0,100.04890611610794,13.105145678213965,0.13098739593419728,11.318222895729502,0.9999999999969751,0.28370668674888744,1.0,302.5357834444519,10.0,0.02190022360746618,0.016344966622472666
2,adsorption,1692.0,100.04890638453571,13.105623773566261,0.13099217419923703,11.350908812796837,0.9999999999972888,0.284540407810245,1.0,302.5349374646834,10.0,0.02189985842518742,0.016340953672013353
2,adsorption,1694.0,100.0489066516886,13.10609957192876,0.13099692950725073,11.383586723166827,0.99999999999757,0.28537394689279805,1.0,302.53408858826464,10.0,0.021899491996585682,0.016336959834657817
2,adsorption,1696.0,100.0489069176022,13.106573137592838,0.1310016625007916,11.41625666452767,0.999999999997822,0.2862073043013895,1.0,302.53323690834077,10.0,0.021899124361909363,0.01633298457507699
2,adsorption,1698.0,100.04890718231118,13.107044532961854,0.13100637380354316,11.448918673512608,0.9999999999980478,0.2870404803331054,1.0,302.5323825153106,10.0,0.02189875556021966,0.016329027373538606
2,adsorption,1700.0,100.04890744584924,13.10751381861027,0.13101106402091017,11.481572785730853,0.9999999999982503,0.28787347527774104,1.0,302.5315254969074,10.0,0.02189838562942566,0.016325087725653862
2,adsorption,1702.0,100.04890770824898,13.107981053327602,0.131015733740458,11.514219035797709,0.9999999999984318,0.28870628941794774,1.0,302.5306659382773,10.0,0.02189801460631804,0.016321165141868654
2,adsorption,1704.0,100.04890796954213,13.108446294177991,0.13102038353250786,11.54685745736376,0.9999999999985943,0.2895389230293199,1.0,302.52980392205535,10.0,0.021897642526602135,0.01631725914692378
2,adsorption,1706.0,100.04890822975943,13.108909596551747,0.13102501395065214,11.579488083143158,0.9999999999987402,0.290371376380754,1.0,302.52893952843937,10.0,0.021897269424929814,0.01631336927956582
2,adsorption,1708.0,100.04890848893075,13.109371014207804,0.13102962553217865,11.612110944941154,0.9999999999988709,0.291203649734611,1.0,302.5280728352617,10.0,0.0218968953349304,0.01630949509210613
2,adsorption,1710.0,100.04890874708506,13.109830599326752,0.13103421879860044,11.644726073680795,0.999999999998988,0.292035743346819,1.0,302.5272039180587,10.0,0.021896520289240832,0.016305636149946453
2,adsorption,1712.0,100.04890900425053,13.110288402558325,0.13103879425613066,11.677333499428787,0.9999999999990928,0.29286765746716914,1.0,302.5263328501386,10.0,0.021896144319534936,0.01630179203128741
2,adsorption,1714.0,100.04890926045442,13.110744473060922,0.13104335239607762,11.70993325142072,0.9999999999991869,0.29369939233948933,1.0,302.52545970264634,10.0,0.021895767456551477,0.0162979623267451
2,adsorption,1716.0,100.04890951572324,13.111198858548851,0.13104789369531664,11.742525358085432,0.9999999999992714,0.29453094820172304,1.0,302.52458454462817,10.0,0.021895389730122086,0.01629414663890614
2,adsorption,1718.0,100.04890977008273,13.111651605336737,0.13105241861673408,11.775109847068707,0.999999999999347,0.295362325286193,1.0,302.52370744309263,10.0,0.021895011169197596,0.016290344582053088
2,adsorption,1720.0,100.04891002355788,13.112102758375572,0.13105692760958765,11.807686745256307,0.9999999999994146,0.2961935238197805,1.0,302.5228284630709,10.0,0.021894631801874155,0.016286555781833186
2,adsorption,1722.0,100.04891027617288,13.112552361295561,0.13106142110993466,11.840256078796271,0.9999999999994752,0.29702454402397854,1.0,302.52194766767497,10.0,0.021894251655418428,0.01628277987483405
2,adsorption,1724.0,100.0489105279513,13.113000456446926,0.13106589954103962,11.87281787312058,0.9999999999995297,0.2978553861151287,1.0,302.52106511815396,10.0,0.021893870756291817,0.016279016508329292
2,adsorption,1726.0,100.04891077891591,13.11344708493331,0.13107036331370844,11.905372152966205,0.9999999999995786,0.2986860503046257,1.0,302.52018087394896,10.0,0.021893489130174287,0.01627526534001058
2,adsorption,1728.0,100.04891102908896,13.1138922866497,0.13107481282666705,11.93791894239554,0.9999999999996222,0.29951653679891227,1.0,302.51929499274655,10.0,0.02189310680198742,0.016271526037552476
2,adsorption,1730.0,100.04891127849189,13.114336100321495,0.13107924846695224,11.970458264816173,0.9999999999996614,0.3003468457997338,1.0,302.51840753053,10.0,0.02189272379591662,0.01626779827841377
2,adsorption,1732.0,100.04891152714559,13.114778563533994,0.13108367061020598,12.00299014300018,0.9999999999996966,0.3011769775043214,1.0,302.5175185416297,10.0,0.021892340135432876,0.016264081749587444
2,adsorption,1734.0,100.04891177507035,13.115219712766383,0.13108807962101554,12.035514599102783,0.9999999999997281,0.30200693210536966,1.0,302.51662807877176,10.0,0.02189195584331376,0.0162603761471885
2,adsorption,1736.0,100.0489120222858,13.115659583429231,0.13109247585328795,12.068031654680427,0.9999999999997563,0.3028367097912538,1.0,302.5157361931251,10.0,0.02189157094166383,0.016256681176259058
2,adsorption,1738.0,100.04891226881112,13.116098209890723,0.13109685965051202,12.100541330708415,0.9999999999997816,0.3036663107462503,1.0,302.5148429343476,10.0,0.021891185451934546,0.01625299655058484
2,adsorption,1740.0,100.04891251466474,13.116535625506655,0.13110123134605878,12.133043647597992,0.9999999999998042,0.30449573515048406,1.0,302.51394835063013,10.0,0.02189079939494329,0.016249321992290816
2,adsorption,1742.0,100.04891275986472,13.116971862656655,0.13110559126354263,12.16553862521287,0.9999999999998244,0.30532498318012263,1.0,302.51305248874013,10.0,0.02189041279089226,0.01624565723165836
2,adsorption,1744.0,100.04891300442847,13.117406952766306,0.1311099397170431,12.198026282885369,0.9999999999998426,0.306154055007602,1.0,302.5121553940634,10.0,0.021890025659386497,0.016242002006978642
2,adsorption,1746.0,100.04891324837294,13.117840926336,0.131114277011393,12.230506639432003,0.9999999999998589,0.3069829508015282,1.0,302.51125711064486,10.0,0.021889638019451506,0.016238356064139876
2,adsorption,1748.0,100.0489134917146,13.11827381297383,0.13111860344250717,12.26297971316863,0.9999999999998734,0.30781167072692966,1.0,302.51035768122773,10.0,0.021889249889550242,0.016234719156524104
2,adsorption,1750.0,100.04891373446942,13.118705641414152,0.13112291929756775,12.295445521925165,0.9999999999998866,0.30864021494537386,1.0,302.50945714729227,10.0,0.021888861287599738,0.016231091044796454
2,adsorption,1752.0,100.04891397665284,13.119136439547317,0.13112722485532197,12.327904083059877,0.9999999999998984,0.3094685836149681,1.0,302.50855554909265,10.0,0.021888472230987232,0.016227471496605025
2,adsorption,1754.0,100.04891421828,13.11956623444604,0.13113152038634476,12.36035541347323,0.9999999999999089,0.31029677689055163,1.0,302.50765292569326,10.0,0.021888082736585653,0.016223860286453173
2,adsorption,1756.0,100.04891445936539,13.119995052384548,0.13113580615323114,12.392799529621337,0.9999999999999184,0.3111247949237613,1.0,302.5067493150037,10.0,0.021887692820768915,0.01622025719547206
2,adsorption,1758.0,100.04891469992324,13.120422918866405,0.13114008241087366,12.425236447529024,0.9999999999999267,0.31195263786308486,1.0,302.50584475381265,10.0,0.021887302499426522,0.016216662011191395
2,adsorption,1760.0,100.04891493996733,13.1208498586461,0.13114434940667818,12.457666182802482,0.9999999999999344,0.312780305854039,1.0,302.50493927782117,10.0,0.02188691178797783,0.016213074527424445
2,adsorption,1762.0,100.04891517951093,13.121275895748656,0.13114860738076017,12.490088750641595,0.999999999999941,0.3136077990391921,1.0,302.5040329216744,10.0,0.021886520701385984,0.016209494544028123
2,adsorption,1764.0,100.04891541856708,13.121701053494638,0.13115285656619435,12.522504165851862,0.9999999999999472,0.31443511755824777,1.0,302.503125718993,10.0,0.021886129254171268,0.016205921866722876
2,adsorption,1766.0,100.04891565714826,13.122125354519072,0.131157097189204,12.55491244285599,0.9999999999999527,0.31526226154818543,1.0,302.50221770240296,10.0,0.02188573746042423,0.01620235630696878
2,adsorption,1768.0,100.04891589526675,13.122548820790508,0.13116132946935138,12.587313595705139,0.9999999999999576,0.31608923114326254,1.0,302.50130890356536,10.0,0.021885345333818317,0.016198797681730402
2,adsorption,1770.0,100.04891613293437,13.122971473633633,0.1311655536197636,12.619707638089828,0.9999999999999619,0.3169160264751679,1.0,302.50039935320433,10.0,0.021884952887622117,0.016195245813377983
2,adsorption,1772.0,100.04891637016264,13.123393333744898,0.13116976984728898,12.652094583350555,0.9999999999999658,0.3177426476730564,1.0,302.499489081135,10.0,0.02188456013471139,0.01619170052949319
2,adsorption,1774.0,100.04891660696269,13.123814421213517,0.13117397835270705,12.684474444488052,0.9999999999999694,0.3185690948636084,1.0,302.49857811628993,10.0,0.021884167087580505,0.016188161662704276
2,adsorption,1776.0,100.0489168433454,13.124234755538417,0.13117817933089754,12.716847234173295,0.9999999999999726,0.3193953681711807,1.0,302.4976664867456,10.0,0.02188377375835388,0.016184629050603392
2,adsorption,1778.0,100.04891707932123,13.124654355643848,0.13118237297099677,12.749212964757195,0.9999999999999755,0.3202214677177644,1.0,302.49675421974723,10.0,0.021883380158796713,0.016181102535507124
2,adsorption,1780.0,100.04891731490041,13.12507323990055,0.13118655945660912,12.781571648279956,0.9999999999999779,0.3210473936231085,1.0,302.4958413417334,10.0,0.021882986300325605,0.016177581964364543
2,adsorption,1782.0,100.04891755009284,13.125491426138177,0.13119073896593098,12.813923296480233,0.9999999999999802,0.32187314600484007,1.0,302.4949278783598,10.0,0.02188259219401887,0.01617406718866659
2,adsorption,1784.0,100.04891778490817,13.125908931661309,0.13119491167191094,12.846267920804028,0.9999999999999822,0.32269872497844054,1.0,302.49401385452245,10.0,0.021882197850626558,0.01617055806423911
2,adsorption,1786.0,100.04891801935575,13.126325773267913,0.13119907774243453,12.878605532413214,0.9999999999999841,0.3235241306573077,1.0,302.4930992943799,10.0,0.021881803280580023,0.01616705445111566
2,adsorption,1788.0,100.04891825344453,13.126741967262458,0.13120323734045497,12.910936142193924,0.9999999999999857,0.32434936315289487,1.0,302.49218422137477,10.0,0.021881408494001303,0.01616355621347981
2,adsorption,1790.0,100.0489184871834,13.127157529468763,0.13120739062412148,12.943259760764647,0.9999999999999871,0.3251744225747306,1.0,302.49126865825554,10.0,0.0218810135007124,0.016160063219511207
2,adsorption,1792.0,100.04891872058089,13.1275724752465,0.13121153774694472,12.975576398484097,0.9999999999999883,0.32599930903043023,1.0,302.49035262709634,10.0,0.021880618310244012,0.01615657534122981
2,adsorption,1794.0,100.04891895364523,13.127986819505265,0.13121567885793686,13.007886065458818,0.9999999999999896,0.3268240226257802,1.0,302.48943614931704,10.0,0.02188022293184409,0.016153092454407884
2,adsorption,1796.0,100.04891918638452,13.128400576715602,0.13121981410172218,13.040188771550607,0.9999999999999908,0.32764856346486587,1.0,302.48851924570266,10.0,0.021879827374486287,0.016149614438522156
2,adsorption,1798.0,100.0489194188065,13.128813760921918,0.131223943618666,13.0724845263837,0.9999999999999918,0.32847293164998903,1.0,302.4876019364218,10.0,0.02187943164687787,0.016146141176532458
2,adsorption,1800.0,100.04891965091878,13.129226385758386,0.13122806754503338,13.104773339351462,0.9999999999999926,0.3292971272817921,1.0,302.4866842410445,10.0,0.021879035757467497,0.01614267255484672
2,evacuation,1800.0,100.04891965091878,13.129226385758386,0.13122806754503338,13.104773339351462,0.9999999999999926,0.3292971272817921,1.0,302.4866842410445,10.0,0.021879035757467497,0.01614267255484672
2,evacuation,1802.0,5.0052320233338135,2.7864767357303175,0.5567128002738105,13.054275482711496,0.9481157104346923,0.26960581174835785,1.0,302.31314092840586,10.0,0.02180425556075506,-0.04572361160480712
2,evacuation,1804.0,5.007753032753164,3.4823171456272113,0.6953851603406053,12.925699629721983,0.8803087958532849,0.22073456928362525,1.0,302.0436853562395,10.0,0.021688483651314087,-0.08146107238823973
2,evacuation,1806.0,5.009510702729752,3.820794685732493,0.7627081590324756,12.734006962696004,0.8124300613000359,0.18072218014902244,1.0,301.67699794468996,10.0,0.021531593835040646,-0.10891063325255582
2,evacuation,1808.0,5.010718519520846,4.0275650571097845,0.8037899238241234,12.494911507602628,0.7480282869811893,0.14796280672717663,1.0,301.2401886329959,10.0,0.021345689977231228,-0.12908278532169237
2,evacuation,1810.0,5.0115081698662065,4.168632930379201,0.8318120591810774,12.2216484131574,0.6882227121474198,0.12114170032268373,1.0,300.7553396875141,10.0,0.021140596111080892,-0.14329136677917098
2,evacuation,1812.0,5.0119775309078145,4.271678003650352,0.852293925363354,11.924919668739264,0.6332822112375757,0.09918243577286327,1.0,300.2399980004846,10.0,0.0209240482775185,-0.1527332920103851
2,evacuation,1814.0,5.012202589902144,4.350579541755148,0.8679975447361331,11.613211530838765,0.58311129825034,0.08120371081657504,1.0,299.707887889005,10.0,0.02070201244721508,-0.15842477389170165
2,evacuation,1816.0,5.0122429527924925,4.413131087913787,0.8804703063037039,11.29315892598059,0.5374500274582871,0.06648397640055813,1.0,299.1695966042395,10.0,0.020479003846538717,-0.16120339680632836
2,evacuation,1818.0,5.012145389786676,4.46407065404005,0.8906506708956514,10.969884343158393,0.4959687043232786,0.05443247888263402,1.0,298.6331775576926,10.0,0.020258373838799252,-0.16174785560026705
2,evacuation,1820.0,5.011946484790983,4.506453801626375,0.8991424420235627,10.647291976504945,0.4583161713879833,0.04456554741213976,1.0,298.10466076604774,10.0,0.020042554703737777,-0.16060176994737305
2,evacuation,1822.0,5.011674725956186,4.542343522588401,0.9063524212900228,10.328314407151659,0.4241450406469429,0.03648718962104905,1.0,297.5884747437951,10.0,0.01983326201944752,-0.1581967564867951
2,evacuation,1824.0,5.011352183944808,4.57318434229022,0.912564947429084,10.015115651530897,0.39312479979352727,0.029873187846306725,1.0,297.0877904517839,10.0,0.019631658740721935,-0.15487304355599893
2,evacuation,1826.0,5.0109958581034855,4.600018300242422,0.9179848538097565,9.709255642423143,0.3649480470213336,0.02445810179762296,1.0,296.6047978628835,10.0,0.019438485907391504,-0.15089707985797102
2,evacuation,1828.0,5.010648813171205,4.6244250551606045,0.9229194117545505,9.411482690436857,0.33932722371744783,0.020024603127430422,1.0,296.1403877711606,10.0,0.01925395219539098,-0.1469177283114883
2,evacuation,1830.0,5.010297175001449,4.646386126098783,0.9273673723949194,9.121773349567661,0.31599332795501334,0.01639475943436323,1.0,295.6942332336681,10.0,0.019077784070955478,-0.142747186701315
2,evacuation,1832.0,5.009938730142151,4.666028935855879,0.9313544909806682,8.840632746570057,0.2947190840189984,0.013422891922740017,1.0,295.2668579315365,10.0,0.018910050244479292,-0.1383674843194255
2,evacuation,1834.0,5.009579269004106,4.683721390145993,0.9349530446849497,8.568377516619728,0.27530045996797553,0.01098973482857776,1.0,294.85849075815827,10.0,0.01875070613692661,-0.133875876504016
2,evacuation,1836.0,5.0092230755137,4.699754185199655,0.9382201819226609,8.3051541518004,0.2575540451884638,0.008997634586647122,1.0,294.4690974623767,10.0,0.018599609744665974,-0.12934626916258074
2,evacuation,1838.0,5.008873264986925,4.7143601227981415,0.9412017181094415,8.050980377096511,0.24131532647674017,0.007366642107810606,1.0,294.09844821762965,10.0,0.018456550477017802,-0.12483422596789547
2,evacuation,1840.0,5.00853205026882,4.727727897709064,0.9439348396413508,7.8057777695188015,0.226436938324165,0.00603129792803831,1.0,293.7461705913137,10.0,0.018321271211314428,-0.12038095956055123
2,evacuation,1842.0,5.00820094975544,4.740012186850207,0.9464500794605039,7.569397118142161,0.21278697103805408,0.0049380103846279255,1.0,293.4117904598795,10.0,0.018193484881053223,-0.11601648207282077
2,evacuation,1844.0,5.007880950592846,4.751341092690873,0.9487727722697552,7.341638265044543,0.20024738261867414,0.00404290199138078,1.0,293.09476379701255,10.0,0.018072886978184217,-0.11176210210126836
2,evacuation,1846.0,5.007572635961764,4.7618217458332275,0.9509241486855963,7.1222654599582595,0.18871253352446607,0.0033100490174335063,1.0,292.794501068427,10.0,0.01795916482325755,-0.10763239156791822
2,evacuation,1848.0,5.007276284380536,4.771544563906859,0.9529221662465467,6.911019224543427,0.17808785262418955,0.0027100395865737714,1.0,292.5103858992521,10.0,0.017852004380939614,-0.10363673518805819
2,evacuation,1850.0,5.006991946941087,4.780586512120795,0.9547821452042459,6.70762545972479,0.1682886327823196,0.0022187932842638444,1.0,292.2417892363287,10.0,0.017751095189113178,-0.09978054841841726
2,evacuation,1852.0,5.006719507256776,4.789013637337222,0.956517262530084,6.511802389279383,0.1592389501724504,0.0018165947654935762,1.0,291.9880799911672,10.0,0.01765613385004943,-0.09606623316723575
2,evacuation,1854.0,5.006458727859253,4.79688305098366,0.9581389384657512,6.323265808600594,0.15087069883613577,0.001487302432925779,1.0,291.7486329403354,10.0,0.01756682643050009,-0.0924939263392365
2,evacuation,1856.0,5.006209285958944,4.804244487214726,0.9596571403215854,6.141733005928505,0.14312273079160123,0.0012177005924581081,1.0,291.52283448968444,10.0,0.017482890036572142,-0.08906208464340046
2,evacuation,1858.0,5.005970800888711,4.811141544328638,0.9610806246561637,5.966925646772226,0.135940091986111,0.0009969692242135346,1.0,291.3100867810304,10.0,0.017404053768873853,-0.08576794008904148
2,evacuation,1860.0,5.005742855070059,4.817612682441323,0.962417132066984,5.798571855055806,0.1292733441321023,0.0008162496578738666,1.0,291.10981052417077,10.0,0.01733005921846747,-0.08260785387077611
2,evacuation,1862.0,5.005525009889934,4.823692014209281,0.9636735416721749,5.636407670203564,0.12307796329705512,0.0006682889266458093,1.0,290.9214468470656,10.0,0.017260660623963857,-0.0795775900836248
2,evacuation,1864.0,5.005316817633108,4.829409967060876,0.9648560007325541,5.480178019904915,0.1173138072651062,0.0005471489069286164,1.0,290.7444583918593,10.0,0.01719562478115078,-0.0766725260582285
2,evacuation,1866.0,5.0051178303378085,4.8347938022316965,0.965970026305132,5.329637326408457,0.11194464337920641,0.000447967853957649,1.0,290.5783298475208,10.0,0.01713473077945987,-0.07388781342626806
2,evacuation,1868.0,5.004927606273937,4.839868056471344,0.9670205919470877,5.18454983047642,0.10693772999507073,0.00036676522548258276,1.0,290.42256805476165,10.0,0.017077769616838316,-0.07121850020611001
2,evacuation,1870.0,5.004745714583683,4.844654911101341,0.9680122002970417,5.0446897014235645,0.10226344618760584,0.00030028212472945704,1.0,290.2767017934096,10.0,0.017024543733597793,-0.06865962223028797
2,evacuation,1872.0,5.004571738454999,4.849174461392061,0.9689489360560325,4.909840990972771,0.0978949625858405,0.00024585037820655536,1.0,290.14028134372603,10.0,0.01697486649783493,-0.06620627103293397
2,evacuation,1874.0,5.0044052773502035,4.853445037746726,0.9698345295320667,4.779797470105303,0.09380795008828213,0.00020128539463053197,1.0,290.012877884173,10.0,0.0169285616636958,-0.06385364313257384
2,evacuation,1876.0,5.004245948136569,4.857483296049985,0.9706723742982226,4.654362381434538,0.08998032057075836,0.00016479865008020933,1.0,289.8940827764061,10.0,0.016885462819061604,-0.061597074761426444
2,evacuation,1878.0,5.004093386011682,4.861304581522153,0.9714655995652125,4.533348134716169,0.08639199801588363,0.00013492586648588748,1.0,289.7835067811192,10.0,0.016845412836386613,-0.059432065628963235
2,evacuation,1880.0,5.003947244442913,4.8649228761594205,0.9722170595547576,4.416575963895186,0.0830247119630811,0.00011046807579761599,1.0,289.68077923133444,10.0,0.016808263334131428,-0.057354294218401373
2,evacuation,1882.0,5.003807195258856,4.868351093992972,0.9729293923646319,4.303875559399587,0.079861817872474,9.044369633113829e-05,1.0,289.5855471867201,10.0,0.016773874155151018,-0.05535962630161282
2,evacuation,1884.0,5.003672928151167,4.8716011099225485,0.9736050257230906,4.195084689287443,0.07688813417408613,7.404913679523875e-05,1.0,289.4974745866734,10.0,0.016742112866339236,-0.05344411866433344
2,evacuation,1886.0,5.003544150163976,4.874683889795686,0.9742462029911204,4.090048816817802,0.07408979757077105,6.0626415775162636e-05,1.0,289.4162414141756,10.0,0.01671285428185978,-0.05160401922166237
2,evacuation,1888.0,5.003420585029237,4.877609577977852,0.9748550007113483,3.9886207203787754,0.07145413458242579,4.963680537522479e-05,1.0,289.34154287914225,10.0,0.01668598001123527,-0.0498357642904536
2,evacuation,1890.0,5.003301972398904,4.880387559042837,0.9754333410147672,3.8906601209773504,0.06896954643048347,4.0639245195728726e-05,1.0,289.27308862794433,10.0,0.016661378032963692,-0.04813597391315615
2,evacuation,1892.0,5.003188067079297,4.883026542821309,0.975983008704261,3.7960333209290402,0.066625406309989,3.3272682040013736e-05,1.0,289.2106019841875,10.0,0.016638942293897254,-0.046501445811531546
2,evacuation,1894.0,5.003078638208067,4.8855346108946485,0.9765056606514747,3.7046128550110495,0.06441196701312696,2.724145663296381e-05,1.0,289.1538192210455,10.0,0.016618572333034876,-0.04492914851327412
2,evacuation,1896.0,5.002973468469658,4.887919279650368,0.9770028385030625,3.6162771564327536,0.062320278652735844,2.2303503041035926e-05,1.0,289.10248886911114,10.0,0.016600172929830674,-0.04341621379085991
2,evacuation,1898.0,5.002872353282719,4.890187542894017,0.9774759773123609,3.5309102378791986,0.06034211459390821,1.8260622844240398e-05,1.0,289.0563710584541,10.0,0.01658365377535056,-0.04195992883544687
2,evacuation,1900.0,5.0027751000395995,4.892345915910621,0.9779264144558277,3.448401389082453,0.05846990530538243,1.4950580420912648e-05,1.0,289.0152368971356,10.0,0.01656892916600331,-0.04055772829643987
2,evacuation,1902.0,5.002681527367711,4.894400475106422,0.9783553976664464,3.368644890128439,0.056696678743912904,1.2240577001331193e-05,1.0,288.9788678835851,10.0,0.016555917717942542,-0.039207186398550975
2,evacuation,1904.0,5.002591464416761,4.89635689182754,0.9787640919021943,3.29153973876435,0.05501600617812049,1.0021818977856553e-05,1.0,288.94705534880995,10.0,0.016544542099825407,-0.03790600923157586
2,evacuation,1906.0,5.002504750189155,4.8982204649865535,0.9791535859713759,3.2169893949017534,0.05342195417907299,8.205232758088762e-06,1.0,288.91959993479213,10.0,0.01653472878541654,-0.03665202718421244
2,evacuation,1908.0,5.002421232903543,4.89999614915652,0.9795248982486082,3.144901539713238,0.05190904120927781,6.717919626628384e-06,1.0,288.8963111030569,10.0,0.016526407823178876,-0.03544318768576583
2,evacuation,1910.0,5.002340769395797,4.901688579929278,0.9798789818394006,3.07518784841481,0.050472198240859176,5.5002035504966e-06,1.0,288.87700667132384,10.0,0.016519512621474032,-0.034277548287221044
2,evacuation,1912.0,5.0022632245614425,4.903302098771066,0.9802167296386023,3.007763777217695,0.04910673336634631,4.503242459690086e-06,1.0,288.86151237914106,10.0,0.01651397974912868,-0.033153270066270515
2,evacuation,1914.0,5.002188470821259,4.904840774653323,0.9805389787418479,2.942548360961587,0.04780829924764876,3.687009583053902e-06,1.0,288.84966147525995,10.0,0.016509748748273257,-0.03206861137837372
2,evacuation,1916.0,5.002116387638061,4.906308423727784,0.9808465144579498,2.879464025105237,0.04657286424885847,3.0187240505479776e-06,1.0,288.84129433414023,10.0,0.016506761961638024,-0.03102192193286034
2,evacuation,1918.0,5.002046861051442,4.907708627641295,0.9811400740475436,2.818436409230222,0.045396686276836545,2.471560833201494e-06,1.0,288.8362580956461,10.0,0.01650496437177734,-0.030011637218771234
2,evacuation,1920.0,5.001979783252605,4.909044750052696,0.981420350095962,2.7593942009216255,0.044276288924777966,2.023571876080793e-06,1.0,288.83440632557136,10.0,0.016504303451014616,-0.02903627327383827
2,evacuation,1922.0,5.001915052184885,4.910319951725287,0.9816879935976545,2.702268979338684,0.04320843969894806,1.6567873406753254e-06,1.0,288.83559869560463,10.0,0.016504729021285466,-0.02809442177710712
2,evacuation,1924.0,5.001852571173508,4.9115372052034045,0.9819436169529255,2.646995068366183,0.04219013026184014,1.3564873639208534e-06,1.0,288.8397006825189,10.0,0.01650619312350877,-0.02718474544466521
2,evacuation,1926.0,5.001792248580527,4.91269930794346,0.9821877966518199,2.59350939894448,0.041218558530341745,1.110617505411279e-06,1.0,288.84658328575097,10.0,0.0165086498959243,-0.02630597371601214
2,evacuation,1928.0,5.001733997483561,4.913808893741585,0.9824210756137347,2.5417513798256897,0.04029111239529499,9.093110729835656e-07,1.0,288.8561227618249,10.0,0.01651205546060917,-0.02545689872095265
2,evacuation,1930.0,5.001677735377986,4.914868443977722,0.9826439654865723,2.491662776033183,0.03940535485862962,7.444923155582333e-07,1.0,288.86820037416106,10.0,0.01651636781743984,-0.024636371512499505
2,evacuation,1932.0,5.001623383900357,4.915880298332451,0.982856948837071,2.443187594524196,0.038559010449923145,6.095487895885636e-07,1.0,288.8827021572742,10.0,0.016521546744953812,-0.023843298547804953
2,evacuation,1934.0,5.001570868570396,4.916846663801056,0.9830604809977318,2.3962719766700107,0.03774995282812067,4.990650487719232e-07,1.0,288.8995186946023,10.0,0.01652755370766814,-0.023076638400274067
2,evacuation,1936.0,5.001520118551394,4.91776962321024,0.9832549918112875,2.35086409713846,0.036976193470370566,4.086068487102178e-07,1.0,288.91854490914,10.0,0.016534351769405688,-0.0223353986888224
2,evacuation,1938.0,5.001471066428363,4.918651144004255,0.9834408874260966,2.306914068724731,0.0362358713265601,3.345443430076268e-07,1.0,288.93967986596596,10.0,0.016541905512165146,-0.02161863321132825
2,evacuation,1940.0,5.001423648000948,4.919493085643305,0.9836185518116646,2.2643738527048773,0.035527243335302855,2.739060846386837e-07,1.0,288.962826585818,10.0,0.016550180960106832,-0.020925439268877778
2,evacuation,1942.0,5.001377802090262,4.920297205821462,0.9837883480358323,2.223197174347241,0.034848675735547015,2.2425905401697412e-07,1.0,288.9878918690014,10.0,0.016559145508286747,-0.020254955167347183
2,evacuation,1944.0,5.001333470360409,4.921065167522379,0.9839506197069787,2.183339443256455,0.034198636104702744,1.8361091508059894e-07,1.0,289.01478612899086,10.0,0.016568767855807954,-0.01960635788387875
2,evacuation,1946.0,5.001290597152285,4.92179854565332,0.9841056923298503,2.1447576782371973,0.033575686042761635,1.5033041413271663e-07,1.0,289.04342323510315,10.0,0.016579017943075047,-0.01897886088707272
2,evacuation,1948.0,5.001249129327278,4.922498831530938,0.9842538742302301,2.107410436374815,0.0329784744513846,1.230821227330227e-07,1.0,289.07372036364563,10.0,0.01658986689285594,-0.018371712100492404
2,evacuation,1950.0,5.001209016122513,4.923167437864142,0.9843954575770005,2.0712577460508594,0.03240573136716314,1.0077274872887753e-07,1.0,289.1055978569898,10.0,0.016601286954879075,-0.01778419199949186
2,evacuation,1952.0,5.001170209017511,4.92380570515316,0.9845307196853933,2.0362610436370945,0.03185626227924572,8.250711840576204e-08,1.0,289.1389790900586,10.0,0.016613251453715158,-0.017215611831883658
2,evacuation,1954.0,5.001132661607865,4.924414905619734,0.9846599238254429,2.0023831136321637,0.03132894288222681,6.755225080995527e-08,1.0,289.1737903437625,10.0,0.016625734739715747,-0.016665311953692384
2,evacuation,1956.0,5.001096329486215,4.924996245548624,0.9847833197115384,1.969588032019901,0.030822714259076494,5.5308021688921944e-08,1.0,289.2099606849588,10.0,0.0166387121428011,-0.01613266027196832
2,evacuation,1958.0,5.001061170134491,4.92555087094471,0.9849011446529156,1.9378411126416044,0.03033657844860533,4.528311585887832e-08,1.0,289.2474218525237,10.0,0.016652159928899603,-0.015617050787199337
2,evacuation,1960.0,5.001027142823107,4.926079872858568,0.9850136246366719,1.9071088563891838,0.029869594322155253,3.707528535095534e-08,1.0,289.28610814914214,10.0,0.01666605525885207,-0.015117902228324825
2,evacuation,1962.0,5.000994208512122,4.926584287408653,0.985120974350097,1.8773589030406963,0.029420873776576477,3.0355179835771754e-08,1.0,289.3259563384762,10.0,0.01668037614961801,-0.014634656773838154
2,evacuation,1964.0,5.000962329761343,4.927065098198842,0.9852233976803364,1.848559985572753,0.028989578260336463,2.4853133558865152e-08,1.0,289.36690554739965,10.0,0.016695101437634467,-0.014166778852956906
2,evacuation,1966.0,5.000931470651607,4.927523244582959,0.9853210893811581,1.8206818867954442,0.028574915533845995,2.0348360791746816e-08,1.0,289.40889717297017,10.0,0.016710210744175658,-0.013713754021289095
2,evacuation,1968.0,5.00090159670441,4.927959622449259,0.9854142352444568,1.793695398165826,0.02817613662170335,1.666010151680362e-08,1.0,289.45187479384884,10.0,0.01672568444257861,-0.013275087905835961
2,evacuation,1970.0,5.0008726748035395,4.928375081273681,0.985503011525342,1.7675722806460008,0.027792533042433017,1.3640361515561439e-08,1.0,289.49578408593584,10.0,0.016741503627223805,-0.01285030521454516
2,evacuation,1972.0,5.000844673131554,4.928770432008506,0.9855875865310743,1.7422852274812088,0.02742343427194351,1.116796845027573e-08,1.0,289.5405727419684,10.0,0.01675765008415436,-0.012438948805959624
2,evacuation,1974.0,5.0008175611073495,4.929146451792109,0.9856681215742311,1.7178078287819867,0.027068205326734235,9.143710920136788e-09,1.0,289.58619039481937,10.0,0.01677410626321701,-0.012040578814832559
2,evacuation,1976.0,5.000791309318964,4.929503878785753,0.985744769952634,1.6941145378023774,0.026726244525707463,7.486360804102658e-09,1.0,289.6325885443068,10.0,0.016790855251635435,-0.011654771829901928
2,evacuation,1978.0,5.0007658894697835,4.929843417315949,0.9858176779874503,1.6711806388134278,0.026396981454589956,6.12941449516404e-09,1.0,289.67972048732656,10.0,0.016807880748929915,-0.011281120120290448
2,evacuation,1980.0,5.000741274329266,4.930165744394614,0.9858869863360175,1.6489822164779653,0.026079875034831536,5.018422790347853e-09,1.0,289.7275412510935,10.0,0.016825167043088778,-0.010919230907239499
2,evacuation,1982.0,5.000717437676195,4.93047150427486,0.9859528289136893,1.627496126639156,0.025774411727329888,4.108805045427684e-09,1.0,289.77600752933097,10.0,0.01684269898791831,-0.010568725678136676
2,evacuation,1984.0,5.000694354253307,4.930761311980636,0.986015333607984,1.6066999684410783,0.025480103897491172,3.3640607133604003e-09,1.0,289.825077621257,10.0,0.016860461981502598,-0.010229239540014534
2,evacuation,1986.0,5.00067199972686,4.9310357593996565,0.9860746235043998,1.586572057705001,0.025196488263081282,2.75430537557929e-09,1.0,289.8747113731936,10.0,0.016878441945697927,-0.009900420609895485
2,evacuation,1988.0,5.0006503506399875,4.931295411421323,0.9861308161227892,1.5670914014902089,0.024923124438702392,2.2550716269602905e-09,1.0,289.92487012266315,10.0,0.01689662530660097,-0.00958192943955436
2,evacuation,1990.0,5.000629384373208,4.9315408071517375,0.9861840236676268,1.5482376737727659,0.024659593616020933,1.846326933983075e-09,1.0,289.97551664485445,10.0,0.016914998975938084,-0.009273438472442904
2,evacuation,1992.0,5.000609079111986,4.931772466625335,0.9862343543761124,1.5299911921800131,0.02440549730814868,1.511669625944936e-09,1.0,290.02661510131287,10.0,0.01693355033331366,-0.00897463153067375
2,evacuation,1994.0,5.000589413808709,4.931990888802539,0.9862819121248506,1.5123328957226791,0.0241604561448454,1.237670861560366e-09,1.0,290.0781309907351,10.0,0.01695226720926565,-0.008685203330115932
2,evacuation,1996.0,5.000570368145552,4.9321965480713095,0.9863267957371835,1.4952443234702186,0.023924108802387555,1.013335905813246e-09,1.0,290.1300311017888,10.0,0.01697113786909179,-0.008404859021797103
2,evacuation,1998.0,5.000551922508922,4.932389901843167,0.9863691005068982,1.4787075941184522,0.023696111014699105,8.296629391922421e-10,1.0,290.18228346783854,10.0,0.016990150997396713,-0.008133313757925156
2,evacuation,2000.0,5.0005340579599284,4.93257139168197,0.9864089184294677,1.4627053864018476,0.0234761345911396,6.792817690449579e-10,1.0,290.23485732345944,10.0,0.017009295683310693,-0.007870292280959479
2,evacuation,2002.0,5.000516756201516,4.9327414387724025,0.9864463373020277,1.447220920305829,0.023263866507280986,5.561580604884277e-10,1.0,290.28772306267024,10.0,0.0170285614063495,-0.00761552853427965
2,evacuation,2004.0,5.00049999955406,4.932900447104575,0.9864814413647608,1.4322379390373055,0.02305900809808524,4.553512260014785e-10,1.0,290.34085219881393,10.0,0.017047938022884346,-0.007368765293098065
2,evacuation,2006.0,5.000483770934004,4.933048808753897,0.9865143123607196,1.4177406917141753,0.022861274268353254,3.728162006258229e-10,1.0,290.39421732597725,10.0,0.01706741575317796,-0.007129753814348618
2,evacuation,2008.0,5.000468053825826,4.933186899761948,0.9865450287173814,1.4037139167370611,0.02267039273042745,3.0524112132163723e-10,1.0,290.4477920818803,10.0,0.017086985168957704,-0.006898253504377621
2,evacuation,2010.0,5.000452832257666,4.93331507875195,0.9865736652743502,1.3901428258087891,0.022486103340577445,2.4991441678488184e-10,1.0,290.50155111218953,10.0,0.017106637181505097,-0.006674031603345481
2,evacuation,2012.0,5.000438090785178,4.933433693790038,0.9866002946584588,1.3770130885692113,0.02230815747267263,2.0461599691200147e-10,1.0,290.55547003616823,10.0,0.017126363030227406,-0.006456862885314804
2,evacuation,2014.0,5.000423814469093,4.933543080523707,0.9866249869157369,1.3643108178149603,0.022136317392968355,1.675281742788212e-10,1.0,290.60952541359177,10.0,0.017146154271681726,-0.006246529373071752
2,evacuation,2016.0,5.000409988854105,4.933643560897273,0.9866478092585098,1.3520225552755676,0.021970355680358194,1.3716273070744542e-10,1.0,290.6636947128843,10.0,0.017166002769033614,-0.006042820066795785
2,evacuation,2018.0,5.000396599952041,4.933735445450824,0.9866688265283083,1.3401352579190924,0.02181005470226823,1.1230119804014142e-10,1.0,290.71795628042463,10.0,0.0171859006819286,-0.005845530685749799
2,evacuation,2020.0,5.000383634224689,4.933819034232737,0.9866881013815908,1.3286362847620012,0.02165520611780579,9.194596166839942e-11,1.0,290.7722893109607,10.0,0.01720584045675288,-0.005654463422216707
2,evacuation,2022.0,5.000371078566301,4.933894616357451,0.9867056942046168,1.3175133841595312,0.02150561040200392,7.528022900670409e-11,1.0,290.8266738190826,10.0,0.01722581481726309,-0.005469426706960831
2,evacuation,2024.0,5.000358920287822,4.933962470586137,0.986721663232554,1.30675468155417,0.021361076400233586,6.163525568998077e-11,1.0,290.8810906117106,10.0,0.01724581675556757,-0.005290234985540637
2,evacuation,2026.0,5.000347147102126,4.934022866222595,0.9867360647314319,1.296348667661187,0.021221420911102906,5.046351177276258e-11,1.0,290.9355212615535,10.0,0.01726583952344213,-0.005116708504843439
2,evacuation,2028.0,5.000335747109453,4.934076063358915,0.9867489530500344,1.2862841870713666,0.021086468292720203,4.131671058743022e-11,1.0,290.98994808149615,10.0,0.017285876623963563,-0.004948673109253722
2,evacuation,2030.0,5.000324708783487,4.934122313109306,0.986760380669301,1.276550427252234,0.020956050091838766,3.382781977794921e-11,1.0,291.0443540998753,10.0,0.017305921803445465,-0.0047859600459051535
2,evacuation,2032.0,5.000314020958325,4.934161858131119,0.9867703983089988,1.267136907930123,0.02083000469477813,2.7696333443222192e-11,1.0,291.09872303660836,10.0,0.017325969043662612,-0.004628405778502291
2,evacuation,2034.0,5.000303672815967,4.934194933028125,0.9867790550107505,1.2580334708364331,0.02070817699757092,2.267621411000344e-11,1.0,291.153039280138,10.0,0.01734601255434955,-0.004475851809230825
2,evacuation,2036.0,5.000293653874227,4.93422176460774,0.9867863981917752,1.2492302698023587,0.020590418094521425,1.8566020153289273e-11,1.0,291.2072878651602,10.0,0.01736604676596141,-0.004328144508306628
2,evacuation,2038.0,5.000283953975237,4.9342425722072765,0.9867924737123265,1.24071776118723,0.020476584984823645,1.52008224519004e-11,1.0,291.26145445110393,10.0,0.017386066322684534,-0.0041851349507422975
2,evacuation,2040.0,5.000274563274505,4.934257568040497,0.9867973259470822,1.2324866946264363,0.020366540295651134,1.244558617904532e-11,1.0,291.3155253013327,10.0,0.01740606607568615,-0.004046678759937099
2,evacuation,2042.0,5.000265472230377,4.934266957471273,0.9868009978418876,1.2245281040856568,0.020260152020226855,1.0189752294427775e-11,1.0,291.36948726303854,10.0,0.01742604107659188,-0.003912635957720835
2,evacuation,2044.0,5.000256671593901,4.934270939270554,0.9868035309670788,1.2168332992088369,0.020157293270225807,8.342801226967533e-12,1.0,291.42332774780255,10.0,0.017445986571181765,-0.0037828708205060184
2,evacuation,2046.0,5.000248152399194,4.934269705889287,0.9868049655739088,1.2093938569480263,0.020057842041817386,6.830620627637132e-12,1.0,291.4770347127954,10.0,0.017465897993294788,-0.0036572517412239718
2,evacuation,2048.0,5.000239905954147,4.934263443708865,0.986805340646412,1.2022016134638134,0.019961680994358133,5.5925314434955745e-12,1.0,291.5305966425938,10.0,0.01748577095893356,-0.003535651096741258
2,evacuation,2050.0,5.000231923831528,4.934252333265734,0.9868046939480287,1.1952486562856885,0.019868697240907507,4.578853035016778e-12,1.0,291.58400253159004,10.0,0.01750560126056047,-0.00341794512047142
2,evacuation,2052.0,5.000224197860398,4.934236549473139,0.9868030620675978,1.1885273167222081,0.019778782149910135,3.748909654324536e-12,1.0,291.6372418669711,10.0,0.01752538486157741,-0.0033040137799148542
2,evacuation,2054.0,5.000216720117913,4.9342162618359,0.9868004804638836,1.1820301625113656,0.01969183115735952,3.069398269411193e-12,1.0,291.69030461224855,10.0,0.017545117890981808,-0.0031937406588762214
2,evacuation,2056.0,5.000209482921429,4.93419163464834,0.9867969835066756,1.1757499907020437,0.019607743588791717,2.513052220126379e-12,1.0,291.74318119131664,10.0,0.017564796638191677,-0.0030870128441239657
2,evacuation,2058.0,5.000202478820875,4.934162827182067,0.9867926045158111,1.1696798207578931,0.019526422490545856,2.0575470857392703e-12,1.0,291.7958624730219,10.0,0.017584417548033266,-0.0029837208162711857
2,evacuation,2060.0,5.000195700591448,4.934129993867973,0.9867873757989792,1.1638128878754013,0.01944777446974416,1.6846048718923979e-12,1.0,291.8483397562239,10.0,0.017603977215884633,-0.0028837583446702556
2,evacuation,2062.0,5.000189141226582,4.934093284468346,0.9867813286874938,1.158142636508321,0.01937170954245543,1.3792605739414023e-12,1.0,291.90060475533124,10.0,0.0176234723829695,-0.002787022386126391
2,evacuation,2064.0,5.000182793931145,4.934052844239083,0.98677449357005,1.1526627140910066,0.01929814098956447,1.1292616811141699e-12,1.0,291.9526495862956,10.0,0.017642899931795627,-0.0026934129872469396
2,evacuation,2066.0,5.000176652114913,4.9340088140853515,0.9867668999251107,1.1473669649535618,0.019226985219910658,9.245765217542357e-13,1.0,292.0044667530478,10.0,0.017662256881732123,-0.0026028331902541507
2,evacuation,2068.0,5.0001707093862695,4.9339613307103285,0.9867585763518727,1.142249424422033,0.019158161640270094,7.569917222633662e-13,1.0,292.0560491343609,10.0,0.017681540384720897,-0.0025151889420994707
2,evacuation,2070.0,5.000164959546101,4.933910526756191,0.9867495505996415,1.1373043130971983,0.019091592531780967,6.197826294810522e-13,1.0,292.107389971126,10.0,0.017700747721117162,-0.002430389006726935
2,evacuation,2072.0,5.00015939658197,4.9338565309386615,0.9867398495958684,1.1325260313058063,0.01902720293244626,5.074434719455503e-13,1.0,292.1584828540267,10.0,0.017719876295654656,-0.002348344880342262
2,evacuation,2074.0,5.000154014662418,4.933799468175826,0.9867294994730131,1.1279091537183776,0.018964920525369428,4.1546643109949696e-13,1.0,292.2093217115984,10.0,0.01773892363353079,-0.0022689707095524233
2,evacuation,2076.0,5.000148808131508,4.9337394597110205,0.9867185255941807,1.1234484241279687,0.018904675532396383,3.40160756601965e-13,1.0,292.2599007986605,10.0,0.01775788737660805,-0.002192183212248631
2,evacuation,2078.0,5.000143771503538,4.933676623230037,0.9867069525775827,1.1191387503845243,0.01884640061285995,2.7850466775793266e-13,1.0,292.31021468510875,10.0,0.017776765279727273,-0.0021179016011126186
2,evacuation,2080.0,5.000138899457945,4.933611072973361,0.9866948043199765,1.1149751994796886,0.01879003076714262,2.2802409882245687e-13,1.0,292.3602582450563,10.0,0.01779555520712932,-0.002046047509633248
2,evacuation,2082.0,5.0001341868343525,4.9335429198436245,0.9866821040191146,1.110952992777164,0.018735503244789193,1.8669342262170844e-13,1.0,292.4100266463118,10.0,0.01781425512898136,-0.0019765449205267197
2,evacuation,2084.0,5.000129628627799,4.9334722715083394,0.9866688741952172,1.1070675013839086,0.018682757456917536,1.5285416858663502e-13,1.0,292.459515340184,10.0,0.017832863118004354,-0.0019093200964596776
2,evacuation,2086.0,5.00012521998413,4.933399232498339,0.9866551367115557,1.103314241657665,0.01863173489269242,1.2514847349897966e-13,1.0,292.50872005160255,10.0,0.017851377346198623,-0.0018443015129802017
2,evacuation,2088.0,5.000120956195504,4.93332390430218,0.9866409127942081,1.0996888708464938,0.018582379039640985,1.0246459462722152e-13,1.0,292.55763676954473,10.0,0.01786979608166408,-0.0017814197935667791
2,evacuation,2090.0,5.00011683269609,4.933246385456712,0.9866262230510081,1.0961871828561638,0.018534635307601233,8.389229896000613e-14,1.0,292.6062617377586,10.0,0.017888117685512454,-0.0017206076467104375
2,evacuation,2092.0,5.00011284505786,4.933166771633923,0.986611087489734,1.0928051041414102,0.01848845095610817,6.868633843687374e-14,1.0,292.6545914457731,10.0,0.017906340608868226,-0.0016617998049496083
2,evacuation,2094.0,5.00010898898653,4.933085155724414,0.986595525535594,1.0895386897172352,0.018443775025033936,5.623654549745458e-14,1.0,292.70262262018696,10.0,0.017924463389956017,-0.0016049329657819025
2,evacuation,2096.0,5.000105260317642,4.93300162791764,0.9865795560480384,1.086384119286569,0.018400558268309115,4.604334896054779e-14,1.0,292.7503522162267,10.0,0.017942484651271493,-0.00154994573438065
2,evacuation,2098.0,5.0001016550127275,4.932916275779016,0.9865631973369269,1.083337693480747,0.018358753090562393,3.7697727784086636e-14,1.0,292.79777740956615,10.0,0.017960403096833128,-0.0014967785680481329
2,evacuation,2100.0,5.000098169155634,4.932829184324168,0.9865464671780986,1.0803958302094028,0.01831831348652594,3.086479833092022e-14,1.0,292.8448955883996,10.0,0.01797821750951287,-0.0014453737223408683
2,evacuation,2102.0,5.000094798948933,4.932740436090432,0.9865293828283698,1.0775550611164855,0.018279194983062477,2.5270376544248484e-14,1.0,292.89170434575993,10.0,0.017995926748442786,-0.0013956751988055398
2,evacuation,2104.0,5.000091540710448,4.93265011120573,0.98651196103999,1.0748120281392455,0.018241354583678523,2.0689975803652214e-14,1.0,292.9382014720762,10.0,0.018013529746496146,-0.00134762869426747
2,evacuation,2106.0,5.000088390869882,4.932558287454992,0.9864942180745845,1.0721634801671374,0.018204750715396283,1.693979897802172e-14,1.0,292.9843849479607,10.0,0.01803102550783998,-0.001301181551616244
2,evacuation,2108.0,5.0000853459655525,4.932465040344257,0.9864761697166118,1.0696062697976967,0.018169343177864093,1.3869363219802502e-14,1.0,293.0302529372215,10.0,0.018048413105557833,-0.0012562827120359817
2,evacuation,2110.0,5.00008240264121,4.9323704431625375,0.9864578312863594,1.0671373501865555,0.018135093094592134,1.1355461559846199e-14,1.0,293.0758037800916,10.0,0.01806569167934003,-0.0012128826686301955
2,evacuation,2112.0,5.000079557642979,4.932274567041607,0.9864392176525018,1.0647537719888516,0.018101962866206786,9.297218999157843e-15,1.0,293.12103598666897,10.0,0.01808286043324011,-0.0011709334213936993
2,evacuation,2114.0,5.000076807816346,4.932177481013773,0.9864203432442417,1.0624526803893855,0.018069916125623104,7.612044711719406e-15,1.0,293.16594823056187,10.0,0.018099918633495124,-0.0011303884334861796
2,evacuation,2116.0,5.000074150103275,4.932079252067771,0.9864012220630567,1.0602313122189662,0.0180389176950405,6.2323179328106134e-15,1.0,293.2105393427321,10.0,0.018116865606408367,-0.0010912025887642278
2,evacuation,2118.0,5.000071581539384,4.931979945202855,0.986381867694069,1.0580869931544665,0.01800893354467229,5.102674549047625e-15,1.0,293.2548083055312,10.0,0.018133700736292425,-0.001053332150530552
2,evacuation,2120.0,5.0000690992512045,4.931879623481177,0.9863622933170585,1.0560171350001972,0.01797993075312475,4.177785510042287e-15,1.0,293.29875424692335,10.0,0.01815042346347114,-0.0010167347214610524
2,evacuation,2122.0,5.000066700453544,4.931778348078554,0.9863425117171344,1.054019233048281,0.01795187746934595,3.420537915915839e-15,1.0,293.3423764348905,10.0,0.018167033282339,-0.0009813692046721236
2,evacuation,2124.0,5.000064382446884,4.931676178333648,0.9863225352950817,1.0520908635157802,0.017924742876069318,2.8005457929626e-15,1.0,293.385674272013,10.0,0.01818352973947596,-0.0009471957658921856
2,evacuation,2126.0,5.000062142614882,4.931573171795706,0.9863023760773983,1.050229681056407,0.017898497154680934,2.292930799581485e-15,1.0,293.4286472902209,10.0,0.018199912431816432,-0.0009141757967030483
2,evacuation,2128.0,5.000059978421951,4.931469384270885,0.9862820457260367,1.04843341634471,0.017873111451443456,1.8773239362700195e-15,1.0,293.4712951457125,10.0,0.01821618100487114,-0.0008822718788181857
2,evacuation,2130.0,5.000057887410869,4.931364869867206,0.9862615555478631,1.0466998737306903,0.017848557845013435,1.5370482015161087e-15,1.0,293.5136176140326,10.0,0.018232335151000156,-0.0008514477493662399
2,evacuation,2132.0,5.000055867200503,4.931259681038253,0.9862409165038454,1.045026928962874,0.017824809315192085,1.2584493960330113e-15,1.0,293.55561458530826,10.0,0.018248374607735714,-0.0008216682671495333
2,evacuation,2134.0,5.000053915483559,4.931153868625629,0.9862201392179856,1.043412526977916,0.017801839712853006,1.0303482225235873e-15,1.0,293.5972860596353,10.0,0.01826429915615367,-0.0007928993798485163
2,evacuation,2136.0,5.000052030024426,4.931047481900244,0.986199233986002,1.0418546797548707,0.017779623730993215,8.435916954706102e-16,1.0,293.63863214261335,10.0,0.018280108619292385,-0.0007651080921441302
2,evacuation,2138.0,5.000050208657058,4.93094056860246,0.9861782107837754,1.0403514642323248,0.017758136876856977,6.906858604848404e-16,1.0,293.67965304102296,10.0,0.018295802860617178,-0.0007382624347313663
2,evacuation,2140.0,5.000048449282936,4.930833174981194,0.9861570792755683,1.0389010202866331,0.01773735544508452,5.654950854006977e-16,1.0,293.72034905864217,10.0,0.01831138178252995,-0.0007123314341980776
2,evacuation,2142.0,5.00004674986906,4.930725345831943,0.9861358488220271,1.0375015487695503,0.0177172564918402,4.629958565906465e-16,1.0,293.76072059219797,10.0,0.018326845324922254,-0.0006872850837442443
2,evacuation,2144.0,5.000045108446031,4.9306171245338355,0.9861145284879693,1.0361513096036057,0.017697817809877215,3.7907520110026845e-16,1.0,293.80076812744795,10.0,0.018342193463770674,-0.0006630943147177335
2,evacuation,2146.0,5.000043523106158,4.930508553085734,0.9860931270499768,1.0348486199336087,0.01767901790449829,3.1036564592154637e-16,1.0,293.84049223539006,10.0,0.018357426209773677,-0.000639730968943447
2,evacuation,2148.0,5.000041992001642,4.930399672141413,0.9860716530037882,1.0335918523327212,0.01766083597037364,2.5411009184750636e-16,1.0,293.8798935685948,10.0,0.01837254360702859,-0.000617167771823604
2,evacuation,2150.0,5.000040513342783,4.930290521043832,0.9860501145715079,1.0323794330615768,0.01764325186917974,2.0805117972048026e-16,1.0,293.91897285765765,10.0,0.01838754573174769,-0.000595378306187656
2,evacuation,2152.0,5.000039085396263,4.93018113785858,0.9860285197086321,1.0312098403789653,0.01762624610802428,1.7034070968301374e-16,1.0,293.9577309077676,10.0,0.018402432691012494,-0.0005743369868710309
2,evacuation,2154.0,5.000037706483478,4.930071559406514,0.9860068761109063,1.0300816029026527,0.0176097998186244,1.3946547870703753e-16,1.0,293.99616859538827,10.0,0.018417204621565035,-0.0005540190360027208
2,evacuation,2156.0,5.0000363749788805,4.929961821295534,0.9859851912210055,1.028993298018928,0.017593894737207,1.1418656049529358e-16,1.0,294.034286865049,10.0,0.0184318616886354,-0.0005344004589821833
2,evacuation,2158.0,5.000035089308423,4.929851957951659,0.9859634722350575,1.027943550339526,0.017578513185101625,9.348959124975594e-17,1.0,294.0720867262417,10.0,0.0184464040848042,-0.0005154580211268979
2,evacuation,2160.0,5.000033847947996,4.929742002649346,0.9859417261090145,1.026931030204599,0.01756363804999773,7.654406643064387e-17,1.0,294.10956925042115,10.0,0.01846083202889958,-0.0004971692249722689
2,evacuation,2162.0,5.000032649421945,4.929631987541059,0.9859199595648591,1.0259544522304491,0.01754925276783942,6.267001521136544e-17,1.0,294.14673556810527,10.0,0.018475145764927245,-0.00047951228820634353
2,evacuation,2164.0,5.0000314923015985,4.929521943686159,0.9858981790966714,1.0250125739007745,0.017535341305332634,5.13107153792288e-17,1.0,294.1835868660725,10.0,0.018489345561033092,-0.00046246612222226
2,evacuation,2166.0,5.0000303752038775,4.929411901079145,0.9858763909765542,1.0241041942002018,0.017521888143040405,4.201035381677589e-17,1.0,294.2201243846539,10.0,0.018503431708497484,-0.00044601031127176216
2,evacuation,2168.0,5.000029296789903,4.929301888677202,0.9858546012604146,1.0232281522889282,0.017508878259043188,3.4395736149234876e-17,1.0,294.2563494151158,10.0,0.018517404520760058,-0.0004301250922038772
2,evacuation,2170.0,5.00002825576366,4.929191934427106,0.9858328157936107,1.022383326217312,0.017496297113142517,2.816131162348171e-17,1.0,294.2922632971318,10.0,0.0185312643324745,-0.00041479133477299857
2,evacuation,2172.0,5.000027250870713,4.929082065291554,0.9858110402164698,1.0215686316792914,0.017484130631587165,2.305691231358022e-17,1.0,294.32786741634123,10.0,0.018545011498592615,-0.0003999905225013485
2,evacuation,2174.0,5.000026280896938,4.928972307274875,0.9857892799696811,1.0207830208035327,0.017472365192301845,1.8877714665564314e-17,1.0,294.36316320199023,10.0,0.01855864639347655,-0.0003857047340810136
2,evacuation,2176.0,5.000025344667286,4.928862685448118,0.9857675402995576,1.0200254809812535,0.017460987610599565,1.5456020569800405e-17,1.0,294.3981521246543,10.0,0.018572169410038517,-0.00037191662530133005
2,evacuation,2178.0,5.000024441044616,4.928753223973605,0.9857458262631772,1.0192950337296702,0.017449985125359863,1.2654528161185008e-17,1.0,294.4328356940398,10.0,0.018585580958907645,-0.00035860941148763105
2,evacuation,2180.0,5.000023568928528,4.928643946128961,0.9857241427334186,1.018590733590074,0.017439345385655582,1.0360822325446343e-17,1.0,294.4672154568611,10.0,0.01859888146762267,-0.0003457668504379272
2,evacuation,2182.0,5.000022727254223,4.928534874330505,0.9857024944038653,1.0179116670595414,0.017429056437811553,8.482863832779338e-18,1.0,294.5012929947919,10.0,0.018612071379850107,-0.0003333732258442894
2,evacuation,2184.0,5.000021914991435,4.928426030156182,0.9856808857936026,1.017256951555332,0.017419106712879846,6.945296091870075e-18,1.0,294.53506992248845,10.0,0.018625151154627196,-0.000321413331186133
2,evacuation,2186.0,5.000021131143366,4.928317434368021,0.9856593212519189,1.016625734411036,0.017409485014516692,5.686421325941069e-18,1.0,294.56854788568177,10.0,0.018638121265628787,-0.00030987245408302725
2,evacuation,2188.0,5.000020374745644,4.928209106933959,0.9856378049628771,1.0160171919035679,0.017400180507246267,4.655724834247712e-18,1.0,294.60172855933797,10.0,0.018650982200457713,-0.00029873636109475747
2,evacuation,2190.0,5.00001964486534,4.928101067049272,0.9856163409497954,1.0154305283101204,0.01739118270509828,3.811847995388689e-18,1.0,294.6346136458834,10.0,0.018663734459957837,-0.0002879912829569465
2,evacuation,2192.0,5.0000189405999755,4.927993333157516,0.9855949330796301,1.0148649749942253,0.017382481460606055,3.1209286753933072e-18,1.0,294.66720487349335,10.0,0.018676378557549243,-0.0002776239002406523
2,evacuation,2194.0,5.000018261076606,4.927885922970969,0.9855735850672461,1.0143197895200766,0.0173740669541523,2.5552424463609984e-18,1.0,294.6995039944422,10.0,0.018688915018584943,-0.000267621329424731
2,evacuation,2196.0,5.000017605450879,4.927778853490595,0.9855523004795961,1.0137942547943066,0.01736592968365103,2.09209009201852e-18,1.0,294.73151278351287,10.0,0.01870134437972849,-0.0002579711093700445
2,evacuation,2198.0,5.00001697290616,4.927672141025606,0.9855310827398042,1.0132876782344218,0.01735806045455398,1.712886759280127e-18,1.0,294.7632330364646,10.0,0.01871366718835196,-0.00024866118818487877
2,evacuation,2200.0,5.000016362652663,4.927565801212575,0.9855099351311621,1.0127993909631245,0.01735045037017048,1.4024162063144139e-18,1.0,294.79466656855584,10.0,0.01872588400195372,-0.00023967991047112335
2,evacuation,2202.0,5.000015773926611,4.927459849034056,0.9854888608010177,1.0123287470277678,0.0173430908222901,1.1482202224270816e-18,1.0,294.82581521312164,10.0,0.01873799538759527,-0.0002310160049411428
2,evacuation,2204.0,5.000015205989434,4.927354298836851,0.9854678627645885,1.011875122644219,0.017335973482098338,9.400987190924066e-19,1.0,294.8566808202038,10.0,0.018750001921357,-0.00022265857239545832
2,evacuation,2206.0,5.000014658126963,4.927249164349843,0.9854469439086847,1.0114379154644102,0.01732909029137543,7.697004323536441e-19,1.0,294.8872652552317,10.0,0.018761904187812022,-0.00021459707405155606
2,evacuation,2208.0,5.000014129648661,4.927144458701375,0.9854261069953404,1.0110165438668903,0.01732243345396866,6.30187812762202e-19,1.0,294.917570397752,10.0,0.018773702779517468,-0.00020682132021451643
2,evacuation,2210.0,5.0000136198868965,4.9270401944362945,0.9854053546653634,1.0106104462697028,0.01731599542752965,5.159626559381912e-19,1.0,294.9475981402067,10.0,0.0187853982965232,-0.00019932145928022626
2,evacuation,2212.0,5.000013128196211,4.926936383532607,0.985384689441812,1.010219080464928,0.017309768915507923,4.224414641659072e-19,1.0,294.97735038675705,10.0,0.018796991345897074,-0.00019208796706227796
2,evacuation,2214.0,5.000012653952617,4.926833037417647,0.9853641137333683,1.0098419229742595,0.01730374685939209,3.458715249888636e-19,1.0,295.0068290521522,10.0,0.018808482541266356,-0.00018511163643384764
2,evacuation,2216.0,5.000012196552913,4.926730166983986,0.9853436298376533,1.0094784684249862,0.01729792243119139,2.8318032661479047e-19,1.0,295.0360360606413,10.0,0.018819872502374872,-0.0001783835672760262
2,evacuation,2218.0,5.000011755414031,4.92662778260496,0.985323239944464,1.0091282289457795,0.017292289026149214,2.3185226764256094e-19,1.0,295.0649733449277,10.0,0.01883116185465558,-0.0001718951567243244
2,evacuation,2220.0,5.000011329972394,4.926525894149746,0.9853029461389132,1.0087907335816944,0.01728684025568133,1.8982771385851753e-19,1.0,295.093642845163,10.0,0.018842351228817594,-0.0001656380897052453
2,evacuation,2222.0,5.000010919683293,4.926424510998164,0.9852827504045153,1.0084655277278167,0.017281569940532298,1.554203515675919e-19,1.0,295.1220465079817,10.0,0.018853441260448137,-0.0001596043297550863
2,evacuation,2224.0,5.000010524020289,4.926323642055122,0.985262654626191,1.0081521725809943,0.017276472104142696,1.2724952110732563e-19,1.0,295.15018628557266,10.0,0.018864432589628017,-0.0001537861101131797
2,evacuation,2226.0,5.000010142474615,4.9262232957647045,0.9852426605932062,1.0078502446091149,0.01727154096622053,1.0418481530073223e-19,1.0,295.1780641347882,10.0,0.018875325860561003,-0.000148175925082156
2,evacuation,2228.0,5.000009774554622,4.926123480123895,0.9852227700020232,1.0075593350374024,0.01726677093651047,8.530071975746469e-20,1.0,295.20568201628834,10.0,0.0188861217212161,-0.00014276652164783613
2,evacuation,2230.0,5.000009419785231,4.9260242026960475,0.9852029844591051,1.0072790493512196,0.017262156608755234,6.983947488065567e-20,1.0,295.2330418937197,10.0,0.018896820822982864,-0.00013755089135164585
2,evacuation,2232.0,5.000009077707382,4.925925470623973,0.9851833054836415,1.0070090068148785,0.017257692754842503,5.718066934809005e-20,1.0,295.2601457329278,10.0,0.018907423820338998,-0.0001325222624085525
2,evacuation,2234.0,5.000008747877535,4.925827290642692,0.9851637345101981,1.0067488400059776,0.017253374319131976,4.681634494937075e-20,1.0,295.2869955012015,10.0,0.018917931370529984,-0.0001276740920637721
2,evacuation,2236.0,5.00000842986716,4.925729669091983,0.9851442728913258,1.006498194364789,0.01724919641295735,3.8330613814189856e-20,1.0,295.3135931665487,10.0,0.018928344133260538,-0.0001230000591815408
2,evacuation,2238.0,5.000008123262248,4.925632611928499,0.9851249219000824,1.0062567277582437,0.017245154309297087,3.138297013492707e-20,1.0,295.3399406970023,10.0,0.01893866277039729,-0.00011849405705956158
2,evacuation,2240.0,5.000007827662843,4.92553612473764,0.9851056827324981,1.0060241100580674,0.01724124343760938,2.5694626735278078e-20,1.0,295.3660400599549,10.0,0.01894888794568238,-0.00011415018646277451
2,evacuation,2242.0,5.000007542682597,4.925440212745199,0.9850865565099945,1.0058000227326327,0.017237459378826467,2.1037328214211723e-20,1.0,295.39189322152237,10.0,0.01895902032445797,-0.00010996274887030308
2,evacuation,2244.0,5.000007267948295,4.925344880828594,0.985067544281723,1.0055841584521128,0.017233797860502754,1.7224191771769916e-20,1.0,295.417502145934,10.0,0.018969060573400896,-0.00010592623992959544
2,evacuation,2246.0,5.000007003099456,4.9252501335278485,0.9850486470268408,1.0053762207065202,0.017230254752112706,1.410220818774377e-20,1.0,295.4428687949495,10.0,0.018979009360267404,-0.00010203534311191234
2,evacuation,2248.0,5.000006747787912,4.925155975056478,0.9850298656567718,1.0051759234362416,0.017226826060494145,1.1546102040991705e-20,1.0,295.46799512730115,10.0,0.01898886735364769,-9.828492356342907e-05
2,evacuation,2250.0,5.000006501677388,4.925062409311818,0.985011201017353,1.0049829906746774,0.01722350792543135,9.453304799233738e-21,1.0,295.49288309816086,10.0,0.01899863522272983,-9.467002214645948e-05
2,evacuation,2252.0,5.000006264443124,4.924969439885218,0.9849926538909519,1.004797156202614,0.017220296615375153,7.739839065162134e-21,1.0,295.5175346586304,10.0,0.0190083136370727,-9.11858496653121e-05
2,evacuation,2254.0,5.000006035771506,4.92487707007212,0.9849742249985517,1.004618163213964,0.017217188523295703,6.3369488265591715e-21,1.0,295.5419517552554,10.0,0.019017903266388046,-8.782778127155943e-05
2,evacuation,2256.0,5.00000581535967,4.924785302881654,0.98495591500175,1.0044457639925215,0.017214180162662726,5.1883404929154785e-21,1.0,295.56613632956095,10.0,0.019027404780330905,-8.459135104352741e-05
2,evacuation,2258.0,5.000005602915172,4.9246941410460225,0.9849377245047005,1.0042797195993867,0.017211268163550453,4.2479240099912e-21,1.0,295.5900903176087,10.0,0.019036818848298453,-8.147224673503526e-05
2,evacuation,2260.0,5.000005398155638,4.92460358702981,0.9849196540560452,1.0041197995707287,0.01720844926886406,3.47796341032347e-21,1.0,295.613815649575,10.0,0.01904614613923692,-7.846630468846385e-05
2,evacuation,2262.0,5.0000052008084195,4.924513643038918,0.9849017041507686,1.003965781625563,0.01720572033068248,2.8475625870656576e-21,1.0,295.63731424934815,10.0,0.01905538732145617,-7.556950490741767e-05
2,evacuation,2264.0,5.00000501061029,4.924424311029199,0.9848838752319841,1.0038174513832263,0.01720307830671473,2.3314255300063505e-21,1.0,295.6605880341461,10.0,0.019064543062452012,-7.277796628433461e-05
2,evacuation,2266.0,5.000004827307113,4.924335592715032,0.9848661676927147,1.0036746020902452,0.017200520256867226,1.9088412759231374e-21,1.0,295.68363891415186,10.0,0.019073614028735853,-7.008794197852149e-05
2,evacuation,2268.0,5.000004650653547,4.924247489577573,0.9848485818776046,1.0035370343563026,0.017198043339917448,1.5628528425087364e-21,1.0,295.706468792167,10.0,0.01908260088567118,-6.749581494022776e-05
2,evacuation,2270.0,5.000004480412755,4.924160002872798,0.984831118084579,1.0034045558990135,0.0171956448102913,1.2795767977913235e-21,1.0,295.72907956328294,10.0,0.01909150429731732,-6.499809357647416e-05
2,evacuation,2272.0,5.000004316356119,4.92407313363933,0.984813776566472,1.0032769812972306,0.017193322014941333,1.0476461615014397e-21,1.0,295.7514731145684,10.0,0.019100324926279427,-6.259140755444693e-05
2,evacuation,2274.0,5.000004158262953,4.923986882706029,0.9847965575325975,1.0031541317526087,0.01719107239032247,8.577542837625755e-22,1.0,295.773651324773,10.0,0.019109063433565124,-6.0272503738422274e-05
2,evacuation,2276.0,5.000004005920263,4.923901250699496,0.9847794611502996,1.0030358348591655,0.017188893459462604,7.022813983860904e-22,1.0,295.79561606404707,10.0,0.01911772047844745,-5.8038242256250375e-05
2,evacuation,2278.0,5.000003859122456,4.923816238051229,0.9847624875464397,1.0029219243805823,0.017186782829124652,5.749888655241482e-22,1.0,295.81736919367535,10.0,0.019126296718333588,-5.588559269154736e-05
2,evacuation,2280.0,5.0000037176711185,4.9237318450045695,0.9847456368088313,1.0028122400349997,0.017184738187057846,4.707688345961096e-22,1.0,295.83891256582615,10.0,0.019134792808639604,-5.381163039787857e-05
2,evacuation,2282.0,5.000003581374767,4.923648071621689,0.9847289089876845,1.0027066272870635,0.01718275729933604,3.8543928224584326e-22,1.0,295.860248023314,10.0,0.019143209402670808,-5.181353293123976e-05
2,evacuation,2284.0,5.0000034500485935,4.923564917790122,0.9847123040969644,1.0026049371469914,0.017180838007778892,3.155762008452597e-22,1.0,295.8813773993754,10.0,0.019151547151507457,-4.9888576597320184e-05
2,evacuation,2286.0,5.000003323514277,4.923482383229164,0.9846958221157082,1.0025070259764337,0.01717897822745479,2.583762037944227e-22,1.0,295.90230251745834,10.0,0.019159806703895887,-4.803413311011732e-05
2,evacuation,2288.0,5.000003201599731,4.9234004674962755,0.9846794629893542,1.0024127553009083,0.01717717594426319,2.1154403439932231e-22,1.0,295.9230251910232,10.0,0.01916798870614459,-4.6247666358502685e-05
2,evacuation,2290.0,5.000003084138914,4.923319169993111,0.9846632266309873,1.0023219916285955,0.017175429212592564,1.7320046441098602e-22,1.0,295.9435472233567,10.0,0.019176093802025302,-4.452672927746558e-05
2,evacuation,2292.0,5.000002970971606,4.923238489971395,0.984647112922556,1.0022346062752907,0.01717373615305293,1.4180688648281403e-22,1.0,295.96387040739666,10.0,0.01918412263267897,-4.2868960820929394e-05
2,evacuation,2294.0,5.000002861943233,4.9231584265387385,0.9846311217160725,1.0021504751953112,0.01717209495028067,1.1610357467767975e-22,1.0,295.9839965255683,10.0,0.019192075836526056,-4.127208303298091e-05
2,evacuation,2296.0,5.000002756904644,4.923078978664253,0.9846152528347779,1.0020694788181652,0.017170503850812806,9.505913561235441e-23,1.0,296.003927349631,10.0,0.019199954049181515,-3.9733898214525985e-05
2,evacuation,2298.0,5.000002655711956,4.923000145183884,0.9845995060742405,1.0019915018907932,0.01716896116102864,7.782912187203444e-23,1.0,296.02366464053557,10.0,0.019207757903374034,-3.8252286182466457e-05
2,evacuation,2300.0,5.000002558226361,4.922921924805759,0.9845838812034639,1.0019164333252029,0.017167465245157807,6.372214698094451e-23,1.0,296.04321014829117,10.0,0.019215488028869285,-3.68252016185598e-05
2,evacuation,2302.0,5.000002464313948,4.922844316115312,0.984568377965945,1.001844166051317,0.017166014523351456,5.2172142228937533e-23,1.0,296.06256561184205,10.0,0.019223145052397413,-3.545067150517665e-05
2,evacuation,2304.0,5.0000023738455415,4.922767317580197,0.9845529960806915,1.0017745968748677,0.017164607469815213,4.2715642107452157e-23,1.0,296.0817327589534,10.0,0.01923072959758424,-3.412679264530063e-05
2,evacuation,2306.0,5.000002286696539,4.922690927555157,0.9845377352432251,1.0017076263401645,0.01716324261100214,3.4973186890529946e-23,1.0,296.10071330610594,10.0,0.019238242284886253,-3.285172926413841e-05
2,evacuation,2308.0,5.000002202746749,4.922615144286708,0.9845225951265525,1.001643158597584,0.017161918523863534,2.863409610472744e-23,1.0,296.11950895839897,10.0,0.019245683731529236,-3.162371068984357e-05
2,evacuation,2310.0,5.000002121880247,4.922539965917674,0.9845075753820997,1.0015811012756186,0.017160633834156093,2.3444001894971337e-23,1.0,296.1381214094618,10.0,0.01925305455145041,-3.044102911085182e-05
2,evacuation,2312.0,5.0000020439852175,4.922465390491559,0.9844926756406166,1.0015213653573365,0.017159387214803548,1.919464203937899e-23,1.0,296.1565523413726,10.0,0.019260355355243737,-2.930203740746017e-05
2,evacuation,2314.0,5.000001968953829,4.922391415956892,0.9844778955130741,1.001463865061107,0.017158177384311434,1.5715503038707976e-23,1.0,296.17480342458543,10.0,0.019267586750108822,-2.8205147055333617e-05
2,evacuation,2316.0,5.000001896682074,4.9223180401713496,0.9844632345915162,1.0014085177254466,0.017157003105232785,1.2866977943790245e-23,1.0,296.1928763178636,10.0,0.019274749339802635,-2.714882609865026e-05
2,evacuation,2318.0,5.0000018270696565,4.922245260905732,0.9844486924498794,1.0013552436978534,0.0171558631826834,1.0534764366002458e-23,1.0,296.21077266822095,10.0,0.01928184372459443,-2.6131597190750957e-05
2,evacuation,2320.0,5.000001760019854,4.922173075847921,0.9844342686448125,1.0013039662274936,0.01715475646290573,8.625277880479801e-24,1.0,296.22849411086906,10.0,0.019288870501223472,-2.5152035700093685e-05
2,evacuation,2322.0,5.00000169543939,4.922101482606672,0.984419962716458,1.0012546113616123,0.01715368183187921,7.061896776313427e-24,1.0,296.24604226917126,10.0,0.01929583026285975,-2.4208767879525406e-05
2,evacuation,2324.0,5.000001633238328,4.922030478715193,0.9844057741891907,1.0012071078455431,0.017152638213975488,5.7818874673208534e-24,1.0,296.2634187546025,10.0,0.019302723599067147,-2.330046909678406e-05
2,evacuation,2326.0,5.000001573329944,4.921960061634784,0.9843917025723683,1.0011613870262004,0.01715162457065812,4.733887189754944e-24,1.0,296.2806251667155,10.0,0.01930955109576946,-2.242586212438218e-05
2,evacuation,2328.0,5.000001515630603,4.92189022875826,0.984377747361044,1.0011173827589301,0.017150639899224274,3.8758429754963555e-24,1.0,296.29766309311174,10.0,0.019316313335218684,-2.158371548686728e-05
2,evacuation,2330.0,5.0000014600596865,4.921820977413221,0.9843639080366323,1.0010750313176124,0.01714968323158746,3.1733241981801646e-24,1.0,296.3145341094191,10.0,0.01932301089596607,-2.077284186373074e-05
2,evacuation,2332.0,5.000001406539466,4.921752304865387,0.9843501840676008,1.0010342713079041,0.017148753633100953,2.598140980018995e-24,1.0,296.33123977927363,10.0,0.01932964435283517,-1.999209654612973e-05
2,evacuation,2334.0,5.000001354994976,4.921684208321647,0.9843365749101067,1.0009950435835149,0.017147850201418815,2.12721302031643e-24,1.0,296.34778165430663,10.0,0.0193362142768974,-1.9240375945696583e-05
2,evacuation,2336.0,5.000001305353968,4.9216166849330465,0.9843230800086017,1.0009572911654154,0.017146972065394773,1.741643455302664e-24,1.0,296.3641612741364,10.0,0.019342721235449438,-1.8516616153790475e-05
2,evacuation,2338.0,5.000001257546786,4.9215497317979064,0.9843096987964817,1.000920959163878,0.017146118384017996,1.4259605861886775e-24,1.0,296.380380166365,10.0,0.019349165791993198,-1.781979154953124e-05
2,evacuation,2340.0,5.000001211506278,4.921483345964461,0.9842964306966311,1.0008859947032531,0.017145288345382623,1.1674970483612577e-24,1.0,296.39643984657874,10.0,0.01935554850621732,-1.71489134550663e-05
2,evacuation,2342.0,5.000001167167705,4.921417524433617,0.9842832751219933,1.0008523468493904,0.017144481165692324,9.558815097235079e-25,1.0,296.4123418183531,10.0,0.019361869933980917,-1.6503028836535073e-05
2,evacuation,2344.0,5.000001124468666,4.921352264161755,0.9842702314761443,1.0008199665396125,0.01714369608829798,7.826225016275609e-25,1.0,296.4280875732616,10.0,0.019368130627298953,-1.588121904922697e-05
2,evacuation,2346.0,5.000001083349017,4.921287562063265,0.9842572991538175,1.0007888065151553,0.017142932382766506,6.407676828385901e-25,1.0,296.4436785908887,10.0,0.019374331134329653,-1.5282598625535678e-05
2,evacuation,2348.0,5.000001043750775,4.921223415012832,0.984244477541379,1.0007588212559928,0.017142189343980454,5.246248638602645e-25,1.0,296.45911633884583,10.0,0.01938047199936342,-1.4706314104291692e-05
2,evacuation,2350.0,5.000001005618056,4.921159819848008,0.9842317660173546,1.0007299669179597,0.017141466291268802,4.295335972019239e-25,1.0,296.47440227279145,10.0,0.019386553762813452,-1.415154290009908e-05
2,evacuation,2352.0,5.000000968897,4.921096773371692,0.9842191639529393,1.0007022012720985,0.01714076256756601,3.5167816822034145e-25,1.0,296.4895378364541,10.0,0.019392576961208063,-1.3617492211427714e-05
2,evacuation,2354.0,5.000000933535694,4.92103427235405,0.9842066707123983,1.000675483646153,0.017140077538597916,2.879344824443932e-25,1.0,296.5045244616585,10.0,0.019398542127184337,-1.3103397966126809e-05
2,evacuation,2356.0,5.000000899484109,4.9209723135347625,0.9841942856535284,1.000649774868134,0.017139410592096647,2.3574470545063066e-25,1.0,296.51936356835506,10.0,0.019404449789483417,-1.2608523803176454e-05
2,evacuation,2358.0,5.000000866694019,4.920910893625356,0.9841820081281392,1.0006250372118843,0.01713876113704173,1.9301462498065768e-25,1.0,296.53405656465185,10.0,0.019410300472947055,-1.2132160089448237e-05
2,evacuation,2360.0,5.000000835118959,4.920850009311066,0.9841698374824353,1.0006012343445798,0.01713812860292495,1.5802961676365405e-25,1.0,296.5486048468497,10.0,0.019416094698515733,-1.1673622970361501e-05
2,evacuation,2362.0,5.000000804714146,4.920789657252665,0.9841577730573965,1.000578331276093,0.0171375124390408,1.2938584201570196e-25,1.0,296.56300979947935,10.0,0.01942183298322772,-1.123225345325567e-05
2,evacuation,2364.0,5.000000775436428,4.920729834088509,0.9841458141891989,1.00055629431016,0.01713691211380182,1.0593391578712303e-25,1.0,296.57727279534157,10.0,0.019427515840219706,-1.080741652245788e-05
2,evacuation,2366.0,5.000000747244218,4.920670536436466,0.9841339602096111,1.0005350909972859,0.017136327114076116,8.673278574506964e-26,1.0,296.5913951955496,10.0,0.01943314377872849,-1.0398500284959616e-05
2,evacuation,2368.0,5.000000720097445,4.920611760895463,0.9841222104463146,1.0005146900893285,0.017135756944546117,7.101197069139709e-26,1.0,296.6053783495734,10.0,0.01943871730409381,-1.0004915145675485e-05
2,evacuation,2370.0,5.000000693957497,4.9205535040471835,0.9841105642232559,1.0004950614957038,0.017135201127090452,5.814064356583283e-26,1.0,296.6192235952865,10.0,0.01944423691776223,-9.626093011325844e-06
2,evacuation,2372.0,5.000000668787168,4.9204957624579055,0.9840990208610215,1.000476176241155,0.01713465920018701,4.760231833220683e-26,1.0,296.6329322590144,10.0,0.01944970311729215,-9.261486521972293e-06
2,evacuation,2374.0,5.000000644550614,4.920438532680004,0.9840875796771501,1.0004580064250324,0.017134130718334927,3.897412501179114e-26,1.0,296.64650565558554,10.0,0.01945511639635979,-8.910568309286068e-06
2,evacuation,2376.0,5.000000621213291,4.920381811253312,0.9840762399864147,1.0004405251820299,0.017133615251496377,3.190984123575779e-26,1.0,296.6599450883831,10.0,0.019460477244766104,-8.572830280638357e-06
2,evacuation,2378.0,5.000000598741924,4.920325594706754,0.9840650011011564,1.0004237066443287,0.017133112384558374,2.6125999426111866e-26,1.0,296.67325184939955,10.0,0.019465786148444682,-8.24778292817752e-06
2,evacuation,2380.0,5.00000057710445,4.920269879559832,0.984053862331594,1.0004075259050984,0.01713262171681229,2.1390512129791322e-26,1.0,296.6864272192919,10.0,0.019471043589470355,-7.93495466200999e-06
2,evacuation,2382.0,5.000000556269979,4.920214662323797,0.9840428229860632,1.000391958983309,0.0171321428614503,1.7513359076225282e-26,1.0,296.6994724674391,10.0,0.019476250046068917,-7.633891166729852e-06
2,evacuation,2384.0,5.00000053620876,4.920159939503016,0.9840318823713,1.0003769827898057,0.01713167544508012,1.4338962259142324e-26,1.0,296.71238885200046,10.0,0.01948140599262737,-7.344154780439575e-06
2,evacuation,2386.0,5.0000005168921176,4.920105707596371,0.9840210397927304,1.0003625750946057,0.017131219107256276,1.17399430785509e-26,1.0,296.72517761997597,10.0,0.01948651189970517,-7.0653238955695194e-06
2,evacuation,2388.0,5.00000049829244,4.920051963098353,0.9840102945546922,1.0003487144953696,0.017130773500026515,9.612011036554511e-27,1.0,296.73784000726704,10.0,0.01949156823404603,-6.796992380695798e-06
2,evacuation,2390.0,5.000000480383122,4.919998702500241,0.9839996459606839,1.0003353803870119,0.017130338287494395,7.869778886376837e-27,1.0,296.7503772387391,10.0,0.0194965754585904,-6.538769022709342e-06
2,evacuation,2392.0,5.000000463138529,4.919945922291249,0.9839890933135975,1.000322552932405,0.017129913145396806,6.443336309636908e-27,1.0,296.762790528285,10.0,0.019501534032488842,-6.2902769885726075e-06
2,evacuation,2394.0,5.000000446533985,4.91989361895966,0.9839786359159516,1.000310213034141,0.01712949776069617,5.2754446342773256e-27,1.0,296.7750810788897,10.0,0.019506444411115695,-6.05115330607481e-06
2,evacuation,2396.0,5.0000004305457075,4.919841788993851,0.9839682730701069,1.0002983423073157,0.017129091831186216,4.319240025963161e-27,1.0,296.7872500826958,10.0,0.019511307046083785,-5.821048362874893e-06
2,evacuation,2398.0,5.0000004151507875,4.919790428883171,0.983958004078446,1.0002869230532927,0.017128695065111214,3.536352989218286e-27,1.0,296.79929872106953,10.0,0.019516122385259137,-5.5996254232140225e-06
2,evacuation,2400.0,5.000000400327165,4.9197395351190885,0.9839478282436087,1.0002759382343804,0.01712830718079875,2.8953556290459575e-27,1.0,296.8112281646686,10.0,0.019520890872776763,-5.386560160969128e-06
3,adsorption,2400.0,5.000000400327165,4.9197395351190885,0.9839478282436087,1.0002759382343804,0.01712830718079875,2.8953556290459575e-27,1.0,296.8112281646686,10.0,0.019520890872776763,-5.386560160969128e-06
3,adsorption,2402.0,100.04178446675928,6.359369645040876,0.06356713526190542,1.1190641103329726,0.10875120622783643,0.10655926525833304,1.0,297.074496823963,10.0,0.01962632479728457,0.07922651235358714
3,adsorption,2404.0,100.04319412052068,7.099807352041074,0.07096741976758592,1.2597383592947868,0.19227566925093653,0.08724334740545425,1.0,297.3345035395679,10.0,0.019730826556334215,0.062009098360917864
3,adsorption,2406.0,100.04437826218661,9.127591456851992,0.09123542587201935,1.3691581904847285,0.26831395227365396,0.07142881152386962,1.0,297.5398028009934,10.0,0.019813603382474877,0.047880869551348126
3,adsorption,2408.0,100.04474200071782,9.855447368911518,0.0985103981660606,1.4603856163619184,0.33744093030431,0.07079989137729932,1.0,297.71183256310314,10.0,0.019883144872065172,0.045747341482932455
3,adsorption,2410.0,100.04503370036035,10.013841321437805,0.10009333748069633,1.5503089175163802,0.4002426598671137,0.07118205924272333,1.0,297.8777491975036,10.0,0.01995036991136365,0.04440536163487848
3,adsorption,2412.0,100.04526788223667,10.098085008244414,0.10093515887358982,1.6385331410692068,0.45727086577546155,0.07230260030131223,1.0,298.0371818831956,10.0,0.02001511108868865,0.043658326751931424
3,adsorption,2414.0,100.04549833917133,10.18153378106844,0.10176903459015518,1.7248936030397812,0.5090323718367471,0.0731502707756548,1.0,298.19011149883966,10.0,0.020077343594438465,0.04272392375753209
3,adsorption,2416.0,100.04571032650935,10.263926696617803,0.10259237165811942,1.8094509512632408,0.5559927405971538,0.07403437444588759,1.0,298.33685968695283,10.0,0.020137182316131774,0.04184284275767246
3,adsorption,2418.0,100.04590579249889,10.343390964382623,0.10338644927495011,1.8922926372453093,0.5985792396681939,0.07494199430919565,1.0,298.47777425378644,10.0,0.02019475451808518,0.041004341181163924
3,adsorption,2420.0,100.04608637799852,10.420275042160283,0.10415474927015078,1.9734920587086653,0.6371835811316747,0.0758643403779784,1.0,298.61316552012136,10.0,0.020250173759591025,0.040200993575189525
3,adsorption,2422.0,100.04625321692562,10.494718840989334,0.1048986694007833,2.053119128528146,0.6721645282912104,0.07680070480113096,1.0,298.74332416216583,10.0,0.02030354697684129,0.03943168829530566
3,adsorption,2424.0,100.04640740053897,10.566814649342785,0.10561913140007324,2.131240373043928,0.7038503849174269,0.07774968256245823,1.0,298.868522375091,10.0,0.020354974804038358,0.038694751063031795
3,adsorption,2426.0,100.04654993604927,10.636657039289792,0.10631707986021355,2.2079187910331837,0.7325412860053642,0.07871003301199064,1.0,298.98901458002814,10.0,0.02040455172355761,0.03798863320099374
3,adsorption,2428.0,100.04668178271594,10.704326175763645,0.10699331537063456,2.283214136568998,0.7585114157206303,0.07968008808766729,1.0,299.1050387777779,10.0,0.020452366496569847,0.03731144238318112
3,adsorption,2430.0,100.04680380789715,10.769931276286973,0.10764892896495366,2.3571828131799872,0.782011055829846,0.08065865653679231,1.0,299.2168172175902,10.0,0.020498502325711408,0.03666166963333409
3,adsorption,2432.0,100.04691679648963,10.833538458381447,0.10828458092735115,2.4298783616365247,0.8032685018084225,0.08164492726170533,1.0,299.3245579565573,10.0,0.020543037397270102,0.03603811231070337
3,adsorption,2434.0,100.0470215076669,10.895226256671828,0.10890105564848718,2.5013514536432075,0.8224918427933549,0.08263748172285586,1.0,299.42845557914615,10.0,0.020586045088721493,0.035439089347122636
3,adsorption,2436.0,100.0471186174516,10.955074934784752,0.10949915485995632,2.5716500052623843,0.8398706499126847,0.0836354429714147,1.0,299.5286920729492,10.0,0.020627594250249563,0.0348633627076599
3,adsorption,2438.0,100.04720874891827,11.01315420421378,0.11007957485203561,2.6408194207408657,0.8555774891786667,0.08463798148923536,1.0,299.62543783857495,10.0,0.020667749550881468,0.034309742706460054
3,adsorption,2440.0,100.0472924784705,11.069528968057234,0.11064296388069994,2.7089027244604886,0.8697693829718488,0.08564426594493438,1.0,299.7188525042379,10.0,0.020706571751946207,0.033777049498192865
3,adsorption,2442.0,100.04737033401702,11.124263164886523,0.11118996059313888,2.775940673222002,0.8825890988706625,0.0866535605219609,1.0,299.8090856367913,10.0,0.020744117944606177,0.033264192723776925
3,adsorption,2444.0,100.04744280015835,11.177415467662387,0.1117211510342041,2.8419719203268277,0.8941664023571646,0.08766518882314789,1.0,299.89627752385906,10.0,0.02078044182328863,0.03277014256393159
3,adsorption,2446.0,100.04751031981797,11.229042084960476,0.1122370966460338,2.907033129001066,0.9046191680980471,0.08867856071230285,1.0,299.98055981628846,10.0,0.020815593906758707,0.032293952232881014
3,adsorption,2448.0,100.0475732987799,11.279196921060532,0.11273833586524468,2.971159097715888,0.9140544138400428,0.08969314090669504,1.0,300.06205615877565,10.0,0.020849621759290157,0.03183473281522506
3,adsorption,2450.0,100.04763210855663,11.32793208189647,0.11322538917867743,3.0343828769939734,0.922569261098283,0.09070844538814155,1.0,300.1408827780382,10.0,0.020882570198667617,0.031391650418971045
3,adsorption,2452.0,100.04768709248121,11.37529833947426,0.11369876376011831,3.0967358770728204,0.9302517750643314,0.09172397543314594,1.0,300.2171490044971,10.0,0.02091448148044719,0.030963872364442726
3,adsorption,2454.0,100.0477385623741,11.421336465957213,0.1141588668577117,3.158248026618405,0.9371819026254641,0.0927393289070127,1.0,300.29095792768356,10.0,0.020945395541844495,0.030550656528533348
3,adsorption,2456.0,100.04778679893941,11.466094467308471,0.11460617804920818,3.2189477599439265,0.9434320343664895,0.09375421022532983,1.0,300.36240660416985,10.0,0.02097535006154993,0.030151361756481136
3,adsorption,2458.0,100.04783206704738,11.509611844724054,0.11504109191502371,3.2788622270085352,0.9490678328840759,0.0947682250806617,1.0,300.4315867517971,10.0,0.021004380725983218,0.029765277494326444
3,adsorption,2460.0,100.04787460078727,11.551928924961679,0.1154640113151467,3.3380172842179294,0.9541487034923064,0.09578115561682826,1.0,300.49858492692414,10.0,0.021032521281515334,0.029391850274419543
3,adsorption,2462.0,100.04791461975645,11.593083744765766,0.11587531623049421,3.3964376249496078,0.9587284279611571,0.09679270432482999,1.0,300.5634830062131,10.0,0.021059803716576703,0.029030472816367024
3,adsorption,2464.0,100.04795232024783,11.633111866864803,0.11627536193472376,3.454146815340523,0.962855582076456,0.0978026855954503,1.0,300.6263584137458,10.0,0.02108625833889228,0.028680641343581805
3,adsorption,2466.0,100.04798788383523,11.672048150710388,0.11666449668395823,3.511167468514825,0.9665744455210642,0.0988108826196169,1.0,300.6872848296769,10.0,0.02111191405718519,0.028341835830934397
3,adsorption,2468.0,100.04802147611595,11.709925686122517,0.11704305106041481,3.567521159849361,0.9699247870988126,0.09981714317231502,1.0,300.74633190836846,10.0,0.021136798247735334,0.02801360110651551
3,adsorption,2470.0,100.04805324816438,11.746775638987337,0.11741133642900603,3.623228599470688,0.972942717506015,0.10082131659485621,1.0,300.80356596471853,10.0,0.021160937029770926,0.027695492529078287
3,adsorption,2472.0,100.04808333741822,11.782628735728649,0.11776965977440089,3.6783096103925823,0.9756607434780344,0.10182327602777139,1.0,300.8590499367101,10.0,0.02118435523741252,0.027387095359234975
3,adsorption,2474.0,100.04811186883981,11.817513848026666,0.11811830955409816,3.7327832204093343,0.9781082518979914,0.10282292587582921,1.0,300.9128437557451,10.0,0.02120707656457518,0.027088029814444515
3,adsorption,2476.0,100.04813895739876,11.851458609184288,0.11845756185660512,3.786667716649169,0.9803118343513603,0.10382017361818528,1.0,300.9650045800371,10.0,0.021229123653310013,0.026797927297061933
3,adsorption,2478.0,100.04816470806867,11.884490142147643,0.11878768767848455,3.839980680280926,0.9822955289715412,0.10481494420218805,1.0,301.0155869573684,10.0,0.02125051815326105,0.02651644210434353
3,adsorption,2480.0,100.0481892162522,11.916634163784448,0.11910894397125847,3.892739025451182,0.9840810373158742,0.10580718505046978,1.0,301.0646429833803,10.0,0.02127128078004257,0.026243255294665365
3,adsorption,2482.0,100.04821256953323,11.947915367566573,0.11942157746459293,3.944959036539936,0.9856879426878329,0.10679684745908744,1.0,301.11222245942935,10.0,0.021291431374180575,0.025978058971242685
3,adsorption,2484.0,100.04823484790182,11.97835790398752,0.11972582946813204,3.9966564020570816,0.9871339193447763,0.10778389516346691,1.0,301.1583730424318,10.0,0.021310988957353363,0.02572056309153714
3,adsorption,2486.0,100.04825612421645,12.00798483950922,0.12002193046324086,4.047846250302268,0.9884349191772418,0.10876830743955916,1.0,301.20314038803525,10.0,0.02132997178643688,0.025470497700482483
3,adsorption,2488.0,100.0482764654204,12.0368184036829,0.12031010257176371,4.098543179335123,0.9896053356361434,0.10975006716057435,1.0,301.246568274798,10.0,0.02134839740007082,0.025227602734982625
3,adsorption,2490.0,100.04829593275522,12.064880304561951,0.12059056270854465,4.148761282520336,0.9906581513383513,0.11072916589113714,1.0,301.28869871435313,10.0,0.021366282659787707,0.024991632036864685
3,adsorption,2492.0,100.04831458211639,12.092191392013968,0.12086351921589936,4.1985141755897395,0.9916050734788341,0.1117056058951331,1.0,301.32957205895656,10.0,0.021383643790490434,0.0247623547589898
3,adsorption,2494.0,100.04833246490622,12.118771814721624,0.12112917343197602,4.247815020805581,0.9924566575834958,0.11267939243479497,1.0,301.3692270995934,10.0,0.021400496417342575,0.024539548713316303
3,adsorption,2496.0,100.04834962828176,12.144641236189447,0.1213877218496005,4.296676547611511,0.9932224173524893,0.1136505366619631,1.0,301.40770115247904,10.0,0.021416855598108357,0.024323002587268445
3,adsorption,2498.0,100.0483661153108,12.16981861826404,0.12163935395244443,4.345111075621267,0.9939109333291676,0.11461905723012707,1.0,301.44503014941,10.0,0.021432735857476463,0.02411251703829579
3,adsorption,2500.0,100.0483819657524,12.194322331075112,0.12188425331305563,4.3931305302736625,0.994529926603243,0.11558497456901308,1.0,301.48124869984997,10.0,0.02144815120967921,0.02390789978531312
3,adsorption,2502.0,100.04839721615052,12.218170313467793,0.12212259919637625,4.440746464355721,0.9950863643151223,0.11654831333969853,1.0,301.5163901786347,10.0,0.02146311519229644,0.023708967400481035
3,adsorption,2504.0,100.04841190004771,12.24137990139365,0.12235456484430028,4.4879700731024625,0.9955865239569728,0.11750910331860448,1.0,301.5504867836707,10.0,0.02147764088755951,0.023515545905099088
3,adsorption,2506.0,100.04842604845301,12.263967919179535,0.12258031838741919,4.534812208899961,0.9960360572616399,0.11846737505010646,1.0,301.5835695931766,10.0,0.021491740943694295,0.023327466981112304
3,adsorption,2508.0,100.04843968992068,12.285950817028535,0.12280002421933098,4.581283395094272,0.9964400524490254,0.11942316189367691,1.0,301.61566862110186,10.0,0.02150542759570576,0.023144569539930753
3,adsorption,2510.0,100.0484528507921,12.30734451520177,0.12301384143897162,4.62739383956375,0.9968030878253609,0.12037650085673353,1.0,301.64681286800175,10.0,0.021518712684428017,0.022966700272984714
3,adsorption,2512.0,100.04846555547323,12.328164481640997,0.12322192462617511,4.673153449862571,0.9971292925149607,0.12132742908415016,1.0,301.6770303789292,10.0,0.021531607678756157,0.022793710518458594
3,adsorption,2514.0,100.0484778265594,12.34842584687066,0.12342442499002798,4.7185718410652155,0.9974223780164558,0.12227598517393047,1.0,301.706348274446,10.0,0.02154412368658285,0.022625457309598123
3,adsorption,2516.0,100.04848968492374,12.368143287256512,0.12362148920195304,4.763658348449558,0.9976856839894358,0.123222210294905,1.0,301.73479279745817,10.0,0.021556271472639683,0.022461804157005702
3,adsorption,2518.0,100.04850115001113,12.38733107156893,0.12381325986079054,4.8084220384230605,0.9979222169850211,0.12416614538522262,1.0,301.7623893538009,10.0,0.021568061473819775,0.022302618565834716
3,adsorption,2520.0,100.04851223990777,12.406003151989484,0.12399987640236919,4.852871717698484,0.9981346833862057,0.1251078320435114,1.0,301.789162547225,10.0,0.021579503812244633,0.022147772682296046
3,adsorption,2522.0,100.04852297140671,12.424173088870013,0.12418147434741011,4.897015942444755,0.9983255182312796,0.12604731331439117,1.0,301.81513621239225,10.0,0.021590608307604193,0.02199714384806471
3,adsorption,2524.0,100.04853336020432,12.441854076787713,0.12435818556173493,4.940863026894014,0.9984969117121678,0.12698463189073905,1.0,301.84033344597884,10.0,0.021601384488802715,0.02185061298635193
3,adsorption,2526.0,100.04854342096434,12.459059008895439,0.124530138899401,4.984421051214265,0.9986508336729565,0.12791983058258946,1.0,301.86477663572697,10.0,0.02161184160483457,0.021708064904248533
3,adsorption,2528.0,100.04855316737152,12.475800432530674,0.12469745975896195,5.027697869435262,0.9987890557819293,0.12885295287708562,1.0,301.88848748849455,10.0,0.021621988635330797,0.02156938866727396
3,adsorption,2530.0,100.04856261227111,12.49209056466086,0.1248602702376924,5.070701116845343,0.9989131713334581,0.1297840417753965,1.0,301.91148705632617,10.0,0.02163183430035174,0.021434476528241694
3,adsorption,2532.0,100.04857176772157,12.507941337559279,0.12501868958807755,5.113438216706857,0.9990246129905016,0.1307131400244619,1.0,301.9337957604432,10.0,0.021641387069375125,0.021303224040876353
3,adsorption,2534.0,100.04858064503493,12.523364373132596,0.12517283396117912,5.1559163869394755,0.9991246688024228,0.13164029052278653,1.0,301.9554334143434,10.0,0.021650655169983178,0.021175530317916004
3,adsorption,2536.0,100.04858925487437,12.53837099216501,0.12532281649892568,5.198142646477154,0.9992144966909505,0.13256553557370873,1.0,301.97641924562555,10.0,0.021659646596078382,0.021051297319888748
3,adsorption,2538.0,100.04859760729786,12.552972247188556,0.12546874766261495,5.240123821140712,0.9992951375126465,0.1334889169855206,1.0,301.9967719163289,10.0,0.021668369115533142,0.020930429864884074
3,adsorption,2540.0,100.04860571178922,12.567178908651801,0.12561073509464157,5.281866549426824,0.9993675268102251,0.1344104763646796,1.0,302.01650954247015,10.0,0.021676830277560673,0.020812835800556716
3,adsorption,2542.0,100.0486135773265,12.581001470782896,0.12574888367702539,5.323377288047041,0.9994325053855239,0.1353302546407545,1.0,302.03564971257117,10.0,0.021685037419714677,0.02069842552942216
3,adsorption,2544.0,100.04862121241774,12.594450175490358,0.12588329577026866,5.364662317102102,0.9994908288217768,0.1362482920984895,1.0,302.05420950504885,10.0,0.021692997674458214,0.020587111967324708
3,adsorption,2546.0,100.04862862512373,12.607535005853912,0.12601407114827726,5.405727745160834,0.9995431760617786,0.13716462859006612,1.0,302.07220550494395,10.0,0.0217007179755028,0.02047881065407378
3,adsorption,2548.0,100.04863582311262,12.620265689960421,0.1261413070366419,5.446579514060906,0.9995901569898532,0.13807930323918774,1.0,302.08965381958023,10.0,0.021708205063738762,0.02037343943774976
3,adsorption,2550.0,100.04864281366606,12.63265171992999,0.1262650983028072,5.487223403868183,0.9996323199245047,0.13899235442633173,1.0,302.1065700947769,10.0,0.02171546549345043,0.020270918391436434
3,adsorption,2552.0,100.04864960372811,12.644702346863673,0.1263855374055193,5.52766503659716,0.9996701566736582,0.13990381997258408,1.0,302.1229695267852,10.0,0.021722505636740302,0.02017116992152859
3,adsorption,2554.0,100.04865619992192,12.656426587437412,0.12650271446071945,5.567909881651319,0.9997041097448377,0.14081373695291288,1.0,302.13886687965845,10.0,0.021729331690326915,0.02007411852544377
3,adsorption,2556.0,100.0486626085773,12.667833236160018,0.1266167173640359,5.6079632595117745,0.9997345766861334,0.1417221416120177,1.0,302.15427649697926,10.0,0.021735949679960096,0.019979690670132003
3,adsorption,2558.0,100.04866883574041,12.678930866905553,0.1267276318060941,5.647830345605708,0.9997619143865095,0.1426290695882619,1.0,302.16921231403137,10.0,0.021742365465063057,0.019887814926496505
3,adsorption,2560.0,100.04867488719479,12.689727831395324,0.1268355412573233,5.687516174334838,0.9997864432555742,0.14353455575285512,1.0,302.1836878703131,10.0,0.0217485847435558,0.019798421773054856
3,adsorption,2562.0,100.04868076849928,12.70023227472257,0.12694052712308512,5.72702564266964,0.9998084508114079,0.14443863414112562,1.0,302.19771632075685,10.0,0.02175461305615497,0.019711443485088888
3,adsorption,2564.0,100.04868648497116,12.710452137953922,0.12704266876970172,5.766363514525769,0.9998281957279221,0.14534133813941214,1.0,302.2113104492398,10.0,0.021760455791689164,0.019626814223259154
3,adsorption,2566.0,100.0486920417196,12.72039515423543,0.12714204348549718,5.805534423475124,0.9998459099108088,0.1462427003577503,1.0,302.2244826767897,10.0,0.021766118190163285,0.019544469888723933
3,adsorption,2568.0,100.04869744365877,12.730068864151367,0.12723872663429883,5.844542876519868,0.999861801520167,0.14714275260915935,1.0,302.2372450731194,10.0,0.021771605347280346,0.019464348045676916
3,adsorption,2570.0,100.04870269551176,12.73948061607254,0.12733279165891712,5.883393257593806,0.9998760575160536,0.14804152603026935,1.0,302.24960936720754,10.0,0.021776922218579006,0.019386387968402228
3,adsorption,2572.0,100.04870780182785,12.748637567727744,0.12742431009683497,5.922089830836544,0.9998888458128301,0.14893905100104754,1.0,302.26158695710075,10.0,0.02178207362326073,0.019310530521468115
3,adsorption,2574.0,100.04871276699257,12.75754669559517,0.1275133516740663,5.960636743674492,0.9999003171550224,0.14983535713172777,1.0,302.27318891913586,10.0,0.02178706424779006,0.019236718099977113
3,adsorption,2576.0,100.04871759523174,12.766214796932578,0.12759998432544636,5.999038029872748,0.9999106068359725,0.15073047335414078,1.0,302.28442601699925,10.0,0.02179189864944624,0.01916489465822887
3,adsorption,2578.0,100.04872229062322,12.774648491778525,0.12768427421462225,6.037297612560421,0.9999198362823506,0.1516244278774899,1.0,302.29530871064424,10.0,0.02179658125983397,0.01909500562295334
3,adsorption,2580.0,100.0487268571059,12.782854230390067,0.12776628580838528,6.075419307151397,0.9999281144835152,0.15251724817711412,1.0,302.305847164895,10.0,0.021801116388278273,0.019026997835916024
3,adsorption,2582.0,100.04873129848325,12.790838296105116,0.12784608190527874,6.113406824185038,0.999935539263318,0.15340896106238688,1.0,302.3160512577582,10.0,0.021805508225111597,0.018960819564707767
3,adsorption,2584.0,100.04873561843168,12.7986068075557,0.12792372365771157,6.151263772098102,0.9999421984155498,0.15429959265733875,1.0,302.32593058847806,10.0,0.02180976084486744,0.018896420440074523
3,adsorption,2586.0,100.04873982050786,12.806165724653594,0.12799927063177863,6.188993659907928,0.999948170725791,0.1551891683929176,1.0,302.33549448532256,10.0,0.02181387820937424,0.01883375140430317
3,adsorption,2588.0,100.04874390815183,12.81352085181601,0.12807278083950022,6.226599899834217,0.999953526892854,0.1560777130572971,1.0,302.3447520131543,10.0,0.021817864170771598,0.018772764709630744
3,adsorption,2590.0,100.0487478846947,12.820677840284048,0.1281443107619874,6.264085809814594,0.9999583303420527,0.1569652507918918,1.0,302.3537119806528,10.0,0.021821722474390685,0.01871341387209581
3,adsorption,2592.0,100.04875175335852,12.827642193424056,0.12821391540243232,6.301454616174615,0.9999626380263164,0.15785180508584204,1.0,302.3623829479681,10.0,0.02182545676183373,0.018655653620316716
3,adsorption,2594.0,100.04875551726775,12.834419269299168,0.12828164831179767,6.338709455626297,0.9999665009643948,0.1587373988121355,1.0,302.37077323242494,10.0,0.021829070573226847,0.018599439893121954
3,adsorption,2596.0,100.04875917944887,12.841014284468182,0.12834756162678998,6.375853378211488,0.9999699650088304,0.15962205426028828,1.0,302.3788909168821,10.0,0.02183256735062807,0.01854472981414699
3,adsorption,2598.0,100.04876274283585,12.847432316680681,0.1284117060967917,6.412889349365522,0.9999730713064244,0.16050579308112117,1.0,302.3867438555749,10.0,0.021835950440362958,0.018491481609395993
3,adsorption,2600.0,100.04876621027418,12.853678310465916,0.12847413113971964,6.44982025205745,0.9999758567540982,0.16138863635513293,1.0,302.39433968017664,10.0,0.021839223095464946,0.01843965462800623
3,adsorption,2602.0,100.04876958451972,12.859757076954438,0.1285348848402449,6.486648889027916,0.9999783544412983,0.162270604616364,1.0,302.4016858060842,10.0,0.0218423884782222,0.018389209322684168
3,adsorption,2604.0,100.0487728682512,12.865673298565152,0.12859401399662598,6.523377984832381,0.9999805940291323,0.16315171780741627,1.0,302.4087894381549,10.0,0.021845449662497782,0.018340107175162032
3,adsorption,2606.0,100.04877606406441,12.871431534346733,0.12865156417410592,6.560010188308809,0.9999826021774069,0.16403199533608598,1.0,302.41565757763016,10.0,0.02184840963656986,0.018292310698989428
3,adsorption,2608.0,100.0487791744778,12.877036219122983,0.1287075796963636,6.596548074116204,0.9999844027626832,0.16491145608456123,1.0,302.4222970264207,10.0,0.021851271304843593,0.018245783420928245
3,adsorption,2610.0,100.0487822019372,12.882491668790756,0.1287621036984628,6.632994144909828,0.9999860171961442,0.16579011840935892,1.0,302.4287143931649,10.0,0.02185403749033504,0.018200489840866224
3,adsorption,2612.0,100.04878514881658,12.887802083206482,0.12881517815570323,6.669350833310496,0.9999874646860513,0.166668000160133,1.0,302.4349160987025,10.0,0.0218567109369105,0.018156395411786052
3,adsorption,2614.0,100.04878801741917,12.892971548590562,0.1288668439076524,6.7056205039257275,0.9999887624818957,0.16754511869616612,1.0,302.44090838167546,10.0,0.021859294311588055,0.018113466516384714
3,adsorption,2616.0,100.0487908099835,12.89800404014604,0.12891714068431295,6.741805454816264,0.9999899260299887,0.1684214908834248,1.0,302.4466973025845,10.0,0.021861790206179715,0.018071670438420808
3,adsorption,2618.0,100.04879352868237,12.902903426005341,0.1289661071455728,6.777907919703549,0.9999909692054897,0.16929713313985723,1.0,302.4522887498771,10.0,0.021864201139816006,0.01803097535946363
3,adsorption,2620.0,100.04879617562615,12.907673468038379,0.12901378088927912,6.813930069537563,0.9999919044535904,0.17017206140577465,1.0,302.4576884442598,10.0,0.02186652956071063,0.017991350304873477
3,adsorption,2622.0,100.04879875286582,12.912317826671043,0.12906019849939657,6.849874014128272,0.9999927429308095,0.1710462911723827,1.0,302.46290194319397,10.0,0.02186877784801008,0.017952765137802355
3,adsorption,2624.0,100.04880126239082,12.916840061827287,0.12910539555542713,6.885741803832457,0.9999934946399707,0.17191983751468468,1.0,302.46793464551894,10.0,0.02187094831370343,0.017915190555551196
3,adsorption,2626.0,100.04880370613701,12.921243635315596,0.12914940665625374,6.921535431097201,0.9999941685446002,0.17279271507094535,1.0,302.4727917956733,10.0,0.02187304320436356,0.01787859804313804
3,adsorption,2628.0,100.0488060859831,12.925531915234727,0.12919226546418128,6.9572568323226625,0.9999947726982128,0.1736649380649062,1.0,302.47747848879357,10.0,0.021875064703271906,0.01784295985645486
3,adsorption,2630.0,100.04880840375475,12.929708176371202,0.12923400470890525,6.9929078890198415,0.9999953143110856,0.17453652032046046,1.0,302.48199967387643,10.0,0.021877014931712107,0.01780824901354934
3,adsorption,2632.0,100.04881066122537,12.933775603348039,0.12927465621898304,7.028490429456814,0.9999957998471919,0.1754074752775818,1.0,302.48636015826014,10.0,0.021878895950837095,0.017774439276589594
3,adsorption,2634.0,100.04881286011872,12.937737292911834,0.12931425094469112,7.064006230146537,0.9999962351039036,0.1762778159885233,1.0,302.4905646116713,10.0,0.02188070976335252,0.017741505120141228
3,adsorption,2636.0,100.04881500210854,12.941596256670872,0.12935281898539355,7.099457017365723,0.9999966252859781,0.17714755513519231,1.0,302.4946175703551,10.0,0.021882458315239904,0.017709421716704882
3,adsorption,2638.0,100.04881708882226,12.945355422398409,0.1293903896025643,7.134844468260767,0.999996975052741,0.17801670503973047,1.0,302.49852344007587,10.0,0.02188414349699607,0.01767816492495233
3,adsorption,2640.0,100.04881912184065,12.949017637115258,0.12942699125059923,7.170170212512521,0.9999972885884965,0.1788852776857136,1.0,302.50228650062115,10.0,0.02188576714552446,0.01764771127518822
3,adsorption,2642.0,100.04882110269997,12.952585668397731,0.1294626515898865,7.205435833512239,0.9999975696453737,0.17975328469690216,1.0,302.50591090898445,10.0,0.021887331045459528,0.017618037928683994
3,adsorption,2644.0,100.04882303289351,12.956062207583916,0.12949739751885228,7.24064286958868,0.9999978215861555,0.18062073737206333,1.0,302.5094007026897,10.0,0.021888836930555235,0.01758912268367689
3,adsorption,2646.0,100.04882491387089,12.95944987035321,0.12953125517975472,7.275792815277706,0.9999980474251537,0.18148764669730044,1.0,302.5127598032121,10.0,0.021890286485117864,0.017560943961163346
3,adsorption,2648.0,100.04882674704245,12.962751199278225,0.129564249984185,7.310887122477708,0.9999982498628492,0.1823540233310894,1.0,302.51599201909266,10.0,0.02189168134530927,0.017533480769675026
3,adsorption,2650.0,100.04882853377799,12.965968666809276,0.12959640664290006,7.345927201847546,0.999998431325038,0.1832198776325073,1.0,302.5191010497072,10.0,0.021893023100735078,0.017506712701739674
3,adsorption,2652.0,100.04883027540806,12.96910467531991,0.12962774916627592,7.380914423675907,0.9999985939830384,0.18408521966309727,1.0,302.522090487605,10.0,0.021894313295417914,0.017480619918816068
3,adsorption,2654.0,100.04883197322617,12.972161560165361,0.1296583008948751,7.415850119111972,0.999998739783018,0.18495005919728474,1.0,302.52496382181596,10.0,0.02189555342919078,0.017455183135863483
3,adsorption,2656.0,100.04883362848909,12.975141591156747,0.1296880845141812,7.450735581278811,0.9999988704700931,0.18581440572921679,1.0,302.5277244408387,10.0,0.021896744958954786,0.017430383605226817
3,adsorption,2658.0,100.04883524241768,12.97804697440394,0.1297171220730178,7.485572066410899,0.9999989876106935,0.1866782684793774,1.0,302.5303756356925,10.0,0.021897889299966448,0.01740620309974156
3,adsorption,2660.0,100.04883681619884,12.980879853820355,0.12974543499858687,7.520360794677942,0.9999990926068187,0.18754165640037943,1.0,302.5329206021281,10.0,0.021898987826763687,0.017382623901637816
3,adsorption,2662.0,100.04883835098529,12.98364231326532,0.12977304411788262,7.555102951427989,0.9999991867173113,0.18840457820079495,1.0,302.53536244395116,10.0,0.02190004187457384,0.017359628797978907
3,adsorption,2664.0,100.04883984789764,12.986336377317851,0.12979996966542276,7.58979968806581,0.9999992710707949,0.1892670423242746,1.0,302.5377041753715,10.0,0.021901052740302882,0.01733720104549718
3,adsorption,2666.0,100.04884130802473,12.988964014145797,0.12982623131192597,7.624452122965632,0.9999993466786036,0.19012905697268573,1.0,302.5399487234508,10.0,0.02190202168356847,0.01731532437224087
3,adsorption,2668.0,100.04884273242394,12.991527135815131,0.1298518481674034,7.659061342416081,0.9999994144471198,0.19099063012334902,1.0,302.5420989306227,10.0,0.021902949927765886,0.017293982973441674
3,adsorption,2670.0,100.04884412212326,12.994027599972444,0.12987683879797213,7.693628401481721,0.999999475188226,0.19185176951341404,1.0,302.5441575569903,10.0,0.021903838661039045,0.017273161481005838
3,adsorption,2672.0,100.04884547812155,12.9964672124644,0.12990122125203768,7.728154325041417,0.9999995296311149,0.19271248265748753,1.0,302.5461272830985,10.0,0.02190468903745805,0.01725284495764219
3,adsorption,2674.0,100.04884680138879,12.998847727338234,0.1299250130602984,7.762640108432922,0.9999995784283826,0.1935727768561175,1.0,302.5480107116543,10.0,0.021905502177743424,0.017233018891395047
3,adsorption,2676.0,100.0488480928678,13.001170848888918,0.12994823125620508,7.797086718368262,0.9999996221648696,0.19443265920068528,1.0,302.54981036996196,10.0,0.021906279170300406,0.017213669181373303
3,adsorption,2678.0,100.04884935347427,13.003438233079416,0.12997089239015683,7.831495093774779,0.9999996613650567,0.19529213657515118,1.0,302.5515287121617,10.0,0.021907021072169283,0.017194782122305984
3,adsorption,2680.0,100.04885058409822,13.005651488833799,0.12999301254242412,7.865866146578209,0.9999996964992961,0.19615121566599797,1.0,302.5531681213134,10.0,0.021907728909909868,0.017176344397275126
3,adsorption,2682.0,100.04885178560407,13.007812179203144,0.13001460733480225,7.900200762451697,0.999999727989225,0.19700990296774087,1.0,302.5547309113874,10.0,0.021908403680446983,0.017158343067335498
3,adsorption,2684.0,100.04885295883169,13.009921822714716,0.1300356919440952,7.934499801552447,0.999999756212724,0.19786820478583778,1.0,302.55621932922236,10.0,0.02190904635190221,0.017140765559134116
3,adsorption,2686.0,100.04885410459707,13.011981894630278,0.13005628111469195,7.968764099247381,0.9999997815084781,0.19872612724399447,1.0,302.557635556452,10.0,0.021909657864413554,0.017123599656479215
3,adsorption,2688.0,100.04885522369293,13.013993828031266,0.13007638916941225,8.002994466807172,0.9999998041800057,0.19958367628959364,1.0,302.55898171134737,10.0,0.021910239130918965,0.017106833490936342
3,adsorption,2690.0,100.04885631688923,13.015959015124478,0.13009603002255668,8.03719169214167,0.9999998244995866,0.20044085769729728,1.0,302.5602598507675,10.0,0.021910791037987664,0.017090455529960597
3,adsorption,2692.0,100.04885738493412,13.01787880820022,0.13011521718948205,8.071356540346253,0.9999998427108713,0.20129767707284124,1.0,302.5614719716097,10.0,0.021911314446435938,0.017074454569137466
3,adsorption,2694.0,100.04885842855414,13.019754521070974,0.13013396380098136,8.105489754506848,0.9999998590326281,0.20215413986853725,1.0,302.56262001293874,10.0,0.02191181019223706,0.017058819728959722
3,adsorption,2696.0,100.04885944845526,13.021587429603912,0.13015228260860462,8.139592056263487,0.9999998736609829,0.20301025136985712,1.0,302.5637058574794,10.0,0.02191227908715643,0.017043540431942953
3,adsorption,2698.0,100.0488604453235,13.023378773577079,0.1301701860032112,8.173664146392882,0.9999998867716405,0.20386601671031818,1.0,302.5647313331637,10.0,0.021912721919411345,0.017028606403500898
3,adsorption,2700.0,100.04886141982458,13.025129756902684,0.1301876860172021,8.207706705414706,0.9999998985220339,0.2047214408822119,1.0,302.56569821473244,10.0,0.021913139454354483,0.01701400766874518
3,adsorption,2702.0,100.04886237260568,13.026841548746253,0.13020479433570373,8.241720394145972,0.9999999090531603,0.2055765287267853,1.0,302.5666082252001,10.0,0.021913532435099147,0.016999734532793836
3,adsorption,2704.0,100.04886330429545,13.028515285223081,0.1302215223135246,8.275705854368,0.9999999184916485,0.20643128494583302,1.0,302.5674630376202,10.0,0.021913901583274328,0.016985777576988693
3,adsorption,2706.0,100.04886421550408,13.030152069410855,0.13023788097528083,8.309663709238194,0.9999999269508114,0.20728571410660757,1.0,302.56826427617455,10.0,0.021914247599488852,0.016972127654749373
3,adsorption,2708.0,100.04886510682468,13.03175297270397,0.1302538810289316,8.343594563875364,0.9999999345321818,0.20813982064522607,1.0,302.56901351771796,10.0,0.02191457116399204,0.01695877588247174
3,adsorption,2710.0,100.04886597883305,13.033319035719465,0.13026953287483412,8.37749900589765,0.9999999413268004,0.20899360886783896,1.0,302.5697122931984,10.0,0.021914872937281307,0.016945713629493618
3,adsorption,2712.0,100.04886683208858,13.034851269147579,0.13028484661424394,8.411377605922949,0.999999947416303,0.20984708295670065,1.0,302.5703620889782,10.0,0.021915153560667408,0.01693293251302108
3,adsorption,2714.0,100.04886766713453,13.036350654524481,0.13029983205703835,8.445230918047013,0.9999999528738621,0.21070024697383313,1.0,302.5709643480958,10.0,0.021915413656814205,0.0169204243914514
3,adsorption,2716.0,100.04886848449857,13.037818145096026,0.13031449873034884,8.479059480313296,0.9999999577650492,0.21155310486300508,1.0,302.5715204715052,10.0,0.021915653830269225,0.01690818135641483
3,adsorption,2718.0,100.04886928469314,13.039254666638753,0.1303288558867669,8.512863815175454,0.9999999621486282,0.21240566045404558,1.0,302.57203181929555,10.0,0.02191587466798599,0.016896195726952088
3,adsorption,2720.0,100.04887006821608,13.04066111817537,0.13034291251149452,8.546644429939313,0.9999999660772557,0.2132579174664999,1.0,302.57249971185627,10.0,0.021916076739823005,0.01688446004354766
3,adsorption,2722.0,100.04887083555055,13.042038372807063,0.1303566773306632,8.580401817231028,0.999999969598164,0.21410987951195462,1.0,302.57292543111055,10.0,0.021916260599072673,0.016872967060462634
3,adsorption,2724.0,100.04887158716616,13.043387278340692,0.1303701588176017,8.614136455344438,0.999999972753615,0.21496155009620324,1.0,302.573310221432,10.0,0.0219164267828535,0.016861709740461122
3,adsorption,2726.0,100.04887232351876,13.044708658223833,0.1303833652021821,8.647848808752917,0.9999999755815517,0.21581293262932233,1.0,302.5736552909897,10.0,0.0219165758126877,0.016850681252824632
3,adsorption,2728.0,100.04887304505102,13.046003311878568,0.13039630447415518,8.6815393284672,0.9999999781159864,0.21666403041705054,1.0,302.57396181269047,10.0,0.02191670819490493,0.01683987495861605
3,adsorption,2730.0,100.04887375219317,13.047272015903816,0.13040898439516724,8.715208452405127,0.999999980387388,0.21751484667007692,1.0,302.57423092515495,10.0,0.021916824421060927,0.01682928441099215
3,adsorption,2732.0,100.04887444536242,13.048515524226538,0.130421412500272,8.748856605776169,0.9999999824230543,0.2183653845110659,1.0,302.57446373372807,10.0,0.021916924968371207,0.016818903353259952
3,adsorption,2734.0,100.04887512496457,13.049734568811852,0.13043359610502636,8.782484201432982,0.9999999842474313,0.21921564696828993,1.0,302.57466131140274,10.0,0.021917010300107394,0.016808725706170223
3,adsorption,2736.0,100.04887579139323,13.050929860756028,0.13044554231641595,8.81609164029408,0.9999999858824721,0.2200656369829606,1.0,302.5748246999324,10.0,0.02191708086607536,0.016798745565416398
3,adsorption,2738.0,100.0488764450308,13.052102090302018,0.13045725803300898,8.849679311604346,0.99999998734782,0.22091535741224202,1.0,302.5749549105173,10.0,0.02191713710290943,0.016788957198847366
3,adsorption,2740.0,100.04887708624867,13.053251927703196,0.1304687499535896,8.883247593305576,0.9999999886610754,0.22176481103166873,1.0,302.57505292477714,10.0,0.021917179434490276,0.016779355040847647
3,adsorption,2742.0,100.04887771540729,13.054380023800261,0.1304800245829236,8.916796852376788,0.9999999898380185,0.22261400053559421,1.0,302.57511969564507,10.0,0.021917208272329267,0.016769933685663617
3,adsorption,2744.0,100.04887833285693,13.055487010575574,0.1304910882372985,8.95032744515053,0.9999999908927981,0.22346292854104452,1.0,302.5751561481991,10.0,0.021917224015925635,0.01676068788413946
3,adsorption,2746.0,100.04887893893734,13.056573501641893,0.1305019470494086,8.98383971761492,0.9999999918380958,0.22431159759019656,1.0,302.5751631804558,10.0,0.02191722705310768,0.01675161253957144
3,adsorption,2748.0,100.04887953397893,13.057640092792786,0.13051260697385528,9.017334005710396,0.9999999926852756,0.2251600101514472,1.0,302.57514166414916,10.0,0.02191721776036757,0.01674270270246306
3,adsorption,2750.0,100.04888011830208,13.05868736253322,0.13052307379245098,9.05081063562163,0.9999999934445204,0.22600816862219159,1.0,302.57509244549755,10.0,0.0219171965031911,0.016733953566837857
3,adsorption,2752.0,100.048880692218,13.059715872532312,0.13053335311874328,9.084269924056366,0.9999999941249549,0.2268560753310494,1.0,302.5750163459356,10.0,0.021917163636372586,0.016725360466350384
3,adsorption,2754.0,100.04888125602918,13.06072616815566,0.13054345040333565,9.117712178540662,0.9999999947347629,0.22770373253946538,1.0,302.57491416288906,10.0,0.021917119504348208,0.016716918869512074
3,adsorption,2756.0,100.04888181002877,13.061718778862433,0.13055337093785632,9.151137697637798,0.9999999952812672,0.2285511424429115,1.0,302.57478667035,10.0,0.02191706444144324,0.01670862437617888
3,adsorption,2758.0,100.04888235450196,13.062694218806975,0.13056311986097052,9.184546771270842,0.9999999957710417,0.22939830717724405,1.0,302.5746346197215,10.0,0.021916998772235886,0.01670047271625907
3,adsorption,2760.0,100.04888288972515,13.063652987044675,0.13057270216043848,9.217939680947959,0.9999999962099788,0.23024522881348505,1.0,302.57445874040855,10.0,0.021916922811811474,0.016692459740568884
3,adsorption,2762.0,100.04888341596731,13.064595568295495,0.13058212268074598,9.251316699995169,0.9999999966033575,0.23109190936323137,1.0,302.5742597404306,10.0,0.021916836866026124,0.01668458142061393
3,adsorption,2764.0,100.04888393348898,13.065522433053054,0.13059138612419527,9.284678093798211,0.9999999969559064,0.23193835078342523,1.0,302.57403830705465,10.0,0.021916741231779335,0.016676833847627522
3,adsorption,2766.0,100.04888444254344,13.066434038019377,0.13060049705524934,9.318024120023784,0.9999999972718604,0.23278455497231135,1.0,302.5737951073747,10.0,0.021916636197263407,0.01666921322450712
3,adsorption,2768.0,100.04888494337669,13.06733082680378,0.13060945990751743,9.351355028885347,0.9999999975550224,0.23363052377382632,1.0,302.57353078900917,10.0,0.021916522042264037,0.01666171586401716
3,adsorption,2770.0,100.04888543622734,13.06821322994089,0.13061827898393494,9.38467106330674,0.9999999978087951,0.23447625897961458,1.0,302.5732459805305,10.0,0.021916399038345108,0.01665433818711185
3,adsorption,2772.0,100.0488859213272,13.069081665428813,0.13062695846214223,9.417972459155052,0.999999998036227,0.23532176233063828,1.0,302.57294129207435,10.0,0.021916267449111283,0.016647076719449164
3,adsorption,2774.0,100.04888639890137,13.069936539094153,0.13063550239813237,9.451259445454404,0.9999999982400513,0.2361670355172672,1.0,302.5726173158999,10.0,0.021916127530449404,0.016639928087005644
3,adsorption,2776.0,100.04888686916809,13.070778244950837,0.13064391472983836,9.484532244584493,0.9999999984227188,0.2370120801817619,1.0,302.5722746269098,10.0,0.021915979530752482,0.016632889014054672
3,adsorption,2778.0,100.04888733233966,13.071607165503469,0.13065219928016347,9.517791072470196,0.9999999985864261,0.23785689791988113,1.0,302.57191378314707,10.0,0.021915823691133932,0.016625956320582662
3,adsorption,2780.0,100.04888778862203,13.072423672093166,0.1306603597604392,9.55103613876776,0.9999999987331412,0.23870149028151358,1.0,302.5715353262827,10.0,0.021915660245637666,0.01661912691894069
3,adsorption,2782.0,100.04888823821497,13.073228125240004,0.1306683997738469,9.584267647047884,0.9999999988646279,0.23954585877227147,1.0,302.57113978209514,10.0,0.021915489421444875,0.016612397811381692
3,adsorption,2784.0,100.04888868131275,13.074020874932136,0.1306763228183075,9.617485794974012,0.9999999989824665,0.24039000485517936,1.0,302.57072766093705,10.0,0.021915311439075102,0.01660576608777806
3,adsorption,2786.0,100.04888911810376,13.074802260933968,0.13068413228956174,9.650690774474713,0.9999999990880741,0.241233929951464,1.0,302.57029945818647,10.0,0.021915126512580957,0.016599228922693342
3,adsorption,2788.0,100.04888954877084,13.075572613101027,0.13069183148431723,9.683882771910525,0.9999999991827201,0.2420776354418378,1.0,302.5698556546839,10.0,0.021914934849736493,0.01659278357299104
3,adsorption,2790.0,100.04888997349178,13.076332251651076,0.1306994236029574,9.717061968236209,0.9999999992675423,0.2429211226680085,1.0,302.56939671715656,10.0,0.021914736652220105,0.016586427375731464
3,adsorption,2792.0,100.04889039243895,13.07708148744011,0.1307069117523006,9.750228539158524,0.9999999993435604,0.24376439293354663,1.0,302.56892309863156,10.0,0.021914532115792893,0.016580157745612653
3,adsorption,2794.0,100.04889080577959,13.077820622249313,0.13071429894846806,9.783382655289339,0.9999999994116886,0.24460744750486277,1.0,302.5684352388363,10.0,0.021914321430471295,0.016573972172602147
3,adsorption,2796.0,100.04889121367643,13.078549949042579,0.1307215881194571,9.816524482294323,0.9999999994727454,0.2454502876127462,1.0,302.5679335645879,10.0,0.021914104780695047,0.016567868220139857
3,adsorption,2798.0,100.04889161628718,13.079269752210324,0.1307287821075783,9.849654181037392,0.999999999527465,0.24629291445310153,1.0,302.56741849017067,10.0,0.021913882345490025,0.016561843522743876
3,adsorption,2800.0,100.04889201376488,13.079980307837447,0.13073588367213387,9.882771907720814,0.9999999995765054,0.24713532918787218,1.0,302.5668904177028,10.0,0.021913654298626566,0.01655589578386644
3,adsorption,2802.0,100.04889240625842,13.080681883937475,0.1307428954917569,9.915877814021325,0.9999999996204556,0.2479775329463707,1.0,302.5663497374924,10.0,0.021913420808772992,0.01655002277418005
3,adsorption,2804.0,100.04889279391197,13.081374740673143,0.13074982016661707,9.948972047219844,0.9999999996598443,0.24881952682606664,1.0,302.56579682837656,10.0,0.021913182039641984,0.016544222329534005
3,adsorption,2806.0,100.04889317686575,13.082059130614756,0.13075666022100194,9.982054750339193,0.9999999996951449,0.24966131189327495,1.0,302.56523205808173,10.0,0.021912938150146048,0.016538492348656352
3,adsorption,2808.0,100.04889355525579,13.082735298918877,0.13076341810510322,10.015126062246628,0.9999999997267816,0.25050288918411057,1.0,302.5646557834922,10.0,0.02191268929451343,0.016532830791823685
3,adsorption,2810.0,100.04889392921412,13.083403483606949,0.13077009619780133,10.048186117804574,0.9999999997551343,0.251344259707053,1.0,302.5640683510428,10.0,0.02191243562245767,0.016527235679890197
3,adsorption,2812.0,100.04889429886883,13.084063915680739,0.1307766968078194,10.081235047975667,0.9999999997805447,0.25218542444055125,1.0,302.56347009699454,10.0,0.02191217727929648,0.016521705090040174
3,adsorption,2814.0,100.04889466434472,13.084716819466761,0.13078322217716487,10.114272979931288,0.9999999998033179,0.2530263843358722,1.0,302.56286134771835,10.0,0.021911914406074286,0.016516237155947407
3,adsorption,2816.0,100.04889502576218,13.085362412662802,0.13078967448159595,10.147300037164404,0.9999999998237278,0.25386714031900687,1.0,302.5622424199899,10.0,0.021911647139689547,0.016510830067037626
3,adsorption,2818.0,100.04889538323872,13.086000906562205,0.13079605583286144,10.180316339592615,0.9999999998420195,0.25470769328861004,1.0,302.56161362125863,10.0,0.0219113756130108,0.016505482064566906
3,adsorption,2820.0,100.04889573688814,13.086632506371163,0.13080236828187305,10.213322003682036,0.9999999998584129,0.2555480441186709,1.0,302.56097524997176,10.0,0.021911099955016677,0.016500191441303578
3,adsorption,2822.0,100.04889608682093,13.087257411203579,0.13080861381865377,10.246317142523633,0.9999999998731052,0.256388193658913,1.0,302.5603275957742,10.0,0.02191082029088213,0.016494956540270733
3,adsorption,2824.0,100.0488964331445,13.087875814359894,0.1308147943751242,10.279301865941527,0.9999999998862726,0.2572281427355145,1.0,302.55967093979075,10.0,0.021910536742100372,0.016489775753088076
3,adsorption,2826.0,100.04889677596276,13.088487903484884,0.1308209118266805,10.312276280592524,0.9999999998980739,0.25806789215160586,1.0,302.5590055548866,10.0,0.021910249426595283,0.016484647518308457
3,adsorption,2828.0,100.048897115377,13.089093860726642,0.13082696799378227,10.345240490058599,0.9999999999086502,0.25890744268801086,1.0,302.55833170590876,10.0,0.021909958458825752,0.016479570320109646
3,adsorption,2830.0,100.04889745148527,13.089693862897104,0.1308329646435577,10.378194594935021,0.999999999918129,0.25974679510408016,1.0,302.55764964991624,10.0,0.021909663949885062,0.016474542687157062
3,adsorption,2832.0,100.0488977843828,13.090288081624928,0.13083890349133126,10.41113869291696,0.999999999926624,0.26058595013807395,1.0,302.5569596364064,10.0,0.02190936600759864,0.016469563191112407
3,adsorption,2834.0,100.0488981141622,13.090876683511418,0.13084478620218176,10.444072878884644,0.9999999999342376,0.2614249085078827,1.0,302.55626190753725,10.0,0.02190906473662007,0.01646463044546152
3,adsorption,2836.0,100.048898440913,13.091459830273429,0.13085061439237128,10.476997244986208,0.9999999999410609,0.262263670911708,1.0,302.55555669834405,10.0,0.021908760238524713,0.016459743104356307
3,adsorption,2838.0,100.04889876472262,13.09203767888647,0.13085638963077462,10.509911880717782,0.9999999999471763,0.2631022380284556,1.0,302.55484423694816,10.0,0.021908452611899856,0.016454899861268447
3,adsorption,2840.0,100.04889908567544,13.092610381727745,0.1308621134403096,10.542816873001026,0.9999999999526571,0.2639406105185251,1.0,302.55412474475986,10.0,0.02190814195243235,0.0164500994480357
3,adsorption,2842.0,100.0488994038536,13.093178086703475,0.13086778729920903,10.5757123062585,0.9999999999575692,0.2647787890241762,1.0,302.5533984366748,10.0,0.021907828352993448,0.01644534063359134
3,adsorption,2844.0,100.04889971933689,13.093740937384776,0.13087341264237906,10.608598262486863,0.9999999999619713,0.26561677417013435,1.0,302.55266552126545,10.0,0.021907511903721612,0.016440622222944075
3,adsorption,2846.0,100.04890003220251,13.094299073130479,0.1308789908626266,10.641474821326632,0.9999999999659169,0.2664545665641239,1.0,302.55192620096295,10.0,0.021907192692100938,0.016435943056167492
3,adsorption,2848.0,100.04890034252574,13.094852629217025,0.13088452331195752,10.674342060136269,0.999999999969453,0.2672921667972905,1.0,302.5511806722508,10.0,0.021906870803044955,0.016431302007204263
3,adsorption,2850.0,100.04890065037928,13.095401736939964,0.13089001130259117,10.707200054047297,0.9999999999726222,0.26812957544455607,1.0,302.55042912580865,10.0,0.021906546318958723,0.016426697983011607
3,adsorption,2852.0,100.04890095583411,13.09594652376786,0.13089545610849815,10.740048876045272,0.9999999999754626,0.2689667930660514,1.0,302.54967174672345,10.0,0.021906219319830007,0.016422129923082507
3,adsorption,2854.0,100.04890125895878,13.096487113397085,0.13090085896594866,10.772888597026254,0.9999999999780084,0.2698038202059912,1.0,302.54890871463687,10.0,0.021905889883293048,0.01641759679729794
3,adsorption,2856.0,100.04890155981985,13.09702362594032,0.1309062210753961,10.805719285855131,0.9999999999802898,0.270640657393878,1.0,302.5481402038979,10.0,0.021905558084694472,0.016413097605729766
3,adsorption,2858.0,100.04890185848235,13.097556177958527,0.13091154360179605,10.838541009426194,0.9999999999823347,0.27147730514581997,1.0,302.54736638372077,10.0,0.02190522399716153,0.016408631378492914
3,adsorption,2860.0,100.04890215500888,13.098084882569019,0.13091682767568752,10.871353832718547,0.9999999999841672,0.27231376396338625,1.0,302.5465874183293,10.0,0.021904887691664484,0.016404197173602367
3,adsorption,2862.0,100.04890244946036,13.098609849625086,0.13092207439498743,10.904157818862618,0.9999999999858096,0.2731500343347187,1.0,302.54580346713084,10.0,0.021904549237091765,0.01639979407652432
3,adsorption,2864.0,100.04890274189607,13.099131185717242,0.1309272848250029,10.936953029181076,0.9999999999872818,0.27398611673520257,1.0,302.54501468482295,10.0,0.02190420870029609,0.016395421199889338
3,adsorption,2866.0,100.04890303237353,13.099648994308296,0.1309324599997818,10.969739523247085,0.9999999999886012,0.2748220116276691,1.0,302.5442212215455,10.0,0.021903866146160158,0.016391077682439727
3,adsorption,2868.0,100.04890332094845,13.100163375832658,0.13093760092310494,11.002517358937714,0.9999999999897836,0.27565771946243584,1.0,302.54342322301966,10.0,0.021903521637656753,0.01638676268794105
3,adsorption,2870.0,100.0489036076749,13.100674427779712,0.1309427085693195,11.035286592483507,0.9999999999908434,0.27649324067805375,1.0,302.54262083067755,10.0,0.02190317523590479,0.016382475404777726
3,adsorption,2872.0,100.04890389260555,13.101182244771257,0.13094778388411255,11.06804727851585,0.9999999999917932,0.27732857570158453,1.0,302.5418141817857,10.0,0.021902827000222617,0.016378215045193198
3,adsorption,2874.0,100.04890417579121,13.101686918652659,0.13095282778542286,11.100799470113415,0.9999999999926447,0.2781637249487663,1.0,302.54100340956614,10.0,0.02190247698818039,0.016373980844455082
3,adsorption,2876.0,100.04890445728158,13.102188538576678,0.13095784116427775,11.133543218847826,0.9999999999934075,0.2789986888244667,1.0,302.5401886433159,10.0,0.021902125255651713,0.016369772060281437
3,adsorption,2878.0,100.04890473712462,13.102687191073821,0.130962824885497,11.16627857482815,0.9999999999940913,0.2798334677230977,1.0,302.53937000852267,10.0,0.021901771856863626,0.016365587972258743
3,adsorption,2880.0,100.04890501536697,13.103182960134031,0.13096777978850896,11.199005586743848,0.9999999999947041,0.2806680620286956,1.0,302.5385476269768,10.0,0.021901416844445024,0.016361427881007008
3,adsorption,2882.0,100.04890529205395,13.103675927285021,0.13097270668813343,11.231724301906326,0.9999999999952532,0.2815024721153999,1.0,302.5377216168802,10.0,0.021901060269473697,0.016357291107714163
3,adsorption,2884.0,100.04890556722945,13.104166171656486,0.1309776063752235,11.264434766289387,0.9999999999957457,0.282336698347732,1.0,302.5368920929513,10.0,0.021900702181521733,0.01635317699352344
3,adsorption,2886.0,100.0489058409361,13.104653770055021,0.13098247961741438,11.297137024568487,0.9999999999961869,0.28317074108079054,1.0,302.53605916652765,10.0,0.02190034262869985,0.016349084898873694
3,adsorption,2888.0,100.0489061132154,13.105138797032893,0.13098732715981032,11.329831120158843,0.9999999999965824,0.284004600660584,1.0,302.53522294566534,10.0,0.021899981657700376,0.016345014202981897
3,adsorption,2890.0,100.04890638410745,13.105621324951445,0.130992149725619,11.362517095252455,0.9999999999969369,0.28483827742433354,1.0,302.5343835352356,10.0,0.02189961931383896,0.016340964303322617
3,adsorption,2892.0,100.04890665365133,13.106101424046262,0.13099694801680223,11.395194990853998,0.9999999999972544,0.2856717717006206,1.0,302.5335410370181,10.0,0.021899255641095013,0.01633693461499842
3,adsorption,2894.0,100.04890692188489,13.10657916249187,0.13100172271472277,11.427864846815668,0.9999999999975392,0.28650508380979234,1.0,302.5326955497923,10.0,0.02189889068215108,0.016332924570353416
3,adsorption,2896.0,100.04890718884471,13.107054606457462,0.13100647448070152,11.460526701871055,0.9999999999977944,0.2873382140640764,1.0,302.53184716942536,10.0,0.021898524478430832,0.016328933618357626
3,adsorption,2898.0,100.04890745456672,13.107527820170624,0.13101120395665383,11.493180593667955,0.9999999999980231,0.28817116276785704,1.0,302.5309959889579,10.0,0.02189815707013628,0.016324961224152622
3,adsorption,2900.0,100.0489077190854,13.107998865970943,0.13101591176562594,11.525826558800249,0.9999999999982282,0.28900393021795706,1.0,302.530142098687,10.0,0.021897788496283536,0.016321006868621143
3,adsorption,2902.0,100.04890798243436,13.108467804366695,0.13102059851236114,11.558464632838877,0.9999999999984119,0.2898365167037789,1.0,302.52928558624717,10.0,0.021897418794737784,0.016317070047855597
3,adsorption,2904.0,100.04890824464633,13.108934694089173,0.13102526478384272,11.591094850361863,0.9999999999985766,0.2906689225075931,1.0,302.52842653668836,10.0,0.021897048002247132,0.01631315027277241
3,adsorption,2906.0,100.0489085057528,13.10939959214251,0.1310299111497925,11.623717244983474,0.9999999999987242,0.2915011479046989,1.0,302.5275650325522,10.0,0.02189667615447549,0.016309247068635405
3,adsorption,2908.0,100.04890876578469,13.109862553857702,0.13103453816320973,11.656331849382509,0.9999999999988564,0.2923331931636163,1.0,302.52670115394574,10.0,0.021896303286034365,0.016305359974624102
3,adsorption,2910.0,100.0489090247716,13.110323632939542,0.1310391463608413,11.688938695329792,0.9999999999989749,0.29316505854641767,1.0,302.52583497861286,10.0,0.021895929430513928,0.016301488543538266
3,adsorption,2912.0,100.04890928274271,13.110782881512758,0.13104373626364177,11.72153781371486,0.9999999999990812,0.29399674430871703,1.0,302.5249665820042,10.0,0.021895554620513086,0.016297632341226675
3,adsorption,2914.0,100.04890953972595,13.111240350173416,0.13104830837728815,11.754129234571804,0.9999999999991764,0.29482825069998775,1.0,302.5240960373442,10.0,0.0218951788876685,0.016293790946314543
3,adsorption,2916.0,100.04890979574874,13.111696088029367,0.13105286319258327,11.786712987104423,0.9999999999992618,0.2956595779637388,1.0,302.52322341569703,10.0,0.021894802262683144,0.016289963949824546
3,adsorption,2918.0,100.04891005083746,13.112150142744161,0.13105740118589534,11.819289099710605,0.9999999999993384,0.29649072633765533,1.0,302.5223487860297,10.0,0.021894424775353475,0.016286150954783012
3,adsorption,2920.0,100.04891030501788,13.112602560582683,0.13106192281961349,11.851857600006005,0.9999999999994069,0.2973216960537548,1.0,302.5214722152743,10.0,0.02189404645459649,0.016282351575855288
3,adsorption,2922.0,100.04891055831486,13.113053386449623,0.13106642854253273,11.884418514847017,0.9999999999994684,0.2981524873386216,1.0,302.52059376838724,10.0,0.02189366732847517,0.016278565439061966
3,adsorption,2924.0,100.04891081075267,13.113502663928555,0.13107091879024427,11.916971870353088,0.9999999999995236,0.29898310041350196,1.0,302.51971350840813,10.0,0.02189328742422406,0.01627479218139019
3,adsorption,2926.0,100.0489110623548,13.11395043532397,0.13107539398555565,11.949517691928364,0.9999999999995729,0.29981353549447787,1.0,302.5188314965155,10.0,0.021892906768273285,0.016271031450486355
3,adsorption,2928.0,100.04891131314402,13.11439674169628,0.13107985453884058,11.982056004282702,0.9999999999996172,0.3006437927926445,1.0,302.51794779208194,10.0,0.021892525386272465,0.01626728290436518
3,adsorption,2930.0,100.04891156314257,13.114841622898783,0.13108430084840836,12.014586831452077,0.9999999999996569,0.30147387251423974,1.0,302.5170624527274,10.0,0.02189214330311363,0.016263546211090378
3,adsorption,2932.0,100.04891181237178,13.11528511761329,0.1310887333008602,12.04711019681836,0.9999999999996925,0.30230377486074134,1.0,302.51617553437035,10.0,0.0218917605429535,0.016259821048441328
3,adsorption,2934.0,100.04891206085263,13.115727263386814,0.1310931522714555,12.07962612312855,0.9999999999997244,0.3031335000290995,1.0,302.51528709127825,10.0,0.021891377129235147,0.016256107103706625
3,adsorption,2936.0,100.04891230860532,13.116168096659262,0.13109755812438878,12.11213463251344,0.999999999999753,0.3039630482118325,1.0,302.51439717611595,10.0,0.021890993084709,0.016252404073372407
3,adsorption,2938.0,100.04891255564957,13.116607652801653,0.13110195121317172,12.144635746505715,0.9999999999997785,0.3047924195970744,1.0,302.51350583999294,10.0,0.021890608431453306,0.016248711662782203
3,adsorption,2940.0,100.04891280200435,13.117045966146264,0.13110633188093457,12.177129486057503,0.9999999999998014,0.3056216143688278,1.0,302.5126131325091,10.0,0.021890223190893777,0.016245029585982864
3,adsorption,2942.0,100.04891304768822,13.117483070013693,0.13111070046069623,12.209615871557453,0.9999999999998219,0.30645063270704037,1.0,302.5117191017992,10.0,0.021889837383822993,0.01624135756543061
3,adsorption,2944.0,100.04891329271912,13.117918996746399,0.13111505727569991,12.242094922847294,0.9999999999998405,0.30727947478766704,1.0,302.51082379457597,10.0,0.02188945103041889,0.016237695331694824
3,adsorption,2946.0,100.0489135371146,13.118353777737422,0.13111940263969965,12.274566659237887,0.9999999999998569,0.3081081407828844,1.0,302.5099272561721,10.0,0.02188906415026299,0.01623404262330346
3,adsorption,2948.0,100.04891378089143,13.118787443454773,0.13112373685720471,12.307031099524874,0.9999999999998719,0.30893663086115425,1.0,302.5090295305807,10.0,0.02188867676235785,0.016230399186467636
3,adsorption,2950.0,100.0489140240661,13.11922002347182,0.13112806022378293,12.339488262003762,0.9999999999998852,0.3097649451872789,1.0,302.50813066049494,10.0,0.02188828888514422,0.016226764774810734
3,adsorption,2952.0,100.04891426665456,13.119651546493882,0.13113237302632627,12.371938164484622,0.9999999999998971,0.3105930839225938,1.0,302.5072306873461,10.0,0.02188790053651752,0.01622313914922393
3,adsorption,2954.0,100.04891450867238,13.120082040380849,0.13113667554327718,12.404380824306397,0.9999999999999077,0.31142104722508607,1.0,302.50632965134105,10.0,0.02188751173384394,0.016219522077665458
3,adsorption,2956.0,100.04891475013437,13.120511532173143,0.1311409680448885,12.4368162583507,0.9999999999999173,0.31224883524933833,1.0,302.5054275914979,10.0,0.021887122493976004,0.016215913334822394
3,adsorption,2958.0,100.04891499105538,13.120940048120286,0.13114525079350764,12.469244483055277,0.9999999999999258,0.3130764481468153,1.0,302.5045245456815,10.0,0.02188673283326776,0.016212312702071352
3,adsorption,2960.0,100.04891523144941,13.12136761369494,0.1311495240437186,12.50166551442706,0.9999999999999334,0.313903886065905,1.0,302.50362055063687,10.0,0.021886342767589367,0.01620871996723926
3,adsorption,2962.0,100.04891547133013,13.12179425362377,0.1311537880426493,12.534079368054805,0.9999999999999403,0.314731149151825,1.0,302.5027156420228,10.0,0.02188595231234152,0.016205134924256594
3,adsorption,2964.0,100.04891571071101,13.122219991909093,0.13115804303018808,12.566486059121345,0.9999999999999465,0.3155582375470105,1.0,302.501809854443,10.0,0.02188556148246898,0.016201557373230854
3,adsorption,2966.0,100.04891594960495,13.122644851842342,0.13116228923911852,12.598885602415601,0.9999999999999521,0.31638515139107687,1.0,302.5009032214783,10.0,0.02188517029247444,0.016197987120161534
3,adsorption,2968.0,100.04891618802452,13.123068856032999,0.1311665268954086,12.631278012344119,0.999999999999957,0.3172118908207206,1.0,302.4999957757158,10.0,0.021884778756431134,0.016194423976612627
3,adsorption,2970.0,100.0489164259819,13.123492026429515,0.13117075621841967,12.663663302942272,0.9999999999999616,0.31803845597010716,1.0,302.49908754877845,10.0,0.021884386887995752,0.016190867759807458
3,adsorption,2972.0,100.04891666348887,13.123914384328485,0.13117497742099823,12.69604148788523,0.9999999999999656,0.3188648469707838,1.0,302.4981785713539,10.0,0.021883994700420663,0.016187318292323512
3,adsorption,2974.0,100.04891690055699,13.124335950404634,0.1311791907097754,12.728412580498482,0.999999999999969,0.31969106395166375,1.0,302.49726887322134,10.0,0.021883602206565777,0.016183775401857232
3,adsorption,2976.0,100.04891713719736,13.124756744727177,0.1311833962853307,12.760776593768124,0.9999999999999724,0.32051710703935754,1.0,302.49635848327875,10.0,0.02188320941891009,0.01618023892128992
3,adsorption,2978.0,100.04891737342095,13.125176786769307,0.13118759434228672,12.79313354035088,0.9999999999999751,0.32134297635805525,1.0,302.49544742956874,10.0,0.021882816349563093,0.016176708688376333
3,adsorption,2980.0,100.048917609238,13.125596095436567,0.13119178506959298,12.825483432583734,0.9999999999999776,0.3221686720295488,1.0,302.4945357393037,10.0,0.021882423010275414,0.016173184545560628
3,adsorption,2982.0,100.04891784465893,13.12601468908019,0.13119596865065855,12.857826282493312,0.9999999999999799,0.3229941941735096,1.0,302.49362343889027,10.0,0.021882029412449513,0.016169666340016004
3,adsorption,2984.0,100.04891807969354,13.126432585506338,0.13120014526344537,12.890162101805048,0.9999999999999821,0.32381954290743287,1.0,302.49271055395315,10.0,0.021881635567150063,0.016166153923403766
3,adsorption,2986.0,100.04891831435145,13.126849802002196,0.1312043150807281,12.922490901952015,0.999999999999984,0.32464471834657105,1.0,302.49179710935823,10.0,0.021881241485113726,0.01616264715163065
3,adsorption,2988.0,100.04891854864205,13.127266355348711,0.131208478270222,12.954812694083465,0.9999999999999857,0.32546972060426616,1.0,302.49088312923465,10.0,0.02188084717675887,0.01615914588495259
3,adsorption,2990.0,100.04891878257423,13.127682261828124,0.1312126349946583,12.98712748907325,0.9999999999999871,0.3262945497918603,1.0,302.4899686369968,10.0,0.021880452652195022,0.01615564998772086
3,adsorption,2992.0,100.04891901615693,13.128097537247942,0.1312167854120231,13.019435297527856,0.9999999999999885,0.32711920601866046,1.0,302.4890536553653,10.0,0.0218800579212319,0.016152159328182973
3,adsorption,2994.0,100.0489192493986,13.12851219695261,0.13122092967567492,13.051736129794259,0.9999999999999896,0.32794368939221114,1.0,302.48813820638736,10.0,0.021879662993388248,0.0161486737785494
3,adsorption,2996.0,100.04891948230748,13.128926255831546,0.13122506793442432,13.084029995967581,0.9999999999999907,0.3287680000182065,1.0,302.4872223114567,10.0,0.02187926787790051,0.016145193214757977
3,adsorption,2998.0,100.04891971489168,13.12933972833964,0.131229200332739,13.116316905898454,0.9999999999999916,0.32959213800053383,1.0,302.486305991333,10.0,0.02187887258373105,0.016141717516355358
3,adsorption,3000.0,100.04891994715896,13.129752628506248,0.13123332701083382,13.148596869199702,0.9999999999999926,0.3304161034414065,1.0,302.4853892661588,10.0,0.021878477119575707,0.01613824656646997
3,evacuation,3000.0,100.04891994715896,13.129752628506248,0.13123332701083382,13.148596869199702,0.9999999999999926,0.3304161034414065,1.0,302.4853892661588,10.0,0.021878477119575707,0.01613824656646997
3,evacuation,3002.0,5.005244373681905,2.79006062536862,0.5574274535003823,13.097935466409746,0.9480774755591724,0.2705219527181387,1.0,302.3115865937435,10.0,0.021803586563418017,-0.04588191787435687
3,evacuation,3004.0,5.007773539348543,3.4855239274261414,0.6960226735571534,12.968908842441303,0.8802240262455534,0.22148464206978027,1.0,302.04141676227744,10.0,0.021687510686725326,-0.08174743395146061
3,evacuation,3006.0,5.0095371332644065,3.8236275000509217,0.763269619195197,12.776544070259751,0.812310998411202,0.1813362878061274,1.0,301.67367634138634,10.0,0.021530176126012428,-0.10929124749974513
3,evacuation,3008.0,5.010749097204314,4.030097236218226,0.8042903681740461,12.536616721823663,0.7478852285165841,0.14846559555191818,1.0,301.23557581586874,10.0,0.02134373251034615,-0.1295299456301885
3,evacuation,3010.0,5.011541491001872,4.170924957462714,0.8322638782800722,12.262411524422065,0.6880637522985225,0.12155334899556665,1.0,300.7492778651741,10.0,0.021138040273137086,-0.14378307725693215
3,evacuation,3012.0,5.012012505893163,4.273774686038124,0.8527063092945172,11.964669428290117,0.6331136001324423,0.0995194651987186,1.0,300.2323921903347,10.0,0.020920863426520525,-0.15325244300805588
3,evacuation,3014.0,5.012238387805242,4.3525140414425625,0.8683773006551749,11.651906738699996,0.582937804424705,0.08147964717610555,1.0,299.6986911998772,10.0,0.020698188798234166,-0.15895828832409045
3,evacuation,3016.0,5.012278951095857,4.414928414346224,0.880822567423341,11.330781163001456,0.537275240908395,0.06670989402534548,1.0,299.15879826969206,10.0,0.020474546707530426,-0.16174144865927
3,evacuation,3018.0,5.0121811309446365,4.46575009377457,0.8909793914277232,11.006432164302005,0.4957952836244112,0.054617444573399926,1.0,298.6207934064429,10.0,0.020253299080051954,-0.16228319460774163
3,evacuation,3020.0,5.01198163992753,4.508030537547209,0.8994507285570167,10.682776338658606,0.45814604106888995,0.04471698458001566,1.0,298.09072574546326,10.0,0.020036885277567272,-0.16112915794782368
3,evacuation,3022.0,5.011709065386499,4.543829750614664,0.9066427622458664,10.362755123700351,0.42397955320278924,0.03661117585836489,1.0,297.5730371491861,10.0,0.019827025347815944,-0.15871250919991875
3,evacuation,3024.0,5.011385553557713,4.574590024191735,0.9128393685343398,10.048538661336895,0.3929648629210555,0.029974699215513014,1.0,297.07090750275773,10.0,0.01962488478248879,-0.1553746635789658
3,evacuation,3026.0,5.01102816083175,4.601351706384154,0.9182450305009667,9.741690941576328,0.36479422730924155,0.024541212146420053,1.0,296.58653237513374,10.0,0.01943120576548956,-0.15138296787433256
3,evacuation,3028.0,5.010681724219273,4.625738787017263,0.9231755361069179,9.442923030840069,0.3391791545499725,0.020092648312368098,1.0,296.1207426827422,10.0,0.019246172246878725,-0.14741239467637138
3,evacuation,3030.0,5.010328949656381,4.6476352106422,0.9276107930919276,9.152241191128796,0.3158510806207432,0.016450468693451153,1.0,295.6732585472161,10.0,0.01906952879495436,-0.1432249933664734
3,evacuation,3032.0,5.009969367999528,4.667219127470325,0.9315863600447398,8.870161931639137,0.29458281922345153,0.013468502897434557,1.0,295.2446209618605,10.0,0.01890135005443758,-0.1388283430240489
3,evacuation,3034.0,5.009608785710507,4.6848576405367055,0.935174350120886,8.597001804486172,0.27517019563065664,0.011027078001024164,1.0,294.83505786573835,10.0,0.018741590180341113,-0.13431996032449964
3,evacuation,3036.0,5.009251497780127,4.700840810431309,0.9384317821763407,8.332906762081548,0.2574296950968518,0.009028208639489837,1.0,294.4445333639206,10.0,0.018590105720475928,-0.12977393317557823
3,evacuation,3038.0,5.0089006269319185,4.715400920232694,0.9414043662353506,8.07789368705564,0.24119672967063996,0.007391674102642897,1.0,294.07281554444523,10.0,0.018446684552355007,-0.12524594880129494
3,evacuation,3040.0,5.008558390687301,4.7287262371313314,0.9441292021120734,7.8318831132485585,0.22632388169443737,0.006051792476126262,1.0,293.7195296103873,10.0,0.0183110679997217,-0.12077729969437322
3,evacuation,3042.0,5.008226310109094,4.740971077615246,0.9466367500297672,7.594724661592469,0.2126792067367644,0.004954789931630718,1.0,293.3841989152293,10.0,0.018182967462909,-0.11639804536819622
3,evacuation,3044.0,5.007905373518961,4.7522632401965,0.9489522835886123,7.366216935375146,0.2001446414015539,0.004056639918422408,1.0,293.0662768362248,10.0,0.018062076948117418,-0.11212951780321748
3,evacuation,3046.0,5.007596164208682,4.7627095962003,0.9510969814701342,7.146122916861452,0.1886145348329988,0.003321296682766647,1.0,292.76517123436565,10.0,0.017948082356021744,-0.1079862949328099
3,evacuation,3048.0,5.007298960056166,4.77240033925118,0.9530887564975048,6.9341818620124345,0.17799431213167732,0.002719248386984378,1.0,292.4802631683654,10.0,0.01784066830831922,-0.1039777551491233
3,evacuation,3050.0,5.0070138109882425,4.781412240254586,0.9549428902635424,6.730118427392824,0.168199267995211,0.0022263328218156053,1.0,292.2109210859585,10.0,0.017739523081227834,-0.10010929888421932
3,evacuation,3052.0,5.006740599112564,4.789811176297773,0.9566725260635152,6.533649629295593,0.1591534844534851,0.0018227676178077007,1.0,291.95651148954505,10.0,0.017644342098939277,-0.09638330723375671
3,evacuation,3054.0,5.006479085234912,4.797654108692356,0.9582890544457838,6.3444901009447525,0.1507888642941951,0.0014923563379518532,1.0,291.716406847898,10.0,0.017554830332115717,-0.09279989250375284
3,evacuation,3056.0,5.006228944720602,4.804990638663039,0.9598024164936,6.162356020128203,0.1430442702281452,0.0012218383790177753,1.0,291.48999136859794,10.0,0.01747070387047844,-0.0893574846182427
3,evacuation,3058.0,5.005989795007067,4.811864246202663,0.9612213454773673,5.9869679966507645,0.13586476015766044,0.001000356957492671,1.0,291.2766651076303,10.0,0.01739169087418545,-0.08605328773743241
3,evacuation,3060.0,5.005761216619095,4.818313284371272,0.9625535609598204,5.818053154823079,0.1292009084677932,0.0008190232988159711,1.0,291.0758468017426,10.0,0.017317532065551592,-0.08288363497483317
3,evacuation,3062.0,5.005542769083304,4.824371770773441,0.9638059234197609,5.655346590335516,0.12300820422381734,0.0006705597906565282,1.0,290.88697571660913,10.0,0.017247980881508966,-0.07984426269138799
3,evacuation,3064.0,5.005334002881519,4.830070045215721,0.9649845629552591,5.4985923418964635,0.11724651824110277,0.0005490081335441762,1.0,290.70951273950163,10.0,0.017182803378550857,-0.0769305212373969
3,evacuation,3066.0,5.005134468325054,4.835435290410813,0.9660949812661016,5.347543995769316,0.11187963068666659,0.00044949006051053705,1.0,290.5429409076791,10.0,0.01712177796458757,-0.0741375362953174
3,evacuation,3068.0,5.004943722042215,4.840491971479249,0.9671421379148168,5.201965007442274,0.10687481241308744,0.0003680115029227015,1.0,290.38676550834543,10.0,0.01706469500931445,-0.07146033113357961
3,evacuation,3070.0,5.004761331619852,4.845262202103205,0.968130522327021,5.061628809154579,0.10220245450984713,0.0003013024922070817,1.0,290.2405138607807,10.0,0.017011356373784817,-0.06889391813178125
3,evacuation,3072.0,5.004586878790562,4.849766020997929,0.9690642081869407,4.926318761144373,0.09783573912419069,0.00024668578560183067,1.0,290.1037348723937,10.0,0.01696157489183976,-0.0664333667187235
3,evacuation,3074.0,5.004419961638516,4.8540216961546445,0.9699469136010263,4.795827985755677,0.09375034805427812,0.00020196936794587532,1.0,289.97599843105854,10.0,0.016915173824583043,-0.06407385265559844
3,evacuation,3076.0,5.004260195763805,4.858045842429767,0.9707820241925449,4.669959117131608,0.08992420354936614,0.00016535864113053093,1.0,289.8568946849276,10.0,0.01687198630459899,-0.06181069274227114
3,evacuation,3078.0,5.004107215152777,4.861853744130502,0.971572657238134,4.548523994154295,0.08633723924741697,0.0001353843464524272,1.0,289.74603325324154,10.0,0.016831854783577523,-0.059639368548926784
3,evacuation,3080.0,5.003960672178665,4.8654593526295935,0.9723216610555876,4.431343314903017,0.08297119393509331,0.0001108434488775194,1.0,289.64304239480833,10.0,0.016794630490793522,-0.05755554164496802
3,evacuation,3082.0,5.003820237625367,4.868875532341707,0.9730316640336185,4.318246266601464,0.07980943155598323,9.075102585369843e-05,1.0,289.54756815770503,10.0,0.01676017290876754,-0.055555062069599606
3,evacuation,3084.0,5.003685600227443,4.872114124067062,0.9737050872751878,4.209070144445821,0.07683677853257959,7.430075648596219e-05,1.0,289.45927352809366,10.0,0.016728349270444892,-0.053633971978430076
3,evacuation,3086.0,5.003556466137047,4.875186057354366,0.974344167063675,4.103659967049346,0.07403937903596879,6.0832426664862705e-05,1.0,289.37783759004674,10.0,0.016699034080166063,-0.05178850569512792
3,evacuation,3088.0,5.003432558258471,4.878101444054109,0.9749509736076097,4.0018680943308205,0.07140456649358139,4.9805469979123966e-05,1.0,289.3029547050293,10.0,0.016672108659657216,-0.05001508692455542
3,evacuation,3090.0,5.003313615476424,4.8808696383166525,0.9755274231099519,3.9035538531728995,0.06892074859942557,4.077733746487701e-05,1.0,289.23433371806766,10.0,0.016647460719824453,-0.048310323992766274
3,evacuation,3092.0,5.003199391884137,4.883499321041337,0.9760752947330122,3.8085831743051295,0.0665773045189683,3.3385742506076486e-05,1.0,289.1716971950629,10.0,0.016624983958348626,-0.046671003758600206
3,evacuation,3094.0,5.003089655959442,4.885998547509933,0.9765962402232717,3.7168282418921845,0.06436449261377267,2.7334024445460866e-05,1.0,289.11478069226746,10.0,0.016604577681981918,-0.04509408466374277
3,evacuation,3096.0,5.002984189772807,4.888374808878331,0.97709179630654,3.6281671579131354,0.062273368129425063,2.2379290115008762e-05,1.0,289.0633320611156,10.0,0.016586146453361837,-0.043576689123911584
3,evacuation,3098.0,5.0028827881737445,4.890635075712432,0.9775633935045106,3.542483621897219,0.060295709215383644,1.8322670423266305e-05,1.0,289.0171107878857,10.0,0.016569599760950217,-0.04211609564030486
3,evacuation,3100.0,5.002785258026707,4.892785841381493,0.978012364918377,3.4596666272214933,0.05842395078727078,1.5001382902043645e-05,1.0,288.97588736982226,10.0,0.016554851711593224,-0.04070973079249939
3,evacuation,3102.0,5.00269141746733,4.894833161750521,0.9784399542733713,3.379610173069887,0.05665112487678019,1.2282172177691533e-05,1.0,288.9394427249574,10.0,0.01654182074373478,-0.03935516131275999
3,evacuation,3104.0,5.002601095189419,4.896782688969386,0.9788473227813846,3.3022129907662165,0.05497080653947792,1.0055873700672235e-05,1.0,288.90756763254274,10.0,0.01653042935930059,-0.038050086325440734
3,evacuation,3106.0,5.002514129770841,4.898639703839726,0.9792355557152874,3.2273782872625594,0.0533770658642083,8.23311290555037e-06,1.0,288.8800622095457,10.0,0.01652060387541357,-0.03679232974067989
3,evacuation,3108.0,5.002430369035304,4.900409143912873,0.9796056681260503,3.1550135032797773,0.05186442457156506,6.740744814441965e-06,1.0,288.85673541741807,10.0,0.016512274193158986,-0.03557983296007676
3,evacuation,3110.0,5.002349669451033,4.902095628849618,0.9799586100080809,3.0850300851957226,0.050427816640736964,5.518889861776824e-06,1.0,288.8374045970645,10.0,0.016505373582025286,-0.03441064792369927
3,evacuation,3112.0,5.002271895570721,4.903703485043067,0.9802952713116351,3.0173432712819075,0.049062552964514033,4.518541803016622e-06,1.0,288.8218950331505,10.0,0.01649983847985851,-0.033282930481394205
3,evacuation,3114.0,5.002196919496952,4.905236767312036,0.9806164863668206,2.951871888430317,0.047764288770770796,3.6995360006887158e-06,1.0,288.8100395397479,10.0,0.016495608304964403,-0.03219493411524337
3,evacuation,3116.0,5.002124620393259,4.906699278516614,0.9809230378852212,2.888538163602996,0.04652899480885314,3.0289800181776294e-06,1.0,288.8016780758418,10.0,0.016492625282944026,-0.03114500398737871
3,evacuation,3118.0,5.002054884021186,4.908094587735591,0.9812156606706283,2.827267546682435,0.04535293119551492,2.479957774077036e-06,1.0,288.79665738378725,10.0,0.01649083428538537,-0.030131571341067913
3,evacuation,3120.0,5.001987602311552,4.909426046709019,0.9814950449777688,2.767988543769494,0.0442326235715254,2.030446778675438e-06,1.0,288.79483064873153,10.0,0.016490182679337086,-0.02915314824664037
3,evacuation,3122.0,5.001922672964354,4.910696805049139,0.9817618396205332,2.7106325602117645,0.04316484133927628,1.662416151675117e-06,1.0,288.79605717754976,10.0,0.01649062018671767,-0.028208322672824023
3,evacuation,3124.0,5.00185999907695,4.911909824763046,0.9820166549382624,2.6551337532591126,0.04214657791652761,1.3610959554379406e-06,1.0,288.80020209709227,10.0,0.01649209875329334,-0.027295753862830858
3,evacuation,3126.0,5.001799488797778,4.913067893263166,0.9822600654557748,2.601428893939953,0.041175032846499114,1.1143907652771046e-06,1.0,288.80713607089916,10.0,0.01649457242665841,-0.026414168002667632
3,evacuation,3128.0,5.001741055004174,4.914173634907711,0.9824926122457192,2.5494572373974496,0.04024759552815261,9.124003904365046e-07,1.0,288.8167350328213,10.0,0.01649799724242414,-0.02556235417145136
3,evacuation,3130.0,5.001684615003527,4.915229522202975,0.9827148052195829,2.499160400958268,0.039361830361249836,7.470216684824133e-07,1.0,288.8288799360793,10.0,0.016502331117878688,-0.024739160559067025
3,evacuation,3132.0,5.001630090255652,4.916237886334321,0.9829271252810768,2.450482249433069,0.03851546317100555,6.116196888016739e-07,1.0,288.843456516765,10.0,0.01650753375257144,-0.02394349093304853
3,evacuation,3134.0,5.0015774061140315,4.917200926247388,0.9831300261866386,2.4033687872625564,0.03770636881858942,5.007605922990035e-07,1.0,288.8603550710258,10.0,0.01651356653537813,-0.023174301337742134
3,evacuation,3136.0,5.001526491585542,4.918120717250378,0.9833239363071486,2.3577680570914876,0.03693255989661085,4.099950647400601e-07,1.0,288.8794702451003,10.0,0.0165203924575947,-0.02243059701164159
3,evacuation,3138.0,5.001477279107703,4.918999219599115,0.9835092603833037,2.313630044313664,0.036192176389464675,3.35680933165831e-07,1.0,288.90070083728955,10.0,0.016527976031593918,-0.021711429509867614
3,evacuation,3140.0,5.0014297043409375,4.919838285839989,0.9836863810301818,2.270906587160243,0.03548347619659686,2.7483666006171397e-07,1.0,288.9239496110149,10.0,0.016536283214615255,-0.021015894018304795
3,evacuation,3142.0,5.001383705974995,4.9206396672294135,0.9838556600548125,2.2295512919652736,0.03480482644990766,2.2502095879175666e-07,1.0,288.94912311824453,10.0,0.01654528133731865,-0.02034312684586135
3,evacuation,3144.0,5.0013392255497955,4.921405020680806,0.9840174398767757,2.1895194532819113,0.03415469555533797,1.8423472150511767e-07,1.0,288.9761315326462,10.0,0.01655493903677024,-0.01969230308234557
3,evacuation,3146.0,5.001296207288556,4.92213591515327,0.9841720448351126,2.1507679785350375,0.033531645882470644,1.508411517838557e-07,1.0,289.00488849184256,10.0,0.016565226193544776,-0.01906263441072703
3,evacuation,3148.0,5.001254597941202,4.922833836352307,0.9843197821560259,2.1132553169059536,0.03293432704980308,1.2350028547204137e-07,1.0,289.0353109481712,10.0,0.01657611387264803,-0.018453367063326936
3,evacuation,3150.0,5.001214346639327,4.923500191857087,0.9844609430038801,2.0769413921659545,0.03236146976010477,1.0111511690495334e-07,1.0,289.06731902739364,10.0,0.0165875742679849,-0.017863779911893887
3,evacuation,3152.0,5.00117540476207,4.924136317114859,0.9845958037036942,2.0417875392013416,0.031811880120494684,8.278743073330196e-08,1.0,289.1008358948435,10.0,0.01659958065012286,-0.017293182682037004
3,evacuation,3154.0,5.001137725809434,4.924743479350437,0.9847246265455264,2.007756443993118,0.031284434402094684,6.778175514889323e-08,1.0,289.1357876285463,10.0,0.016612107317122104,-0.01674091428322119
3,evacuation,3156.0,5.001101265283393,4.92532288041687,0.9848476603758135,1.9748120868294146,0.030778074226037358,5.5495926957524933e-08,1.0,289.1721030988829,10.0,0.016625129548223098,-0.016206341246260695
3,evacuation,3158.0,5.001065980579543,4.9258756621773445,0.9849651416929546,1.9429196885421127,0.030291802129309393,4.543696206069059e-08,1.0,289.2097138543829,10.0,0.016638623560193487,-0.01568885626081531
3,evacuation,3160.0,5.001031830885486,4.926402911232063,0.9850772956107721,1.9120456595737698,0.02982467744672012,3.72012460308063e-08,1.0,289.24855401325607,10.0,0.016652566466147788,-0.015187876805861138
3,evacuation,3162.0,5.00099877708233,4.926905659591014,0.9851843360108672,1.882157551695679,0.02937581251147467,3.045830949780087e-08,1.0,289.2885601603189,10.0,0.01666693623667599,-0.014702843866592699
3,evacuation,3164.0,5.000966781654993,4.9273848875836554,0.9852864661406554,1.8532240122108765,0.02894436917720422,2.4937570417508975e-08,1.0,289.32967124900006,10.0,0.016681711663129893,-0.01423322073170765
3,evacuation,3166.0,5.000935808612129,4.927841530917659,0.985383880039293,1.8252147404871524,0.02852955557623344,2.041749295981341e-08,1.0,289.3718285080971,10.0,0.016696872322916015,-0.013778491865479605
3,evacuation,3168.0,5.000905823405859,4.928276481797575,0.9854767627759844,1.7981004466755328,0.02813062307951197,1.671670305147193e-08,1.0,289.41497535299715,10.0,0.016712398546660727,-0.013338161849437504
3,evacuation,3170.0,5.000876792853346,4.928690586067383,0.9855652898929396,1.7718528124797654,0.027746863536739243,1.368670369821451e-08,1.0,289.4590573011271,10.0,0.016728271387135882,-0.012911754388844756
3,evacuation,3172.0,5.000848685073599,4.929084651663059,0.9856496291070075,1.746444453851714,0.027377606738691624,1.1205910863395259e-08,1.0,289.5040218913729,10.0,0.016744472589825723,-0.012498811379501835
3,evacuation,3174.0,5.000821469424615,4.929459453102618,0.9857299412189958,1.7218488854962768,0.02702221799024503,9.174776059548402e-09,1.0,289.5498186072078,10.0,0.016760984565018875,-0.012098892030726257
3,evacuation,3176.0,5.000795116435122,4.929815725304147,0.9858063788900886,1.6980404870774686,0.026680095875041297,7.511795202323569e-09,1.0,289.5963988033448,10.0,0.016777790361337797,-0.011711572040690215
3,evacuation,3178.0,5.0007695977521704,4.930154170386367,0.9858790880112642,1.674994471024459,0.026350670221907076,6.15023875679984e-09,1.0,289.6437156357216,10.0,0.016794873640618112,-0.011336442820564827
3,evacuation,3180.0,5.000744886090079,4.930475462419019,0.9859482086625696,1.652686851843246,0.026033400179406023,5.035472536083839e-09,1.0,289.6917239946028,10.0,0.01681221865404301,-0.01097311076416648
3,evacuation,3182.0,5.000720955174206,4.930780242564189,0.986013874151956,1.6310944168461174,0.025727772429426348,4.122764430500173e-09,1.0,289.7403804406404,10.0,0.016829810219459868,-0.010621196560052478
3,evacuation,3184.0,5.00069777969675,4.931069124133303,0.9860762120346195,1.6101946982168354,0.025433299544620938,3.375489880705919e-09,1.0,289.789643143732,10.0,0.01684763369980725,-0.010280334543230005
3,evacuation,3186.0,5.000675335274293,4.931342696556485,0.9861353449145674,1.5899659463349878,0.025149518430308652,2.7636629392374902e-09,1.0,289.8394718245094,10.0,0.0168656749825791,-0.009950172083845013
3,evacuation,3188.0,5.0006535984016125,4.93160152207537,0.9861913897918635,1.5703871042880697,0.02487598887708849,2.2627330774148746e-09,1.0,289.88982769832523,10.0,0.016883920460266714,-0.009630369010413219
3,evacuation,3190.0,5.000632546412877,4.9318461378485114,0.9862444584908147,1.5514377835044466,0.02461229224550784,1.852599702952296e-09,1.0,289.940673421614,10.0,0.016902357011723556,-0.009320597065326916
3,evacuation,3192.0,5.000612157448855,4.932077062383665,0.9862946589522843,1.5330982404447808,0.024358030202184286,1.5168054202804206e-09,1.0,289.99197304047806,10.0,0.01692097198438932,-0.009020539390526317
3,evacuation,3194.0,5.000592410417531,4.932294792065469,0.986342094546682,1.5153493542936003,0.024112823518302552,1.2418757638058493e-09,1.0,290.04369194138707,10.0,0.016939753177324324,-0.008729890041381366
3,evacuation,3196.0,5.000573284958259,4.932499799174088,0.9863868636844225,1.498172605596426,0.023876311008629816,1.0167786450524972e-09,1.0,290.09579680390937,10.0,0.016958688825017162,-0.008448353526971718
3,evacuation,3198.0,5.000554761416689,4.932692540149669,0.9864290614732126,1.4815500557913606,0.023648148534315412,8.324816619975491e-10,1.0,290.14825555534776,10.0,0.016977767581912363,-0.008175644375069126
3,evacuation,3200.0,5.000536820812955,4.932873454144812,0.9864687794345364,1.4654643275873227,0.02342800802118371,6.815895822757141e-10,1.0,290.2010373271696,10.0,0.016996978507611973,-0.007911486720248209
3,evacuation,3202.0,5.0005194448105845,4.933042960610444,0.9865061050267157,1.4498985861441522,0.023215576556848288,5.580475694756734e-10,1.0,290.2541124131635,10.0,0.017016311052720667,-0.007655613913667611
3,evacuation,3204.0,5.000502615692612,4.933201463190884,0.986541122428269,1.4348365210126355,0.023010555571852217,4.5689825064584205e-10,1.0,290.30745222923883,10.0,0.01703575504529931,-0.007407768153160741
3,evacuation,3206.0,5.000486316336826,4.933349351011336,0.9865739128000112,1.4202623287951002,0.02281266006013895,3.7408281810071966e-10,1.0,290.3610292747765,10.0,0.017055300677888664,-0.007167700132366439
3,evacuation,3208.0,5.000470530190401,4.9334869977605615,0.9866045541063735,1.4061606964897007,0.022621617837624057,3.0627815707979847e-10,1.0,290.4148170954555,10.0,0.017074938495072273,-0.00693516870771981
3,evacuation,3210.0,5.000455241247514,4.933614762698727,0.9866331213211476,1.3925167854837788,0.022437168854514647,2.507634838894304e-10,1.0,290.4687902474907,10.0,0.017094659381551115,-0.0067099405822046276
3,evacuation,3212.0,5.000440434028509,4.933732992065154,0.9866596867129134,1.3793162161638182,0.02225906455376221,2.0531116576042572e-10,1.0,290.5229242632147,10.0,0.017114454550702343,-0.006491790004842296
3,evacuation,3214.0,5.000426093559173,4.933842019362953,0.9866843199058609,1.3665450531114927,0.022087067265525416,1.680973397815733e-10,1.0,290.5771956179375,10.0,0.017134315533595342,-0.006280498484961695
3,evacuation,3216.0,5.000412205351158,4.933942165711489,0.9867070879539619,1.354189790857135,0.021920949638191772,1.3762873168090002e-10,1.0,290.6315816980269,10.0,0.017154234168441734,-0.006075854520358991
3,evacuation,3218.0,5.000398755383757,4.934033740664916,0.9867280555080958,1.3422373401636958,0.02176049410509353,1.1268273365861386e-10,1.0,290.6860607701542,10.0,0.01717420259045666,-0.0058776533385161344
3,evacuation,3220.0,5.000385730086412,4.934117042795603,0.9867472849360236,1.3306750148158584,0.021605492382659037,9.22583417736244e-11,1.0,290.7406119516518,10.0,0.017194213222110188,-0.005685696650102239
3,evacuation,3222.0,5.000373116321926,4.934192360059838,0.986764836398695,1.3194905188904724,0.02145574499816906,7.55359884308073e-11,1.0,290.79521518193366,10.0,0.017214258763749223,-0.005499792414033553
3,evacuation,3224.0,5.000360901370565,4.934259970293441,0.9867807679523679,1.3086719344858795,0.021311060846125784,6.18446572495907e-11,1.0,290.849851194932,10.0,0.017234332184571235,-0.005319754613415653
3,evacuation,3226.0,5.0003490729149656,4.934320141725944,0.9867951356542936,1.2982077098890017,0.02117125677068974,5.063495809486351e-11,1.0,290.9045014925058,10.0,0.017254426713932524,-0.005145403041736021
3,evacuation,3228.0,5.000337619025679,4.934373133375735,0.9868079936444777,1.2880866481602882,0.02103615717202026,4.145708127936133e-11,1.0,290.9591483187792,10.0,0.017274535832974572,-0.004976563098716511
3,evacuation,3230.0,5.000326528147342,4.934419195428494,0.9868193942239873,1.2782978961177611,0.020905593635464237,3.394274747812371e-11,1.0,291.01377463537085,10.0,0.01729465326655322,-0.004813065595273831
3,evacuation,3232.0,5.000315789085544,4.9344585696397605,0.9868293879379514,1.2688309337024655,0.020779404582268082,2.7790429839273806e-11,1.0,291.06836409747615,10.0,0.017314772975456354,-0.004654746567071934
3,evacuation,3234.0,5.0003053909942565,4.934491489698214,0.9868380236506001,1.259675563708627,0.020657434940134178,2.2753254993943782e-11,1.0,291.12290103076776,10.0,0.01733488914889631,-0.004501447096183631
3,evacuation,3236.0,5.000295323363779,4.934518181551418,0.9868453486127072,1.2508219018627553,0.020539535832327756,1.8629096934308696e-11,1.0,291.1773704090803,10.0,0.017354996197264536,-0.0043530131404097665
3,evacuation,3238.0,5.0002855760092695,4.934538863729156,0.9868514085284331,1.2422603672368073,0.020425564284284565,1.5252466204411365e-11,1.0,291.2317578328479,10.0,0.01737508874513647,-0.004209295369833373
3,evacuation,3240.0,5.000276139059716,4.9345537476538555,0.9868562476195125,1.2339816729813384,0.02031538294658621,1.2487869205446349e-11,1.0,291.2860495082644,10.0,0.01739516162451533,-0.004070149010212959
3,evacuation,3242.0,5.0002670029474,4.934563037925022,0.9868599086841466,1.2259768173653378,0.020208859833231174,1.0224371279850581e-11,1.0,291.34023222713734,10.0,0.017415209868304103,-0.003935433692844459
3,evacuation,3244.0,5.000258158397793,4.934566932589465,0.9868624331529758,1.218237075110165,0.020105868074280223,8.371145322535004e-12,1.0,291.39429334740913,10.0,0.017435228703995973,-0.0038050133105447135
3,evacuation,3246.0,5.000249596419877,4.934565623402327,0.986863861143136,1.2107539890056667,0.02000628568198874,6.8538271931238165e-12,1.0,291.4482207743194,10.0,0.017455213547573577,-0.0036787558794311214
3,evacuation,3248.0,5.000241308296847,4.934559296072401,0.9868642315090954,1.203519361797198,0.019909995329569115,5.611531685847115e-12,1.0,291.502002942184,10.0,0.017475159997608326,-0.003556533406192735
3,evacuation,3250.0,5.000233285577198,4.934548130492835,0.9868635818905035,1.196525248332846,0.019816884141817575,4.594409374500357e-12,1.0,291.55562879676756,10.0,0.017495063829551332,-0.003438221760566766
3,evacuation,3252.0,5.000225520066157,4.934532300961964,0.9868619487579985,1.1897639479607227,0.01972684349689736,3.761646318045753e-12,1.0,291.60908777822726,10.0,0.017514920990207915,-0.00332370055275247
3,evacuation,3254.0,5.000218003817454,4.934511976393382,0.9868593674567973,1.183227997166702,0.019639768838594023,3.079826339726013e-12,1.0,291.6623698046068,10.0,0.017534727592388544,-0.0032128530155109063
3,evacuation,3256.0,5.000210729125425,4.934487320514224,0.986855872247869,1.1769101624434692,0.01955555949840676,2.521590142839613e-12,1.0,291.7154652558609,10.0,0.0175544799097289,-0.0031055658907144152
3,evacuation,3258.0,5.0002036885173755,4.9344584920537775,0.9868514963471232,1.1708034333822095,0.01947411852689454,2.064537460978981e-12,1.0,291.76836495839035,10.0,0.01757417437167222,-0.0030017293201242325
3,evacuation,3260.0,5.000196874746302,4.9344256449235075,0.9868462719628152,1.1649010159786846,0.019395352533728382,1.6903282015274263e-12,1.0,291.82106017007,10.0,0.01759380755860806,-0.002901236740188095
3,evacuation,3262.0,5.000190280783792,4.934388928387825,0.986840230331064,1.1591963261458604,0.019319171535932,1.383946517245329e-12,1.0,291.8735425657521,10.0,0.01761337619716103,-0.0028039847806623198
3,evacuation,3264.0,5.000183899813265,4.9343484872264645,0.9868334017496319,1.1536829834256197,0.019245488813830945,1.1330982703013973e-12,1.0,291.9258042232281,10.0,0.01763287715562405,-0.0027098731668745487
3,evacuation,3266.0,5.000177725223438,4.934304461889383,0.9868258156101619,1.1483548048924535,0.019174220774262105,9.277177071339434e-13,1.0,291.977837609634,10.0,0.017652307439530886,-0.0026188046254545304
3,evacuation,3268.0,5.000171750601986,4.934256988644312,0.9868175004289127,1.1432057992423568,0.019105286820621407,7.595635497719489e-13,1.0,292.02963556828183,10.0,0.017671664187362334,-0.0025306847933702684
3,evacuation,3270.0,5.000165969729479,4.934206199717294,0.9868084838760355,1.1382301610604793,0.019038609229354974,6.218882985007417e-13,1.0,292.081191305906,10.0,0.017690944666381967,-0.002445422130116934
3,evacuation,3272.0,5.000160376573506,4.9341522234267305,0.9867987928035201,1.1334222652613615,0.018974113032525736,5.091674763742666e-13,1.0,292.13249838030697,10.0,0.017710146268596044,-0.002362927832914454
3,evacuation,3274.0,5.000154965283,4.934095184311425,0.9867884532719003,1.128776661695884,0.018911725906109445,4.1687794983233716e-13,1.0,292.1835506883821,10.0,0.017729266506833874,-0.0022831157547784668
3,evacuation,3276.0,5.000149730182782,4.9340352032528045,0.9867774905757549,1.1242880699193056,0.018851378063695082,3.413164294649709e-13,1.0,292.2343424545288,10.0,0.01774830301094406,-0.0022059023253369853
3,evacuation,3278.0,5.000144665768247,4.93397239759161,0.9867659292680746,1.1199513741150253,0.018793002155286006,2.7945086828423626e-13,1.0,292.2848682194086,10.0,0.017767253524102824,-0.0021312064742725224
3,evacuation,3280.0,5.000139766700269,4.9339068812395865,0.9867537931835869,1.115761618168929,0.018736533170917054,2.287987950750734e-13,1.0,292.33512282906025,10.0,0.017786115899230483,-0.0020589495572763267
3,evacuation,3282.0,5.000135027800267,4.933838764786299,0.9867411054610792,1.111714000889404,0.018681908348819627,1.8732770073363257e-13,1.0,292.3851014243505,10.0,0.017804888095512793,-0.001989055284407777
3,evacuation,3284.0,5.000130444045402,4.933768155601336,0.9867278885647681,1.1078038713683167,0.018629067087883536,1.533734801512095e-13,1.0,292.4347994307521,10.0,0.01782356817502335,-0.001921449650758028
3,evacuation,3286.0,5.00012601056398,4.933695157932266,0.986714164304787,1.1040267244784359,0.01857795086418026,1.2557365686274964e-13,1.0,292.48421254843754,10.0,0.01784215429944397,-0.0018560608693226164
3,evacuation,3288.0,5.000121722630952,4.933619872998496,0.9866999538568305,1.1003781965029786,0.018528503151325905,1.0281271106690528e-13,1.0,292.5333367426802,10.0,0.017860644726879975,-0.0017928193059930336
3,evacuation,3290.0,5.0001175756636025,4.93354239908133,0.9866852777810056,1.0968540608931259,0.018480669344475883,8.417731729776529e-14,1.0,292.58216823455166,10.0,0.017879037808767134,-0.001731657416582138
3,evacuation,3292.0,5.0001135652173465,4.933462831610353,0.9866701560399267,1.0934502241495194,0.01843439668775584,6.89196955655759e-14,1.0,292.63070349190673,10.0,0.01789733198686769,-0.0016725096858030443
3,evacuation,3294.0,5.000109686981658,4.933381263246431,0.9866546080161077,1.090162721823912,0.018389634204945222,5.642760530760094e-14,1.0,292.67893922064764,10.0,0.017915525790352556,-0.0016153125681252515
3,evacuation,3296.0,5.000105936776153,4.93329778396148,0.9866386525286808,1.0869877146372886,0.018346332633240488,4.6199778083863484e-14,1.0,292.7268723562574,10.0,0.01793361783296702,-0.001560004430436014
3,evacuation,3298.0,5.000102310546762,4.933212481115153,0.9866223078494779,1.083921484710917,0.018304444359935584,3.782580323130481e-14,1.0,292.7745000555957,10.0,0.01795160681027758,-0.0015065254964386223
3,evacuation,3300.0,5.00009880436202,4.933125439528622,0.9866055917185136,1.0809604319069184,0.018263923361866843,3.0969659368507206e-14,1.0,292.8218196889481,10.0,0.017969491496997263,-0.0014548177927228895
3,evacuation,3302.0,5.000095414409506,4.933036741555693,0.9865885213589005,1.0781010702750762,0.018224725147478308,2.5356230917115822e-14,1.0,292.8688288323217,10.0,0.017987270744387437,-0.0014048250964464395
3,evacuation,3304.0,5.000092136992339,4.932946467151241,0.9865711134912231,1.0753400246027225,0.01818680670137211,2.0760268578825475e-14,1.0,292.9155252599789,10.0,0.018004943477733504,-0.0013564928845684915
3,evacuation,3306.0,5.000088968525832,4.932854693937272,0.9865533843474024,1.0726740270646464,0.01815012643121637,1.699735078438148e-14,1.0,292.96190693720314,10.0,0.01802250869389261,-0.0013097682845808322
3,evacuation,3308.0,5.000085905534193,4.932761497266602,0.9865353496840775,1.0700999139700929,0.018114644116890503,1.3916483431057592e-14,1.0,293.0079720132888,10.0,0.01803996545891113,-0.0012646000266833244
3,evacuation,3310.0,5.000082944647368,4.932666950284376,0.9865170247955264,1.067614622604002,0.018080320861754682,1.1394040962458587e-14,1.0,293.05371881474883,10.0,0.018057312905710002,-0.0012209383973539316
3,evacuation,3312.0,5.000080082597943,4.932571123987457,0.9864984245261508,1.0652151881597591,0.018047119045936942,9.328805663691768e-15,1.0,293.09914583873393,10.0,0.018074550231836004,-0.0011787351942656279
3,evacuation,3314.0,5.000077316218166,4.932474087281878,0.9864795632825493,1.0628987407607986,0.018015002281537334,7.637906112072264e-15,1.0,293.1442517466565,10.0,0.018091676697277057,-0.0011379436825048213
3,evacuation,3316.0,5.000074642437035,4.932375907038374,0.9864604550451942,1.060662502568506,0.017983935369654227,6.253491805967281e-15,1.0,293.18903535801377,10.0,0.018108691622339947,-0.0010985185520480643
3,evacuation,3318.0,5.000072058277483,4.932276648146152,0.9864411133797368,1.0585037849739447,0.017953884259143554,5.1200105362091006e-15,1.0,293.23349564440366,10.0,0.018125594385588306,-0.001060415876455778
3,evacuation,3320.0,5.000069560853626,4.932176373564928,0.9864215514479551,1.056419985871009,0.01792481600702647,4.191979250064556e-15,1.0,293.2776317237281,10.0,0.01814238442183967,-0.0010235930727436426
3,evacuation,3322.0,5.0000671473681155,4.932075144375386,0.9864017820183636,1.05440858700869,0.017896698740465913,3.432158959120634e-15,1.0,293.32144285457883,10.0,0.01815906122021994,-0.0009880088623940328
3,evacuation,3324.0,5.000064815109556,4.93197301982806,0.9863818174764994,1.0524671514202069,0.017869501620236913,2.8100604554091574e-15,1.0,293.3649284307984,10.0,0.018175624322273116,-0.0009536232334715068
3,evacuation,3326.0,5.000062561449987,4.931870057390781,0.986361669834901,1.0505933209268339,0.017843194805619637,2.3007208748684108e-15,1.0,293.4080879762139,10.0,0.01819207332012568,-0.0009203974038079789
3,evacuation,3328.0,5.000060383842449,4.931766312794686,0.9863413507427925,1.0487848137143128,0.01781774942064821,1.8837020157152364e-15,1.0,293.4509211395362,10.0,0.0182084078547034,-0.0008882937852245997
3,evacuation,3330.0,5.000058279818618,4.931661840078933,0.9863208714954886,1.0470394219798136,0.017793137521652014,1.5422702174671557e-15,1.0,293.4934276894208,10.0,0.01822462761399946,-0.0008572759487587876
3,evacuation,3332.0,5.000056246986487,4.931556691634089,0.9863002430435293,1.045355009647459,0.017769332066029476,1.262724891630999e-15,1.0,293.53560750968563,10.0,0.01824073233139278,-0.0008273085908661408
3,evacuation,3334.0,5.000054283028163,4.931450918244364,0.9862794760015584,1.0437295101504969,0.017746306882197988,1.0338487600132837e-15,1.0,293.57746059468076,10.0,0.01825672178401453,-0.0007983575005681243
3,evacuation,3336.0,5.0000523856976455,4.931344569128604,0.9862585806569596,1.0421609242782521,0.017724036640666276,8.464577404556697e-16,1.0,293.61898704480586,10.0,0.01827259579116222,-0.000770389527517695
3,evacuation,3338.0,5.00005055281877,4.93123769198024,0.9862375669782504,1.0406473180860543,0.01770249682617866,6.930324183722264e-16,1.0,293.6601870621714,10.0,0.018288354212759792,-0.0007433725509559846
3,evacuation,3340.0,5.000048782283104,4.931130333006093,0.9862164446232582,1.0391868208663824,0.017681663710883373,5.674163162074143e-16,1.0,293.7010609463987,10.0,0.0183039969478624,-0.0007172754495342907
3,evacuation,3342.0,5.000047072047989,4.93102253696422,0.986195222947072,1.0377776231795175,0.01766151432847954,4.64568853290376e-16,1.0,293.7416090905551,10.0,0.01831952393320491,-0.0006920680719764387
3,evacuation,3344.0,5.000045420134577,4.93091434720072,0.9861739110097931,1.036417974942056,0.01764202644929986,3.8036308312293927e-16,1.0,293.7818319772208,10.0,0.018334935141792876,-0.000667721208557763
3,evacuation,3346.0,5.000043824625966,4.930805805685621,0.9861525175840783,1.0351061835716617,0.017623178556288442,3.114200919382745e-16,1.0,293.8217301746829,10.0,0.01835023058153488,-0.0006442065633774634
3,evacuation,3348.0,5.0000422836653495,4.930696953047843,0.9861310511624969,1.033840612186504,0.017604949821835178,2.5497341347373436e-16,1.0,293.8613043332526,10.0,0.018365410293915016,-0.0006214967274022247
3,evacuation,3350.0,5.000040795454251,4.930587828609296,0.9861095199646974,1.0326196778578507,0.017587320085430142,2.0875801934856761e-16,1.0,293.9005551817032,10.0,0.018380474352704696,-0.0005995651522595665
3,evacuation,3352.0,5.00003935825078,4.930478470418108,0.9860879319443983,1.0314418499143445,0.0175702698321034,1.7091943057294598e-16,1.0,293.9394835238244,10.0,0.01839542286271257,-0.0005783861247601888
3,evacuation,3354.0,5.000037970367969,4.930368915281068,0.9860662947962027,1.030305648296522,0.01755378017161734,1.3993930311520147e-16,1.0,293.97809023508927,10.0,0.0184102559585716,-0.0005579347421293219
3,evacuation,3356.0,5.000036630172115,4.930259198795251,0.986044615962251,1.0292096419601775,0.01753783281838048,1.1457450151086864e-16,1.0,294.01637625943175,10.0,0.01842497380356227,-0.0005381868879276207
3,evacuation,3358.0,5.000035336081214,4.9301493553789015,0.9860229026387071,1.028152447327209,0.017522410072052935,9.380721573041321e-17,1.0,294.0543426061302,10.0,0.018439576588471104,-0.0005191192086429008
3,evacuation,3360.0,5.000034086563393,4.930039418301562,0.9860011617820912,1.0271327267826291,0.01750749479881565,7.68041196517821e-17,1.0,294.09199034679455,10.0,0.018454064530483368,-0.0005007090909345573
3,evacuation,3362.0,5.000032880135432,4.92992941971352,0.9859794001154623,1.026149187216445,0.017493070413276603,6.288293229409151e-17,1.0,294.1293206124539,10.0,0.018468437872109233,-0.00048293463951302264
3,evacuation,3364.0,5.000031715361296,4.929819390674539,0.9859576241344534,1.0252005786091614,0.017479120860988566,5.1485040019078766e-17,1.0,294.1663345907416,10.0,0.018482696880142348,-0.00046577465563729263
3,evacuation,3366.0,5.000030590850696,4.929709361181896,0.9859358401131629,1.024285692659683,0.01746563060155431,4.215308111544985e-17,1.0,294.2030335231745,10.0,0.01849684184465018,-0.00044920861621390595
3,evacuation,3368.0,5.000029505257756,4.929599360197834,0.9859140541099084,1.0234033614544311,0.017452584592296427,3.451259330611362e-17,1.0,294.2394187025246,10.0,0.018510873077994976,-0.00043321665348138884
3,evacuation,3370.0,5.000028457279635,4.929489415676349,0.985892271972855,1.0225524561765198,0.01743996827246976,2.825698775019735e-17,1.0,294.27549147027906,10.0,0.018524790913884863,-0.00041777953526456174
3,evacuation,3372.0,5.000027445655244,4.929379554589327,0.9858704993454975,1.0217318858538644,0.017427767547995538,2.3135246593377724e-17,1.0,294.31125321418716,10.0,0.018538595706453994,-0.000402878645783582
3,evacuation,3374.0,5.0000264691639735,4.92926980295214,0.9858487416720286,1.0209405961451314,0.017415968776697835,1.8941850407698266e-17,1.0,294.34670536589067,10.0,0.01855228782937124,-0.00038849596700308556
3,evacuation,3376.0,5.000025526624471,4.929160185848651,0.9858270042025842,1.0201775681624607,0.01740455875402301,1.5508531340687987e-17,1.0,294.3818493986355,10.0,0.018565867674976245,-0.0003746140605070474
3,evacuation,3378.0,5.000024616893447,4.929050727455629,0.9858052919983593,1.0194418173299244,0.017393524699224304,1.2697521053563914e-17,1.0,294.4166868250626,10.0,0.018579335653442712,-0.00036121604988557606
3,evacuation,3380.0,5.000023738864504,4.928941451066609,0.9857836099366125,1.018732392276711,0.017382854241994466,1.039602250940584e-17,1.0,294.45121919507494,10.0,0.018592692191967637,-0.0003482856036200704
3,evacuation,3382.0,5.000022891467033,4.928832379115273,0.9857619627155603,1.0180483737640529,0.01737253540953007,8.511683781431798e-18,1.0,294.48544809377915,10.0,0.01860593773398612,-0.00033580691845367267
3,evacuation,3384.0,5.000022073665086,4.928723533198234,0.9857403548591556,1.0173888736449375,0.01736255661401169,6.96889225947215e-18,1.0,294.5193751394983,10.0,0.018619072738410777,-0.0003237647032341183
3,evacuation,3386.0,5.000021284456351,4.928614934097337,0.9857187907217524,1.0167530338556698,0.01735290664048505,5.705740552780107e-18,1.0,294.5530019818556,10.0,0.018632097678895496,-0.00031214416321668
3,evacuation,3388.0,5.000020522871079,4.92850660180148,0.9856972744926785,1.0161400254383819,0.01734357463512911,4.6715423403763464e-18,1.0,294.58633029992455,10.0,0.01864501304312248,-0.0003009309848149568
3,evacuation,3390.0,5.000019787971115,4.928398555527923,0.9856758102006924,1.0155490475935998,0.01733455009389703,3.8247984877771e-18,1.0,294.61936180044586,10.0,0.018657819332112174,-0.0002901113207877939
3,evacuation,3392.0,5.000019078848898,4.9282908137431045,0.9856544017183415,1.0149793267620113,0.017325822851517264,3.1315318167316577e-18,1.0,294.65209821610694,10.0,0.018670517059555292,-0.00027967177585078374
3,evacuation,3394.0,5.000018394626535,4.928183394183029,0.9856330527662246,1.014430115734597,0.017317383070842234,2.5639237074952668e-18,1.0,294.68454130388375,10.0,0.018683106751166502,-0.00026959939270116133
3,evacuation,3396.0,5.000017734454855,4.928076313873173,0.9856117669171577,1.0139006927903038,0.01730922123253248,2.0991978247626713e-18,1.0,294.7166928434421,10.0,0.018695588944059056,-0.00025988163844516387
3,evacuation,3398.0,5.000017097512555,4.927969589147947,0.9855905476002373,1.0133903608604737,0.01730132812506491,1.7187061746831307e-18,1.0,294.74855463559675,10.0,0.018707964186139736,-0.0002505063914172295
3,evacuation,3400.0,5.000016483005298,4.927863235669729,0.9855693981048236,1.0128984467192486,0.01729369483505427,1.4071808192861886e-18,1.0,294.78012850082735,10.0,0.018720233035523996,-0.00024146192838062294
3,evacuation,3402.0,5.000015890164886,4.927757268447417,0.9855483215844167,1.012424300199202,0.017286312737877056,1.1521212219603122e-18,1.0,294.8114162778477,10.0,0.01873239605996973,-0.0002327369120994125
3,evacuation,3404.0,5.000015318248446,4.927651701854675,0.9855273210604641,1.011967293431464,0.017279173488588078,9.432926400778927e-19,1.0,294.8424198222286,10.0,0.01874445383633051,-0.00022432037927189893
3,evacuation,3406.0,5.0000147665376256,4.927546549647636,0.9855063994260619,1.0115268201096244,0.017272269013119554,7.723154368350952e-19,1.0,294.87314100507126,10.0,0.018756406950026474,-0.0002162017288158615
3,evacuation,3408.0,5.00001423433784,4.92744182498227,0.985485559449576,1.0111022947767225,0.017265591499753843,6.323288326775609e-19,1.0,294.90358171173057,10.0,0.01876825599453321,-0.00020837071049629945
3,evacuation,3410.0,5.00001372097751,4.927337540431375,0.9854648037781932,1.010693152134648,0.017259133390860788,5.177156037095914e-19,1.0,294.9337438405859,10.0,0.018780001570887887,-0.00020081741388643283
3,evacuation,3412.0,5.00001322580733,4.927233708001115,0.9854441349413703,1.01029884637529,0.017252887374890655,4.2387668009604003e-19,1.0,294.9636293018586,10.0,0.018791644287211844,-0.00019353225765309206
3,evacuation,3414.0,5.000012748199599,4.927130339147234,0.9854235553542121,1.009918850532803,0.017246846378614906,3.4704659979697686e-19,1.0,294.9932400164742,10.0,0.01880318475824971,-0.00018650597915775534
3,evacuation,3416.0,5.0000122875474995,4.927027444790875,0.9854030673207758,1.0095526558563577,0.017241003559606748,2.8414241237183357e-19,1.0,295.02257791496856,10.0,0.018814623604924117,-0.000179729624364742
3,evacuation,3418.0,5.000011843264443,4.926925035333999,0.9853826730372849,1.009199771202779,0.017235352298953507,2.3263996983608385e-19,1.0,295.0516449364355,10.0,0.0188259614539058,-0.00017319453804826883
3,evacuation,3420.0,5.000011414783445,4.926823120674526,0.985362374595281,1.0088597224484759,0.017229886194193883,1.9047264050994987e-19,1.0,295.0804430275157,10.0,0.018837198937198586,-0.000166892354290303
3,evacuation,3422.0,5.000011001556485,4.926721710221066,0.9853421739846963,1.0085320519200913,0.017224599052472533,1.5594838156312576e-19,1.0,295.10897414142505,10.0,0.01884833669173886,-0.00016081498726127984
3,evacuation,3424.0,5.0000106030539,4.926620812907261,0.9853220730968422,1.008216317843315,0.017219484883905397,1.2768184263654857e-19,1.0,295.1372402370211,10.0,0.01885937535900901,-0.00015495462227600078
3,evacuation,3426.0,5.000010218763811,4.926520437205906,0.9853020737273464,1.0079120938093145,0.01721453789514947,1.0453877607229895e-19,1.0,295.16524327790665,10.0,0.018870315584664628,-0.0001493037071172342
3,evacuation,3428.0,5.000009848191538,4.926420591142659,0.9852821775790112,1.0076189682582586,0.017209752483169978,8.559052310830216e-20,1.0,295.1929852315688,10.0,0.018881158018174766,-0.00014385494361963627
3,evacuation,3430.0,5.00000949085905,4.926321282309389,0.9852623862645907,1.007336543979418,0.017205123229199083,7.007674971138019e-20,1.0,295.2204680685529,10.0,0.01889190331247513,-0.000138601279506886
3,evacuation,3432.0,5.000009146304443,4.92622251787729,0.9852427013095186,1.0070644376273445,0.01720064489288072,5.737493675435949e-20,1.0,295.24769376167023,10.0,0.01890255212363382,-0.00013353590047503975
3,evacuation,3434.0,5.000008814081405,4.926124304609667,0.9852231241545697,1.0068022792536426,0.01719631240659515,4.697540027362673e-20,1.0,295.27466428523735,10.0,0.018913105110528995,-0.00012865222251531475
3,evacuation,3436.0,5.000008493758713,4.926026648874327,0.9852036561584376,1.006549711853862,0.017192120869957785,3.8460839448329775e-20,1.0,295.3013816143477,10.0,0.0189235629345384,-0.00012394388446964775
3,evacuation,3438.0,5.00000818491976,4.925929556655749,0.9851842986002635,1.0063063909290504,0.017188065544487412,3.148959162569746e-20,1.0,295.3278477241727,10.0,0.01893392625924027,-0.00011940474081258227
3,evacuation,3440.0,5.0000078871620595,4.925833033566995,0.9851650526821137,1.0060719840615249,0.017184141848438434,2.5781922469095656e-20,1.0,295.3540645892929,10.0,0.018944195750125216,-0.00011502885465316817
3,evacuation,3442.0,5.000007600096802,4.925737084861173,0.985145919531364,1.0058461705044204,0.017180345351791602,2.1108801095407536e-20,1.0,295.3800341830566,10.0,0.018954372074318895,-0.00011081049095069078
3,evacuation,3444.0,5.000007323348405,4.9256417154427785,0.9851269002030529,1.0056286407846,0.017176671771399418,1.7282709783166734e-20,1.0,295.4057584769668,10.0,0.018964455900315053,-0.00010674410993826001
3,evacuation,3446.0,5.000007056554081,4.925546929878704,0.9851079956821713,1.0054190963185157,0.017173116966280755,1.4150119473822408e-20,1.0,295.43123944009415,10.0,0.018974447897718693,-0.00010282436074839467
3,evacuation,3448.0,5.00000679936342,4.925452732408905,0.9850892068858772,1.0052172490406193,0.017169676933060322,1.1585329131573183e-20,1.0,295.4564790385151,10.0,0.018984348736998842,-9.904607523488794e-05
3,evacuation,3450.0,5.000006551437987,4.925359126956881,0.9850705346656722,1.0050228210439387,0.017166347801549,9.485421754578249e-21,1.0,295.4814792347758,10.0,0.01899415908925109,-9.54042619854082e-05
3,evacuation,3452.0,5.0000063124509095,4.925266117139881,0.9850519798095227,1.004835544232443,0.017163125830460424,7.766134638076444e-21,1.0,295.50624198737864,10.0,0.019003879625968938,-9.189410051939554e-05
3,evacuation,3454.0,5.000006082086543,4.92517370627883,0.9850335430439147,1.0046551599848303,0.017160007403259653,6.358478176009485e-21,1.0,295.5307692502931,10.0,0.01901351101882442,-8.851093566596405e-05
3,evacuation,3456.0,5.000005860040047,4.925081897407972,0.9850152250358613,1.004481418829385,0.017156989024140288,5.205967524251295e-21,1.0,295.5550629724879,10.0,0.019023053939457194,-8.52502721166869e-05
3,evacuation,3458.0,5.000005646017066,4.924990693284318,0.9849970263948594,1.0043140801295558,0.017154067314126078,4.262356040760679e-21,1.0,295.57912509748536,10.0,0.019032509059271775,-8.210776914819516e-05
3,evacuation,3460.0,5.000005439733377,4.924900096396892,0.9849789476748069,1.004152911779929,0.017151239007293293,3.489779552710858e-21,1.0,295.6029575629361,10.0,0.01904187704924339,-7.907923550976472e-05
3,evacuation,3462.0,5.000005240914527,4.924810108975581,0.9849609893758445,1.003997689912259,0.017148500947109735,2.8572369858491277e-21,1.0,295.62656230021406,10.0,0.019051158579731046,-7.616062447103351e-05
3,evacuation,3464.0,5.0000050492955515,4.924720732999867,0.9849431519461581,1.0038481986112493,0.017145850082887784,2.3393463885025645e-21,1.0,295.64994123403073,10.0,0.019060354320298775,-7.334802902529178e-05
3,evacuation,3466.0,5.00000486462063,4.924631970207427,0.9849254357837667,1.0037042296397782,0.017143283466347897,1.9153264333702544e-21,1.0,295.6730962820684,10.0,0.01906946493954384,-7.063767724377188e-05
3,evacuation,3468.0,5.000004686642785,4.924543822102252,0.9849078412382049,1.0035655821732652,0.017140798248288097,1.5681625279593704e-21,1.0,295.69602935463104,10.0,0.019078491104932285,-6.802592777654302e-05
3,evacuation,3470.0,5.000004515123601,4.924456289962717,0.9848903686121938,1.0034320625428914,0.01713839167535806,1.2839240722892175e-21,1.0,295.71874235431267,10.0,0.019087433482641216,-6.550926549570364e-05
3,evacuation,3472.0,5.000004349832924,4.924369374849513,0.9848730181632863,1.0033034839873998,0.01713606108693374,1.0512054675537062e-21,1.0,295.741237175683,10.0,0.019096292737407976,-6.308429727672568e-05
3,evacuation,3474.0,5.00000419054859,4.92428307761316,0.9848557901054237,1.0031796664131933,0.017133803912088866,8.606684451710225e-22,1.0,295.76351570498866,10.0,0.019105069532385617,-6.0747747913849416e-05
3,evacuation,3476.0,5.0000040370561605,4.924197398901429,0.9848386846104702,1.003060436162474,0.01713161766666177,7.046673513189845e-22,1.0,295.7855798198704,10.0,0.019113764529004675,-5.84964561655801e-05
3,evacuation,3478.0,5.000003889148664,4.924112339166604,0.9848217018097198,1.002945625789163,0.01712949995041416,5.7694235079832865e-22,1.0,295.8074313890953,10.0,0.019122378386841072,-5.632737092641078e-05
3,evacuation,3480.0,5.0000037466263265,4.924027898672495,0.9848048417953497,1.0028350738423542,0.0171274484442786,4.723682394560427e-22,1.0,295.8290722723034,10.0,0.019130911763489685,-5.423754752105507e-05
3,evacuation,3482.0,5.000003609296367,4.923944077501184,0.9847881046218112,1.0027286246570613,0.017125460907692455,3.8674878579818077e-22,1.0,295.85050431976856,10.0,0.01913936531444393,-5.2224144117496494e-05
3,evacuation,3484.0,5.000003476972717,4.92386087555974,0.9847714903072271,1.0026261281520208,0.017123535176016214,3.166483493653393e-22,1.0,295.8717293721726,10.0,0.019147739692980396,-5.028441825530221e-05
3,evacuation,3486.0,5.000003349475835,4.923778292586667,0.984754998834719,1.0025274396343276,0.017121669158032673,2.5925401924368666e-22,1.0,295.8927492603925,10.0,0.019156035550049168,-4.8415723485781636e-05
3,evacuation,3488.0,5.000003226632449,4.92369632815814,0.9847386301537044,1.0024324196106802,0.017119860833524958,2.122627407618595e-22,1.0,295.9135658053004,10.0,0.019164253534169017,-4.6615506120559444e-05
3,evacuation,3490.0,5.000003108275374,4.923614981694076,0.9847223841811478,1.0023409336050249,0.017118108250931272,1.7378890112166904e-22,1.0,295.934180817575,10.0,0.01917239429132772,-4.4881302085355516e-05
3,evacuation,3492.0,5.00000299424329,4.9235342524641705,0.9847062608028114,1.0022528519823866,0.01711640952507424,1.4228866566347589e-22,1.0,295.95459609752555,10.0,0.019180458464887095,-4.32107338757048e-05
3,evacuation,3494.0,5.000002884380538,4.923454139593537,0.9846902598744233,1.0021680497786927,0.017114762834961467,1.1649802861759417e-22,1.0,295.974813434926,10.0,0.019188446695492526,-4.1601507611618345e-05
3,evacuation,3496.0,5.000002778536944,4.923374642068332,0.9846743812228372,1.0020864065363875,0.017113166421656473,9.53820925124434e-23,1.0,295.9948346088608,10.0,0.019196359620987404,-4.0051410188073124e-05
3,evacuation,3498.0,5.0000026765676155,4.923295758741223,0.9846586246471671,1.002007806145656,0.017111618586217358,7.809354098098666e-23,1.0,296.0146613875806,10.0,0.019204197876331347,-3.8558306518494064e-05
3,evacuation,3500.0,5.000002578332777,4.923217488336662,0.9846429899198735,1.0019321366910672,0.017110117687700876,6.393863860926993e-23,1.0,296.0342955283679,10.0,0.019211962093522987,-3.712013686828923e-05
3,evacuation,3502.0,5.000002483697579,4.923139829455949,0.9846274767878137,1.0018592903034629,0.017108662141230233,5.23493935074884e-23,1.0,296.0537387774127,10.0,0.01921965290152664,-3.573491427573277e-05
3,evacuation,3504.0,5.000002392531941,4.92306278058224,0.9846120849732756,1.001789163016922,0.017107250416124924,4.2860765574770173e-23,1.0,296.0729928696968,10.0,0.019227270926202897,-3.44007220575008e-05
3,evacuation,3506.0,5.000002304710378,4.922986340085423,0.9845968141749853,1.001721654630628,0.017105881034090428,3.5092005896737176e-23,1.0,296.09205952888755,10.0,0.01923481679024301,-3.3115711396204115e-05
3,evacuation,3508.0,5.000002220111851,4.922910506226766,0.9845816640690692,1.0016566685754844,0.017104552567465525,2.873137848432467e-23,1.0,296.11094046723974,10.0,0.019242291113106873,-3.1878099007406706e-05
3,evacuation,3510.0,5.000002138619617,4.922835277163395,0.9845666343099752,1.0015941117853162,0.017103263637526053,2.3523651285100033e-23,1.0,296.1296373855061,10.0,0.01924969451096453,-3.0686164883666945e-05
3,evacuation,3512.0,5.000002060121073,4.922760650952849,0.984551724531419,1.001533894572511,0.017102012912844057,1.9259854520551198e-23,1.0,296.1481519728551,10.0,0.01925702759664111,-2.9538250113183244e-05
3,evacuation,3514.0,5.00000198450761,4.922686625557284,0.9845369343472493,1.0014759305079473,0.017100799107698766,1.5768895383504994e-23,1.0,296.16648590679694,10.0,0.019264290979564964,-2.8432754770714517e-05
3,evacuation,3516.0,5.000001911674481,4.922613198847579,0.9845222633522984,1.0014201363050723,0.017099620980539184,1.2910692619749263e-23,1.0,296.1846408531163,10.0,0.01927148526571895,-2.736813587851397e-05
3,evacuation,3518.0,5.000001841520674,4.922540368607448,0.9845077111232288,1.0013664317079898,0.017098477332496885,1.0570555506126936e-23,1.0,296.20261846581263,10.0,0.019278611057594867,-2.6342905435101894e-05
3,evacuation,3520.0,5.000001773948772,4.922468132537339,0.9844932772193397,1.0013147393834234,0.017097367005946593,8.654581671101755e-24,1.0,296.2204203870466,10.0,0.019285668954150736,-2.5355628509688905e-05
3,evacuation,3522.0,5.000001708864835,4.922396488258156,0.9844789611833357,1.001264984816428,0.01709628888311337,7.085889086751948e-24,1.0,296.23804824709333,10.0,0.019292659550770898,-2.4404921400236916e-05
3,evacuation,3524.0,5.000001646178273,4.922325433314962,0.9844647625420921,1.0012170962097215,0.017095241884725398,5.801531033834282e-24,1.0,296.25550366430167,10.0,0.019299583439228888,-2.3489449853090896e-05
3,evacuation,3526.0,5.00000158580173,4.92225496518057,0.9844506808073957,1.001171004386521,0.01709422496871059,4.7499702471310296e-24,1.0,296.2727882450595,10.0,0.019306441207652892,-2.2607927342270457e-05
3,evacuation,3528.0,5.000001527650978,4.922185081258975,0.9844367154766528,1.001126642696757,0.017093237128935415,3.889010886445001e-24,1.0,296.2899035837645,10.0,0.019313233440493828,-2.1759113406496595e-05
3,evacuation,3530.0,5.000001471644816,4.9221157788886325,0.9844228660335649,1.0010839469265627,0.01709227739398515,3.1841053497172677e-24,1.0,296.30685126280093,10.0,0.019319960718495816,-2.094181204212352e-05
3,evacuation,3532.0,5.000001417704929,4.922047055345741,0.9844091319488127,1.0010428552109187,0.017091344825984355,2.6069679859821348e-24,1.0,296.3236328525207,10.0,0.01932662361866888,-2.0154870150195747e-05
3,evacuation,3534.0,5.000001365755829,4.921978907847416,0.9843955126807012,1.0010033079493543,0.017090438519455603,2.1344400808029747e-24,1.0,296.3402499112301,10.0,0.01933322271426413,-1.9397176035857343e-05
3,evacuation,3536.0,5.000001315724732,4.921911333554693,0.9843820076757878,1.0009652477245956,0.017089557600215757,1.7475605696100944e-24,1.0,296.35670398518147,10.0,0.019339758574750964,-1.866765795850813e-05
3,evacuation,3538.0,5.000001267541467,4.92184432957535,0.984368616369462,1.0009286192240685,0.017088701224308347,1.4308051895779002e-24,1.0,296.37299660856877,10.0,0.019346231765796484,-1.796528273100449e-05
3,evacuation,3540.0,5.000001221138396,4.92177789296693,0.9843553381865664,1.00089336916415,0.017087868576972077,1.1714635395898251e-24,1.0,296.3891293035282,10.0,0.019352642849246832,-1.728905436632382e-05
3,evacuation,3542.0,5.000001176450303,4.921712020739474,0.9843421725419652,1.000859446217085,0.017087058871642375,9.591290516587841e-25,1.0,296.4051035801426,10.0,0.01935899238311056,-1.6638012770240857e-05
3,evacuation,3544.0,5.0000011334143295,4.921646709857995,0.9843291188410533,1.0008268009404697,0.017086271348985736,7.8528140795400265e-25,1.0,296.42092093645016,10.0,0.01936528092154378,-1.6011232478391992e-05
3,evacuation,3546.0,5.000001091969883,4.921581957245204,0.9843161764803166,1.0007953857092193,0.017085505275967413,6.429446471376415e-25,1.0,296.43658285845646,10.0,0.0193715090148372,-1.5407821436414284e-05
3,evacuation,3548.0,5.000001052058555,4.921517759784084,0.9843033448478659,1.0007651546499334,0.01708475994494917,5.264072408895774e-25,1.0,296.4520908201508,10.0,0.01937767720940478,-1.4826919821684077e-05
3,evacuation,3550.0,5.000001013624051,4.921454114320127,0.9842906233238956,1.0007360635775762,0.017084034672816314,4.309929081681212e-25,1.0,296.4674462835257,10.0,0.019383786047774246,-1.4267698905295831e-05
3,evacuation,3552.0,5.000000976612106,4.921391017663668,0.9842780112811693,1.000708069934395,0.01708332880013484,3.528729707009847e-25,1.0,296.4826506985997,10.0,0.019389836068578963,-1.3729359953010703e-05
3,evacuation,3554.0,5.000000940970425,4.921328466592259,0.9842655080855052,1.000681132730999,0.017082641690336783,2.8891272012013057e-25,1.0,296.4977055034435,10.0,0.01939582780655156,-1.3211133163864802e-05
3,evacuation,3556.0,5.000000906648599,4.921266457852872,0.9842531130962331,1.000655212489523,0.01708197272893211,2.365456319349087e-25,1.0,296.5126121242089,10.0,0.019401761792518776,-1.2712276645207444e-05
3,evacuation,3558.0,5.000000873598052,4.9212049881637565,0.9842408256665778,1.0006302711888058,0.017081321322746337,1.9367037894426904e-25,1.0,296.527371975161,10.0,0.019407638553398096,-1.2232075422964533e-05
3,evacuation,3560.0,5.000000841771967,4.921144054216662,0.9842286451441159,1.0006062722115157,0.0170806868991855,1.5856651155891243e-25,1.0,296.5419864587125,10.0,0.01941345861219523,-1.1769840485984836e-05
3,evacuation,3562.0,5.000000811125228,4.921083652678901,0.9842165708712021,1.0005831802931515,0.017080068905524756,1.29825421548837e-25,1.0,296.5564569654617,10.0,0.019419222488003537,-1.132490786332906e-05
3,evacuation,3564.0,5.000000781614353,4.921023780194982,0.9842046021853079,1.000560961472859,0.017079466808220038,1.06293819007749e-25,1.0,296.5707848742318,10.0,0.01942493069600409,-1.0896637733412335e-05
3,evacuation,3566.0,5.000000753197447,4.920964433388539,0.9841927384194162,1.0005395830459967,0.017078880092244345,8.702745444197866e-26,1.0,296.5849715521133,10.0,0.01943058374746729,-1.0484413563949884e-05
3,evacuation,3568.0,5.000000725834136,4.920905608864256,0.9841809789024213,1.0005190135183926,0.017078308260446075,7.12532289963026e-26,1.0,296.5990183545085,10.0,0.019436182149755562,-1.0087641281665403e-05
3,evacuation,3570.0,5.000000699485516,4.920847303209391,0.9841693229594408,1.000499222562233,0.01707775083292795,5.833817241873331e-26,1.0,296.6129266251779,10.0,0.019441726406327096,-9.70574847079966e-06
3,evacuation,3572.0,5.000000674114106,4.920789512995395,0.9841577699121519,1.0004801809735249,0.017077207346447878,4.7764043947179225e-26,1.0,296.6266976962891,10.0,0.019447217016740716,-9.338183599447067e-06
3,evacuation,3574.0,5.000000649683778,4.9207322347796465,0.9841463190791494,1.0004618606310796,0.01707667735384041,3.9106536931133846e-26,1.0,296.6403328884672,10.0,0.019452654476661734,-8.984415272765586e-06
3,evacuation,3576.0,5.000000626159739,4.920675465106922,0.9841349697762454,1.0004442344569642,0.017076160423456884,3.2018252734993847e-26,1.0,296.6538335108469,10.0,0.019458039277868735,-8.643931512189897e-06
3,evacuation,3578.0,5.000000603508453,4.920619200510861,0.9841237213167752,1.0004272763783677,0.017075656138624783,2.621476071909046e-26,1.0,296.6672008611269,10.0,0.019463371908261272,-8.31623905978402e-06
3,evacuation,3580.0,5.000000581697616,4.92056343751528,0.9841125730118682,1.0004109612908365,0.017075164097125575,2.1463184929141685e-26,1.0,296.68043622562556,10.0,0.019468652851868593,-8.000862706851848e-06
3,evacuation,3582.0,5.0000005606961055,4.920508172635751,0.9841015241707717,1.0003952650228267,0.017074683910691144,1.757285951372654e-26,1.0,296.6935408793378,10.0,0.019473882588859,-7.697344646012205e-06
3,evacuation,3584.0,5.000000540473935,4.920453402380854,0.9840905741011098,1.000380164301531,0.01707421520451613,1.4387677900957117e-26,1.0,296.70651608599405,10.0,0.019479061595550243,-7.405243845955335e-06
3,evacuation,3586.0,5.000000521002221,4.920399123253288,0.9840797221091134,1.0003656367199332,0.017073757616786974,1.1779828730776207e-26,1.0,296.71936309812025,10.0,0.019484190344420442,-7.124135448086384e-06
3,evacuation,3588.0,5.000000502253131,4.920345331751246,0.9840689674999052,1.000351660705047,0.01707331079822831,9.644667185466399e-27,1.0,296.7320831570989,10.0,0.019489269304119938,-6.853610184341774e-06
3,evacuation,3590.0,5.000000484199858,4.920292024369657,0.9840583095777528,1.0003382154873042,0.01707287441166398,7.896515920930811e-27,1.0,296.7446774932317,10.0,0.01949429893948374,-6.593273815471747e-06
3,evacuation,3592.0,5.000000466816576,4.9202391976011866,0.9840477476462773,1.0003252810710372,0.01707244813159253,6.465227103271809e-27,1.0,296.75714732580315,10.0,0.01949927971154476,-6.342746589026606e-06
3,evacuation,3594.0,5.000000450078408,4.920186847937267,0.9840372810086668,1.0003128382060347,0.017072031643778015,5.2933675959654206e-27,1.0,296.76949386314527,10.0,0.019504212077547475,-6.101662716461722e-06
3,evacuation,3596.0,5.000000433961398,4.920134971869356,0.9840269089679323,1.0003008683601207,0.017071624644855662,4.3339143480106145e-27,1.0,296.7817183027029,10.0,0.0195090964909624,-5.869669868672625e-06
3,evacuation,3598.0,5.000000418442457,4.920083565889883,0.9840166308271092,1.0002893536927244,0.017071226841949644,3.548367506199364e-27,1.0,296.79382183110073,10.0,0.01951393340150105,-5.646428689303807e-06
3,evacuation,3600.0,5.000000403499357,4.920032626493002,0.984006445889407,1.0002782770293985,0.017070837952303738,2.905202453652824e-27,1.0,296.80580562421034,10.0,0.01951872325513148,-5.431612325089309e-06
4,adsorption,3600.0,5.000000403499357,4.920032626493002,0.984006445889407,1.0002782770293985,0.017070837952303738,2.905202453652824e-27,1.0,296.80580562421034,10.0,0.01951872325513148,-5.431612325089309e-06
4,adsorption,3602.0,100.04178320164445,6.357409895635022,0.06354754675674876,1.1190772146227326,0.10868947506070178,0.1065980107143503,1.0,297.0691538550841,10.0,0.019624181255007783,0.07924725582048725
4,adsorption,3604.0,100.04319307292437,7.097210283425132,0.07094146103725188,1.2597888973087097,0.1922111478601998,0.08727506950407339,1.0,297.3292792960627,10.0,0.01972872316719313,0.062025898503178835
4,adsorption,3606.0,100.04437739919521,9.125560627365648,0.09121512737245596,1.369238907248922,0.2682478778740781,0.07145478338152857,1.0,297.5346851328745,10.0,0.019811537111193142,0.047894344302822967
4,adsorption,3608.0,100.04474110294346,9.852848039667931,0.09848441738211511,1.460504008586172,0.3373743203091413,0.07082638015748108,1.0,297.7068326030274,10.0,0.01988112137914429,0.045760870479211437
4,adsorption,3610.0,100.0450323547381,10.011282424526883,0.10006776137598751,1.5504657681022724,0.4001763595198174,0.07121726776189805,1.0,297.87286713962476,10.0,0.019948389659701568,0.0444252168683011
4,adsorption,3612.0,100.04526654360394,10.095507783880965,0.1009093996414205,1.6387290252950377,0.4572055546804451,0.07233794826413492,1.0,298.03241755429553,10.0,0.020013174390941173,0.043677771602242024
4,adsorption,3614.0,100.04549701139427,10.179010158360066,0.10174381119023045,1.7251278257888043,0.5089685876283921,0.07318574686374597,1.0,298.18546268001097,10.0,0.02007544991806457,0.04274296768847388
4,adsorption,3616.0,100.04570899899421,10.261449660337757,0.10256761397373794,1.8097231057973127,0.5559309000738037,0.07407026414630648,1.0,298.33232459258363,10.0,0.020135331279910053,0.04186169997625014
4,adsorption,3618.0,100.04590447159524,10.340959485861857,0.10336214701120358,1.8926022748781859,0.5985196572741354,0.07497824428108675,1.0,298.4733510142479,10.0,0.020192945682464335,0.04102296369858725
4,adsorption,3620.0,100.04608506841315,10.417889851419574,0.10413090971321518,1.9738386863556343,0.6371264854126713,0.07590091648995648,1.0,298.6088521847878,10.0,0.020248406629705992,0.04021935049251623
4,adsorption,3622.0,100.04625191962454,10.492379953888989,0.10487529270280298,2.05350222043471,0.6721100687590246,0.0768376341267059,1.0,298.73911872065713,10.0,0.020301821012491256,0.039449798391955664
4,adsorption,3624.0,100.046406116008,10.564520391411554,0.1055962008186636,2.1316593843676133,0.7037986454686392,0.07778699142628137,1.0,298.86442278421,10.0,0.020353289431994305,0.038712633882716896
4,adsorption,3626.0,100.0465486755223,10.634406066275446,0.10629458194270815,2.2083731708300642,0.7324923022459602,0.07874753651747667,1.0,298.9850187914123,10.0,0.020402906350176983,0.03800614126154332
4,adsorption,3628.0,100.04668054207598,10.702126835127102,0.10697133355290263,2.283703255334847,0.7584652257726759,0.07971788815461249,1.0,299.1011446448734,10.0,0.020450760470636868,0.037328658208895256
4,adsorption,3630.0,100.04680258758479,10.76777319357917,0.10762735954657472,2.3577061122742076,0.7819676279882182,0.08069676169489609,1.0,299.2130227010916,10.0,0.020496935024183257,0.03667860099854826
4,adsorption,3632.0,100.0469156068723,10.831427365131594,0.10826348118209826,2.430435214653924,0.8032277765079836,0.08168315383268236,1.0,299.3208609218707,10.0,0.020541508142811957,0.0360546150042211
4,adsorption,3634.0,100.04702034190949,10.893163515493102,0.10888043920014658,2.501941219192119,0.8224537477993458,0.08267596434583882,1.0,299.4248538868241,10.0,0.02058455318791171,0.03545527472053652
4,adsorption,3636.0,100.0471174763639,10.953059945027107,0.10947901570092478,2.572272058112182,0.8398351121960067,0.08367417124743713,1.0,299.5251836330286,10.0,0.020626139017013007,0.03487922639984964
4,adsorption,3638.0,100.04720763143379,11.011187209353364,0.11005991541430851,2.6414731233503246,0.8555444148294686,0.08467697556555574,1.0,299.622020556099,10.0,0.02066633028480763,0.03432530571690547
4,adsorption,3640.0,100.04729137626633,11.067603213076497,0.11062371665268293,2.709587454662541,0.8697386584576224,0.0856836777747588,1.0,299.71552432335216,10.0,0.020705187757384322,0.0337924395702577
4,adsorption,3642.0,100.04736925724781,11.12237199047352,0.11117105899981246,2.7766558382455644,0.8825606135771579,0.08669319765421854,1.0,299.8058445726245,10.0,0.020742768544730766,0.03327925956404564
4,adsorption,3644.0,100.0474417551029,11.17557274064541,0.11170273366910356,2.8427168301707315,0.8941400383597087,0.08770492805716723,1.0,299.8931214563351,10.0,0.020779126274950245,0.032784793523283215
4,adsorption,3646.0,100.04750929105735,11.227243853435578,0.11221912402410116,2.9078071397549237,0.9045948047405968,0.08871867870587287,1.0,299.9774867198073,10.0,0.020814311496675446,0.03230841826970229
4,adsorption,3648.0,100.04757229432258,11.277439898286504,0.11272077512396039,2.9719616035603384,0.9140319320734064,0.08973348075997441,1.0,300.05906409075146,10.0,0.020848371800002714,0.03184889313554564
4,adsorption,3650.0,100.0476311307984,11.326217603569475,0.11320825366431733,3.0352132481239926,0.9225485512876129,0.09074895312636228,1.0,300.13796978377815,10.0,0.02088135198942853,0.03140546827561991
4,adsorption,3652.0,100.04768614034958,11.373623555506489,0.11368202498507825,3.0975935102973478,0.9302327748824235,0.09176466147836336,1.0,300.21431321567184,10.0,0.02091329434889972,0.03097736317145169
4,adsorption,3654.0,100.04773763449813,11.419703680846787,0.11414254785616544,3.15913229098412,0.9371644961703516,0.09278020396044294,1.0,300.2881974273454,10.0,0.02094423878804715,0.030563836838143454
4,adsorption,3656.0,100.04778589793871,11.464500592442088,0.11459024794548993,3.219858065082868,0.9434161320733074,0.0937952218514193,1.0,300.35971957303747,10.0,0.020974223019664923,0.030164196021284145
4,adsorption,3658.0,100.04783118892368,11.508054942305908,0.11502553134385156,3.2797979621615085,0.9490532866589116,0.09480943074373445,1.0,300.4289713293659,10.0,0.021003282706501297,0.0297778206959876
4,adsorption,3660.0,100.04787374399035,11.550410012844168,0.11544883045091175,3.3389778426047516,0.9541353991855085,0.09582256888441923,1.0,300.4960392946273,10.0,0.021031451606490052,0.02940412178639235
4,adsorption,3662.0,100.04791378589586,11.591603676260396,0.11586052359938874,3.3974224168680083,0.9587162720194197,0.09683428260305454,1.0,300.56100540181825,10.0,0.021058761726070442,0.029042445852291758
4,adsorption,3664.0,100.04795150914542,11.631667614056491,0.11626092727139181,3.4551553016737158,0.9628446073447295,0.097844416125504,1.0,300.6239472401314,10.0,0.021085243437148363,0.02869231277410825
4,adsorption,3666.0,100.04798709343541,11.670640187572305,0.11665042472741631,3.5121990449271774,0.9665644510467057,0.09885280192343772,1.0,300.68493828354866,10.0,0.021110925556728995,0.028353244535567743
4,adsorption,3668.0,100.04802070777092,11.708552951682414,0.11702933120368054,3.568575262057268,0.9699156494163765,0.09985920559725849,1.0,300.7440483080035,10.0,0.02113583550753119,0.02802471776568311
4,adsorption,3670.0,100.04805249939766,11.74543783174451,0.11739796566070311,3.6243046507084307,0.972934270547966,0.10086354822872903,1.0,300.8013436019586,10.0,0.021159999393183283,0.02770634733673609
4,adsorption,3672.0,100.04808260779761,11.781324663498069,0.11775662617825972,3.6794070658247646,0.9756528926238389,0.1018656561177957,1.0,300.8568872066531,10.0,0.021183442087161993,0.02739767944780974
4,adsorption,3674.0,100.04811115792036,11.816243106731372,0.11810560909121107,3.7339015520928225,0.9781009690648217,0.10286545863867295,1.0,300.9107391312067,10.0,0.021206187312289796,0.027098354763355405
4,adsorption,3676.0,100.04813826531498,11.850220326619073,0.11844518580839347,3.7878064180726603,0.9803051251911694,0.10386284980037563,1.0,300.9629566045016,10.0,0.021228257736834087,0.026807993285687295
4,adsorption,3678.0,100.04816403466378,11.883284021369422,0.11877563307660706,3.84113925551359,0.9822894071219517,0.10485776026527348,1.0,301.0135942155929,10.0,0.02124967502448156,0.026526253968888965
4,adsorption,3680.0,100.04818856089796,11.91545918092109,0.11909720058218062,3.8939169765253143,0.9840754629932551,0.10585014046402935,1.0,301.0627040433536,10.0,0.021270459880531164,0.02625282053069053
4,adsorption,3682.0,100.04821193211433,11.94677107837423,0.11941014084769919,3.9461558679826654,0.9856828602161555,0.10683993161697748,1.0,301.11033589907106,10.0,0.021290632146644173,0.02598737679066167
4,adsorption,3684.0,100.04823422758663,11.977243732636214,0.11971469386846699,3.9978716302731843,0.9871292900611682,0.1078271109957905,1.0,301.1565374822796,10.0,0.021310210859650573,0.025729643825296487
4,adsorption,3686.0,100.04825552071554,12.006899821544415,0.12001108624086224,4.04907940583985,0.9884307149998716,0.10881165098237255,1.0,301.20135449200495,10.0,0.021329214292084727,0.025479345789123153
4,adsorption,3688.0,100.0482758785921,12.035762117813169,0.12029954551559174,4.099793798938085,0.989601522554786,0.10979352977568688,1.0,301.24483072891564,10.0,0.021347659989393145,0.02523621870782082
4,adsorption,3690.0,100.04829536190832,12.063852173924387,0.12058028705322142,4.150028911017831,0.9906546920009377,0.11077274894823834,1.0,301.28700823023894,10.0,0.021365564821538806,0.025000024688358862
4,adsorption,3692.0,100.04831402685384,12.091190573333344,0.12085351653290191,4.199798369072798,0.9916019340853259,0.1117493057656284,1.0,301.32792738181286,10.0,0.021382945025388383,0.024770528592447185
4,adsorption,3694.0,100.04833192500895,12.117797825813044,0.1211194389017492,4.249115344120552,0.9924538096895771,0.11272320261224349,1.0,301.3676270049244,10.0,0.021399816236813914,0.02454750574316675
4,adsorption,3696.0,100.04834910316384,12.143693502869418,0.12137824973351206,4.29799257553046,0.9932198378560195,0.11369445712760451,1.0,301.40614444775997,10.0,0.021416193525126536,0.024330750124589406
4,adsorption,3698.0,100.04836560465058,12.168896403615935,0.12163013688501761,4.3464423924723325,0.9939085969333087,0.1146630844595643,1.0,301.44351566949814,10.0,0.021432091424732173,0.024120059354921095
4,adsorption,3700.0,100.04838146930982,12.193425137770214,0.12187528632345333,4.394476730282981,0.9945278173145353,0.11562910359004032,1.0,301.47977531289075,10.0,0.021447523962207334,0.023915239817162398
4,adsorption,3702.0,100.0483967334601,12.217297573810118,0.12211387661072011,4.442107150020067,0.9950844645666526,0.11659254309839819,1.0,301.5149567778,10.0,0.021462504684068563,0.02371611126232507
4,adsorption,3704.0,100.04841143077782,12.240530953857352,0.12234608005072035,4.489344855701535,0.9955848138300813,0.11755343056891017,1.0,301.5490922872579,10.0,0.021477046681625058,0.023522497766442385
4,adsorption,3706.0,100.04842559230603,12.263142264713636,0.12257206639798139,4.536200707760609,0.9960345170543088,0.11851179585127951,1.0,301.5822129443908,10.0,0.021491162612181616,0.023334230328164254
4,adsorption,3708.0,100.0484392464947,12.285147902012028,0.12279199950080633,4.58268523825988,0.9964386640582574,0.11946767478683984,1.0,301.6143487894625,10.0,0.02150486472051097,0.02315114982088428
4,adsorption,3710.0,100.0484524197589,12.306563735408107,0.12300603795224364,4.628808664814956,0.9968018378386542,0.12042110285547276,1.0,301.64552885237254,10.0,0.021518164858592974,0.02297310151442922
4,adsorption,3712.0,100.04846513653672,12.327405346413643,0.12321433746725012,4.674580902037876,0.997128164483624,0.12137211681990412,1.0,301.67578119884433,10.0,0.021531074502849225,0.022799936334372713
4,adsorption,3714.0,100.0484774193466,12.347687830395625,0.12341704890361406,4.72001157371734,0.9974213581827978,0.12232075695746211,1.0,301.7051329756101,10.0,0.021543604771120245,0.022631512596477603
4,adsorption,3716.0,100.04848928914545,12.36742583473919,0.1236143186429999,4.765110024122036,0.997684761858751,0.12326706339845661,1.0,301.7336104522569,10.0,0.021555766438376353,0.022467692803540617
4,adsorption,3718.0,100.04850076539772,12.386633705586483,0.12380629005757635,4.809885327710452,0.9979213838702197,0.12421107690974291,1.0,301.7612390587779,10.0,0.0215675699507407,0.022308344196704973
4,adsorption,3720.0,100.04851186614175,12.405325376434217,0.12399310239648259,4.854346299044492,0.9981339311527215,0.12515284008605818,1.0,301.78804342183304,10.0,0.02157902543909537,0.022153339641527107
4,adsorption,3722.0,100.04852260823117,12.423514391814445,0.12417489102225222,4.898501501877357,0.9983248383749204,0.12609239540165948,1.0,301.81404739774496,10.0,0.02159014273141727,0.022002555884480367
4,adsorption,3724.0,100.04853300734108,12.441214002035684,0.1243517883577844,4.942359258317705,0.9984962976835157,0.12702978546762173,1.0,301.839274106522,10.0,0.021600931365669266,0.021855873656258205
4,adsorption,3726.0,100.04854307811847,12.458437084571077,0.12452392310044394,4.985927655293502,0.9986502773729952,0.12796505372551323,1.0,301.8637459549273,10.0,0.02161140059811431,0.021713178192579802
4,adsorption,3728.0,100.04855283428505,12.475196184754838,0.12469142062872283,5.029214554694,0.9987885510161371,0.1288982434058704,1.0,301.8874846726077,10.0,0.021621559417314324,0.021574358215487397
4,adsorption,3730.0,100.0485622887019,12.491503554892638,0.1248544033930936,5.072227599279265,0.9989127135216695,0.1298293972945995,1.0,301.91051133341875,10.0,0.02163141655189105,0.021439305674740058
4,adsorption,3732.0,100.04857145341356,12.507371131842692,0.1250129906918921,5.114974219426871,0.9990241982310906,0.13075855869368788,1.0,301.93284637903133,10.0,0.02164098047934675,0.021307916476074995
4,adsorption,3734.0,100.04858033973497,12.522810527807177,0.12516729857918493,5.1574616401487345,0.9991242936217984,0.13168577035498125,1.0,301.95450964302887,10.0,0.021650259435175453,0.02118008949113478
4,adsorption,3736.0,100.04858895836891,12.537833091123643,0.12531744047225638,5.199696886747084,0.9992141570212412,0.13261107438894695,1.0,301.97552037091685,10.0,0.021659261420298725,0.021055726413188654
4,adsorption,3738.0,100.04859731935282,12.552449885695378,0.12546352694609247,5.241686792208128,0.9992948309100608,0.13353451301320574,1.0,301.9958972454113,10.0,0.021667994210833142,0.0209347322840129
4,adsorption,3740.0,100.04860543218095,12.566671674200805,0.12560566556541622,5.283438001370725,0.9993672506240442,0.13445612772934523,1.0,302.01565840024523,10.0,0.021676465363004164,0.0208170147558955
4,adsorption,3742.0,100.04861330584153,12.580508974237894,0.125743961445824,5.324956977047231,0.999432256685736,0.1353759594284226,1.0,302.03482144101093,10.0,0.021684682221134805,0.02070248409552769
4,adsorption,3744.0,100.04862094883478,12.593972033112696,0.1258785170017815,5.366250005494197,0.9994906047835685,0.13629404861075303,1.0,302.05340346338437,10.0,0.021692651924570535,0.02059105329539911
4,adsorption,3746.0,100.04862836923417,12.60707083637285,0.12600943203185017,5.4073232014560295,0.9995429742180173,0.13721043510199402,1.0,302.07142106970423,10.0,0.021700381413952557,0.020482637765660228
4,adsorption,3748.0,100.04863557471035,12.619815127909893,0.12613680391959137,5.4481825128499075,0.9995899753417778,0.1381251579993401,1.0,302.08889038438906,10.0,0.021707877437042927,0.020377155225509307
4,adsorption,3750.0,100.04864257255456,12.632214406870752,0.12626072760267548,5.488833725413568,0.999632156422171,0.13903825585615112,1.0,302.10582706900675,10.0,0.021715146554447468,0.0202745257951503
4,adsorption,3752.0,100.04864936971461,12.644277929414253,0.12638129559040065,5.529282467269135,0.9996700099610678,0.1399497664905171,1.0,302.1222463369249,10.0,0.021722195145203193,0.020174671769305083
4,adsorption,3754.0,100.04865597282098,12.656014724345905,0.12649859811993888,5.569534213245565,0.9997039783837431,0.14085972693935972,1.0,302.1381629672031,10.0,0.02172902941208199,0.02007751751695639
4,adsorption,3756.0,100.04866238820134,12.667433594068942,0.12661272316583017,5.609594289070714,0.9997344591048563,0.14176817360129784,1.0,302.15359131788966,10.0,0.02173565538667787,0.01998298954202538
4,adsorption,3758.0,100.04866862190744,12.678543115740924,0.12672375645151496,5.649467875448512,0.9997618090637876,0.1426751421241777,1.0,302.16854533879996,10.0,0.021742078934308257,0.01989101632854123
4,adsorption,3760.0,100.04867467973502,12.689351653117313,0.12683178156769284,5.689160011952107,0.9997863488151935,0.14358066735492475,1.0,302.18303858371377,10.0,0.021748305758700518,0.019801528240847566
4,adsorption,3762.0,100.04868056723531,12.699867359501841,0.1269368800018027,5.728675600814695,0.999808366221198,0.14448478344721852,1.0,302.19708422214575,10.0,0.021754341406527527,0.019714457558361004
4,adsorption,3764.0,100.0486862897386,12.71009817883516,0.12703913114887908,5.76801941053782,0.9998281196907193,0.1453875238068648,1.0,302.2106950504288,10.0,0.021760191271678688,0.019629738375191906
4,adsorption,3766.0,100.04869185235196,12.720051855466089,0.12713861240922425,5.807196079787712,0.9998458414704183,0.14628892103385652,1.0,302.22388350366583,10.0,0.02176586059993309,0.01954730648975991
4,adsorption,3768.0,100.04869725999542,12.729735936932535,0.12723539921616286,5.846210120114459,0.9998617396969313,0.14718900701364632,1.0,302.23666166400335,10.0,0.021771354492078836,0.019467099444103873
4,adsorption,3770.0,100.04870251739611,12.739157777494531,0.12732956507136603,5.8850659202985725,0.9998760016037642,0.1480878129633619,1.0,302.2490412737278,10.0,0.021776677909131095,0.01938905649044536
4,adsorption,3772.0,100.04870762911071,12.74832454176211,0.12742118158108806,5.923767749136777,0.9998887952759086,0.1489853692179061,1.0,302.2610337436255,10.0,0.021781835675538323,0.019313118367977115
4,adsorption,3774.0,100.04871259952822,12.757243216411458,0.12751031857327086,5.962319758465806,0.999900271517658,0.14988170544251866,1.0,302.272650162076,10.0,0.021786832482726403,0.0192392274359405
4,adsorption,3776.0,100.04871743287153,12.765920602582026,0.127597044021553,6.000725986389263,0.9999105656733378,0.15077685065114005,1.0,302.2839013045753,10.0,0.021791672892848682,0.01916732763677528
4,adsorption,3778.0,100.04872213323218,12.774363326093821,0.12768142414735242,6.03899036008525,0.9999197991183468,0.1516708330338285,1.0,302.2947976420305,10.0,0.02179636134202818,0.01909736430480347
4,adsorption,3780.0,100.04872670454901,12.782577847146282,0.12776352351683737,6.077116699320694,0.9999280810280348,0.1525636800998882,1.0,302.30534935115116,10.0,0.02180090214452076,0.019029284227756963
4,adsorption,3782.0,100.04873115062763,12.790570453095999,0.1278434049687172,6.115108718517378,0.9999355092068012,0.15345541870265558,1.0,302.3155663204526,10.0,0.02180529949500844,0.018963035636989416
4,adsorption,3784.0,100.0487354751489,12.798347268572241,0.12792112971533978,6.152970029882998,0.999942171419674,0.15434607498700256,1.0,302.3254581593667,10.0,0.02180955747224646,0.018898568109246255
4,adsorption,3786.0,100.04873968167195,12.805914260387876,0.12799675739177557,6.190704146186083,0.9999481464664918,0.1552356744116124,1.0,302.33503420630456,10.0,0.021813680042275633,0.01883583253869297
4,adsorption,3788.0,100.04874377363969,12.813277238424241,0.12807034606465711,6.228314483361842,0.9999535050883697,0.15612424180256163,1.0,302.3443035361714,10.0,0.021817671061413954,0.018774781138461673
4,adsorption,3790.0,100.04874775438554,12.820441859592334,0.12814195227176506,6.265804363020501,0.9999583107640769,0.15701180132131834,1.0,302.35327496756867,10.0,0.021821534279127787,0.01871536737083673
4,adsorption,3792.0,100.04875162713773,12.827413633290247,0.1282116310765728,6.3031770149127,0.9999626204432551,0.15789837648407049,1.0,302.36195706986524,10.0,0.021825273340860225,0.018657545921436026
4,adsorption,3794.0,100.04875539502218,12.834197923327858,0.1282794360874819,6.340435579373087,0.9999664852205729,0.15878399020205536,1.0,302.37035817016704,10.0,0.021828891790828146,0.018601272691203017
4,adsorption,3796.0,100.04875906107014,12.840799950991123,0.12834541948844214,6.377583109642846,0.9999699509263912,0.15966866476682995,1.0,302.3784863599155,10.0,0.021832393074671583,0.01854650474356111
4,adsorption,3798.0,100.0487626282154,12.847224800307563,0.12840963209158607,6.414622574392673,0.99997305872105,0.1605524218604925,1.0,302.3863495020497,10.0,0.021835780542357214,0.018493200268165453
4,adsorption,3800.0,100.04876609930632,12.853477419528367,0.12847212335202887,6.451556859495729,0.9999758454615285,0.16143528258775744,1.0,302.3939552360134,10.0,0.021839057450163978,0.01844131857841942
4,adsorption,3802.0,100.04876947710336,12.859562625582814,0.12853294141239574,6.488388770852143,0.999978344278979,0.16231726752471715,1.0,302.40131098568577,10.0,0.02184222696393849,0.01839082010092269
4,adsorption,3804.0,100.0487727642861,12.865485105534697,0.12859213311737117,6.525121036220149,0.9999805848939316,0.16319839661345012,1.0,302.40842396452643,10.0,0.021845292161159827,0.018341666253893236
4,adsorption,3806.0,100.0487759634545,12.871249423943492,0.1286497440872746,6.5617563072127005,0.9999825939523147,0.16407868928364944,1.0,302.41530118119465,10.0,0.021848256033217297,0.01829381951514707
4,adsorption,3808.0,100.04877907712672,12.876860020011167,0.12870581868954653,6.59829716141437,0.9999843953520726,0.16495816446656172,1.0,302.4219494454344,10.0,0.021851121487811494,0.018247243395508293
4,adsorption,3810.0,100.0487821077547,12.88232121340227,0.12876040009690204,6.634746104235256,0.9999860105100256,0.16583684052055328,1.0,302.4283753732344,10.0,0.021853891351050626,0.01820190234205651
4,adsorption,3812.0,100.04878505771379,12.887637210299264,0.12881353034786924,6.671105571241167,0.999987458678369,0.16671473531086475,1.0,302.43458539332437,10.0,0.021856568370130496,0.01815776176251433
4,adsorption,3814.0,100.04878792931001,12.89281210036496,0.12886525031642004,6.707377929519576,0.9999887570927273,0.16759186621770908,1.0,302.44058575095454,10.0,0.021859155214850507,0.018114788008394656
4,adsorption,3816.0,100.04879072478406,12.897849863143941,0.12891559977594902,6.74356547975545,0.9999899212101165,0.16846825013851865,1.0,302.44638251362903,10.0,0.02186165447997853,0.018072948338074952
4,adsorption,3818.0,100.04879344631058,12.902754370667754,0.12896461742531448,6.779670458079992,0.9999909649005808,0.16934390349033293,1.0,302.45198157620985,10.0,0.021864068687350836,0.01803221088445985
4,adsorption,3820.0,100.04879609600268,12.907529389458386,0.12901234090885869,6.8156950377992365,0.9999919006086675,0.17021884223952732,1.0,302.4573886656788,10.0,0.0218664002878306,0.017992544648214853
4,adsorption,3822.0,100.04879867591222,12.91217858313009,0.1290588068424137,6.851641331060974,0.9999927394951555,0.17109308190459677,1.0,302.4626093457164,10.0,0.021868651663192965,0.017953919469081772
4,adsorption,3824.0,100.04880118803254,12.916705515496059,0.12910405084435042,6.887511390499321,0.9999934915674599,0.17196663756368166,1.0,302.46764902121595,10.0,0.021870825127987683,0.01791630600148321
4,adsorption,3826.0,100.04880363429994,12.921113652825515,0.12914810755813716,6.923307210858124,0.9999941657994504,0.1728395238749481,1.0,302.47251294272996,10.0,0.021872922931377266,0.01787967570132357
4,adsorption,3828.0,100.04880601659616,12.925406366039816,0.1291910106742877,6.959030730534029,0.9999947702363353,0.17371175508297362,1.0,302.47720621068703,10.0,0.02187494725888119,0.017844000802337508
4,adsorption,3830.0,100.04880833674753,12.929586933769993,0.1292327929609233,6.994683833257625,0.9999953121000896,0.17458334502546455,1.0,302.48173377998376,10.0,0.02187690023428609,0.0178092542896466
4,adsorption,3832.0,100.04881059653043,12.933658544092328,0.1292734862811138,7.030268349270487,0.9999957978544142,0.1754543071456381,1.0,302.4861004631958,10.0,0.021878783920964654,0.017775409888516048
4,adsorption,3834.0,100.04881279766924,12.937624297717722,0.12931312162475875,7.065786057201399,0.9999962333070715,0.17632465453964005,1.0,302.49031093566646,10.0,0.02188060032400835,0.017742442068211375
4,adsorption,3836.0,100.04881494184086,12.941487208450933,0.12935172911317258,7.101238685284844,0.9999966236656352,0.17719439988551902,1.0,302.4943697388196,10.0,0.02188235139159786,0.01771032595839764
4,adsorption,3838.0,100.04881703067494,12.945250208814626,0.12938933805529773,7.136627912684919,0.9999969735969068,0.17806355551558542,1.0,302.4982812837708,10.0,0.02188403901650579,0.017679037385536594
4,adsorption,3840.0,100.04881906575201,12.948916148426147,0.1294259769314831,7.171955370896155,0.9999972872846437,0.17893213343760989,1.0,302.50204985511004,10.0,0.02188566503767667,0.017648552863880704
4,adsorption,3842.0,100.04882104861196,12.952487797294255,0.1294616734264252,7.207222644975445,0.9999975684766899,0.17980014528696917,1.0,302.5056796142286,10.0,0.02188723124161329,0.017618849530934802
4,adsorption,3844.0,100.04882298074887,12.955967850422223,0.12949645447518338,7.242431275084557,0.999997820540849,0.1806676023701025,1.0,302.50917460350024,10.0,0.021888739364134855,0.017589905154220844
4,adsorption,3846.0,100.04882486361454,12.959358926166972,0.12953034624677529,7.277582757389371,0.9999980464909675,0.18153451567851606,1.0,302.5125387487115,10.0,0.02189019109138216,0.017561698126265783
4,adsorption,3848.0,100.04882669862026,12.962663569999204,0.12956337418175806,7.3126785454345224,0.9999982490288842,0.18240089589483216,1.0,302.51577586275835,10.0,0.02189158806137206,0.01753420744272622
4,adsorption,3850.0,100.04882848713677,12.965884256562775,0.1295955630128122,7.347720051363938,0.9999984305781913,0.18326675338426163,1.0,302.51888964893436,10.0,0.021892931865377996,0.017507412671191803
4,adsorption,3852.0,100.04883023049705,12.969023391411605,0.1296269367820991,7.382708647057959,0.9999985933126584,0.18413209822093884,1.0,302.52188370399347,10.0,0.021894224049215625,0.017481293951402205
4,adsorption,3854.0,100.04883192999527,12.972083312379484,0.12965751885495397,7.417645665232269,0.9999987391811628,0.18499694019394225,1.0,302.5247615211008,10.0,0.02189546611448237,0.017455831978828187
4,adsorption,3856.0,100.04883358688991,12.975066291814622,0.12968733194221702,7.452532400520197,0.9999988699306158,0.18586128880495878,1.0,302.5275264927399,10.0,0.021896659519780145,0.0174310079813782
4,adsorption,3858.0,100.04883520240361,12.97797453843,0.12971639811872807,7.4873701105375225,0.999998987127022,0.18672515328514197,1.0,302.53018191357114,10.0,0.021897805681919076,0.017406803712778546
4,adsorption,3860.0,100.048836777724,12.980810198579752,0.12974473883608356,7.5221600169226654,0.9999990921743683,0.18758854260339297,1.0,302.5327309832175,10.0,0.021898905977091578,0.017383201439066822
4,adsorption,3862.0,100.04883831400555,12.983575358190299,0.12977237494193639,7.556903306342959,0.9999991863313822,0.1884514654670192,1.0,302.5351768089598,10.0,0.02189996174200918,0.01736018391921379
4,adsorption,3864.0,100.04883981237002,12.986272044545832,0.12979932669784153,7.5916011314709495,0.9999992707264842,0.18931393033389282,1.0,302.5375224083498,10.0,0.02190097427500543,0.017337734396125563
4,adsorption,3866.0,100.048841273907,12.98890222755616,0.12982561379192803,7.626254611937984,0.9999993463712332,0.190175945420886,1.0,302.53977071175865,10.0,0.02190194483711259,0.017315836584876596
4,adsorption,3868.0,100.04884269967567,12.991467821430367,0.12985125535562522,7.660864835262335,0.9999994141724274,0.19103751870571026,1.0,302.5419245648556,10.0,0.02190287465310945,0.017294474655781284
4,adsorption,3870.0,100.04884409070486,12.993970686349002,0.12987626998037674,7.695432857751116,0.9999994749429604,0.191898657936441,1.0,302.54398673101724,10.0,0.021903764912540678,0.017273633224521783
4,adsorption,3872.0,100.04884544799435,12.99641262972503,0.1299006757302422,7.729959705379437,0.99999952941154,0.19275937063980733,1.0,302.54595989367135,10.0,0.021904616770709224,0.017253297341643367
4,adsorption,3874.0,100.04884677251539,12.99879540767908,0.12992449015664223,7.764446374645327,0.9999995782313936,0.19361966412409926,1.0,302.5478466585757,10.0,0.0219054313496417,0.01723345247790857
4,adsorption,3876.0,100.04884806521198,13.00112072654685,0.1299477303134235,7.798893833378933,0.9999996219878838,0.19447954548617616,1.0,302.549649555974,10.0,0.021906209739002078,0.01721408451406608
4,adsorption,3878.0,100.04884932700065,13.003390244227441,0.1299704127703361,7.833303021629017,0.9999996612062388,0.1953390216193548,1.0,302.55137104295653,10.0,0.021906952997094577,0.017195179729701006
4,adsorption,3880.0,100.04885055877259,13.005605571229552,0.1299925536234877,7.867674852284391,0.9999996963563604,0.19619809921299974,1.0,302.5530135051152,10.0,0.021907662151563114,0.017176724790520556
4,adsorption,3882.0,100.04885176139281,13.007768272711626,0.1300141685157361,7.902010212059041,0.9999997278603278,0.1970567847810175,1.0,302.5545792591544,10.0,0.02190833820050434,0.017158706752650434
4,adsorption,3884.0,100.04885293570243,13.009879868458297,0.13003527263645143,7.936309962131062,0.9999997560964762,0.19791508462800575,1.0,302.5560705545905,10.0,0.02190898211318796,0.01714111302090041
4,adsorption,3886.0,100.04885408251866,13.011941835937126,0.13005588075206825,7.970574938835984,0.9999997814037315,0.198773004881571,1.0,302.5574895756014,10.0,0.021909594830842895,0.017123931362386834
4,adsorption,3888.0,100.04885520263439,13.013955609811898,0.13007600720122212,8.004805954396994,0.9999998040858352,0.19963055150477116,1.0,302.55883844296005,10.0,0.02191017726748028,0.017107149902361615
4,adsorption,3890.0,100.04885629682096,13.015922583404599,0.1300956659093581,8.039003797568904,0.999999824414792,0.2004877302761263,1.0,302.5601192157385,10.0,0.02191073031061817,0.017090757094108885
4,adsorption,3892.0,100.0488573658275,13.017844111155107,0.13011487041331726,8.073169234443316,0.9999998426349568,0.20134454680687264,1.0,302.561333893447,10.0,0.021911254822194956,0.017074741717247977
4,adsorption,3894.0,100.04885841038124,13.019721508094644,0.13013363385607304,8.107303008913766,0.9999998589649367,0.20220100654821396,1.0,302.5624844172707,10.0,0.02191175163909349,0.017059092874607773
4,adsorption,3896.0,100.04885943118909,13.02155605165086,0.13015196900477144,8.141405843390475,0.9999998736006501,0.20305711479982302,1.0,302.5635726719568,10.0,0.02191222157394702,0.01704379998489259
4,adsorption,3898.0,100.04886042893726,13.02334898266902,0.13016988826093875,8.175478439434452,0.9999998867177906,0.2039128767008787,1.0,302.5646004874927,10.0,0.02191266541585513,0.017028852762094746
4,adsorption,3900.0,100.04886140429294,13.025101506605978,0.13018740367241294,8.20952147834512,0.9999998984739,0.20476829724315612,1.0,302.5655696406634,10.0,0.021913083931048388,0.017014241214705964
4,adsorption,3902.0,100.04886235790363,13.026814794163185,0.13020452693967188,8.243535621728286,0.9999999090101857,0.20562338127831578,1.0,302.5664818565528,10.0,0.021913477863529107,0.016999955640361396
4,adsorption,3904.0,100.04886329039857,13.028489982368022,0.13022126942663959,8.277521512055714,0.9999999184531895,0.20647813351387487,1.0,302.5673388100229,10.0,0.02191384793570303,0.01698598661096633
4,adsorption,3906.0,100.04886420238897,13.030128175756277,0.130237642172505,8.311479773213435,0.9999999269163217,0.20733255852086668,1.0,302.5681421271639,10.0,0.02191419484899903,0.01697232496802844
4,adsorption,3908.0,100.04886509446834,13.031730447001845,0.13025365589801538,8.345411011037058,0.9999999345012357,0.2081866607410562,1.0,302.5688933867085,10.0,0.021914519284473525,0.016958961817865135
4,adsorption,3910.0,100.04886596721336,13.033297837846652,0.13026932101477037,8.379315813829765,0.9999999412990478,0.20904044448591338,1.0,302.56959412139827,10.0,0.021914821903395033,0.016945888520111925
4,adsorption,3912.0,100.04886682118396,13.034831360170763,0.13028464763591724,8.413194752863195,0.9999999473914238,0.2098939139415183,1.0,302.5702458193075,10.0,0.021915103347810244,0.01693309668164421
4,adsorption,3914.0,100.04886765692405,13.036331996660326,0.13029964558282658,8.44704838286612,0.9999999528515572,0.21074707317495162,1.0,302.57084992513217,10.0,0.021915364241095716,0.016920578152008914
4,adsorption,3916.0,100.04886847496188,13.037800701605503,0.13031432439306725,8.480877242500217,0.999999957745048,0.21159992613479656,1.0,302.5714078414442,10.0,0.02191560518849479,0.016908325014079264
4,adsorption,3918.0,100.04886927581057,13.039238401858638,0.13032869332998265,8.514681854821237,0.9999999621306916,0.2124524766545435,1.0,302.57192092990874,10.0,0.021915826777638796,0.016896329577484052
4,adsorption,3920.0,100.04887005996832,13.040645997518311,0.13034276138952766,8.548462727727767,0.9999999660611849,0.2133047284583028,1.0,302.57239051246654,10.0,0.02191602957905371,0.01688458437425701
4,adsorption,3922.0,100.04887082791909,13.042024362634987,0.1303565373073211,8.582220354397814,0.9999999695837578,0.21415668516231848,1.0,302.57281787248434,10.0,0.021916214146652888,0.016873082151140206
4,adsorption,3924.0,100.04887158013291,13.043374346058894,0.13037002956711974,8.615955213712141,0.9999999727407404,0.21500835027737655,1.0,302.57320425587034,10.0,0.021916381018215345,0.016861815862919835
4,adsorption,3926.0,100.04887231706614,13.044696772120716,0.1303832464076217,8.649667770665982,0.9999999755700706,0.2158597272137947,1.0,302.5735508721587,10.0,0.021916530715850712,0.01685077866820097
4,adsorption,3928.0,100.04887303916207,13.045992441244678,0.13039619582859363,8.68335847675931,0.9999999781057393,0.2167108192833243,1.0,302.5738588955366,10.0,0.02191666374643962,0.016839963922984112
4,adsorption,3930.0,100.04887374685123,13.047262130773085,0.13040888559911162,8.717027770422686,0.9999999803782402,0.2175616297009955,1.0,302.5741294659658,10.0,0.021916780602115153,0.01682936517343433
4,adsorption,3932.0,100.04887444055161,13.048506595472155,0.1304213232626169,8.75067607731497,0.9999999824148507,0.2184121615878476,1.0,302.57436368996747,10.0,0.021916881760599055,0.0168189761520948
4,adsorption,3934.0,100.04887512066895,13.049726568412767,0.13043351614571866,8.784303810796894,0.9999999842400675,0.2192624179837467,1.0,302.5745626418632,10.0,0.02191696768573519,0.016808790779010832
4,adsorption,3936.0,100.04887578759762,13.050922761081564,0.13044547135930334,8.817911372236578,0.9999999858758455,0.2201124018290435,1.0,302.5747273645797,10.0,0.021917038827834592,0.0167988031397493
4,adsorption,3938.0,100.04887644172082,13.052095864902027,0.13045719581373777,8.851499151340755,0.9999999873418498,0.22096211598267534,1.0,302.5748588705243,10.0,0.02191709562405146,0.016789007494022515
4,adsorption,3940.0,100.04887708340962,13.053246550853974,0.1304686962150673,8.885067526504596,0.9999999886557019,0.22181156322792364,1.0,302.57495814250166,10.0,0.02191713849877696,0.016779398273358465
4,adsorption,3942.0,100.04887771302539,13.054375470305724,0.13047997907333017,8.918616865119121,0.999999989833179,0.22266074626031906,1.0,302.57502613451976,10.0,0.021917167863985357,0.016769970064397576
4,adsorption,3944.0,100.04887833091873,13.05548325625023,0.13049105071491454,8.952147523954867,0.9999999908884533,0.22350966769810612,1.0,302.5750637728005,10.0,0.021917184119668795,0.016760717609862714
4,adsorption,3946.0,100.04887893742983,13.056570522918566,0.13050191727869428,8.985659849383856,0.9999999918342022,0.22435833008619926,1.0,302.57507195636435,10.0,0.021917187654088028,0.016751635807362785
4,adsorption,3948.0,100.04887953288939,13.057637866731975,0.13051258472554403,9.019154177720138,0.9999999926817862,0.22520673589780907,1.0,302.5750515579219,10.0,0.021917178844155973,0.01674271970370164
4,adsorption,3950.0,100.0488801176181,13.058685866856358,0.13052305884388196,9.05263083552094,0.9999999934413915,0.22605488753164427,1.0,302.57500342466443,10.0,0.02191715805577771,0.016733964486230185
4,adsorption,3952.0,100.04888069192774,13.05971508567923,0.13053334525443547,9.086090139866286,0.9999999941221505,0.22690278731882568,1.0,302.5749283789991,10.0,0.021917125644166657,0.016725365482948232
4,adsorption,3954.0,100.04888125612091,13.060726069147277,0.13054344941361584,9.11953239862878,0.9999999947322489,0.22775043752469343,1.0,302.5748272192565,10.0,0.021917081954148935,0.016716918158442895
4,adsorption,3956.0,100.0488818104912,13.061719347350827,0.1305533766193593,9.152957910738682,0.9999999952790206,0.22859784034746053,1.0,302.5747007203859,10.0,0.021917027320462464,0.016708618107226077
4,adsorption,3958.0,100.04888235532412,13.062695435028916,0.13056313201617473,9.186366966444004,0.9999999957690382,0.22944499792272308,1.0,302.5745496346391,10.0,0.021916962068051268,0.01670046105217936
4,adsorption,3960.0,100.0488828908965,13.063654831874455,0.13057272059819397,9.21975984756427,0.9999999962081926,0.23029191232579324,1.0,302.5743746922345,10.0,0.02191688651235138,0.01669244284126585
4,adsorption,3962.0,100.04888341747746,13.064598023034305,0.1305821472141693,9.253136827735402,0.9999999966017633,0.2311385855711302,1.0,302.5741766020004,10.0,0.02191680095956752,0.016684559441945315
4,adsorption,3964.0,100.04888393532782,13.065525479590336,0.1305914165722825,9.286498172646592,0.9999999969544822,0.23198501961566453,1.0,302.57395605199565,10.0,0.02191670570694061,0.0166768069390827
4,adsorption,3966.0,100.04888444470136,13.066437658862165,0.13060053324316873,9.31984414027144,0.9999999972705891,0.23283121636100737,1.0,302.5737137101159,10.0,0.021916601043008663,0.016669181532020027
4,adsorption,3968.0,100.04888494584416,13.067335004833412,0.13060950166417826,9.353174981092465,0.9999999975538847,0.2336771776535917,1.0,302.5734502246818,10.0,0.02191648724786011,0.016661679530017334
4,adsorption,3970.0,100.0488854389952,13.068217948594807,0.13061832614380448,9.386490938318703,0.9999999978077748,0.2345229052867683,1.0,302.5731662250095,10.0,0.021916364593379613,0.016654297349507567
4,adsorption,3972.0,100.04888592438648,13.069086908652938,0.1306270108647697,9.419792248097432,0.9999999980353116,0.23536840100334097,1.0,302.57286232196583,10.0,0.021916233343487145,0.0166470315118468
4,adsorption,3974.0,100.0488864022434,13.06994229129164,0.13063555988763687,9.453079139719858,0.9999999982392305,0.23621366649584072,1.0,302.57253910850653,10.0,0.021916093754369936,0.016639878639257227
4,adsorption,3976.0,100.04888687278458,13.070784490980508,0.13064397715489265,9.486351835820395,0.9999999984219831,0.23705870340818183,1.0,302.5721971601988,10.0,0.021915946074707673,0.01663283545208326
4,adsorption,3978.0,100.04888733622238,13.071613890675618,0.13065226649395315,9.519610552570557,0.9999999985857665,0.23790351333786422,1.0,302.5718370357292,10.0,0.02191579054589132,0.01662589876662574
4,adsorption,3980.0,100.04888779276301,13.072430862130572,0.13066043162027194,9.552855499862492,0.999999998732549,0.2387480978366016,1.0,302.5714592773838,10.0,0.021915627402230138,0.01661906549184661
4,adsorption,3982.0,100.0488882426066,13.073235766294832,0.130668476141322,9.586086881509084,0.9999999988640962,0.2395924584113879,1.0,302.5710644115731,10.0,0.02191545687117794,0.01661233262609733
4,adsorption,3984.0,100.04888868594765,13.074028953536672,0.13067640355882315,9.619304895383847,0.9999999989819881,0.24043659652586688,1.0,302.5706529491985,10.0,0.021915279173491006,0.01660569725537256
4,adsorption,3986.0,100.04888912297442,13.074810764069483,0.13068421727300408,9.65250973364338,0.9999999990876427,0.24128051360617664,1.0,302.5702253862325,10.0,0.02191509452347838,0.016599156553646723
4,adsorption,3988.0,100.04888955387042,13.075581528018104,0.13069192058326318,9.685701582870628,0.9999999991823313,0.24212421103210277,1.0,302.5697822040944,10.0,0.02191490312916386,0.01659270777232161
4,adsorption,3990.0,100.04888997881342,13.076341566123201,0.1306995166952105,9.718880624230183,0.9999999992671921,0.2429676901462995,1.0,302.56932387005884,10.0,0.02191470519246205,0.016586348244861247
4,adsorption,3992.0,100.04889039797592,13.077091189558917,0.1307070087188441,9.752047033632413,0.9999999993432457,0.24381095225612778,1.0,302.568850837684,10.0,0.021914500909363203,0.016580075384928176
4,adsorption,3994.0,100.04889081152552,13.07783070035266,0.1307143996727459,9.785200981877331,0.999999999411405,0.24465399862839873,1.0,302.5683635471873,10.0,0.02191429047009512,0.016573886678881666
4,adsorption,3996.0,100.04889121962523,13.078560391947738,0.13072169248970442,9.818342634834389,0.9999999994724907,0.2454968304943953,1.0,302.5678624259166,10.0,0.021914074059326622,0.016567779686302932
4,adsorption,3998.0,100.04889162243259,13.07928054901761,0.1307288900148597,9.851472153546366,0.9999999995272367,0.24633944905149763,1.0,302.56734788862326,10.0,0.021913851856285124,0.016561752039215106
4,adsorption,4000.0,100.04889202010122,13.079991447937452,0.13073599501041452,9.884589694388639,0.9999999995763006,0.24718185546371943,1.0,302.56682033787695,10.0,0.021913624034935793,0.01655580143920399
4,adsorption,4002.0,100.04889241277978,13.080693357034672,0.1307430101581395,9.917695409209982,0.999999999620272,0.2480240508610171,1.0,302.5662801644342,10.0,0.021913390764140443,0.016549925653878327
4,adsorption,4004.0,100.04889280061295,13.081386536802167,0.1307499380615037,9.95078944546343,0.9999999996596797,0.24886603634200438,1.0,302.565727747581,10.0,0.021913152207805483,0.016544122516449145
4,adsorption,4006.0,100.04889318374086,13.082071240079376,0.1307567812474848,9.983871946332219,0.9999999996949973,0.24970781297484937,1.0,302.5651634554617,10.0,0.021912908525023797,0.01653838992385795
4,adsorption,4008.0,100.04889356229991,13.082747712318433,0.13076354216922825,10.01694305085357,0.9999999997266493,0.2505493817968249,1.0,302.5645876454031,10.0,0.02191265987021464,0.016532725833798695
4,adsorption,4010.0,100.04889393642216,13.083416191814369,0.13077022320834908,10.050002894040164,0.9999999997550164,0.2513907438163632,1.0,302.564000664232,10.0,0.021912406393260687,0.016527128263927823
4,adsorption,4012.0,100.04889430623584,13.08407690986061,0.1307768266764854,10.08305160699854,0.9999999997804395,0.2522319000138861,1.0,302.56340284858453,10.0,0.02191214823964156,0.016521595290091645
4,adsorption,4014.0,100.04889467186584,13.084730090983841,0.13078335481764516,10.116089317043295,0.999999999803224,0.2530728513419249,1.0,302.56279452520494,10.0,0.02191188555056284,0.0165161250440344
4,adsorption,4016.0,100.04889503343293,13.08537595315808,0.13078980981034713,10.149116147807655,0.9999999998236438,0.2539135987264872,1.0,302.56217601123427,10.0,0.021911618463080696,0.01651071571224791
4,adsorption,4018.0,100.0488953910545,13.08601470795948,0.13079619376916699,10.182132219351136,0.9999999998419443,0.25475414306785477,1.0,302.56154761449204,10.0,0.0219113471102234,0.01650536553439516
4,adsorption,4020.0,100.04889574484464,13.086646560767424,0.130802508746747,10.215137648264129,0.9999999998583455,0.25559448524103656,1.0,302.5609096337494,10.0,0.021911071621109415,0.016500072801503778
4,adsorption,4022.0,100.04889609491394,13.087271710958571,0.1308087567357365,10.248132547769337,0.9999999998730447,0.25643462609660633,1.0,302.56026235899424,10.0,0.02191079212106172,0.01649483585455344
4,adsorption,4024.0,100.04889644136972,13.087890352064575,0.13081493967036698,10.281117027820354,0.9999999998862183,0.257274566461623,1.0,302.55960607168873,10.0,0.021910508731719205,0.016489653083194205
4,adsorption,4026.0,100.0488967843164,13.088502671943681,0.13082105942816777,10.314091195197351,0.999999999898025,0.2581143071401302,1.0,302.5589410450194,10.0,0.021910221571144452,0.016484522924165104
4,adsorption,4028.0,100.04889712385504,13.089108852956864,0.13082711783172649,10.347055153599905,0.9999999999086063,0.258953848913791,1.0,302.55826754413965,10.0,0.021909930753928615,0.016479443859888143
4,adsorption,4030.0,100.04889746008398,13.089709072122263,0.13083311665023195,10.380009003737145,0.9999999999180897,0.2597931925426698,1.0,302.55758582640505,10.0,0.021909636391293005,0.01647441441724429
4,adsorption,4032.0,100.04889779309863,13.090303501267057,0.13083905760099265,10.412952843415363,0.9999999999265887,0.2606323387659582,1.0,302.5568961416025,10.0,0.021909338591188054,0.016469433166354124
4,adsorption,4034.0,100.04889812299143,13.090892307182846,0.13084494235098965,10.445886767623014,0.9999999999342059,0.2614712883022809,1.0,302.556198732172,10.0,0.021909037458389066,0.016464498719054615
4,adsorption,4036.0,100.0488984498523,13.091475651778273,0.13085077251840146,10.47881086861314,0.9999999999410324,0.2623100418504718,1.0,302.55549383342196,10.0,0.02190873309458936,0.016459609727831503
4,adsorption,4038.0,100.0488987737686,13.092053692211984,0.1308565496739334,10.511725235983532,0.9999999999471507,0.26314860009035584,1.0,302.5547816737388,10.0,0.021908425598490617,0.016454764884803547
4,adsorption,4040.0,100.04889909482486,13.092626581031709,0.13086227534220754,10.54462995675455,0.9999999999526342,0.2639869636829483,1.0,302.55406247478953,10.0,0.021908115065890566,0.01644996292025834
4,adsorption,4042.0,100.04889941310333,13.093194466321359,0.13086795100323262,10.577525115444542,0.9999999999575486,0.2648251332711357,1.0,302.55333645171964,10.0,0.02190780158976831,0.016445202601649816
4,adsorption,4044.0,100.04889972868388,13.093757491818542,0.13087357809357875,10.610410794143196,0.9999999999619529,0.2656631094804326,1.0,302.5526038133437,10.0,0.021907485260366805,0.01644048273270374
4,adsorption,4046.0,100.04890004164379,13.09431579704121,0.13087915800764333,10.643287072582714,0.9999999999659003,0.26650089291917334,1.0,302.55186476233166,10.0,0.021907166165273315,0.016435802152086017
4,adsorption,4048.0,100.04890035205844,13.09486951742383,0.13088469209901127,10.676154028206836,0.9999999999694382,0.26733848417906836,1.0,302.5511194953892,10.0,0.02190684438949727,0.016431159732427876
4,adsorption,4050.0,100.04890066000065,13.09541878442598,0.13089018168154148,10.709011736237928,0.9999999999726088,0.2681758838360044,1.0,302.5503682034323,10.0,0.021906520015545758,0.016426554379599275
4,adsorption,4052.0,100.0489009655413,13.09596372564578,0.13089562803049948,10.74186026974215,0.9999999999754506,0.26901309245009525,1.0,302.5496110717579,10.0,0.021906193123497217,0.016421985031382674
4,adsorption,4054.0,100.04890126874918,13.096504464945586,0.1309010323838144,10.77469969969256,0.9999999999779974,0.2698501105663268,1.0,302.54884828020846,10.0,0.02190586379107257,0.016417450656698092
4,adsorption,4056.0,100.04890156969111,13.097041122552344,0.1309063959430812,10.807530095030536,0.9999999999802801,0.27068693871514166,1.0,302.54808000333213,10.0,0.021905532093704456,0.016412950254811022
4,adsorption,4058.0,100.04890186843177,13.097573815160194,0.13091171987458708,10.840351522725383,0.9999999999823259,0.2715235774126671,1.0,302.54730641053834,10.0,0.021905198104604402,0.016408482854274018
4,adsorption,4060.0,100.0489021650341,13.098102656045395,0.13091700531045933,10.87316404783208,0.9999999999841593,0.2723600271610757,1.0,302.54652766624883,10.0,0.021904861894828133,0.016404047512021087
4,adsorption,4062.0,100.04890245955913,13.098627755159791,0.13092225334959967,10.905967733547422,0.9999999999858026,0.2731962884492926,1.0,302.5457439300436,10.0,0.021904523533338598,0.016399643312791014
4,adsorption,4064.0,100.04890275206607,13.0991492192229,0.13092746505860497,10.938762641264548,0.9999999999872755,0.27403236175315054,1.0,302.54495535680394,10.0,0.021904183087067857,0.016395269368113478
4,adsorption,4066.0,100.04890304261254,13.099667151828076,0.1309326414728276,10.971548830625844,0.9999999999885955,0.27486824753577965,1.0,302.54416209684956,10.0,0.021903840620976296,0.016390924815529322
4,adsorption,4068.0,100.0489033312543,13.100181653526231,0.13093778359721278,11.004326359574272,0.9999999999897784,0.2757039462481423,1.0,302.54336429607343,10.0,0.021903496198110873,0.016386608817968207
4,adsorption,4070.0,100.04890361804564,13.100692821914537,0.13094289240718462,11.037095284403247,0.9999999999908387,0.27653945832917426,1.0,302.5425620960714,10.0,0.021903149879661146,0.016382320562819856
4,adsorption,4072.0,100.04890390303903,13.101200751728873,0.13094796884957094,11.069855659804988,0.9999999999917889,0.27737478420633743,1.0,302.5417556342682,10.0,0.021902801725013833,0.01637805926138937
4,adsorption,4074.0,100.04890418628561,13.101705534921532,0.13095301384337873,11.102607538917542,0.9999999999926406,0.2782099242958221,1.0,302.54094504404077,10.0,0.021902451791805937,0.016373824148081032
4,adsorption,4076.0,100.0489044678349,13.102207260745041,0.1309580282806327,11.13535097337035,0.999999999993404,0.27904487900294794,1.0,302.54013045483646,10.0,0.02190210013597599,0.016369614479781837
4,adsorption,4078.0,100.0489047477351,13.102706015833116,0.1309630130271839,11.168086013328534,0.9999999999940882,0.2798796487224421,1.0,302.5393119922889,10.0,0.021901746811814057,0.01636542953516766
4,adsorption,4080.0,100.04890502603271,13.103201884273934,0.13096796892344278,11.200812707535844,0.9999999999947013,0.2807142338387845,1.0,302.53848977832996,10.0,0.02190139187201011,0.01636126861409474
4,adsorption,4082.0,100.04890530277333,13.103694947688007,0.1309728967851563,11.233531103356404,0.9999999999952508,0.28154863472648933,1.0,302.53766393129877,10.0,0.02190103536770121,0.016357131036961483
4,adsorption,4084.0,100.0489055780007,13.104185285297188,0.13097779740409882,11.266241246815182,0.9999999999957434,0.28238285175043837,1.0,302.5368345660469,10.0,0.02190067734851694,0.01635301614414173
4,adsorption,4086.0,100.04890585175772,13.104672973998207,0.13098267154880613,11.298943182637315,0.9999999999961847,0.2832168852660651,1.0,302.53600179404134,10.0,0.021900317862623912,0.016348923295314663
4,adsorption,4088.0,100.0489061240857,13.105158088429258,0.1309875199652416,11.331636954286239,0.9999999999965804,0.2840507356197685,1.0,302.5351657234637,10.0,0.021899956956768624,0.01634485186901571
4,adsorption,4090.0,100.0489063950249,13.10564070103513,0.13099234337744675,11.364322604000742,0.999999999996935,0.2848844031490404,1.0,302.534326459307,10.0,0.021899594676319373,0.016340801261965562
4,adsorption,4092.0,100.04890666461444,13.106120882134789,0.13099714248821667,11.397000172830902,0.9999999999972529,0.28571788818285493,1.0,302.5334841034693,10.0,0.021899231065306602,0.016336770888646646
4,adsorption,4094.0,100.04890693289217,13.106598699979076,0.131001917979677,11.429669700672994,0.9999999999975379,0.28655119104182,1.0,302.53263875484464,10.0,0.021898866166462378,0.016332760180697573
4,adsorption,4096.0,100.04890719989493,13.107074220817047,0.13100667051394652,11.462331226303368,0.9999999999977932,0.2873843120384782,1.0,302.53179050941156,10.0,0.021898500021258493,0.016328768586457286
4,adsorption,4098.0,100.04890746565839,13.107547508948779,0.1310114007336654,11.494984787411338,0.999999999998022,0.2882172514775649,1.0,302.5309394603188,10.0,0.02189813266994362,0.016324795570493076
4,adsorption,4100.0,100.04890773021715,13.108018626786006,0.1310161092626009,11.527630420631086,0.9999999999982273,0.2890500096560898,1.0,302.5300856979684,10.0,0.02189776415157916,0.01632084061299902
4,adsorption,4102.0,100.04890799360504,13.108487634910023,0.13102079670622588,11.560268161572619,0.9999999999984112,0.2898825868637972,1.0,302.5292293100965,10.0,0.02189739450407425,0.016316903209536892
4,adsorption,4104.0,100.04890825585453,13.10895459211665,0.13102546365216888,11.592898044851921,0.9999999999985758,0.2907149833832618,1.0,302.5283703818521,10.0,0.0218970237642197,0.01631298287048386
4,adsorption,4106.0,100.04890851699747,13.109419555477967,0.13103011067083042,11.625520104120085,0.9999999999987236,0.29154719948993824,1.0,302.5275089958726,10.0,0.02189665196772079,0.01630907912046097
4,adsorption,4108.0,100.04890877706447,13.10988258039087,0.1310347383158688,11.658134372091654,0.9999999999988558,0.292379235452727,1.0,302.52664523235796,10.0,0.021896279149229186,0.016305191498220222
4,adsorption,4110.0,100.0489090360855,13.110343720618385,0.1310393471246125,11.690740880572159,0.9999999999989745,0.29321109153387626,1.0,302.5257791691426,10.0,0.021895905342374098,0.01630131955598065
4,adsorption,4112.0,100.0489092940896,13.110803028348847,0.131043937618652,11.72333966048479,0.9999999999990808,0.29404276798922013,1.0,302.52491088176475,10.0,0.021895530579792283,0.016297462859070688
4,adsorption,4114.0,100.04890955110479,13.111260554237383,0.13104851030425452,11.755930741896297,0.999999999999176,0.2948742650685134,1.0,302.5240404435339,10.0,0.021895154893157118,0.016293620985668094
4,adsorption,4116.0,100.04890980715838,13.111716347446208,0.1310530656727664,11.788514154042197,0.9999999999992614,0.29570558301549615,1.0,302.5231679255969,10.0,0.021894778313207262,0.016289793526325154
4,adsorption,4118.0,100.048910062277,13.112170455695818,0.13105760420112464,11.821089925351147,0.9999999999993379,0.29653672206799586,1.0,302.52229339700085,10.0,0.021894400869773803,0.016285980083541964
4,adsorption,4120.0,100.04891031648623,13.112622925306113,0.13106212635226863,11.853658083468655,0.9999999999994067,0.29736768245833983,1.0,302.52141692475533,10.0,0.021894022591807123,0.016282180271619845
4,adsorption,4122.0,100.04891056981111,13.113073801230668,0.1310666325754818,11.886218655280118,0.9999999999994681,0.29819846441326603,1.0,302.5205385738926,10.0,0.021893643507403023,0.016278393716099893
4,adsorption,4124.0,100.048910822276,13.113523127105953,0.13107112330688375,11.91877166693311,0.9999999999995233,0.2990290681542221,1.0,302.51965840752536,10.0,0.021893263643827536,0.016274620053549047
4,adsorption,4126.0,100.04891107390416,13.113970945285162,0.1310755989697692,11.951317143859065,0.9999999999995728,0.29985949389749966,1.0,302.51877648690316,10.0,0.021892883027541537,0.016270858931218126
4,adsorption,4128.0,100.04891132471859,13.114417296876036,0.13108005997498468,11.983855110794329,0.9999999999996171,0.30068974185435476,1.0,302.5178928714677,10.0,0.02189250168422442,0.01626711000670145
4,adsorption,4130.0,100.04891157474147,13.114862221778093,0.13108450672130148,12.016385591800573,0.9999999999996567,0.3015198122312397,1.0,302.5170076189058,10.0,0.021892119638797093,0.0162633729477048
4,adsorption,4132.0,100.04891182399435,13.115305758718254,0.1310889395957714,12.048908610284645,0.9999999999996924,0.3023497052298184,1.0,302.51612078520094,10.0,0.02189173691544438,0.016259647431640774
4,adsorption,4134.0,100.04891207249788,13.115747945286069,0.1310933589740794,12.081424189017753,0.9999999999997242,0.30317942104716694,1.0,302.5152324246837,10.0,0.02189135353763657,0.016255933145395488
4,adsorption,4136.0,100.04891232027269,13.116188817966282,0.13109776522086763,12.11393235015417,0.9999999999997529,0.3040089598759628,1.0,302.51434259008,10.0,0.021890969528150492,0.016252229785096807
4,adsorption,4138.0,100.04891256733806,13.116628412168147,0.13110215869003058,12.146433115249383,0.9999999999997784,0.3048383219046212,1.0,302.5134513325587,10.0,0.021890584909089985,0.016248537055848007
4,adsorption,4140.0,100.04891281371337,13.117066762263795,0.13110653972509617,12.178926505277666,0.9999999999998013,0.30566750731711645,1.0,302.51255870177755,10.0,0.02189019970190579,0.01624485467120585
4,adsorption,4142.0,100.0489130594171,13.117503901616505,0.13111090865951014,12.211412540649123,0.9999999999998219,0.3064965162937097,1.0,302.5116647459271,10.0,0.02188981392741453,0.01624118235344211
4,adsorption,4144.0,100.04891330446713,13.117939862600524,0.13111526581683336,12.243891241226361,0.9999999999998405,0.3073253490104668,1.0,302.5107695117744,10.0,0.021889427605817652,0.016237519832781436
4,adsorption,4146.0,100.048913548881,13.118374676648376,0.13111961151121465,12.276362626340473,0.9999999999998568,0.3081540056396209,1.0,302.5098730447049,10.0,0.021889040756719373,0.016233866847374046
4,adsorption,4148.0,100.04891379267568,13.118808374265045,0.13112394604753258,12.308826714806699,0.9999999999998717,0.3089824863498607,1.0,302.50897538876274,10.0,0.02188865339914436,0.016230223143212024
4,adsorption,4150.0,100.04891403586751,13.119240985053828,0.13112826972165417,12.341283524939604,0.9999999999998851,0.3098107913061197,1.0,302.50807658669066,10.0,0.02188826555155473,0.016226588473629743
4,adsorption,4152.0,100.04891427847261,13.119672537756356,0.13113258282083423,12.373733074567753,0.9999999999998969,0.31063892066980725,1.0,302.5071766799683,10.0,0.021887877231866783,0.016222962599191846
4,adsorption,4154.0,100.0489145205064,13.120103060265055,0.13113688562384065,12.406175381048008,0.9999999999999076,0.31146687459908284,1.0,302.5062757088491,10.0,0.021887488457466815,0.01621934528762652
4,adsorption,4156.0,100.04891476198391,13.120532579650051,0.1311411784012227,12.438610461279419,0.9999999999999171,0.3122946532486743,1.0,302.5053737123967,10.0,0.02188709924522698,0.016215736313377544
4,adsorption,4158.0,100.0489150029197,13.120961122190973,0.1311454614156292,12.47103833171662,0.9999999999999256,0.3131222567701053,1.0,302.5044707285197,10.0,0.021886709611520287,0.016212135457516492
4,adsorption,4160.0,100.04891524332801,13.121388713393017,0.13114973492196905,12.503459008382912,0.9999999999999334,0.31394968531187495,1.0,302.50356679400613,10.0,0.021886319572235382,0.01620854250762038
4,adsorption,4162.0,100.04891548322263,13.121815378008991,0.13115399916763124,12.535872506882965,0.9999999999999404,0.3147769390194121,1.0,302.50266194455594,10.0,0.02188592914279079,0.016204957257464892
4,adsorption,4164.0,100.04891572261678,13.122241140067707,0.13115825439276932,12.568278842415086,0.9999999999999465,0.3156040180351967,1.0,302.50175621481344,10.0,0.021885538338148755,0.016201379506870044
4,adsorption,4166.0,100.04891596152352,13.122666022891323,0.1311625008304737,12.600678029783165,0.9999999999999521,0.3164309224988811,1.0,302.5008496383982,10.0,0.02188514717282871,0.01619780906155165
4,adsorption,4168.0,100.04891619995541,13.12309004911436,0.1311667387069627,12.633070083408274,0.9999999999999569,0.3172576525474138,1.0,302.4999422479353,10.0,0.021884755660920314,0.016194245732982903
4,adsorption,4170.0,100.04891643792456,13.123513240706643,0.13117096824181138,12.665455017339921,0.9999999999999615,0.3180842083149529,1.0,302.49903407508464,10.0,0.021884363816096177,0.016190689338083458
4,adsorption,4172.0,100.04891667544305,13.12393561899584,0.13117518964817637,12.69783284526693,0.9999999999999655,0.31891058993310606,1.0,302.4981251505693,10.0,0.021883971651623976,0.016187139699194806
4,adsorption,4174.0,100.04891691252216,13.124357204677349,0.1311794031328959,12.730203580528089,0.999999999999969,0.3197367975310615,1.0,302.4972155042032,10.0,0.021883579180378594,0.016183596643967957
4,adsorption,4176.0,100.04891714917309,13.124778017840718,0.13118360889675248,12.762567236122424,0.9999999999999721,0.3205628312353298,1.0,302.49630516491806,10.0,0.021883186414853623,0.016180060004926857
4,adsorption,4178.0,100.0489173854068,13.125198077988713,0.13118780713466435,12.794923824719138,0.9999999999999749,0.32138869117025815,1.0,302.495394160789,10.0,0.021882793367172523,0.01617652961969749
4,adsorption,4180.0,100.04891762123361,13.125617404043059,0.1311919980357426,12.827273358667366,0.9999999999999776,0.32221437745778825,1.0,302.49448251906,10.0,0.021882400049099658,0.01617300533059614
4,adsorption,4182.0,100.04891785666396,13.126036014376579,0.13119618178361228,12.859615850005525,0.9999999999999799,0.32303989021756835,1.0,302.4935702661686,10.0,0.021882006472050783,0.016169486984527883
4,adsorption,4184.0,100.0489180917075,13.126453926819948,0.13120035855648024,12.89195131047047,0.9999999999999821,0.3238652295672193,1.0,302.4926574277692,10.0,0.021881612647103355,0.016165974433020872
4,adsorption,4186.0,100.04891832637405,13.12687115867707,0.13120452852728817,12.92427975150636,0.9999999999999838,0.3246903956220857,1.0,302.4917440287566,10.0,0.021881218585006572,0.016162467531827124
4,adsorption,4188.0,100.04891856067286,13.12728772674806,0.13120869186394307,12.956601184273225,0.9999999999999856,0.3255153884955905,1.0,302.4908300932881,10.0,0.021880824296190916,0.01615896614104471
4,adsorption,4190.0,100.04891879461297,13.127703647335967,0.1312128487293839,12.988915619655353,0.9999999999999869,0.3263402082990917,1.0,302.48991564480525,10.0,0.02188042979077767,0.016155470124818747
4,adsorption,4192.0,100.0489190282033,13.128118936266276,0.13121699928177655,13.021223068269373,0.9999999999999883,0.3271648551420524,1.0,302.48900070605515,10.0,0.021880035078587948,0.016151979351316275
4,adsorption,4194.0,100.04891926145214,13.128533608898866,0.131221143674634,13.053523540472113,0.9999999999999895,0.32798932913203394,1.0,302.48808529911065,10.0,0.021879640169151587,0.016148493692555013
4,adsorption,4196.0,100.04891949436808,13.12894768014348,0.13122528205696943,13.085817046368225,0.9999999999999907,0.32881363037477185,1.0,302.4871694453906,10.0,0.02187924507171584,0.01614501302430738
4,adsorption,4198.0,100.04891972695894,13.129361164470323,0.1312294145734041,13.118103595817605,0.9999999999999916,0.32963775897431463,1.0,302.4862531656785,10.0,0.021878849795253445,0.01614153722606253
4,adsorption,4200.0,100.04891995923258,13.12977407592371,0.1312335413643022,13.150383198441933,0.9999999999999926,0.33046171503282046,1.0,302.48533648014023,10.0,0.021878454348470237,0.01613806618071544
4,evacuation,4200.0,100.04891995923258,13.12977407592371,0.1312335413643022,13.150383198441933,0.9999999999999926,0.33046171503282046,1.0,302.48533648014023,10.0,0.021878454348470237,0.01613806618071544
4,evacuation,4202.0,5.005244877009478,2.7902064557741517,0.557456532964125,13.099715128628842,0.9480759190713458,0.2705592963623576,1.0,302.31152323552226,10.0,0.021803559293852203,-0.04588837133741658
4,evacuation,4204.0,5.007774375119342,3.4856543527131785,0.6960486019560557,12.970670129364805,0.8802205771535956,0.22151521645973576,1.0,302.04132428935554,10.0,0.021687471027146403,-0.08175910693479867
4,evacuation,4206.0,5.009538210486622,3.8237426872083184,0.7632924486340794,12.778277960739086,0.8123061553918769,0.1813613199994418,1.0,301.6735409469659,10.0,0.021530118339004995,-0.10930676184352417
4,evacuation,4208.0,5.010750343444053,4.030200182187553,0.8043107131570766,12.538316703883966,0.7478794107393112,0.1484860901784088,1.0,301.2353877921915,10.0,0.02134365272430369,-0.129548171795648
4,evacuation,4210.0,5.011542849034662,4.171018128766664,0.832282244093772,12.264073107251301,0.6880572891121708,0.12157012857653675,1.0,300.74903078265424,10.0,0.021137936100437918,-0.14380311856478434
4,evacuation,4212.0,5.0120139313010155,4.273859908419895,0.8527230704066476,11.96628970929782,0.6331067457788309,0.09953320315758606,1.0,300.2320821797574,10.0,0.020920733619794008,-0.1532736020161735
4,evacuation,4214.0,5.012239846717411,4.352592665483157,0.8683927343049503,11.65348404012881,0.5829307528246015,0.08149089486567455,1.0,299.6983163523045,10.0,0.020698032960244722,-0.15898003201576338
4,evacuation,4216.0,5.012280418139542,4.415001458304473,0.8808368826146469,11.332314735585573,0.537268138012306,0.06671910285639009,1.0,299.1583581485361,10.0,0.02047436505612307,-0.16176337657304823
4,evacuation,4218.0,5.012182587473334,4.465818342717278,0.8909927491225972,11.007921950517824,0.49578823747844625,0.05462498412589195,1.0,298.6202886589293,10.0,0.0202530922634183,-0.1623050112966481
4,evacuation,4220.0,5.011983072540547,4.50809460939528,0.8994632551921513,10.684222786319353,0.45813912985136285,0.04472315744636943,1.0,298.09015779781834,10.0,0.020036654232349748,-0.1611506499929364
4,evacuation,4222.0,5.011710464726822,4.543890141667036,0.9066545590866877,10.364159041430447,0.4239728318222424,0.036616229772508994,1.0,297.57240797140156,10.0,0.01982677119261862,-0.15873352652458955
4,evacuation,4224.0,5.0113869133488,4.574647139766512,0.9128505180035198,10.049901107237122,0.3929583681930048,0.029978837011618277,1.0,297.07021942825264,10.0,0.019624608739092705,-0.1553951044822781
4,evacuation,4226.0,5.011029477122114,4.60140588296029,0.9182556007638822,9.74301313894519,0.3647879821795573,0.024544599882079784,1.0,296.58578796513797,10.0,0.019430909102107954,-0.15140276725712165
4,evacuation,4228.0,5.010683065168651,4.625792155038799,0.9231859398960216,9.444204635374572,0.33917314320917885,0.020095421961803885,1.0,296.1199419797724,10.0,0.01924585519318381,-0.14743254997024116
4,evacuation,4230.0,5.010330244286868,4.647685950936493,0.9276206805401925,9.153483170770254,0.31584530701049346,0.01645273956161263,1.0,295.6724036728953,10.0,0.019069192382057145,-0.14324446138670457
4,evacuation,4232.0,5.009970616302872,4.667267473787075,0.9315957779471575,8.871365666550254,0.29457728970579816,0.013470362114080215,1.0,295.2437146608691,10.0,0.018900995522285836,-0.13884712031167068
4,evacuation,4234.0,5.009609988325722,4.684903794156119,0.9351833386378798,8.598168670347734,0.2751649108264667,0.011028600199008217,1.0,294.83410284209776,10.0,0.018741218716546867,-0.13433805396598933
4,evacuation,4236.0,5.009252655798002,4.700884946840608,0.9384403762105169,8.334038112696422,0.25742465140219517,0.009029454909582518,1.0,294.44353225486424,10.0,0.01858971845365947,-0.1297913576856276
4,evacuation,4238.0,5.008901741744577,4.715443193883807,0.9414125964150857,8.078990841748055,0.24119192044997614,0.007392694467545022,1.0,294.07177090197865,10.0,0.018446282548587645,-0.125262723718944
4,evacuation,4240.0,5.008559463878324,4.7287667850080055,0.9441370955285286,7.83294734889872,0.22631929820040075,0.006052627879823007,1.0,293.71844389028684,10.0,0.018310652261786506,-0.12079344781806055
4,evacuation,4242.0,5.00822734336902,4.741010022074899,0.9466443308233757,7.595757207285631,0.21267483882032967,0.0049554739033851,1.0,293.3830744701488,10.0,0.01818253893097461,-0.11641359141110796
4,evacuation,4244.0,5.007906368586504,4.752300691235517,0.9489595734148815,7.367218969707951,0.20014047805040744,0.004057199907572894,1.0,293.06511591300847,10.0,0.018061636501793456,-0.11214448743030689
4,evacuation,4246.0,5.007597122826904,4.762745653265074,0.9511039998713784,7.147095566749438,0.1886105645822987,0.003321755163864014,1.0,292.7639759736712,10.0,0.017947630817032517,-0.10800071405055765
4,evacuation,4248.0,5.007299883941786,4.772435092687879,0.9530955211995374,6.935126202750327,0.17799052336967064,0.002719623760598594,1.0,292.4790356062051,10.0,0.017840206443633544,-0.10399164940189917
4,evacuation,4250.0,5.007014701810637,4.7814457725150294,0.9549494174215152,6.731035483577889,0.1681956491882359,0.0022266401505081452,1.0,292.2096631565298,10.0,0.01773905160640821,-0.10012269330433299
4,evacuation,4252.0,5.006741458479137,4.789843562909174,0.9566788304591529,6.534540376246861,0.15915002431411282,0.0018230192371622002,1.0,291.9552250287627,10.0,0.017643861681499458,-0.09639622599790869
4,evacuation,4254.0,5.00647991468275,4.797685419086564,0.958295149655181,6.345355466622909,0.15078555189433046,0.0014925623465088247,1.0,291.7150935976415,10.0,0.017554341594908325,-0.09281235878529889
4,evacuation,4256.0,5.0062297457114875,4.805020936869708,0.9598083150270637,6.163196887229832,0.14304109507875745,0.0012220070448131417,1.0,291.48865298115317,10.0,0.01747020739493618,-0.0893695204968667
4,evacuation,4258.0,5.005990568925449,4.811893591424006,0.9612270588949381,5.98778520484876,0.1358617122590552,0.001000495049468827,1.0,291.27530315028656,10.0,0.017391187203422177,-0.08606491415662926
4,evacuation,4260.0,5.005761964772062,4.818341731489979,0.9625590999729813,5.818847503047973,0.12919797833915447,0.000819136359140426,1.0,291.07446276138126,10.0,0.017317021707282342,-0.08289487173197917
4,evacuation,4262.0,5.0055434927020235,4.824399370758811,0.9638112979724744,5.656118839058866,0.12300538291584556,0.0006706523568265392,1.0,290.8855710042276,10.0,0.01724746431078741,-0.07985512845246956
4,evacuation,4264.0,5.005334703123687,4.830096845526998,0.9649897823042025,5.499343215365938,0.11724379733643965,0.00054908392034773,1.0,290.708088694596,10.0,0.017182281040313836,-0.0769410335681157
4,evacuation,4266.0,5.005135146277891,4.835461335274428,0.9661000540355754,5.348274184166296,0.11187700229238198,0.0004495521094843112,1.0,290.5414988024453,10.0,0.017121250276008665,-0.07414771170285361
4,evacuation,4268.0,5.004944378725983,4.84051730220985,0.967147072160273,5.202675168951168,0.1068722691459297,0.00036806230434697937,1.0,290.38530655168495,10.0,0.01706416236197631,-0.07147018511572165
4,evacuation,4270.0,5.0047619679915325,4.8452868573415895,0.9681353255819394,5.0623195719306775,0.10219998947752335,0.0003013440847454966,1.0,290.2390392020948,10.0,0.01701081913567784,-0.0689034652302317
4,evacuation,4272.0,5.004587495747515,4.849790036891505,0.9690688874982114,4.926990725168873,0.09783334590378018,0.00024671983859871316,1.0,290.10224560515184,10.0,0.01696103340919417,-0.06644262057360273
4,evacuation,4274.0,5.0044205600223455,4.854045106645367,0.9699514755857555,4.79648172458466,0.09374802066884717,0.000201997248239097,1.0,289.9744955961564,10.0,0.01691462842355029,-0.06408282606068369
4,evacuation,4276.0,5.004260776363906,4.858068679325531,0.9707864750516463,4.670595179535851,0.08992193644331946,0.0001653814674985263,1.0,289.8553792738309,10.0,0.01687143729279075,-0.06181939769948576
4,evacuation,4278.0,5.004107778709988,4.861876037415131,0.9715770028175685,4.549142905647536,0.08633502726194478,0.00013540303534296578,1.0,289.74450621091876,10.0,0.016831302451471488,-0.059647816320260526
4,evacuation,4280.0,5.003961219388157,4.865481130217838,0.9723259067968456,4.431945579173746,0.0829690322832108,0.0001108587499186746,1.0,289.6415046224739,10.0,0.01679407511302132,-0.05756374280369562
4,evacuation,4282.0,5.003820769140527,4.868896820808043,0.973035815118602,4.3188323668402155,0.07980731580122033,9.076355329300456e-05,1.0,289.54602051537074,10.0,0.01675961474528999,-0.055563026547182884
4,evacuation,4284.0,5.0036861166624185,4.872134948300183,0.9737091485566678,4.209640544583941,0.0768347045629993,7.43110131648205e-05,1.0,289.45771683694704,10.0,0.01672778856762727,-0.05364170911014198
4,evacuation,4286.0,5.003556968069646,4.875206440873731,0.974348143127981,4.1042151129077284,0.07403734304259807,6.084082393483955e-05,1.0,289.3762726346621,10.0,0.01669847107175995,-0.0517960242626099
4,evacuation,4288.0,5.003433046232756,4.878121408978566,0.9749548687678473,4.0024084146890875,0.07140256495221396,4.9812345354169805e-05,1.0,289.3013822354323,10.0,0.016671543567701,-0.050022395194775734
4,evacuation,4290.0,5.003314090005171,4.880889205565936,0.9755312414457854,3.9040797607577447,0.06891877824577325,4.0782966423488555e-05,1.0,289.2327544516414,10.0,0.0166468937554616,-0.04831742975606623
4,evacuation,4292.0,5.00319985345113,4.883518510357833,0.9760790400945623,3.809095066712871,0.06657536233452582,3.339035112823417e-05,1.0,289.1701118183396,10.0,0.016624415322582874,-0.04667791436212144
4,evacuation,4294.0,5.003090105021481,4.886017377555159,0.9765999162499955,3.7173265024387563,0.06436257580524006,2.7337797516802505e-05,1.0,289.11318986257754,10.0,0.01660400756636229,-0.04510080704389404
4,evacuation,4296.0,5.002984626761767,4.8883932973032564,0.9770954064408787,3.6286521564308356,0.06227147411512416,2.2382379341243774e-05,1.0,289.0617364081428,10.0,0.016585575040617,-0.04358322983550941
4,evacuation,4298.0,5.002883213498292,4.890653239213216,0.9775669410026868,3.5429557154662845,0.0602938356074599,1.832519981244125e-05,1.0,289.0155109150957,10.0,0.016569027225563013,-0.04212246088431229
4,evacuation,4300.0,5.002785672073931,4.892803695771417,0.9780158528644461,3.460126160848311,0.05842209537622261,1.5003453607608029e-05,1.0,288.9742838557937,10.0,0.016554278220327373,-0.04071592644132263
4,evacuation,4302.0,5.002691820604376,4.894850722003806,0.9784433855876533,3.3800574803298513,0.056649285621957604,1.2283867416450778e-05,1.0,288.93783612464944,10.0,0.016541246456127763,-0.0393611929332301
4,evacuation,4304.0,5.002601487764817,4.8967999692778905,0.9788507002315309,3.3026483943894145,0.05496898155520464,1.005726169795048e-05,1.0,288.9059584784527,10.0,0.016529854428107477,-0.03805595920057174
4,evacuation,4306.0,5.002514512115847,4.898656717662195,0.9792388819258567,3.227802099679315,0.05337525340742962,8.234249422105998e-06,1.0,288.87845101279146,10.0,0.01652002844701541,-0.036798048889669914
4,evacuation,4308.0,5.002430741465074,4.900425904016152,0.9796089455865117,3.1554260271293892,0.051862623031147345,6.7416754088092366e-06,1.0,288.8551226687528,10.0,0.01651169840793964,-0.035585403156650534
4,evacuation,4310.0,5.002350032265759,4.902112147352146,0.9799618410812784,3.085431613801803,0.050426024528271364,5.519651880370916e-06,1.0,288.835790767829,10.0,0.016504797574719444,-0.03441607371297749
4,evacuation,4312.0,5.002272249056655,4.90371977345386,0.9802984582413761,3.0177340890895703,0.04906076890396141,4.5191657007879545e-06,1.0,288.82028057615247,10.0,0.016499262379868058,-0.033288216195568106
4,evacuation,4314.0,5.002197263927232,4.905252836563376,0.9806196312842441,2.9522522714240034,0.04776251149189881,3.7000468106707717e-06,1.0,288.80842489010695,10.0,0.016495032236657717,-0.03220008388796184
4,evacuation,4316.0,5.002124956028976,4.906715138998011,0.9809261428153709,2.888908379687427,0.04652722313869744,3.0293982403309876e-06,1.0,288.80006365176337,10.0,0.016492049365925524,-0.031150021767087626
4,evacuation,4318.0,5.002055211112064,4.908110249325695,0.9812187275386984,2.8276278560403623,0.04535116405111188,2.4803001922152667e-06,1.0,288.7950435872931,10.0,0.016490258634746038,-0.030136460903297174
4,evacuation,4320.0,5.00198792109673,4.909441518807104,0.9814980756152377,2.7683391991959083,0.044230859953167695,2.0307271322469292e-06,1.0,288.79321786634574,10.0,0.01648960740588589,-0.029157913205345967
4,evacuation,4322.0,5.001922983673053,4.910712096597965,0.9817648357696006,2.710973807426463,0.04316308032435119,1.6626456891600261e-06,1.0,288.7944457809437,10.0,0.016490045397195667,-0.028212966490862242
4,evacuation,4324.0,5.001860301929111,4.9119249442751425,0.9820196182569749,2.6554658311991783,0.042144818653882324,1.3612838873839434e-06,1.0,288.79859244369135,10.0,0.01649152455057172,-0.027300279861634552
4,evacuation,4326.0,5.0017997840046515,4.913082848847533,0.9822629975232458,2.601752035033552,0.041173274551192796,1.1145446334522678e-06,1.0,288.80552850445406,10.0,0.01649399890992207,-0.026418579371188067
4,evacuation,4328.0,5.001741342768851,4.914188434289091,0.9824955145658746,2.5497716678203903,0.04024583747657165,9.125263693997722e-07,1.0,288.8151298839462,10.0,0.01649742450734162,-0.02556665397442309
4,evacuation,4330.0,5.00168489552144,4.9152441727412794,0.9827176792249427,2.49946634087467,0.0393600718866303,7.471248131610817e-07,1.0,288.8272775227597,10.0,0.016501759256759986,-0.024743351744650345
4,evacuation,4332.0,5.0016303637150425,4.916252395047583,0.9829299723372515,2.450779913221358,0.03851370365930492,6.117041378185972e-07,1.0,288.841857144837,10.0,0.016506962854514452,-0.023947576339898895
4,evacuation,4334.0,5.001577672696375,4.917215299829428,0.9831328475957732,2.403658383727863,0.03770460770464244,5.008297343415861e-07,1.0,288.85875903462966,10.0,0.016512996686404855,-0.023178283701552595
4,evacuation,4336.0,5.001526751465944,4.91813496208414,0.9833267333105112,2.3580497896654395,0.036930796660598196,4.100516743997133e-07,1.0,288.8778778271092,10.0,0.016519823740777987,-0.022434478971199642
4,evacuation,4338.0,5.00147753245526,4.919013341775354,0.9835120341649474,2.31390411124251,0.036190410553669866,3.357272820595554e-07,1.0,288.8991123097158,10.0,0.0165274085271754,-0.021715213612664448
4,evacuation,4340.0,5.001429951319094,4.9198522911750615,0.98368913272043,2.2711731816821783,0.03548170732236459,2.74874607971866e-07,1.0,288.92236523539503,10.0,0.016535717000115423,-0.02101958272573242
4,evacuation,4342.0,5.001383946741833,4.9206535612743805,0.9838583907320204,2.229810602477763,0.03480305413483366,2.2505202840161105e-07,1.0,288.9475431460048,10.0,0.016544716487639555,-0.020346722538029587
4,evacuation,4344.0,5.001339460258342,4.921418808734416,0.9840201505698641,2.1897716634997315,0.034152919430725376,1.8426015955003445e-07,1.0,288.9745562054499,10.0,0.016554375624291347,-0.019695808062548663
4,evacuation,4346.0,5.001296436087055,4.922149602280438,0.9841747365272072,2.151013267639715,0.03352986561094473,1.5086197904181293e-07,1.0,289.0033180419203,10.0,0.01656466428821288,-0.019066050909587375
4,evacuation,4348.0,5.001254820973377,4.922847427392764,0.9843224557861356,2.113493859687215,0.03293254232305514,1.2351733768241923e-07,1.0,289.0337455986349,10.0,0.016575553542061118,-0.0184566972426402
4,evacuation,4350.0,5.0012145640445755,4.923513691430551,0.9844635994678889,2.0771733591557626,0.032359680296873444,1.0112907830691505e-07,1.0,289.06575899253653,10.0,0.016587015577471154,-0.017867025868199275
4,evacuation,4352.0,5.001175616675723,4.9241497296387,0.9845984438578419,2.0420130968010546,0.0318100856647185,8.27988615454905e-08,1.0,289.09928138042574,10.0,0.016599023662814603,-0.01729634644993321
4,evacuation,4354.0,5.001137932362938,4.924756809052466,0.9847272512089297,2.0079757545942503,0.0312826347211031,6.77911140571874e-08,1.0,289.1342388320677,10.0,0.016611552094025334,-0.0167439978384476
4,evacuation,4356.0,5.001101466604497,4.9253361313340065,0.9848502703301616,1.9750253089284577,0.03077626910890196,5.550358951149256e-08,1.0,289.17056020984364,10.0,0.01662457614828302,-0.01620934650856196
4,evacuation,4358.0,5.001066176792474,4.925888838165374,0.9849677376844239,1.9431269768498263,0.030289991385434093,4.544323573530237e-08,1.0,289.2081770545333,10.0,0.01663807204035627,-0.015691785096605463
4,evacuation,4360.0,5.001032022111114,4.926416015987821,0.9850798783544291,1.912247165119336,0.029822860904432463,3.720638256611821e-08,1.0,289.24702347683507,10.0,0.01665201688141879,-0.015190731030702507
4,evacuation,4362.0,5.000998963438334,4.926918696651407,0.9851869061904396,1.88235342192607,0.029373990016610067,3.046251500536977e-08,1.0,289.2870360542837,10.0,0.016666388640175004,-0.014705625247503748
4,evacuation,4364.0,5.000966963255967,4.92739786031758,0.9852890244068945,1.853414391085768,0.02894254059199803,2.4941013652082212e-08,1.0,289.3281537332455,10.0,0.016681166106143258,-0.014235930989312333
4,evacuation,4366.0,5.000935985569726,4.927854442553554,0.9853864270154525,1.825399768569686,0.02852772077833968,2.042031208877588e-08,1.0,289.37031773566656,10.0,0.016696328854946034,-0.013781132676010235
4,evacuation,4368.0,5.000905995828953,4.92828933544153,0.9854792990614123,1.79828026121921,0.028128781960768436,1.6719011197629654e-08,1.0,289.41347147028586,10.0,0.01671185721547282,-0.01334073484660239
4,evacuation,4370.0,5.000876960848093,4.928703384673215,0.9855678160570783,1.7720275475117326,0.02774501600212239,1.368859347961919e-08,1.0,289.457560448077,10.0,0.01672773223880315,-0.012914261165570208
4,evacuation,4372.0,5.000848848743537,4.929097398037934,0.9856521456905,1.746614240252684,0.02737575270578978,1.1207458110807443e-08,1.0,289.5025322016609,10.0,0.01674393566877171,-0.012501253489558462
4,evacuation,4374.0,5.00082162887051,4.929472149596677,0.98573244867165,1.7220138510773089,0.027020357392653575,9.176042859390614e-09,1.0,289.5483362084284,10.0,0.01676044991405868,-0.012101270990248193
4,evacuation,4376.0,5.0007952717562665,4.929828375176348,0.9858088778437445,1.6982007566537938,0.026678228654114452,7.512832387529371e-09,1.0,289.5949238171823,10.0,0.016777258021716094,-0.01171388932959374
4,evacuation,4378.0,5.0007697490442675,4.93016677538876,0.9858815787971439,1.6751501664865724,0.026348796329694394,6.151087946330416e-09,1.0,289.64224817811987,10.0,0.01679434365204674,-0.01133869988387616
4,evacuation,4380.0,5.000745033446785,4.930488024328649,0.9859506916173026,1.652838092225446,0.026031519589501482,5.036167805122876e-09,1.0,289.6902641759325,10.0,0.016811691054738134,-0.010975309013265449
4,evacuation,4382.0,5.000721098689269,4.930792765608705,0.9860163501022097,1.631241318392615,0.025725885113156256,4.123333677979902e-09,1.0,289.73892836584895,10.0,0.01682928504617353,-0.010623337373834148
4,evacuation,4384.0,5.000697919459685,4.931081610117456,0.9860786813233959,1.610337374445613,0.025431405461715195,3.3759559487998366e-09,1.0,289.7881989124932,10.0,0.016847110987859334,-0.010282419269194829
4,evacuation,4386.0,5.000675471371746,4.931355146182236,0.9861378076649124,1.5901045080995695,0.025147617557418882,2.7640445298397776e-09,1.0,289.838035531381,10.0,0.016865154765892655,-0.009952202039124685
4,evacuation,4388.0,5.000653730920211,4.931613938079343,0.9861938465337083,1.5705216598372822,0.024874081213634353,2.2630455025484018e-09,1.0,289.88839943289406,10.0,0.016883402771399384,-0.009632345482731706
4,evacuation,4390.0,5.00063267543787,4.931858523522546,0.9862469098654,1.5515684385403132,0.024610377782975344,1.852855499231789e-09,1.0,289.93925326862484,10.0,0.01690184188189369,-0.009322521313901216
4,evacuation,4392.0,5.0006122830614865,4.932089418516449,0.9862971051010805,1.5332250981786832,0.024356108923836727,1.5170148520049847e-09,1.0,289.9905610799687,10.0,0.016920459443504794,-0.009022412646916328
4,evacuation,4394.0,5.000592532696945,4.93230711892878,0.9863445355082076,1.5154725155007893,0.024110895433771106,1.2420472348272064e-09,1.0,290.0422882488305,10.0,0.016939243254014587,-0.008731713510292404
4,evacuation,4396.0,5.000573403984294,4.93251209970187,0.9863893000294336,1.498292168668968,0.023874376148700138,1.016919035972964e-09,1.0,290.09440145033943,10.0,0.016958181546659745,-0.008450128387008352
4,evacuation,4398.0,5.0005548772666994,4.932704816299403,0.9864314935776921,1.4816661167896172,0.023646206923068052,8.32596606261213e-10,1.0,290.14686860747355,10.0,0.01697726297465594,-0.008177371779445422
4,evacuation,4400.0,5.000536933561442,4.932885706467134,0.9864712073936979,1.4655769802900498,0.023426059679599685,6.816836922303602e-10,1.0,290.1996588474973,10.0,0.016996476596402573,-0.007913167797460997
4,evacuation,4402.0,5.000519554531453,4.933055190717338,0.9865085291481404,1.4500079220972961,0.023213621516271623,5.581246214587669e-10,1.0,290.25274246011764,10.0,0.017015811861328303,-0.007657249768134075
4,evacuation,4404.0,5.0005027224584975,4.933213672945481,0.9865435430700188,1.4349426295768848,0.023008593870138178,4.569613365148911e-10,1.0,290.30609085727525,10.0,0.01703525859634193,-0.007409359865821461
4,evacuation,4406.0,5.000486420218228,4.933361541532523,0.9865763301717404,1.4203652971922602,0.022810691735541743,3.7413446929526123e-10,1.0,290.3596765344913,10.0,0.017054806992855453,-0.007169248761257465
4,evacuation,4408.0,5.0004706312563645,4.933499170140945,0.9866069684127727,1.4062606098479526,0.02261964293079405,3.063204461994759e-10,1.0,290.4134730336939,10.0,0.017074447594347175,-0.006936675288516549
4,evacuation,4410.0,5.000455339565898,4.933626918280724,0.9866355328171023,1.392613726881879,0.022435187410374542,2.507981078630836e-10,1.0,290.4674549074533,10.0,0.017094171284436063,-0.00671140612873939
4,evacuation,4412.0,5.000440529665652,4.933745132020542,0.9866620956194894,1.3794102666742898,0.022257076620467872,2.0533951393975111e-10,1.0,290.5215976845599,10.0,0.017113969275439487,-0.006493215509597308
4,evacuation,4414.0,5.000426186579923,4.933854144693077,0.9866867264103386,1.3666362918428512,0.02208507289405322,1.6812054969080224e-10,1.0,290.57587783688183,10.0,0.01713383309738921,-0.006281884919539664
4,evacuation,4416.0,5.000412295819081,4.933954277458304,0.9867094922520001,1.3542782949951928,0.021918948882436794,1.3764773466117116e-10,1.0,290.63027274744303,10.0,0.017153754587480745,-0.006077202835932802
4,evacuation,4418.0,5.000398843361114,4.934045839849958,0.9867304577915318,1.3423231850119894,0.021758487021335322,1.1269829223975394e-10,1.0,290.6847606796663,10.0,0.01717372587993438,-0.005878964466259435
4,evacuation,4420.0,5.000385815634112,4.934129130338152,0.9867496853765156,1.3307582738352304,0.02160347902927516,9.227108027255682e-11,1.0,290.7393207477288,10.0,0.01719373939624622,-0.005686971501602285
4,evacuation,4422.0,5.000373199499602,4.934204436836142,0.9867672351595513,1.3195712637378456,0.021453725435808205,7.554641800363711e-11,1.0,290.79393288798076,10.0,0.017213787835809825,-0.005501031881687741
4,evacuation,4424.0,5.000360982236615,4.9342720371618505,0.9867831651935648,1.308750235052253,0.02130903513757106,6.185319640252799e-11,1.0,290.8485778313795,10.0,0.017233864166889584,-0.0053209595708129465
4,evacuation,4426.0,5.0003491515265654,4.934332199492287,0.986797531525549,1.298283634336698,0.021169224980481856,5.064194947739016e-11,1.0,290.90323707689606,10.0,0.017253961617928613,-0.005146574344024444
4,evacuation,4428.0,5.000337695438774,4.934385182795117,0.9868103882856116,1.2881602629594775,0.02103411936630621,4.1462805433700407e-11,1.0,290.9578928658518,10.0,0.0172740736691749,-0.004977701582957794
4,evacuation,4430.0,5.000326602416709,4.934431237225461,0.9868217877689429,1.2783692660822903,0.020903549881960776,3.394743409662126e-11,1.0,291.01252815714565,10.0,0.017294194044610228,-0.0048141720807862165
4,evacuation,4432.0,5.0003158612647995,4.934470604503421,0.9868317805138167,1.268900122025011,0.020777354950121434,2.7794266981264026e-11,1.0,291.0671266033345,10.0,0.017314316704167453,-0.004655821855762003
4,evacuation,4434.0,5.00030546113587,4.934503518276204,0.9868404153764002,1.2597426319951943,0.020655379499758295,2.2756396631939464e-11,1.0,291.12167252753204,10.0,0.017334435836222847,-0.004502491972868036
4,evacuation,4436.0,5.000295391519117,4.934530204457282,0.9868477396008687,1.250886910166546,0.020537474655292456,1.8631669132402938e-11,1.0,291.1761509010916,10.0,0.017354545850350386,-0.004354028373127639
4,evacuation,4438.0,5.000285642228585,4.934550881545587,0.9868537988854374,1.2423233740914685,0.02042349744320441,1.525457217684333e-11,1.0,291.23054732204207,10.0,0.0173746413703265,-0.004210281710150067
4,evacuation,4440.0,5.000276203392185,4.934565760930237,0.9868586374453934,1.234042735433613,0.020313310515004047,1.2489593458286338e-11,1.0,291.2848479942461,10.0,0.017394717227373416,-0.004071107193515801
4,evacuation,4442.0,5.000267065441147,4.934575047178998,0.9868622980728025,1.2260359910071312,0.02020678188552055,1.0225783001967772e-11,1.0,291.339039707253,10.0,0.017414768453631203,-0.003936364438631147
4,evacuation,4444.0,5.000258219099893,4.934578938310114,0.9868648221928022,1.2182944141100414,0.02010378468555116,8.372301161920466e-12,1.0,291.3931098168179,10.0,0.01743479027584777,-0.0038059173227048344
4,evacuation,4446.0,5.000249655376386,4.934577626050475,0.9868662499170817,1.21080954613979,0.02000419692798695,6.854773529991015e-12,1.0,291.4470462260627,10.0,0.01745477810927799,-0.0036796338465213446
4,evacuation,4448.0,5.000241365552816,4.934571296081018,0.9868666200947408,1.2035731884797263,0.019907901286584085,5.6123064937272745e-12,1.0,291.50083736725355,10.0,0.017474727551782816,-0.0035573860017060837
4,evacuation,4450.0,5.000233341176687,4.934560128268927,0.9868659703604342,1.196577394645795,0.019814784886601336,4.59504374400553e-12,1.0,291.55447218417174,10.0,0.017494634378119888,-0.0034390496431964098
4,evacuation,4452.0,5.0002255740522585,4.934544296887751,0.9868643371800366,1.1898144626833056,0.01972473910658346,3.762165704437974e-12,1.0,291.6079401150564,10.0,0.017514494534418057,-0.0033245043666504516
4,evacuation,4454.0,5.0002180562323115,4.934523970826848,0.9868617558941091,1.1832769278041568,0.01963765939061765,3.080251584355084e-12,1.0,291.6612310760967,10.0,0.017534304132827895,-0.0032136333905420336
4,evacuation,4456.0,5.000210780010237,4.93449931379024,0.9868582607591871,1.176957555255384,0.019553445070430883,2.5219383094401728e-12,1.0,291.7143354454551,10.0,0.017554059446341613,-0.0031063234427057495
4,evacuation,4458.0,5.000203737912428,4.934470484485307,0.9868538849869816,1.1708493334103502,0.019471999196739823,2.0648225203854622e-12,1.0,291.7672440478008,10.0,0.017573756903775235,-0.0030024646511103577
4,evacuation,4460.0,5.000196922690969,4.93443763680235,0.9868486607816981,1.1649454670743395,0.01939322837930532,1.6905615922806844e-12,1.0,291.8199481393366,10.0,0.017593393084907153,-0.0029019504386524997
4,evacuation,4462.0,5.0001903273165595,4.934400919985473,0.986842619375572,1.159239370996704,0.019317042635176623,1.3841376045854067e-12,1.0,291.8724393933011,10.0,0.017612964715766687,-0.002804677421775058
4,evacuation,4464.0,5.000183944971755,4.934360478795097,0.9868357910626768,1.1537246635821041,0.019243355244643826,1.1332547219648134e-12,1.0,291.9247098859289,10.0,0.017632468664067102,-0.002710545312726406
4,evacuation,4466.0,5.000177769044403,4.934316453662673,0.9868282052311278,1.1483951607937353,0.019172082614449797,9.278458010357803e-13,1.0,291.97675208285443,10.0,0.017651901934777815,-0.002619456825287848
4,evacuation,4468.0,5.000171793121342,4.934268980838198,0.986819890393805,1.143244870241767,0.019103144147840583,7.596684259190981e-13,1.0,292.02855882594304,10.0,0.017671261665830666,-0.0025313175838066766
4,evacuation,4470.0,5.000166010982313,4.934218192530793,0.9868108742176412,1.1382679854505389,0.019036462121059604,6.219741652444345e-13,1.0,292.0801233205351,10.0,0.017690545123955223,-0.002446036035382022
4,evacuation,4472.0,5.000160416594092,4.93416421704271,0.9868011835515598,1.133458880298351,0.018971961565916688,5.092377792779923e-13,1.0,292.13143912308925,10.0,0.01770974970063856,-0.002363523365059558
4,evacuation,4474.0,5.000155004104813,4.934107178897323,0.9867908444531682,1.1288121036239727,0.018909570158086385,4.1693550993141737e-13,1.0,292.1825001292115,10.0,0.017728872908205427,-0.0022836934138997186
4,evacuation,4476.0,5.000149767838515,4.934047198961332,0.9867798822142566,1.1243223739942454,0.018849218110810844,3.4136355646584855e-13,1.0,292.23330056205776,10.0,0.017747912376014332,-0.002206462599791668
4,evacuation,4478.0,5.00014470228982,4.933984394561445,0.9867683213851638,1.119984574627414,0.018790838073703305,2.794894532458014e-13,1.0,292.2838349610961,10.0,0.017766865846765508,-0.0021317498408928294
4,evacuation,4480.0,5.000139802118853,4.933918879596044,0.9867561857980957,1.1157937484670486,0.01873436503636734,2.2883038629096054e-13,1.0,292.33409817121935,10.0,0.017785731172917423,-0.0020594764815806185
4,evacuation,4482.0,5.000135062146284,4.9338507646419485,0.9867434985894393,1.11174509340164,0.018679736236564014,1.873535658603829e-13,1.0,292.3840853321944,10.0,0.01780450631320769,-0.001989566220809388
4,evacuation,4484.0,5.00013047734855,4.933780157056626,0.9867302822211335,1.1078339576251601,0.01862689107267593,1.5339465707533801e-13,1.0,292.433791868439,10.0,0.01782318932927537,-0.0019219450427716612
4,evacuation,4486.0,5.000126042853238,4.933707161076124,0.9867165585011507,1.104055835134077,0.01857577102023241,1.2559099534787724e-13,1.0,292.4832134791151,10.0,0.0178417783823812,-0.0018565411497684077
4,evacuation,4488.0,5.000121753934603,4.933631877908904,0.9867023486031361,1.100406361356494,0.018526319552274344,1.0282690685212036e-13,1.0,292.5323461285279,10.0,0.017860271730222494,-0.0017932848971982697
4,evacuation,4490.0,5.000117606009238,4.933554405825862,0.9866876730852533,1.0968813089092637,0.01847848206335079,8.418894001545868e-14,1.0,292.581186036823,10.0,0.01787866772384011,-0.0017321087305807337
4,evacuation,4492.0,5.000113594631885,4.933474840246733,0.9866725519082817,1.0934765834790885,0.01843220579695174,6.892921159900127e-14,1.0,292.6297296709702,10.0,0.017896964804614137,-0.00167294712453271
4,evacuation,4494.0,5.000109715491362,4.933393273823039,0.9866570044529979,1.0901882198237798,0.01838743977619333,5.6435396505369886e-14,1.0,292.6779737360263,10.0,0.017915161501345814,-0.0016157365236224607
4,evacuation,4496.0,5.000105964406629,4.93330979651783,0.9866410495368919,1.08701237788999,0.018344134737582864,4.6206157082334357e-14,1.0,292.7259151666677,10.0,0.017933256427423164,-0.0015604152850287212
4,evacuation,4498.0,5.000102337322977,4.933224495682388,0.9866247054302505,1.0839453390438805,0.018302243067700952,3.783102599970228e-14,1.0,292.77355111898555,10.0,0.01795124827806756,-0.0015069236229367723
4,evacuation,4500.0,5.000098830308325,4.9331374561299866,0.9866079898716303,1.0809835024113132,0.01826171874264789,3.097393548016619e-14,1.0,292.82087896253375,10.0,0.017969135827658873,-0.0014552035546067212
4,evacuation,4502.0,5.0000954395496375,4.933048760206949,0.9865909200827719,1.078123381324286,0.018222517270110632,2.5359731959002138e-14,1.0,292.8678962726237,10.0,0.017986917927137015,-0.0014051988480525753
4,evacuation,4504.0,5.000092161349439,4.932958487861119,0.9865735127829719,1.0753615998704478,0.018184595633914655,2.0763135036782547e-14,1.0,292.91460082285704,10.0,0.01800459350147748,-0.0013568549712738311
4,evacuation,4506.0,5.000088992122452,4.932866716707871,0.9865557842029434,1.0726948895426422,0.018147912240933293,1.6999697680387278e-14,1.0,292.9609905778909,10.0,0.01802216154723887,-0.0013101190429842334
4,evacuation,4508.0,5.000085928392305,4.932773522093777,0.9865377500981927,1.070120085985544,0.01811242687023445,1.3918404938696703e-14,1.0,293.0070636864262,10.0,0.018039621130180004,-0.0012649397847850658
4,evacuation,4510.0,5.000082966788391,4.9326789771581385,0.9865194257619395,1.067634125836544,0.01807810062435148,1.139561418581323e-14,1.0,293.05281847441506,10.0,0.0180569713829453,-0.0012212674747329726
4,evacuation,4512.0,5.000080104042737,4.932583152892321,0.9865008260375985,1.0652340436581451,0.018044895882571577,9.3300937312869e-15,1.0,293.0982534384787,10.0,0.018074211502815647,-0.0011790539022546469
4,evacuation,4514.0,5.000077336987057,4.932486118197227,0.9864819653308488,1.062916968959218,0.018012776256141182,7.638960710025414e-15,1.0,293.1433672395309,10.0,0.018091340749523656,-0.0011382523243630225
4,evacuation,4516.0,5.000074662549816,4.93238793993878,0.9864628576213064,1.060680123302561,0.017981706545293602,6.2543552519905645e-15,1.0,293.1881586965999,10.0,0.01810835844313098,-0.0010988174231317434
4,evacuation,4518.0,5.000072077753427,4.932288683001709,0.9864435164738319,1.0585208174962877,0.017951652698009427,5.120717477686536e-15,1.0,293.23262678084353,10.0,0.018125263961966256,-0.0010607052643866462
4,evacuation,4520.0,5.0000695797115045,4.932188410341568,0.9864239550494709,1.0564364488666445,0.017922581770425335,4.1925580543430556e-15,1.0,293.27677060975225,10.0,0.018142056740622005,-0.0010238732575749115
4,evacuation,4522.0,5.00006716562621,4.932087183035166,0.9864041861160617,1.054424498609948,0.017894461888811747,3.4326328518027217e-15,1.0,293.32058944153323,10.0,0.018158736268008686,-0.0009882801167742216
4,evacuation,4524.0,5.000064832785657,4.931985060329453,0.9863842220585217,1.0524825292213906,0.017867262213044282,2.810448452323622e-15,1.0,293.3640826696714,10.0,0.018175302085464373,-0.0009538858228059926
4,evacuation,4526.0,5.00006257856141,4.93188209968894,0.9863640748888214,1.0506081819985453,0.017840952901497825,2.3010385451159585e-15,1.0,293.4072498176621,10.0,0.018191753784918954,-0.0009206515864182733
4,evacuation,4528.0,5.000060400406049,4.9317783568417175,0.9863437562556672,1.0487991746174645,0.01781550507729634,1.8839621064077475e-15,1.0,293.45009053390936,10.0,0.018208091007110606,-0.0008885398125053391
4,evacuation,4530.0,5.000058295850794,4.931673885824131,0.9863232774539029,1.0470532987793262,0.017790890795855135,1.5424831652293544e-15,1.0,293.49260458678646,10.0,0.018224313439853968,-0.0008575140653324414
4,evacuation,4532.0,5.000056262503201,4.931568739024198,0.9863026494336452,1.0453684179256533,0.01776708301365564,1.2628992413894947e-15,1.0,293.53479185985265,10.0,0.018240420816357943,-0.0008275390347354126
4,evacuation,4534.0,5.000054298044936,4.931462967223781,0.9862818828091579,1.0437424650201823,0.01774405555819614,1.0339915078777058e-15,1.0,293.5766523472223,10.0,0.018256412913592326,-0.0007985805032660799
4,evacuation,4536.0,5.00005240022958,4.93135661963961,0.9862609878674837,1.0421734403955187,0.017721783099065067,8.465746144506354e-16,1.0,293.6181861490818,10.0,0.018272289550701523,-0.0007706053142555682
4,evacuation,4538.0,5.000050566880557,4.931249743963207,0.9862399745768425,1.0406594096627706,0.017700241120086096,6.931281082850283e-16,1.0,293.6593934673498,10.0,0.018288050587464463,-0.0007435813407686946
4,evacuation,4540.0,5.000048795889028,4.931142386399685,0.9862188525947994,1.0391985016824026,0.01767940589248722,5.674946617744909e-16,1.0,293.7002746014767,10.0,0.018303695922799276,-0.0007174774554236283
4,evacuation,4542.0,5.000047085211942,4.931034591705574,0.9861976312762177,1.0377889065946087,0.01765925444904849,4.646329982739053e-16,1.0,293.74082994437947,10.0,0.018319225493311567,-0.0006922635010519896
4,evacuation,4544.0,5.000045432870065,4.930926403225624,0.9861763196810063,1.0364288739075418,0.017639764559185478,3.8041560146016633e-16,1.0,293.78105997850747,10.0,0.01833463927188516,-0.0006679102621754977
4,evacuation,4546.0,5.000043836946118,4.930817862928697,0.9861549265816633,1.0351167106417944,0.017620914704927777,3.1146309102555026e-16,1.0,293.82096527203583,10.0,0.018349937266314318,-0.0006443894372760187
4,evacuation,4548.0,5.0000422955829285,4.930709011442701,0.9861334604706292,1.033850779529564,0.017602684057754017,2.5500861872972995e-16,1.0,293.86054647518245,10.0,0.018365119517976005,-0.0006216736118369139
4,evacuation,4550.0,5.000040806981658,4.930599888088685,0.9861119295674526,1.0326294972669805,0.017585052456246916,2.0878684344992055e-16,1.0,293.89980431664515,10.0,0.01838018610054156,-0.0005997362321340648
4,evacuation,4552.0,5.000039369400076,4.930490530914078,0.9860903418257798,1.0314513328181236,0.017568000384533697,1.709430301405478e-16,1.0,293.93873960015515,10.0,0.018395137118726392,-0.0005785515797559602
4,evacuation,4554.0,5.000037981150865,4.9303809767250915,0.986068704940169,1.030314805769283,0.017551508951479024,1.3995862512577106e-16,1.0,293.9773532011442,10.0,0.01840997270707695,-0.0005580947468327371
4,evacuation,4556.0,5.000036640599994,4.930271261118357,0.9860470263527378,1.0292184847320702,0.01753555987059926,1.1459032129616073e-16,1.0,294.01564606352053,10.0,0.018424693028793623,-0.0005383416119548047
4,evacuation,4558.0,5.000035346165131,4.930161418511807,0.9860253132596521,1.0281609857940202,0.01752013544066854,9.382016808885353e-17,1.0,294.05361919655275,10.0,0.01843929827458928,-0.0005192688167623382
4,evacuation,4560.0,5.0000340963140895,4.9300514821747905,0.9860035726174571,1.0271409710153545,0.01750521852698847,7.68147243209397e-17,1.0,294.09127367185596,10.0,0.018453788661581674,-0.0005008537431874132
4,evacuation,4562.0,5.000032889563338,4.9299414842575,0.9859818111492546,1.0261571469706279,0.017490792543294723,6.289161480611906e-17,1.0,294.1286106204789,10.0,0.018468164432219398,-0.0004830744913312392
4,evacuation,4564.0,5.000031724476536,4.929831455819714,0.9859600353507412,1.025208263333993,0.017476841434275317,5.149214877598472e-17,1.0,294.1656312300887,10.0,0.018482425853240506,-0.0004659098579594486
4,evacuation,4566.0,5.000030599663118,4.929721426858837,0.9859382514960972,1.0242931115068756,0.017463349658676228,4.215890136937948e-17,1.0,294.20233674224954,10.0,0.018496573214662484,-0.0004493393155988545
4,evacuation,4568.0,5.000029513776903,4.929611426337314,0.9859164656437405,1.0234105232868669,0.01745030217297151,3.451735860562422e-17,1.0,294.23872844979365,10.0,0.018510606828803112,-0.0004333429922197071
4,evacuation,4570.0,5.000028465514785,4.929501482209433,0.9858946836419479,1.022559369576676,0.017437684415576103,2.826088931183028e-17,1.0,294.27480769428115,10.0,0.018524527029331463,-0.00041790165148779176
4,evacuation,4572.0,5.000027453615393,4.929391621447457,0.9858729111343455,1.0217385591320252,0.017425482291580405,2.313844097457913e-17,1.0,294.31057586354626,10.0,0.018538334170347847,-0.00040299667357133003
4,evacuation,4574.0,5.000026476857861,4.9292818700672125,0.9858511535652696,1.0209470373473857,0.017413682157986894,1.8944465788978877e-17,1.0,294.3460343893274,10.0,0.01855202862549235,-0.0003886100364879431
4,evacuation,4576.0,5.000025534060575,4.9291722531530855,0.9858294161850112,1.0201837850784936,0.017402270809429927,1.551067266910549e-17,1.0,294.3811847449784,10.0,0.01856561078708083,-0.0003747242979773912
4,evacuation,4578.0,5.0000246240799955,4.929062794882429,0.9858077040549329,1.0194478175006045,0.017391235464360583,1.2699274253919662e-17,1.0,294.4160284432589,10.0,0.018579081065267917,-0.0003613225778862585
4,evacuation,4580.0,5.000023745809484,4.928953518549441,0.9857860220524737,1.0187381830014783,0.017380563751679578,1.0397457932137955e-17,1.0,294.45056703420096,10.0,0.0185924398872362,-0.0003483885410510096
4,evacuation,4582.0,5.000022898178187,4.9288444465885,0.9857643748760387,1.018053962108112,0.017370243697801737,8.512859025557852e-18,1.0,294.4848021030501,10.0,0.018605687696410817,-0.00033590638066636135
4,evacuation,4584.0,5.000022080149933,4.9287356005969825,0.985742767049778,1.0173942664462594,0.017360263714136365,6.969854483857288e-18,1.0,294.51873526827814,10.0,0.018618824951698917,-0.0003238608021261083
4,evacuation,4586.0,5.000021290722177,4.928627001357551,0.9857212029282549,1.0167582377318072,0.017350612584968658,5.706528368474586e-18,1.0,294.55236817966596,10.0,0.018631852126753053,-0.00031223700732400196
4,evacuation,4588.0,5.000020528924956,4.928518668859953,0.985699686701011,1.0161450467931015,0.01734127945572782,4.672187359956042e-18,1.0,294.58570251645386,10.0,0.01864476970925824,-0.0003010206794025712
4,evacuation,4590.0,5.000019793819894,4.9284106223223345,0.9856782223970253,1.0155538926233352,0.017332253821628302,3.825326593857112e-18,1.0,294.6187399855574,10.0,0.018657578200241626,-0.0002901979679380366
4,evacuation,4592.0,5.000019084499234,4.928302880212088,0.9856568138890756,1.0149840014621427,0.017323525516670987,3.1319642005546076e-18,1.0,294.65148231984716,10.0,0.018670278113404555,-0.0002797554745498617
4,evacuation,4594.0,5.00001840008487,4.92819546026618,0.985635464897995,1.0144346259055566,0.017315084702991885,2.564277719269466e-18,1.0,294.68393127649006,10.0,0.018682869974476005,-0.0002696802389237151
4,evacuation,4596.0,5.000017739727446,4.928088379511081,0.9856141789968357,1.0139050440435178,0.017306921860546463,2.0994876698716223e-18,1.0,294.71608863535005,10.0,0.01869535432058713,-0.00025995972523693207
4,evacuation,4598.0,5.000017102605463,4.927981654282241,0.985592959614941,1.0133945586241377,0.017299027777118038,1.7189434837030713e-18,1.0,294.7479561974475,10.0,0.018707731699666188,-0.00025058180897581927
4,evacuation,4600.0,5.000016487924391,4.927875300243077,0.9855718100419182,1.0129024962439457,0.017291393538639118,1.4073751146846814e-18,1.0,294.7795357834738,10.0,0.018720002669853235,-0.00024153476413443247
4,evacuation,4602.0,5.0000158949158635,4.927769332403574,0.9855507334315174,1.012428206563363,0.017284010519815488,1.1522803002030399e-18,1.0,294.81082923236164,10.0,0.018732167798934288,-0.00023280725078473222
4,evacuation,4604.0,5.00001532283682,4.92766376513848,0.9855297328054407,1.0119710615466764,0.01727687037504283,9.434228844764003e-19,1.0,294.84183839990624,10.0,0.018744227663793942,-0.00022438830300819008
4,evacuation,4606.0,5.000014770968749,4.927558612205052,0.9855088110570407,1.0115304547257922,0.01726996502960579,7.724220736890844e-19,1.0,294.8725651574396,10.0,0.01875618284988658,-0.0002162673171792977
4,evacuation,4608.0,5.000014238616891,4.927453886760385,0.9854879709549431,1.011105800487081,0.0172632866711507,6.324161409899256e-19,1.0,294.90301139055265,10.0,0.01876803395072484,-0.00020843404059151435
4,evacuation,4610.0,5.000013725109513,4.9273496013784115,0.9854672151465925,1.010696533380636,0.017256827741422922,5.177870868894003e-19,1.0,294.93317899786615,10.0,0.01877978156738575,-0.00020087856041659408
4,evacuation,4612.0,5.000013229797151,4.927245768066457,0.9854465461617096,1.0103021074512841,0.017250580928259852,4.2393520653936597e-19,1.0,294.9630698898479,10.0,0.018791426308033255,-0.00019359129298824655
4,evacuation,4614.0,5.000012752051947,4.9271423982814095,0.9854259664156593,1.009921995590717,0.01724453915783157,3.4709451798664764e-19,1.0,294.9926859876746,10.0,0.018802968787457183,-0.00018656297340154094
4,evacuation,4616.0,5.000012291266936,4.927039502945574,0.9854054782127604,1.009555688910111,0.01723869558712141,2.841816451146916e-19,1.0,295.0220292221377,10.0,0.018814409626627854,-0.0001797846454194506
4,evacuation,4618.0,5.000011846855391,4.926937092462104,0.9853850837495025,1.009202696132634,0.017233043596638294,2.326720914191979e-19,1.0,295.051101532591,10.0,0.018825749452266134,-0.00017324765167830387
4,evacuation,4620.0,5.000011418250186,4.926835176730079,0.9853647851176877,1.0088625430052525,0.017227576783353807,1.9049893987182404e-19,1.0,295.07990486593917,10.0,0.01883698889642827,-0.0001669436241840607
4,evacuation,4622.0,5.000011004903169,4.9267337651592715,0.9853445843075066,1.0085347717292585,0.0172222889538569,1.559699140147649e-19,1.0,295.108441175666,10.0,0.018848128596105393,-0.00016086447509147144
4,evacuation,4624.0,5.0000106062845395,4.926632866684516,0.9853244832105367,1.0082189404089628,0.017217174117719163,1.2769947220778364e-19,1.0,295.13671242090015,10.0,0.018859169192836665,-0.00015500238775847152
4,evacuation,4626.0,5.0000102218822935,4.926532489779777,0.9853044836226644,1.00791462251801,0.01721222648106423,1.0455321018259641e-19,1.0,295.16472056551925,10.0,0.018870111332336577,-0.00014934980806826826
4,evacuation,4628.0,5.000009851201627,4.926432642471864,0.9852845872469472,1.0076214063827895,0.01720744044033506,8.560234095329125e-20,1.0,295.1924675772881,10.0,0.018880955664135005,-0.00014389943601180274
4,evacuation,4630.0,5.000009493764392,4.926333332353827,0.9852647956963985,1.007338894682425,0.017202810576252715,7.008642550415902e-20,1.0,295.21995542703297,10.0,0.018891702841230432,-0.00013864421752346202
4,evacuation,4632.0,5.000009149108561,4.926234566598016,0.9852451104967079,1.007066703964847,0.017198331647960845,5.738285875418136e-20,1.0,295.24718608784843,10.0,0.018902353519755447,-0.00013357733656299556
4,evacuation,4634.0,5.000008816787716,4.926136351968883,0.985225533088901,1.0068044641784588,0.01719399858735016,4.698188636552767e-20,1.0,295.2741615343373,10.0,0.018912908358654522,-0.0001286922074369373
4,evacuation,4636.0,5.000008496370522,4.926038694835385,0.9852060648319235,1.006551818218928,0.01718980649355726,3.8466149898859105e-20,1.0,295.3008837418812,10.0,0.018923368019373315,-0.00012398246735280939
4,evacuation,4638.0,5.000008187440261,4.92594160118314,0.985186707005166,1.006308421490641,0.01718575062763267,3.1493939526599166e-20,1.0,295.3273546859423,10.0,0.018933733165559543,-0.0001194419691996793
4,evacuation,4640.0,5.000007889594351,4.925845076626318,0.9851674608109369,1.0060739414823752,0.017181826407372962,2.5785482288012453e-20,1.0,295.3535763413936,10.0,0.01894400446277485,-0.00011506477454874827
4,evacuation,4642.0,5.000007602443879,4.925749126419174,0.9851483273768606,1.0058480573567552,0.017178029402311463,2.1111715676720868e-20,1.0,295.379550681878,10.0,0.018954182578217366,-0.00011084514686782666
4,evacuation,4644.0,5.000007325613165,4.925653755467294,0.9851293077582138,1.0056304595530723,0.017174355328863293,1.728509607989434e-20,1.0,295.4052796791947,10.0,0.018964268180454654,-0.00010677754494366589
4,evacuation,4646.0,5.000007058739327,4.925558968338649,0.985110402940221,1.0054208494030545,0.01717080004562008,1.415207324057654e-20,1.0,295.43076530271173,10.0,0.01897426193916678,-0.00010285661650633079
4,evacuation,4648.0,5.000006801471861,4.925464769274295,0.9850916138402804,1.0052189387591919,0.0171673595487893,1.1586928766893192e-20,1.0,295.4560095188047,10.0,0.018984164524899136,-9.907719204987271e-05
4,evacuation,4650.0,5.000006553472242,4.925371162198799,0.9850729413101241,1.0050244496352285,0.017164029967774223,9.486731446818468e-21,1.0,295.48101429032,10.0,0.018993976608824834,-9.543427884374755e-05
4,evacuation,4652.0,5.000006314413527,4.925278150730463,0.9850543861379445,1.004837113858445,0.017160807560890525,7.767206941083648e-21,1.0,295.50578157606145,10.0,0.019003698862516065,-9.192305512959216e-05
4,evacuation,4654.0,5.000006083979971,4.92518573819124,0.9850359490504508,1.0046566727333677,0.017157688711214914,6.3593561179441924e-21,1.0,295.5303133303008,10.0,0.019013331957724543,-8.853886449800607e-05
4,evacuation,4656.0,5.000005861866662,4.925093927616411,0.9850176307148798,1.004482876716547,0.017154669922562055,5.206686334173058e-21,1.0,295.5546115023099,10.0,0.01902287656617054,-8.527721044023524e-05
4,evacuation,4658.0,5.000005647779166,4.925002721764019,0.98499943174095,1.0043154851020628,0.017151747815585837,4.262944562259885e-21,1.0,295.5786780359149,10.0,0.019032333359340268,-8.21337510697254e-05
4,evacuation,4660.0,5.0000054414331725,4.924912123124041,0.9849813526827668,1.0041542657174205,0.01714891912400158,3.490261401311636e-21,1.0,295.6025148690708,10.0,0.01904170300829139,-7.910429400864872e-05
4,evacuation,4662.0,5.000005242554173,4.924822133927361,0.9849633940406818,1.0039989946295136,0.01714618069092527,2.8576314966263554e-21,1.0,295.6261239334563,10.0,0.019050986183466283,-7.618479143461935e-05
4,evacuation,4664.0,5.000005050877122,4.924732756154467,0.9849455562630982,1.003849455860335,0.01714352946532628,2.3396693919378755e-21,1.0,295.6495071540883,10.0,0.019060183554513114,-7.337133528298086e-05
4,evacuation,4666.0,5.000004866146124,4.92464399154392,0.9849278397482261,1.003705441112134,0.017140962498590345,1.915590890579655e-21,1.0,295.6726664489544,10.0,0.019069295790113912,-7.06601526001329e-05
4,evacuation,4668.0,5.000004688114154,4.92455584160066,0.9849102448458001,1.0035667495017189,0.017138476941189588,1.5683790507822207e-21,1.0,295.69560372866414,10.0,0.01907832355782031,-6.804760104348639e-05
4,evacuation,4670.0,5.000004516542711,4.924468307604033,0.9848927718587525,1.0034331873036135,0.017136070039456032,1.2841013491081058e-21,1.0,295.71832089611723,10.0,0.01908726752389555,-6.553016452371365e-05
4,evacuation,4672.0,5.000004351201588,4.924381390615564,0.9848754210448137,1.0033045677017964,0.017133739132455673,1.051350611932027e-21,1.0,295.74081984618886,10.0,0.019096128353163683,-6.310444898522229e-05
4,evacuation,4674.0,5.000004191868566,4.924295091486663,0.9848581926181127,1.003180710549738,0.01713148164896072,8.607872812979931e-22,1.0,295.76310246543113,10.0,0.019104906708865114,-6.076717832064435e-05
4,evacuation,4676.0,5.00000403832914,4.924209410866017,0.9848410867507115,1.0030614421384816,0.01712929510451589,7.047646477161092e-22,1.0,295.7851706317898,10.0,0.019113603252518103,-5.851519041547691e-05
4,evacuation,4678.0,5.000003890376275,4.924124349206715,0.9848241035740775,1.0029465949725092,0.017127177098596576,5.770220116652276e-22,1.0,295.8070262143368,10.0,0.019122218643786822,-5.634543331900492e-05
4,evacuation,4680.0,5.000003747810161,4.924039906773375,0.9848072431805565,1.0028360075531382,0.017125125311856775,4.724334613337546e-22,1.0,295.82867107301655,10.0,0.01913075354035483,-5.4254961537672074e-05
4,evacuation,4682.0,5.000003610437948,4.923956083648968,0.9847905056247912,1.002729524169216,0.01712313750346291,3.8680218583634053e-22,1.0,295.85010705840676,10.0,0.019139208597804522,-5.224093244737399e-05
4,evacuation,4684.0,5.000003478073522,4.923872879741322,0.9847738909250655,1.0026269946948714,0.017121211508511272,3.1669207034019453e-22,1.0,295.8713360114926,10.0,0.01914758446950193,-5.0300602820983184e-05
4,evacuation,4686.0,5.00000335053729,4.923790294789689,0.9847573990646603,1.0025282743941002,0.017119345235527723,2.592898155409961e-22,1.0,295.8923597634537,10.0,0.019155881806486794,-4.843132546775021e-05
4,evacuation,4688.0,5.000003227655936,4.923708328371064,0.9847410299931668,1.0024332237319624,0.017117536664045634,2.122920487748972e-22,1.0,295.9131801354642,10.0,0.019164101257367897,-4.663054598115877e-05
4,evacuation,4690.0,5.000003109262223,4.9236269799061105,0.9847247836277081,1.002341708192178,0.017115783842259938,1.7381289688918623e-22,1.0,295.93379893850397,10.0,0.019172243468223153,-4.48957995919694e-05
4,evacuation,4692.0,5.000002995194783,4.923546248665196,0.9847086598541911,1.0022535981009133,0.017114084884756596,1.423083120604526e-22,1.0,295.95421797318244,10.0,0.01918030908250475,-4.322470812326424e-05
4,evacuation,4694.0,5.000002885297922,4.923466133774187,0.984692658528501,1.00216876845656,0.017112437970313372,1.1651411399239578e-22,1.0,295.97443902957315,10.0,0.019188298740948725,-4.161497704442178e-05
4,evacuation,4696.0,5.000002779421419,4.92338663421997,0.9846767794776476,1.0020870987653077,0.01711084133977017,9.539526232077101e-23,1.0,295.994463887059,10.0,0.019196213081489114,-4.006439262095688e-05
4,evacuation,4698.0,5.000002677420342,4.923307748855849,0.9846610225008793,1.0020084728823226,0.017109293293967372,7.810432368599243e-23,1.0,296.01429431418796,10.0,0.019204052739176383,-3.857081915732888e-05
4,evacuation,4700.0,5.000002579154875,4.923229476406919,0.9846453873707939,1.001932778858355,0.017107792191750404,6.394746688712673e-23,1.0,296.033932068539,10.0,0.019211818346100043,-3.7132196329896435e-05
4,evacuation,4702.0,5.000002484490127,4.923151815475197,0.9846298738343995,1.001859908791586,0.017106336448037187,5.2356621609330427e-23,1.0,296.0533788965973,10.0,0.019219510531315397,-3.5746536607172216e-05
4,evacuation,4704.0,5.000002393295984,4.923074764544447,0.9846144816141127,1.001789758684554,0.01710492453194736,4.286668354168136e-23,1.0,296.0726365336387,10.0,0.019227129920774008,-3.4411922754756536e-05
4,evacuation,4706.0,5.000002305446924,4.922998321985137,0.9845992104087833,1.0017222283059872,0.017103554964992287,3.509685119819089e-23,1.0,296.0917067036234,10.0,0.019234677137258096,-3.312650542231257e-05
4,evacuation,4708.0,5.000002220821877,4.922922486059155,0.9845840598946671,1.001657221057381,0.017102226319322338,2.873534554708962e-23,1.0,296.1105911190979,10.0,0.01924215280031854,-3.188850081003061e-05
4,evacuation,4710.0,5.000002139304065,4.922847254924279,0.9845690297263503,1.0015946438441663,0.017100937216030364,2.352689929497736e-23,1.0,296.129291481105,10.0,0.019249557526216293,-3.0696188412105896e-05
4,evacuation,4712.0,5.000002060780843,4.922772626638531,0.9845541195376526,1.0015344069513166,0.017099686323510208,1.9262513810002506e-23,1.0,296.14780947910214,10.0,0.019256891927867295,-2.954790883486959e-05
4,evacuation,4714.0,5.00000198514358,4.922698599164612,0.9845393289425365,1.0014764239232437,0.017098472355868484,1.577107266148535e-23,1.0,296.1661467908871,10.0,0.019264156614790695,-2.8442061687189455e-05
4,evacuation,4716.0,5.000001912287503,4.922625170374043,0.9845246575359687,1.0014206114478452,0.017097294071386805,1.2912475253603359e-23,1.0,296.1843050825308,10.0,0.01927135219305997,-2.737710354091726e-05
4,evacuation,4718.0,5.000001842111562,4.922552338051015,0.9845101048947136,1.0013668892445602,0.017096150271033613,1.0572015027366955e-23,1.0,296.2022860083172,10.0,0.01927847926525744,-2.635154595915593e-05
4,evacuation,4720.0,5.000001774518315,4.922480099896415,0.9844956705781633,1.0013151799563043,0.017095039797025403,8.655776645742877e-24,1.0,296.22009121069016,10.0,0.019285538430431452,-2.5363953590238055e-05
4,evacuation,4722.0,5.000001709413794,4.922408453531728,0.9844813541291443,1.0012654090451514,0.017093961531434162,7.086867465383069e-24,1.0,296.2377223202066,10.0,0.01929253028405656,-2.4412942325302078e-05
4,evacuation,4724.0,5.000001646707381,4.922337396502543,0.9844671550746426,1.0012175046916394,0.017092914394839075,5.802332075724973e-24,1.0,296.2551809554954,10.0,0.01929945541799624,-2.349717751749758e-05
4,evacuation,4726.0,5.000001586311698,4.922266926282031,0.9844530729265212,1.0011713976975773,0.01709189734502312,4.750626095582986e-24,1.0,296.272468723223,10.0,0.019306314420468488,-2.2615372260840842e-05
4,evacuation,4728.0,5.000001528142493,4.922197040274648,0.9844391071822833,1.001127021392236,0.017090909375712848,3.889547858602052e-24,1.0,296.28958721806424,10.0,0.019313107876013806,-2.1766285726831218e-05
4,evacuation,4730.0,5.000001472118531,4.922127735819413,0.9844252573257498,1.00108431154181,0.017089949515357798,3.184544992589923e-24,1.0,296.30653802267847,10.0,0.019319836365465543,-2.0948721556953967e-05
4,evacuation,4732.0,5.000001418161487,4.922059010192878,0.9844115228276737,1.0010432062620394,0.017089016825950078,2.6073279410616275e-24,1.0,296.3233227076914,10.0,0.019326500465922842,-2.0161526309356125e-05
4,evacuation,4734.0,5.000001366195842,4.921990860612512,0.984397903146438,1.0010036459338865,0.017088110401884248,2.1347347919590425e-24,1.0,296.33994283168136,10.0,0.019333100750725554,-1.9403587957882627e-05
4,evacuation,4736.0,5.000001316148797,4.921923284239828,0.9843843977286975,1.000965573122163,0.017087229368853395,1.7478018626781957e-24,1.0,296.3563999411711,10.0,0.0193396377894316,-1.8673834441841513e-05
4,evacuation,4738.0,5.0000012679501555,4.921856278183064,0.9843710060099389,1.0009289324970083,0.017086372882780705,1.4310027468929578e-24,1.0,296.3726955706232,10.0,0.01934611214779625,-1.7971232264855353e-05
4,evacuation,4740.0,5.00000122153226,4.9217898395000095,0.9843577274150579,1.000893670758122,0.017085540128787643,1.171625288508022e-24,1.0,296.3888312424409,10.0,0.019352524387753565,-1.7294785141179618e-05
4,evacuation,4742.0,5.000001176829876,4.921723965201068,0.9843445613589957,1.0008597365616578,0.017084730320196764,9.59261482657511e-25,1.0,296.4048084669722,10.0,0.019358875067399594,-1.664353268801164e-05
4,evacuation,4744.0,5.000001133780124,4.9216586522517485,0.9843315072472497,1.0008270804496888,0.0170839426975653,7.853898350743774e-25,1.0,296.4206287425187,10.0,0.019365164740977707,-1.601654916226644e-05
4,evacuation,4746.0,5.0000010923224005,4.921593897575053,0.9843185644763672,1.0007956547821546,0.01708317652775166,6.430334212203411e-25,1.0,296.43629355534773,10.0,0.019371393958865432,-1.5412942240373094e-05
4,evacuation,4748.0,5.0000010523982725,4.921529698054176,0.9843057324345046,1.0007654136712079,0.017082431103014314,5.264799241604372e-25,1.0,296.4518043797087,10.0,0.019377563267563326,-1.4831851839689536e-05
4,evacuation,4750.0,5.000001013951425,4.921466050535024,0.9842930105019446,1.0007363129178781,0.01708170574013924,4.310524171791129e-25,1.0,296.4671626778521,10.0,0.019383673209685173,-1.4272448980218054e-05
4,evacuation,4752.0,5.000000976927588,4.921402951828353,0.9842803980515354,1.0007083099509704,0.017080999779595703,3.5292169336229653e-25,1.0,296.48236990005296,10.0,0.019389724323950114,-1.3733934685225336e-05
4,evacuation,4754.0,5.000000941274443,4.921340398711868,0.9842678944491308,1.0006813637681284,0.017080312584721306,2.889526115195287e-25,1.0,296.49742748463643,10.0,0.019395717145176093,-1.3215538919591986e-05
4,evacuation,4756.0,5.00000090694157,4.921278387932751,0.9842554990541046,1.0006554348789822,0.01707964354093527,2.365782927892851e-25,1.0,296.51233685800725,10.0,0.01940165220427492,-1.2716519564566094e-05
4,evacuation,4758.0,5.00000087388037,4.921216916209757,0.9842432112197871,1.0006304852503103,0.01707899205497592,1.9369711983139593e-25,1.0,296.52709943468125,10.0,0.019407530028248524,-1.2236161427766588e-05
4,evacuation,4760.0,5.000000842044021,4.9211559802348726,0.9842310302938037,1.0006064782531487,0.017078357554163405,1.5858840550681953e-25,1.0,296.54171661732056,10.0,0.01941335114018688,-1.1773775287265114e-05
4,evacuation,4762.0,5.000000811387388,4.921095576675442,0.9842189556185188,1.0005833786117795,0.01707773948568975,1.2984334709306699e-25,1.0,296.5561897967706,10.0,0.019419116059266977,-1.1328696968641447e-05
4,evacuation,4764.0,5.00000078186698,4.92103570217637,0.9842069865314852,1.0005611523545306,0.01707713731593189,1.0630849544423768e-25,1.0,296.5705203521,10.0,0.019424825300753176,-1.0900286453860802e-05
4,evacuation,4766.0,5.000000753440886,4.920976353361711,0.9841951223657732,1.0005397667663287,0.01707655052978557,8.703947069014645e-26,1.0,296.58470965064305,10.0,0.019430479375998774,-1.0487927020997695e-05
4,evacuation,4768.0,5.000000726068723,4.920917526836137,0.9841833624502759,1.0005191903429438,0.01707597863002307,7.126306723054578e-26,1.0,296.59875904804375,10.0,0.01943607879244858,-1.009102441373598e-05
4,evacuation,4770.0,5.00000069971157,4.920859219187065,0.984171706110147,1.0004993927468626,0.017075421136674842,5.834622741657144e-26,1.0,296.6126698883026,10.0,0.019441624053642755,-9.70900603961931e-06
4,evacuation,4772.0,5.000000674331935,4.920801426986426,0.9841601526671611,1.0004803447647406,0.017074877586429477,4.7770638930442735e-26,1.0,296.6264435038254,10.0,0.019447115659221626,-9.341320196209574e-06
4,evacuation,4774.0,5.000000649893685,4.920744146791769,0.9841487014399486,1.0004620182663715,0.01707434753205277,3.911193653584127e-26,1.0,296.6400812154733,10.0,0.01945255410493152,-8.987435324056813e-06
4,evacuation,4776.0,5.000000626362013,4.920687375147822,0.9841373517443139,1.0004443861651295,0.017073830541829444,3.202267363036737e-26,1.0,296.65358433261576,10.0,0.019457939882631628,-8.646839285764825e-06
4,evacuation,4778.0,5.000000603703371,4.920631108588523,0.9841261028936555,1.0004274223798226,0.017073326199024175,2.62183803018123e-26,1.0,296.6669541531839,10.0,0.019463273480301593,-8.31903867008896e-06
4,evacuation,4780.0,5.000000581885446,4.92057534363812,0.9841149541991904,1.0004111017979167,0.017072834101357206,2.1466148441727473e-26,1.0,296.6801919637269,10.0,0.019468555382050303,-8.00355812040259e-06
4,evacuation,4782.0,5.000000560877105,4.920520076812112,0.9841039049701528,1.0003954002400788,0.017072353860499472,1.7575285872652635e-26,1.0,296.69329903946857,10.0,0.019473786068125224,-7.699939686581482e-06
4,evacuation,4784.0,5.000000540648352,4.920465304619095,0.9840929545141723,1.000380294425992,0.017071885101587938,1.4389664468406384e-26,1.0,296.7062766443665,10.0,0.01947896601492272,-7.407742199565416e-06
4,evacuation,4786.0,5.000000521170295,4.920411023562261,0.9840821021375803,1.000365761941402,0.01707142746275445,1.1781455221477274e-26,1.0,296.71912603117175,10.0,0.019484095694999135,-7.126540667863317e-06
4,evacuation,4788.0,5.000000502415095,4.92035723013997,0.9840713471455341,1.0003517812063458,0.017070980594668838,9.645998865395785e-27,1.0,296.7318484414904,10.0,0.019489175577082476,-6.855925695193784e-06
4,evacuation,4790.0,5.000000484355933,4.920303920846935,0.9840606888422606,1.000338331444529,0.017070544160101456,7.89760622623233e-27,1.0,296.7444451058457,10.0,0.019494206126085,-6.595502918584813e-06
4,evacuation,4792.0,5.000000466966982,4.920251092176105,0.9840501265314374,1.0003253926538023,0.017070117833501413,6.466119784481678e-27,1.0,296.756917243742,10.0,0.01949918780311627,-6.344892466242851e-06
4,evacuation,4794.0,5.000000450223355,4.92019874061939,0.9840396595163509,1.0003129455777064,0.017069701300584588,5.294098473584177e-27,1.0,296.76926606372916,10.0,0.019504121065496975,-6.103728434497363e-06
4,evacuation,4796.0,5.000000434101076,4.920146862668022,0.9840292870999701,1.0003009716780433,0.017069294257937143,4.3345127498675124e-27,1.0,296.7814927634683,10.0,0.019509006366773322,-5.8716583831654395e-06
4,evacuation,4798.0,5.000000418577064,4.920095454814348,0.9840190085853121,1.0002894531084392,0.01706889641263752,3.548857444286284e-27,1.0,296.7935985297984,10.0,0.019513844156732085,-5.6483428487651505e-06
4,evacuation,4800.0,5.000000403629081,4.9200445135531625,0.9840088232757171,1.0002783726888507,0.01706850748188706,2.905602776007311e-27,1.0,296.8055845388035,10.0,0.019518634881415944,-5.433454874635404e-06
5,adsorption,4800.0,5.000000403629081,4.9200445135531625,0.9840088232757171,1.0002783726888507,0.01706850748188706,2.905602776007311e-27,1.0,296.8055845388035,10.0,0.019518634881415944,-5.433454874635404e-06
5,adsorption,4802.0,100.04178314928154,6.357330865440789,0.063546756818143,1.1190777554762221,0.10868696963019266,0.10659960677310662,1.0,297.06893602339926,10.0,0.01962409386658441,0.07924811383791328
5,adsorption,4804.0,100.04319302958311,7.097102881436141,0.07094038751179706,1.2597909867058183,0.19220852762617255,0.0872763765321348,1.0,297.3290663397188,10.0,0.019728637429726678,0.062026593378298925
5,adsorption,4806.0,100.0443773635226,9.125476687292629,0.09121428837658885,1.3692422446400108,0.26824519341202246,0.07145585348547527,1.0,297.5344765486554,10.0,0.019811452897856775,0.047894901410957806
5,adsorption,4808.0,100.0447410659523,9.852741957002367,0.0984833570662866,1.4605088825402819,0.3373716131935426,0.0708274693448658,1.0,297.70662881758375,10.0,0.019881038909731502,0.04576142827094028
5,adsorption,4810.0,100.04503229995856,10.011178108899665,0.10006671874405312,1.5504722093130212,0.4001736642729527,0.07121870335327378,1.0,297.87266815898556,10.0,0.019948308952319777,0.044426025508271814
5,adsorption,4812.0,100.04526648908276,10.095402763218067,0.10090834996496018,1.6387370568798094,0.4572028990689335,0.07233938999109096,1.0,298.0322233709121,10.0,0.020013095458136836,0.04367856388174358
5,adsorption,4814.0,100.04549695728728,10.178907303368423,0.10174278316308562,1.7251374197020024,0.5089659936275129,0.07318719430231813,1.0,298.18527320392894,10.0,0.020075372738332816,0.04274374401935056
5,adsorption,4816.0,100.04570894491764,10.261348684412242,0.1025666047312619,1.8097342455520995,0.5559283847288157,0.07407172802250271,1.0,298.3321397511963,10.0,0.020135255837786567,0.041862468374312824
5,adsorption,4818.0,100.04590441776767,10.340860380789376,0.10336115647081792,1.8926149420000162,0.5985172334781002,0.07497972318049058,1.0,298.47317073109167,10.0,0.02019287195993104,0.04102372280788647
5,adsorption,4820.0,100.04608501512593,10.417792648391556,0.10412993818615186,1.9738528609003376,0.637124162515722,0.0759024071823177,1.0,298.6086763806188,10.0,0.020248334606703135,0.04022009759998489
5,adsorption,4822.0,100.0462518667998,10.492284702372423,0.10487434068336417,2.0535178805754297,0.6721078526658889,0.07683913991423971,1.0,298.7389473128252,10.0,0.020301750666713424,0.03945053600499374
5,adsorption,4824.0,100.04640606401915,10.56442717095432,0.10559526910136284,2.1316765081650884,0.703796542289254,0.07778850623222315,1.0,298.8642556910279,10.0,0.020353220740734104,0.0387133571212327
5,adsorption,4826.0,100.04654862400906,10.6343144943704,0.1062936667044443,2.2083917359730743,0.7324903139757929,0.07874907000520992,1.0,298.9848559298809,10.0,0.020402839289444658,0.0380068577731198
5,adsorption,4828.0,100.04668049079366,10.702038912143886,0.10697045478813953,2.2837232256942683,0.7584633295766358,0.07971944264898245,1.0,299.1009859001885,10.0,0.020450695002630748,0.03732937013190132
5,adsorption,4830.0,100.04680253225922,10.767687091034649,0.10762649898344029,2.357727464396397,0.7819658209074811,0.08069841843276007,1.0,299.2128679882126,10.0,0.020496871122686493,0.036679373356950686
5,adsorption,4832.0,100.0469155513858,10.831341003355725,0.10826261802936409,2.430457942317961,0.8032260831901237,0.0816848414171967,1.0,299.32071019631263,10.0,0.0205414457977747,0.03605539066825483
5,adsorption,4834.0,100.04702028651197,10.893079602723434,0.1088796005271134,2.5019652875660583,0.8224521822962161,0.0826776799778481,1.0,299.4247070551771,10.0,0.020584492368520654,0.03545605182980283
5,adsorption,4836.0,100.04711741972129,10.952974648988286,0.10947816320422277,2.572297453734631,0.8398336522763348,0.0836759390315004,1.0,299.52504062072796,10.0,0.020626079699722612,0.03488002431670002
5,adsorption,4838.0,100.04720757650034,11.011101244008499,0.11005905622692112,2.6414998195281205,0.8555430411213616,0.08467873890510468,1.0,299.6218812695744,10.0,0.020666272437695938,0.03432607915104636
5,adsorption,4840.0,100.04729133242029,11.067518504200656,0.11062287001281594,2.7096154339124596,0.8697373809165038,0.08568526422910007,1.0,299.7153886977965,10.0,0.02070513136000737,0.03379304927348438
5,adsorption,4842.0,100.04736921946804,11.122295730082596,0.111170296798952,2.7766850349469703,0.8825594291033924,0.08669469997350485,1.0,299.8057124619049,10.0,0.020742713542376487,0.033279781025582586
5,adsorption,4844.0,100.04744171465062,11.17549953662135,0.1117020020211556,2.8427472282799084,0.8941389419282132,0.08770650786964257,1.0,299.89299279322296,10.0,0.020779072645292548,0.0327853575177011
5,adsorption,4846.0,100.04750925657234,11.227170949229585,0.1122183953669196,2.9078388055366555,0.9045939901678657,0.08872018454540367,1.0,299.9773616978887,10.0,0.02081425932586353,0.03230890056370791
5,adsorption,4848.0,100.04757226129563,11.27736932197713,0.11272006973366501,2.97199458406952,0.9140316466625698,0.0897350260801851,1.0,300.0589429195575,10.0,0.020848321180863928,0.03184938469521759
5,adsorption,4850.0,100.04763109758294,11.326147462064064,0.11320755262078058,3.0352473469479535,0.9225482510016483,0.09075052313682277,1.0,300.13785176430247,10.0,0.02088130263488433,0.03140596058940305
5,adsorption,4852.0,100.04768610503649,11.37355405113381,0.11368133031275827,3.09762870291063,0.9302324682966591,0.09176629179905123,1.0,300.21419827956265,10.0,0.020913246234741296,0.03097788562823349
5,adsorption,4854.0,100.04773759878778,11.419636355292873,0.11414187496261023,3.159168548342432,0.9371641835438179,0.09278186197599313,1.0,300.28808549226727,10.0,0.020944191883925125,0.030564363316129252
5,adsorption,4856.0,100.04778586259398,11.464434531502953,0.11458958769210797,3.2198953659782403,0.9434158023137632,0.09379689532222757,1.0,300.3596105651722,10.0,0.0209741772985203,0.03016471679883566
5,adsorption,4858.0,100.04783115282329,11.507991881849096,0.11502490108226947,3.2798362789178297,0.9490529680235575,0.09481113784450766,1.0,300.4288651848143,10.0,0.021003238145183054,0.02977835107345576
5,adsorption,4860.0,100.0478737111829,11.550349406381459,0.11544822471414916,3.3390171492855996,0.9541350368540675,0.09582423518617689,1.0,300.4959359114793,10.0,0.02103140816564432,0.029404601119018853
5,adsorption,4862.0,100.04791375248791,11.591542419385844,0.11585991136269538,3.3974627031097366,0.9587158937131915,0.09683597900496312,1.0,300.56090474490674,10.0,0.0210587193941526,0.029042932333084744
5,adsorption,4864.0,100.04795147607508,11.631609308110407,0.11626034452981206,3.455196517098053,0.9628441583403329,0.09784612695049874,1.0,300.6238491689151,10.0,0.02108520215808582,0.02869279441750216
5,adsorption,4866.0,100.04798706159379,11.670582833268798,0.11664985149660125,3.5122411942176948,0.9665640047823115,0.09885450370145478,1.0,300.68484281250704,10.0,0.021110885339477706,0.02835370182812079
5,adsorption,4868.0,100.04802067588356,11.708497255606758,0.11702877454755159,3.5686183265226568,0.9699152461971682,0.09986092714481,1.0,300.7439553989114,10.0,0.02113579633872279,0.02802517469352699
5,adsorption,4870.0,100.04805246889579,11.745383262488168,0.11739742026602389,3.6243486316066487,0.9729339829574802,0.10086526612295137,1.0,300.80125326881796,10.0,0.021159961281333302,0.02770678447241148
5,adsorption,4872.0,100.04808257869104,11.781271858460132,0.11775609841591698,3.679451940700395,0.9756527306789683,0.10186738414104747,1.0,300.8567993931276,10.0,0.021183405010993406,0.027398108503791197
5,adsorption,4874.0,100.04811112997372,11.816191392337325,0.1181050922289454,3.7339472975571972,0.9781009035273406,0.10286719237134734,1.0,300.91065375935165,10.0,0.02120615124124145,0.027098772450776888
5,adsorption,4876.0,100.04813823853493,11.850170225720703,0.11844468507217505,3.7878530031042144,0.9803051238207571,0.10386458520409583,1.0,300.96287358092235,10.0,0.021228222633646925,0.026808396780316116
5,adsorption,4878.0,100.04816400828587,11.883235163966846,0.11877514476910035,3.841186644961536,0.9822894138710982,0.10485950585215653,1.0,301.0135134262692,10.0,0.02124964084299962,0.026526650921617278
5,adsorption,4880.0,100.04818853522974,11.915411512820851,0.11909672416132856,3.8939651468501553,0.9840754616828252,0.10585189015203061,1.0,301.06262541637443,10.0,0.02127042659224763,0.026253206289448307
5,adsorption,4882.0,100.0482119070569,11.946724735466,0.11940967767184393,3.946204800152904,0.9856828558397162,0.10684168758466937,1.0,301.1102593823738,10.0,0.021290599731325188,0.02598775346783077
5,adsorption,4884.0,100.04823420316639,11.977198494337568,0.11971424173279918,3.9979213077214792,0.9871292907091427,0.10782887303011865,1.0,301.15646302955105,10.0,0.02131017929938606,0.025730011505985282
5,adsorption,4886.0,100.0482554970161,12.006855816696596,0.12001064643305744,4.049129808213658,0.9884307159661355,0.1088134162682689,1.0,301.2012820450241,10.0,0.021329183563810236,0.02547970247258229
5,adsorption,4888.0,100.04827585541136,12.035719316782854,0.12029911773968738,4.09984490656403,0.9896015201680665,0.10979530141442101,1.0,301.2447602315455,10.0,0.02134763007082136,0.025236567304017465
5,adsorption,4890.0,100.04829533928493,12.06381042990651,0.12057986984181568,4.150080706425965,0.9906546868516057,0.11077452595269287,1.0,301.2869396326026,10.0,0.021365535692939794,0.02500036466753411
5,adsorption,4892.0,100.04831400487423,12.091149965618278,0.12085311067839893,4.199850834650056,0.9916019281578587,0.11175108638160781,1.0,301.3278606351519,10.0,0.02138291666741586,0.024770858790570106
5,adsorption,4894.0,100.04833190355095,12.11775833025143,0.12111904416290764,4.249168462506232,0.9924538038612691,0.11272498871263503,1.0,301.36756206092326,10.0,0.021399788630223234,0.024547828018372134
5,adsorption,4896.0,100.0483490822537,12.143655020972343,0.12137786512587592,4.298046329937318,0.9932198319498337,0.11369624787384358,1.0,301.40608125902946,10.0,0.021416166650984857,0.024331064065652188
5,adsorption,4898.0,100.04836558432685,12.168858977848732,0.1216297628329778,4.346496765902823,0.99390859070691,0.11466487887425944,1.0,301.4434541888158,10.0,0.021432065264099843,0.024120364440867684
5,adsorption,4900.0,100.04838144948832,12.19338873953318,0.12187492254124357,4.394531706277561,0.9945278108657194,0.11563090275869657,1.0,301.4797154945926,10.0,0.021447498496734094,0.02391553724312869
5,adsorption,4902.0,100.04839671415843,12.21726213424203,0.12211352241003073,4.442162712865546,0.9950844581327414,0.11659434651021151,1.0,301.51489857800414,10.0,0.021462479896093494,0.023716400877009932
5,adsorption,4904.0,100.04841141201265,12.240496492513996,0.12234573562698567,4.4894009896929985,0.9955848075545677,0.1175552375553604,1.0,301.54903566256013,10.0,0.02147702255362536,0.02352277928837806
5,adsorption,4906.0,100.04842557402445,12.26310875612418,0.12257173149667279,4.536257397540358,0.996034510970096,0.11851360701424479,1.0,301.5821578523778,10.0,0.021491139126994744,0.023334504535215295
5,adsorption,4908.0,100.04843922870212,12.285115295286259,0.12279167361325394,4.582742469000985,0.9964386581724713,0.11946948978473108,1.0,301.61429518903384,10.0,0.02150484186147553,0.023151416692321944
5,adsorption,4910.0,100.04845240246017,12.306532035030017,0.1230057211232525,4.62886642184714,0.9968018321770766,0.12042292125832743,1.0,301.6454767031582,10.0,0.021518142609303813,0.022973360954139686
5,adsorption,4912.0,100.04846511969656,12.327374528789482,0.12321402946103359,4.674639171049754,0.9971281590795329,0.12137393893519607,1.0,301.6757304615087,10.0,0.02153105284729026,0.022800188859806895
5,adsorption,4914.0,100.0484774029649,12.347657857264206,0.1234167493377394,4.720070340832689,0.9974213530569959,0.12232258253499054,1.0,301.70508361195175,10.0,0.021543583693710133,0.022631758250242207
5,adsorption,4916.0,100.0484892732197,12.367396701485672,0.12361402747133826,4.765169275681162,0.9976847570169721,0.12326889217255221,1.0,301.7335624248496,10.0,0.021555745923818096,0.022467931612551218
5,adsorption,4918.0,100.04850074990345,12.386605389644261,0.12380600705459562,4.80994505038909,0.9979213793112842,0.12421290900719423,1.0,301.7611923311514,10.0,0.02156754998410156,0.022308576512702464
5,adsorption,4920.0,100.04851185107474,12.40529784877891,0.12399282727207951,4.854406479900305,0.9981339268738095,0.12515467533975577,1.0,301.7879979585395,10.0,0.02157900600583781,0.022153565563086706
5,adsorption,4922.0,100.04852259358037,12.42348764252741,0.12417462367729719,4.898562128297897,0.9983248345961009,0.12609423362363914,1.0,301.8140031644152,10.0,0.021590123817425533,0.02200277548743467
5,adsorption,4924.0,100.04853299309431,12.441188006958882,0.1243515285508246,4.942420317582388,0.9984962934509471,0.12703162661430054,1.0,301.8392310682337,10.0,0.02160091295655375,0.021856087141526613
5,adsorption,4926.0,100.04854306426785,12.458411823919885,0.12452367063373447,4.9859891353732015,0.9986502728787959,0.12796689775023545,1.0,301.86370407898943,10.0,0.02161138268040441,0.021713385745991742
5,adsorption,4928.0,100.04855282082312,12.475171642202278,0.12469117533907816,5.029276443955507,0.9987885467519343,0.1289000901449784,1.0,301.8874439275308,10.0,0.0216215419780205,0.02157455991753766
5,adsorption,4930.0,100.04856227562053,12.491479713658892,0.12485416511280313,5.072289886312204,0.9989127097631711,0.12983124670474444,1.0,301.91047168830306,10.0,0.021631399578244944,0.021439501704003997
5,adsorption,4932.0,100.04857144070111,12.507347970572734,0.12501275920752003,5.11503689300875,0.999024194876239,0.1307604107080301,1.0,301.9328078033914,10.0,0.02164096395872783,0.02130810698863848
5,adsorption,4934.0,100.04858032738856,12.522788030220445,0.1251670737280047,5.157524689233424,0.999124290362233,0.13168762482629917,1.0,301.95447210684915,10.0,0.021650243355136333,0.02118027457273036
5,adsorption,4936.0,100.04858894637503,12.537811243765669,0.12531722211980223,5.199760300882266,0.9992141543662257,0.13261293128822327,1.0,301.97548384609763,10.0,0.021659245769186288,0.021055906238329068
5,adsorption,4938.0,100.04859730770244,12.552428667454388,0.1254633148813573,5.241750560946396,0.99929482875188,0.1335363722358802,1.0,301.9958617036882,10.0,0.021667978976898903,0.02093490696424192
5,adsorption,4940.0,100.048605420866,12.56665107117076,0.12560545964941433,5.283502114465798,0.9993672487151342,0.1344579892007013,1.0,302.0156238138878,10.0,0.021676450534704766,0.020817184424768757
5,adsorption,4942.0,100.04861329485087,12.580488969649329,0.1257437615109534,5.325021424564014,0.9994322548861089,0.13537782308721524,1.0,302.0347877831824,10.0,0.021684667787287632,0.02070264889251381
5,adsorption,4944.0,100.04862093816719,12.593952610765644,0.12587832288612008,5.366314777713875,0.9994906029245259,0.13629591437081687,1.0,302.05337070784174,10.0,0.021692637874226456,0.020591213335294945
5,adsorption,4946.0,100.0486283588749,12.607051980873598,0.1260092435815516,5.407388288911016,0.9995429722297875,0.13721230287922676,1.0,302.07138919095485,10.0,0.021700367736464363,0.020482793160652112
5,adsorption,4948.0,100.0486355646491,12.619796824360769,0.12613662098576198,5.44824790605058,0.9995899727302092,0.13812702772902571,1.0,302.0888593567583,10.0,0.021707864121666365,0.02037730610534907
5,adsorption,4950.0,100.04864256278158,12.632196640546125,0.12626055003814057,5.488899415374699,0.9996321531463126,0.13904012750754244,1.0,302.10579686833415,10.0,0.021715133591070104,0.020274672308744423
5,adsorption,4952.0,100.04864936022405,12.644260684696537,0.1263811232390656,5.529348445422832,0.9996700062562122,0.13995163998208068,1.0,302.1222169402701,10.0,0.021722182524219577,0.020174814014665355
5,adsorption,4954.0,100.04865596360786,12.655997989122643,0.12649843086074233,5.569600471238247,0.9997039744614813,0.14086160218382784,1.0,302.1381343522298,10.0,0.021729017124130275,0.020077655583438422
5,adsorption,4956.0,100.04866237925276,12.667417355117363,0.12661256086662306,5.609660818766042,0.9997344551279443,0.14177005057130823,1.0,302.1535634628595,10.0,0.021735643422638135,0.01998312356586107
5,adsorption,4958.0,100.04866861322137,12.67852735866464,0.12672359896840427,5.649534668934161,0.9997618051335111,0.14267702076888336,1.0,302.16851822255035,10.0,0.021742067285293903,0.019891146421997952
5,adsorption,4960.0,100.04867467130725,12.689336365989575,0.12683162878147272,5.6892270616995155,0.9997863452232456,0.14358254758558486,1.0,302.1830121862081,10.0,0.021748294416295444,0.019801654476687892
5,adsorption,4962.0,100.0486805590596,12.69985253066084,0.12693673179591816,5.72874289930942,0.9998083630431159,0.1444866652028401,1.0,302.1970585233369,10.0,0.02175433036229872,0.01971458003305652
5,adsorption,4964.0,100.04868628180283,12.71008379543425,0.12703898739493993,5.768086950439388,0.9998281169395318,0.14538940704830386,1.0,302.21067003072955,10.0,0.02176018051737895,0.019629857200625416
5,adsorption,4966.0,100.0486918446545,12.72003790503341,0.12713847298257333,5.807263853793049,0.9998458390101084,0.14629080570245415,1.0,302.2238591435297,10.0,0.021765850127321542,0.01954742176091487
5,adsorption,4968.0,100.04869725253032,12.72972240889731,0.12723526401114996,5.846278121474367,0.9998617376947929,0.14719089307160074,1.0,302.2366379455032,10.0,0.021771344293600198,0.019467211262667712
5,adsorption,4970.0,100.04870251015845,12.739144659867435,0.12732943396816132,5.885134142318713,0.9998760001094346,0.14808970033280028,1.0,302.2490181790475,10.0,0.021776667977267926,0.01938916492332917
5,adsorption,4972.0,100.04870762209444,12.748311824507313,0.12742105447938856,5.923836185138564,0.9998887942099578,0.14898725785567696,1.0,302.261011254961,10.0,0.0217818260027691,0.01931322351161333
5,adsorption,4974.0,100.04871259272547,12.757230887452351,0.12751019535237806,5.962388401901014,0.9999002707666647,0.14988359531767584,1.0,302.27262826195835,10.0,0.021786823061664736,0.01923932939478759
5,adsorption,4976.0,100.04871742628096,12.765908650977858,0.12759692457211338,6.000794830845837,0.9999105651264621,0.15077874169286815,1.0,302.2838799759,10.0,0.021791663716256526,0.019167426478933866
5,adsorption,4978.0,100.0487221268446,12.774351742725562,0.12768130837823072,6.039059399476711,0.999919798780697,0.15167272519223388,1.0,302.29477686863703,10.0,0.02179635240306569,0.01909746010973253
5,adsorption,4980.0,100.0487266983577,12.782566620620658,0.12776341131416402,6.0771859274627555,0.9999280807721433,0.15256557334120494,1.0,302.30532911655695,10.0,0.02180089343620201,0.01902937709094218
5,adsorption,4982.0,100.04873114462687,12.790559573339365,0.12784329623181118,6.115178129495576,0.9999355089644905,0.1534573129906221,1.0,302.31554660892084,10.0,0.021805291010661313,0.018963125646490175
5,adsorption,4984.0,100.04873546933337,12.798336726203356,0.12792102435044037,6.153039618057093,0.9999421711858446,0.15434797027410288,1.0,302.32543895592454,10.0,0.02180954920552099,0.01889865533813293
5,adsorption,4986.0,100.0487396760366,12.805904046175462,0.12799665530662047,6.190773906104729,0.9999481462552438,0.1552375706605866,1.0,302.3350154964982,10.0,0.021813671987039047,0.018835917065088487
5,adsorption,4988.0,100.04874376817962,12.813267343101087,0.12807024716662493,6.228384409706543,0.999953504903334,0.15612613897668834,1.0,302.3442853059,10.0,0.021817663211679487,0.018774863038423822
5,adsorption,4990.0,100.04874774909608,12.82043227435381,0.12814185647285764,6.265874450600466,0.9999583105990473,0.15701369937879558,1.0,302.3532572030717,10.0,0.021821526629049723,0.018715446713669166
5,adsorption,4992.0,100.04875162201402,12.827404349614284,0.12821153829161652,6.303247258678452,0.9999626202925296,0.15790027538830623,1.0,302.36193975776433,10.0,0.02182526588475214,0.018657622778149228
5,adsorption,4994.0,100.04875539005955,12.834188932692943,0.12827934623130852,6.34050597442158,0.999966485082662,0.15878588991839118,1.0,302.3703412974791,10.0,0.021828884523168862,0.01860134713160732
5,adsorption,4996.0,100.04875905626386,12.84079124526608,0.12834533247978497,6.37765365122924,0.999969950806078,0.15967056525843365,1.0,302.3784699140867,10.0,0.021832385990120173,0.01854657683251317
5,adsorption,4998.0,100.04876262356163,12.84721637139553,0.12840954784952027,6.414693257795027,0.9999730585986455,0.16055432308585088,1.0,302.38633347057726,10.0,0.02183577363559033,0.018493270066235537
5,adsorption,5000.0,100.0487660948005,12.853469259949327,0.12847204180179608,6.451627680220233,0.9999758453396438,0.1614371845300699,1.0,302.3939396070164,10.0,0.021839050716122035,0.018441386162641373
5,adsorption,5002.0,100.04876947274141,12.859554727228112,0.12853286247295362,6.488459724561589,0.9999783441662723,0.1623191701446588,1.0,302.40129574770054,10.0,0.021842220397737772,0.018390885526042452
5,adsorption,5004.0,100.04877276006478,12.865477461703769,0.12859205672175042,6.525192118679442,0.9999805847953024,0.16320029987193832,1.0,302.4084091063664,10.0,0.02184528575803229,0.01834172957288281
5,adsorption,5006.0,100.04877595936891,12.871242027503094,0.12864967016418344,6.561827514273513,0.9999825938653748,0.16408059316247128,1.0,302.41528669190285,10.0,0.021848249788490457,0.01829388079709006
5,adsorption,5008.0,100.04877907317386,12.876852863297199,0.1287057471623847,6.598368489023172,0.9999843952702867,0.16496006893324944,1.0,302.42193531429956,10.0,0.021851115396915432,0.01824730269549833
5,adsorption,5010.0,100.04878210393083,12.882314290410017,0.12876033090565608,6.634817548553151,0.9999860104427643,0.16583874554185934,1.0,302.4283615901312,10.0,0.021853885409664892,0.018201959710170978
5,adsorption,5012.0,100.04878505401494,12.887630514258118,0.12881346342487085,6.671177128448626,0.9999874586231052,0.16671664085841104,1.0,302.43457194817455,10.0,0.021856562573952024,0.018157817252693987
5,adsorption,5014.0,100.04878792573282,12.89280562468516,0.12886518559580762,6.707449595886952,0.9999887570443179,0.16759377226837496,1.0,302.44057263391727,10.0,0.021859149559675863,0.01811484167729749
5,adsorption,5016.0,100.04879072132485,12.897843601584905,0.12891553719535162,6.743637251672793,0.9999899211655648,0.16847015666349022,1.0,302.4463697151828,10.0,0.021861648961739328,0.018073000235111825
5,adsorption,5018.0,100.04879344296629,12.902748317264003,0.12896455692511002,6.77974233205602,0.9999909648596556,0.16934581046388753,1.0,302.45196908715184,10.0,0.021864063302113657,0.018032261059298102
5,adsorption,5020.0,100.04879609276985,12.90752353823348,0.12901228242931606,6.8157670104457155,0.9999919005718371,0.1702207496389952,1.0,302.4573764770802,10.0,0.02186639503177788,0.017992593151065713
5,adsorption,5022.0,100.04879867278778,12.912172928308594,0.12905875032581043,6.851713399081468,0.9999927394622737,0.171094989704656,1.0,302.4625974488918,10.0,0.02186864653260999,0.017953966346064696
5,adsorption,5024.0,100.04880118501355,12.9167000515716,0.12910399623565316,6.887583550686773,0.9999934915379273,0.17196854574052287,1.0,302.4676374077181,10.0,0.021870820119260323,0.017916351298222492
5,adsorption,5026.0,100.04880363138327,12.921108374324568,0.12914805480264113,6.923379460096645,0.9999941657727542,0.17284143240703903,1.0,302.4725016043537,10.0,0.021872918040993956,0.017879719463558347
5,adsorption,5028.0,100.04880601377877,12.925401267659495,0.12919095971899358,6.959103065810703,0.9999947702130003,0.17371366394757834,1.0,302.4771951395015,10.0,0.021874942483446822,0.0178440430727006
5,adsorption,5030.0,100.04880833402693,12.929582010288202,0.12923274375363858,6.994756251574092,0.9999953120765822,0.174585254195416,1.0,302.48172296809554,10.0,0.021876895570420038,0.017809295106756683
5,adsorption,5032.0,100.04881059390355,12.933653790729876,0.1292734387740736,7.030340847778638,0.9999957978312518,0.17545621661132077,1.0,302.48608990311214,10.0,0.021878779365457488,0.017775449302888467
5,adsorption,5034.0,100.0488127951335,12.937619709195513,0.12931307576520104,7.065858633155541,0.9999962332857981,0.17632656427671195,1.0,302.49030062016266,10.0,0.02188059587376474,0.017742480115713995
5,adsorption,5036.0,100.04881493939406,12.941482780469538,0.12935168485812668,7.101311336004803,0.9999966236470513,0.17719630986850968,1.0,302.49435966084724,10.0,0.02188234704359715,0.01771036267262232
5,adsorption,5038.0,100.04881702831398,12.94524593683817,0.1293892953594308,7.136700635545576,0.9999969735805257,0.17806546573351806,1.0,302.4982714364278,10.0,0.021884034767789134,0.01767907281134702
5,adsorption,5040.0,100.04881906347488,12.948912027482239,0.12942593574509803,7.172028163333806,0.999997287269291,0.17893404387089104,1.0,302.50204023165236,10.0,0.021885660885352116,0.017648587037552205
5,adsorption,5042.0,100.04882104641622,12.95248382352269,0.12946163371094166,7.207295504567183,0.9999975684640214,0.17980205591395593,1.0,302.5056702082888,10.0,0.021887227182950192,0.017618882484093015
5,adsorption,5044.0,100.04882297863212,12.95596401953932,0.12949641618778845,7.242504199417694,0.9999978205304113,0.18066951317265134,1.0,302.50916540873845,10.0,0.02188873539641337,0.017589936921311226
5,adsorption,5046.0,100.04882486157454,12.959355233930205,0.12953030934506723,7.277655744108905,0.9999980464818341,0.1815364266433602,1.0,302.51252975893914,10.0,0.02189018721194666,0.017561728744731837
5,adsorption,5048.0,100.04882669665457,12.96266001238677,0.12956333862554145,7.312751592263022,0.9999982490205087,0.18240280700326778,1.0,302.5157670719912,10.0,0.021891584267654137,0.017534236943785145
5,adsorption,5050.0,100.04882848524359,12.965880829809258,0.12959552876445346,7.347793156100236,0.9999984305705222,0.1832686646198194,1.0,302.5188810513909,10.0,0.021892928154895734,0.017507441086408816
5,adsorption,5052.0,100.04883022867402,12.969020091691918,0.12962690380336891,7.382781807567235,0.9999985933057712,0.18413400957033815,1.0,302.5218752940669,10.0,0.021894220419561683,0.017481321313710503
5,adsorption,5054.0,100.04883192824059,12.972080135980493,0.12965748710874145,7.41771887943876,0.9999987391750247,0.1849988516410432,1.0,302.52475329333964,10.0,0.02189546256331559,0.01745585831751559
5,adsorption,5056.0,100.04883358520159,12.975063235258906,0.12968730139376727,7.452605666405077,0.999998869925114,0.1858632003345107,1.0,302.52751844184337,10.0,0.021896656044823666,0.017431033325330334
5,adsorption,5058.0,100.04883520077962,12.977971598232312,0.12971636873320821,7.487443426140316,0.9999989871220596,0.18672706488427668,1.0,302.53017403439225,10.0,0.02189780228096167,0.017406828091722292
5,adsorption,5060.0,100.04883677616253,12.980807371328252,0.12974471057939413,7.522233380340512,0.9999990921698919,0.18759045425777,1.0,302.53272327076087,10.0,0.021898902647986766,0.017383224880291752
5,adsorption,5062.0,100.04883831250484,12.983572640672376,0.12977234778196914,7.556976715727653,0.9999991863273562,0.1884533771626997,1.0,302.5351692583744,10.0,0.021899958482672132,0.017360206449233098
5,adsorption,5064.0,100.04883981092824,12.986269433582065,0.12979930060282005,7.591674585027404,0.9999992707228689,0.18931584205885688,1.0,302.5375150149247,10.0,0.021900971083411182,0.017337756042002272
5,adsorption,5066.0,100.04884127252255,12.988899720020628,0.1298255887306104,7.62632810792308,0.9999993463679847,0.1901778571623393,1.0,302.53976347091907,10.0,0.021901941711294413,0.017315857371945655
5,adsorption,5068.0,100.04884269834683,12.991465414356945,0.1298512312983667,7.660938371982995,0.9999994141695058,0.1910394304508906,1.0,302.541917472159,10.0,0.021902871591157124,0.01729449460837759
5,adsorption,5070.0,100.04884408943016,12.993968376806194,0.1298762468978786,7.695506433547335,0.9999994749401444,0.19190056967387828,1.0,302.54397978210756,10.0,0.02190376191258084,0.017273652367411095
5,adsorption,5072.0,100.04884544677218,12.996410414774841,0.12990065359314087,7.730033318635388,0.9999995294086601,0.19276128235413403,1.0,302.5459530843114,10.0,0.021904613830919347,0.01725331569535569
5,adsorption,5074.0,100.04884677134423,12.998793284586316,0.129924468937601,7.764520023746795,0.9999995782278573,0.19362157580330638,1.0,302.5478399845341,10.0,0.021905428468201312,0.017233470065829218
5,adsorption,5076.0,100.04884806408987,13.001118692638425,0.12994770998572713,7.798967516826462,0.9999996219838552,0.19448145712682088,1.0,302.5496430133198,10.0,0.021906206914219965,0.017214101364505557
5,adsorption,5078.0,100.04884932592645,13.003388296696352,0.12997039330592963,7.833376737966073,0.999999661201866,0.19534093320794663,1.0,302.55136462786675,10.0,0.021906950227325774,0.017195195861499837
5,adsorption,5080.0,100.04885055774497,13.005603708020208,0.12999253500182686,7.867748600170995,0.999999696352343,0.19620001074323215,1.0,302.553007214073,10.0,0.02190765943529444,0.01717674022622348
5,adsorption,5082.0,100.04885176041029,13.007766491160526,0.13001415071020087,7.902083990163847,0.9999997278569621,0.19705869624069192,1.0,302.5545730886656,10.0,0.0219083355362321,0.017158721509601946
5,adsorption,5084.0,100.04885293476396,13.009878166399265,0.13003525562539184,7.936383769127523,0.9999997560937027,0.19791699600930318,1.0,302.5560645011735,10.0,0.021908979499413516,0.01714112712010032
5,adsorption,5086.0,100.04885408162276,13.011940211030803,0.1300558645121041,7.97064877345927,0.9999997814016579,0.19877491617608767,1.0,302.5574836359367,10.0,0.021909592266137316,0.01712394482305167
5,adsorption,5088.0,100.04885520178024,13.013954059728855,0.13007599170907141,8.004879815377771,0.9999998040843388,0.19963246269762247,1.0,302.55883261371747,10.0,0.021910174750409725,0.017107162738278028
5,adsorption,5090.0,100.04885629600729,13.015921106187802,0.13009565114546176,8.03907768368596,0.9999998244138447,0.2004896413585179,1.0,302.56011349371795,10.0,0.021910727839804713,0.017090769323269032
5,adsorption,5092.0,100.04885736505288,13.017842704424671,0.13011485635388986,8.07324314444761,0.9999998426342076,0.20134645777032978,1.0,302.5613282753757,10.0,0.02191125239622898,0.017074753358513994
5,adsorption,5094.0,100.04885840964468,13.01972016978486,0.1301336204804688,8.107376941621409,0.99999985896422,0.2022029173865891,1.0,302.5624789000453,10.0,0.021911749256638368,0.017059103947470837
5,adsorption,5096.0,100.04885943048926,13.021554779747543,0.1301519562928601,8.141479797681402,0.9999998735999706,0.2030590255043963,1.0,302.56356725264015,10.0,0.021912219233737616,0.017043810505313523
5,adsorption,5098.0,100.04886042827326,13.023347775266595,0.13016987619367495,8.175552414228193,0.999999886717188,0.2039147872637437,1.0,302.5645951632515,10.0,0.021912663116670963,0.017028862745906252
5,adsorption,5100.0,100.04886140366362,13.02510036181494,0.1301873922309123,8.209595472587253,0.9999998984733773,0.20477020765786,1.0,302.5655644087325,10.0,0.021913081671698188,0.0170142506784441
5,adsorption,5102.0,100.048862357308,13.02681371012141,0.13020451610532355,8.243609634391074,0.9999999090097212,0.20562529153710735,1.0,302.5664767142366,10.0,0.021913475642851496,0.0169999645988997
5,adsorption,5104.0,100.04886328983567,13.02848895732341,0.1302212591819324,8.277595542141478,0.9999999184527673,0.20648004360903474,1.0,302.56733375470503,10.0,0.02191384575257062,0.016985995078581333
5,adsorption,5106.0,100.04886420185781,13.030127207983199,0.1302376325001923,8.311553819755305,0.9999999269159384,0.2073344684460049,1.0,302.56813715630886,10.0,0.021914192702319157,0.016972332959492353
5,adsorption,5108.0,100.04886509396805,13.031729534799776,0.13025364678110135,8.345485073097274,0.9999999345008919,0.20818857048954123,1.0,302.5688884978568,10.0,0.0219145171731863,0.01695896934713833
5,adsorption,5110.0,100.048865966743,13.033296979601975,0.1302693124371279,8.379389890497533,0.9999999412987406,0.20904235405088406,1.0,302.5695893121611,10.0,0.021914819826470876,0.01694589560039779
5,adsorption,5112.0,100.04886682074263,13.034830554309494,0.1302846395818153,8.413268843253906,0.9999999473911487,0.20989582331691833,1.0,302.5702410873647,10.0,0.02191510130424912,0.016933103326289535
5,adsorption,5114.0,100.04886765651094,13.036331241628341,0.1302996380367326,8.447122486121165,0.9999999528513097,0.21074898235479184,1.0,302.57084526823144,10.0,0.02191536222992672,0.016920584373876463
5,adsorption,5116.0,100.04886847457615,13.037799995916055,0.1303143173401221,8.480951357786214,0.9999999577448254,0.21160183511283223,1.0,302.5714032573994,10.0,0.021915603208775527,0.016908330825288285
5,adsorption,5118.0,100.04886927545144,13.039237744073397,0.13032868675581105,8.514755981329182,0.9999999621304918,0.2124543854251391,1.0,302.57191641659756,10.0,0.02191582482845428,0.01689633499016667
5,adsorption,5120.0,100.04887005963494,13.040645386218777,0.13034275527995265,8.548536864672462,0.9999999660610055,0.2133066370160589,1.0,302.57238606782886,10.0,0.021916027659515724,0.016884589400251067
5,adsorption,5122.0,100.04887082761078,13.042023796454414,0.13035653164868272,8.582294501017058,0.9999999695835968,0.2141585935015753,1.0,302.5728134945203,10.0,0.02191621225589915,0.0168730868015818
5,adsorption,5124.0,100.04887157984888,13.043373823681256,0.13037002434626513,8.616029369265998,0.9999999727405958,0.2150102583929327,1.0,302.5731999426384,10.0,0.02191637915540867,0.016861820148872633
5,adsorption,5126.0,100.04887231680569,13.04469629224965,0.13038324161159454,8.649741934436303,0.9999999755699407,0.21586163510069073,1.0,302.57354662177414,10.0,0.021916528880178338,0.01685078260048089
5,adsorption,5128.0,100.04887303892457,13.045992002646788,0.13039619144506678,8.683432648059426,0.999999978105634,0.21671272693655735,1.0,302.5738547061973,10.0,0.021916661937124424,0.016839967511711403
5,adsorption,5130.0,100.04887374663586,13.047261732233483,0.1304088816159432,8.71710194856988,0.9999999803781497,0.21756353711625903,1.0,302.57412533587933,10.0,0.021916778818384053,0.016829368429244585
5,adsorption,5132.0,100.04887444035774,13.048506235858492,0.1304213196684898,8.750750261676536,0.9999999824147938,0.21841406876314765,1.0,302.57435961747046,10.0,0.021916880001734716,0.016818979086550525
5,adsorption,5134.0,100.04887512049623,13.04972624647821,0.13043351292817096,8.784378000741738,0.9999999842400467,0.21926432490880435,1.0,302.5745586252981,10.0,0.021916965951022663,0.016808793396562636
5,adsorption,5136.0,100.04887578744538,13.050922475889582,0.13044546850897523,8.81798556711568,0.9999999858758317,0.22011430849997599,1.0,302.5747234022453,10.0,0.021917037116540045,0.016798805450696525
5,adsorption,5138.0,100.04887644158799,13.052095615213814,0.13045719331824857,8.851573350539054,0.99999998734183,0.22096402240041166,1.0,302.5748549608063,10.0,0.021917093935478544,0.016789009512064832
5,adsorption,5140.0,100.0488770832961,13.053246335475835,0.13046869406248607,8.885141729434705,0.9999999886556737,0.22181346938383203,1.0,302.57495428385624,10.0,0.02191713683225967,0.01677940000344276
5,adsorption,5142.0,100.04887771293055,13.054375288520273,0.13047997725648744,8.918691071226254,0.9999999898331537,0.22266265214898828,1.0,302.5750223254906,10.0,0.021917166218895452,0.016769971513540424
5,adsorption,5144.0,100.04887833084176,13.055483106909485,0.1304910492223371,8.952221732671926,0.9999999908884215,0.22351157331918362,1.0,302.5750600118995,10.0,0.02191718249536427,0.01676071878966656
5,adsorption,5146.0,100.04887893737036,13.056570404970952,0.13050191609987194,8.985734060172797,0.9999999918341593,0.22436023543717962,1.0,302.5750682421767,10.0,0.021917186049958487,0.01675163672697945
5,adsorption,5148.0,100.04887953284681,13.057637779363956,0.13051258385234624,9.019228390084969,0.9999999926817436,0.2252086409725705,1.0,302.5750478891421,10.0,0.021917177259638165,0.016742720368308463
5,adsorption,5150.0,100.04888011759206,13.0586858092163,0.13052305826779695,9.052705048970566,0.999999993441355,0.22605679232693165,1.0,302.57499980000125,10.0,0.021917156490314497,0.01673396490335401
5,adsorption,5152.0,100.04888069191773,13.05971505682173,0.13053334496601457,9.086164353913203,0.9999999941221198,0.22690469183258552,1.0,302.5749247971705,10.0,0.021917124097204893,0.016725365661069313
5,adsorption,5154.0,100.04888125612632,13.060726068213157,0.13054344940427215,9.119606612797112,0.999999994732221,0.2277523417521929,1.0,302.57482367901065,10.0,0.021917080425148408,0.016716918103508043
5,adsorption,5156.0,100.04888181051176,13.061719373571352,0.13055337688140964,9.15303212456853,0.9999999952789947,0.22859974428538024,1.0,302.5746972205135,10.0,0.02191702580890138,0.01670861782605593
5,adsorption,5158.0,100.0488823553593,13.062695487562433,0.13056313254120733,9.186441179491265,0.999999995769015,0.22944690156896413,1.0,302.57454617397144,10.0,0.021916960573425317,0.016700460552306375
5,adsorption,5160.0,100.04888289094586,13.063654909922555,0.13057272137822915,9.219834059398055,0.9999999962081719,0.23029381567663051,1.0,302.57437126963754,10.0,0.021916885034171118,0.016692442128555647
5,adsorption,5162.0,100.04888341754051,13.06459812588648,0.13058214824210626,9.253211037936461,0.9999999966017449,0.2311404886234672,1.0,302.57417321637047,10.0,0.021916799497356695,0.01668455852255733
5,adsorption,5164.0,100.04888393540432,13.065525606491851,0.13059141784057776,9.286572380807968,0.9999999969544655,0.23198692236736812,1.0,302.57395270226124,10.0,0.02191670426023679,0.016676805819742128
5,adsorption,5166.0,100.04888444479079,13.066437809076588,0.13060053474446223,9.319918345998577,0.9999999972705743,0.23283311880892896,1.0,302.5737103952376,10.0,0.021916599611363254,0.016669180218323993
5,adsorption,5168.0,100.04888494594617,13.067335177700478,0.13060950339187108,9.353249184002399,0.9999999975538715,0.2336790797947303,1.0,302.57344694365065,10.0,0.021916485830837665,0.016661678027446367
5,adsorption,5170.0,100.04888543910941,13.068218143436878,0.13061832809112406,9.386565138039863,0.9999999978077628,0.23452480711911683,1.0,302.5731629768464,10.0,0.021916363190557547,0.0166542956641528
5,adsorption,5172.0,100.04888592451256,13.06908712479472,0.13062701302496676,9.419866444269422,0.9999999980353008,0.23537030252422098,1.0,302.57285910572057,10.0,0.021916231954455336,0.01664702964899118
5,adsorption,5174.0,100.04888640238096,13.069942528120908,0.1306355622545927,9.453153331992784,0.9999999982392208,0.23621556770249488,1.0,302.5725359232564,10.0,0.021916092378730125,0.01663987660389605
5,adsorption,5176.0,100.04888687293327,13.070784747883806,0.13064397972247618,9.48642602385473,0.9999999984219745,0.23706060429861625,1.0,302.57219400504823,10.0,0.0219159447120733,0.016632833249646928
5,adsorption,5178.0,100.04888733638187,13.071614167037437,0.13065226925601262,9.519684736037014,0.9999999985857587,0.23790541390976797,1.0,302.57183390980913,10.0,0.021915789195887287,0.016625896402058814
5,adsorption,5180.0,100.04888779293303,13.072431157393034,0.13066043457123175,9.552929678446358,0.9999999987325425,0.2387499980875226,1.0,302.5714561798635,10.0,0.021915626064497845,0.016619062969666948
5,adsorption,5182.0,100.0488882427868,13.07323607989602,0.1306684792755661,9.586161054897365,0.9999999988640907,0.23959435833965403,1.0,302.5710613416259,10.0,0.021915455545360542,0.016612329951453817
5,adsorption,5184.0,100.04888868613763,13.074029284945658,0.13067640687104545,9.619379063290172,0.9999999989819849,0.24043849613069054,1.0,302.57064990606636,10.0,0.021915277859261298,0.016605694433609746
5,adsorption,5186.0,100.0488891231741,13.074811112731965,0.1306842207576643,9.652583895782657,0.9999999990876421,0.24128241288335933,1.0,302.570222369161,10.0,0.021915093220510735,0.01659915358716776
5,adsorption,5188.0,100.04888955407942,13.075581893504594,0.13069192423606912,9.68577573895791,0.9999999991823326,0.24212610998024758,1.0,302.5697792123305,10.0,0.021914901837133162,0.01659270466592198
5,adsorption,5190.0,100.04888997903146,13.076341947857085,0.13069952051039913,9.718954773986919,0.9999999992671951,0.24296958876454358,1.0,302.569320902866,10.0,0.021914703911050375,0.016586345003658656
5,adsorption,5192.0,100.04889039820273,13.077091587030202,0.13070701269131832,9.752121176786325,0.9999999993432489,0.24381285054113871,1.0,302.56884789434184,10.0,0.021914499638259536,0.016580072011798088
5,adsorption,5194.0,100.04889081176093,13.077831113170902,0.13071440379860344,9.785275118171707,0.9999999994114092,0.24465589657812428,1.0,302.5683606270167,10.0,0.021914289209006323,0.016573883177466477
5,adsorption,5196.0,100.0488912198688,13.078560819586098,0.13072169676368,9.81841676400655,0.9999999994724947,0.24549872810770126,1.0,302.5678595282234,10.0,0.021914072807952982,0.016567776061156073
5,adsorption,5198.0,100.04889162268417,13.079280991016216,0.13072889443235713,9.851546275346731,0.9999999995272403,0.2463413463269948,1.0,302.56734501274644,10.0,0.021913850614341316,0.01656174829439627
5,adsorption,5200.0,100.0488920203605,13.079991903882098,0.13073599956729404,9.884663808580841,0.9999999995763037,0.24718375239941157,1.0,302.56681748319005,10.0,0.02191362280215132,0.016555797577976105
5,adsorption,5202.0,100.04889241304664,13.080693826512906,0.1307430148502788,9.91776951556655,0.9999999996202747,0.24802594745561865,1.0,302.56627733033383,10.0,0.021913389540254853,0.01654992167992479
5,adsorption,5204.0,100.04889280088705,13.08138701938894,0.1307499428846549,9.950863543760615,0.999999999659682,0.24886793259417295,1.0,302.56572493347323,10.0,0.021913150992562334,0.016544118433326614
5,adsorption,5206.0,100.0488931840221,13.082071735376601,0.130756786197669,9.983946036351405,0.9999999996949992,0.24970970888217428,1.0,302.5651606607666,10.0,0.021912907318172727,0.01653838573410259
5,adsorption,5208.0,100.04889356258796,13.082748219952746,0.1307635472427141,10.017017132375978,0.9999999997266505,0.2505512773580111,1.0,302.5645848695407,10.0,0.02191265867150524,0.016532721540903947
5,adsorption,5210.0,100.04889393671681,13.083416711393285,0.13077022840121394,10.05007696686087,0.9999999997550169,0.2513926390311343,1.0,302.5639979066579,10.0,0.02191240520245795,0.016527123871965983
5,adsorption,5212.0,100.04889430653705,13.084077441002695,0.13077683198491677,10.08312567092371,0.9999999997804393,0.2522337948801019,1.0,302.5634001087828,10.0,0.021912147056522717,0.016521590801308664
5,adsorption,5214.0,100.04889467217329,13.084730633396669,0.13078336023872075,10.116163371884593,0.9999999998032236,0.25307474585827655,1.0,302.56279180267404,10.0,0.02191188437491138,0.016516120461271447
5,adsorption,5216.0,100.04889503374642,13.085376506478301,0.13078981534043543,10.14919019338262,0.9999999998236432,0.253915492892607,1.0,302.56217330548805,10.0,0.0219116172946867,0.01651071103902675
5,adsorption,5218.0,100.04889539137386,13.086015271844474,0.1307961994048436,10.182206255483106,0.9999999998419435,0.2547560368824572,1.0,302.5615449250589,10.0,0.02191134594888327,0.016505360773331042
5,adsorption,5220.0,100.04889574516969,13.086647134937833,0.13080251448522007,10.21521167478654,0.999999999858345,0.2555963787025338,1.0,302.5609069601842,10.0,0.02191107046663095,0.016500067954741352
5,adsorption,5222.0,100.04889609524447,13.087272295104686,0.13080876257391058,10.248206564516035,0.9999999998730442,0.25643651920388577,1.0,302.5602597008532,10.0,0.021910790973253335,0.016494830924635055
5,adsorption,5224.0,100.04889644170566,13.08789094587435,0.13081494560512336,10.281191034626952,0.9999999998862179,0.2572764592137314,1.0,302.55960342853274,10.0,0.02191050759039132,0.01648964807276143
5,adsorption,5226.0,100.04889678465757,13.088503275127385,0.1308210654566108,10.314165191904097,0.9999999998980246,0.2581161995358054,1.0,302.5589384164216,10.0,0.02191022043611274,0.016484517835498026
5,adsorption,5228.0,100.04889712420126,13.08910946523677,0.13082712395108043,10.347129140052676,0.9999999999086059,0.2589557409520038,1.0,302.55826492968765,10.0,0.021909929625015048,0.016479438695347643
5,adsorption,5230.0,100.04889746043513,13.089709693217682,0.13083312285769144,10.38008297978695,0.9999999999180891,0.25979508422258296,1.0,302.55758322570006,10.0,0.021909635268325373,0.016474409179247182
5,adsorption,5232.0,100.04889779345453,13.090304130909063,0.13083906389386998,10.413026808917596,0.9999999999265884,0.2606342300865204,1.0,302.556893554257,10.0,0.02190933747399905,0.01646942785704223
5,adsorption,5234.0,100.04889812335188,13.090892945117814,0.13084494872675004,10.445960722437155,0.9999999999342055,0.2614731792625041,1.0,302.55619615780904,10.0,0.02190903634681596,0.0164644933405378
5,adsorption,5236.0,100.04889845021731,13.091476297752369,0.13085077897450784,10.478884812602912,0.9999999999410322,0.2623119324495987,1.0,302.55549127167586,10.0,0.021908731988474248,0.016459604282327657
5,adsorption,5238.0,100.04889877413792,13.09205434597628,0.13085655620789802,10.511799169016918,0.9999999999471505,0.26315049032748233,1.0,302.55477912425465,10.0,0.021908424497680268,0.016454759374315328
5,adsorption,5240.0,100.0488990951984,13.092627242354105,0.1308622819517107,10.544703878703539,0.9999999999526339,0.2639888535571367,1.0,302.55405993722326,10.0,0.021908113970236395,0.016449957346675592
5,adsorption,5242.0,100.04889941348097,13.093195134972097,0.130867957685978,10.577599026185004,0.9999999999575483,0.26482702278169507,1.0,302.553333925737,10.0,0.02190780049912601,0.016445196966991496
5,adsorption,5244.0,100.04889972906541,13.093758167568824,0.13087358484727976,10.610484693554792,0.9999999999619527,0.2656649986265659,1.0,302.55260129862035,10.0,0.02190748417459636,0.01644047703881845
5,adsorption,5246.0,100.04890004202916,13.094316479678104,0.13087916483017167,10.643360960548735,0.9999999999659002,0.26650278170001523,1.0,302.5518622585528,10.0,0.02190716508423878,0.016435796400687673
5,adsorption,5248.0,100.04890035244752,13.094870206738488,0.13088469898827973,10.676227904614132,0.9999999999694379,0.2673403725940174,1.0,302.5511170022492,10.0,0.021906843313066707,0.016431153925380915
5,adsorption,5250.0,100.04890066039333,13.09541948020862,0.13089018863545335,10.709085600976858,0.9999999999726087,0.26817777188432346,1.0,302.55036572063483,10.0,0.021906518943591184,0.01642654851857838
5,adsorption,5252.0,100.04890096593748,13.0959644277015,0.130895635047107,10.741934122706384,0.9999999999754505,0.26901498013102476,1.0,302.54960859901513,10.0,0.021906192055894377,0.016421979117973776
5,adsorption,5254.0,100.04890126914877,13.096505173083754,0.1309010394612121,10.77477354077902,0.9999999999779973,0.26985199787929837,1.0,302.5488458172411,10.0,0.02190586272770088,0.016417444692581957
5,adsorption,5256.0,100.04890157009395,13.097041836581605,0.13090640307935672,10.807603924139354,0.99999999998028,0.270688825659534,1.0,302.5480775498691,10.0,0.02190553103444687,0.01641294424155565
5,adsorption,5258.0,100.0489018688378,13.097574534901318,0.1309117270679491,10.84042533975973,0.9999999999823258,0.27152546398777544,1.0,302.54730396631663,10.0,0.02190519704934734,0.016408476793312154
5,adsorption,5260.0,100.04890216544315,13.098103381324432,0.13091701255916938,10.873237852698077,0.9999999999841591,0.2723619133663529,1.0,302.54652523101305,10.0,0.021904860843461327,0.016404041404858065
5,adsorption,5262.0,100.04890245997119,13.098628485802854,0.13092226065191986,10.906041526154093,0.9999999999858025,0.27319817428418397,1.0,302.54574150354597,10.0,0.02190452248575509,0.01639963716086471
5,adsorption,5264.0,100.04890275248107,13.09914995506518,0.130927472412888,10.938836421523735,0.9999999999872753,0.274034247217087,1.0,302.5449529388038,10.0,0.021904182043163734,0.01639526317279005
5,adsorption,5266.0,100.04890304303035,13.099667892709517,0.13093264887747386,10.971622598452107,0.9999999999885952,0.27487013262823407,1.0,302.54415968711373,10.0,0.021903839580650862,0.016390918578153696
5,adsorption,5268.0,100.04890333167486,13.10018239929004,0.13093779105065517,11.004400114884819,0.9999999999897784,0.27570583096859,1.0,302.54336189437527,10.0,0.021903495161266263,0.016386602539831607
5,adsorption,5270.0,100.04890361846876,13.100693572408993,0.13094289990790706,11.037169027117834,0.9999999999908387,0.27654134267714664,1.0,302.542559702191,10.0,0.021903148846202435,0.016382314245207696
5,adsorption,5272.0,100.0489039034647,13.101201506807048,0.13094797639610475,11.06992938984586,0.9999999999917888,0.2773766681813113,1.0,302.5417532479923,10.0,0.021902800694848925,0.016378052905488147
5,adsorption,5274.0,100.04890418671376,13.101706294441252,0.13095302143430299,11.102681256209353,0.9999999999926404,0.27821180789737476,1.0,302.54094266516216,10.0,0.02190245076484539,0.016373817755112405
5,adsorption,5276.0,100.04890446826545,13.102208024566742,0.13095803591455252,11.135424677840113,0.9999999999934037,0.27904676223063585,1.0,302.5401280831542,10.0,0.021902099112133012,0.01636960805089992
5,adsorption,5278.0,100.04890474816793,13.102706783822718,0.1309630207027594,11.168159704905529,0.999999999994088,0.2798815315758067,1.0,302.5393096276079,10.0,0.02190174579100443,0.01636542307146613
5,adsorption,5280.0,100.04890502646786,13.103202656301987,0.13096797663937995,11.200886386151558,0.9999999999947011,0.280716116317436,1.0,302.53848742046097,10.0,0.02190139085415213,0.016361262116679442
5,adsorption,5282.0,100.04890530321056,13.103695723626105,0.130972904540172,11.233604768944469,0.9999999999952508,0.28155051683005744,1.0,302.53766158005794,10.0,0.021901034352715502,0.016357124506909813
5,adsorption,5284.0,100.04890557844011,13.104186065023132,0.13097780519697158,11.266314899311325,0.9999999999957432,0.28238473347849685,1.0,302.536832221256,10.0,0.021900676336326544,0.016353009582439248
5,adsorption,5286.0,100.04890585219916,13.104673757393437,0.1309826793783511,11.299016821979261,0.9999999999961847,0.2832187666182779,1.0,302.5359994555273,10.0,0.021900316853154092,0.01634891670298181
5,adsorption,5288.0,100.04890612452911,13.105158875376874,0.13098752783029047,11.33171058041369,0.9999999999965804,0.284052616595772,1.0,302.5351633910585,10.0,0.021899955949946856,0.016344845247007838
5,adsorption,5290.0,100.04890639547025,13.105641491423336,0.13099235127688208,11.36439621685529,0.999999999996935,0.2848862837485021,1.0,302.53432413284764,10.0,0.021899593672075234,0.01634079461122472
5,adsorption,5292.0,100.0489066650616,13.106121675854189,0.13099715042094526,11.397073772355986,0.9999999999972529,0.2857197684054402,1.0,302.53348178279754,10.0,0.021899230063571827,0.016336764210074347
5,adsorption,5294.0,100.04890693334116,13.106599496924549,0.1310019259446481,11.429743286813842,0.9999999999975376,0.28655307088721504,1.0,302.532636439807,10.0,0.021898865167170673,0.01633275347517528
5,adsorption,5296.0,100.04890720034565,13.10707502088496,0.13100667851012449,11.462404799006942,0.9999999999977931,0.28738619150639527,1.0,302.531788199859,10.0,0.021898499024345527,0.01632876185485236
5,adsorption,5298.0,100.0489074661108,13.107548312039839,0.1310114087600578,11.495058346626289,0.9999999999980218,0.2882191305676824,1.0,302.53093715610675,10.0,0.021898131675346936,0.016324788813608347
5,adsorption,5300.0,100.0489077306712,13.108019432804149,0.1310161173182476,11.52770396630769,0.999999999998227,0.2890518883681597,1.0,302.5300833989564,10.0,0.021897763159238158,0.016320833831665858
5,adsorption,5302.0,100.04890799406063,13.108488443759986,0.13102080479017492,11.56034169366276,0.9999999999984109,0.2898844651975573,1.0,302.5292270161484,10.0,0.021897393513930125,0.016316896404540877
5,adsorption,5304.0,100.04890825631168,13.108955403708505,0.13102547176352133,11.59297156330903,0.9999999999985757,0.29071686133844354,1.0,302.5283680928356,10.0,0.02189702277621533,0.016312976042572442
5,adsorption,5306.0,100.04890851745606,13.109420369722939,0.13103011880869914,11.6255936088991,0.9999999999987235,0.29154907706632893,1.0,302.52750671165944,10.0,0.021896650981800804,0.016309072270397625
5,adsorption,5308.0,100.04890877752456,13.109883397202317,0.1310347464793877,11.65820786314895,0.9999999999988558,0.2923811126500478,1.0,302.5266429528237,10.0,0.021896278165339855,0.01630518462668165
5,adsorption,5310.0,100.04890903654699,13.110344539914296,0.13103935531296204,11.690814357865497,0.9999999999989745,0.29321296835191546,1.0,302.5257768941663,10.0,0.021895904360463216,0.016301312663671786
5,adsorption,5312.0,100.04890929455236,13.110803850047962,0.13104394583102008,11.723413123973314,0.9999999999990806,0.2940446444277754,1.0,302.5249086112291,10.0,0.021895529599809168,0.01629745594667527
5,adsorption,5314.0,100.04890955156884,13.111261378260723,0.13104851853985178,11.756004191540486,0.9999999999991759,0.29487614112738086,1.0,302.52403817732505,10.0,0.02189515391505267,0.016293614053840513
5,adsorption,5316.0,100.04890980762373,13.111717173717954,0.131053073930835,11.78858758980381,0.9999999999992614,0.2957074586944608,1.0,302.52316566360423,10.0,0.021894777336933697,0.016289786575683213
5,adsorption,5318.0,100.04891006274353,13.11217128414278,0.1310576124809332,11.821163347193208,0.9999999999993379,0.29653859736690363,1.0,302.5222911391172,10.0,0.021894399895284848,0.016285973114728992
5,adsorption,5320.0,100.04891031695396,13.11262375585531,0.13106213465308764,11.853731491355402,0.9999999999994067,0.29736955737699716,1.0,302.5214146708767,10.0,0.021894021619057888,0.016282173285219838
5,adsorption,5322.0,100.04891057027999,13.113074633813046,0.1310666408966211,11.886292049176951,0.9999999999994681,0.29820033895148845,1.0,302.52053632391795,10.0,0.021893642536349855,0.016278386712680122
5,adsorption,5324.0,100.04891082274588,13.113523961654678,0.1310711316476756,11.918845046806561,0.9999999999995233,0.29903094231184757,1.0,302.5196561613566,10.0,0.021893262674428118,0.016274613033672166
5,adsorption,5326.0,100.04891107437517,13.113971781734113,0.1310756073295525,11.951390509676783,0.9999999999995728,0.2998613676743956,1.0,302.5187742444451,10.0,0.02189288205975477,0.016270851895448406
5,adsorption,5328.0,100.04891132519066,13.114418135160896,0.13108006835311667,11.983928462525055,0.999999999999617,0.30069161525038524,1.0,302.51789063262805,10.0,0.021892500718010424,0.01626710295557727
5,adsorption,5330.0,100.04891157521452,13.11486306183822,0.13108451511717606,12.016458929414101,0.9999999999996566,0.30152168524623396,1.0,302.51700538359495,10.0,0.02189211867411724,0.016263365881712788
5,adsorption,5332.0,100.04891182446826,13.115306600493748,0.13108894800879012,12.048981933751755,0.9999999999996922,0.302351577863657,1.0,302.516118553332,10.0,0.0218917359522611,0.016259640351290357
5,adsorption,5334.0,100.04891207297281,13.115748788718262,0.13109336740365563,12.081497498310226,0.9999999999997241,0.30318129329973925,1.0,302.5152301961721,10.0,0.021891352575913393,0.01625592605118269
5,adsorption,5336.0,100.04891232074844,13.11618966299836,0.13109777366643383,12.114005645244742,0.9999999999997529,0.30401083174715954,1.0,302.5143403648439,10.0,0.021890968567852057,0.01625222267749865
5,adsorption,5338.0,100.04891256781472,13.116629258746425,0.13110216715104991,12.14650639611171,0.9999999999997785,0.304840193394267,1.0,302.5134491105187,10.0,0.021890583950182018,0.016248529935265838
5,adsorption,5340.0,100.04891281419084,13.11706761033559,0.13110654820104228,12.178999771886302,0.9999999999998014,0.3056693784252111,1.0,302.5125564828563,10.0,0.021890198744354907,0.016244847538171434
5,adsorption,5342.0,100.04891305989538,13.117504751127447,0.13111091714983955,12.211485792979527,0.999999999999822,0.306498387020088,1.0,302.5116625300498,10.0,0.021889812971188444,0.016241175208327498
5,adsorption,5344.0,100.0489133049462,13.117940713503534,0.13111527432107564,12.243964479254798,0.9999999999998406,0.30732721935501567,1.0,302.51076729886836,10.0,0.021889426650884943,0.01623751267598612
5,adsorption,5346.0,100.0489135493608,13.118375528894513,0.1311196200288806,12.276435850044033,0.9999999999998571,0.30815587560231383,1.0,302.5098708346994,10.0,0.02188903980304957,0.016233859679354
5,adsorption,5348.0,100.04891379315625,13.118809227805,0.1311239545781294,12.308899924163288,0.9999999999998719,0.30898435593059037,1.0,302.5089731815895,10.0,0.02188865244670792,0.016230215964337196
5,adsorption,5350.0,100.04891403634879,13.11924183984412,0.13112827826474724,12.34135671992789,0.9999999999998851,0.3098126605047901,1.0,302.5080743822832,10.0,0.021888264600322976,0.016226581284263533
5,adsorption,5352.0,100.04891427895453,13.119673393752366,0.13113259137597771,12.373806255167151,0.9999999999998971,0.31064078948637397,1.0,302.50717447826213,10.0,0.021887876281811852,0.01622295539972609
5,adsorption,5354.0,100.04891452098899,13.120103917422723,0.13113689419059407,12.406248547238675,0.9999999999999077,0.311468743033483,1.0,302.5062735097815,10.0,0.02188748750856168,0.016219338078421595
5,adsorption,5356.0,100.04891476246713,13.120533437927888,0.13114118697917146,12.438683613042217,0.9999999999999174,0.31229652130084257,1.0,302.505371515907,10.0,0.0218870982974454,0.016215729094777025
5,adsorption,5358.0,100.04891500340354,13.120961981549236,0.13114547000437612,12.4711114690331,0.9999999999999258,0.3131241244399805,1.0,302.50446853454895,10.0,0.021886708664836833,0.01621212822985286
5,adsorption,5360.0,100.04891524381242,13.121389573791747,0.13114974352111478,12.503532131235291,0.9999999999999336,0.3139515525994213,1.0,302.503564602497,10.0,0.02188631862662533,0.016208535271233705
5,adsorption,5362.0,100.04891548370755,13.121816239409496,0.1311540077767891,12.535945615254098,0.9999999999999404,0.3147788059245732,1.0,302.502659755453,10.0,0.021885928198230157,0.016204950012664372
5,adsorption,5364.0,100.04891572310228,13.122242002433952,0.131158263011579,12.568351936288451,0.9999999999999467,0.31560588455791455,1.0,302.5017540280627,10.0,0.021885537394614244,0.016201372253950297
5,adsorption,5366.0,100.04891596200954,13.122666886187021,0.13116250945857272,12.600751109142847,0.9999999999999521,0.3164327886391525,1.0,302.5008474539473,10.0,0.021885146230297737,0.01619780180084137
5,adsorption,5368.0,100.04891620044194,13.123090913303846,0.1311667473439945,12.633143148238966,0.999999999999957,0.31725951830518623,1.0,302.4999400657335,10.0,0.021884754719370975,0.016194238464755904
5,adsorption,5370.0,100.04891643841162,13.123514105757202,0.13117097688744891,12.665528067626882,0.9999999999999615,0.31808607369019926,1.0,302.4990318950826,10.0,0.02188436287550716,0.01619068206262313
5,adsorption,5372.0,100.04891667593054,13.123936484873852,0.13117519830208385,12.697905880995979,0.9999999999999654,0.3189124549258188,1.0,302.4981229727193,10.0,0.02188397071197466,0.01618713241678963
5,adsorption,5374.0,100.04891691301005,13.124358071351182,0.13117941179475706,12.73027660168558,0.999999999999969,0.31973866214118746,1.0,302.4972133284587,10.0,0.0218835782416489,0.01618358935485623
5,adsorption,5376.0,100.0489171496614,13.124778885279639,0.13118361756626026,12.762640242695223,0.9999999999999721,0.3205646954628817,1.0,302.49630299123396,10.0,0.021883185477024086,0.016180052709392136
5,adsorption,5378.0,100.04891738589555,13.125198946161895,0.1311878158115105,12.79499681669463,0.9999999999999749,0.3213905550151975,1.0,302.4953919891216,10.0,0.021882792430224278,0.016176522317968883
5,adsorption,5380.0,100.04891762172277,13.125618272922726,0.13119200671964962,12.82734633603343,0.9999999999999775,0.3222162409201286,1.0,302.4944803493668,10.0,0.021882399113014334,0.016172998022936726
5,adsorption,5382.0,100.04891785715346,13.126036883933104,0.13119619047428407,12.85968881275054,0.9999999999999798,0.323041753297309,1.0,302.49356809840845,10.0,0.021882005536810634,0.016169479671178048
5,adsorption,5384.0,100.04891809219744,13.126454797026337,0.13120036725364687,12.89202425858326,0.9999999999999819,0.32386709226432114,1.0,302.4926552619021,10.0,0.021881611712691106,0.01616596711417883
5,adsorption,5386.0,100.04891832686427,13.126872029507371,0.13120453723069045,12.924352684976194,0.9999999999999838,0.32469225793658746,1.0,302.4917418647437,10.0,0.021881217651405434,0.016162460207748187
5,adsorption,5388.0,100.04891856116345,13.12728859817528,0.13120870057331108,12.956674103089814,0.9999999999999856,0.3255172504274657,1.0,302.4908279310917,10.0,0.021880823363384656,0.01615895881191914
5,adsorption,5390.0,100.04891879510387,13.12770451933604,0.13121285744447722,12.988988523808832,0.9999999999999871,0.3263420698483634,1.0,302.4899134843888,10.0,0.021880428858750457,0.01615546279087027
5,adsorption,5392.0,100.04891902869443,13.128119808814443,0.13121700800234778,13.021295957750295,0.9999999999999883,0.32716671630871913,1.0,302.4889985473832,10.0,0.021880034147324475,0.01615197201273883
5,adsorption,5394.0,100.04891926194367,13.128534481971528,0.13122115240044702,13.05359641527142,0.9999999999999896,0.32799118991610704,1.0,302.48808314214875,10.0,0.021879639238637037,0.01614848634954536
5,adsorption,5396.0,100.04891949485983,13.128948553717658,0.13122529078779482,13.08588990647725,0.9999999999999907,0.3288154907762866,1.0,302.4871672901052,10.0,0.021879244141935712,0.016145005677074265
5,adsorption,5398.0,100.04891972745096,13.12936203852406,0.13122942330902237,13.118176441228062,0.9999999999999916,0.32963961899324723,1.0,302.4862510120372,10.0,0.021878848866193706,0.01614152987475652
5,adsorption,5400.0,100.04891995972486,13.129774950436145,0.13123355010450483,13.15045602914615,0.9999999999999926,0.33046357466925674,1.0,302.4853343281122,10.0,0.02187845342011758,0.01613805882556755
5,evacuation,5400.0,100.04891995972486,13.129774950436145,0.13123355010450483,13.15045602914615,0.9999999999999926,0.33046357466925674,1.0,302.4853343281122,10.0,0.02187845342011758,0.01613805882556755
5,evacuation,5402.0,5.005244897530625,2.7902124010359945,0.557457718484977,13.099787687508625,0.9480758556140894,0.2705608189051875,1.0,302.31152065244976,10.0,0.021803558182090645,-0.045888634454211374
5,evacuation,5404.0,5.007774409194541,3.4856596698280415,0.6960496589918636,12.970741939059566,0.8802204365393633,0.22151646301237365,1.0,302.04132051923955,10.0,0.021687469410228553,-0.0817595828570169
5,evacuation,5406.0,5.009538254406035,3.8237473830540814,0.7632933793231311,12.778348653447674,0.812305957951915,0.18136234059042186,1.0,301.67353542688966,10.0,0.021530115983011383,-0.10930739438147224
5,evacuation,5408.0,5.010750394254453,4.030204378967593,0.804311542556341,12.538386014107896,0.7478791735627727,0.14848692576763067,1.0,301.2353801263618,10.0,0.021343649471386672,-0.1295489148964453
5,evacuation,5410.0,5.011542904402924,4.171021927045602,0.8322829928046956,12.264140851897647,0.688057025626051,0.12157081269912923,1.0,300.7490207089335,10.0,0.021137931853254074,-0.14380393566964128
5,evacuation,5412.0,5.012013989416178,4.273863382634538,0.8527237536965409,11.966355770027445,0.6331064663480205,0.09953376326978773,1.0,300.23206954039756,10.0,0.020920728327489445,-0.15327446468953648
5,evacuation,5414.0,5.012239906198514,4.352595870696616,0.8683933634768495,11.653548348540426,0.5829304653547668,0.08149135344676475,1.0,299.6983010694802,10.0,0.02069802660662645,-0.15898091852597915
5,evacuation,5416.0,5.0122804779521095,4.415004436030333,0.8808374661894803,11.332377261133391,0.5372678484533904,0.06671947831089971,1.0,299.158340204451,10.0,0.02047435765007542,-0.16176427059295337
5,evacuation,5418.0,5.012182646857137,4.46582112496191,0.8909932936626282,11.007982690858904,0.4957879502350837,0.05462529152201727,1.0,298.6202680799751,10.0,0.020253083831371015,-0.16230590078067642
5,evacuation,5420.0,5.0119831309492255,4.508097221350429,0.8994637658520281,10.684281759713617,0.45813884811054045,0.0447234091211471,1.0,298.09013464214695,10.0,0.02003664481249268,-0.16115152623991974
5,evacuation,5422.0,5.0117105217788955,4.543892603566031,0.9066550399948453,10.364216280848204,0.42397255782228854,0.03661643582632957,1.0,297.57238231933417,10.0,0.019826760830559963,-0.15873438341590446
5,evacuation,5424.0,5.011386968788375,4.574649468133146,0.9128509725201245,10.049956655819692,0.39295810343462717,0.02997900571426483,1.0,297.07019137492733,10.0,0.019624597484646986,-0.1553959378716254
5,evacuation,5426.0,5.011029530788089,4.601408091512096,0.9182560316678933,9.74306704656893,0.36478772759804234,0.02454473800390825,1.0,296.58575761498037,10.0,0.019430897006982396,-0.15140357449048975
5,evacuation,5428.0,5.010683119839772,4.625794330614781,0.9231863640107221,9.444256887922002,0.33917289815855234,0.020095535046629958,1.0,296.1199093343897,10.0,0.01924584226669297,-0.1474333717112651
5,evacuation,5430.0,5.010330297069526,4.647688019388215,0.9276210836053234,9.153533807792437,0.3158450716530902,0.016452832147462477,1.0,295.67236881892694,10.0,0.019069178666295847,-0.1432452551068025
5,evacuation,5432.0,5.00997066719673,4.667269444644631,0.9315961618705736,8.87141474431809,0.2945770643007558,0.013470437916398788,1.0,295.24367771021844,10.0,0.018900981067807902,-0.1388478858699357
5,evacuation,5434.0,5.009610037356838,4.684905675625032,0.935183705056786,8.59821624494855,0.27516469539891975,0.011028662260701864,1.0,294.8340639050092,10.0,0.018741203571771788,-0.1343387916513911
5,evacuation,5436.0,5.009252703010856,4.700886746075043,0.938440726547801,8.334084239325922,0.2574244458050598,0.009029505721388978,1.0,294.4434914388598,10.0,0.018589702664601738,-0.129792068090022
5,evacuation,5438.0,5.008901787195926,4.715444917179676,0.9414129319192476,8.079035574195858,0.24119172441259293,0.007392736068960035,1.0,294.07172831110483,10.0,0.0184462661587113,-0.12526340763900595
5,evacuation,5440.0,5.008559507632741,4.728768437950267,0.9441374173040993,7.832990739224234,0.22631911136602859,0.006052661940161003,1.0,293.7183996246674,10.0,0.018310635311975437,-0.12079410618337488
5,evacuation,5442.0,5.008227385495428,4.741011609651663,0.9466446398544799,7.595799305599251,0.21267466077510405,0.004955501789676589,1.0,293.3830286257025,10.0,0.01818252145955957,-0.11641422522929298
5,evacuation,5444.0,5.007906409155796,4.752302217930678,0.9489598705842816,7.367259824061608,0.20014030834527896,0.004057222738956239,1.0,293.06506858133986,10.0,0.018061618544636122,-0.11214509774778327
5,evacuation,5446.0,5.007597161910146,4.762747123133218,0.9511042859758452,7.1471352230878935,0.1886104027497837,0.003321773856652348,1.0,292.76392724205573,10.0,0.01794761240763453,-0.10800130192358416
5,evacuation,5448.0,5.007299921608974,4.772436509411917,0.9530957969616508,6.935164704913656,0.17799036893630782,0.0027196390650046074,1.0,292.4789855576516,10.0,0.017840187613264082,-0.10399221587604104
5,evacuation,5450.0,5.007014738129831,4.781447139456037,0.9549496834998241,6.731072873339226,0.16819550168375041,0.0022266526806423675,1.0,292.209611869896,10.0,0.01773903238424059,-0.10012323940020283
5,evacuation,5452.0,5.006741493515869,4.789844883146492,0.9566790874563276,6.534576693370087,0.15914988327828336,0.001823029495963957,1.0,291.9551725788989,10.0,0.017643842094747834,-0.09639675270122004
5,evacuation,5454.0,5.006479948499698,4.797686695450525,0.9582953981246358,6.345390748941079,0.15078541688159247,0.001492570745707435,1.0,291.71504005556443,10.0,0.017554321668966113,-0.09281286704085774
5,evacuation,5456.0,5.006229778368243,4.8050221719704815,0.959808555478781,6.163231170730526,0.14304096566144892,0.0012220139215063802,1.0,291.48859841422666,10.0,0.01747018715350806,-0.08937001120488539
5,evacuation,5458.0,5.005990600478461,4.81189478767567,0.9612272918003001,5.987818523765455,0.1358615880294733,0.0010005006796333894,1.0,291.27524762240904,10.0,0.01739116666865051,-0.08606538817099488
5,evacuation,5460.0,5.0057619952746215,4.818342891128935,0.9625593257684629,5.81887988995303,0.1291978589107515,0.0008191409687369514,1.0,291.07440633317276,10.0,0.01731700089986625,-0.08289532985984734
5,evacuation,5462.0,5.005543522204324,4.824400495863933,0.9638115170636616,5.656150324956645,0.1230052679237466,0.0006706561308539467,1.0,290.8855137332145,10.0,0.017247443250094467,-0.07985557145486663
5,evacuation,5464.0,5.005334731672931,4.8300979380322335,0.9649899950682962,5.499373829783933,0.11724368643746717,0.0005490870102613936,1.0,290.7080306353895,10.0,0.017182259744483692,-0.07694146216120719
5,evacuation,5466.0,5.005135173918405,4.8354623969829404,0.9661002608241985,5.348303955243093,0.11187689516472152,0.0004495546392910421,1.0,290.54144000691264,10.0,0.01712122876204907,-0.07414812655964642
5,evacuation,5468.0,5.004944405499361,4.840518334807107,0.9671472733020601,5.2027041235208165,0.10687216548858751,0.0003680643755784808,1.0,290.3852470691128,10.0,0.017064140645851603,-0.07147058686806736
5,evacuation,5470.0,5.004761993936786,4.845287862398612,0.9681355213831596,5.062347735602934,0.10219988900946571,0.0003013457805197657,1.0,290.238979079344,10.0,0.0170107972323906,-0.06890385447100154
5,evacuation,5472.0,5.004587520901243,4.849791015890421,0.9690690782478423,4.927018122404821,0.09783324836319753,0.00024672122697712577,1.0,290.1021848868032,10.0,0.016961011332859856,-0.06644299785890836
5,evacuation,5474.0,5.004420584418846,4.854046060955364,0.9699516615506557,4.7965083787680225,0.09374792581198173,0.00020199838494975103,1.0,289.9744343246468,10.0,0.01691460618746561,-0.06408319191212938
5,evacuation,5476.0,5.004260800035378,4.858069610267392,0.9707866564894156,4.670621113039857,0.08992184404378706,0.00016538239815473317,1.0,289.8553174895824,10.0,0.01687141490949669,-0.061819752606392143
5,evacuation,5478.0,5.004107801686623,4.861876946188679,0.9715771799620292,4.549168139897217,0.08633493710911627,0.00013540379731055658,1.0,289.74444395245723,10.0,0.01683127993281038,-0.059648160741778485
5,evacuation,5480.0,5.0039612416982955,4.865482017968161,0.972326079871247,4.431970134704324,0.08296894418216434,0.00011085937375958337,1.0,289.6414419265418,10.0,0.016794052470189533,-0.057564077170898356
5,evacuation,5482.0,5.003820790810817,4.868897688617493,0.9730359843339911,4.318856263351206,0.07980722957112267,9.076406405117434e-05,1.0,289.5459574170306,10.0,0.016759591988885793,-0.05556335126497503
5,evacuation,5484.0,5.0036861377178905,4.872135797183666,0.973709314110932,4.209663800989668,0.07683462003614665,7.431143134175748e-05,1.0,289.4576533696784,10.0,0.016727765707694582,-0.05364202455912098
5,evacuation,5486.0,5.003556988533865,4.875207271792841,0.9743483052086446,4.104237747384156,0.0740372600637336,6.084116630079374e-05,1.0,289.3762088304519,10.0,0.01669844811782851,-0.051796330800801996
5,evacuation,5488.0,5.003433066127893,4.878122222832086,0.9749550275501571,4.00243044471741,0.07140248337767824,4.981262567179858e-05,1.0,289.301318124859,10.0,0.01667152052882299,-0.05002269315922166
5,evacuation,5490.0,5.00331410935214,4.880890003208697,0.9755313970964548,3.904101203164683,0.06891869794246937,4.078319592273668e-05,1.0,289.2326900639525,10.0,0.01664687064024499,-0.048317719464376276
5,evacuation,5492.0,5.003199872269657,4.883519292593367,0.9760791927702864,3.8091159377082904,0.06657528317939332,3.339053902716261e-05,1.0,289.1700471815248,10.0,0.01662439213922233,-0.046678196113835294
5,evacuation,5494.0,5.003090123330183,4.886018145144833,0.9766000660992644,3.71734681765031,0.06436249768440772,2.733795134877533e-05,1.0,289.1131250034361,10.0,0.01660398432266693,-0.04510108112180588
5,evacuation,5496.0,5.002984644578254,4.888394050966469,0.9770955536039938,3.6286719309364672,0.06227139692334442,2.2382505292512818e-05,1.0,289.0616713523468,10.0,0.016585551744036427,-0.043583496506855
5,evacuation,5498.0,5.002883230839222,4.890653979630477,0.9775670856123662,3.5429749638240406,0.060293759247384456,1.832530293906779e-05,1.0,289.0154456872484,10.0,0.01656900388321061,-0.04212272040190111
5,evacuation,5500.0,5.002785688955089,4.892804423587597,0.9780159950464591,3.4601448971239783,0.058422019757771095,1.5003538032371805e-05,1.0,288.97421847948357,10.0,0.016554254839001838,-0.04071617904456938
5,evacuation,5502.0,5.002691837040729,4.8948514378291765,0.978443525461016,3.380075718123198,0.05664921066194054,1.2283936532547364e-05,1.0,288.93777062250206,10.0,0.016541223042333197,-0.03936143884909028
5,evacuation,5504.0,5.002601503770577,4.89680067369103,0.9788508379090756,3.3026661468580603,0.05496890717675228,1.0057318287780882e-05,1.0,288.90589287217784,10.0,0.016529830988071453,-0.03805619864442934
5,evacuation,5506.0,5.002514527704512,4.898657411211827,0.9792390175145894,3.2278193795609638,0.05337517953948454,8.234295759345342e-06,1.0,288.8783853232274,10.0,0.01652000498670567,-0.036798282066153404
5,evacuation,5508.0,5.0024307566495,4.900426587222643,0.9796090791878993,3.1554428467625684,0.05186254960802897,6.741713350709448e-06,1.0,288.8550569159076,10.0,0.016511674933079472,-0.03558563026038074
5,evacuation,5510.0,5.00235004705818,4.902112820709541,0.9799619727916505,3.0854479851452505,0.05042595148930434,5.519682949591772e-06,1.0,288.8357249709191,10.0,0.016504774090801762,-0.03441629492925477
5,evacuation,5512.0,5.002272263468745,4.903720437431395,0.9802985881522149,3.0177500237400374,0.04906069619304601,4.51919113847072e-06,1.0,288.8202147536389,10.0,0.01649923889216842,-0.033288431701011846
5,evacuation,5514.0,5.002197277970122,4.9052534916066275,0.9806197594824101,2.9522677806333233,0.04776243905725285,3.7000676374719614e-06,1.0,288.8083590597295,10.0,0.016495008750246447,-0.03220029385109667
5,evacuation,5516.0,5.002124969713315,4.906715785530551,0.9809262693834234,2.8889234743780317,0.04652715093250527,3.0294152921304373e-06,1.0,288.79999783057224,10.0,0.0164920258856787,-0.03115022634888741
5,evacuation,5518.0,5.0020552244480285,4.908110887750242,0.9812188525551209,2.8276425468198676,0.04535109202922714,2.480314153345352e-06,1.0,288.79497779167883,10.0,0.016490235165355815,-0.030136660257686205
5,evacuation,5520.0,5.001987934094073,4.9094421495068605,0.9814981991546978,2.7683534963707386,0.04423078807483732,2.0307385628769385e-06,1.0,288.7931521120669,10.0,0.016489583951869773,-0.029158107479661077
5,evacuation,5522.0,5.0019229963411185,4.910712719937375,0.9817649579030978,2.710987721014595,0.04316300855196591,1.6626550478980875e-06,1.0,288.79438008315327,10.0,0.016490021962905343,-0.028213155826280027
5,evacuation,5524.0,5.0018603142768665,4.911925560601372,0.9820197390521297,2.6554793709420643,0.042144746952745955,1.3612915497670859e-06,1.0,288.7985268169617,10.0,0.016491501140201162,-0.027300464393565895
5,evacuation,5526.0,5.001799796040707,4.913083458491107,0.9822631170444233,2.6017652104072857,0.04117320288930775,1.114550906984907e-06,1.0,288.8054629628,10.0,0.016493975527514915,-0.026418759229642572
5,evacuation,5528.0,5.001741354501488,4.914189037564832,0.9824956328743666,2.549784488046164,0.040245765824441365,9.125315058344812e-07,1.0,288.8150644408469,10.0,0.01649740115679818,-0.02556682928434618
5,evacuation,5530.0,5.001684906958628,4.915244769949263,0.9827177963791554,2.4994788149285867,0.03936000021707677,7.471290185936648e-07,1.0,288.8272121911795,10.0,0.016501735941843638,-0.024743522626234773
5,evacuation,5532.0,5.001630374864452,4.916252986474011,0.9829300883928763,2.450792049843645,0.03851363194729814,6.117075809864575e-07,1.0,288.841791937245,10.0,0.016506939578857637,-0.023947742908872974
5,evacuation,5534.0,5.001577683565408,4.917215885747119,0.9831329626058808,2.403670191431532,0.03770453592714381,5.008325534098725e-07,1.0,288.8586939630181,10.0,0.016512973453514632,-0.023178446069446985
5,evacuation,5536.0,5.001526762061736,4.918135542753121,0.9833268473256676,2.3580612767444324,0.03693072479642019,4.1005398249657914e-07,1.0,288.87781290301086,10.0,0.016519800554041137,-0.022434637245594205
5,evacuation,5538.0,5.001477542784708,4.919013917444173,0.9835121472334711,2.3139152857793657,0.036190338583341516,3.3572917180397573e-07,1.0,288.8990475442208,10.0,0.016527385389863355,-0.021715367897417074
5,evacuation,5540.0,5.001429961388858,4.919852862080862,0.9836892448884074,2.271184051555265,0.03548163522800432,2.7487615519015536e-07,1.0,288.92230063916645,10.0,0.016535693915388668,-0.021019733121190803
5,evacuation,5542.0,5.001383956558356,4.920654127643096,0.9838585020433398,2.229821175368098,0.03480298190003978,2.2505329517628702e-07,1.0,288.9474787292934,10.0,0.016544693458551755,-0.02034686914122756
5,evacuation,5544.0,5.001339469827871,4.921419370782286,0.9840202610665147,2.1897819468974267,0.034152847040472584,1.8426119671348778e-07,1.0,288.97449197810846,10.0,0.016554352653793424,-0.01969595096738852
5,evacuation,5546.0,5.001296445415631,4.922150160214147,0.9841748462493096,2.1510232688500674,0.033529793051481356,1.508628282137723e-07,1.0,289.003254013417,10.0,0.01656464137915652,-0.0190661902070086
5,evacuation,5548.0,5.00125483006685,4.922847981409358,0.9843225647719205,2.113503585836472,0.032932469581812646,1.2351803293777727e-07,1.0,289.03368177806624,10.0,0.016575530697202287,-0.01845683302077635
5,evacuation,5550.0,5.001214572908641,4.923514241718139,0.9844637077538323,2.0771828171965905,0.032359607362390644,1.0112964754335161e-07,1.0,289.0656953886395,10.0,0.016586992799473274,-0.017867158212523496
5,evacuation,5552.0,5.001175625315892,4.9241502763776905,0.9845985514789164,2.042022293517719,0.03181001252656282,8.279932760423234e-08,1.0,289.09921800158924,10.0,0.01659900095425154,-0.01729647544339339
5,evacuation,5554.0,5.001137940784571,4.92475735241557,0.9847273581985987,2.0079846966075405,0.03128256136978769,6.779149563992353e-08,1.0,289.134175686344,10.0,0.016611529457384307,-0.016744123561592102
5,evacuation,5556.0,5.001101474812799,4.925336671484963,0.9848503767201262,1.9750340027003686,0.03077619553582834,5.5503901930266114e-08,1.0,289.17049730495893,10.0,0.016624553585967226,-0.01620946903965631
5,evacuation,5558.0,5.0010661847925135,4.925889375261339,0.9849678435050958,1.9431354286880134,0.030289917582843016,4.544349152651812e-08,1.0,289.20811439789765,10.0,0.016638049554687416,-0.01569190451174103
5,evacuation,5560.0,5.0010320299078215,4.92641655018071,0.9850799836352002,1.9122553811813612,0.029822786865327914,3.720659199371209e-08,1.0,289.2469610755525,10.0,0.01665199447463947,-0.015190847403897543
5,evacuation,5562.0,5.0009989710365,4.926919228084863,0.9851870109590758,1.8823614082234528,0.029373915734698466,3.046268647293918e-08,1.0,289.28697391516135,10.0,0.01666636631445095,-0.014705738650797481
5,evacuation,5564.0,5.000966970660264,4.927398389127432,0.9852891286896224,1.853422153487855,0.02894246606167166,2.4941154040140095e-08,1.0,289.32809186280235,10.0,0.0166811438635654,-0.014236041492852533
5,evacuation,5566.0,5.000935992784714,4.927854968872872,0.9853865308379705,1.825407312807351,0.0285276459946282,2.0420427030718306e-08,1.0,289.3702561401426,10.0,0.01669630669753267,-0.013781240348135023
5,evacuation,5568.0,5.000906002859065,4.928289859398594,0.9854794024484853,1.7982875928883968,0.02812870691924925,1.6719105305712143e-08,1.0,289.4134101556498,10.0,0.016711835145171345,-0.01334083975391621
5,evacuation,5570.0,5.0008769676976526,4.928703906385458,0.985567919031325,1.7720346720768496,0.027744940698908913,1.3688670530068973e-08,1.0,289.4574994200345,10.0,0.016727710257492028,-0.012914363373014949
5,evacuation,5572.0,5.000848855416771,4.929097917619774,0.9856522482739546,1.7466211630498627,0.027375677137542243,1.120752119540586e-08,1.0,289.5024714656622,10.0,0.016743913778262117,-0.01250135306047971
5,evacuation,5574.0,5.00082163537154,4.929472667162363,0.9857325508863354,1.7220205773175346,0.027020281556495326,9.176094509538945e-09,1.0,289.5482757696757,10.0,0.01676042811609621,-0.0121013679864572
5,evacuation,5576.0,5.000795278089111,4.929828890829691,0.9858089797096159,1.698207291425915,0.026678152547579805,7.512874675798181e-09,1.0,289.59486368063676,10.0,0.016777236317982305,-0.011713983811425233
5,evacuation,5578.0,5.000769755212859,4.930167289226613,0.985881680332783,1.6751565147601986,0.026348719950769726,6.1511225696128594e-09,1.0,289.64218834850885,10.0,0.016794322044160755,-0.011338791910242547
5,evacuation,5580.0,5.000745039454963,4.930488536452935,0.985950792842323,1.6528442588537418,0.026031442936563808,5.036196152735438e-09,1.0,289.69020465775594,10.0,0.01681166954425803,-0.0109753986417074
5,evacuation,5582.0,5.00072110454078,4.930793276113405,0.9860164510346558,1.6312473081149963,0.02572580818487835,4.123356887421876e-09,1.0,289.7388691633857,10.0,0.01682926363459772,-0.010623424660568067
5,evacuation,5584.0,5.000697925158189,4.931082119080822,0.9860787819781845,1.6103431918903497,0.02543132825716208,3.375974951396691e-09,1.0,289.78814002980755,10.0,0.01684708967662801,-0.01028250426915734
5,evacuation,5586.0,5.000675476920836,4.931355653695574,0.9861379080595836,1.5901101577863026,0.02514754007601752,2.764060088108361e-09,1.0,289.8379769723284,10.0,0.016865133556388936,-0.009952284806014284
5,evacuation,5588.0,5.00065373632339,4.931614444230014,0.9861939466850319,1.5705271461794617,0.024874003455000633,2.2630582407924343e-09,1.0,289.88834120112705,10.0,0.016883381664950663,-0.009632426069047986
5,evacuation,5590.0,5.000632680698559,4.9318590283807335,0.9862470097867261,1.5515737658475575,0.024610299746943693,1.852865928595603e-09,1.0,289.9391953675988,10.0,0.01690182087977285,-0.009322599770981677
5,evacuation,5592.0,5.0006122881830395,4.932089922154632,0.986297204806233,1.5332302706590681,0.024356030610569443,1.5170233909861302e-09,1.0,289.9905035129473,10.0,0.016920438546931354,-0.009022489024970994
5,evacuation,5594.0,5.00059253768264,4.932307621420932,0.9863446350113236,1.5154775372630713,0.024110816843717672,1.2420542260689818e-09,1.0,290.04223101889113,10.0,0.016939222464155853,-0.008731787858436472
5,evacuation,5596.0,5.000573408837339,4.93251260111483,0.9863893993432377,1.4982970437247434,0.0238742972825089,1.0169247600123748e-09,1.0,290.09434456037803,10.0,0.01695816086463187,-0.008450200753292924
5,evacuation,5598.0,5.000554881990235,4.93270531669612,0.9864315927141448,1.481670849055418,0.02364612778157413,8.326012927857911e-10,1.0,290.1468120602102,10.0,0.016977242401525136,-0.008177442210886572
5,evacuation,5600.0,5.000536938158539,4.932886205909939,0.9864713063646495,1.4655815735893887,0.023425980263838367,6.81687529295361e-10,1.0,290.19960264548064,10.0,0.016996456133185962,-0.007913236340067121
5,evacuation,5602.0,5.000519559005117,4.933055689265493,0.986508627964842,1.4500123801626552,0.023213541827466756,5.581277630335959e-10,1.0,290.2526866057299,10.0,0.017015791508995053,-0.00765731646693192
5,evacuation,5604.0,5.000502726811671,4.933214170654536,0.9865436417429897,1.4349469560516532,0.02300851390968402,4.569639086612645e-10,1.0,290.30603535273667,10.0,0.017035238355814254,-0.007409424764880706
5,evacuation,5606.0,5.000486424453799,4.933362038455929,0.9865764287110925,1.4203694956326258,0.02281061150499019,3.741365752254156e-10,1.0,290.35962138186505,10.0,0.017054786865009563,-0.0071693119037140405
5,evacuation,5608.0,5.000470635377147,4.933499666330047,0.9866070668282109,1.4062646837247461,0.022619562431842172,3.063221704177311e-10,1.0,290.41341823489006,10.0,0.017074427580014203,-0.006936736716594798
5,evacuation,5610.0,5.000455343574656,4.933627413784162,0.986635631117801,1.3926176795823761,0.022435106644854954,2.507995195568603e-10,1.0,290.46740046423344,10.0,0.01709415138440302,-0.006711465883773182
5,evacuation,5612.0,5.000440533565089,4.933745626884596,0.9866621938141632,1.379414101503973,0.022256995590342183,2.053406697559074e-10,1.0,290.5215435985412,10.0,0.017113949490450267,-0.006493273632050159
5,evacuation,5614.0,5.000426190372685,4.933854638962042,0.9866868245073162,1.3666400120271291,0.0220849916014033,1.6812149600865336e-10,1.0,290.575824109541,10.0,0.017133813428145264,-0.006281941449023836
5,evacuation,5616.0,5.00041229950776,4.933954771174332,0.9867095902591932,1.3542819036810865,0.02191886732945412,1.3764850945349667e-10,1.0,290.63021938012054,10.0,0.017153735034642213,-0.006077257811227736
5,evacuation,5618.0,5.000398846948244,4.934046333053086,0.9867305557164398,1.3423266852697788,0.02175840521031277,1.1269892659652835e-10,1.0,290.68470767357013,10.0,0.01717370644412076,-0.0058790179253292284
5,evacuation,5620.0,5.00038581912218,4.934129623066528,0.9867497832262702,1.3307616686600685,0.021603396962600552,9.227159964851975e-11,1.0,290.7392681039384,10.0,0.017193720078037357,-0.005687023481612567
5,evacuation,5622.0,5.000373202891041,4.934204929126066,0.9867673329409256,1.319574556051339,0.02145364311595734,7.554684323972243e-11,1.0,290.7938806074506,10.0,0.01721376863574671,-0.005501082419021826
5,evacuation,5624.0,5.0003609855338045,4.934272529047791,0.9867832629129758,1.308753427704011,0.021308952567100595,6.185354456213467e-11,1.0,290.8485259149427,10.0,0.0172338450854751,-0.005321008701087361
5,evacuation,5626.0,5.000349154731831,4.934332691006975,0.9867976291890768,1.2982867301058507,0.02116914216202285,5.0642234531073485e-11,1.0,290.90318552526804,10.0,0.01725394265562844,-0.005146622102103918
5,evacuation,5628.0,5.000337698554405,4.9343856739696506,0.9868104858990182,1.288163264556166,0.02103403630255814,4.146303881976842e-11,1.0,290.95784167963376,10.0,0.017274054826418323,-0.004977748002969746
5,evacuation,5630.0,5.000326605444934,4.934431728089328,0.9868218853376794,1.2783721761491265,0.020903466575685814,3.3947625180123944e-11,1.0,291.01247733682777,10.0,0.01729417532179084,-0.004814217196134683
5,evacuation,5632.0,5.000315864207807,4.934471095084573,0.9868318780430354,1.26890294313851,0.020777271404139028,2.7794423429784712e-11,1.0,291.06707614929957,10.0,0.01731429810164406,-0.0046558656991412045
5,evacuation,5634.0,5.0003054639958,4.934504008601118,0.9868405128709679,1.2597453666671823,0.020655295716940004,2.2756524723268592e-11,1.0,291.1216224400584,10.0,0.017334417354320092,-0.004502534576275467
5,evacuation,5636.0,5.000295394298058,4.934530694551015,0.9868478370653789,1.2508895608455401,0.020537390638557033,1.863177400644431e-11,1.0,291.1761011803564,10.0,0.017354527489359645,-0.004354069767876815
5,evacuation,5638.0,5.00028564492859,4.934551371431843,0.9868538963242197,1.2423259431640323,0.020423413195513055,1.5254658041862967e-11,1.0,291.2304979681244,10.0,0.017374623130506493,-0.004210321926882887
5,evacuation,5640.0,5.00027620601526,4.934566250631402,0.9868587348625242,1.2340452252256877,0.020313226039356026,1.2489663759778191e-11,1.0,291.28479900713006,10.0,0.01739469910895111,-0.004071146262214629
5,evacuation,5642.0,5.000267067989251,4.9345755367162125,0.9868623954721173,1.2260384037853436,0.020206697184948927,1.0225840560910744e-11,1.0,291.3389910868306,10.0,0.01741475045680242,-0.003936402388630565
5,evacuation,5644.0,5.000258221574947,4.934579427703306,0.9868649195779025,1.2182967520829868,0.020103699763118797,8.372348287974894e-12,1.0,291.393061562892,10.0,0.017434772400777926,-0.0038059541827030912
5,evacuation,5646.0,5.000249657780268,4.934578115318414,0.9868663472913456,1.2108118114592943,0.02000411178678265,6.8548121141778005e-12,1.0,291.4469983383498,10.0,0.017454760356102897,-0.003679669644591613
5,evacuation,5648.0,5.0002413678873605,4.934571785241371,0.986866717461334,1.2035753832420848,0.019907815929718947,5.6123380843088075e-12,1.0,291.5007898453865,10.0,0.01747470992060926,-0.0035574207653074064
5,evacuation,5650.0,5.0002333434436945,4.934560617338287,0.9868660677223162,1.1965795208929904,0.01981469931720523,4.595069608612842e-12,1.0,291.55442502770273,10.0,0.017494616869026435,-0.0034390833991844727
5,evacuation,5652.0,5.000225576253484,4.934544785881691,0.9868644345399703,1.1898165224042037,0.01972465332780175,3.762186880936794e-12,1.0,291.6078933234592,10.0,0.017514477147455635,-0.003324537141288109
5,evacuation,5654.0,5.000218058369472,4.934524459759968,0.9868618532546704,1.1832789229356817,0.01963757340560802,3.0802689224920186e-12,1.0,291.6611846487696,10.0,0.017534286868020544,-0.003213665209509672
5,evacuation,5656.0,5.000210782085013,4.934499802676193,0.9868583581227712,1.1769594876836729,0.019553358882360268,2.521952504940328e-12,1.0,291.7142893817232,10.0,0.01755404230368712,-0.003106354331111445
5,evacuation,5658.0,5.000203739926466,4.934470973336853,0.9868539823558111,1.1708512049718887,0.01947191280878157,2.0648341428697594e-12,1.0,291.76719834691863,10.0,0.017573739883245877,-0.0030024946334999067
5,evacuation,5660.0,5.000196924645865,4.934438125631375,0.9868487581578305,1.1649472795570752,0.019393141794636446,1.6905711081230045e-12,1.0,291.81990280049064,10.0,0.01759337618645025,-0.002901979539019228
5,evacuation,5662.0,5.000190329213891,4.934401408803056,0.9868427167609082,1.159241126141142,0.019316955856975158,1.3841453956267073e-12,1.0,291.8723944156119,10.0,0.017612947939305266,-0.0028047056635695016
5,evacuation,5664.0,5.00018394681305,4.93436096761151,0.9868358884589651,1.1537263630823837,0.01924326827608634,1.1332611008351826e-12,1.0,291.92466526845357,10.0,0.017632452009500574,-0.002710572718865887
5,evacuation,5666.0,5.000177770831166,4.93431694248745,0.9868283026399745,1.1483968062986867,0.01917199545870902,9.278510236992992e-13,1.0,291.97670782458886,10.0,0.017651885401982596,-0.0026194834181658736
5,evacuation,5668.0,5.0001717948550315,4.934269469680138,0.9868199878166778,1.1432464633559491,0.0191030568080831,7.596727019448868e-13,1.0,292.02851492582414,10.0,0.017671245254660784,-0.002531343385302208
5,evacuation,5670.0,5.000166012664363,4.93421868139801,0.9868109716558765,1.1382695277352595,0.019036374600443724,6.219776662160125e-13,1.0,292.0800797774429,10.0,0.01769052883424289,-0.0024460610668686333
5,evacuation,5672.0,5.000160418225899,4.93416470594266,0.986801281006369,1.133460373272669,0.018971873867590406,5.092406456783846e-13,1.0,292.1313959358491,10.0,0.017709733532194877,-0.0023635476474145093
5,evacuation,5674.0,5.000155005687746,4.934107667836836,0.9867909419256441,1.1288135487656807,0.018909482285185415,4.169378567802941e-13,1.0,292.1824572965963,10.0,0.017728856860820937,-0.0022837169675128505
5,evacuation,5676.0,5.0001497693739,4.9340476879466255,0.9867799797053776,1.1243237727408368,0.018849130066456714,3.413654779349018e-13,1.0,292.23325808278935,10.0,0.01774789644945952,-0.00220648544457423
5,evacuation,5678.0,5.000144703778963,4.933984883598177,0.9867684188958005,1.1199859283770313,0.01879074986100164,2.794910264375635e-13,1.0,292.283792833848,10.0,0.017766850040791506,-0.0021317719962862004
5,evacuation,5680.0,5.000139803563024,4.933919368689323,0.9867562833290157,1.1157950585794134,0.018734276658406174,2.2883167433268886e-13,1.0,292.3340563946183,10.0,0.017785715487256545,-0.002059497966564925
5,evacuation,5682.0,5.00013506354672,4.933851253796359,0.9867435961413122,1.1117463611989686,0.01867964769641219,1.8735462043715782e-13,1.0,292.3840439048222,10.0,0.017804490747573922,-0.0019895870539119944
5,evacuation,5684.0,5.000130478706466,4.933780646276271,0.9867303797945369,1.1078351843930596,0.018626802373381605,1.533955205040221e-13,1.0,292.4337507888345,10.0,0.017823173883365014,-0.0019219652420756062
5,evacuation,5686.0,5.000126044169815,4.9337076503646236,0.9867166560965728,1.1040570221224257,0.01857568216482162,1.255917022751583e-13,1.0,292.4831727457759,10.0,0.017841763055873382,-0.0018565607329207054
5,evacuation,5688.0,5.00012175521099,4.933632367269436,0.9867024462209824,1.1004075097803052,0.018526230543749682,1.0282748564477547e-13,1.0,292.5323057399122,10.0,0.017860256522779738,-0.0017933038814181407
5,evacuation,5690.0,5.000117607246565,4.933554895261188,0.9866877707258507,1.0968824199495335,0.0184783929046901,8.418941389862409e-14,1.0,292.58114599135126,10.0,0.017878652635108794,-0.0017321271326677403
5,evacuation,5692.0,5.000113595831248,4.933475329759199,0.9866726495718802,1.0934776582836268,0.018432116491106917,6.892959958812406e-14,1.0,292.62968996702676,10.0,0.017896949834225084,-0.0016729649608747887
5,evacuation,5694.0,5.0001097166538315,4.9333937634146166,0.9866571021397783,1.0901892595080251,0.018387350326089267,5.6435714169238097e-14,1.0,292.6779343719609,10.0,0.017915146648914755,-0.0016157538102038688
5,evacuation,5696.0,5.000105965533245,4.933310286190133,0.9866411472469688,1.0870133835378104,0.01834404514611634,4.620641716780382e-14,1.0,292.72587614079725,10.0,0.017933241692551248,-0.001560432037437895
5,evacuation,5698.0,5.000102338414762,4.933224985436687,0.9866248031636733,1.0839463117083559,0.018302153337739626,3.7831238943188136e-14,1.0,292.77351242959577,10.0,0.01795123366034189,-0.0015069398563741024
5,evacuation,5700.0,5.000098831366275,4.933137945967227,0.9866080876283898,1.0809844431155045,0.018261628877029437,3.097410982642345e-14,1.0,292.8208406078804,10.0,0.017969121326652977,-0.0014552192838922211
5,evacuation,5702.0,5.000095440574717,4.933049250127778,0.9865910178628045,1.0781242910619884,0.018222427271641847,2.5359874703999947e-14,1.0,292.8678582509342,10.0,0.01798690354241131,-0.0014052140876334612
5,evacuation,5704.0,5.000092162342591,4.932958977865888,0.9865736105861597,1.0753624796069279,0.018184505505370634,2.0763251908430515e-14,1.0,292.91456313233203,10.0,0.018004579232579775,-0.0013568697352320297
5,evacuation,5706.0,5.000088993084594,4.932867206796662,0.9865558820291191,1.0726957402153625,0.01814782198505673,1.6999793368378494e-14,1.0,292.9609532167051,10.0,0.01802214739370467,-0.0013101333450437768
5,evacuation,5708.0,5.0000859293243405,4.932774012266431,0.986537847947144,1.0701209085048704,0.018112336489734957,1.3918483282690487e-14,1.0,293.0070266527304,10.0,0.01803960709153325,-0.0012649536383194226
5,evacuation,5710.0,5.000082967691183,4.932679467414238,0.986519523633411,1.0676349210864404,0.01807801012190496,1.1395678329508637e-14,1.0,293.0527817663371,10.0,0.018056957458698557,-0.0012212808927722634
5,evacuation,5712.0,5.000080104917142,4.93258364323124,0.9865009239312935,1.0652348124968523,0.018044805260819627,9.330146248569488e-15,1.0,293.098217054125,10.0,0.018074197692470702,-0.0011790668974927883
5,evacuation,5714.0,5.000077337833902,4.932486608618119,0.9864820632464328,1.062917712219919,0.018012685517690603,7.639003708249209e-15,1.0,293.14333117698726,10.0,0.018091327052571826,-0.0011382649091647554
5,evacuation,5716.0,5.00007466336991,4.932388430440616,0.9864629555584123,1.060680841794033,0.017981615692715936,6.254390456539592e-15,1.0,293.18812295393315,10.0,0.018108344859053622,-0.0010988296095396065
5,evacuation,5718.0,5.000072078547556,4.932289173583268,0.9864436144320587,1.0585215120035392,0.017951561733840486,5.120746301209063e-15,1.0,293.23259135610266,10.0,0.01812525049023516,-0.0010607170641278314
5,evacuation,5720.0,5.0000695804804325,4.932188901001456,0.9864240530283871,1.0564371201515395,0.017922490697164856,4.192581653436746e-15,1.0,293.2767355009693,10.0,0.018142043380699763,-0.00102388468206803
5,evacuation,5722.0,5.000067166370682,4.932087673771837,0.9864042841152094,1.0544251474118163,0.017894370708923118,3.4326521734252785e-15,1.0,293.32055464672453,10.0,0.018158723019349034,-0.0009882911771359796
5,evacuation,5724.0,5.000064833506396,4.931985551141214,0.9863843200774177,1.0524831562576247,0.01786717092895421,2.810464271791231e-15,1.0,293.3640481868389,10.0,0.018175288947512795,-0.0009538965298577981
5,evacuation,5726.0,5.000062579259127,4.931882590573964,0.9863641729269588,1.0506087879651849,0.017840861515596076,2.3010514972142974e-15,1.0,293.407215644794,10.0,0.018191740757112808,-0.0009206619506927005
5,evacuation,5728.0,5.00006040108143,4.93177884779805,0.9863438543125178,1.0487997601897676,0.01781541359193557,1.883972710863949e-15,1.0,293.4500566689816,10.0,0.018208078088879677,-0.0008885498442525546
5,evacuation,5730.0,5.000058296504504,4.931674376849706,0.9863233755289204,1.0470538646123277,0.017790799213350743,1.5424918475670256e-15,1.0,293.4925710277633,10.0,0.018224300630620728,-0.0008575237745264898
5,evacuation,5732.0,5.000056263135894,4.9315692301168434,0.9863027475262652,1.045368964654711,0.017766991336285627,1.2629063500036468e-15,1.0,293.5347586046878,10.0,0.01824040811553793,-0.000827548431080446
5,evacuation,5734.0,5.0000542986572425,4.931463458381228,0.9862819809188004,1.0437429932615103,0.01774396378820103,1.0339973280147567e-15,1.0,293.57661939385986,10.0,0.018256400320594456,-0.0007985895962024644
5,evacuation,5736.0,5.000052400822121,4.931357110859509,0.9862610859935552,1.0421739507467096,0.017721691238647867,8.465793796544525e-16,1.0,293.61815349545725,10.0,0.018272277064928528,-0.0007706141129659228
5,evacuation,5738.0,5.000050567453927,4.9312502352431276,0.9862400727187378,1.0406599027033037,0.01770014917141226,6.931320097683126e-16,1.0,293.6593611113907,10.0,0.01828803820831313,-0.0007435898541838156
5,evacuation,5740.0,5.000048796443811,4.9311428777371225,0.9862189507519014,1.039198977974143,0.017679313857684682,5.674978560915448e-16,1.0,293.7002425411037,10.0,0.018303683649660816,-0.0007174856922283333
5,evacuation,5742.0,5.000047085748702,4.931035083097962,0.9861977294479006,1.0377893666822933,0.01765916233020771,4.646356136026655e-16,1.0,293.7407981775071,10.0,0.018319213325571914,-0.0006922714696908581
5,evacuation,5744.0,5.000045433389354,4.93092689467035,0.986176417866637,1.0364293183192537,0.01763967235835953,3.804177427455831e-16,1.0,293.7810285030448,10.0,0.018334627208925293,-0.0006679179708585197
5,evacuation,5746.0,5.00004383744847,4.930818354423092,0.9861550247806019,1.0351171398894268,0.017620822424132432,3.1146484419069946e-16,1.0,293.8209340858875,10.0,0.018349925307510524,-0.0006443968939841589
5,evacuation,5748.0,5.000042296068869,4.930709502984063,0.9861335586822303,1.0338511941092718,0.017602591698967884,2.5501005412363693e-16,1.0,293.86051557624927,10.0,0.018365107662700254,-0.0006216808243275606
5,evacuation,5750.0,5.00004080745169,4.93060037967427,0.9861120277910669,1.0326298976596244,0.017584960021411626,2.087880186704462e-16,1.0,293.89977370282475,10.0,0.01838017434816168,-0.0005997432079464199
5,evacuation,5752.0,5.00003936985469,4.930491022541114,0.9860904400607554,1.0314517194896982,0.01756790787555406,1.7094399234561025e-16,1.0,293.93870926934295,10.0,0.01839512546860648,-0.0005785583262162915
5,evacuation,5754.0,5.000037981590543,4.930381468390786,0.9860688031858516,1.0303151791713396,0.017551416370223234,1.3995941292564523e-16,1.0,293.97732315123375,10.0,0.018409961158577504,-0.0005581012710595812
5,evacuation,5756.0,5.000036641025194,4.930271752819897,0.9860471246084723,1.029218845302127,0.017535467218899148,1.1459096630278762e-16,1.0,294.0156162924045,10.0,0.018424681581271928,-0.00053834792086405
5,evacuation,5758.0,5.000035346576304,4.9301619102463645,0.9860254115247837,1.0281613339559612,0.017520042720319807,9.382069618432844e-17,1.0,294.0535897021233,10.0,0.0184392869273996,-0.0005192749170722198
5,evacuation,5760.0,5.000034096711676,4.930051973939536,0.9860036708913317,1.0271413071798217,0.017505125739750958,7.681515669607977e-17,1.0,294.0912444520054,10.0,0.01845377741407547,-0.0005008596414234228
5,evacuation,5762.0,5.000032889947764,4.9299419760496015,0.9859819094312207,1.0261574715354,0.017490699690892716,6.289196881078422e-17,1.0,294.12858167310054,10.0,0.018468153283745712,-0.0004830801938309368
5,evacuation,5764.0,5.000031724848214,4.929831947636328,0.9859601336401486,1.0252085766843584,0.01747674851839783,5.1492438615273125e-17,1.0,294.165602553077,10.0,0.01848241480314603,-0.0004659153708771894
5,evacuation,5766.0,5.000030600022446,4.929721918697132,0.9859383497922997,1.0242934140159932,0.01746325668097734,4.215913867363385e-17,1.0,294.20230833350104,10.0,0.01849656226229191,-0.0004493446449104225
5,evacuation,5768.0,5.000029514124276,4.929611918194476,0.9859165639460965,1.0234108153161183,0.01745020913507071,3.4517552897120944e-17,1.0,294.2387003072073,10.0,0.01851059597349932,-0.0004333481437268515
5,evacuation,5770.0,5.0000284658505745,4.929501974082643,0.9858947819498195,1.0225596514760102,0.017437591319058615,2.826104838687848e-17,1.0,294.2747798157589,10.0,0.018524516270435745,-0.00041790663082269286
5,evacuation,5772.0,5.000027453939971,4.929392113333921,0.9858730094471,1.0217388312402926,0.017425389137997595,2.3138571216362127e-17,1.0,294.31054824699345,10.0,0.018538323507200107,-0.0004030014862009543
5,evacuation,5774.0,5.000026477171584,4.9292823619641615,0.9858512518822818,1.0209472999926643,0.017413588948856647,1.8944572423691425e-17,1.0,294.34600703265335,10.0,0.018552018057431303,-0.0003886146877183247
5,evacuation,5776.0,5.000025534363787,4.929172745057757,0.9858295145056603,1.020184038578407,0.01740217754623697,1.5510759975664566e-17,1.0,294.3811576460969,10.0,0.018565600313444224,-0.0003747287929578312
5,evacuation,5778.0,5.00002462437303,4.92906328679209,0.9858078023786053,1.0194480621626305,0.017391142148556964,1.269934573566398e-17,1.0,294.41600160008846,10.0,0.01857907068539275,-0.00036132692161341517
5,evacuation,5780.0,5.000023746092672,4.928954010461391,0.9857861203785643,1.0187384191232514,0.017380470384685067,1.0397516457405985e-17,1.0,294.4505404446654,10.0,0.01859242960045884,-0.000348392738372932
5,evacuation,5782.0,5.000022898451836,4.92884493850006,0.9857644732039496,1.0180541899777151,0.0173701502810042,8.512906942785257e-18,1.0,294.48477576507895,10.0,0.018605677502067274,-0.0003359104362864152
5,evacuation,5784.0,5.000022080414357,4.928736092505505,0.9857428653789178,1.0173944863425104,0.017360170248892214,6.969893715812298e-18,1.0,294.518709179807,10.0,0.018618814849124955,-0.0003238647206068275
5,evacuation,5786.0,5.000021290977669,4.928627493260429,0.985721301258043,1.016758449924537,0.017350519072603314,5.706560489412653e-18,1.0,294.5523423386368,10.0,0.01863184211528437,-0.0003122407930908701
5,evacuation,5788.0,5.000020529171807,4.928519160754608,0.9856997850308743,1.016145251543424,0.01734118589753613,4.672213658789779e-18,1.0,294.58567692081533,10.0,0.018644759788230637,-0.00030102433674769505
5,evacuation,5790.0,5.000019794058383,4.928411114206227,0.9856783207264,1.01555409018391,0.017332160218874987,3.825348125876341e-18,1.0,294.6187146332654,10.0,0.01865756836899118,-0.0002902015010237534
5,evacuation,5792.0,5.00001908472963,4.928303372082713,0.9856569122174068,1.0149841920774316,0.01732343187059111,3.1319818297718115e-18,1.0,294.65145720886517,10.0,0.01867026837126781,-0.0002797588874122722
5,evacuation,5794.0,5.000018400307438,4.928195952121077,0.9856355632247384,1.0144348098120732,0.017314991014791295,2.564292153089905e-18,1.0,294.6839064047891,10.0,0.018682860320790053,-0.0002696835354761298
5,evacuation,5796.0,5.00001773994244,4.928088871347828,0.9856142773214561,1.0139052214700681,0.017306828131402257,2.099499487479291e-18,1.0,294.71606400090945,10.0,0.01869534475468981,-0.00025996290927323557
5,evacuation,5798.0,5.0000171028131275,4.9279821460984525,0.9855930579369125,1.0133947297920574,0.017298934008179015,1.7189531593015442e-18,1.0,294.74793179825474,10.0,0.01870772222089618,-0.00025058488417377064
5,evacuation,5800.0,5.000016488124974,4.927875792036422,0.9855719083607251,1.0129026613673278,0.017291299731026298,1.4073830365254168e-18,1.0,294.7795116175253,10.0,0.0187199932775503,-0.0002415377340588824
5,evacuation,5802.0,5.0000158951095885,4.927769824171759,0.9855508317466567,1.0124283658492816,0.01728391667462255,1.1522867861646903e-18,1.0,294.8108052976624,10.0,0.018732158492439234,-0.00023281011889076254
5,evacuation,5804.0,5.0000153230239155,4.927664256879253,0.9855298311164162,1.0119712151954023,0.017276776493336518,9.434281948202882e-19,1.0,294.84181469447077,10.0,0.01874421844244898,-0.00022439107264418716
5,evacuation,5806.0,5.000014771149431,4.927559103916207,0.9855089093633682,1.0115306029310038,0.017269871112426477,7.7242642150267355e-19,1.0,294.8725416792915,10.0,0.01875617371303514,-0.00021626999158993828
5,evacuation,5808.0,5.0000142387913735,4.927454378439772,0.9854880692561504,1.0111059434360687,0.017263192719512856,6.324197007373555e-19,1.0,294.90298813772523,10.0,0.01876802489771198,-0.00020843662292071983
5,evacuation,5810.0,5.000013725277997,4.9273500930239145,0.9854673134422162,1.0106966712545002,0.017256733756315507,5.177900014121842e-19,1.0,294.9331559684027,10.0,0.01877977259755813,-0.00020088105371035176
5,evacuation,5812.0,5.000013229959837,4.927246259676003,0.9854466444512949,1.0103022404251296,0.01725048691064684,4.2393759278817436e-19,1.0,294.9630470818015,10.0,0.01879141742073924,-0.0001935937001974254
5,evacuation,5814.0,5.000012752209027,4.927142889852998,0.9854260646987681,1.0099221238338392,0.017244445108652466,3.4709647171416845e-19,1.0,294.9926633991088,10.0,0.018802959982046993,-0.0001865652973845921
5,evacuation,5816.0,5.0000122914185985,4.927039994477237,0.9854055764889613,1.0095558125861783,0.017238601507291583,2.841832447178891e-19,1.0,295.02200685112643,10.0,0.018814400902453707,-0.0001797868889450716
5,evacuation,5818.0,5.000011847001815,4.9269375839519,0.985385182018372,1.009202815399866,0.017232949487049554,2.3267340108513786e-19,1.0,295.05107937721874,10.0,0.018825740808682222,-0.0001732498174280262
5,evacuation,5820.0,5.000011418391547,4.926835668176147,0.9853648833788184,1.00886265801659,0.01722748264487494,1.9050001215329818e-19,1.0,295.07988292430116,10.0,0.01883698033279096,-0.00016694571475476004
5,evacuation,5822.0,5.000011005039632,4.926734256559795,0.9853446825605027,1.0085348826325313,0.017222194787333944,1.559707919390697e-19,1.0,295.1084194458684,10.0,0.018848120111773257,-0.00016086649299783994
5,evacuation,5824.0,5.000010606416274,4.926633358037702,0.9853245814550052,1.0082190473470516,0.01721707992397586,1.277001910032709e-19,1.0,295.1366909010602,10.0,0.01885916078717061,-0.0001550043354354145
5,evacuation,5826.0,5.000010222009452,4.926532981083891,0.9853045818582284,1.0079147256290035,0.017212132260902735,1.0455379869227736e-19,1.0,295.1646992537654,10.0,0.01887010300469991,-0.00014935168787323538
5,evacuation,5828.0,5.000009851324366,4.92643313372524,0.9852846854732422,1.007621505800137,0.017207346194536264,8.560282279221588e-20,1.0,295.1924464717601,10.0,0.0188809474138935,-0.00014390125022706977
5,evacuation,5830.0,5.0000094938828585,4.926333823554821,0.9852648939130667,1.0073389905350847,0.017202716305576536,7.008682000701411e-20,1.0,295.219934525882,10.0,0.018891694667752434,-0.0001386459683583456
5,evacuation,5832.0,5.000009149222904,4.926235057745039,0.9852452087034019,1.0070667963774291,0.017198237353146812,5.73831817511305e-20,1.0,295.2471653892373,10.0,0.01890234542241193,-0.0001335790261560162
5,evacuation,5834.0,5.000008816898068,4.926136843060393,0.9852256312852856,1.0068045532713663,0.0171939042691179,4.698215081742651e-20,1.0,295.27414103644037,10.0,0.01891290033681915,-0.00012869383785792758
5,evacuation,5836.0,5.000008496477023,4.926039185869894,0.9852061630176735,1.006551904108491,0.017189712152606885,3.846636641733396e-20,1.0,295.3008634428847,10.0,0.018923360072422516,-0.00012398404060495717
5,evacuation,5838.0,5.000008187543038,4.925942092159198,0.985186805179966,1.0063085042892477,0.017185656264645178,3.1494116799858173e-20,1.0,295.3273345840442,10.0,0.018933725292872596,-0.00011944348722152298
5,evacuation,5840.0,5.0000078896935305,4.925845567542514,0.9851675589744795,1.0060740212986001,0.01718173202301065,2.5785627429476157e-20,1.0,295.3535564348039,10.0,0.018943996663733954,-0.00011506623921612865
5,evacuation,5842.0,5.000007602539583,4.9257496172741595,0.985148425528852,1.0058481342954824,0.017177934997218453,2.1111834510461584e-20,1.0,295.37953096881864,10.0,0.0189541748522076,-0.00011084655999576469
5,evacuation,5844.0,5.000007325705513,4.925654246259763,0.9851294058983686,1.005630533715615,0.017174260903665837,1.7285193374337736e-20,1.0,295.40526015789965,10.0,0.018964260526864146,-0.00010677890828821439
5,evacuation,5846.0,5.000007058828429,4.92555945906732,0.9851105010682617,1.0054209208872709,0.017170705600926973,1.4152152899843806e-20,1.0,295.4307459714272,10.0,0.018974254357386727,-0.00010285793176635
5,evacuation,5848.0,5.0000068015578325,4.9254652599379485,0.9850917119559398,1.0052190076595988,0.017167265085192354,1.158699398746123e-20,1.0,295.45599037578916,10.0,0.018984157014323894,-9.907846086878331e-05
5,evacuation,5850.0,5.000006553555192,4.925371652796274,0.9850730394131484,1.0050245160431095,0.017163935485848658,9.486784845784356e-21,1.0,295.4809953338439,10.0,0.018993969168851817,-9.543550281122371e-05
5,evacuation,5852.0,5.0000063144935565,4.925278641260611,0.9850544842280835,1.004837177861957,0.017160713061195265,7.767250661180591e-21,1.0,295.50576280440777,10.0,0.01900369149254595,-9.192423578320212e-05
5,evacuation,5854.0,5.000006084057178,4.925186228652949,0.9850360471274633,1.004656734417643,0.017157594194293108,6.3593919135227086e-21,1.0,295.53029474176464,10.0,0.01901332465716124,-8.854000332482058e-05
5,evacuation,5856.0,5.000005861941145,4.925094418008657,0.9850177287785407,1.0044829361637928,0.017154575388941454,5.206715641597583e-21,1.0,295.5545930951989,10.0,0.019022869334421277,-8.527830887838411e-05
5,evacuation,5858.0,5.000005647851016,4.925003212085789,0.9849995297910388,1.0043155423916583,0.017151653265778978,4.2629685575455626e-21,1.0,295.578659808549,10.0,0.019032326195815578,-8.213481050990947e-05
5,evacuation,5860.0,5.000005441502483,4.924912613374343,0.9849814507190665,1.0041543209260093,0.01714882455850627,3.4902810473141156e-21,1.0,295.6024968197823,10.0,0.019041695912405145,-7.910531579561029e-05
5,evacuation,5862.0,5.0000052426210315,4.924822624105274,0.9849634920629912,1.0039990478310943,0.01714608611022516,2.8576475816781658e-21,1.0,295.62610606059013,10.0,0.019050979154635835,-7.618577686856751e-05
5,evacuation,5864.0,5.000005050941611,4.924733246259117,0.9849456542712255,1.0038495071263496,0.017143434869890978,2.3396825614817532e-21,1.0,295.6494894560016,10.0,0.019060176592159143,-7.337228562099932e-05
5,evacuation,5866.0,5.000004866208328,4.924644481574443,0.984927937741982,1.0037054905115526,0.017140867888875665,1.9156016730681427e-21,1.0,295.6726489240169,10.0,0.019069288893660653,-7.066106905751615e-05
5,evacuation,5868.0,5.000004688174146,4.924556331556226,0.9849103428250041,1.0035667971011208,0.017138382317638094,1.568387878882805e-21,1.0,295.69558637525796,10.0,0.01907831672669537,-6.804848479504193e-05
5,evacuation,5870.0,5.000004516600576,4.9244687974838905,0.9848928698232374,1.0034332331672688,0.017135975402497443,1.284108577064808e-21,1.0,295.718303712637,10.0,0.01908726075753014,-6.553101670506262e-05
5,evacuation,5872.0,5.000004351257399,4.924381880418976,0.9848755189944175,1.0033046118917412,0.01713364448250701,1.0513565297801066e-21,1.0,295.74080283104166,10.0,0.019096121650992556,-6.310527069400939e-05
5,evacuation,5874.0,5.00000419192239,4.924295581212896,0.9848582905526757,1.0031807531258505,0.017131386986426675,8.607921265021539e-22,1.0,295.7630856170364,10.0,0.019104900070326482,-6.076797061775252e-05
5,evacuation,5876.0,5.000004038381045,4.924209900514409,0.9848411846700874,1.0030614831585545,0.017129200429789306,7.047686146992155e-22,1.0,295.78515394857953,10.0,0.019113596677053854,-5.851595432620281e-05
5,evacuation,5878.0,5.000003890426334,4.924124838776667,0.9848242014781317,1.0029466344923186,0.017127082412058584,5.770252596098839e-22,1.0,295.80700969475544,10.0,0.019122212130842416,-5.634616983417493e-05
5,evacuation,5880.0,5.000003747858433,4.924040396264263,0.9848073410691529,1.0028360456265124,0.017125030613876952,4.724361205698066e-22,1.0,295.8286547155209,10.0,0.01913074708937935,-5.425567161474737e-05
5,evacuation,5882.0,5.0000036104844945,4.923956573060191,0.9847906034977973,1.0027295608481006,0.017123042794399884,3.8680436307060094e-22,1.0,295.85009086146596,10.0,0.01913920220825068,-5.2241617011520086e-05
5,evacuation,5884.0,5.000003478118412,4.923873369072399,0.9847739887823712,1.0026270300293931,0.017121116788713177,3.1669385293825367e-22,1.0,295.8713199735882,10.0,0.01914757814082604,-5.030126276610038e-05
5,evacuation,5886.0,5.000003350580571,4.92379078404012,0.9847574969061568,1.0025283084326284,0.017119250505331928,2.592912750329291e-22,1.0,295.89234388307966,10.0,0.01915587553814889,-4.843196165748305e-05
5,evacuation,5888.0,5.00000322769767,4.923708817540307,0.9847411278187328,1.0024332565211689,0.01711744192377919,2.122932437255431e-22,1.0,295.9131644111266,10.0,0.019164095048831608,-4.6631159249868176e-05
5,evacuation,5890.0,5.000003109302463,4.9236274689937805,0.9847248814372563,1.0023417397770942,0.01711568909224047,1.738138752481708e-22,1.0,295.9337833687213,10.0,0.019172237318955815,-4.489639074568633e-05
5,evacuation,5892.0,5.000002995233581,4.923546737670908,0.9847087576476342,1.002253628524986,0.017113990125291766,1.4230911308625783e-22,1.0,295.9542025564855,10.0,0.019180302991977406,-4.322527794059359e-05
5,evacuation,5894.0,5.0000028853353315,4.9234666226974975,0.9846927563057396,1.0021687977617055,0.01711234320170127,1.1651476982767807e-22,1.0,295.9744237645048,10.0,0.019188292708636104,-4.161552627744158e-05
5,evacuation,5896.0,5.000002779457485,4.92338712306053,0.9846768772386028,1.0020871269919638,0.017110746562300102,9.539579928214541e-23,1.0,295.9944487721744,10.0,0.019196207106869652,-4.0064921996073416e-05
5,evacuation,5898.0,5.000002677455113,4.923308237613388,0.9846611202454876,1.0020085000695,0.017109198507919813,7.810476332003671e-23,1.0,296.0142793480543,10.0,0.01920404682173216,-3.857132937612923e-05
5,evacuation,5900.0,5.000002579188394,4.923229965081119,0.9846454850989823,1.0019328050436844,0.017107697397396836,6.3947826834978e-23,1.0,296.03391724973557,10.0,0.019211812485316917,-3.713268806993893e-05
5,evacuation,5902.0,5.000002484522445,4.9231523040657255,0.9846299715460924,1.001859934011367,0.01710624164564082,5.2356916314568043e-23,1.0,296.0533642237154,10.0,0.019219504726682882,-3.574701052278526e-05
5,evacuation,5904.0,5.000002393327136,4.923075253051114,0.9846145793092647,1.0017897829738,0.017104829721763675,4.286692482990373e-23,1.0,296.0726220052817,10.0,0.01922712417178535,-3.441237947780164e-05
5,evacuation,5906.0,5.000002305476959,4.922998810407753,0.9845993080873469,1.0017222516984696,0.017103460147268486,3.509704875153867e-23,1.0,296.0916923184066,10.0,0.019234671443410272,-3.3126945562916825e-05
5,evacuation,5908.0,5.000002220850829,4.922922974397463,0.9845841575565841,1.0016572435856717,0.017102131494297734,2.873550729275965e-23,1.0,296.1105768756484,10.0,0.01924214716111219,-3.188892495730328e-05
5,evacuation,5910.0,5.000002139331969,4.922847743178079,0.9845691273715736,1.0015946655396801,0.017100842383937158,2.35270317233166e-23,1.0,296.12927737806183,10.0,0.019249551941155782,-3.0696597134845265e-05
5,evacuation,5912.0,5.000002060807746,4.92277311480776,0.9845542171661607,1.0015344278443503,0.017099591484573573,1.926262223494527e-23,1.0,296.1477955151162,10.0,0.01925688639646075,-2.9548302682220683e-05
5,evacuation,5914.0,5.000001985169513,4.9226990872491365,0.9845394265542965,1.0014764440430146,0.01709837751030602,1.5771161433785214e-23,1.0,296.1661329646208,10.0,0.01926415113654984,-2.8442441189293953e-05
5,evacuation,5916.0,5.0000019123124995,4.922625658373663,0.9845247551309336,1.0014206308225293,0.01709719921940921,1.2912547935414605e-23,1.0,296.18429139265817,10.0,0.019271346767500277,-2.7377469209562336e-05
5,evacuation,5918.0,5.0000018421356565,4.922552825965705,0.9845102024728714,1.0013669079013274,0.01709605541284559,1.057207453518288e-23,1.0,296.20227245352413,10.0,0.01927847389189809,-2.635189828837003e-05
5,evacuation,5920.0,5.0000017745415395,4.92248058772618,0.9844957681395088,1.0013151979213535,0.017094944932824954,8.655825367425693e-24,1.0,296.220077789674,10.0,0.01928553310879529,-2.5364293056881645e-05
5,evacuation,5922.0,5.000001709436178,4.9224089412764425,0.9844814516736465,1.001265426343745,0.017093866661412483,7.086907355981322e-24,1.0,296.23770903167605,10.0,0.019292525013670066,-2.4413269389656288e-05
5,evacuation,5924.0,5.000001646728956,4.922337884162145,0.9844672526022828,1.0012175213481351,0.01709281951918177,5.802364735923435e-24,1.0,296.25516779817076,10.0,0.019299450198389637,-2.3497492623811703e-05
5,evacuation,5926.0,5.000001586332491,4.922267413856627,0.9844531704373153,1.0011714137354601,0.017091802463910236,4.750652835933109e-24,1.0,296.27245569583584,10.0,0.01930630925117563,-2.2615675837867945e-05
5,evacuation,5928.0,5.000001528162534,4.922197527764244,0.9844392046762266,1.001127036834148,0.01709081448931806,3.889569752110286e-24,1.0,296.2895743193574,10.0,0.019313102756572168,-2.176657818834336e-05
5,evacuation,5930.0,5.000001472137848,4.922128223223926,0.9844253548028205,1.0010843264095803,0.01708985462384924,3.1845629177741623e-24,1.0,296.3065252514061,10.0,0.019319831295416298,-2.0949003302257595e-05
5,evacuation,5932.0,5.000001418180102,4.922059497512431,0.9844116202878918,1.001043220576713,0.01708892192949122,2.6073426172033736e-24,1.0,296.32331006261865,10.0,0.019326495444810715,-2.0161797723777323e-05
5,evacuation,5934.0,5.0000013662137865,4.921991347847247,0.9843980005898255,1.0010036597157512,0.017088015500632978,2.134746807965897e-24,1.0,296.3399303115847,10.0,0.01933309577809896,-1.9403849413237532e-05
5,evacuation,5936.0,5.000001316166089,4.921923771389739,0.9843844951552496,1.000965586390776,0.017087134462962023,1.7478117007148678e-24,1.0,296.35638754483773,10.0,0.019339632864842502,-1.867408629689723e-05
5,evacuation,5938.0,5.00000126796682,4.921856765248199,0.9843711034196602,1.000928945271222,0.017086277972397108,1.4310108017290473e-24,1.0,296.37268329685156,10.0,0.019346107270800283,-1.7971474865763754e-05
5,evacuation,5940.0,5.00000122154832,4.921790326480609,0.9843578248079922,1.0008936830561086,0.017085445214055375,1.1716318833588546e-24,1.0,296.3888190900402,10.0,0.0193525195579099,-1.729501882191644e-05
5,evacuation,5942.0,5.000001176845356,4.9217244520972665,0.9843446587351653,1.0008597484009336,0.017084635401254003,9.592668821537882e-25,1.0,296.4047964347625,10.0,0.019358870284270982,-1.6643757770785136e-05
5,evacuation,5944.0,5.000001133795043,4.921659139063557,0.9843316046066525,1.0008270918471371,0.017083847774545628,7.853942558809737e-25,1.0,296.42061682933064,10.0,0.019365160004130418,-1.601676595792223e-05
5,evacuation,5946.0,5.000001092336776,4.921594384302677,0.9843186618190406,1.000795665754048,0.017083081600785185,6.430370407303789e-25,1.0,296.43628176002284,10.0,0.019371389267869334,-1.5413151048774308e-05
5,evacuation,5948.0,5.000001052412125,4.9215301846979145,0.9843058297605051,1.0007654242332298,0.01708233617222675,5.264828876135145e-25,1.0,296.4517927010989,10.0,0.019377558621991763,-1.4832052950101909e-05
5,evacuation,5950.0,5.000001013964779,4.921466537094971,0.9842931078112855,1.0007363230851436,0.017081610805651376,4.310548434893147e-25,1.0,296.46715111482007,10.0,0.01938366860911505,-1.427264267166412e-05
5,evacuation,5952.0,5.000000976940453,4.921403438304592,0.9842804953442318,1.0007083197380466,0.0170809048415249,3.5292367988985196e-25,1.0,296.48235845147167,10.0,0.019389719767961815,-1.3734121226840438e-05
5,evacuation,5954.0,5.0000009412868405,4.921340885104767,0.9842679917252518,1.0006813731890545,0.017080217643181878,2.8895423797756727e-25,1.0,296.4974161493893,10.0,0.0193957126333535,-1.3215718570973196e-05
5,evacuation,5956.0,5.000000906953515,4.921278874242594,0.9842555963137041,1.0006554439472863,0.017079548596036907,2.365796244424728e-25,1.0,296.512325634988,10.0,0.01940164773620532,-1.2716692576077603e-05
5,evacuation,5958.0,5.000000873891881,4.921217402436578,0.9842433084628684,1.0006304939790291,0.017078897106824177,1.9369821011480284e-25,1.0,296.5270883227937,10.0,0.01940752560352268,-1.2236328040877087e-05
5,evacuation,5960.0,5.000000842055113,4.921156466378934,0.984231127520416,1.0006064866548452,0.017078262602861636,1.5858929817010304e-25,1.0,296.5417056154788,10.0,0.019413346758398987,-1.1773935734850521e-05
5,evacuation,5962.0,5.000000811398079,4.921096062737213,0.9842190528287529,1.0005833866985583,0.017077644531338067,1.2984407795600825e-25,1.0,296.5561789038988,10.0,0.01941911172001465,-1.1328851475274112e-05
5,evacuation,5964.0,5.000000781877284,4.921036188156008,0.9842070837253694,1.0005611601380557,0.01707704235862571,1.0630909383407744e-25,1.0,296.57050956713243,10.0,0.01942482100363747,-1.0900435236109293e-05
5,evacuation,5966.0,5.000000753450812,4.920976839259297,0.9841952195433219,1.0005397742578392,0.017076455569617625,8.703996061839461e-26,1.0,296.5846989725237,10.0,0.019430475120624017,-1.0488070287700726e-05
5,evacuation,5968.0,5.000000726078287,4.92091801265217,0.9841834596115857,1.0005191975532681,0.017075883667084395,7.1263468356488e-26,1.0,296.5987484757266,10.0,0.019436074578422544,-1.0091162366253704e-05
5,evacuation,5970.0,5.000000699720788,4.920859704921957,0.9841718032552973,1.0004993996864338,0.017075326171052323,5.834655583613505e-26,1.0,296.6126594207515,10.0,0.019441619880576525,-9.709138872122023e-06
5,evacuation,5972.0,5.000000674340819,4.92080191264019,0.9841602497961526,1.0004803514436098,0.01707478261820616,4.777090782207602e-26,1.0,296.6264331400137,10.0,0.01944711152672961,-9.341448095904251e-06
5,evacuation,5974.0,5.000000649902247,4.920744632364725,0.9841487985528422,1.0004620246942233,0.017074252561310694,3.9112156689323874e-26,1.0,296.64007095438427,10.0,0.019452550012631475,-8.98755847144811e-06
5,evacuation,5976.0,5.000000626370257,4.920687860640595,0.9841374488412337,1.0004443923512933,0.01707373556864822,3.2022853879768236e-26,1.0,296.65357417324185,10.0,0.019457935830144494,-8.646957854871752e-06
5,evacuation,5978.0,5.000000603711317,4.920631594001296,0.9841261999746345,1.0004274283332861,0.017073231223478764,2.6218527879974897e-26,1.0,296.66694409452737,10.0,0.01946326946725167,-8.319152828686991e-06
5,evacuation,5980.0,5.000000581893101,4.920575828970965,0.9841150512642413,1.0004111075273383,0.01707273912352074,2.1466269270501252e-26,1.0,296.6801820047992,10.0,0.01946855140806508,-8.003668030230352e-06
5,evacuation,5982.0,5.000000560884484,4.920520562065637,0.9841040020193942,1.000395405753799,0.017072258880444502,1.7575384800517965e-26,1.0,296.6932891792907,10.0,0.01947378213283547,-7.700045503551552e-06
5,evacuation,5984.0,5.000000540655465,4.920465789793831,0.9840930515477089,1.0003802997320457,0.017071790119383198,1.4389745465028603e-26,1.0,296.70626688196853,10.0,0.019478962117962392,-7.407844073988117e-06
5,evacuation,5986.0,5.0000005211771485,4.920411508658183,0.9840821991554055,1.0003657670475279,0.017071332478464967,1.1781521536996836e-26,1.0,296.71911636559304,10.0,0.019484091836005347,-7.126638744616923e-06
5,evacuation,5988.0,5.000000502421699,4.920357715157405,0.9840714441477117,1.0003517861199993,0.017070885608359683,9.646053160846869e-27,1.0,296.7318388717793,10.0,0.019489171755695523,-6.85602011393498e-06
5,evacuation,5990.0,5.0000004843623,4.920304405786698,0.9840607858289506,1.0003383361728904,0.017070449171836137,7.897650680321404e-27,1.0,296.7444356310598,10.0,0.019494202341948354,-6.595593813926645e-06
5,evacuation,5992.0,5.000000466973115,4.920251577038396,0.9840502235026796,1.000325397203788,0.017070022843338563,6.466156181012084e-27,1.0,296.7569078629476,10.0,0.01949918405587649,-6.344979967930391e-06
5,evacuation,5994.0,5.000000450229261,4.920199225404162,0.9840397564721338,1.0003129499559777,0.017069606308581484,5.294128273034616e-27,1.0,296.7692567760016,10.0,0.019504117354803733,-6.1038126675720405e-06
5,evacuation,5996.0,5.000000434106773,4.920147347376065,0.984029384040449,1.0003009758910164,0.017069199264152013,4.334537147996562e-27,1.0,296.78148356789177,10.0,0.019509002692279433,-5.871739468151311e-06
5,evacuation,5998.0,5.000000418582553,4.920095939446329,0.98401910551062,1.0002894571622933,0.017068801417124586,3.54887742011448e-27,1.0,296.79358942546565,10.0,0.01951384051809333,-5.648420901810303e-06
5,evacuation,6000.0,5.000000403634368,4.920044998108879,0.9840089201858119,1.000278376589537,0.01706841248469654,2.9056190948538642e-27,1.0,296.80557552481616,10.0,0.01951863127829123,-5.433530007681409e-06
