cycle,step,time_s,pressure_kpa,co2_partial_kpa,co2_mole_fraction,co2_loading_cm3_stp_g,n2_loading_cm3_stp_g,open_fraction,solid_volume_l,temperature_k,crystal_length_um,co2_k_eff_s,co2_rate_cm3_stp_g_s
1,adsorption,0.0,5.000000000000001,0.7500000000000001,0.15,0.15,0.85,0.0,1.0,298.0,10.0,0.02,7.776407831913043e-19
1,adsorption,2.0,100.04519747809175,7.099278208026124,0.07096070962907287,0.270009894168323,0.8642815669229331,0.06429000045824172,1.003214500022912,298.2253440286376,10.010703539413244,0.020048757798579182,0.06490384610143397
1,adsorption,4.0,100.045993245555,8.10189950798292,0.0809817489451821,0.3882056505576666,0.8772535942965837,0.05263620048515846,1.002631810024258,298.4135455433933,10.008765015286972,0.020133190515937538,0.053647023637604936
1,adsorption,6.0,100.04665500723536,9.385671586779242,0.09381294743038109,0.48589646553292254,0.8890281915992371,0.0430948760646333,1.0021547438032319,298.5668307253309,10.007177326709792,0.02020218631509499,0.044339833292415094
1,adsorption,8.0,100.0468083576314,10.047918089719525,0.1004321702477687,0.5692199094412804,0.8997041415605675,0.04302860799165373,1.0021514303995827,298.69531215397734,10.007166297856008,0.02025480730092042,0.04271527809195373
1,adsorption,10.0,100.046914733034,10.045834666939271,0.10041123900467754,0.6526802091755368,0.9093760029071528,0.04361262396832963,1.0021806311984165,298.82220463287734,10.007263493550166,0.02030642883057172,0.04159187375819353
1,adsorption,12.0,100.04694796745459,10.056241508289732,0.10051522522767052,0.7358481106273534,0.9181357786449729,0.045568836194576134,1.0022784418097288,298.9468732172925,10.007589045214765,0.020356294657700794,0.04155404730908441
1,adsorption,14.0,100.04697661053284,10.057223593466514,0.1005250126909652,0.8189348659022267,0.9260671436916782,0.0475257144022363,1.0023762857201117,299.06970638304205,10.007914686521453,0.02040548434348448,0.04151634538374519
1,adsorption,16.0,100.04700440918,10.059112173465081,0.1005438616864983,0.9019055533277021,0.933246394418365,0.04945585412481731,1.002472792706241,299.1906954955068,10.008235857557056,0.020454009396829564,0.04145767442890455
1,adsorption,18.0,100.04702954015481,10.061101925690474,0.10056372459966298,0.984768635605047,0.9397430239595675,0.05139466552837338,1.0025697332764187,299.3098978212278,10.008558450790463,0.02050186591531741,0.04140604650611925
1,adsorption,20.0,100.04705241941407,10.06306221428115,0.10058329526886109,1.0675320047174666,0.9456203083240825,0.0533376590044588,1.002666882950223,299.4273671400469,10.008881719005382,0.02054907579197414,0.041357824017191555
1,adsorption,22.0,100.04707326425586,10.065027274505443,0.10060291566871259,1.1502018931306142,0.9509358413126814,0.05528435416974976,1.0027642177084874,299.5431521371331,10.009205582153657,0.020595656275374078,0.0413125781167336
1,adsorption,24.0,100.04709225583721,10.066994391272138,0.10062255848005201,1.2327841036462024,0.9557420092937923,0.05723451048824039,1.002861725524412,299.6572985564546,10.009530000106095,0.020641623398293892,0.04127007342390012
1,adsorption,26.0,100.04710955812432,10.068961877423861,0.10064220667538727,1.315283911817375,0.9600864866261783,0.059187936135327544,1.0029593968067663,299.76984924746966,10.009854940846276,0.02068699211363533,0.041230118556778904
1,adsorption,28.0,100.04712532820118,10.070933787292471,0.10066190062188311,1.3977060955023963,0.9640125854889603,0.06114433636172169,1.003057216818086,299.8808443516403,10.010180355246696,0.020731776463643516,0.041192443955108585
1,adsorption,30.0,100.0471397065037,10.07290554970187,0.1006815944888734,1.4800550354614679,0.9675597093212966,0.06310347130684968,1.0031551735653426,299.9903216479191,10.010506203321391,0.020775989604106825,0.04115682706416573
1,adsorption,32.0,100.04715281845738,10.074879922640397,0.10070131571781935,1.5623346692374374,0.9707635880979529,0.06506518253753686,1.0032532591268768,300.0983165701123,10.010832458636564,0.020819643782783465,0.041123115500405906
1,adsorption,34.0,100.04716478267437,10.076855022915487,0.10072104536700015,1.6445486089002797,0.9736567655175414,0.0670292422630091,1.0033514621131505,300.20486259868983,10.011159083231357,0.0208627505973265,0.04109110332303622
1,adsorption,36.0,100.04717570390027,10.078832066083589,0.10074079548145277,1.726700111331989,0.9762687417110708,0.06899550179625281,1.0034497750898126,300.3099912652941,10.01148605230845,0.020905320886326354,0.041060652070262785
1,adsorption,38.0,100.04718567993024,10.080809978201351,0.10076055522892724,1.8087921379377028,0.9786262294013968,0.07096378889781922,1.003548189444891,300.413732349917,10.011813337160783,0.020947364874847604,0.04103160675753774
1,adsorption,40.0,100.04719479761526,10.082789406693875,0.10078033099369028,1.8908273789162902,0.9807535732574206,0.07293396448228616,1.0036466982241143,300.51611409961106,10.012140914601003,0.020988892219647066,0.04100384182475589
1,adsorption,42.0,100.04720313775206,10.084769656496185,0.10080011574747133,1.9728082724337612,0.9826727823122882,0.07490589351201551,1.0037452946756007,300.6171632613943,10.012468762120722,0.021029912036812058,0.040977237314298316
1,adsorption,44.0,100.04721077322867,10.086751085268402,0.10081991299219194,2.054737025851397,0.9844038188328437,0.07687944676271898,1.003843972338136,300.71690523967885,10.01279685818382,0.02107043296068516,0.04095168013931461
1,adsorption,46.0,100.04721776954716,10.088733547070143,0.10083972120353155,2.1366156375225596,0.9859647479232584,0.07885451989248442,1.0039427259946243,300.81536418858076,10.013125185395971,0.021110463163929942,0.04092707951502054
1,adsorption,48.0,100.0472241871501,10.090716723743062,0.1008595371408525,2.2184459221388853,0.9873719585708449,0.08083100217828952,1.0040415501089144,300.9125631454219,10.013453725306714,0.02115001043061367,0.04090334106594729
1,adsorption,50.0,100.04723008088001,10.092700891596484,0.10087936351098736,2.3002295223143374,0.9886403118102195,0.08280879455737133,1.0041404397278686,301.00852410984,10.013782461408432,0.02118908217246235,0.040880381555289114
1,adsorption,52.0,100.04723550003447,10.094685860327447,0.10089919836239722,2.381967926133589,0.9897832609978113,0.08478781386026907,1.0042393906930134,301.1032681204551,10.014111379839234,0.021227685454057867,0.040858132231996504
1,adsorption,54.0,100.04724048984225,10.09667145706157,0.10091903992181255,2.463662480448208,0.9908129774745194,0.0867679727778128,1.0043383986388907,301.1968153275953,10.014440466052893,0.021265827033822196,0.04083652220045928
1,adsorption,56.0,100.0472450913846,10.098657844940814,0.1009388897786896,2.5453144023366723,0.9917404767434442,0.08874919394780348,1.0044374596973902,301.2891850637379,10.014769707159918,0.021303513380387336,0.040815489942774716
1,adsorption,58.0,100.04724934143451,10.100644877571453,0.10095874643290445,2.626924793956176,0.9925757277851656,0.09073140998484379,1.0045365704992422,301.3803959125226,10.015099091931992,0.021340750698523946,0.0407949832064064
1,adsorption,60.0,100.04725327382344,10.102632455582782,0.10097860885728135,2.708494652395508,0.9933277484159253,0.09271455201779095,1.0046357276008895,301.4704657641094,10.01542860889686,0.02137754495772179,0.04077494941420688
1,adsorption,62.0,100.04725691923794,10.104620662608824,0.10099847785697583,2.790024878015818,0.9940046922099208,0.09469855852148129,1.004734927926074,301.55941186470403,10.01575824780577,0.021413901904198035,0.04075534291936556
1,adsorption,64.0,100.04726030501585,10.106609394415363,0.10101835236270504,2.8715162850202067,0.9946139292438931,0.09668337451092117,1.004834168725546,301.64725086714554,10.016087999499176,0.021449827080372078,0.04073612423565461
1,adsorption,66.0,100.04726345641345,10.108598588965092,0.10103823172903677,2.9529696091407462,0.9951621201716621,0.0986689449782891,1.0049334472489144,301.7339988743087,10.016417854816149,0.02148532584560314,0.0407172544953676
1,adsorption,68.0,100.04726639620448,10.11058828512095,0.10105811632155218,3.0343855143792995,0.9956552831916784,0.10065522027983591,1.0050327610139917,301.8196714781524,10.016747805489185,0.02152040338677134,0.04069869987920263
1,adsorption,70.0,100.04726914474172,10.112578408211563,0.1010780053734536,3.115764600676289,0.9960988544955592,0.10264215516191003,1.0051321077580955,301.90428379758265,10.017077843982143,0.021555064733030902,0.04068043072782545
1,adsorption,72.0,100.04727172077462,10.114568916767618,0.10109789845141123,3.197107409626565,0.9964977431464089,0.10462970503400158,1.0052314852517001,301.9878505109955,10.017407962871003,0.021589314770425024,0.04066241836545452
1,adsorption,74.0,100.04727414120562,10.11655982655051,0.10111779569598377,3.278414429523204,0.9968563798164574,0.10661782919446511,1.0053308914597232,302.0703858852515,10.017738155379543,0.021623158250151923,0.040644637756414054
1,adsorption,76.0,100.0472764210713,10.118551075960367,0.10113769647635569,3.3596861015136574,0.9971787668164998,0.10860649011109277,1.0054303245055547,302.1519038070787,10.018068415259672,0.021656599800804633,0.04062706683613118
1,adsorption,78.0,100.04727857430031,10.120542641360537,0.1011576005422726,3.4409228228138122,0.9974685098846442,0.11059565084488406,1.0055297825422445,302.2324178020803,10.018398736363434,0.021689643936765174,0.04060968431947787
1,adsorption,80.0,100.04728061338581,10.122534527311101,0.10117750792675477,3.5221249520205054,0.9977288675263832,0.11258527768509788,1.005629263884255,302.31194106477795,10.01872911308053,0.02172229506768313,0.040592471858601174
1,adsorption,82.0,100.0472825494151,10.124526681097423,0.1011974180917582,3.603292812603544,0.9979627786905625,0.1145753390373983,1.00572876695187,302.3904864764677,10.019059540153531,0.021754557505521785,0.04057541307485038
1,adsorption,84.0,100.04728439278207,10.126519083353436,0.10121733083325962,3.6844266959048873,0.9981728921968935,0.11656580380904798,1.0058282901904525,302.4680666231717,10.019390012409673,0.021786435472094166,0.040558492164707104
1,adsorption,86.0,100.04728615260474,10.128511737918457,0.10123724618046283,3.7655268641373385,0.998361594901054,0.1185566435682873,1.0059278321784144,302.5446938131029,10.019720525119299,0.021817933103747054,0.040541695698365535
1,adsorption,88.0,100.04728783708372,10.130504597021114,0.10125716364762986,3.8465935537079994,0.9985310381858573,0.1205478314266683,1.0060273915713334,302.6203800939731,10.0200510738102,0.021849054458409938,0.040525011637770655
1,adsorption,90.0,100.04728945388712,10.132497646174487,0.10127708308224248,3.927626977531736,0.9986831612082286,0.12253934079456656,1.0061269670397284,302.69513726740354,10.020381654060934,0.021879803521563865,0.04050842825681156
1,adsorption,92.0,100.04729100971896,10.134490886904038,0.10129700449280067,4.008627327197262,0.9988197110992242,0.12453114731381544,1.0062265573656908,302.7689769018292,10.020712261821611,0.021910184209322336,0.04049193576422105
1,adsorption,94.0,100.04729251059499,10.136484276142617,0.1013169274427808,4.089594775324012,0.9989422612640234,0.1265232277330401,1.006326161386652,302.8419103449073,10.021042893227092,0.021940200373564308,0.040475525322821095
1,adsorption,96.0,100.04729396220026,10.138477803089687,0.1013368518185029,4.17052947719682,0.9990522283773983,0.12851555898071781,1.006425777949036,302.9139487342963,10.021373544443104,0.021969855806277826,0.04045918824354544
1,adsorption,98.0,100.04729536938268,10.140471467401566,0.10135677761164986,4.251431572443032,0.9991508879248847,0.13050811988918953,1.0065254059944595,302.98510300788485,10.021704211952335,0.0219991542417862,0.04044291744187675
1,adsorption,100.0,100.04729673661483,10.1424652297584,0.10137670442470346,4.332301186865214,0.9992393880981977,0.13250089004418722,1.0066250445022094,303.05538391359426,10.022034892363404,0.022028099360921077,0.04042670643606739
1,adsorption,102.0,100.04729806804475,10.144459082771466,0.10139663217963124,4.413138433569909,0.999318762205021,0.1344938491566359,1.006724692457832,303.1248020174739,10.022365582306595,0.022056694794122565,0.04041054879951135
1,adsorption,104.0,100.04729936725174,10.146453023705655,0.10141656084548817,4.493943414213407,0.9993899399037893,0.13648697855872235,1.0068243489279363,303.1933677114792,10.02269627868208,0.022084944122888462,0.04039443943244185
1,adsorption,106.0,100.0473006374423,10.14844701746056,0.10143649006820424,4.574716220362766,0.9994537574415365,0.138480260097101,1.0069240130048551,303.26109122100746,10.023026978476192,0.02211285088305088,0.04037837359905343
1,adsorption,108.0,100.04730188173282,10.150441058411072,0.10145641978841206,4.655456934305043,0.9995109669279288,0.14047367570335823,1.0070236837851678,303.327982611198,10.023357678690148,0.022140418567058836,0.040362346551928364
1,adsorption,110.0,100.04730310267075,10.152435141568892,0.1014763499536838,4.736165630017006,0.999562244880467,0.14246720869880278,1.00712336043494,303.39405179319266,10.023688376556493,0.022167650625003057,0.04034635464686237
1,adsorption,112.0,100.04730430263731,10.154429238418983,0.10149628027660217,4.816842374084436,0.9996081989741986,0.14446084272729173,1.0072230421363648,303.4593085294213,10.024019069361986,0.022194550466981135,0.04033039441599745
1,adsorption,114.0,100.0473054838968,10.156423340921723,0.10151621067452393,4.897487226455778,0.9996493763201816,0.14645456158825945,1.007322728079413,303.52376243961055,10.024349754419925,0.02222112146514657,0.04031446241699155
1,adsorption,116.0,100.04730664831537,10.158417443247668,0.10153614108729953,4.978100240919465,0.9996862677131492,0.14844835010631321,1.0074224175053157,303.5874230041586,10.024680429214326,0.022247366953875105,0.040298555982952206
1,adsorption,118.0,100.04730779762157,10.160411522494611,0.10155607128427051,5.058681465953611,0.9997193141364336,0.15044219343547013,1.0075221096717735,303.6502995694453,10.025011091284503,0.022273290231944347,0.04028267261302489
1,adsorption,120.0,100.04730893343913,10.162405570435729,0.10157600118156816,5.1392309451815,0.9997489119539592,0.1524360769171222,1.0076218038458562,303.71240135188134,10.025341738201487,0.022298894563782007,0.0402668098470214
1,adsorption,122.0,100.04731005715762,10.16439957870478,0.10159593069416656,5.219748717878821,0.9997754172927448,0.1544299866281101,1.0077214993314054,303.77373744164663,10.025672367658899,0.022324183180090336,0.04025096573753029
1,adsorption,124.0,100.04731117002022,10.166393529522306,0.10161585964309978,5.300234819471339,0.9997991499405361,0.15642390894341654,1.0078211954471707,303.83431680618776,10.026002977400402,0.022349159279110554,0.0402351384675204
1,adsorption,126.0,100.04731227320958,10.168387414040465,0.10163578793873639,5.3806892818654894,0.9998203969653708,0.15841783046814006,1.007920891523407,303.89414829335476,10.026333565208411,0.022373826027477058,0.04021932629034442
1,adsorption,128.0,100.04731336773091,10.170381222995474,0.10165571548746664,5.461112133833535,0.9998394160482564,0.1604117383458255,1.0080205869172914,303.95324063450386,10.026664128955177,0.022398186560795515,0.040203527796209226
1,adsorption,130.0,100.04731445449042,10.172374941861856,0.10167564214318887,5.5415034013814335,0.9998564384768568,0.16240561998831368,1.0081202809994156,304.0116024474187,10.026994666558,0.022422243984586056,0.04018774167538954
1,adsorption,132.0,100.04731553433994,10.174368561562748,0.1016955678143161,5.62186310800232,0.9998716718117986,0.16439946304536976,1.0082199731522685,304.06924223890985,10.02732517597416,0.02244600137492468,0.04017196669164299
1,adsorption,134.0,100.04731660800837,10.176362072603421,0.10171549240520904,5.702191274952424,0.9998853022784612,0.16639325557645177,1.0083196627788227,304.12616840732267,10.02765565522939,0.02246946177890984,0.04015620183162809
1,adsorption,136.0,100.04731767615303,10.178355462606136,0.1017354157914842,5.782487921509831,0.9998974969278689,0.1683869858840111,1.0084193492942009,304.182389244911,10.027986102390205,0.02249262821533547,0.04014044615895702
1,adsorption,138.0,100.0473187393866,10.180348722518014,0.10175533788203579,5.862753065165625,0.9999084055883103,0.17038064250016327,1.0085190321250082,304.23791294001387,10.028316515561698,0.022515503675178225,0.04012469880305367
1,adsorption,140.0,100.04731979823556,10.182341842971477,0.10177525858269973,5.942986721825366,0.99991816262135,0.17237421428103503,1.0086187107140518,304.2927475791556,10.028646892903156,0.02253809112198422,0.04010895904205149
1,adsorption,142.0,100.04732085317536,10.184334813053184,0.1017951777839131,6.023188905993849,0.9999268884990204,0.17436769030367333,1.0087183845151837,304.3469011490336,10.028977232610956,0.022560393492366024,0.04009322621292073
1,adsorption,144.0,100.04732190464541,10.186327623893838,0.10181509539658017,6.103359630917001,0.9999346912214367,0.17636105985998318,1.008818052992999,304.40038153836593,10.02930753291755,0.022582413696378447,0.04007749970714128
1,adsorption,146.0,100.04732295302517,10.188320266424615,0.10183501132967142,6.183498908727274,0.9999416675922008,0.1783543125074791,1.008917715625374,304.45319653967306,10.02963779209986,0.022604154617834767,0.04006177901614139
1,adsorption,148.0,100.0473239986567,10.190312730780352,0.10185492548423557,6.263606750575568,0.9999479043657481,0.18034743800529332,1.0090173719002646,304.50535385097555,10.029968008468675,0.022625619114682954,0.04004606367605307
1,adsorption,150.0,100.04732504185465,10.192305008366981,0.10187483777405387,6.34368316673611,0.9999534792787871,0.18234042631086345,1.0091170213155432,304.55686107739194,10.030298180368064,0.02264681001930388,0.04003035326611431
1,adsorption,152.0,100.04732608289105,10.194297090490306,0.10189474811194996,6.423728166711245,0.9999584619770724,0.1843332676063878,1.0092166633803195,304.6077257326827,10.030628306179773,0.022667730138774097,0.04001464743322262
1,adsorption,154.0,100.04732712201144,10.196288968073514,0.10191465640694986,6.503741759325641,0.9999629148480638,0.18632595225869678,1.0093162976129348,304.65795524072684,10.030958384316556,0.02268838225515906,0.039998945857909585
1,adsorption,156.0,100.04732815943981,10.198280632848872,0.10193456257618841,6.5837239528030995,0.9999668937690274,0.18831847081691147,1.0094159235408455,304.70755693692826,10.031288413221775,0.022708769125757068,0.03998324825381241
1,adsorption,158.0,100.04732919537102,10.20027207651923,0.10195446653653575,6.66367475484183,0.9999704487790553,0.19031081402540279,1.0095155407012701,304.75653806957615,10.031618391371532,0.022728893483321123,0.03996755438061825
1,adsorption,160.0,100.04733022998428,10.202263290622996,0.10197436820323436,6.743594172680099,0.9999736246677934,0.19230297279861597,1.0096151486399307,304.8049058011215,10.031948317270505,0.022748758036281787,0.039951864023384666
1,adsorption,162.0,100.04733126343,10.204254267274488,0.10199426749731225,6.8234822131579,0.9999764615727542,0.19429493821707186,1.0097147469108536,304.8526672095543,10.032278189451256,0.022768365469007654,0.039936176990633024
1,adsorption,164.0,100.04733229585068,10.206244998531131,0.10201416433923668,6.903338882758445,0.9999789953527585,0.19628670153644592,1.0098143350768223,304.89982928936865,10.032608006475744,0.022787718441882737,0.03992049312411959
1,adsorption,166.0,100.04733332736994,10.208235476505616,0.1020340586500465,6.98316418767252,0.9999812581684087,0.1982782541707386,1.009913912708537,304.9463989530732,10.032937766932514,0.02280681959165279,0.03990481228549161
1,adsorption,168.0,100.04733435810124,10.210225693555701,0.10205395035324033,7.062958133830994,0.9999832787997334,0.20026958768324582,1.0100134793841622,304.992383032169,10.033267469435197,0.022825671531539072,0.03988913435006737
1,adsorption,170.0,100.04733538814179,10.212215642286102,0.10207383937480173,7.142720726939745,0.999985082982829,0.20226069379718933,1.0101130346898595,305.037788278221,10.033597112624271,0.022844276851386142,0.03987345921804141
1,adsorption,172.0,100.04733641757812,10.214205315108675,0.10209372563879733,7.2224519725156995,0.9999866937296317,0.20425156438249165,1.0102125782191247,305.08262136394234,10.033926695164844,0.022862638117841762,0.03985778680444153
1,adsorption,174.0,100.04733744649047,10.216194704809071,0.10211360907303627,7.302151875916906,0.9999881316263155,0.20624219144694744,1.0103121095723473,305.12688888427294,10.03425621574521,0.022880757874538044,0.039842117033036833
1,adsorption,176.0,100.04733847494613,10.218183804343866,0.10213348960704942,7.381820442369771,0.9999894150920196,0.20823256714567556,1.0104116283572837,305.170597357414,10.034585673078375,0.022898638642247178,0.039826449846504144
1,adsorption,178.0,100.04733950300533,10.220172606506834,0.10215336716874744,7.461457676993911,0.9999905606007675,0.21022268376911404,1.0105111341884556,305.2137532258165,10.03491506590009,0.022916282919039924,0.03981078519746734
1,adsorption,180.0,100.04734053072455,10.22216110444531,0.10217324168957877,7.541063584821205,0.9999915828806483,0.21221253373595836,1.010610626686798,305.2563628571407,10.035244392967659,0.02293369318043485,0.03979512304397801
1,adsorption,182.0,100.0473415581496,10.224149291446144,0.1021931131023972,7.620638170814703,0.9999924950975642,0.21420210960140212,1.01071010548007,305.2984325452079,10.035573653061297,0.022950871879539234,0.039779463358607985
1,adsorption,184.0,100.04734258532206,10.226137160665708,0.10221298133875655,7.700181439887023,0.999993309021895,0.2161914040461293,1.0108095702023066,305.33996851093787,10.035902844982306,0.022967821447204845,0.039763806120327636
1,adsorption,186.0,100.04734361228063,10.22812470558978,0.10223284633350622,7.779693396913911,0.9999940351759444,0.21818040987090298,1.0109090204935451,305.3809769032597,10.036231967552167,0.02298454429217453,0.03974815131140897
1,adsorption,188.0,100.04734463905656,10.230111919814918,0.10225270802261034,7.859174046747441,0.9999946829642227,0.22016912000350003,1.0110084560001753,305.42146380000275,10.036561019613686,0.023001042801216655,0.03973249892532937
1,adsorption,190.0,100.04734566567754,10.23209879684033,0.10227256634106363,7.938623394228678,0.999995260790388,0.2221575274886402,1.0111078763744321,305.46143520877087,10.036890000029315,0.023017319339271355,0.039716848959430055
1,adsorption,192.0,100.04734669217008,10.234085330466247,0.10229242122687086,8.018041444196742,0.9999957761630294,0.22414562548380543,1.0112072812741904,305.5008970678002,10.037218907680462,0.02303337624959119,0.039701201412861487
1,adsorption,194.0,100.04734771855445,10.236071514585506,0.10231227261896877,8.097428201498147,0.9999962357906979,0.22613340726515674,1.0113066703632578,305.539855246804,10.037547741468451,0.023049215853874053,0.03968555629353385
1,adsorption,196.0,100.04734874484893,10.238057343016917,0.10233212045555619,8.176783670995748,0.9999966456665861,0.2281208662182427,1.0114060433109122,305.5783155478022,10.037876500312988,0.023064840452406886,0.039669913611400424
1,adsorption,198.0,100.04734977107105,10.240042809858489,0.10235196467762332,8.256107857574655,0.9999970111440075,0.23010799583486158,1.0115053997917431,305.616283705935,10.03820518315164,0.02308025232420304,0.03965427337727007
1,adsorption,200.0,100.04735079723343,10.242027909282596,0.10237180522690875,8.335400766148618,0.9999973370040397,0.23209478971800435,1.0116047394859002,305.6537653902636,10.038533788940628,0.02309545372713332,0.039638635608831685
1,adsorption,202.0,100.04735182334744,10.244012635409801,0.1023916420446345,8.414662401666185,0.9999976275162678,0.23408124157330557,1.0117040620786653,305.69076620455945,10.038862316653429,0.023110446898067766,0.039623000324526446
1,adsorption,204.0,100.04735284942454,10.245996982618443,0.10241147507459894,8.493892769114403,0.9999978864931842,0.2360673452067695,1.0118033672603384,305.7272916880797,10.039190765280377,0.023125234053011267,0.039607367543063245
1,adsorption,206.0,100.04735387547152,10.247980945346495,0.10243130426120127,8.573091873523213,0.9999981173387771,0.2380530945288438,1.0119026547264423,305.76334731633165,10.039519133829348,0.02313981738723517,0.0395917372886016
1,adsorption,208.0,100.04735490149558,10.249964517998409,0.10245112954850528,8.652259719969566,0.9999983230919374,0.24003848354650204,1.0120019241773253,305.7989385018264,10.03984742132442,0.023154199075417662,0.03957610958511081
1,adsorption,210.0,100.04735592750302,10.251947695219295,0.10247095088298115,8.731396313579573,0.9999985064653116,0.24202350636181438,1.0121011753180906,305.8340705948196,10.04017562680566,0.023168381271778754,0.0395604844565719
1,adsorption,212.0,100.04735695349748,10.253930471695341,0.10249076821151229,8.81050165953145,0.9999986698800881,0.24400815717499572,1.0122004078587499,305.868748884043,10.040503749329602,0.023182366110212266,0.03954486193117123
1,adsorption,214.0,100.04735797948206,10.25591284210532,0.10251058148090852,8.889575763058131,0.9999988154971126,0.24599243027740653,1.0122996215138704,305.9029785974265,10.040831787968093,0.023196155704425972,0.03952924203640822
1,adsorption,216.0,100.04735900546066,10.257894801339068,0.1025303906400886,8.968618629448434,0.9999989452446892,0.24797632005048584,1.0123988160025243,305.9367649028081,10.041159741808107,0.023209752148076336,0.03951362479954742
1,adsorption,218.0,100.04736003143356,10.259876344326894,0.10255019563837944,9.047630264048887,0.9999990608434296,0.24995982096820565,1.0124979910484102,305.9701129086355,10.041487609952153,0.02322315751490138,0.03949801025121167
1,adsorption,220.0,100.04736105740216,10.2618574659987,0.10256999642510274,9.126610672265361,0.9999991638284672,0.251942927590586,1.0125971463795294,306.00302766465916,10.041815391517192,0.0232363738588607,0.03948239842087312
1,adsorption,222.0,100.04736208336763,10.26383816148439,0.10258979295157948,9.205559859563438,0.9999992555693243,0.25392563456326256,1.012696281728163,306.035514162614,10.042143085634558,0.023249403214270253,0.03946678933780732
1,adsorption,224.0,100.04736310932883,10.265818425938416,0.10260958516937856,9.284477831469564,0.9999993372876662,0.25590793661907807,1.012795396830954,306.0675773368939,10.042470691450223,0.023262247595936328,0.03945118303383815
1,adsorption,226.0,100.0473641352853,10.267798254535796,0.10262937303027343,9.363364593571898,0.9999994100731611,0.257889828572358,1.012894491428618,306.09922206521765,10.042798208123848,0.0232749089992954,0.03943557953944031
1,adsorption,228.0,100.04736516123681,10.269777642627606,0.10264915648779738,9.442220151520202,0.999999474897652,0.25987130531878416,1.0129935652659394,306.1304531692848,10.043125634828742,0.023287389400549228,0.03941997888489966
1,adsorption,230.0,100.0473661871808,10.271756585586473,0.10266893549570132,9.521044511026465,0.9999995326278175,0.26185236183636845,1.0130926180918185,306.16127541542477,10.04345297075204,0.023299690756799725,0.039404381102433106
1,adsorption,232.0,100.04736721311608,10.273735078816923,0.10268871000805356,9.599837677865214,0.9999995840364827,0.26383299318039277,1.0131916496590196,306.1916935152374,10.043780215093848,0.02331181500618865,0.03938878622281878
1,adsorption,234.0,100.04736823904076,10.275713117880816,0.10270847998049587,9.67859965787311,0.9999996298127236,0.2658131944834992,1.0132906597241749,306.2217121262251,10.04410736706725,0.02332376406803308,0.039373194276684786
1,adsorption,236.0,100.04736926495222,10.277690698358121,0.10272824536885167,9.757330456949193,0.9999996705708877,0.267792960956099,1.0133896480478048,306.2513358524177,10.044434425898391,0.023335539842961012,0.03935760529605269
1,adsorption,238.0,100.04737029084781,10.279667815872456,0.10274800612938073,9.83603008105479,0.9999997068586517,0.2697722878820527,1.0134886143941026,306.2805692449898,10.044761390825737,0.023347144213050813,0.03934201931156963
1,adsorption,240.0,100.04737131672579,10.281644466182168,0.1027677622196886,9.914698536212967,0.9999997391642156,0.2717511706186868,1.0135875585309344,306.3094168028697,10.045088261100084,0.023358579041966927,0.03932643635366439
1,adsorption,242.0,100.04737234258198,10.283620645071094,0.10278751359763798,9.993335828508446,0.9999997679227246,0.2737296045970523,1.0136864802298526,306.337882973342,10.045415035984593,0.023369846175095934,0.03931085645389354
1,adsorption,244.0,100.04737336841421,10.285596348361631,0.10280726022147504,10.071941964087332,0.9999997935220039,0.27570758531782624,1.0137853792658913,306.3659721526426,10.045741714754126,0.023380947439685766,0.03929527964230665
1,adsorption,246.0,100.0473743942194,10.287571572010398,0.10282700205078844,10.150516949156355,0.9999998163076756,0.27768510835179455,1.0138842554175898,306.3936886865461,10.046068296695287,0.023391884644981396,0.03927970594896667
1,adsorption,248.0,100.04737541999403,10.289546311982333,0.1028467390452505,10.229060789982713,0.9999998365877273,0.2796621693393836,1.0139831084669693,306.42103687094686,10.046394781106375,0.02340265958236116,0.0392641354045726
1,adsorption,250.0,100.04737644573494,10.291520564302319,0.10286647116513219,10.307573492893514,0.9999998546365879,0.28163876398736404,1.0140819381993682,306.4480209524329,10.046721167296814,0.023413274025475547,0.03924856803849471
1,adsorption,252.0,100.04737747143905,10.293494325102156,0.10288619837177326,10.38605506427505,0.9999998706987653,0.2836148880691905,1.0141807444034596,306.47464512885284,10.04704745458722,0.023423729730382672,0.039233003880104284
1,adsorption,254.0,100.04737849710244,10.295467590531288,0.10290592062669054,10.464505510572437,0.9999998849920924,0.2855905374243383,1.0142795268712168,306.50091354987626,10.047373642309276,0.023434028435684682,0.039217442959163316
1,adsorption,256.0,100.04737952272211,10.297440356797818,0.10292563789198626,10.542924838289002,0.9999998977106217,0.28756570795544,1.014378285397772,306.52683031754776,10.047699729805261,0.02344417186266579,0.03920188530419382
1,adsorption,258.0,100.04738054829456,10.299412620205914,0.10294535013072344,10.621313053985487,0.9999999090272093,0.28954039562860645,1.0144770197814303,306.55239948683396,10.048025716428098,0.023454161715427503,0.039186330943736365
1,adsorption,260.0,100.04738157381603,10.301384377078453,0.10296505730615232,10.699670164279631,0.9999999190958183,0.29151459647258665,1.0145757298236293,306.5776250661645,10.048351601541219,0.023463999681024788,0.03917077990652398
1,adsorption,262.0,100.0473825992831,10.303355623798423,0.10298475938212355,10.77799617584547,0.9999999280535743,0.2934883065763094,1.0146744153288154,306.6025110179666,10.048677384518143,0.023473687429603086,0.039155232220165835
1,adsorption,264.0,100.04738362469278,10.305326356833687,0.10300445632333578,10.856291095412567,0.9999999360225978,0.29546152208911824,1.014773076104456,306.62706125919345,10.049003064742514,0.023483226614533278,0.039139687912274346
1,adsorption,266.0,100.04738465004063,10.307296572673655,0.10302414809470453,10.934554929765497,0.9999999431116383,0.29743423921986895,1.0148717119609934,306.6512796618462,10.049328641607962,0.02349261887254704,0.039124147010532066
1,adsorption,268.0,100.04738567532382,10.309266267864869,0.10304383466171467,11.012787685743145,0.9999999494175319,0.299406454234685,1.0149703227117342,306.6751700534904,10.049654114517715,0.023501865823873265,0.03910860954151763
1,adsorption,270.0,100.04738670053871,10.311235439036258,0.10306351599067541,11.090989370237892,0.9999999550265004,0.30137816345739643,1.0150689081728699,306.6987362177655,10.049979482884673,0.02351096907237168,0.03909307553197152
1,adsorption,272.0,100.04738772568162,10.313204082828735,0.10308319204801575,11.16915999019516,0.9999999600153096,0.30334936326819967,1.01516746816341,306.72198189488984,10.050304746131184,0.0235199302056681,0.03907754500841205
1,adsorption,274.0,100.04738875074928,10.315172195953503,0.10310286280086696,11.247299552612583,0.9999999644523014,0.3053200501020276,1.0152660025051015,306.7449107821584,10.050629903688769,0.02352875079528913,0.039062017996476996
1,adsorption,276.0,100.04738977573831,10.31713977518283,0.10312252821697063,11.325408064539328,0.9999999683983154,0.30729022044872006,1.015364511022436,306.7675265344356,10.050954954998153,0.02353743239679528,0.039046494521895396
1,adsorption,278.0,100.04739080064473,10.319106817312937,0.10314218826430842,11.403485533075507,0.9999999719075069,0.30925987085176165,1.015462993542588,306.7898327646423,10.051279899509046,0.02354597654991494,0.039030974610131594
1,adsorption,280.0,100.04739182546597,10.321073319201338,0.10316184291147332,11.481531965371436,0.9999999750280807,0.31122899790678576,1.0155614498953394,306.811833044237,10.0516047366799,0.02355438477867794,0.039015458285801344
1,adsorption,282.0,100.04739285019805,10.323039277766577,0.10318149212766958,11.559547368626918,0.9999999778029401,0.31319759826185256,1.015659879913093,306.8335309036914,10.051929465977953,0.02356265859154738,0.038999945573700616
1,adsorption,284.0,100.04739387483767,10.325004689944196,0.10320113588227084,11.637531750090709,0.9999999802702692,0.3151656686159203,1.015758283430796,306.854929832961,10.05225408687896,0.023570799481552662,0.038984436498159955
1,adsorption,286.0,100.04739489938176,10.326969552739953,0.10322077414535225,11.715485117059716,0.9999999824640484,0.3171332057178671,1.0158566602858934,306.87603328194956,10.05257859886705,0.023578808926421235,0.03896893108289452
1,adsorption,288.0,100.04739592382688,10.328933863202689,0.10324040688741995,11.793407476878384,0.9999999844145171,0.3191002063664312,1.0159550103183215,306.8968446609689,10.052903001434698,0.023586688388709573,0.03895342935168089
1,adsorption,290.0,100.04739694816968,10.330897618410258,0.10326003407927001,11.871298836938092,0.9999999861485824,0.32106666740884987,1.0160533333704425,306.91736734119274,10.053227294082495,0.023594439315934367,0.03893793132782458
1,adsorption,292.0,100.04739797240714,10.33286081550118,0.10327965569230457,11.949159204676414,0.9999999876901863,0.32303258574002386,1.0161516292870012,306.93760465510604,10.053551476319026,0.023602063140703084,0.03892243703410135
1,adsorption,294.0,100.0473989965359,10.334823451655378,0.10329927169833988,12.026988587576525,0.9999999890606296,0.324997958302373,1.0162498979151187,306.9575598969484,10.053875547660827,0.02360956128084317,0.038906946493316524
1,adsorption,296.0,100.04740002055276,10.336785524082332,0.10331888206948749,12.10478699316658,0.9999999902788638,0.32696278208452684,1.0163481391042264,306.977236323153,10.054199507632168,0.023616935139531947,0.038891459727783205
1,adsorption,298.0,100.0474010444549,10.33874703004899,0.10333848677843305,12.182554429019044,0.9999999913617484,0.3289270541206345,1.0164463527060317,306.99663715278047,10.054523355764946,0.02362418610542538,0.03887597675935791
1,adsorption,300.0,100.04740206823891,10.34070796686029,0.10335808579824236,12.260290902750068,0.9999999923242813,0.3308907714901598,1.016544538574508,307.0157655679469,10.054847091598642,0.023631315552785633,0.038860497609909096
1,adsorption,302.0,100.04740309190186,10.34266833185035,0.10337767910227262,12.33799642201893,0.999999993179803,0.33285393131657764,1.0166426965658288,307.03462471424837,10.055170714680099,0.02363832484160943,0.03884502230076377
1,adsorption,304.0,100.04740411544071,10.344628122410816,0.10339726666445599,12.415670994527334,0.9999999939401806,0.3348165307669302,1.0167408265383464,307.05321770117905,10.05549422456346,0.023645215317754584,0.03882955085293464
1,adsorption,306.0,100.04740513885262,10.346587335962678,0.10341684845901776,12.493314628018888,0.9999999946159681,0.3367785670513808,1.016838928352569,307.07154760254605,10.055817620810078,0.023651988313066558,0.03881408328733228
1,adsorption,308.0,100.04740616213434,10.34854596996355,0.10343642446054976,12.570927330278474,0.999999995216553,0.3387400374221436,1.0169370018711072,307.0896174568781,10.056140902988343,0.023658645145504198,0.03879861962439237
1,adsorption,310.0,100.04740718528338,10.350504021918594,0.10345599464411824,12.648509109131654,0.9999999957502832,0.34070093917300964,1.0170350469586504,307.10743026783064,10.056464070673604,0.023665187119265105,0.03878315988424201
1,adsorption,312.0,100.04740820829632,10.352461489366275,0.10347555898512331,12.7260599724441,0.9999999962245831,0.3426612696389853,1.0171330634819495,307.12498900458536,10.056787123448107,0.023671615524909626,0.03876770408695741
1,adsorption,314.0,100.04740923117082,10.354418369874297,0.10349511745925621,12.803579928121051,0.9999999966460541,0.34462102619506235,1.017231051309753,307.1422966022462,10.05711006090078,0.023677931639485505,0.03875225225201172
1,adsorption,316.0,100.0474102539038,10.3563746610657,0.10351467004276203,12.881068984106665,0.9999999970205675,0.34658020625617203,1.0173290103128085,307.1593559622294,10.057432882627237,0.023684136726650314,0.038736804398805384
1,adsorption,318.0,100.04741127649267,10.35833036057959,0.10353421671204603,12.95852714838356,0.9999999973533427,0.34853880727633874,1.017426940363817,307.17616995265075,10.057755588229627,0.023690232036794358,0.038721360546445274
1,adsorption,320.0,100.04741229893439,10.360285466102981,0.10355375744399269,13.035954428972197,0.999999997649021,0.35049682674800103,1.0175248413374,307.19274140870675,10.058078177316526,0.023696218807162567,0.038705920713672
1,adsorption,322.0,100.04741332122677,10.362239975355598,0.10357329221581256,13.113350833930363,0.9999999979117286,0.35245426220160064,1.0176227131100803,307.2090731330528,10.058400649502865,0.023702098261975564,0.03869048491902205
1,adsorption,324.0,100.04741434336667,10.364193886089064,0.10359282100503611,13.190716371352638,0.9999999981451345,0.35441111120499263,1.0177205555602498,307.225167896176,10.058723004409824,0.023707871612550033,0.03867505318081706
1,adsorption,326.0,100.04741536535171,10.366147196088816,0.1036123437895309,13.268051049369863,0.9999999983524998,0.35636737136264324,1.0178183685681321,307.24102843676434,10.05904524166471,0.023713540057418703,0.038659625516947065
1,adsorption,328.0,100.0474163871792,10.368099903181168,0.10363186054757341,13.345354876148589,0.9999999985367236,0.3583230403154719,1.0179161520157736,307.25665746207125,10.059367360900923,0.023719104782449145,0.03864420194524081
1,adsorption,330.0,100.04741740884657,10.370052005212983,0.10365137125764552,13.42262785989063,0.9999999987003834,0.3602781157399892,1.0180139057869995,307.2720576482763,10.059689361757803,0.023724566960962284,0.038628782483174265
1,adsorption,332.0,100.04741843035143,10.372003500074255,0.10367087589865984,13.499870008832488,0.9999999988457698,0.36223259534779545,1.0181116297673898,307.28723164084164,10.060011243880565,0.023729927753850046,0.03861336714790673
1,adsorption,334.0,100.04741945169104,10.373954385684373,0.10369037444982321,13.577081331244885,0.9999999989749193,0.3641864768852994,1.0182093238442649,307.30218205486415,10.060333006920237,0.023735188309692023,0.038597955956510104
1,adsorption,336.0,100.0474204728632,10.375904659988514,0.10370986689059983,13.654261835432292,0.9999999990896415,0.3661397581329072,1.0183069879066453,307.3169114754237,10.060654650533522,0.02374034976487168,0.038582548925699116
1,adsorption,338.0,100.04742149386522,10.377854320971698,0.10372935320085243,13.73141152973239,0.9999999991915455,0.3680924369046232,1.0184046218452312,307.33142245792783,10.06097617438274,0.02374541324369201,0.038567146071937626
1,adsorption,340.0,100.04742251469503,10.379803366643971,0.10374883336069331,13.808530422515645,0.9999999992820604,0.37004451104763847,1.0185022255523821,307.34571752845153,10.061297578135754,0.023750379858489743,0.03855174741152156
1,adsorption,342.0,100.0474235353498,10.381751795046819,0.10376830735054991,13.8856185221848,0.9999999993624568,0.371995978441767,1.0185997989220883,307.35979918407406,10.061618861465877,0.023755250709749518,0.03853635296051538
1,adsorption,344.0,100.04742455582769,10.38369960425004,0.10378777515113154,13.962675837174432,0.9999999994338639,0.37394683699879877,1.0186973418499399,307.3736698932116,10.061940024051758,0.02376002688621716,0.03852096273460366
1,adsorption,346.0,100.04742557612602,10.385646792359845,0.10380723674351235,14.039702375950457,0.9999999994972851,0.37589708466243726,1.0187948542331218,307.3873320959456,10.06226106557738,0.02376470946501157,0.03850557674947582
1,adsorption,348.0,100.04742659624273,10.387593357497819,0.1038266921089195,14.116698147009744,0.999999999553612,0.3778467194073922,1.0188923359703699,307.40078820434826,10.062581985731896,0.023769299511736883,0.03849019502042008
1,adsorption,350.0,100.04742761617554,10.389539297828872,0.10384614122901349,14.193663158879602,0.9999999996036365,0.37979573923915083,1.0189897869619575,307.4140406028036,10.062902784209603,0.02377379808059309,0.03847481756254158
1,adsorption,352.0,100.04742863592217,10.39148461153638,0.10386558408563941,14.270597420117378,0.999999999648063,0.3817441421935673,1.0190872071096786,307.42709164832496,10.063223460709862,0.023778206214485984,0.03845944439080076
1,adsorption,354.0,100.04742965548041,10.393429296832503,0.1038850206609298,14.347500939310011,0.9999999996875165,0.38369192633622606,1.0191845963168114,307.4399436708691,10.063544014937,0.023782524945136687,0.03844407551983926
1,adsorption,356.0,100.04743067484813,10.395373351961869,0.10390445093734185,14.424373725073602,0.9999999997225535,0.38563908976218175,1.019281954488109,307.45259897364656,10.063864446600256,0.023786755293190086,0.03842871096414536
1,adsorption,358.0,100.0474316940233,10.397316775189521,0.10392387489753668,14.501215786053006,0.9999999997536669,0.38758563059548184,1.0193792815297742,307.4650598334284,10.064184755413713,0.023790898268322626,0.038413350738012005
1,adsorption,360.0,100.04743271300369,10.399259564810386,0.10394329252447411,14.5780271309214,0.9999999997812957,0.3895315469886762,1.0194765773494339,307.4773285008496,10.064504941096201,0.02379495486934925,0.038397994855476174
1,adsorption,362.0,100.04743373178728,10.401201719145666,0.1039627038013767,14.654807768379895,0.9999999998058294,0.39147683712247616,1.0195738418561238,307.4894072007085,10.064825003371258,0.02379892608432966,0.03838264333039037
1,adsorption,364.0,100.04743475037203,10.403143236541245,0.10398210871171348,14.73155770715711,0.9999999998276146,0.3934214992053844,1.0196710749602693,307.5012981322638,10.065144941967045,0.02380281289067363,0.038367296176460584
1,adsorption,366.0,100.04743576875579,10.405084115366867,0.10400150723919215,14.808276956008791,0.9999999998469584,0.39536553147312437,1.0197682765736562,307.513003469527,10.06546475661627,0.02380661625524582,0.038351953407092326
1,adsorption,368.0,100.04743678693691,10.40702435402189,0.10402089936781593,14.884965523717401,0.9999999998641343,0.39730893218843155,1.0198654466094217,307.52452536155215,10.065784447056146,0.023810337134469423,0.03833661503556555
1,adsorption,370.0,100.04743780491295,10.408963950925878,0.1040402850817908,14.961623419091753,0.9999999998793846,0.39925169964064594,1.0199625849820324,307.53586593272234,10.066104013028312,0.023813976474429285,0.03832128107501982
1,adsorption,372.0,100.04743882268242,10.410902904521429,0.10405966436555199,15.03825065096663,0.9999999998929251,0.4011938321450659,1.0200596916072533,307.54702728303243,10.066423454278741,0.023817535210974437,0.0383059515382116
1,adsorption,374.0,100.0474398402431,10.412841213285313,0.10407903720387705,15.114847228202361,0.9999999999049473,0.40313532804305763,1.0201567664021531,307.5580114883691,10.066742770557756,0.02382101426981914,0.038290626437968434
1,adsorption,376.0,100.04744085759286,10.414778875701076,0.10409840358161118,15.191413159684537,0.999999999915621,0.40507618570120196,1.0202538092850602,307.5688206007943,10.067061961619872,0.023824414566647245,0.038275305786745574
1,adsorption,378.0,100.0474418747304,10.416715890293581,0.10411776348401161,15.26794845432366,0.9999999999250974,0.407016403511374,1.0203508201755687,307.57945664879395,10.067381027223819,0.023827737007200537,0.03825998959702217
1,adsorption,380.0,100.04744289165386,10.418652255603186,0.10413711689649122,15.344453121055052,0.9999999999335105,0.4089559798904819,1.0204477989945242,307.58992163760036,10.067699967132501,0.02383098248740143,0.038244677881424785
1,adsorption,382.0,100.04744390836098,10.420587970159604,0.10415646380435666,15.420927168837622,0.9999999999409792,0.4108949132776044,1.0205447456638805,307.60021754939083,10.068018781112519,0.02383415189342223,0.03822937065037091
1,adsorption,384.0,100.04744492485071,10.422523032606039,0.10417580419404791,15.49737060665374,0.9999999999476101,0.4128332021384937,1.0206416601069246,307.61034634358504,10.068337468934903,0.023837246101793996,0.03821406791659105
1,adsorption,386.0,100.04744594112009,10.424457441499895,0.10419513805114919,15.57378344350969,0.9999999999534968,0.41477084496221606,1.0207385422481108,307.62030995711507,10.06865603037458,0.023840265979509796,0.038198769692317704
1,adsorption,388.0,100.04744695716872,10.426391195471913,0.10421446536197522,15.650165688434845,0.9999999999587224,0.4167078402592574,1.020835392012963,307.63011030467976,10.068974465210037,0.023843212384120183,0.03818347598784831
1,adsorption,390.0,100.047447972994,10.428324293209705,0.10423378611341134,15.726517350481226,0.9999999999633613,0.41864418656511576,1.020932209328256,307.63974927899534,10.069292773223918,0.02384608616382347,0.038168186815189416
1,adsorption,392.0,100.04744898859434,10.430256733338648,0.10425310029171984,15.802838438723487,0.9999999999674793,0.42057988243736244,1.0210289941218682,307.6492287510461,10.06961095420255,0.02384888815756141,0.03815290218562301
1,adsorption,394.0,100.0474500039683,10.432188514567411,0.10427240788399535,15.879128962258227,0.9999999999711349,0.4225149264551384,1.021125746322757,307.65855057033446,10.069929007935851,0.02385161919511337,0.03813762210954686
1,adsorption,396.0,100.04745101911413,10.434119635618742,0.10429170887747352,15.95538893020382,0.9999999999743798,0.4244493172206499,1.0212224658610325,307.6677165651286,10.070246934217566,0.023854280097188516,0.03812234659815592
1,adsorption,398.0,100.04745203402992,10.43605009520307,0.10431100325926715,16.03161835170019,0.9999999999772602,0.4263830533574495,1.0213191526678724,307.6767285427062,10.070564732845003,0.023856871675518938,0.03810707566213323
1,adsorption,400.0,100.04745304871473,10.437979892081655,0.10433029101699605,16.10781723590833,0.9999999999798171,0.42831613351015085,1.0214158066755075,307.6855882895947,10.070882403618965,0.023859394732950793,0.03809180931167341
1,adsorption,402.0,100.04745406316633,10.439909025031826,0.10434957213844188,16.183985592010075,0.9999999999820864,0.43024855634512055,1.021512427817256,307.6942975718093,10.071199946343876,0.023861850063534116,0.038076547557405124
1,adsorption,404.0,100.04745507738338,10.441837492829627,0.10436884661137269,16.260123429207873,0.9999999999841009,0.4321803205491546,1.0216090160274578,307.70285813508826,10.071517360827556,0.023864238452613543,0.038061290409436004
1,adsorption,406.0,100.04745609136441,10.443765294294877,0.10438811442399415,16.33623075672432,0.9999999999858891,0.4341114248295641,1.0217055712414782,307.71127170512597,10.07183464688124,0.023866560676917063,0.03804603787770819
1,adsorption,408.0,100.04745710510774,10.4456924282544,0.10440737556458211,16.41230758380198,0.9999999999874761,0.4360418679141713,1.0218020933957086,307.71953998780236,10.072151804319564,0.023868817504644004,0.03803078997226001
1,adsorption,410.0,100.04745811861197,10.447618893550016,0.10442663002156202,16.488353919703076,0.9999999999888847,0.4379716485505408,1.021898582427527,307.7276646694108,10.072468832960453,0.0238710096955532,0.03801554670277626
1,adsorption,412.0,100.04745913187558,10.449544689051956,0.10444587778364357,16.564369773709164,0.9999999999901351,0.4399007655059564,1.0219950382752978,307.7356474168824,10.072785732625109,0.023873138001049357,0.03800030807882692
1,adsorption,414.0,100.04746014489717,10.45146981364189,0.1044651188396506,16.640355155120872,0.9999999999912447,0.4418292175672326,1.0220914608783616,307.7434898780083,10.073102503137969,0.023875203164269145,0.03798507410994732
1,adsorption,416.0,100.0474611576754,10.453394266219053,0.10448435317858233,16.716310073257645,0.9999999999922298,0.443757003540238,1.0221878501770119,307.7511936816537,10.073419144326644,0.02387720592016408,0.03796984480544278
1,adsorption,418.0,100.04746217020856,10.455318045701947,0.10450358078963107,16.792234537457336,0.9999999999931038,0.445684122249539,1.0222842061124773,307.758760437995,10.073735656021853,0.023879146995594215,0.03795462017432235
1,adsorption,420.0,100.04746318249512,10.457241151022574,0.10452280166212383,16.868128557075707,0.99999999999388,0.4476105725380919,1.0223805286269048,307.76619173869074,10.07405203805736,0.023881027109392248,0.037939400225231366
1,adsorption,422.0,100.04746419453431,10.45916358116595,0.10454201578591678,16.943992141487033,0.9999999999945688,0.44953635326935554,1.0224768176634678,307.77348915715186,10.074368290270337,0.023882846972471106,0.0379241849686778
1,adsorption,424.0,100.04746520632347,10.46108533503406,0.10456122315003812,17.019825300083575,0.9999999999951802,0.4514614633219317,1.022573073166097,307.78065424872307,10.074684412500472,0.023884607287897302,0.03790897441227016
1,adsorption,426.0,100.04746621786379,10.463006411681228,0.10458042374503462,17.095628042274683,0.9999999999957226,0.4533859015930739,1.0226692950796539,307.7876885508835,10.075000404590545,0.023886308750966707,0.03789376856422445
1,adsorption,428.0,100.04746722915023,10.46492681009489,0.10459961756079102,17.171400377486783,0.9999999999962044,0.4553096669997978,1.02276548334999,307.79459358345764,10.075316266386615,0.02388795204928694,0.03787856743462607
1,adsorption,430.0,100.04746824018487,10.466846529240463,0.10461880458696474,17.247142315163458,0.9999999999966316,0.4572327584734092,1.0228616379236706,307.8013708488045,10.075631997737117,0.023889537862855602,0.03786337103054764
1,adsorption,432.0,100.04746925096478,10.468765568243718,0.10463798481482095,17.322853864764962,0.9999999999970106,0.45915517496457997,1.022957758748229,307.8080218320599,10.075947598493691,0.023891066864154663,0.03784817936103009
1,adsorption,434.0,100.04747026148883,10.470683926066583,0.10465715823398541,17.39853503576789,0.999999999997347,0.4610769154392107,1.0230538457719605,307.81454800128125,10.07626306851051,0.02389253971820788,0.03783299243341688
1,adsorption,436.0,100.0474712717563,10.472601601836374,0.10467632483573647,17.474185837664542,0.9999999999976454,0.46299797888093064,1.0231498989440466,307.82095080766607,10.076578407644682,0.023893957082667207,0.037817810255921555
1,adsorption,438.0,100.04747228176515,10.47451859461423,0.10469548461069252,17.54980627996355,0.9999999999979103,0.46491836429035915,1.023245918214518,307.82723168575274,10.07689361575613,0.02389531960789368,0.0378026328371388
1,adsorption,440.0,100.04747329151463,10.476434903480131,0.10471463754965886,17.62539637218935,0.9999999999981454,0.4668380706828433,1.0233419035341424,307.8333920536099,10.077208692707227,0.023896627937034752,0.03778746018415424
1,adsorption,442.0,100.04747430100367,10.478350527578325,0.1047337836440835,17.700956123881703,0.9999999999983539,0.4687570970906824,1.0234378548545342,307.8394333130215,10.077523638363147,0.02389788270609647,0.03777229230482431
1,adsorption,444.0,100.04747531023048,10.480265466013842,0.10475292288502323,17.776485544595744,0.9999999999985392,0.47067544256217614,1.023533772128109,307.8453568496731,10.07783845259171,0.023899084544018883,0.037757129207086786
1,adsorption,446.0,100.04747631919436,10.482179717924089,0.10477205526385731,17.851984643901574,0.9999999999987034,0.47259310616027517,1.023629655308014,307.8511640333366,10.078153135263179,0.023900234072751433,0.037741970897910294
1,adsorption,448.0,100.04747732789417,10.4840932824836,0.10479118077233657,17.927453431384,0.9999999999988491,0.47451008696401464,1.0237255043482008,307.85685621805396,10.07846768625047,0.023901331907325966,0.03772681738482714
1,adsorption,450.0,100.04747833632827,10.486006158844416,0.10481029940198744,18.002891916642497,0.9999999999989785,0.47642638406751286,1.0238213192033756,307.86243474231765,10.078782105428996,0.02390237865593038,0.037711668675192246
1,adsorption,452.0,100.04747934449601,10.487918346192838,0.10482941114467786,18.078300109290815,0.9999999999990933,0.47834199657939686,1.02391709982897,307.8679009292488,10.079096392676577,0.02390337491998118,0.037696524775843586
1,adsorption,454.0,100.0474803523962,10.489829843735547,0.10484851599248005,18.153678018956832,0.9999999999991953,0.48025692362357003,1.0240128461811786,307.87325608677344,10.07941054787356,0.023904321294194394,0.03768138569400458
1,adsorption,456.0,100.04748136002749,10.491740650670106,0.10486761393737522,18.229025655282385,0.9999999999992857,0.4821711643382302,1.0241085582169116,307.8785015077972,10.079724570902652,0.02390521836665728,0.03766625143655476
1,adsorption,458.0,100.04748236738894,10.493650766226695,0.10488670497167017,18.304343027922958,0.999999999999366,0.4840847178757856,1.0242042358937893,307.88363847037715,10.080038461648924,0.023906066718898545,0.03765112201013764
1,adsorption,460.0,100.04748337447954,10.495560189645483,0.10490578908777154,18.379630146547523,0.999999999999437,0.4859975834031578,1.0242998791701579,307.8886682378929,10.08035221999983,0.023906866925957813,0.037635997421622394
1,adsorption,462.0,100.0474843812981,10.497468920168835,0.10492486627810832,18.45488702083839,0.9999999999995002,0.4879097601010052,1.0243954880050503,307.8935920592144,10.080665845845111,0.023907619556454988,0.03762087767755789
1,adsorption,464.0,100.04748538784372,10.499376957064637,0.10494393653536409,18.5301136604909,0.9999999999995561,0.4898212471637028,1.0244910623581853,307.898411168869,10.080979339076768,0.023908325172658607,0.037605762784331476
1,adsorption,466.0,100.04748639411511,10.501284299609928,0.10496299985231436,18.60531007521329,0.9999999999996059,0.49173204379948027,1.024586602189974,307.90312678720545,10.081292699589097,0.02390898433055315,0.03759065274846935
1,adsorption,468.0,100.04748740011152,10.50319094708706,0.10498205622178726,18.680476274726487,0.9999999999996501,0.49364214922976407,1.0246821074614882,307.9077401205571,10.081605927278572,0.023909597579906704,0.03757554757619425
1,adsorption,470.0,100.0474884058318,10.505096898802222,0.10500110563684953,18.755612268763894,0.9999999999996891,0.49555156268928974,1.0247775781344646,307.9122523614024,10.081919022043868,0.023910165464337045,0.03756044727369918
1,adsorption,472.0,100.04748941127502,10.507002154065407,0.10502014809060571,18.830718067071228,0.9999999999997239,0.49746028342589715,1.024873014171295,307.91666468852424,10.08223198378582,0.023910688521377472,0.0375453518471207
1,adsorption,474.0,100.04749041644004,10.50890671220079,0.10503918357630232,18.90579367940629,0.9999999999997548,0.49936831070023063,1.0249684155350116,307.9209782671667,10.082544812407383,0.023911167282542046,0.0375302613024244
1,adsorption,476.0,100.04749142132606,10.51081057254687,0.10505821208732868,18.980839115538807,0.9999999999997821,0.5012756437857078,1.0250637821892854,307.9251942491909,10.08285750781362,0.023911602273390165,0.037515175645536004
1,adsorption,478.0,100.04749242593235,10.512713734450859,0.10507723361716118,19.05585438525025,0.9999999999998065,0.5031822819683254,1.0251591140984162,307.92931377322424,10.08317006991167,0.023911994013588476,0.03750009488231584
1,adsorption,480.0,100.0474934302574,10.514616197270039,0.10509624815937767,19.13083949833357,0.9999999999998281,0.5050882245462363,1.0252544112273119,307.9333379648265,10.083482498610678,0.023912343016980867,0.03748501901833318
1,adsorption,482.0,100.04749443430073,10.516517960373928,0.10511525570767714,19.205794464592795,0.9999999999998475,0.506993470829561,1.025349673541478,307.9372679366092,10.083794793821767,0.0239126497916372,0.03746994805882851
1,adsorption,484.0,100.04749543806122,10.518419023174523,0.10513425625618394,19.2807192938436,0.9999999999998647,0.5088980201424702,1.0254449010071236,307.9411047884248,10.084106955458372,0.023912914839932173,0.037454882010815205
1,adsorption,486.0,100.04749644153763,10.520319384999503,0.10515324979817972,19.35561399591292,0.99999999999988,0.5108018718181546,1.0255400935909078,307.94484960749384,10.084418983435423,0.023913138658601632,0.037439820878536444
1,adsorption,488.0,100.04749744473044,10.522219045325667,0.10517223632843481,19.4304785806382,0.9999999999998934,0.5127050252027546,1.0256352512601377,307.9485034685445,10.084730877669976,0.023913321738797837,0.037424764667281785
1,adsorption,490.0,100.04749844763651,10.524118003538252,0.10519121584080816,19.50531305786755,0.9999999999999056,0.5146074796552961,1.0257303739827648,307.95206743396074,10.08504263808122,0.02391346456615172,0.03740971338346866
1,adsorption,492.0,100.04749945025712,10.526016259030376,0.10521018832923287,19.580117437459677,0.9999999999999161,0.5165092345438492,1.0258254617271925,307.9555425539144,10.085354264589832,0.023913567620831192,0.03739466703119905
1,adsorption,494.0,100.04750045259037,10.527913811311247,0.10522915378880578,19.65489172928369,0.9999999999999254,0.5184102892497223,1.025920514462486,307.9589298665347,10.085665757118663,0.023913631377610028,0.03737962561632781
1,adsorption,496.0,100.04750145463535,10.529810659751513,0.10524811221323759,19.729635943218742,0.9999999999999334,0.5203106431637984,1.0260155321581899,307.9622303980092,10.08597711559216,0.023913656305912166,0.03736458914316805
1,adsorption,498.0,100.04750245639187,10.53170680386195,0.10526706359763902,19.804350089153633,0.9999999999999407,0.522210295688883,1.026110514784444,307.96544516273684,10.086288339936708,0.023913642869874963,0.037349557616833
1,adsorption,500.0,100.04750345785837,10.533602243092748,0.1052860079365166,19.879034176987307,0.9999999999999473,0.5241092462391238,1.026205462311956,307.96857516346864,10.086599430080579,0.023913591528409252,0.037334531042817524
1,adsorption,502.0,100.04750445903454,10.535496976904431,0.10530494522447881,19.95368821662849,0.999999999999953,0.5260074942379985,1.0263003747119,307.9716213914396,10.086910385953574,0.023913502735256748,0.03731950942526217
1,adsorption,504.0,100.04750545991945,10.537391004816467,0.10532387545672396,20.02831221799533,0.9999999999999581,0.5279050391205156,1.0263952519560258,307.9745848264987,10.087221207487394,0.023913376939043406,0.037304492769137075
1,adsorption,506.0,100.04750646051215,10.539284326302598,0.10534279862799337,20.10290619101549,0.9999999999999627,0.5298018803321214,1.026490094016606,307.9774664372386,10.08753189461545,0.023913214583335313,0.037289481079347715
1,adsorption,508.0,100.04750746081211,10.54117694087068,0.10536171473336887,20.177470145625772,0.9999999999999666,0.5316980173278488,1.0265849008663925,307.9802671811252,10.087842447272742,0.023913016106694378,0.03727447436007468
1,adsorption,510.0,100.04750846081848,10.54306884805125,0.10538062376815933,20.252004091772044,0.9999999999999701,0.5335934495735186,1.026679672478676,307.9829880046261,10.088152865396026,0.02391278194273229,0.037259472616018204
1,adsorption,512.0,100.0475094605302,10.54496004735488,0.10539952572747427,20.326508039409166,0.9999999999999732,0.5354881765448383,1.026774408827242,307.98562984333665,10.088463148923706,0.02391251252016478,0.037244475851680565
1,adsorption,514.0,100.04751045994706,10.54685053832,0.10541842060670081,20.40098199850073,0.999999999999976,0.5373821977270735,1.0268691098863536,307.98819362210463,10.088773297795738,0.023912208262865265,0.03722948407118554
1,adsorption,516.0,100.04751145906795,10.548740320498384,0.10543730840136037,20.475425979018965,0.9999999999999786,0.5392755126157346,1.026963775630787,307.99068025515345,10.08908331195377,0.02391186958991693,0.03721449727903717
1,adsorption,518.0,100.04751245789215,10.550629393429956,0.10545618910685549,20.54983999094466,0.9999999999999807,0.5411681207156264,1.0270584060357812,307.9930906462044,10.089393191340974,0.02391149691566585,0.03719951547935301
1,adsorption,520.0,100.04751345641924,10.552517756686022,0.1054750627189021,20.62422404426688,0.9999999999999828,0.5430600215411278,1.0271530010770564,307.9954256885968,10.089702935902098,0.023911090649772242,0.0371845386762443
1,adsorption,522.0,100.04751445464812,10.55440540983438,0.1054939292331818,20.698578148982968,0.9999999999999845,0.5449512146161404,1.027247560730807,307.99768626540754,10.090012545583448,0.02391065119726188,0.03716956687388228
1,adsorption,524.0,100.0475154525784,10.55629235245068,0.10551278864545378,20.77290231509832,0.999999999999986,0.5468416994736246,1.0273420849736812,307.9998732495687,10.090322020332817,0.023910178958576993,0.03715460007618081
1,adsorption,526.0,100.04751645020924,10.558178584128095,0.10553164095165317,20.847196552626272,0.9999999999999875,0.5487314756558181,1.0274365737827909,308.00198750398386,10.090631360099525,0.023909674329626186,0.03713963828711303
1,adsorption,528.0,100.0475174475401,10.560064104458833,0.10555048614770478,20.921460871587982,0.9999999999999885,0.5506205427139784,1.027531027135699,308.00402988164353,10.09094056483437,0.023909137701834345,0.03712468151058165
1,adsorption,530.0,100.0475184445701,10.561948913047884,0.10556932422966173,20.99569528201229,0.9999999999999896,0.5525089002081863,1.0276254450104094,308.0060012257387,10.09124963448959,0.02390856946219184,0.03710972975034661
1,adsorption,532.0,100.04751944129866,10.563833009509032,0.10558815519366474,21.069899793935562,0.9999999999999907,0.5543965477073668,1.0277198273853683,308.00790236977326,10.091558569018881,0.02390796999330303,0.03709478301015201
1,adsorption,534.0,100.04752043772532,10.565716393462608,0.10560697903591972,21.14407441740162,0.9999999999999915,0.5562834847891772,1.0278141742394589,308.0097341376753,10.091867368377368,0.023907339673434527,0.03707984129372849
1,adsorption,536.0,100.0475214338492,10.567599064535878,0.10562579575270248,21.218219162461544,0.9999999999999923,0.5581697110397336,1.0279084855519867,308.0114973439073,10.092176032521559,0.0239066788765631,0.037064904604643484
1,adsorption,538.0,100.04752242966974,10.569481022366965,0.10564460534039687,21.292334039173596,0.999999999999993,0.560055226053622,1.0280027613026812,308.0131927935741,10.092484561409355,0.02390598797242253,0.03704997294641619
1,adsorption,540.0,100.04752342518628,10.571362266601303,0.10566340779546009,21.366419057603068,0.9999999999999937,0.5619400294339146,1.0280970014716957,308.0148212825308,10.09279295500004,0.023905267326550416,0.03703504632263388
1,adsorption,542.0,100.04752442039835,10.573242796887172,0.10568220311437743,21.44047422782219,0.9999999999999941,0.5638241207917358,1.0281912060395868,308.01638359748904,10.093101213254215,0.023904517300334594,0.037020124736648743
1,adsorption,544.0,100.04752541530522,10.575122612889018,0.10570099129379605,21.514499559909986,0.9999999999999947,0.5657074997464536,1.0282853749873229,308.0178805161216,10.09340933613384,0.023903738251058716,0.03700520819185612
1,adsorption,546.0,100.04752640990631,10.577001714270699,0.10571977233035723,21.588495063952163,0.9999999999999952,0.5675901659254396,1.028379508296272,308.0193128071663,10.093717323602172,0.023902930531947437,0.036990296691568676
1,adsorption,548.0,100.04752740420105,10.578880100708226,0.10573854622082358,21.662460750040974,0.9999999999999954,0.5694721189639761,1.0284736059481987,308.02068123052857,10.094025175623772,0.023902094492211423,0.036975390239027
1,adsorption,550.0,100.04752839818894,10.580757771883802,0.1057573129620195,21.736396628275138,0.9999999999999958,0.5713533585051992,1.02856766792526,308.0219865373802,10.094332892164479,0.0239012304770903,0.03696048883744007
1,adsorption,552.0,100.04752939186915,10.58263472748467,0.10577607255082024,21.810302708759643,0.9999999999999961,0.5732338841998621,1.028661694209993,308.0232294702689,10.094640473191374,0.023900338827900967,0.03694559248986675
1,adsorption,554.0,100.04753038524152,10.58451096720461,0.10579482498416554,21.884179001605467,0.9999999999999964,0.5751136957060728,1.0287556847853037,308.024410763197,10.094947918672746,0.023899419882071792,0.03693070119905466
1,adsorption,556.0,100.04753137830502,10.586386490770998,0.10581357025933197,21.958025516930075,0.9999999999999969,0.5769927926910131,1.0288496396345506,308.0255311417467,10.095255228578363,0.02389847397319667,0.036915814969136276
1,adsorption,558.0,100.0475323710592,10.588261297842974,0.10583230837291341,22.03184226485707,0.9999999999999972,0.5788711748270914,1.0289435587413545,308.02659132316325,10.095562402878848,0.02389750143107417,0.036900933802134044
1,adsorption,560.0,100.04753336350436,10.590135388194762,0.10585103932265323,22.10562925551574,0.9999999999999976,0.5807488417951367,1.0290374420897568,308.0275920164482,10.095869441546194,0.023896502581745936,0.03688605770102997
1,adsorption,562.0,100.04753435563829,10.592008761522074,0.10586976310551274,22.179386499041126,0.9999999999999978,0.5826257932838379,1.029131289664192,308.028533922456,10.096176344553681,0.023895477747539636,0.0368711866693279
1,adsorption,564.0,100.04753534746227,10.593881417537933,0.10588847971862257,22.25311400557397,0.9999999999999981,0.584502028987551,1.0292251014493776,308.02941773398203,10.096483111875513,0.023894427247109183,0.03685632070909443
1,adsorption,566.0,100.04753633897452,10.595753356030823,0.1059071891598708,22.32681178526068,0.9999999999999981,0.5863775486092152,1.0293188774304607,308.030244135874,10.096789743487285,0.023893351395481835,0.03684145982377053
1,adsorption,568.0,100.04753733017505,10.597624576682746,0.10592589142607939,22.400479848253028,0.9999999999999981,0.5882523518571362,1.0294126175928568,308.03101380509884,10.09709623936548,0.0238922505040898,0.03682660401524929
1,adsorption,570.0,100.04753832106344,10.599495079295414,0.10594458651526717,22.474118204707814,0.9999999999999983,0.5901264384477204,1.0295063219223863,308.0317274108437,10.097402599487891,0.023891124880812773,0.03681175328651723
1,adsorption,572.0,100.04753931163869,10.601364863599978,0.10596327442474841,22.54772686478741,0.9999999999999983,0.5919998081042082,1.0295999904052104,308.0323856146086,10.09770882383343,0.023889974830019776,0.036796907640544635
1,adsorption,574.0,100.04754030190088,10.603233929354774,0.105981955152108,22.621305838659328,0.9999999999999983,0.5938724605555785,1.029693623027779,308.0329890702938,10.098014912381936,0.02388880065260876,0.03678206707935396
1,adsorption,576.0,100.04754129184936,10.60510227635199,0.10600062869526972,22.694855136496127,0.9999999999999983,0.5957443955383195,1.029787219776916,308.0335384242855,10.098320865114475,0.02388760264604285,0.036767231605746846
1,adsorption,578.0,100.04754228148337,10.606969904344876,0.10601929505176855,22.7683747684754,0.9999999999999983,0.597615612795217,1.0298807806397607,308.0340343155414,10.098626682013139,0.023886381104389374,0.03675240122225289
1,adsorption,580.0,100.04754327080279,10.608836813121561,0.1060379542194873,22.84186474477953,0.9999999999999983,0.5994861120751447,1.0299743056037571,308.0344773756763,10.098932363061008,0.023885136318357734,0.03673757593101641
1,adsorption,582.0,100.04754425980713,10.610703002477354,0.1060566061963809,22.915325075595696,0.9999999999999983,0.6013558931338837,1.0300677946566943,308.0348682290467,10.099237908242284,0.023883868575336403,0.03672275573463324
1,adsorption,584.0,100.04754524849555,10.612568472191866,0.10607525098024784,22.988755771115766,0.9999999999999983,0.6032249557331778,1.0301612477866589,308.0352074928343,10.099543317542137,0.023882578159430637,0.03670794063534769
1,adsorption,586.0,100.04754623686823,10.61443322207207,0.10609388856915888,23.062156841536172,0.9999999999999983,0.605093299640932,1.0302546649820465,308.035495777128,10.099848590946742,0.023881265351498707,0.03669313063531358
1,adsorption,588.0,100.04754722492397,10.6162972519252,0.10611251896118902,23.13552829705785,0.9999999999999983,0.6069609246315623,1.0303480462315782,308.0357336850056,10.100153728443328,0.023879930429187936,0.036678325736991944
1,adsorption,590.0,100.04754821266313,10.618160561549729,0.10613114215432394,23.20887014788618,0.9999999999999983,0.6088278304850305,1.0304413915242516,308.035921812614,10.100458730020025,0.023878573666971162,0.03666352594232533
1,adsorption,592.0,100.0475492000847,10.620023150776877,0.1061497581468781,23.282182404230774,0.9999999999999983,0.6106940169876942,1.0305347008493848,308.0360607492488,10.100763595666,0.02387719533618144,0.0366487312536036
1,adsorption,594.0,100.04755018718858,10.621885019415187,0.1061683669369383,23.35546507630557,0.9999999999999983,0.612559483931595,1.0306279741965798,308.0361510774334,10.101068325371342,0.023875795705047786,0.036633941672868
1,adsorption,596.0,100.04755117397403,10.623746167298686,0.1061869685228468,23.428718174328566,0.9999999999999983,0.6144242311146324,1.0307212115557316,308.03619337299597,10.10137291912709,0.023874375038729505,0.03661915720214745
1,adsorption,598.0,100.04755216044106,10.625606594257636,0.10620556290290746,23.501941708521848,0.9999999999999983,0.6162882583405034,1.0308144129170251,308.0361882051471,10.101677376925226,0.023872933599350617,0.03660437784346861
1,adsorption,600.0,100.047553146589,10.627466300123466,0.10622415007543638,23.575135689111427,0.9999999999999983,0.618151565418386,1.0309075782709194,308.03613613654807,10.101981698758614,0.023871471646030807,0.03658960359862624
1,evacuation,600.0,100.047553146589,10.627466300123466,0.10622415007543638,23.575135689111427,0.9999999999999983,0.618151565418386,1.0309075782709194,308.03613613654807,10.101981698758614,0.023871471646030807,0.03658960359862624
1,evacuation,602.0,5.007404517111937,3.2619946700166067,0.6514342228332672,23.51078780754961,0.9584553614213657,0.5061000986714839,1.0253050049335741,307.7895907251315,10.083648360649265,0.023846219285657833,-0.07441177019230841
1,evacuation,604.0,5.012686422592595,3.9471839902106636,0.7874388416599086,23.28319186213929,0.8809751859173478,0.41435971491988727,1.0207179857459943,307.3036015942286,10.068588439530675,0.02369692500032493,-0.15008983431269857
1,evacuation,606.0,5.016407512346552,4.2334115681853755,0.8439130110075705,22.92281531814961,0.8031630642282815,0.3392490414551979,1.0169624520727598,306.61149854945637,10.056224791724283,0.023442508629392424,-0.2073588437706632
1,evacuation,608.0,5.018969627045635,4.3953814854336635,0.8757537526723307,22.464486634519993,0.7301863833204768,0.2777536233064737,1.0138876811653237,305.77270365619654,10.046079611352017,0.023113777506078945,-0.2485428893429381
1,evacuation,610.0,5.020638149657997,4.5004478789463445,0.8963896111997062,21.93734731147537,0.6633965720708663,0.22740543333886026,1.011370271666943,304.8356425405049,10.037758158268247,0.022735996499099718,-0.2766617419147428
1,evacuation,612.0,5.021622202460325,4.57430619705887,0.9109220113806462,21.364690727977123,0.6029640208023593,0.1861838221217153,1.0093091911060859,303.83848661865954,10.030934841897485,0.022329007534393104,-0.29448969801665237
1,evacuation,614.0,5.022089204581427,4.629081921576126,0.9217442647878937,20.76466640782303,0.5485979291180431,0.1524344227538395,1.0076217211376919,302.8106273794533,10.025341463899617,0.021907902879122212,-0.30438637691255965
1,evacuation,616.0,5.022171965391438,4.671304726827721,0.9301363551504015,20.15113599857507,0.49982465365992734,0.12480275237082769,1.0062401376185415,301.7742335712266,10.020757342190791,0.021483840907932403,-0.3082838297952978
1,evacuation,618.0,5.021974496979033,4.704825926294898,0.9368478332825233,19.534493779906196,0.4561129950064955,0.1021798571393676,1.0051089928569683,300.7456853849152,10.017001056218918,0.02106483988737408,-0.3077260119036893
1,evacuation,620.0,5.0215772673459,4.732072948795873,0.9423479311106884,18.922387596185867,0.4169341491837485,0.08365779661143684,1.0041828898305718,299.736812048822,10.013923570522614,0.02065647870219182,-0.3039253592933469
1,evacuation,622.0,5.021041841347363,4.7546550816142945,0.9469459191637436,18.32032290154241,0.38178998099625283,0.068493221385679,1.0034246610692839,298.75591766337897,10.011402530186379,0.020262481034739033,-0.29782111228512653
1,evacuation,624.0,5.020414840388455,4.773681859139681,0.9508540650338602,17.732155014776446,0.35022525363291096,0.05607751495667198,1.0028038757478337,297.80861088026984,10.009337530830795,0.01988518537403935,-0.2901327203839683
1,evacuation,626.0,5.019731212814343,4.789942780429373,0.9542229608234067,17.160481090147545,0.3218311993667587,0.04591239513172942,1.0022956197565864,296.89846139709107,10.007646217900358,0.019525912576152417,-0.28140567760919777
1,evacuation,628.0,5.019016880369191,4.804014162717067,0.9571623840332036,16.6069490421296,0.2962447678693793,0.037589897618344595,1.0018794948809173,296.02751455648774,10.006261062028486,0.019185248828304,-0.27204951820463835
1,evacuation,630.0,5.018290837959472,4.816325708661787,0.9597542000216537,16.07249753811616,0.27314562706394285,0.0307760113503896,1.0015388005675194,295.19668897803683,10.005126706463995,0.01886325963968659,-0.2623684738310743
1,evacuation,632.0,5.017566801800567,4.827203651350878,0.9620606644676107,15.557541329845712,0.2522522415764168,0.025197270170412917,1.0012598635085206,294.40608201091663,10.004197782643919,0.0185596500418611,-0.25258583236520304
1,evacuation,634.0,5.016854489459681,4.836899483277683,0.9641299131637004,15.062113161857546,0.2333176848329635,0.020629782645530118,1.0010314891322765,293.6552023175499,10.003437115595872,0.01827388308296446,-0.2428630445663074
1,evacuation,636.0,5.016160607858476,4.845609705314119,0.9659997125536278,14.585972044475847,0.21612556117623152,0.016890240371622563,1.0008445120185812,292.9431462769573,10.002814247988468,0.01800526676360719,-0.2333146005318956
1,evacuation,638.0,5.015489611041287,4.853489687289587,0.9677000778956718,14.128685168694378,0.2004862152035809,0.013828562072265094,1.0006914281036132,292.26873055027585,10.002304229357303,0.01775301699465732,-0.22401952172988165
1,evacuation,640.0,5.0148442787993925,4.860663643412425,0.9692551499477708,13.689689603511887,0.18623331049178182,0.011321871240896727,1.0005660935620448,291.6305911709913,10.001886622583289,0.017516302699479805,-0.21503020018993899
1,evacuation,642.0,5.0142261570560684,4.867231760508879,0.9706845299866785,13.268338454276588,0.1732207943683688,0.00926956631934318,1.0004634783159672,291.0272570175502,10.001544689101161,0.01729427764437977,-0.20637916993348443
1,evacuation,644.0,5.013635892042862,4.87327565926892,0.9720043027064037,12.863935208005495,0.1613202350644545,0.007589280702763208,1.0003794640351382,290.45720390122824,10.001264720158675,0.017086102522542754,-0.19808428040212214
1,evacuation,646.0,5.013073482614884,4.878862367152891,0.9732277781430031,12.475758964113544,0.15041850511900876,0.006213578842696525,1.0003106789421348,289.91889376833524,10.001035489246282,0.016890959821334445,-0.1901526306474463
1,evacuation,648.0,5.012538470385791,4.884047356438,0.9743660592917301,12.10308281870497,0.14041577377537062,0.0050872492325593315,1.000254362461628,289.41080278236234,10.000847802993071,0.01670806348596027,-0.1825835562080834
1,evacuation,650.0,5.012030082306454,4.888876900740895,0.9754284831608817,11.745187029604534,0.1312237727526547,0.004165088358992951,1.0002082544179496,288.9314409777942,10.000694133209958,0.016536664802747316,-0.17537088710766313
1,evacuation,652.0,5.011547337022015,4.893389878261806,0.9764229586564332,11.40136824397299,0.12276430094395524,0.003410086746363919,1.0001705043373181,288.4793655989345,10.000568315492199,0.01637605557905737,-0.1685046480838923
1,evacuation,654.0,5.011089123758404,4.897619183087939,0.9773562317755466,11.07094577346087,0.11496793545447312,0.0027919435503812526,1.000139597177519,288.05318974030945,10.000465302274105,0.01622556941731283,-0.16197233307409295
1,evacuation,656.0,5.010654260346831,4.90159283697876,0.978234095249565,10.753265658563203,0.10777292069495677,0.00228585058008858,1.0001142925290045,287.6515875013737,10.000380960583401,0.016084581662825937,-0.15575985451170637
1,evacuation,658.0,5.010241535466501,4.905334871456244,0.9790615555622131,10.447703093867432,0.1011242102328789,0.0018714966835826391,1.000093574834179,287.2732965859496,10.000311906385269,0.015952508453452377,-0.14985224512334366
1,evacuation,660.0,5.009849738981864,4.908866027839196,0.9798429660760261,10.153663648294273,0.09497263935448076,0.0015322523131496733,1.0000766126156575,286.91711904926404,10.000255368864142,0.01582880518192344,-0.14423417175704073
1,evacuation,662.0,5.009477683284754,4.912204318388258,0.9805821342969407,9.870583603470573,0.08927421017487305,0.0012545024476077072,1.0000627251223804,286.58192071358496,10.000209079369819,0.01571296459154812,-0.13889030600596006
1,evacuation,664.0,5.009124217928509,4.915365485990925,0.9812824102860126,9.59792966640501,0.08398947248248041,0.0010271000728499897,1.0000513550036425,286.2666296622206,10.000171180415183,0.015604514670293683,-0.13380558718863259
1,evacuation,666.0,5.008788239244332,4.918363362123217,0.9819467558215722,9.335198241230655,0.07908298673849722,0.0008409186829306378,1.0000420459341468,285.97023410556636,10.000140151149578,0.01550301645489319,-0.12896540404569146
1,evacuation,668.0,5.008468696222594,4.921210175491732,0.9825778045100546,9.081914400209303,0.07452285783121469,0.000688486225554384,1.0000344243112778,285.6917798405876,10.000114746387581,0.015408061823523894,-0.12435571513347911
1,evacuation,670.0,5.008164593673034,4.923916796737121,0.9831779097191923,8.837630663019135,0.07028032908817869,0.0005636850862691343,1.0000281842543135,285.43036747354506,10.000093946631777,0.015319271333059265,-0.11996312403549456
1,evacuation,672.0,5.007874993393274,4.926492918017493,0.9837491799449577,8.601925660419598,0.06632942814030739,0.00046150650154248846,1.0000230753250772,285.1851495233078,10.000076917158632,0.015236292134977692,-0.11577492095824324
1,evacuation,674.0,5.007599013919028,4.9289472859885715,0.9842935251580972,8.37440274040144,0.06264665797665203,0.00037784974078866384,1.0000188924870395,284.9553274940521,10.000062974560217,0.015158795992466504,-0.11177909928899299
1,evacuation,676.0,5.007335829239392,4.93128768532015,0.9848126535721504,8.154688560285253,0.05921072592304713,0.0003093573888166915,1.0000154678694408,284.7401489813177,10.000051559298965,0.015086477412210366,-0.10796435529572637
1,evacuation,678.0,5.007084666939133,4.93352134509254,0.9853081529992256,7.942431692913037,0.056002306507275536,0.00025328054911805706,1.0000126640274558,284.53890485260484,10.000042213246656,0.015019051895751565,-0.10432007383743017
1,evacuation,680.0,5.006844805721043,4.935654627793423,0.9857814290855841,7.737301269764653,0.05300383206076743,0.0002073686991924301,1.0000103684349597,284.3509265345775,10.000034561330416,0.014956254312446146,-0.1008363074192156
1,evacuation,682.0,5.0066155728713975,4.937693512399224,0.9862338021625564,7.538985673645477,0.05019931021261205,0.00016977927328927131,1.0000084889636645,284.1755834233859,10.00002829646548,0.014897837391446424,-0.09750374723887961
1,evacuation,684.0,5.006396341424244,4.939643375124213,0.9866664639098388,7.347191291095982,0.04757416070700518,0.00013900363795352514,1.000006950181898,284.01228042944143,10.00002316721932,0.014843570328499318,-0.09431369277828916
1,evacuation,686.0,5.0061865273848065,4.9415092134065635,0.9870805225445666,7.161641329523132,0.045115072612230495,0.00011380664984386454,1.000005690332492,283.8604556628493,10.000018967738995,0.014793237502268186,-0.09125801802776282
1,evacuation,688.0,5.005985586925363,4.943295601385455,0.9874769943997359,6.982074702175053,0.042809877556645955,9.317711180439862e-05,1.0000046588555902,283.71957826033724,10.000015529494515,0.014746637293902371,-0.08832913782406905
1,evacuation,690.0,5.005793013697349,4.945006791300706,0.9878568246369129,6.8082449800506515,0.040647437030647764,7.628709020635516e-05,1.0000038143545102,283.5891463490337,10.000012714498867,0.014703581002264147,-0.08551997392190501
1,evacuation,692.0,5.005608336207549,4.946646710929479,0.9882208871893596,6.6399194106057715,0.038617542333867036,6.245867214559556e-05,1.0000031229336073,283.4686851447643,10.000010409767853,0.014663891848456736,-0.08282392204195249
1,evacuation,694.0,5.005431115351537,4.948219019313807,0.9885699963261384,6.476878003322085,0.036710825868741546,5.1136904701425916e-05,1.000002556845235,283.3577451831404,10.000008522810186,0.014627404064104083,-0.08023481982332367
1,evacuation,696.0,5.005260942065784,4.949727118905519,0.9889049094936206,6.318912676563386,0.034918681669573154,4.186745801984743e-05,1.000002093372901,283.2559006709748,10.0000069779048,0.01459396205502441,-0.07774691640791871
1,evacuation,698.0,5.005097435125317,4.951174187983423,0.9892263341841327,6.165826462022641,0.03323319430172364,3.4278276283589254e-05,1.0000017139138142,283.1627479502646,10.000005713042782,0.014563419633724721,-0.07535484353135449
1,evacuation,700.0,5.00494023908879,4.952563199654406,0.9895349321006238,6.017432768031626,0.03164707559988637,2.8064745920172313e-05,1.000001403237296,283.07790407644114,10.000004677455465,0.014535639317622976,-0.07305358823862632
1,evacuation,702.0,5.004789022384445,4.953896934286803,0.9898313219857977,5.873554695948653,0.030153608008665764,2.2977531462578157e-05,1.0000011488765734,283.00100549902334,10.000003829587111,0.014510491686079452,-0.0708384673316723
1,evacuation,704.0,5.004643475519868,4.955178007555466,0.9901160855500771,5.734024403746513,0.028746593421887602,1.8812483182819475e-05,1.0000009406241592,282.9317068329813,10.000003135412879,0.014487854789674213,-0.06870510348737875
1,evacuation,706.0,5.004503309435179,4.956408870200354,0.9903897677229724,5.5986825166316665,0.027420307328686815,1.5402441495566555e-05,1.0000007701220748,282.8696797203395,10.000002567072922,0.014467613608993238,-0.06664940305928821
1,evacuation,708.0,5.004368253987622,4.9575918316492436,0.9906528816497255,5.467377580179778,0.026169457553226395,1.2610526371141836e-05,1.0000006305263185,282.8146117731521,10.000002101753953,0.014449659557863329,-0.06466753537435385
1,evacuation,710.0,5.004238056521389,4.958729072123097,0.9909059113726641,5.339965554342724,0.024989147102052186,1.0324677790109331e-05,1.0000005162338894,282.766205594457,10.000001720779334,0.01443389002795619,-0.06275591355807815
1,evacuation,712.0,5.0041124805753965,4.959822637428239,0.991149311027864,5.216309344611408,0.02387484068269981,8.453173666467686e-06,1.0000004226586834,282.72417787003,10.00000140886208,0.014420207970711047,-0.06091117683857974
1,evacuation,714.0,5.003991304690445,4.960874468056443,0.9913835108798874,5.096278366812365,0.022822334403511023,6.920933686994923e-06,1.0000003460466844,282.6882585241813,10.000001153488814,0.014408521512840935,-0.059130174088088086
1,evacuation,716.0,5.0038743212878645,4.961886402634532,0.9916089182186881,4.979748140677063,0.021827728012150893,5.666451321620745e-06,1.000000283322566,282.65818993028296,10.000000944408464,0.014398743601033846,-0.05740994865612728
1,evacuation,718.0,5.003761335664673,4.962860164983391,0.9918259149592618,4.866599915846265,0.020887400125780633,4.639358082587348e-06,1.0000002319679042,282.6337261830516,10.000000773226287,0.014390791676861954,-0.05574772441505142
1,evacuation,720.0,5.003652165045643,4.9637973958629775,0.9920348641616056,4.756720324968576,0.019997985806386807,3.798428146953228e-06,1.0000001899214073,282.6146324223367,10.000000633071316,0.014384587377527175,-0.05414089275790187
1,evacuation,722.0,5.003546637727736,4.964699669186031,0.9922361134302634,4.650001061011908,0.01915635593552944,3.109923250228236e-06,1.0000001554961626,282.6006842028317,10.000000518320515,0.014380056259681178,-0.052587000639884515
1,evacuation,724.0,5.003444592274439,4.965568451921724,0.9924299870510812,4.546338576889461,0.018359598484230907,2.5462220343470455e-06,1.0000001273111019,282.59166690625847,10.00000042437032,0.014377127544343287,-0.05108373970001994
1,evacuation,726.0,5.003345876781603,4.966405121558692,0.9926167896178559,4.445633806173486,0.017605001718352775,2.0847048462941467e-06,1.0000001042352422,282.58737519379883,10.000000347450793,0.014375733881423625,-0.04962893605951546
1,evacuation,728.0,5.003250348228928,4.967211051381097,0.9927968231970267,4.347791903018462,0.01689003846464673,1.7068429093263178e-06,1.0000000853421458,282.587612494915,10.00000028447381,0.0143758111319264,-0.04822054070049725
1,evacuation,730.0,5.0031578718205205,4.967987491185329,0.9929703636110939,4.252722001575097,0.016212351918797163,1.3974680283003967e-06,1.0000000698734015,282.5921905333112,10.000000232911333,0.01437729816747037,-0.046856621168633275
1,evacuation,732.0,5.003068320428507,4.968735635627215,0.9931376742026279,4.160336991670907,0.0155697429017542,1.1441673246829763e-06,1.0000000572083663,282.6009288840016,10.000000190694552,0.014380136684642742,-0.04553535339834987
1,evacuation,734.0,5.002981574070391,4.969456641080484,0.9932990093020406,4.070553309319377,0.014960158055697203,9.367796759741005e-07,1.0000000468389838,282.6136545586124,10.000000156129943,0.014384271032775961,-0.04425501429160947
1,evacuation,736.0,5.002897519411165,4.970151602120367,0.9934546096209759,3.9832907413170426,0.014381678903969478,7.669835637816945e-07,1.0000000383491783,282.63020161753656,10.00000012783059,0.014389648054266279,-0.0430139749708794
1,evacuation,738.0,5.002816049312919,4.9708215544881815,0.9936047029294369,3.8984722431727343,0.013832511906073108,6.27964054149393e-07,1.0000000313982027,282.65041080760784,10.000000104660675,0.014396216936618193,-0.04181069447181
1,evacuation,740.0,5.00273706242244,4.971467491874558,0.9937495074880587,3.8160237693381207,0.013310979392788485,5.14141941567189e-07,1.0000000257070971,282.6741292233359,10.000000085690322,0.014403929075238972,-0.040643713871510535
1,evacuation,742.0,5.002660462785194,4.97209036403561,0.9938892317443898,3.735874114635851,0.012815511207114298,4.209504106027912e-07,1.0000000210475208,282.7012099895792,10.0000000701584,0.014412737945990003,-0.039511650906458175
1,evacuation,744.0,5.002586159487735,4.972691073331916,0.9940240737085315,3.657954765966348,0.012344637007119193,3.446506065008146e-07,1.0000000172325303,282.73151196393917,10.000000057441765,0.014422598986663577,-0.038413194994299835
1,evacuation,746.0,5.002514066329875,4.97327048204576,0.9941542224776654,3.582199763601514,0.011896979193316823,2.821808442081925e-07,1.0000000141090422,282.7648994575822,10.000000047030138,0.014433469486718326,-0.0373471025918156
1,evacuation,748.0,5.002444101520273,4.973829416275977,0.9942798590721682,3.5085455714386717,0.011471246388228941,2.3103407023506813e-07,1.0000000115517036,282.80124197329985,10.000000038505679,0.014445308484666377,-0.03631219290132058
1,evacuation,750.0,5.002376187392948,4.974368664183624,0.9944011561385748,3.4369309555475023,0.011066227428860941,1.8915779605250022e-07,1.0000000094578898,282.8404139595509,10.000000031526298,0.014458076672506787,-0.03530734390514258
1,evacuation,752.0,5.002310250145657,4.974888978403904,0.994518278481237,3.3672968703648776,0.010680785837776116,1.548717854130237e-07,1.0000000077435893,282.88229457927287,10.000000025811962,0.01447173630663344,-0.03433148867474295
1,evacuation,754.0,5.002246219597791,4.975391080247617,0.9946313839480828,3.299586351983054,0.01031385471264625,1.2680036790312755e-07,1.0000000063400183,282.92676749240707,10.000000021133395,0.014486251124714564,-0.03338361193846405
1,evacuation,756.0,5.00218402896457,4.975875659967558,0.9947406235267082,3.2337444180416095,0.009964431995081742,1.0381710617717717e-07,1.0000000051908553,282.9737206512117,10.000000017302849,0.014501586268098337,-0.032462746903745676
1,evacuation,758.0,5.002123614647426,4.976343377190445,0.9948461414704964,3.169717973761087,0.009631576103889754,8.499968257518743e-08,1.0000000042499841,283.02304610749576,10.000000014166613,0.01451770820933312,-0.031567972303019436
1,evacuation,760.0,5.002064916039979,4.976794864030198,0.9949480759578413,3.1074557236855296,0.009314401899156133,6.959299427303232e-08,1.0000000034796497,283.07463983095306,10.000000011598832,0.014534584684418393,-0.030698409638637392
1,evacuation,762.0,5.002007875347267,4.977230726648443,0.9950465594384726,3.0469080887330815,0.009012076937918227,5.697884951013837e-08,1.0000000028489424,283.1284015378316,10.000000009496473,0.014552184629432016,-0.029853220623156804
1,evacuation,764.0,5.0019524374170485,4.977651545124091,0.9951417186394705,2.9880271281824213,0.008723818004946154,4.6651104279990233e-08,1.0000000023325553,283.1842345292356,10.000000007775183,0.014570478121209894,-0.02903160480068928
1,evacuation,766.0,5.001898549583358,4.978057875218657,0.9952336749479481,2.9307664662568627,0.00844888790155071,3.8195331319121425e-08,1.0000000019097666,283.2420455384214,10.000000006365887,0.014589436321783885,-0.028232797325456797
1,evacuation,768.0,5.001846161520891,4.978450250568307,0.9953225448770157,2.875081222998854,0.008186592462112565,3.1272212310012456e-08,1.0000000015636106,283.3017445864984,10.000000005212035,0.01460903142630817,-0.027456066889593386
1,evacuation,770.0,5.001795225108743,4.978829182801277,0.9954084401152256,2.820927949143912,0.007936277780796575,2.560394208913669e-08,1.000000001280197,283.36324484598185,10.000000004267324,0.014629236614223667,-0.02670071379622368
1,evacuation,772.0,5.001745694303439,4.979195162055227,0.9954914676542042,2.7682645647205844,0.00769732764087206,2.096307765559696e-08,1.0000000010481538,283.4264625116818,10.000000003493843,0.01465002600342835,-0.025966068160199404
1,evacuation,774.0,5.001697525021003,4.979548659141782,0.9955717302438979,2.717050301130207,0.007469161125096486,1.7163399559505692e-08,1.00000000085817,283.491316678455,10.000000002860567,0.014671374607241716,-0.025251488223332803
1,evacuation,776.0,5.001650675026474,4.979890126420142,0.9956493265883234,2.667245646479614,0.007251230386516082,1.4052436520660946e-08,1.0000000007026217,283.55772922538523,10.000000002342073,0.014693258293968817,-0.02455635878400647
1,evacuation,778.0,5.001605103830337,4.9802199974697645,0.9957243512999067,2.6188122939499707,0.007043018576629232,1.1505352419468894e-08,1.0000000005752676,283.6256247059809,10.000000001917558,0.014715653748882491,-0.023880089732836823
1,evacuation,780.0,5.001560772592339,4.980538688515688,0.995796895202824,2.5717130930028254,0.006844037921339732,9.419940687539542e-09,1.000000000470997,283.6949302440117,10.00000000156999,0.014738538438457086,-0.023222114678313116
1,evacuation,782.0,5.001517644031619,4.980846600210777,0.995867045706515,2.5259120032441733,0.006653827922145313,7.712521808440401e-09,1.0000000003856262,283.76557543463457,10.00000000128542,0.014761890576700106,-0.022581889659731087
1,evacuation,784.0,5.001475682341996,4.981144117254462,0.9959348867456624,2.4813740507746718,0.006471953676009839,6.3145830592519085e-09,1.0000000003157292,283.8374922504824,10.000000001052431,0.014785689093439615,-0.021958891948562084
1,evacuation,786.0,5.001434853112861,4.9814316084736525,0.9960004988115045,2.4380652868629484,0.0062980043165812155,5.170028990195467e-09,1.0000000002585014,283.91061495240615,10.00000000086167,0.014809913604433893,-0.02135261892469179
1,evacuation,788.0,5.001395123255757,4.981709429034416,0.9960639594080849,2.395952748798499,0.006131591558932883,4.2329316673779135e-09,1.0000000002116465,283.9848800045918,10.000000000705487,0.014834544383182588,-0.020762587017282712
1,evacuation,790.0,5.001356460935087,4.981977921101433,0.9961253431973871,2.3550044227908318,0.0059723483309249625,3.465688373305771e-09,1.0000000001732845,284.0602259937902,10.000000000577614,0.014859562334327064,-0.020188330716260822
1,evacuation,792.0,5.001318835502638,4.982237412589899,0.9961847217623307,2.315189208780957,0.005819927499937703,2.837512362918406e-09,1.0000000001418756,284.1365935524097,10.000000000472918,0.014884948968533486,-0.01962940165088733
1,evacuation,794.0,5.001282217436981,4.982488218488562,0.9962421638829153,2.2764768870447627,0.005674000692499201,2.3231969986962147e-09,1.0000000001161597,284.21392528524007,10.000000000387198,0.014910686378760711,-0.019085367717893292
1,evacuation,796.0,5.001246578286974,4.982730643327121,0.9962977360404022,2.2388380864861226,0.005534257179483795,1.902104283379188e-09,1.0000000000951053,284.2921656996021,10.000000000317016,0.014936757217825109,-0.01855581225958488
1,evacuation,798.0,5.001211890617555,4.982964979939044,0.9963515021803526,2.202244254514811,0.005400402826007169,1.5573369798602362e-09,1.0000000000778668,284.37126113871994,10.000000000259556,0.014963144677177683,-0.018040333302757203
1,evacuation,800.0,5.001178127958939,4.9831915082445395,0.9964035234790287,2.16666762840285,0.005272159126197413,1.2750606841902437e-09,1.000000000063753,284.4511597181238,10.00000000021251,0.014989832466813069,-0.017538542843894785
1,evacuation,802.0,5.001145264760307,4.983410498638835,0.9964538590297634,2.1320812080361087,0.005149262301227505,1.043948600185534e-09,1.0000000000521974,284.5318112649119,10.000000000173992,0.015016804796239243,-0.01705006616389634
1,evacuation,804.0,5.001113276345642,4.983622213437695,0.9965025661404878,2.098458729987663,0.0050314624306692195,8.54726936252012e-10,1.0000000000427363,284.6131672597187,10.000000000142455,0.015044046356443543,-0.016574541189142842
1,evacuation,806.0,5.001082138870494,4.983826902740516,0.9965496995148583,2.0657746428204202,0.004918522648857368,6.998027890538572e-10,1.0000000000349902,284.6951807812249,10.000000000116632,0.015071542302788149,-0.016111617907072395
1,evacuation,808.0,5.001051829283447,4.984024806718807,0.9965953117172393,2.0340040835420075,0.004810218411818904,5.729595189376839e-10,1.000000000028648,284.77780645306365,10.000000000095492,0.01509927823877545,-0.015660957797685247
1,evacuation,810.0,5.001022325290132,4.984216159390519,0.996639453934324,2.00312285515966,0.004706336790873742,4.691073114893846e-10,1.0000000000234555,284.8610003930024,10.000000000078183,0.01512724020063316,-0.015222233293627086
1,evacuation,812.0,5.000993605317411,4.984401185746135,0.9966821754073764,1.9731074052685031,0.00460667579663315,3.840789165074305e-10,1.000000000019204,284.94472016427324,10.000000000064013,0.015155414642667338,-0.014795127291270412
1,evacuation,814.0,5.000965648480006,4.984580099997849,0.9967235230885588,1.9439348055978043,0.004511043769475699,3.1446241173782153e-10,1.0000000000157232,285.02892472892194,10.00000000005241,0.015183788423332057,-0.014379332687229953
1,evacuation,816.0,5.000938434550884,4.984753109740235,0.9967635424785825,1.9155827324672883,0.0044192588130798635,2.574642980893572e-10,1.0000000000128733,285.11357440307324,10.00000000004291,0.015212348791973366,-0.01397455192397649
1,evacuation,818.0,5.000911943932472,4.984920417099239,0.9968022778620137,1.888029448114403,0.004331148235269755,2.107974165939273e-10,1.0000000000105398,285.19863081401803,10.000000000035131,0.015241083376209554,-0.013580496569996306
1,evacuation,820.0,5.000886157627776,4.98508221490249,0.9968397715470525,1.8612537828307423,0.004246548025959378,1.7258917381711843e-10,1.0000000000086295,285.28405685901777,10.000000000028765,0.015269980169906163,-0.013196886938823782
1,evacuation,822.0,5.000861057215077,4.985238687994796,0.9968760641334474,1.8352351178537918,0.004165302389452982,1.4130639531933788e-10,1.0000000000070652,285.3698166657279,10.00000000002355,0.015299027521707245,-0.012823451714554217
1,evacuation,824.0,5.0008366248246325,4.985390017287446,0.9969111953266961,1.8099533689863492,0.00408726329020196,1.15693801030895e-10,1.0000000000057847,285.4558755541679,10.00000000001928,0.015328214124093327,-0.012459927589865204
1,evacuation,826.0,5.000812843114481,4.985536376368096,0.9969452032648213,1.7853889709006283,0.004012290016626731,9.472363630482257e-11,1.0000000000047362,285.54220000015596,10.000000000015786,0.015357529002934014,-0.012106058946339676
1,evacuation,828.0,5.000789695248442,4.985677930765693,0.9969781243756144,1.7615228620781613,0.003940248788817407,7.755443361670533e-11,1.0000000000038778,285.62875760012406,10.000000000012925,0.015386961507502631,-0.011761597544943363
1,evacuation,830.0,5.000767164876665,4.985814841494108,0.9970099940889918,1.7383364703575568,0.0038710123893094064,6.349724722549601e-11,1.0000000000031748,285.71551703724907,10.000000000010582,0.015416501300927287,-0.011426302220524012
1,evacuation,832.0,5.000745236116204,4.985947265254531,0.997040846881221,1.7158116990648986,0.003804459795293411,5.198800677930637e-11,1.0000000000025995,285.8024480488401,10.000000000008663,0.015446138351055072,-0.011099938602760517
1,evacuation,834.0,5.0007238935314,4.986075351053321,0.9970707156023897,1.69393091368271,0.003740475842956959,4.2564882409350476e-11,1.0000000000021283,285.8895213949092,10.000000000007093,0.015475862921701493,-0.010782278863260612
1,evacuation,836.0,5.000703122117399,4.9861992423024555,0.9970996318996033,1.6726769290261114,0.003678950927396309,3.4849753345754395e-11,1.0000000000017424,285.9767088278651,10.000000000005809,0.015505665564262016,-0.01047310145987763
1,evacuation,838.0,5.000682907284602,4.986319080336872,0.9971276269233538,1.6520329969147132,0.0036197806966619217,2.853303555886385e-11,1.0000000000014266,286.0639830632879,10.000000000004755,0.015535537109669087,-0.010172190890033695
1,evacuation,840.0,5.00066323484159,4.98643499981155,0.9971547304103772,1.6319827943047518,0.0035628657630109614,2.3361259087657086e-11,1.000000000001168,286.1513177517245,10.000000000003892,0.015565468660671994,-0.009879337481716068
1,evacuation,842.0,5.000644090980432,4.986547128710763,0.9971809706883369,1.6125104118464821,0.0035081114568272227,1.9126896835162683e-11,1.0000000000009563,286.2386874514476,10.000000000003187,0.015595451584418253,-0.009594337181843026
1,evacuation,844.0,5.000625462264299,4.986655593221822,0.9972063756528265,1.5936003428599597,0.0034554275820933883,1.5660037073859574e-11,1.000000000000783,286.3260676021451,10.000000000002608,0.015625477505323383,-0.009316991340554285
1,evacuation,846.0,5.000607335613446,4.986760515788261,0.9972309723807806,1.575237472711339,0.0034047281639066015,1.282156551929361e-11,1.000000000000641,286.41343449949807,10.000000000002135,0.01565553829821369,-0.009047106527196706
1,evacuation,848.0,5.000589698291585,4.986862011941389,0.997254786499503,1.5574070685522046,0.003355931230689924,1.0497583193253906e-11,1.000000000000525,286.50076527059446,10.00000000000175,0.015685626081722172,-0.008784494359827671
1,evacuation,850.0,5.000572537895194,4.986960193703832,0.9972778428693504,1.5400947694059148,0.003308958622628102,8.594835995803274e-12,1.0000000000004297,286.58803785014067,10.00000000000143,0.015715733211924134,-0.008528971323248301
1,evacuation,852.0,5.000555842342728,4.987055171516894,0.9973001659712475,1.523286576598499,0.003263735787126949,7.036972658429639e-12,1.000000000000352,286.67523095744747,10.00000000000117,0.015745852276202982,-0.008280358600325777
1,evacuation,854.0,5.000539599862667,4.987147051028894,0.9973217792667534,1.50696884451015,0.00322019157911049,5.761480995825403e-12,1.000000000000288,286.76232407414994,10.000000000000957,0.01577597608733188,-0.008038481927593544
1,evacuation,856.0,5.000523798983146,4.987235932183489,0.9973427050177506,1.4911282716178986,0.0031782580996464623,4.7171795108514396e-12,1.0000000000002358,286.8492974226185,10.000000000000785,0.015806097677755766,-0.007803171451126679
1,evacuation,858.0,5.000508428523563,4.9873219134070945,0.9973629651254557,1.4757518918275414,0.0031378705398237925,3.8621636565606734e-12,1.0000000000001932,286.93613194504076,10.000000000000643,0.015836210294066264,-0.00757426157347782
1,evacuation,860.0,5.0004934775851355,4.9874050912252255,0.9973825810555341,1.4608270660898666,0.003098967007104064,3.1621243318474273e-12,1.000000000000158,287.0228092831512,10.000000000000526,0.015866307391661102,-0.007351590821860576
1,evacuation,862.0,5.000478935540432,4.9874855556810145,0.9974015729239316,1.446341474269183,0.0030614883811116342,2.5889711541648648e-12,1.0000000000001295,287.1093117585689,10.00000000000043,0.01589638262957405,-0.0071350017358842764
1,evacuation,864.0,5.000464792026978,4.9875633952520975,0.9974199604813835,1.432283107258056,0.0030253781828366104,2.1197052794859913e-12,1.000000000000106,287.19562235371967,10.000000000000352,0.015926429865467193,-0.006924340731111448
1,evacuation,866.0,5.000451036938557,4.987638696218664,0.9974377629887288,1.418640259333456,0.002990582439604549,1.7354965359328203e-12,1.0000000000000868,287.2817246933264,10.000000000000288,0.01595644315077928,-0.006719457985813068
1,evacuation,868.0,5.000437660417401,4.987711541214188,0.9974549989286039,1.4054015207399224,0.0029570495544054666,1.4209278305851857e-12,1.000000000000071,287.3676030264391,10.000000000000236,0.015986416726021115,-0.006520207335639288
1,evacuation,870.0,5.000424652846911,4.987782009730855,0.9974716861079271,1.3925557704846938,0.0029247301912878375,1.1633765081390073e-12,1.0000000000000582,287.45324220898215,10.000000000000192,0.016016345016209292,-0.0063264461669711005
1,evacuation,872.0,5.000412004845059,4.987850179078235,0.9974878418509008,1.3800921693385655,0.002893577167815944,9.525078412163736e-13,1.0000000000000475,287.53862768679824,10.000000000000156,0.016046222626432058,-0.006138035313450441
1,evacuation,874.0,5.000399707257585,4.987916124107112,0.9975034829451026,1.368000153035977,0.0028635453477683726,7.798603301954182e-13,1.000000000000039,287.6237454791734,10.00000000000013,0.016076044337541562,-0.005954838960864181
1,evacuation,876.0,5.000387751151528,4.987979916897256,0.9975186255803035,1.356269425663615,0.002834591539339079,6.385061708645625e-13,1.000000000000032,287.7085821628222,10.000000000000107,0.016105805101965662,-0.00577672455627881
1,evacuation,878.0,5.000376127809254,4.988041627121155,0.9975332854223703,1.3448899532282246,0.0028066744017878112,5.227732637625146e-13,1.0000000000000262,287.7931248563152,10.000000000000085,0.016135500039633426,-0.005603562718866327
1,evacuation,880.0,5.000364828722654,4.988101322299837,0.9975474776655547,1.3338519573973369,0.0027797543570340427,4.2801761016717686e-13,1.0000000000000213,287.8773612049328,10.000000000000071,0.016165124434008825,-0.005435227154720183
1,evacuation,882.0,5.000353845587517,4.988159067701521,0.9975612170133206,1.3231459094063391,0.0027537935045232513,3.5043696257886744e-13,1.0000000000000175,287.9612793659307,10.000000000000057,0.016194673728228276,-0.005271594576268323
1,evacuation,884.0,5.000343170298152,4.988214926358479,0.9975745176827634,1.3127625241245287,0.002728755540795263,2.8691825250679826e-13,1.0000000000000147,288.04486799420164,10.000000000000048,0.016224143521336814,-0.005112544624544288
1,evacuation,886.0,5.00033279494226,4.988268959254201,0.9975873934430401,1.3026927542736946,0.0027046056839008605,2.3491267302013945e-13,1.0000000000000118,288.128116228319,10.000000000000039,0.0162535295646183,-0.0049579597939514415
1,evacuation,888.0,5.000322711796014,4.988321225409978,0.9975998576336434,1.2929277847936405,0.002681310601553277,1.9233340317038754e-13,1.0000000000000095,288.2110136769499,10.00000000000003,0.016282827758016087,-0.00480772536022472
1,evacuation,890.0,5.0003129133192825,4.988371781890508,0.9976119231664548,1.283459027349038,0.0026588383428127714,1.5747187030218223e-13,1.0000000000000078,288.2935504056245,10.000000000000027,0.016312034146639835,-0.004661729311363969
1,evacuation,892.0,5.000303392151014,4.98842068387448,0.9976236025407609,1.2742781149721574,0.0026371582735385595,1.2892919031209944e-13,1.0000000000000064,288.37571692385023,10.000000000000021,0.016341144917355093,-0.004519862280907034
1,evacuation,894.0,5.000294141104876,4.988467984753729,0.9976349078639334,1.2653768968365642,0.002616241015259324,1.0556003483640151e-13,1.0000000000000056,288.4575041725586,10.000000000000016,0.016370156395451946,-0.004382017483514118
1,evacuation,896.0,5.0002851531649934,4.98851373618711,0.9976458508630388,1.2567474331571866,0.0025960583870504794,8.642667286033325e-14,1.0000000000000042,288.53890351187533,10.000000000000012,0.016399065041390107,-0.004248090652969421
1,evacuation,898.0,5.000276421481826,4.988557988142621,0.9976564428940645,1.2483819902122664,0.0025765833503924146,7.0761342516647e-14,1.0000000000000036,288.61990670920216,10.00000000000001,0.016427867447616904,-0.004117979982362472
1,evacuation,900.0,5.000267939368211,4.988600788962534,0.9976666949557206,1.240273035482976,0.002557789956955125,5.793544318384667e-14,1.0000000000000029,288.7005059276011,10.000000000000007,0.01645656033545563,-0.003991586066214411
1,evacuation,902.0,5.000259700295547,4.988642185427055,0.9976766177029156,1.2324132329068012,0.0025396532990425713,4.743431169960827e-14,1.0000000000000024,288.7806937144726,10.000000000000007,0.01648514055206192,-0.003868811844517075
1,evacuation,904.0,5.000251697890078,4.988682222801808,0.9976862214569816,1.2247954382409878,0.0025221494624987476,3.883657054744768e-14,1.000000000000002,288.86046299051714,10.000000000000005,0.016513605067445137,-0.0037495625486283703
1,evacuation,906.0,5.00024392592931,4.98872094488557,0.9976955162159213,1.217412694532504,0.002505255482007249,3.179721930668878e-14,1.0000000000000016,288.9398070389738,10.000000000000004,0.01654195097155306,-0.003633745648871081
1,evacuation,908.0,5.000236378338554,4.9887583940635025,0.9977045116657333,1.2102582276911842,0.002488949298674132,2.6033790866478195e-14,1.0000000000000013,289.0187194951263,10.000000000000004,0.01657017547141736,-0.003521270803724981
1,evacuation,910.0,5.000229049187542,4.988794611355996,0.9977132171908396,1.2033254421629227,0.0024732097197307295,2.1315016900415422e-14,1.000000000000001,289.09719433606944,10.000000000000004,0.016598275888358206,-0.0034120498105587034
1,evacuation,912.0,5.000221932687165,4.988829636462112,0.9977216418834174,1.1966079166999362,0.002458016380235399,1.7451547790977507e-14,1.0000000000000009,289.17522587072875,10.0,0.016626249655245645,-0.0033059965578237185
1,evacuation,914.0,5.000215023186312,4.988863507803472,0.9977297945527936,1.190099400225265,0.0024433497066866793,1.428835462437569e-14,1.0000000000000007,289.2528087301262,10.0,0.016654094313816606,-0.0032030269786154633
1,evacuation,916.0,5.0002083151687975,4.9888962625681605,0.9977376837348315,1.1837938077888384,0.0024291908824436784,1.1698508367764701e-14,1.0000000000000007,289.3299378578852,10.0,0.01668180751204542,-0.0031030590055321156
1,evacuation,918.0,5.000201803250341,4.988927936751619,0.9977453177006991,1.1776852166125664,0.0024155218148455863,9.578086604555606e-15,1.0000000000000004,289.40660850096856,10.0,0.016709387001566527,-0.0030060125267749095
1,evacuation,920.0,5.000195482175685,4.9889585651954516,0.9977527044651976,1.1717678622220473,0.0024023251039417617,7.842003452309278e-15,1.0000000000000004,289.4828162006435,10.0,0.016736830635147876,-0.002911809343425254
1,evacuation,922.0,5.000189346815746,4.988988181625688,0.9977598517949742,1.1660361346626016,0.002389584012751274,6.420595332500635e-15,1.0000000000000002,289.5585567836678,10.0,0.01676413636421375,-0.0028203731278355973
1,evacuation,924.0,5.0001833921648675,4.989016818689917,0.9977667672164888,1.1604845747974477,0.0023772824389673,5.256825589789826e-15,1.0000000000000002,289.63382635369067,10.0,0.016791302236415496,-0.0027316293830821205
1,evacuation,926.0,5.000177613338106,4.989044507992521,0.9977734580235935,1.1551078706859519,0.002365404888027113,4.303995790067913e-15,1.0000000000000002,289.70862128286467,10.0,0.016818326393249483,-0.002645505403431536
1,evacuation,928.0,5.000172005568645,4.989071280128702,0.9977799312848477,1.1499008540399747,0.0023539364474772623,3.523871858490096e-15,1.0000000000000002,289.7829382036614,10.0,0.016845207067720424,-0.0025619302357726185
1,evacuation,930.0,5.000166564205191,4.989097164717519,0.9977861938506378,1.1448584967564235,0.0023428627625664685,2.8851498656025773e-15,1.0000000000000002,289.8567740008875,10.0,0.016871942582049663,-0.0024808346419680177
1,evacuation,932.0,5.000161284709523,4.989122190433824,0.9977922523600478,1.139975907524217,0.002332170012999831,2.3621998986785065e-15,1.0000000000000002,289.9301258038958,10.0,0.016898531345427195,-0.002402151062085766
1,evacuation,934.0,5.000156162654005,4.9891463850388105,0.9977981132474569,1.1352483285039388,0.002321844890793248,1.9340376137126344e-15,1.0,290.002990978986,10.0,0.016924971851806303,-0.002325813578473435
1,evacuation,936.0,5.00015119371925,4.989169775409654,0.9978037827489317,1.1306711320785285,0.002311874579170872,1.5834821994953795e-15,1.0,290.0753671219923,10.0,0.016951262677740206,-0.0022517578806377507
1,evacuation,938.0,5.0001463736917575,4.989192387568117,0.99780926690841,1.126239817673438,0.0023022467324514792,1.2964669654510919e-15,1.0,290.1472520510516,10.0,0.016977402480259755,-0.0021799212308970567
1,evacuation,940.0,5.0001416984616345,4.98921424670815,0.997814571583672,1.1219500086447354,0.0022929494568716615,1.0614748893663313e-15,1.0,290.2186437995498,10.0,0.01700338999479133,-0.0021102424307756925
1,evacuation,942.0,5.000137164020391,4.98923537722254,0.9978197024521054,1.117797449233702,0.002283971292297315,8.690764753647156e-16,1.0,290.2895406092407,10.0,0.01702922403311427,-0.0020426617881114015
1,evacuation,944.0,5.000132766458732,4.98925580272862,0.9978246650162821,1.1137780015865237,0.002275301194777805,7.115513777995407e-16,1.0,290.35994092353513,10.0,0.01705490348135709,-0.0019771210848489942
1,evacuation,946.0,5.000128501964427,4.989275546093136,0.9978294646093543,1.1098876428377304,0.0022669285198991637,5.825786079787017e-16,1.0,290.4298433809551,10.0,0.0170804272980318,-0.0019135635454950084
1,evacuation,948.0,5.000124366820228,4.989294629456271,0.9978341064002688,1.1061224622560857,0.0022588430068954716,4.769828926820784e-16,1.0,290.49924680875006,10.0,0.017105794512105636,-0.0018519338062103605
1,evacuation,950.0,5.000120357401808,4.989313074254817,0.9978385953988103,1.1024786584516686,0.002251034763479605,3.9052700665076126e-16,1.0,290.56815021667194,10.0,0.017131004221109785,-0.0017921778845192253
1,evacuation,952.0,5.000116470175764,4.989330901244606,0.9978429364604824,1.0989525366429405,0.0022434942513566386,3.1974174601178676e-16,1.0,290.63655279090415,10.0,0.017156055589283913,-0.0017342431496137473
1,evacuation,954.0,5.0001127016976215,4.989348130522138,0.9978471342912273,1.0955405059826224,0.0022362122723855534,2.617867199994311e-16,1.0,290.70445388814363,10.0,0.017180947845757032,-0.0016780782932362915
1,evacuation,956.0,5.000109048609939,4.989364781545558,0.9978511934519971,1.0922390769412451,0.00222917995535615,2.1433637497338296e-16,1.0,290.7718530298297,10.0,0.017205680282762786,-0.0016236333011209701
1,evacuation,958.0,5.00010550764039,4.989380873154861,0.9978551183631743,1.0890448587472676,0.0022223887433506684,1.754866772343676e-16,1.0,290.83874989651895,10.0,0.01723025225388974,-0.001570859424978846
1,evacuation,960.0,5.000102075599908,4.989396423591465,0.9978589133088532,1.0859545568826996,0.0022158303816603125,1.436787101148103e-16,1.0,290.90514432240184,10.0,0.017254663172365604,-0.001519709155011167
1,evacuation,962.0,5.000098749380884,4.989411450517148,0.9978625824409847,1.0829649706331768,0.0022094969062294786,1.176361195368692e-16,1.0,290.9710362899584,10.0,0.01727891250937505,-0.0014701361929365365
1,evacuation,964.0,5.00009552595535,4.989425971032299,0.997866129783388,1.0800729906914812,0.0022033806326013216,9.631389792268895e-17,1.0,291.0364259247498,10.0,0.017302999792410564,-0.0014220954255189423
1,evacuation,966.0,5.000092402373242,4.989440001693653,0.9978695592356389,1.0772755968135137,0.0021974741453397854,7.885645131416768e-17,1.0,291.10131349034293,10.0,0.017326924603655952,-0.0013755428985839735
1,evacuation,968.0,5.000089375760683,4.989453558531402,0.9978728745768344,1.0745698555257581,0.002191770287904881,6.45632670672424e-17,1.0,291.1656993833658,10.0,0.017350686578402014,-0.0013304357915119294
1,evacuation,970.0,5.000086443318284,4.989466657065735,0.997876079469238,1.0719529178832878,0.002186262152958837,5.286080447364247e-17,1.0,291.22958412868996,10.0,0.01737428540349394,-0.001286732392196928
1,evacuation,972.0,5.000083602319482,4.989479312322864,0.997879177461813,1.069422017277399,0.0021809430730822927,4.32794803690894e-17,1.0,291.2929683747384,10.0,0.017397720815810033,-0.0012443920724619262
1,evacuation,974.0,5.00008085010892,4.9894915388505305,0.9978821719936471,1.0669744672919645,0.0021758066118806535,3.543482623216274e-17,1.0,291.35585288891474,10.0,0.01742099260077106,-0.0012033752639199508
1,evacuation,976.0,5.000078184100853,4.989503350733024,0.9978850663972705,1.0646076596076293,0.0021708465554617445,2.901206066696194e-17,1.0,291.41823855315323,10.0,0.017444100590880415,-0.001163643434272895
1,evacuation,978.0,5.0000756017775725,4.989514761605678,0.9978878639018697,1.0623190619529732,0.002166056904266936,2.3753458211687004e-17,1.0,291.48012635958503,10.0,0.017467044664293926,-0.0011251590640393493
1,evacuation,980.0,5.0000731006878585,4.989525784668933,0.997890567636406,1.0601062161017998,0.0021614318652389665,1.9448007623168263e-17,1.0,291.5415174063194,10.0,0.017489824743419514,-0.0010878856237036022
1,evacuation,982.0,5.000070678445489,4.989536432701956,0.9978931806326371,1.0579667359157094,0.0021569658443105623,1.5922944656735797e-17,1.0,291.6024128933372,10.0,0.017512440793546018,-0.0010517875512782247
1,evacuation,984.0,5.000068332727737,4.989546718075804,0.9978957058280457,1.0558983054311424,0.0021526534391985708,1.3036819578332e-17,1.0,291.6628141184944,10.0,0.01753489282150078,-0.0010168302302733302
1,evacuation,986.0,5.000066061273917,4.989556652766174,0.9978981460686812,1.0538986769900789,0.002148489432489382,1.0673821229795513e-17,1.0,291.7227224736325,10.0,0.01755718087433572,-0.0009829799680657592
1,evacuation,988.0,5.000063861883976,4.9895662483657865,0.9979005041119146,1.0519656694136095,0.002144468785002005,8.739129889857973e-18,1.0,291.78213944079477,10.0,0.0175793050380414,-0.0009502039746616548
1,evacuation,990.0,5.00006173241704,4.989575516096291,0.9979027826291096,1.050097166217589,0.002140586629416096,7.155112455758199e-18,1.0,291.8410665885452,10.0,0.01760126543628874,-0.0009184703418467558
1,evacuation,992.0,5.000059670790111,4.989584466819929,0.9979049842082132,1.048291113869611,0.00213683826415238,5.858207270034231e-18,1.0,291.8995055683882,10.0,0.017623062229198086,-0.0008877480227179735
1,evacuation,994.0,5.000057674976634,4.989593111050679,0.99790711135627,1.0465455200865368,0.0021332191474945873,4.7963735903337226e-18,1.0,291.9574581112868,10.0,0.017644695612135046,-0.0008580068115914688
1,evacuation,996.0,5.000055743005225,4.989601458965181,0.9979091665018598,1.0448584521718425,0.002129724891940979,3.9270033574475526e-18,1.0,292.0149260242778,10.0,0.01766616581453295,-0.0008292173242811278
1,evacuation,998.0,5.000053872958358,4.989609520413256,0.9979111519974637,1.0432280353920373,0.00212635125877603,3.215211467365276e-18,1.0,292.07191118718043,10.0,0.017687473098741354,-0.0008013509787428075
1,evacuation,1000.0,5.000052062971063,4.98961730492808,0.9979130701217572,1.0416524513914371,0.002123094152851779,2.6324359413328356e-18,1.0,292.12841554939814,10.0,0.017708617758900425,-0.0007743799760793102
1,evacuation,1002.0,5.000050311229712,4.989624821736119,0.9979149230818382,1.0401299366445669,0.0021199496175696594,2.1552918231218787e-18,1.0,292.1844411268101,10.0,0.017729600119840563,-0.000748277281900839
1,evacuation,1004.0,5.00004861597075,4.989632079766667,0.9979167130153875,1.0386587809454926,0.002116913830054161,1.764632813994673e-18,1.0,292.23998999875124,10.0,0.017750420536007158,-0.0007230166080369588
1,evacuation,1006.0,5.00004697547951,4.989639087661142,0.9979184419927636,1.037237325933382,0.0021139830965093863,1.4447829917139628e-18,1.0,292.2950643050789,10.0,0.01777107939041009,-0.0006985723945948915
1,evacuation,1008.0,5.000045388089032,4.9896458537820845,0.9979201120190389,1.0358639636536053,0.002111153847751074,1.1829077848898202e-18,1.0,292.34966624332293,10.0,0.017791577093597175,-0.0006749197923599708
1,evacuation,1010.0,5.000043852178887,4.989652386221863,0.9979217250359722,1.0345371351536965,0.002108422634906172,9.684989618358726e-19,1.0,292.4037980659197,10.0,0.017811914082651984,-0.0006520346455339124
1,evacuation,1012.0,5.000042366174063,4.989658692811141,0.997923282923927,1.0332553291135045,0.0021057861252725954,7.929529681508074e-19,1.0,292.45746207752575,10.0,0.01783209082021488,-0.0006298934748064408
1,evacuation,1014.0,5.000040928543815,4.989664781127034,0.9979247875037287,1.0320170805088698,0.002103241098332787,6.492256930324388e-19,1.0,292.51066063241046,10.0,0.017852107793527385,-0.0006084734607563661
1,evacuation,1016.0,5.000039537800602,4.989670658501069,0.9979262405384709,1.0308209693081751,0.0021007844419139773,5.315498111778186e-19,1.0,292.56339613192614,10.0,0.017871965513499347,-0.0005877524275775414
1,evacuation,1018.0,5.000038192499003,4.989676332026869,0.9979276437352662,1.0296656192011218,0.0020984131484895942,4.352033580856564e-19,1.0,292.61567102205316,10.0,0.01789166451379858,-0.0005677088271259913
1,evacuation,1020.0,5.00003689123467,4.989681808567614,0.9979289987469475,1.0285496963590917,0.002096124311615236,3.5632025241314787e-19,1.0,292.6674877910187,10.0,0.017911205349962697,-0.0005483217232839118
1,evacuation,1022.0,5.000035632643283,4.989687094763247,0.9979303071737179,1.027471908226472,0.0020939151224941455,2.91735162242872e-19,1.0,292.71884896698714,10.0,0.017930588598532433,-0.0005295707766366799
1,evacuation,1024.0,5.000034415399575,4.98969219703751,0.997931570564752,1.026431002342313,0.002091782866666545,2.3885649022886837e-19,1.0,292.76975711582116,10.0,0.01794981485620675,-0.0005114362294586809
1,evacuation,1026.0,5.000033238216295,4.989697121604695,0.9979327904197518,1.0254257651917105,0.002089724920818029,1.955623809136785e-19,1.0,292.8202148389107,10.0,0.017968884739018597,-0.0004938988910042709
1,evacuation,1028.0,5.000032099843295,4.989701874476275,0.9979339681904553,1.0244550210863026,0.0020877387497017113,1.6011557731583363e-19,1.0,292.8702247710695,10.0,0.017987798881531673,-0.00047694012309953574
1,evacuation,1030.0,5.0000309990665395,4.989706461467241,0.9979351052821022,1.0235176310732872,0.0020858219031701687,1.3109371024941337e-19,1.0,292.9197895784963,10.0,0.018006557936057217,-0.0004605418260313974
1,evacuation,1032.0,5.000029934707201,4.98971088820232,0.9979362030548552,1.0226124918723676,0.0020839720133121104,1.0733222310442257e-19,1.0,292.9689119568005,10.0,0.018025162571891053,-0.00044468642472969696
1,evacuation,1034.0,5.000028905620738,4.989715160121947,0.9979372628251817,1.0217385348400405,0.0020821867916902275,8.7877641838188e-20,1.0,293.0175946290894,10.0,0.01804361347457002,-0.00042935685523864936
1,evacuation,1036.0,5.000027910696016,4.989719282488102,0.9979382858671925,1.020894724960661,0.0020804640266756753,7.19493150489189e-20,1.0,293.0658403441167,10.0,0.01806191134514794,-0.00041453655147359055
1,evacuation,1038.0,5.000026948854421,4.989723260389915,0.9979392734139428,1.0200800598637063,0.00207880158087592,5.890808888045509e-20,1.0,293.1136518744898,10.0,0.01808005689949024,-0.00040020943225929927
1,evacuation,1040.0,5.000026019049042,4.989727098749178,0.997940226658696,1.0192935688666882,0.0020771973886517456,4.823065978026649e-20,1.0,293.16103201493536,10.0,0.018098050867587433,-0.0003863598886456384
1,evacuation,1042.0,5.000025120263791,4.989730802325584,0.997941146756146,1.0185343120431576,0.0020756494537206723,3.948857596722268e-20,1.0,293.20798358062086,10.0,0.018115893992886618,-0.00037297277149726647
1,evacuation,1044.0,5.000024251512633,4.989734375721914,0.99794203482361,1.0178013793152616,0.0020741558468426145,3.233104500380679e-20,1.0,293.254509405531,10.0,0.01813358703164099,-0.00036003337935271027
1,evacuation,1046.0,5.000023411838741,4.989737823388967,0.9979428919421816,1.0170938895703137,0.0020727147035856305,2.6470857594506212e-20,1.0,293.3006123408983,10.0,0.018151130752277016,-0.000347527446549713
1,evacuation,1048.0,5.000022600313785,4.98974114963045,0.9979437191578514,1.0164109898008515,0.0020713242221676396,2.1672862776508912e-20,1.0,293.34629525368524,10.0,0.01816852593477866,-0.00033544113161219956
1,evacuation,1050.0,5.000021816037079,4.9897443586075685,0.9979445174825946,1.0157518542676627,0.0020699826613724097,1.774453204821266e-20,1.0,293.3915610251179,10.0,0.018185773370088643,-0.00032376100589590827
1,evacuation,1052.0,5.000021058134927,4.989747454343648,0.9979452878954252,1.0151156836852622,0.002068688338535836,1.4528233803580635e-20,1.0,293.4364125492685,10.0,0.018202873859526257,-0.00031247404248764755
1,evacuation,1054.0,5.0000203257598255,4.989750440728472,0.9979460313434241,1.0145017044293232,0.002067439627601271,1.189490806959663e-20,1.0,293.4808527316872,10.0,0.018219828214221356,-0.0003015676053554239
1,evacuation,1056.0,5.000019618089796,4.989753321522574,0.997946748742729,1.013909167765558,0.002066234957239766,9.738887733847214e-21,1.0,293.52488448808026,10.0,0.01823663725456444,-0.0002910294387447581
1,evacuation,1058.0,5.000018934327661,4.989756100361347,0.9979474409795019,1.0133373490995652,0.0020650728090343927,7.973658454318523e-21,1.0,293.56851074303415,10.0,0.018253301809672086,-0.00028084765681779024
1,evacuation,1060.0,5.000018273700383,4.989758780759063,0.9979481089108645,1.0127855472471563,0.002063951715725212,6.528387109870614e-21,1.0,293.6117344287846,10.0,0.018269822716867914,-0.00027101073353098695
1,evacuation,1062.0,5.0000176354583905,4.989761366112745,0.9979487533658058,1.0122530837246955,0.0020628702595133137,5.345079488981835e-21,1.0,293.65455848402894,10.0,0.018286200821178385,-0.00026150749274786477
1,evacuation,1064.0,5.000017018874946,4.989763859705947,0.9979493751460659,1.0117393020589778,0.0020618270704214165,4.376253163716022e-21,1.0,293.6969858527809,10.0,0.018302436974843326,-0.0002523270985826002
1,evacuation,1066.0,5.000016423245483,4.9897662647123715,0.9979499750269905,1.011243567116196,0.0020608208247093456,3.583032168635284e-21,1.0,293.73901948326636,10.0,0.018318532036840744,-0.00024345904597099935
1,evacuation,1068.0,5.000015847887016,4.989768584199416,0.9979505537583582,1.01076526444954,0.0020598502433420447,2.9335870300917552e-21,1.0,293.78066232685933,10.0,0.018334486872425722,-0.0002348931514647111
1,evacuation,1070.0,5.000015292137533,4.989770821131608,0.9979511120651903,1.0103037996649864,0.0020589140905088385,2.4018575491607758e-21,1.0,293.8219173370569,10.0,0.018350302352683083,-0.00022661954424490737
1,evacuation,1072.0,5.000014755355396,4.989772978373921,0.9979516506485295,1.0098585978048469,0.0020580111721914965,1.9665070874955954e-21,1.0,293.8627874684923,10.0,0.01836597935409346,-0.00021862865735181944
1,evacuation,1074.0,5.000014236918766,4.989775058694962,0.9979521701861964,1.0094291027486433,0.002057140334779749,1.6100663948707511e-21,1.0,293.9032756759843,10.0,0.01838151875811247,-0.0002109112191261899
1,evacuation,1076.0,5.000013736225069,4.989777064770139,0.9979526713335274,1.009014776630891,0.002056300463732721,1.3182326228955995e-21,1.0,293.9433849136233,10.0,0.018396921450762955,-0.00020345824485867262
1,evacuation,1078.0,5.000013252690411,4.98977899918464,0.9979531547240872,1.0086150992753797,0.002055490482284433,1.0792953965142021e-21,1.0,293.9831181338916,10.0,0.01841218832223958,-0.00019626102864391716
1,evacuation,1080.0,5.000012785749074,4.98978086443638,0.9979536209703589,1.0082295676455435,0.002054709350191786,8.836669133388643e-22,1.0,294.0224782868178,10.0,0.01842732026652574,-0.00018931113543504196
1,evacuation,1082.0,5.000012334852983,4.989782662938833,0.9979540706644177,1.007857695310525,0.002053956062524025,7.234972151755659e-22,1.0,294.06146831916413,10.0,0.018442318181022637,-0.000182600393295191
1,evacuation,1084.0,5.0000118994712075,4.989784397023784,0.9979545043785785,1.007499011926542,0.0020532296484917518,5.923591937928185e-22,1.0,294.1000911736461,10.0,0.018457182966189985,-0.0001761208858422221
1,evacuation,1086.0,5.0000114790894505,4.98978606894397,0.997954922666029,1.0071530627331764,0.002052529170314537,4.849906912022195e-22,1.0,294.13834978818244,10.0,0.01847191552519811,-0.0001698649448831128
1,evacuation,1088.0,5.000011073209595,4.989787680875701,0.9979553260614419,1.0068194080642048,0.0020518537221254685,3.9708334574287967e-22,1.0,294.17624709517617,10.0,0.01848651676359143,-0.0001638251432339908
1,evacuation,1090.0,5.000010681349201,4.989789234921315,0.9979557150815672,1.0064976228726086,0.0020512024289118685,3.251097110245683e-22,1.0,294.2137860208245,10.0,0.018500987588962785,-0.00015799428772280547
1,evacuation,1092.0,5.000010303041081,4.989790733111632,0.9979560902258076,1.0061872962693996,0.0020505744454902652,2.6618171055433487e-22,1.0,294.250969484457,10.0,0.018515328910638236,-0.0001523654123704251
1,evacuation,1094.0,5.000009937832826,4.989792177408277,0.9979564519767781,1.0058880310759044,0.002049968955515371,2.17934748274183e-22,1.0,294.287800397902,10.0,0.018529541639372715,-0.0001469317717470228
1,evacuation,1096.0,5.000009585286397,4.989793569705972,0.9979568008008449,1.0055994433891677,0.0020493851705210065,1.7843282472871635e-22,1.0,294.32428166487944,10.0,0.01854362668705549,-0.00014168683450000837
1,evacuation,1098.0,5.00000924497768,4.989794911834718,0.9979571371486518,1.00532116216013,0.0020488223289926973,1.4609085147180507e-22,1.0,294.36041618041946,10.0,0.01855758496642556,-0.0001366242770501588
1,evacuation,1100.0,5.000008916496073,4.989796205561913,0.9979574614556257,1.0050528287842453,0.0020482796954703645,1.1961104643277113e-22,1.0,294.39620683030716,10.0,0.018571417390797058,-0.00013173797745237098
1,evacuation,1102.0,5.000008599444127,4.989797452594485,0.997957774142473,1.0047940967042195,0.0020477565596803064,9.793085798739187e-23,1.0,294.43165649055067,10.0,0.01858512487379353,-0.0001270220094174251
1,evacuation,1104.0,5.000008293437084,4.989798654580793,0.9979580756156561,1.0045446310245443,0.0020472522356957804,8.018032808982353e-23,1.0,294.466768026874,10.0,0.01859870832909207,-0.00012247063649207534
1,evacuation,1106.0,5.0000079981025785,4.9897998131126435,0.9979583662678523,1.0043041081375153,0.0020467660611242547,6.564718358149624e-23,1.0,294.50154429423225,10.0,0.018612168670175868,-0.00011807830639307186
1,evacuation,1108.0,5.000007713080192,4.9898009297271235,0.997958646478411,1.0040722153604327,0.0020462973963223242,5.374825490056399e-23,1.0,294.53598813634954,10.0,0.018625506810095782,-0.00011383964549273696
1,evacuation,1110.0,5.000007438021142,4.989802005908418,0.9979589166137794,1.0038486505836814,0.002045845623634976,4.4006075314253994e-23,1.0,294.5701023852782,10.0,0.01863872366124036,-0.00010974945345230291
1,evacuation,1112.0,5.000007172587917,4.989803043089586,0.9979591770279301,1.0036331219293981,0.002045410146660692,3.602972167461893e-23,1.0,294.60388986097934,10.0,0.018651820135114197,-0.0001058026979997823
1,evacuation,1114.0,5.000006916453938,4.989804042654254,0.9979594280627676,1.0034253474204418,0.0020449903895399094,2.949912789723441e-23,1.0,294.6373533709234,10.0,0.018664797142124292,-0.00010199450984946431
1,evacuation,1116.0,5.000006669303213,4.989805005938247,0.9979596700485226,1.003225054659387,0.0020445857962669246,2.4152241711886594e-23,1.0,294.6704957097105,10.0,0.018677655591374367,-9.832017775969784e-05
1,evacuation,1118.0,5.000006430830041,4.989805934231209,0.9979599033041366,1.0030319805172645,0.002044195830024255,1.977450932588697e-23,1.0,294.70331965870986,10.0,0.018690396390466775,-9.477514372568298e-05
1,evacuation,1120.0,5.000006200738677,4.989806828778138,0.9979601281376347,1.0028458708317838,0.0020438199725387528,1.619026605249412e-23,1.0,294.7358279857176,10.0,0.018703020445311937,-9.135499830457793e-05
1,evacuation,1122.0,5.000005978743026,4.989807690780859,0.9979603448464814,1.0026664801147778,0.0020434577234586383,1.3255687437330936e-23,1.0,294.76802344463243,10.0,0.01871552865994501,-8.805547606966599e-05
1,evacuation,1124.0,5.000005764566372,4.989808521399511,0.9979605537179325,1.0024935712686096,0.002043108599750958,1.0853018033582265e-23,1.0,294.7999087751485,10.0,0.018727921936349534,-8.487245119042975e-05
1,evacuation,1126.0,5.00000555794106,4.989809321753918,0.9979607550293722,1.002326915311298,0.002042772135118873,8.885846244800934e-24,1.0,294.83148670246516,10.0,0.018740201174288162,-8.180193313605936e-05
1,evacuation,1128.0,5.0000053586082265,4.989810092924939,0.9979609490486376,1.0021662911101137,0.002042447879437648,7.275235629566255e-24,1.0,294.8627599370128,10.0,0.018752367271139887,-7.884006249912118e-05
1,evacuation,1130.0,5.000005166317541,4.989810835955813,0.9979611360343381,1.0020114851234114,0.0020421353982094975,5.9565574293701944e-24,1.0,294.89373117419416,10.0,0.0187644211217438,-7.598310693654471e-05
1,evacuation,1132.0,5.000004980826917,4.9898115518533945,0.9979613162361617,1.0018622911504635,0.002041834272036113,4.876897218997772e-24,1.0,294.9244030941411,10.0,0.01877636361824932,-7.322745722541832e-05
1,evacuation,1134.0,5.000004801902274,4.989812241589393,0.9979614898951689,1.0017185100890706,0.0020415440961083133,3.9929316164056726e-24,1.0,294.9547783614856,10.0,0.018788195649972365,-7.056962343054224e-05
1,evacuation,1136.0,5.000004629317276,4.989812906101557,0.9979616572440833,1.0015799497007283,0.0020412644797128134,3.269189851117773e-24,1.0,294.98485962514513,10.0,0.018799918103257644,-6.800623118114138e-05
1,evacuation,1138.0,5.000004462853107,4.989813546294848,0.9979618185075693,1.0014464243831316,0.002040995045754752,2.6766304333236014e-24,1.0,295.01464951812164,10.0,0.01881153186134664,-6.553401805402641e-05
1,evacuation,1140.0,5.000004302298209,4.989814163042526,0.9979619739025026,1.0013177549498105,0.002040735430296318,2.191475809869074e-24,1.0,295.04415065731365,10.0,0.01882303780425143,-6.314983006071595e-05
1,evacuation,1142.0,5.000004147448069,4.989814757187216,0.9979621236382266,1.0011937684166885,0.0020404852821099993,1.794258245535196e-24,1.0,295.0733656433411,10.0,0.018834436808633753,-6.0850618235855246e-05
1,evacuation,1144.0,5.000003998105004,4.989815329541985,0.9979622679168096,1.001074297795365,0.0020402442622471993,1.4690386438093399e-24,1.0,295.1022970603824,10.0,0.01884572974768947,-5.8633435324195825e-05
1,evacuation,1146.0,5.000003854077925,4.989815880891327,0.9979624069332889,1.0009591818929293,0.0020400120436205975,1.2027669608738387e-24,1.0,295.13094747602366,10.0,0.018856917491038398,-5.649543256410016e-05
1,evacuation,1148.0,5.000003715182149,4.989816411992138,0.9979625408759044,1.0008482651181094,0.0020397883106002984,9.847585482287987e-25,1.0,295.15931944111884,10.0,0.01886800090461873,-5.4433856564761495e-05
1,evacuation,1150.0,5.00000358123917,4.989816923574655,0.9979626699263303,1.0007413972935777,0.002039572758623511,8.0626541121909615e-25,1.0,295.1874154896615,10.0,0.01887898085058684,-5.244604627495837e-05
1,evacuation,1152.0,5.000003452076496,4.989817416343381,0.997962794259895,1.000638433474229,0.002039365093816888,6.60125179413281e-25,1.0,295.2152381386667,10.0,0.018889858187221418,-5.052943004077413e-05
1,evacuation,1154.0,5.000003327527423,4.989817890977954,0.9979629140457982,1.0005392337712549,0.0020391650326316733,5.404737031153646e-25,1.0,295.2427898880636,10.0,0.018900633768832317,-4.868152275027843e-05
1,evacuation,1156.0,5.000003207430875,4.989818348134001,0.9979630294473137,1.000443663181845,0.002038972301490442,4.425097434078553e-25,1.0,295.2700732205978,10.0,0.018911308445673954,-4.68999230627378e-05
1,evacuation,1158.0,5.000003091631209,4.9898187884439675,0.9979631406219952,1.000351591424346,0.0020387866364460195,3.6230231347460987e-25,1.0,295.2970906017427,10.0,0.018921883063862794,-4.518231072006977e-05
1,evacuation,1160.0,5.000002979978041,4.989819212517909,0.9979632477218687,1.0002628927787185,0.002038607782851432,2.966329404143104e-25,1.0,295.3238444796213,10.0,0.018932358465299354,-4.352644393863408e-05
1,evacuation,1162.0,5.000002872326091,4.989819620944261,0.9979633508936181,1.0001774459321306,0.002038435495040782,2.4286651800529086e-25,1.0,295.35033728493545,10.0,0.01894273548759386,-4.193015687896123e-05
1,evacuation,1164.0,5.000002768534994,4.98982001429059,0.9979634502787711,1.000095133829537,0.0020382695360210723,1.9884556814772684e-25,1.0,295.37657143090445,10.0,0.018953014963996147,-4.0391357191540485e-05
1,evacuation,1166.0,5.00000266846916,4.989820393104302,0.9979635460138713,1.0000158435290907,0.0020381096771737595,1.6280366802611682e-25,1.0,295.4025493132117,10.0,0.01896319772332924,-3.890802363656035e-05
1,evacuation,1168.0,5.000002571997622,4.989820757913366,0.9979636382306522,0.9999394660622442,0.0020379556979667553,1.3329456909528239e-25,1.0,295.4282733099592,10.0,0.018973284589926632,-3.7478203775501826e-05
1,evacuation,1170.0,5.000002478993856,4.989821109226938,0.9979637270561981,0.9998658962983965,0.002037807385675648,1.0913416365684726e-25,1.0,295.4537457816295,10.0,0.01898327638357317,-3.610001173305056e-05
1,evacuation,1172.0,5.000002389335673,4.989821447536059,0.9979638126131044,0.9997950328139483,0.0020376645351144335,8.935297032668853e-26,1.0,295.4789690710552,10.0,0.018993173919449376,-3.4771626026713754e-05
1,evacuation,1174.0,5.000002302905057,4.989821773314272,0.9979638950196342,0.9997267777656313,0.0020375269483752945,7.315723178404647e-26,1.0,295.5039455033954,10.0,0.019002978008079156,-3.349128746300208e-05
1,evacuation,1176.0,5.000002219588027,4.9898220870182,0.9979639743898621,0.9996610367679797,0.002037394434576836,5.989706377680559e-26,1.0,295.52867738611855,10.0,0.01901268945528062,-3.2257297098005824e-05
1,evacuation,1178.0,5.000002139274521,4.98982238908818,0.9979640508338224,0.9995977187748184,0.002037266809620995,4.904037730231737e-26,1.0,295.5531670089924,10.0,0.01902230906212029,-3.106801426043817e-05
1,evacuation,1180.0,5.00000206185825,4.9898226799488,0.9979641244576472,0.9995367359646442,0.002037143895958058,4.015152754257305e-26,1.0,295.57741664407956,10.0,0.01903183762487015,-2.9921854635823726e-05
1,evacuation,1182.0,5.000001987236574,4.9898229600094455,0.9979641953636992,0.9994780036297772,0.0020370255223594396,3.2873832802379417e-26,1.0,295.60142854573957,10.0,0.01904127593496768,-2.881728840980608e-05
1,evacuation,1184.0,5.000001915310396,4.989823229664846,0.9979642636507033,0.9994214400691714,0.002036911523698231,2.6915261990292435e-26,1.0,295.6252049506361,10.0,0.019050624778978748,-2.7752838469005182e-05
1,evacuation,1186.0,5.000001845984037,4.9898234892955875,0.9979643294138733,0.9993669664847629,0.002036801740737164,2.203671632574734e-26,1.0,295.64874807775016,10.0,0.019059884938563264,-2.672707865775739e-05
1,evacuation,1188.0,5.000001779165108,4.989823739268582,0.997964392745031,0.999314506881253,0.0020366960199236,1.8042435054007994e-26,1.0,295.67206012839836,10.0,0.01906905719044352,-2.573863208941604e-05
1,evacuation,1190.0,5.00000171476444,4.989823979937579,0.9979644537327247,0.9992639879692158,0.0020365942131914355,1.477214018032955e-26,1.0,295.6951432862562,10.0,0.019078142306375032,-2.4786169510171863e-05
1,evacuation,1192.0,5.000001652695918,4.989824211643605,0.9979645124623456,0.9992153390714245,0.0020364961777699715,1.2094605016124521e-26,1.0,295.71799971738596,10.0,0.019087141053119795,-2.386840771444872e-05
1,evacuation,1194.0,5.000001592876454,4.989824434715424,0.9979645690162321,0.9991684920322981,0.002036401775998737,9.902388463037267e-27,1.0,295.74063157027007,10.0,0.019096054192422288,-2.298410800989078e-05
1,evacuation,1196.0,5.000001535225804,4.989824649469948,0.9979646234737811,0.9991233811303704,0.0020363108751492096,8.107523738242273e-27,1.0,295.76304097584756,10.0,0.01910488248098725,-2.2132074731009698e-05
1,evacuation,1198.0,5.0000014796665475,4.989824856212678,0.9979646759115465,0.9990799429936824,0.0020362233472519683,6.63798854301871e-27,1.0,295.785230047556,10.0,0.01911362667046025,-2.1311153799528963e-05
1,evacuation,1200.0,5.000001426123928,4.989825055238086,0.997964726403342,0.9990381165178902,0.002036139068930078,5.434792101271763e-27,1.0,295.8072008813765,10.0,0.01912228750740987,-2.0520231328336678e-05
2,adsorption,1200.0,5.000001426123928,4.989825055238086,0.997964726403342,0.9990381165178902,0.002036139068930078,5.434792101271763e-27,1.0,295.8072008813765,10.0,0.01912228750740987,-2.0520231328336678e-05
2,adsorption,1202.0,100.04212929742576,6.959276583564714,0.0695634592390047,1.11228548910202,0.0930410378526738,0.10195510142011042,1.0050977550710056,296.07309452010327,10.01696372383865,0.019162243406477576,0.07404220845463802
2,adsorption,1204.0,100.04345155653391,7.71835473494697,0.07715002446297424,1.2438604076895574,0.17614654855009582,0.08347377688073578,1.0041736888440367,296.3300349655082,10.013892985703094,0.019275569648968684,0.05805063113191074
2,adsorption,1206.0,100.04456511917628,9.579300200519846,0.09575033075618529,1.346387974050507,0.2520186328447337,0.06834254820945297,1.0034171274104728,296.5358960885878,10.011377475098348,0.01936693860405429,0.04491137684684785
2,adsorption,1208.0,100.0448500270659,10.04503090349025,0.10040527724088438,1.4347865526398653,0.32117287704855485,0.06920685909324552,1.0034603429546625,296.71493930902466,10.011521197618416,0.019437609480110966,0.04401220889816594
2,adsorption,1210.0,100.04504444657222,10.087612393001603,0.1008307052968402,1.5234508754321723,0.3841472875699121,0.07150028651877965,1.003575014325939,296.89031307374034,10.01190254174899,0.019506060821504932,0.04418240395277352
2,adsorption,1212.0,100.04523663076661,10.081866731843698,0.1007730809718856,1.611707348998182,0.4414695418293945,0.07330703799725684,1.0036653518998628,297.0611799748689,10.012202942428608,0.019573183278598583,0.04398617146812138
2,adsorption,1214.0,100.04542261720634,10.083164580202359,0.10078586622381067,1.6993409387082792,0.4936243973398956,0.07495152960563055,1.0037475764802815,297.2274109113853,10.012476349198472,0.019638704438108442,0.04367193655049421
2,adsorption,1216.0,100.04559134745419,10.08522737902217,0.10080631483297044,1.7864125972653948,0.5410575570511255,0.07665098747418125,1.0038325493737092,297.3892990459336,10.012758878756966,0.019702588763734055,0.04340432849443894
2,adsorption,1218.0,100.04574531698876,10.087051564048972,0.10082439320221737,1.872974313432779,0.5841788074750516,0.07837573137543831,1.003918786568772,297.547109241187,10.013045595738426,0.01976495087694318,0.04316031232078921
2,adsorption,1220.0,100.04588593827287,10.088891172271985,0.10084263913157522,1.9590670202090659,0.6233645702361991,0.08012056897425653,1.004006028448713,297.70107519150383,10.013335636337395,0.019825878116842367,0.04293561892174308
2,adsorption,1222.0,100.04601426940788,10.090747255046836,0.10086106206963996,2.0447290211274867,0.6589603086032153,0.08188467005565028,1.0040942335027825,297.85141380928445,10.01362886198303,0.019885449213268406,0.04272931857047984
2,adsorption,1224.0,100.04613133751361,10.092615683850308,0.10087961972064732,2.129995548254518,0.691282882746865,0.08366633118178149,1.004183316559089,297.9983254837637,10.013924988998005,0.019943737702125413,0.042539820360998154
2,adsorption,1226.0,100.04623808023818,10.094493220475645,0.10089827877765628,2.214898868467857,0.7206226004135182,0.08546420936901755,1.0042732104684509,298.14199507212453,10.014223793671842,0.0200008114124045,0.04236582467652974
2,adsorption,1228.0,100.04633536761924,10.096378326607583,0.10091702299248186,2.29946854088235,0.7472453576739568,0.08727699275861178,1.0043638496379306,298.28259317089316,10.014525057515328,0.020056733104766942,0.042206068945381765
2,adsorption,1230.0,100.04642401511866,10.098260375237661,0.10093574532670602,2.3837316795828207,0.7713944463636702,0.08910318921246105,1.004455159460623,298.42027725985315,10.014828532130306,0.020111560994513333,0.04205916068746055
2,adsorption,1232.0,100.0465047736314,10.100164104921445,0.10095469229809093,2.467712925869117,0.7932923764913723,0.09094156588990278,1.0045470782944952,298.55519238977877,10.015134012261374,0.020165348664878423,0.04192392409759668
2,adsorption,1234.0,100.04657828971659,10.102066894558833,0.10097363715233813,2.551434952818131,0.8131425157200634,0.09279166480425151,1.0046395832402126,298.68747264144395,10.015441421445036,0.020218145247362096,0.041799801695607555
2,adsorption,1236.0,100.04664522716061,10.103974093615545,0.1009926326932202,2.634918453216438,0.8311306251328292,0.0946518500066911,1.0047325925003345,298.81724172748494,10.015750487524233,0.02026999691584153,0.04168532359650902
2,adsorption,1238.0,100.04670614936366,10.10589129544528,0.10101173426297314,2.718182252402323,0.847426299554532,0.09652150217592215,1.004826075108796,298.9446137455565,10.016061107302175,0.02032094567203544,0.041579831668383326
2,adsorption,1240.0,100.046761577247,10.107818465230558,0.10103094099079081,2.8012435590939324,0.8621842748065865,0.09839996118435701,1.0049199980592178,299.0696941038205,10.016373170827325,0.020371030383494478,0.041482648091451135
2,adsorption,1242.0,100.04681198346864,10.109737527024388,0.10105007172737182,2.884118147037242,0.8755456681160549,0.10028665120572883,1.0050143325602865,299.1925803075222,10.016686582177657,0.02042028698005953,0.04139317245087605
2,adsorption,1244.0,100.04685785374475,10.111660029876855,0.10106924142144239,2.966820341886746,0.8876391101961066,0.10218016394776104,1.0051090081973881,299.3133623945952,10.017001107180224,0.0204687492169161,0.04131015354800464
2,adsorption,1246.0,100.04689956470455,10.113602450797286,0.10108861438785909,3.049363071963501,0.8985817935256724,0.104080509377486,1.0052040254688743,299.4321234324095,10.017316747280049,0.020516447319815445,0.04123347971373291
2,adsorption,1248.0,100.04693747589333,10.11553191591004,0.10110786168089766,3.1317583571921417,0.9084804434074459,0.10598724091863726,1.0052993620459318,299.54894068887114,10.017633428098126,0.020563409705078504,0.041162682791144066
2,adsorption,1250.0,100.04697196829507,10.117474438456627,0.10112724292808041,3.2140169547749124,0.9174322051058899,0.1078991844197,1.005394959220985,299.66388542602687,10.017950954445208,0.020609663056203074,0.041096724123604475
2,adsorption,1252.0,100.0470033151351,10.119418541608056,0.10114664314065659,3.296148712394482,0.9255254856025261,0.10981652728006905,1.0054908263640034,299.7770237990098,10.018269357279296,0.02065523124533755,0.04103566222746799
2,adsorption,1254.0,100.04703181713305,10.121360975573523,0.10116602953372417,3.3781626551902413,0.9328409728005724,0.11173856400686419,1.0055869282003431,299.88841746376806,10.018588519286391,0.02070013710052953,0.040978847170179626
2,adsorption,1256.0,100.04705773136831,10.12330745056803,0.10118545892423592,3.4600668252208333,0.9394510576462876,0.11366489985753396,1.0056832449928768,299.99812282712514,10.01890837477842,0.02074440125322245,0.04092588801890722
2,adsorption,1258.0,100.04708129218324,10.125254878045352,0.10120490020568393,3.54186867506829,0.9454225389096333,0.1155952430960739,1.0057797621548037,300.1061931729229,10.019228875185687,0.020788043143735783,0.04087648144395049
2,adsorption,1260.0,100.04710271735271,10.127207824762667,0.10122439880516548,3.623574909380256,0.9508157329993343,0.11752924438297564,1.0058764622191487,300.21267776552827,10.019549962387506,0.020831080743729594,0.040830285225637274
2,adsorption,1262.0,100.04712220711787,10.129161420402745,0.10124390584102284,3.70519166414592,0.955685440953559,0.11946652864670922,1.0059733264323354,300.31762260264645,10.019871574006183,0.020873530833054762,0.0407869408889065
2,adsorption,1264.0,100.04713993327634,10.131115988087455,0.1012634243701931,3.7867244699649065,0.9600813792288737,0.12140696051487541,1.0060703480257438,300.4210705250722,10.020193687468842,0.020915408848746323,0.040746290795714714
2,adsorption,1266.0,100.04715606607347,10.133073271543863,0.10128297165040599,3.8681783643161203,0.9640487162310019,0.1233501754801575,1.0061675087740078,300.52306161570215,10.02051624217533,0.02095672936367765,0.040707995787763934
2,adsorption,1268.0,100.04717074789001,10.135031240773634,0.10130252724800196,3.949557914449407,0.9676283937918593,0.1252960350629077,1.0062648017531455,300.623633362165,10.020839215055716,0.020997505828866794,0.04067190533489323
2,adsorption,1270.0,100.04718411882018,10.136991232029565,0.10132210437817477,4.030867261102476,0.9708575493106135,0.12724426537940786,1.0063622132689705,300.72282089843486,10.021162560573774,0.02103775091535237,0.04063776276132999
2,adsorption,1272.0,100.04719629887558,10.138952205751808,0.10134169252942632,4.11211016126838,0.9737698635192545,0.12919472497779844,1.0064597362488898,300.8206572134207,10.021486255182367,0.02107747640680409,0.04060542343701093
2,adsorption,1274.0,100.04720740182137,10.140914304222969,0.10136129300934744,4.193290020150818,0.9763958476234582,0.13114720343513395,1.0065573601717568,300.9171733171659,10.021810263895164,0.021116693401390867,0.04057468983294671
2,adsorption,1276.0,100.04721752792808,10.142877992860015,0.10138091036893296,4.274409909892585,0.9787630787400748,0.13310156456220007,1.00665507822811,301.01239836343234,10.022134564052504,0.021155412256165428,0.04054542880045339
2,adsorption,1278.0,100.04722676944961,10.144842082039363,0.10140053262463031,4.355472626083468,0.9808965693180299,0.13505765710114292,1.0067528828550572,301.1063598929798,10.02245913050035,0.021193642745080697,0.040517497570869365
2,adsorption,1280.0,100.0472352111107,10.146807458430064,0.10142016855357552,4.436480695693263,0.9828189993249301,0.13701533538586025,1.006850766769293,301.19908394026584,10.022783939018845,0.021231394083652003,0.040490760751030724
2,adsorption,1282.0,100.04724292810728,10.148773878871094,0.10143981564953149,4.517436406341306,0.9845508783944308,0.13897449346220966,1.0069487246731108,301.29059514500835,10.02310897198256,0.021268674946562368,0.04046511819344718
2,adsorption,1284.0,100.04724998967677,10.150740750921166,0.10145946792109284,4.598341830333261,0.9861107549812883,0.14093501073753792,1.007046750536877,301.38091687543067,10.023434209342236,0.021305493552871976,0.040440459875864865
2,adsorption,1286.0,100.04725645897865,10.152708580496236,0.10147913036135128,4.679198838314915,0.9875154139971831,0.14289677782162216,1.007144838891081,301.470071330645,10.023759632912018,0.021341857686641395,0.04041668714162508
2,adsorption,1288.0,100.04726239206744,10.154677182077144,0.10149880105947098,4.76000912428121,0.98878004171337,0.14485971023443142,1.0072429855117215,301.5580796479178,10.024085228642532,0.021377774728466997,0.040393723816420334
2,adsorption,1290.0,100.04726784075869,10.156646232699526,0.10151847673507147,4.840774221719332,0.9899183689965048,0.14682371440880712,1.0073411857204404,301.64496198709116,10.02441098098087,0.021413251711461953,0.04037148782348557
2,adsorption,1292.0,100.047272852025,10.158616018013316,0.10153816019591481,4.921495513720232,0.9909428046170905,0.1487887065712637,1.0074394353285634,301.73073760130217,10.024736876002384,0.02144829533446561,0.040349906786917245
2,adsorption,1294.0,100.04727746762708,10.160586385524097,0.10155784987564324,5.002174250969408,0.99186456039005,0.15075461846593277,1.0075377309232967,301.8154249170433,10.025062902359391,0.02148291198875319,0.04032892261843629
2,adsorption,1296.0,100.04728172612677,10.162557153322599,0.10157754391710482,5.082811564234325,0.9926937654151852,0.15272137731326282,1.0076360688656631,301.8990416012078,10.025389047957008,0.021517107797818784,0.040308474662741366
2,adsorption,1298.0,100.04728566235606,10.164528482814466,0.10159724389843179,5.163408473197762,0.9934395685753994,0.15468891804734877,1.0077344459023674,301.98160461754475,10.025715301982514,0.02155088863002762,0.04028850983317913
2,adsorption,1300.0,100.04728930733643,10.16650025833904,0.10161694863224578,5.243965899244424,0.9941102308827311,0.15665718527435377,1.0078328592637178,302.0631302853234,10.026041655229642,0.02158426011969866,0.040268984118255156
2,adsorption,1302.0,100.04729268963693,10.16847237449662,0.10163665703619669,5.324484674454021,0.9947132094984525,0.1586261217442331,1.0079313060872117,302.1436343286662,10.026368098186769,0.021617227694055798,0.04024985281970668
2,adsorption,1304.0,100.04729583514317,10.170444917211672,0.10165636994297596,5.4049655487714965,0.9952552343416796,0.1605956760645167,1.008029783803226,302.2231319200203,10.026694622315814,0.02164979658415934,0.04023107695346828
2,adsorption,1306.0,100.0472987667477,10.172417801984288,0.10167608648485824,5.485409199262284,0.995742377668875,0.16256580302273277,1.0081282901511366,302.3016377240727,10.027021220105373,0.021681971841449394,0.040212623421555606
2,adsorption,1308.0,100.04730150563093,10.174390964850318,0.10169580600110115,5.565816236805593,0.9961801170736604,0.16453645698282957,1.0082268228491416,302.3791659349921,10.027347883975784,0.02171375835656486,0.04019445937657216
2,adsorption,1310.0,100.04730407087665,10.176364447955399,0.10171552889367357,5.646187211725193,0.996573392529996,0.16650759665806547,1.0083253798329033,302.45573030960026,10.027674607070244,0.021745160868419704,0.04017655618684076
2,adsorption,1312.0,100.04730647942108,10.178338189712589,0.10173525452987772,5.726522620458091,0.9969266580993164,0.16847918481309163,1.0084239592406545,302.5313442000118,10.028001383205195,0.021776183976799927,0.04015888911169333
2,adsorption,1314.0,100.04730874688782,10.18031214898841,0.10175498248277556,5.8068229105291875,0.997243928810383,0.17045118450595295,1.0085225592252975,302.60602058166705,10.028328206247322,0.021806832155597703,0.0401414340669295
2,adsorption,1316.0,100.04731088732514,10.182286342885785,0.10177471290910796,5.887088484907146,0.9975288231305928,0.1724235619924848,1.0086211780996241,302.6797720786143,10.028655070594825,0.021837109760181266,0.04012417003774576
2,adsorption,1318.0,100.04731291322872,10.184260726125766,0.10179444534366056,5.9673197068302475,0.9977846014141478,0.17439628626132525,1.0087198143130665,302.75261098789287,10.028981971100196,0.021867021036891556,0.04010707863063128
2,adsorption,1320.0,100.0473148360945,10.186235270215146,0.10181417949000478,6.047516903507168,0.9980142006981952,0.176369326905042,1.0088184663452522,302.8245493006752,10.029308902717348,0.02189657013243863,0.0400901422233885
2,adsorption,1322.0,100.04731666624141,10.188209978309299,0.10183391536923717,6.1276803694360265,0.9982202661909025,0.1783426558608373,1.008917132793042,302.89559872147225,10.029635860789964,0.021925761099751077,0.040073345409556094
2,adsorption,1324.0,100.04731841286659,10.1901848164656,0.10185365263278351,6.207810369900484,0.9984051797600816,0.18031624696574233,1.0090158123482873,302.9657706863907,10.029962840977696,0.021954597905063555,0.04005667458045195
2,adsorption,1326.0,100.04732008440801,10.192159763305405,0.10187339105841589,6.287907143722024,0.9985710856996841,0.1822900747535884,1.0091145037376794,303.03507637912094,10.030289839056753,0.021983084434644997,0.040040116868325704
2,adsorption,1328.0,100.04732168844497,10.194134815241958,0.10189313060260899,6.367970905691607,0.9987199133960507,0.1842641154694642,1.0092132057734733,303.10352674513007,10.03061685108793,0.02201122449920514,0.04002366098670807
2,adsorption,1330.0,100.0473232316859,10.196109943780975,0.10191287097376112,6.448001849341839,0.9988534004268713,0.18623834679616058,1.009311917339808,303.17113250668797,10.030943873371172,0.022039021839647698,0.040007296964312294
2,adsorption,1332.0,100.04732472034762,10.198085133261293,0.10193261200903664,6.52800014856402,0.9989731078581661,0.1882127469284643,1.0094106373464231,303.2379041726211,10.031270902292206,0.02206648013107176,0.0399910153370947
2,adsorption,1334.0,100.04732615996507,10.200060378196719,0.1019523536479916,6.607965960046117,0.9990804425657172,0.19018729550920685,1.0095093647754603,303.30385205267953,10.031597934477512,0.022093602987459837,0.03997480792087768
2,adsorption,1336.0,100.04732755544147,10.202035652757763,0.10197209562748472,6.6878994247818095,0.9991766694133268,0.1921619731707959,1.0096080986585398,303.3689862658486,10.031924966718345,0.022120393964803056,0.03995866740373456
2,adsorption,1338.0,100.04732891136314,10.204010943737305,0.10199183781085792,6.767800669514897,0.9992629250154202,0.19413676097523974,1.009706838048762,303.4333167493725,10.032251995877916,0.02214685656464753,0.03994258684928756
2,adsorption,1340.0,100.04733023172547,10.205986245709502,0.10201158013982801,6.847669808167591,0.9993402308523309,0.19611164116550575,1.0098055820582752,303.4968532675108,10.032579019015827,0.022172994236602964,0.03992656032838966
2,adsorption,1342.0,100.04733152012497,10.207961535119244,0.10203132237530863,6.927506943313202,0.9994095052544398,0.19808659672682405,1.0099043298363413,303.55960541990044,10.032906033315335,0.02219881038158264,0.03991058252487573
2,adsorption,1344.0,100.0473327799069,10.209936800921534,0.10205106440350858,7.007312167236417,0.9994715737299675,0.20006161096033598,1.0100030805480171,303.62158264858,10.033233036012735,0.022224308354486272,0.03989464835691397
2,adsorption,1346.0,100.04733401398366,10.211912037218537,0.10207080616252318,7.0870855629220335,0.9995271779905094,0.2020366681524008,1.01010183340762,303.68279424434184,10.033560024508152,0.022249491465816746,0.039878753545786655
2,adsorption,1348.0,100.04733522496618,10.213887222617462,0.10209054743587664,7.1668272050894934,0.9995769842149126,0.20401175314348502,1.0102005876571742,303.7432493528351,10.033886996294116,0.02227436298402027,0.03986289423255405
2,adsorption,1350.0,100.04733641530738,10.21586234770974,0.10211028812703803,7.246537160958922,0.9996215906990272,0.20598685101800404,1.0102993425509001,303.8029569800125,10.034213948904192,0.02229892613747871,0.03984706670231085
2,adsorption,1352.0,100.04733758710117,10.217837405808213,0.10213002816704211,7.326215491037853,0.9996615349541133,0.2079619476960406,1.0103980973848021,303.86192599740207,10.034540880010912,0.022323184115785922,0.03983126788977504
2,adsorption,1354.0,100.04733874227122,10.21981237884636,0.10214976737335606,7.40586224982708,0.9996972992436505,0.20993702948118673,1.0104968514740593,303.9201651464772,10.034867787350885,0.02234714007141948,0.03981549498065412
2,adsorption,1356.0,100.04733988258403,10.22178725731286,0.10216950564911763,7.485477486474854,0.9997293170906555,0.2119120829498143,1.0105956041474906,303.9776830435915,10.035194668706453,0.022370797121429115,0.03979974530921542
2,adsorption,1358.0,100.04734100956946,10.223762033674136,0.10218924291747283,7.565061245180627,0.99975797689222,0.21388709528290026,1.0106943547641452,304.03448818293845,10.035521521960597,0.0223941583479557,0.03978401664503056
2,adsorption,1360.0,100.04734212461364,10.2257366932254,0.10220897903003529,7.644613565850139,0.9997836272864821,0.2158620540140238,1.010793102700701,304.09058894097757,10.035848345055198,0.022417226799838222,0.039768306967196354
2,adsorption,1362.0,100.04734322899053,10.227711226789728,0.10222871389378449,7.724134484511764,0.9998065812837702,0.21783694692184194,1.0108918473460922,304.1459935798542,10.036175135973217,0.022440005493692728,0.039752614367787265
2,adsorption,1364.0,100.04734432381991,10.229685625976996,0.10224844742372084,7.803624033709923,0.9998271197603346,0.21981176224610668,1.0109905881123054,304.2007102504751,10.036501892774439,0.022462497414617543,0.039736937237833274
2,adsorption,1366.0,100.04734541010023,10.231659878474531,0.102268179495761,7.883082242886666,0.9998454946159939,0.22178648852172084,1.0110893244260861,304.25474699541843,10.036828613567982,0.022484705517123213,0.03972127411997445
2,adsorption,1368.0,100.04734648875464,10.233633975397963,0.10228791002016457,7.962509138683843,0.9998619317181248,0.22376111452224018,1.011188055726112,304.3081117516406,10.03715529650294,0.022506632725907454,0.03970562365764779
2,adsorption,1370.0,100.04734756059003,10.235607908190609,0.10230763891058466,8.041904745246969,0.9998766335925132,0.2257356293792112,1.0112867814689606,304.3608123530789,10.037481939788107,0.022528281936467595,0.03968998469799955
2,adsorption,1372.0,100.04734862632958,10.237581666143388,0.10232736605924558,8.121269084509004,0.9998897818237424,0.22771002247634795,1.0113855011238173,304.41285653309046,10.037808541674455,0.02254965601582134,0.039674356197886104
2,adsorption,1374.0,100.04734968663712,10.239555240692871,0.10234709137987814,8.200602176412566,0.9999015391898141,0.22968428341970892,1.0114842141709854,304.464251926673,10.038135100450189,0.022570757803088124,0.03965873719724464
2,adsorption,1376.0,100.04735074209465,10.241528623406705,0.10236681478760644,8.27990403912661,0.9999120515790615,0.23165840210235894,1.011582920105118,304.5150060725785,10.038461614451423,0.022591590109965136,0.03964312687538524
2,adsorption,1378.0,100.0473517932238,10.24350180471165,0.1023865361862126,8.359174689247938,0.9999214497215047,0.2336323686370858,1.0116816184318542,304.565126415316,10.038788082051049,0.022612155721264116,0.03962752449157329
2,adsorption,1380.0,100.04735284050102,10.24547477638311,0.10240625549300444,8.438414141965456,0.9999298507492238,0.23560617334008005,1.011780308667004,304.61462030701904,10.039114501656012,0.022632457395361894,0.039611929370850237
2,adsorption,1382.0,100.0473538843448,10.247447530261606,0.10242597262599969,8.517622411218213,0.9999373595971216,0.23757980676484317,1.0118789903382421,304.66349500922684,10.03944087171291,0.02265249786458607,0.039596340934080924
2,adsorption,1384.0,100.04735492513016,10.249420057612026,0.10244568749750674,8.596799509839615,0.9999440702591557,0.2395532596592042,1.0119776629829602,304.711757694574,10.039767190700887,0.022672279835627796,0.03958075866043732
2,adsorption,1386.0,100.04735596319817,10.251392350559675,0.1024654000284684,8.675945449677098,0.9999500669163189,0.24152652295581753,1.012076326147791,304.7594154483799,10.040093457130027,0.02269180598989553,0.03956518207967684
2,adsorption,1388.0,100.04735699884876,10.253364401281907,0.10248511014038975,8.75506024170606,0.9999554249503136,0.2434995877890665,1.0121749793894532,304.806475270173,10.040419669544162,0.022711078983829316,0.03954961078774664
2,adsorption,1390.0,100.04735803235063,10.255336201693254,0.10250481775218051,8.834143896133124,0.9999602118541732,0.24547244546734343,1.0122736222733673,304.8529440751443,10.040745826516263,0.022730101449226905,0.03953404442309125
2,adsorption,1392.0,100.04735906394714,10.257307744270795,0.10252452278839909,8.913196422483248,0.9999644880497036,0.24744508746699287,1.0123722543733495,304.89882869553,10.041071926647435,0.022748875993530645,0.039518482662281924
2,adsorption,1394.0,100.04736009385255,10.259279021548684,0.10254422517420395,8.992217829681705,0.9999683076210131,0.2494175054399218,1.0124708752719962,304.9441358819402,10.041397968568166,0.022767405200089224,0.03950292522775911
2,adsorption,1396.0,100.04736112225828,10.26125002596968,0.10256392483386334,9.071208126127866,0.9999717189727504,0.2513896911954651,1.0125694845597732,304.98887230463475,10.041723950935316,0.02278569162842348,0.03948737187285922
2,adsorption,1398.0,100.04736214933752,10.263220750356849,0.10258362169546527,9.150167319758193,0.9999747654207868,0.25336163669609824,1.0126680818348048,305.0330445547447,10.042049872431404,0.02280373781446575,0.03947182237921534
2,adsorption,1400.0,100.04736317524251,10.26519118759992,0.10260331568778536,9.229095418105043,0.9999774857221784,0.255333334060099,1.0127666667030049,305.0766591454531,10.042375731765041,0.022821546270783734,0.039456276560336484
2,adsorption,1402.0,100.04736420011314,10.267161330584518,0.10262300673957095,9.307992428347898,0.9999799145376971,0.2573047755496494,1.0128652387774826,305.11972251310203,10.04270152766895,0.02283911948679025,0.03944073425232105
2,adsorption,1404.0,100.04736522406395,10.269131172474015,0.10264269478237122,9.386858357363046,0.9999820828999307,0.25927595356579375,1.0129637976782897,305.1622410183869,10.043027258899123,0.022856459928993735,0.03942519531068535
2,adsorption,1406.0,100.04736624720647,10.271100706509774,0.10266237974851802,9.465693211757172,0.9999840185193274,0.26124686065226915,1.0130623430326136,305.2042209472394,10.04335292423546,0.02287357004111113,0.03940965961516634
2,adsorption,1408.0,100.04736726963594,10.273069925972948,0.1026820615707575,9.544496997917312,0.9999857462312975,0.2632174894855593,1.013160874474278,305.24566851212063,10.043678522480096,0.022890452244380053,0.039394127062162436
2,adsorption,1410.0,100.04736829143953,10.275038824290238,0.10270174018329889,9.623269722035293,0.999987288235207,0.2651878328667435,1.0132593916433372,305.28658985285796,10.04400405245607,0.02290710893767362,0.039378597558934116
2,adsorption,1412.0,100.04736931269258,10.277007395136163,0.10272141552284038,9.702011390135743,0.9999886643646605,0.2671578837289157,1.0133578941864458,305.32699103760143,10.04432951300853,0.022923542497663645,0.039363071031651785
2,adsorption,1414.0,100.0473703334576,10.278975632040488,0.1027410875246465,9.780722008105926,0.9999898923507126,0.26912763512798116,1.013456381756399,305.36687806381974,10.0446549030032,0.022939755279019647,0.039347547418578106
2,adsorption,1416.0,100.04737135380256,10.280943528813403,0.10276075612677901,9.859401581717192,0.9999909880323454,0.27109708023654683,1.0135548540118273,305.40625685917104,10.044980221325385,0.022955749614556466,0.03933202666604688
2,adsorption,1418.0,100.04737237377618,10.282911079379748,0.10278042126846544,9.93805011664996,0.9999919655923796,0.27306621234693906,1.0136533106173469,305.4451332825471,10.04530546688044,0.022971527815457804,0.03931650873260692
2,adsorption,1420.0,100.04737339342493,10.284878277618931,0.1028000828884814,10.016667618506453,0.999992837680301,0.27503502486456793,1.0137517512432284,305.4835131247487,10.045630638592687,0.02298709217134937,0.0393009935845073
2,adsorption,1422.0,100.04737441279006,10.286845117667694,0.10281974092817996,10.095254092830032,0.9999936156010235,0.27700351130693096,1.0138501755653466,305.5214021094613,10.045955735405228,0.023002444950506466,0.03928548119626093
2,adsorption,1424.0,100.04737543190707,10.288811593670484,0.1028393953289971,10.17380954512123,0.9999943094614328,0.2789716653013283,1.0139485832650665,305.55880589411584,10.04628075627957,0.023017588400017365,0.039269971550010864
2,adsorption,1426.0,100.04737645080807,10.29077769986799,0.10285904603333426,10.252333980849988,0.9999949282937463,0.2809394805799533,1.0140469740289977,305.5957300706992,10.046605700194807,0.02303252474593157,0.03925446463255965
2,adsorption,1428.0,100.04737746952097,10.292743430644045,0.10287869298502787,10.33082740546635,0.9999954801654696,0.28290695097989327,1.0141453475489948,305.6321801665475,10.046930566147617,0.02304725619340207,0.03923896043678571
2,adsorption,1430.0,100.04737848806977,10.294708780424868,0.10289833612834212,10.409289824410973,0.9999959722810187,0.284874070440686,1.0142437035220344,305.6681616451384,10.047255353151844,0.023061784926834018,0.039223458960846114
2,adsorption,1432.0,100.04737950647558,10.296673743734852,0.10291797540852529,10.487721243124136,0.9999964110743518,0.28684083300056445,1.0143420416500282,305.70367990687396,10.04758006023788,0.02307611311003547,0.0392079602061961
2,adsorption,1434.0,100.04738052475979,10.298638315213296,0.10293761077197401,10.566121667053388,0.9999968022891831,0.288807232795897,1.0144403616397948,305.7387402898273,10.04790468645257,0.023090242886354098,0.03919246417845256
2,adsorption,1436.0,100.04738154293253,10.300602489543797,0.10295724216553914,10.644491101661234,0.9999971510591968,0.2907732640584716,1.0145386632029236,305.77334807055803,10.048229230858746,0.023104176378851263,0.039176970886344926
2,adsorption,1438.0,100.04738256101042,10.302566261526248,0.10297686953722737,10.722829552429797,0.9999974619598578,0.29273892111360916,1.0146369460556806,305.80750846472733,10.048553692534925,0.023117915690390765,0.03916148034130264
2,adsorption,1440.0,100.04738357900467,10.304529626066024,0.10299649283610522,10.801137024868778,0.9999977390849525,0.2947041983808467,1.0147352099190423,305.84122662800314,10.048878070575403,0.023131462903859354,0.039145992559473874
2,adsorption,1442.0,100.04738459692511,10.306492578025406,0.1030161120108098,10.87941352451883,0.9999979860872771,0.2966690903656673,1.0148334545182833,305.874507656665,10.049202364088895,0.02314482008226487,0.03913050755553681
2,adsorption,1444.0,100.04738561478143,10.30845511254085,0.103035727012719,10.957659056954272,0.9999982062246954,0.29863359166333636,1.0149316795831669,305.90735658829675,10.049526572199158,0.023157989268868445,0.0391150253474665
2,adsorption,1446.0,100.04738663257612,10.310417224673996,0.10305533779247017,11.035873627787987,0.9999984024047982,0.30059769695804617,1.0150298848479022,305.93977840251307,10.049850694044844,0.02317097248733959,0.03909954595703635
2,adsorption,1448.0,100.04738765032089,10.312378909588523,0.10307494430171107,11.114057242674454,0.9999985772204968,0.3025614010158598,1.015128070050793,305.9717780216046,10.050174728778341,0.02318377174188405,0.03908406940468355
2,adsorption,1450.0,100.04738866801812,10.314340162598787,0.10309454649360522,11.192209907312437,0.9999987329899,0.30452469868673016,1.0152262349343366,306.0033603113151,10.050498675566088,0.023196389017427342,0.03906859571264094
2,adsorption,1452.0,100.04738968567092,10.316300979000617,0.10311414432113013,11.270331627446208,0.9999988717769766,0.3064875849025954,1.0153243792451299,306.0345300813554,10.050822533588256,0.023208826279688153,0.039053124904348986
2,adsorption,1454.0,100.04739070328228,10.318261354232003,0.10313373773868437,11.34842240886813,0.9999989954233607,0.308450054676487,1.0154225027338244,306.0652920861441,10.051146302038616,0.02322108547535563,0.0390376570048997
2,adsorption,1456.0,100.047391720856,10.320221283755867,0.10315332670091489,11.426482257420785,0.9999991055722987,0.31041210309972495,1.0155206051549863,306.09565102544826,10.051469980124045,0.023233168532227448,0.03902219203966745
2,adsorption,1458.0,100.04739273838955,10.322180763121517,0.10317291116333865,11.504511178997872,0.9999992036915231,0.3123737253396332,1.0156186862669816,306.1256115450659,10.051793567064164,0.023245077359369915,0.03900673003344789
2,adsorption,1460.0,100.04739375588566,10.324139787976199,0.10319249108244605,11.582509179544722,0.9999992910875525,0.314334916641342,1.0157167458320673,306.1551782373365,10.052117062091627,0.023256813847201418,0.03899127101315561
2,adsorption,1462.0,100.04739477334365,10.326098354003012,0.10321206641508938,11.660476265060787,0.9999993689280634,0.3162956723259507,1.0158147836162976,306.1843556419142,10.052440464451804,0.023268379867699793,0.03897581500736729
2,adsorption,1464.0,100.04739579076416,10.328056456893938,0.10323163711820843,11.738412441599491,0.9999994382538742,0.31825598778309355,1.0159127993891546,306.2131482462889,10.052763773401564,0.023279777274504563,0.038960362040641815
2,adsorption,1466.0,100.04739680814684,10.33001409258489,0.103251203151182,11.816317715267617,0.9999994999924491,0.3202158584776239,1.0160107929238815,306.2415604863828,10.053086988210369,0.023291007903045495,0.03894491214068156
2,adsorption,1468.0,100.04739782548704,10.331971256875597,0.10327076447203237,11.894192092227026,0.9999995549707815,0.3221752799464223,1.0161087639973212,306.26959674717517,10.053410108159733,0.023302073570694512,0.03892946533650219
2,adsorption,1470.0,100.0473988427886,10.33392794571813,0.10329032104029558,11.972035578694642,0.999999603925616,0.3241342477926258,1.0162067123896312,306.29726136325655,10.053733132542282,0.02331297607689131,0.0389140216542267
2,adsorption,1472.0,100.04739986004783,10.335884155178986,0.10330987281665914,12.04984818094237,0.99999964751498,0.3260927576892652,1.0163046378844633,306.3245586194998,10.05405606066235,0.023323717203317093,0.038898581121487315
2,adsorption,1474.0,100.04740087726229,10.337839881269423,0.10332941976125738,12.127629905296844,0.9999996863241937,0.32805080537615944,1.016402540268808,306.35149275150656,10.054378891835443,0.023334298713975986,0.0388831437655316
2,adsorption,1476.0,100.04740189443032,10.339795120164762,0.10334896183586335,12.205380758139453,0.9999997208750643,0.33000838665974375,1.0165004193329872,306.3780679462488,10.054701625388233,0.02334472235536443,0.038867709614116785
2,adsorption,1478.0,100.04740291154918,10.341749868041536,0.10336849900226358,12.283100745906845,0.9999997516329666,0.33196549741141734,1.0165982748705709,306.4042883426413,10.055024260658262,0.023354989856613943,0.03885227869498115
2,adsorption,1480.0,100.04740392861679,10.34370412114435,0.10338803122292431,12.360789875090385,0.999999779012777,0.33392213356543127,1.0166961066782716,306.4301580320861,10.055346796993598,0.023365102929624196,0.038836851034885586
2,adsorption,1482.0,100.0474049456304,10.34565787580069,0.10340755846114068,12.438448152235667,0.9999998033841567,0.3358782911195004,1.016793914555975,306.45568105901106,10.055669233752933,0.023375063269194175,0.03882142666111264
2,adsorption,1484.0,100.04740596258719,10.3476111283606,0.10342708068043359,12.516075583942424,0.9999998250764276,0.33783396613309485,1.0168916983066547,306.4808614214091,10.055991570305304,0.02338487255315845,0.038806005600835025
2,adsorption,1486.0,100.04740697948456,10.349563875244822,0.10344659784503035,12.593672176864036,0.9999998443830007,0.3397891547257159,1.016989457736286,306.5057030713763,10.05631380602979,0.02339453244252506,0.03879058788046241
2,adsorption,1488.0,100.047407996321,10.351516112940084,0.10346610991981657,12.671237937707067,0.9999998615651998,0.3417438530769791,1.017087192653849,306.53020991562653,10.056635940315532,0.023404044581604517,0.03877517352660383
2,adsorption,1490.0,100.04740901309052,10.353467837956583,0.10348561686991718,12.748772873230763,0.9999998768560715,0.3436980574247492,1.0171849028712374,306.5543858160574,10.056957972561424,0.023413410598165513,0.03875976256528275
2,adsorption,1492.0,100.0474100297919,10.355419046891438,0.10350511866132091,12.826276990246459,0.999999890462834,0.3456517640646889,1.0172825882032344,306.57823459018044,10.057279902176033,0.023422632103531238,0.03874435502232824
2,adsorption,1494.0,100.04741104642144,10.357369736402568,0.10352461526062685,12.903750295617963,0.9999999025704981,0.34760496935145385,1.0173802484675727,306.60176001175427,10.05760172857779,0.023431710692768,0.0387289509253868
2,adsorption,1496.0,100.04741206297638,10.359319903093654,0.10354410663389095,12.981192796260727,0.9999999133437797,0.34955766969151786,1.017477883484576,306.6249658112118,10.057923451193805,0.023440647944789963,0.03871355029816059
2,adsorption,1498.0,100.04741307945456,10.361269543802525,0.10356359274950895,13.0586044991402,0.9999999229292615,0.3515098615481329,1.0175754930774066,306.6478556761486,10.058245069460687,0.023449445422484533,0.038698153165768946
2,adsorption,1500.0,100.04741409584955,10.363218655259644,0.10358307357480777,13.13598541127225,0.9999999314574869,0.3534615414405222,1.0176730770720261,306.6704332518386,10.058566582824405,0.023458104672856354,0.03868275955481398
2,adsorption,1502.0,100.0474151121623,10.365167234281932,0.103602549077971,13.213335539722687,0.9999999390446218,0.3554127059381536,1.0177706352969076,306.692702141692,10.058887990739336,0.023466627227151742,0.038667369488917705
2,adsorption,1504.0,100.04741612838824,10.367115277803432,0.10362201922835851,13.290654891606238,0.999999945794316,0.35736335166377264,1.0178681675831887,306.7146659078095,10.059209292668776,0.023475014601021423,0.03865198299233185
2,adsorption,1506.0,100.04741714452385,10.369062782706871,0.10364148399481622,13.367943474085811,0.9999999517986577,0.35931347529148183,1.0179656737645741,306.7363280713501,10.059530488084597,0.023483268294605557,0.03863660008886971
2,adsorption,1508.0,100.04741816056618,10.371009746001489,0.10366094334745397,13.445201294372026,0.9999999571396502,0.36126307354687576,1.0180631536773437,306.75769211306107,10.05985157646729,0.02349138979269209,0.038621220802820946
2,adsorption,1510.0,100.04741917651195,10.372956164690624,0.10368039725632296,13.522428359723175,0.9999999618903488,0.36321214320501716,1.018160607160251,306.7787614737519,10.06017255730562,0.023499380564853498,0.03860584515783086
2,adsorption,1512.0,100.04742019235832,10.37490203584411,0.1036998456921386,13.599624677444274,0.9999999661158137,0.3651606810893854,1.0182580340544694,306.7995395547446,10.060493430096447,0.023507242065574238,0.0385904731766622
2,adsorption,1514.0,100.04742120810195,10.376847356585992,0.10371928862615865,13.676790254886368,0.9999999698739538,0.3671086840725349,1.0183554342036267,306.82002971831946,10.06081419434483,0.023514975734376452,0.03857510488250383
2,adsorption,1516.0,100.04742222373972,10.378792124056726,0.10373872602980466,13.753925099446109,0.999999973216304,0.36905614907435347,1.0184528074537176,306.8402352881619,10.061134849563752,0.023522582995950295,0.03855974029806942
2,adsorption,1518.0,100.04742323926871,10.380736335459797,0.10375815787512806,13.831029218565009,0.9999999761887332,0.3710030730610853,1.0185501536530543,306.86015954980803,10.06145539527394,0.02353006526028435,0.038544379445391914
2,adsorption,1520.0,100.04742425468687,10.382679988043257,0.10377758413462468,13.908102619728885,0.9999999788320519,0.3729494530454836,1.0186474726522743,306.8798057510711,10.061775831003894,0.023537423922788833,0.03852902234662746
2,adsorption,1522.0,100.04742526998913,10.384623079072107,0.10379700478096306,13.985145310467114,0.9999999811826203,0.37489528608508205,1.0187447643042542,306.8991771025109,10.062096156289604,0.023544660364441024,0.03851366902316294
2,adsorption,1524.0,100.04742628517363,10.38656560588768,0.10381641978757129,14.062157298352002,0.9999999832727349,0.37684056928225906,1.0188420284641129,306.9182767777905,10.062416370674542,0.023551775951880266,0.038498319496272415
2,adsorption,1526.0,100.04742730023699,10.388507565872452,0.10383582912829029,14.139138590999051,0.9999999851312049,0.3787852997853702,1.0189392649892686,306.9371079142016,10.062736473709874,0.023558772037579945,0.038482973788850766
2,adsorption,1528.0,100.04742831517628,10.390448956355977,0.10385523277643148,14.216089196066,0.9999999867836546,0.3807294747821517,1.0190364737391076,306.9556736130187,10.063056464953346,0.02356564995994968,0.03846763191995128
2,adsorption,1530.0,100.04742932998981,10.392389774879126,0.10387463070741736,14.293009121251302,0.9999999882528656,0.382673091504825,1.0191336545752412,306.97397693990507,10.063376343970136,0.02357241104345346,0.038452293910099966
2,adsorption,1532.0,100.04743034467181,10.39433001886898,0.10389402289553701,14.369898374294412,0.9999999895591081,0.38461614722920817,1.0192308073614607,306.99202092533983,10.063696110332693,0.02357905659874346,0.038436959781081685
2,adsorption,1534.0,100.04743135922266,10.396269685831117,0.10391340931585806,14.44675696297532,0.9999999907204025,0.3865586392696125,1.0193279319634807,307.009808564999,10.064015763619913,0.023585587922777956,0.03842162955183025
2,adsorption,1536.0,100.04743237363843,10.398208773373131,0.10393278994447201,14.523584895113574,0.9999999917528145,0.3885005649820272,1.0194250282491015,307.02734282021515,10.064335303417646,0.02359200629896958,0.03840630324199051
2,adsorption,1538.0,100.04743338791593,10.400147279043006,0.10395216475687391,14.600382178567562,0.9999999926706051,0.39044192176225784,1.0195220960881128,307.0446266182834,10.064654729318386,0.02359831299726959,0.038390980870722485
2,adsorption,1540.0,100.04743440205289,10.402085200503763,0.10397153372970773,14.677148821234088,0.9999999934864616,0.3923827070462609,1.019619135352313,307.061662852901,10.064974040921342,0.02360450927431225,0.03837566245760641
2,adsorption,1542.0,100.0474354160461,10.40402253540588,0.10399089683949293,14.753884831048357,0.9999999942116783,0.39432291830854027,1.0197161459154271,307.07845438456155,10.065293237832153,0.023610596373541508,0.03836034802171925
2,adsorption,1544.0,100.0474364298933,10.40595928145071,0.10401025406325654,14.83059021598311,0.9999999948563039,0.3962625530611046,1.0198131276530553,307.095004040929,10.06561231966272,0.02361657552532942,0.038345037581222687
2,adsorption,1546.0,100.04743744359165,10.407895436390033,0.10402960537853029,14.907264984047984,0.9999999954292759,0.39820160885440525,1.0199100804427204,307.11131461720765,10.065931286031358,0.023622447947092534,0.03832973115475974
2,adsorption,1548.0,100.04743845713834,10.409830997978796,0.10404895076287742,14.983909143289166,0.9999999959385415,0.4001400832757802,1.020007004163789,307.1273888765142,10.066250136562543,0.023628214843412463,0.03831442876054619
2,adsorption,1550.0,100.04743947053105,10.411765964026605,0.10406829019440711,15.06052270178873,0.9999999963911681,0.4020779739486269,1.0201038986974313,307.1432295502472,10.066568870886776,0.02363387740615581,0.038299130416131484
2,adsorption,1552.0,100.04744048376712,10.413700332378697,0.10408762365158496,15.137105667664155,0.9999999967934418,0.4040152785327816,1.020200763926639,307.15883933845225,10.066887488640623,0.023639436814592633,0.038283836139257434
2,adsorption,1554.0,100.0474414968439,10.415634100896437,0.10410695111303778,15.21365804906789,0.9999999971509528,0.4059519947233987,1.0202975997361698,307.1742209101814,10.067205989466556,0.023644894235514507,0.03826854594732563
2,adsorption,1556.0,100.04744250975911,10.417567267485818,0.10412627255783814,15.290179854186782,0.999999997468672,0.4078881202502599,1.0203944060125132,307.18937690384803,10.06752437301282,0.02365025082335129,0.038253259857253925
2,adsorption,1558.0,100.0474435225101,10.419499830086291,0.10414558796539329,15.366671091241605,0.9999999977510197,0.409823652877824,1.0204911826438912,307.2043099275783,10.06784263893344,0.023655507720287124,0.03823797788600626
2,adsorption,1560.0,100.0474445350945,10.421431786657443,0.10416489731531152,15.443131768486618,0.9999999980019257,0.41175859040428936,1.0205879295202145,307.2190225595588,10.068160786888082,0.023660666056376234,0.038222700050203166
2,adsorption,1562.0,100.0474455475106,10.423363135199022,0.10418420058760189,15.519561894209035,0.9999999982248834,0.4136929306610787,1.020684646533054,307.2335173483705,10.068478816541937,0.02366572694965368,0.03820742636610959
2,adsorption,1564.0,100.04744655975456,10.425293873735272,0.10420349776252048,15.595961476728347,0.9999999984230017,0.4156266715122465,1.0207813335756124,307.24779681335673,10.068796727565651,0.02367069150626221,0.038192156849573666
2,adsorption,1566.0,100.04744757182503,10.42722400032894,0.10422278882070563,15.672330524395925,0.9999999985990399,0.4175598108545906,1.0208779905427297,307.2618634449037,10.06911451963532,0.02367556082054035,0.038176891516539815
2,adsorption,1568.0,100.04744858371924,10.42915351308312,0.10424207374320048,15.748669045595333,0.9999999987554559,0.4194923466182569,1.0209746173309129,307.27571970485343,10.069432192432608,0.023680335975170642,0.038161630384092586
2,adsorption,1570.0,100.04744959543486,10.431082410053842,0.10426135251057723,15.824977048741442,0.9999999988944348,0.42142427676149685,1.021071213838075,307.28936802678083,10.069749745643854,0.02368501804127245,0.03814637346603262
2,adsorption,1572.0,100.04745060697086,10.433010689469144,0.10428062510512606,15.901254542279213,0.9999999990179173,0.4233555992755237,1.0211677799637762,307.3028108163122,10.070067178960903,0.02368960807850603,0.03813112077779785
2,adsorption,1574.0,100.04745161832221,10.434938349448228,0.1042998915080534,15.97750153468399,0.9999999991276284,0.42528631218308405,1.0212643156091543,307.31605045146057,10.070384492080848,0.023694107135190413,0.0381158723355639
2,adsorption,1576.0,100.04745262948983,10.43686538818485,0.10431915170130476,16.05371803446112,0.9999999992251,0.4272164135346063,1.0213608206767304,307.3290892829248,10.070701684705393,0.02369851624840762,0.038100628153091926
2,adsorption,1578.0,100.04745364047018,10.438791803953816,0.1043384056676403,16.129904050145242,0.9999999993116969,0.4291459014114713,1.0214572950705736,307.3419296344503,10.07101875654141,0.02370283644412993,0.03808538824519601
2,adsorption,1580.0,100.04745465126118,10.440717594956697,0.10435765338908685,16.206059590299667,0.9999999993886302,0.4310747739234763,1.0215537386961737,307.3545738030689,10.071335707300491,0.02370706873729801,0.038070152625759246
2,adsorption,1582.0,100.04745566186092,10.442642759517451,0.10437689484889406,16.282184663515995,0.9999999994569758,0.433003029210107,1.0216501514605054,307.3670240594441,10.071652536699187,0.023711214131944554,0.03805492130933132
2,adsorption,1584.0,100.04745667226683,10.444567295922631,0.10439613002993874,16.358279278414315,0.9999999995176906,0.43493066543908837,1.0217465332719544,307.37928264818026,10.071969244458739,0.023715273621304524,0.03803969431017054
2,adsorption,1586.0,100.04745768247741,10.446491202503717,0.10441535891554539,16.434343443642447,0.9999999995716253,0.4368576808051536,1.0218428840402576,307.3913517881167,10.072285830304894,0.02371924818791918,0.03802447164149399
2,adsorption,1588.0,100.04745869249034,10.448414477639178,0.10443458148950908,16.51037716787543,0.9999999996195366,0.4387840735314302,1.0219392036765715,307.4032336726174,10.072602293968128,0.023723138803736853,0.038009253317133
2,adsorption,1590.0,100.04745970230361,10.450337119695163,0.10445379773550154,16.586380459815302,0.9999999996620955,0.44070984186804535,1.0220354920934025,307.4149304698633,10.072918635183406,0.023726946430217957,0.037994039350611096
2,adsorption,1592.0,100.04746071191529,10.452259127085151,0.10447300763766737,16.662353328190584,0.9999999996998994,0.44263498409132346,1.0221317492045663,307.42644432314245,10.07323485369006,0.023730672018439068,0.037978829754771216
2,adsorption,1594.0,100.04746172132343,10.45418049825156,0.10449221118044046,16.738295781755905,0.9999999997334788,0.4445594985044326,1.0222279749252217,307.43777735113633,10.073550949231883,0.023734316509195084,0.03796362454273194
2,adsorption,1596.0,100.04746273052602,10.456101231642274,0.10451140834830942,16.814207829291703,0.9999999997633048,0.44648338343644756,1.0223241691718223,307.44893164820206,10.073866921556988,0.023737880833101275,0.03794842372737239
2,adsorption,1598.0,100.04746373952132,10.45802132574123,0.10453059912612299,16.89008947960378,0.9999999997897968,0.4484066372417422,1.022420331862087,307.45990928465113,10.07418277041769,0.023741365910694395,0.03793322732111918
2,adsorption,1600.0,100.04746474830748,10.459940779058648,0.10454978349899269,16.965940741522967,0.999999999813327,0.45032925830021797,1.022516462915011,307.470712307025,10.074498495570555,0.023744772652532182,0.03791803533649866
2,adsorption,1602.0,100.04746575688235,10.461859590115797,0.1045689614521407,17.04176162390476,0.9999999998342258,0.4522512450165385,1.0226125622508269,307.4813427383681,10.074814096776269,0.023748101959293295,0.03790284778576493
2,adsorption,1604.0,100.04746676524486,10.463777757466008,0.10458813297110872,17.117552135628955,0.9999999998527873,0.4541725958197501,1.0227086297909875,307.49180257848985,10.075129573799567,0.023751354721872533,0.03788766468087513
2,adsorption,1606.0,100.04746777339209,10.465695279681054,0.10460729804162458,17.193312285599085,0.9999999998692726,0.4560933091629314,1.0228046654581466,307.5020938042536,10.075444926409192,0.023754531821488747,0.03787248603351129
2,adsorption,1608.0,100.04746878132303,10.467612155358577,0.1046264566496727,17.26904208274216,0.9999999998839135,0.4580133835232177,1.0229006691761608,307.5122183697968,10.075760154377873,0.02375763412976217,0.03785731185539068
2,adsorption,1610.0,100.04746978903545,10.469528383132344,0.10464560878159995,17.344741536009035,0.9999999998969165,0.45993281740254827,1.0229966408701274,307.52217820685524,10.076075257482476,0.023760662508838685,0.037842142159301505
2,adsorption,1612.0,100.04747079652769,10.471443961586694,0.10466475442325845,17.420410654373597,0.9999999999084641,0.46185160932308483,1.0230925804661541,307.53197522498033,10.07639023550322,0.023763617811470527,0.03782697695515625
2,adsorption,1614.0,100.04747180379908,10.473358889456655,0.10468389356200555,17.496049446831854,0.9999999999187196,0.4637697578316779,1.0231884878915838,307.54161131178915,10.076705088224427,0.02376650088110519,0.037811816254439995
2,adsorption,1616.0,100.04747281084559,10.475273165372366,0.10470302618415366,17.571657922402185,0.999999999927827,0.4656872614983532,1.0232843630749178,307.55108833322794,10.07701981543428,0.023769312551985822,0.03779666006910625
2,adsorption,1618.0,100.04747381766813,10.477186788033148,0.10472215227670151,17.647236090125062,0.9999999999359148,0.46760411891341175,1.0233802059456707,307.5604081338062,10.077334416924316,0.023772053649239736,0.03778150840917601
2,adsorption,1620.0,100.04747482426373,10.479099756200302,0.10474127182727141,17.72278395906255,0.9999999999430967,0.4695203286902672,1.0234760164345134,307.5695725368807,10.077648892489922,0.023774724988985745,0.03776636128568826
2,adsorption,1622.0,100.04747583063103,10.481012068564864,0.10476038482278174,17.798301538297736,0.9999999999494745,0.4714358894629296,1.0235717944731464,307.57858334484297,10.077963241929906,0.023777327378402355,0.03775121870862183
2,adsorption,1624.0,100.04747683676858,10.482923723932322,0.1047794912512949,17.873788836934466,0.9999999999551379,0.47335079988776874,1.0236675399943884,307.58744233939075,10.078277465046783,0.023779861615831174,0.037736080688832906
2,adsorption,1626.0,100.04747784267433,10.484834721058554,0.10479859110037798,17.94924586409763,0.9999999999601671,0.4752650586419461,1.0237632529320972,307.5961512817707,10.078591561646528,0.023782328490870457,0.037720947236870084
2,adsorption,1628.0,100.04747884834724,10.486745058743363,0.1048176843580362,18.024672628932507,0.9999999999646327,0.47717866442237183,1.0238589332211185,307.6047119130088,10.078905531538389,0.023784728784462996,0.037705818362287244
2,adsorption,1630.0,100.04747985378562,10.488654735825165,0.10483677101266127,18.100069140604365,0.9999999999685981,0.4790916159472838,1.0239545807973642,307.6131259541385,10.079219374535153,0.023787063268981515,0.03769069407537427
2,adsorption,1632.0,100.04748085898763,10.490563751121414,0.10485585105243567,18.175435408298366,0.9999999999721191,0.4810039119548033,1.0240501955977401,307.62139510642965,10.079533090452912,0.023789332708317294,0.037675574386080685
2,adsorption,1634.0,100.04748186395227,10.49247210349385,0.1048749244659835,18.25077144121909,0.9999999999752457,0.48291555120234303,1.0241457775601173,307.6295210516161,10.079846679110961,0.023791537857967806,0.03766045930373164
2,adsorption,1636.0,100.04748286867772,10.494379791826502,0.10489399124215268,18.326077248590305,0.9999999999780217,0.4848265324674783,1.0242413266233739,307.63750545212076,10.08016014033193,0.02379367946512253,0.03764534883809222
2,adsorption,1638.0,100.0474838731626,10.496286814997589,0.10491305136973246,18.401352839654763,0.9999999999804866,0.48673685454679355,1.0243368427273396,307.6453499512771,10.080473473941613,0.02379575826874924,0.03763024299854964
2,adsorption,1640.0,100.04748487740554,10.49819317192459,0.10493210483790456,18.476598223673808,0.9999999999826753,0.4886465162557236,1.024432325812786,307.6530561735479,10.080786679768924,0.023797774999678584,0.037615141794217606
2,adsorption,1642.0,100.04748588140518,10.500098861536385,0.10495115163596459,18.551813409927174,0.9999999999846184,0.4905555164287318,1.0245277758214368,307.6606257247412,10.081099757645934,0.02379973038068765,0.03760004523434494
2,adsorption,1644.0,100.04748688515986,10.50200388277175,0.10497019175330749,18.626998407712712,0.9999999999863438,0.4924638539185964,1.0246231926959297,307.6680601922252,10.081412707407752,0.02380162512658396,0.03758495332789592
2,adsorption,1646.0,100.0474878886685,10.50390823459566,0.10498922517958938,18.70215322634608,0.9999999999878758,0.4943715275962379,1.024718576379812,307.6753611451395,10.081725528892495,0.023803459944287918,0.03756986608362969
2,adsorption,1648.0,100.04748889192948,10.505811915987922,0.10500825190461519,18.777277875160497,0.9999999999892357,0.4962785363507602,1.0248139268175382,307.6825301346042,10.08203822194129,0.023805235532914353,0.03755478351037108
2,adsorption,1650.0,100.04748989494162,10.507714925938599,0.10502727191829192,18.852372363506525,0.9999999999904434,0.49818487908883247,1.0249092439544416,307.6895686939269,10.082350786398175,0.02380695258385426,0.037539705616669077
2,adsorption,1652.0,100.04749089770367,10.509617263462612,0.10504628521077518,18.92743670075174,0.9999999999915157,0.5000905547346186,1.025004527736731,307.69647833880697,10.082663222110092,0.023808611780854756,0.03752463241095857
2,adsorption,1654.0,100.04749190021408,10.511518927585934,0.10506529177233118,19.002470896280546,0.9999999999924675,0.5019955622296,1.02509977811148,307.7032605675375,10.082975528926843,0.02381021380009894,0.03750956390161975
2,adsorption,1656.0,100.04749290247204,10.513419917350019,0.1050842915933803,19.077474959493877,0.9999999999933128,0.5038999005321938,1.02519499502661,307.70991686119976,10.083287706701048,0.023811759310282444,0.03749450009684064
2,adsorption,1658.0,100.04749390447553,10.5153202318115,0.10510328466449581,19.152448899808796,0.999999999994063,0.5058035686173037,1.0252901784308652,307.71644868387693,10.083599755288043,0.02381324897269933,0.037479441004433976
2,adsorption,1660.0,100.04749490622383,10.517219870050319,0.10512227097648255,19.227392726658294,0.9999999999947294,0.5077065654767466,1.0253853282738377,307.72285748281735,10.083911674545972,0.023814683441304555,0.03746438663242241
2,adsorption,1662.0,100.04749590771539,10.519118831165398,0.10514125052033604,19.302306449491713,0.9999999999953213,0.5096088901197666,1.0254804445059884,307.729144688675,10.084223464335858,0.02381606336281198,0.037449336989744446
2,adsorption,1664.0,100.04749690894892,10.521017114216166,0.10516022328665672,19.377190077774063,0.9999999999958464,0.5115105415691162,1.025575527078456,307.73531171567026,10.084535124520968,0.023817389376759594,0.03743429208281608
2,adsorption,1666.0,100.04749790992422,10.522914718387158,0.10517918926729436,19.452043620985332,0.999999999996313,0.5134115188651495,1.0256705759432576,307.74135996177546,10.084846654967475,0.02381866211558039,0.03741925191954086
2,adsorption,1668.0,100.04749891063804,10.524811642766565,0.10519814845313902,19.526867088620687,0.999999999996727,0.5153118210644099,1.0257655910532204,307.74729080890927,10.085158055544234,0.0238198822046816,0.037404216508196954
2,adsorption,1670.0,100.04749991109144,10.526707886500255,0.10521710083565261,19.601660490190326,0.9999999999970942,0.5172114472371904,1.0258605723618595,307.75310562311137,10.085469326122366,0.023821050262516148,0.037389185855362925
2,adsorption,1672.0,100.04750091128206,10.528603448788148,0.10523604640684102,19.676423835219104,0.9999999999974203,0.5191103964702785,1.025955519823514,307.75880575475185,10.08578046657573,0.023822166900666165,0.03737415996868318
2,adsorption,1674.0,100.047501911209,10.530498328757243,0.10525498515797964,19.75115713324609,0.9999999999977095,0.5210086678644957,1.0260504333932248,307.7643925386707,10.086091476780503,0.02382323272389892,0.037359138854754295
2,adsorption,1676.0,100.04750291087126,10.532392525639848,0.10527391708139662,19.825860393824343,0.9999999999979665,0.5229062605365167,1.0261453130268259,307.76986729437846,10.086402356615475,0.023824248330247582,0.03734412252101783
2,adsorption,1678.0,100.04750391026727,10.534286038616184,0.10529284216890007,19.900533626521288,0.9999999999981944,0.5248031736175226,1.026240158680876,307.7752313262367,10.086713105961845,0.02382521431108548,0.03732911097468855
2,adsorption,1680.0,100.04750490939652,10.53617886690262,0.1053117604126583,19.97517684091814,0.9999999999983968,0.5266994062523133,1.0263349703126157,307.7804859236282,10.087023724703055,0.023826131251195676,0.03731410422211936
2,adsorption,1682.0,100.0475059082576,10.538071009747448,0.1053306718051596,20.049790046609637,0.9999999999985766,0.5285949576007751,1.0264297478800388,307.78563236112603,10.087334212725036,0.02382699972883824,0.037299102270345115
2,adsorption,1684.0,100.0475069068494,10.539962466375032,0.1053495763386529,20.12437325320398,0.9999999999987362,0.5304898268366173,1.0265244913418308,307.7906718986635,10.087644569916009,0.02382782031582053,0.03728410512608433
2,adsorption,1686.0,100.04750790517106,10.541853236048453,0.10536847400577368,20.19892647032249,0.9999999999988777,0.5323840131470471,1.0266192006573525,307.7956057817024,10.087954796166427,0.02382859357756597,0.037269112795618696
2,adsorption,1688.0,100.0475089032214,10.543743318042802,0.10538736479927796,20.27344970759945,0.9999999999990036,0.5342775157334035,1.0267138757866703,307.8004352414001,10.088264891369064,0.023829320073181972,0.03725412528555312
2,adsorption,1690.0,100.04750990099937,10.545632711629843,0.10540624871188826,20.34794297468195,0.9999999999991152,0.5361703338103391,1.026808516690517,307.8051614947733,10.088574855418901,0.02383000035552754,0.03723914260222692
2,adsorption,1692.0,100.04751089850406,10.547521416108923,0.10542512573660275,20.422406281229634,0.9999999999992143,0.5380624666057036,1.0269031233302852,307.8097857448603,10.088884688213092,0.023830634971279942,0.03722416475177589
2,adsorption,1694.0,100.0475118957344,10.549409430787689,0.10544399586650265,20.49683963691454,0.9999999999993023,0.539953913360693,1.0269976956680347,307.8143091808809,10.089194389651,0.02383122446100033,0.037209191740435264
2,adsorption,1696.0,100.04751289268943,10.551296754980509,0.10546285909473624,20.57124305142091,0.9999999999993804,0.5418446733293665,1.0270922336664685,307.81873297839593,10.089503959634103,0.023831769359199763,0.03719422357425551
2,adsorption,1698.0,100.04751388936819,10.553183388019864,0.10548171541463287,20.645616534444986,0.9999999999994496,0.543734745778494,1.0271867372889247,307.8230582994632,10.089813398065973,0.02383227019440367,0.03717926025912282
2,adsorption,1700.0,100.0475148857696,10.555069329249141,0.10550056481963108,20.719960095694816,0.9999999999995112,0.545624129987602,1.0272812064993802,307.82728629279285,10.090122704852293,0.023832727489216086,0.03716430180096017
2,adsorption,1702.0,100.04751588189289,10.55695457801936,0.10551940730324531,20.7942737448901,0.9999999999995658,0.5475128252485995,1.02737564126243,307.8314180939007,10.090431879900784,0.023833141760383324,0.0371493482055369
2,adsorption,1704.0,100.04751687773705,10.558839133697422,0.10553824285914899,20.868557491761983,0.9999999999996143,0.5494008308656507,1.0274700415432825,307.8354548252592,10.090740923121185,0.023833513518856715,0.03713439947850536
2,adsorption,1706.0,100.04751787330115,10.560722995659853,0.10555707148111176,20.94281134605289,0.9999999999996574,0.5512881461550904,1.0275644073077546,307.8393975964476,10.091049834425244,0.02383384326985508,0.03711945562547388
2,adsorption,1708.0,100.04751886858429,10.562606163293541,0.10557589316300661,21.017035317516335,0.9999999999996956,0.5531747704451986,1.02765873852226,307.84324750429954,10.091358613726674,0.02383413151292634,0.03710451665194881
2,adsorption,1710.0,100.04751986358548,10.564488635997899,0.10559470789883198,21.09122941591675,0.9999999999997295,0.5550607030760552,1.0277530351538027,307.8470056330497,10.091667260941128,0.023834378742008708,0.037089582563346955
2,adsorption,1712.0,100.04752085830403,10.56637041318194,0.10561351568268194,21.165393651029337,0.9999999999997595,0.5569459433993771,1.0278472971699688,307.85067305447825,10.091975775986183,0.02383458544549116,0.03707465336498961
2,adsorption,1714.0,100.04752185273888,10.568251494267,0.10563231650877403,21.239528032639868,0.9999999999997863,0.5588304907784242,1.0279415245389214,307.8542508280536,10.09228415878131,0.023834752106273237,0.03705972906216008
2,adsorption,1716.0,100.04752284688928,10.570131878682048,0.10565111037140186,21.313632570544534,0.9999999999998099,0.5607143445877129,1.0280357172293857,307.8577400010741,10.092592409247835,0.023834879201824574,0.037044809659978424
2,adsorption,1718.0,100.0475238407543,10.572011565870786,0.10566989726500643,21.38770727454976,0.9999999999998311,0.5625975042130227,1.0281298752106511,307.8611416088074,10.092900527308936,0.023834967204243378,0.037029895163548626
2,adsorption,1720.0,100.04752483433316,10.573890555283254,0.1056886771840919,21.461752154472066,0.9999999999998498,0.5644799690511716,1.0282239984525585,307.8644566746286,10.093208512889607,0.023835016580314766,0.037014985577886385
2,adsorption,1722.0,100.047525827625,10.575768846381592,0.10570745012328354,21.5357672201379,0.9999999999998664,0.5663617385098411,1.028318086925492,307.86768621015705,10.09351636591663,0.023835027791568205,0.03700008090789279
2,adsorption,1724.0,100.04752682062906,10.577646438638189,0.10572621607730893,21.609752481383463,0.9999999999998812,0.5682428120074928,1.0284121406003746,307.8708312153907,10.093824086318559,0.02383500129433456,0.03698518115841142
2,adsorption,1726.0,100.04752781334447,10.579523331534634,0.1057449750409877,21.683707948054575,0.9999999999998942,0.5701231889732241,1.0285061594486613,307.87389267884,10.094131674025693,0.023834937539802443,0.03697028633422538
2,adsorption,1728.0,100.04752880577055,10.581399524561878,0.10576372700923287,21.7576336300065,0.9999999999999059,0.5720028688465629,1.0286001434423282,307.87687157765964,10.094439128970048,0.023834836974074326,0.03695539643999768
2,adsorption,1730.0,100.04752979790626,10.583275017222464,0.10578247197707369,21.83152953710379,0.9999999999999162,0.5738818510774214,1.028694092553871,307.87976887777876,10.094746451085348,0.023834700038221406,0.036940511480355875
2,adsorption,1732.0,100.04753078975112,10.585149809025753,0.105801209939607,21.90539567922017,0.9999999999999254,0.5757601351258866,1.0287880067562942,307.8825855340298,10.095053640306979,0.023834527168338674,0.036925631459824276
2,adsorption,1734.0,100.04753178130419,10.587023899493419,0.10581994089205317,21.979232066238342,0.9999999999999334,0.5776377204621548,1.0288818860231077,307.885322490276,10.095360696572003,0.023834318795598965,0.03691075638288791
2,adsorption,1736.0,100.04753277256476,10.588897288153143,0.10583866482969234,22.053038708049865,0.9999999999999407,0.5795146065662988,1.028975730328315,307.8879806795373,10.095667619819086,0.02383407534630671,0.03689588625389956
2,adsorption,1738.0,100.04753376353206,10.590769974545783,0.10585738174793652,22.126815614555003,0.9999999999999472,0.5813907929282758,1.0290695396464138,307.8905610241146,10.095974409988527,0.023833797241950817,0.03688102107720752
2,adsorption,1740.0,100.04753475420553,10.592641958216975,0.10587609164224517,22.200562795662588,0.9999999999999529,0.5832662790476808,1.0291633139523841,307.8930644357132,10.096281067022204,0.02383348489925753,0.036866160857046845
2,adsorption,1742.0,100.04753574458427,10.594513238724799,0.10589479450820255,22.274280261289867,0.999999999999958,0.5851410644336809,1.029257053221684,307.89549181556396,10.09658759086356,0.023833138730242197,0.03685130559759603
2,adsorption,1744.0,100.04753673466753,10.596383815633807,0.10591349034145733,22.347968021362377,0.9999999999999625,0.587015148604861,1.029350757430243,307.8978440545438,10.096893981457592,0.023832759142260868,0.03683645530295005
2,adsorption,1746.0,100.0475377244548,10.598253688518703,0.10593217913775957,22.421626085813777,0.9999999999999664,0.5888885310891309,1.0294444265544564,307.90012203329445,10.097200238750816,0.023832346538061273,0.03682160997714839
2,adsorption,1748.0,100.04753871394527,10.60012285696234,0.10595086089294095,22.495254464585756,0.99999999999997,0.5907612114236126,1.0295380605711806,307.9023266223401,10.097506362691265,0.02383190131583331,0.036806769624184145
2,adsorption,1750.0,100.04753970313821,10.601991320554752,0.10596953560290494,22.568853167627857,0.9999999999999731,0.592633189154428,1.0296316594577215,307.90445868220337,10.097812353228441,0.023831423869258846,0.03679193424791748
2,adsorption,1752.0,100.04754069203311,10.60385907889742,0.10598820326366919,22.64242220489736,0.9999999999999759,0.5945044638367207,1.0297252231918361,307.90651906352,10.098118210313325,0.02383091458756131,0.036777103852206804
2,adsorption,1754.0,100.04754168062904,10.605726131597034,0.10600686387130379,22.715961586359164,0.9999999999999784,0.5963750350344796,1.0298187517517239,307.9085086071528,10.098423933898353,0.023830373855554424,0.03676227844085205
2,adsorption,1756.0,100.04754266892564,10.607592478268689,0.10602551742196226,22.78947132198565,0.9999999999999807,0.5982449023203151,1.0299122451160159,307.91042814430324,10.09872952393736,0.02382980205369089,0.036747458017494954
2,adsorption,1758.0,100.04754365692207,10.609458118539454,0.10604416391191837,22.862951421756527,0.9999999999999826,0.6001140652755821,1.030005703263779,307.9122784966229,10.099034980385627,0.023829199558109984,0.036732642585838256
2,adsorption,1760.0,100.04754464461779,10.611323052037744,0.10606280333745897,22.936401895658754,0.9999999999999843,0.6019825234900462,1.0300991261745023,307.9140604763226,10.099340303199796,0.023828566740685158,0.03671783214943985
2,adsorption,1762.0,100.04754563201216,10.613187278405844,0.10608143569500968,23.00982275368637,0.999999999999986,0.6038502765618746,1.0301925138280936,307.91577488628127,10.09964549233789,0.02382790396907104,0.036703026711806606
2,adsorption,1764.0,100.04754661910454,10.615050797290772,0.10610006098104341,23.083214005840397,0.9999999999999875,0.605717324097551,1.0302858662048775,307.91742252015257,10.099950547759299,0.023827211606749655,0.03668822627641694
2,adsorption,1766.0,100.04754760589431,10.616913608347092,0.1061186791921084,23.156575662128716,0.9999999999999887,0.6075836657116985,1.0303791832855849,307.91900416247125,10.10025546942473,0.023826490013076625,0.03667343084665613
2,adsorption,1768.0,100.04754859238098,10.618775711238529,0.10613729032484451,23.229907732565934,0.9999999999999898,0.6094493010270249,1.0304724650513513,307.9205205887545,10.100560257296218,0.023825739543325175,0.0366586404258613
2,adsorption,1770.0,100.04754957856373,10.620637105632058,0.10615589437592429,23.30321022717316,0.9999999999999907,0.6113142296740147,1.0305657114837008,307.9219725656145,10.10086491133707,0.02382496054873531,0.03664385501714227
2,adsorption,1772.0,100.04755056444223,10.622497791210247,0.10617449134217558,23.37648315597791,0.9999999999999918,0.6131784512912187,1.030658922564561,307.9233608508435,10.101169431511906,0.023824153376550354,0.03662907462373345
2,adsorption,1774.0,100.04755155001565,10.624357767664893,0.1061930812205192,23.44972652901445,0.9999999999999929,0.615041965525727,1.0307520982762863,307.92468619354025,10.101473817786742,0.02382331837007209,0.036614299249532876
2,adsorption,1776.0,100.04755253528342,10.626217034656799,0.10621166400756568,23.522940356323385,0.9999999999999937,0.616904772030524,1.030845238601526,307.9259493341942,10.101778070128558,0.023822455868699004,0.036599528896738495
2,adsorption,1778.0,100.0475535202457,10.628075591931754,0.1062302397007744,23.596124647951232,0.9999999999999944,0.6187668704674667,1.0309383435233734,307.9271510047823,10.10208218850578,0.02382156620796644,0.03658476356870854
2,adsorption,1780.0,100.04755450490042,10.629933439160647,0.10624880829685827,23.66927941395058,0.999999999999995,0.6206282605059324,1.0310314130252967,307.92829192887154,10.102386172888057,0.02382064971959231,0.036570003268794796
2,adsorption,1782.0,100.04755548924875,10.631790576059966,0.10626736979298283,23.74240466438004,0.9999999999999954,0.6224889418217521,1.0311244470910876,307.92937282170993,10.102690023246094,0.02381970673151757,0.03655524799943684
2,adsorption,1784.0,100.04755647328892,10.633647002375554,0.10628592418660987,23.815500409304086,0.999999999999996,0.6243489140990425,1.031217445704952,307.9303943903365,10.102993739551948,0.023818737567953312,0.03654049776396169
2,adsorption,1786.0,100.04755745702103,10.63550271779162,0.10630447147458326,23.88856665879272,0.9999999999999962,0.6262081770278976,1.031310408851395,307.9313573336544,10.103297321778646,0.023817742549414017,0.03652575256451891
2,adsorption,1788.0,100.0475584404444,10.637357722084502,0.10632301165466854,23.96160342292138,0.9999999999999966,0.6280667303067251,1.0314033365153363,307.93226234253564,10.103600769900568,0.023816721992762056,0.0365110124043429
2,adsorption,1790.0,100.0475594235584,10.639212014965421,0.1063415447239804,24.03461071177131,0.9999999999999968,0.6299245736406236,1.0314962286820313,307.93311009991646,10.10390408389319,0.023815676211250626,0.03649627728632163
2,adsorption,1792.0,100.04756040636263,10.64106559618562,0.1063600706800332,24.107588535429116,0.9999999999999969,0.6317817067409737,1.0315890853370486,307.9339012808859,10.104207263733004,0.023814605514563023,0.036481547212708174
2,adsorption,1794.0,100.04756138885675,10.642918465511535,0.10637858952049319,24.180536903986674,0.999999999999997,0.6336381293267547,1.0316819064663378,307.9346365527748,10.104510309397744,0.023813510208850707,0.03646682218642252
2,adsorption,1796.0,100.04756237103985,10.644770622684977,0.10639710124278105,24.25345582754116,0.9999999999999972,0.6354938411234224,1.0317746920561712,307.93531657524437,10.104813220866193,0.023812390596773123,0.03645210221008983
2,adsorption,1798.0,100.04756335291188,10.646622067477052,0.10641560584460938,24.326345316194768,0.9999999999999973,0.6373488418627494,1.0318674420931375,307.9359420003749,10.10511599811816,0.023811246977536907,0.036437387285975766
2,adsorption,1800.0,100.04756433447207,10.648472799662583,0.10643410332372857,24.399205380054664,0.9999999999999976,0.6392031312835036,1.0319601565641752,307.9365134727447,10.105418641134596,0.023810079646930028,0.036422677416689184
2,evacuation,1800.0,100.04756433447207,10.648472799662583,0.10643410332372857,24.399205380054664,0.9999999999999976,0.6392031312835036,1.0319601565641752,307.9365134727447,10.105418641134596,0.023810079646930028,0.036422677416689184
2,evacuation,1802.0,5.007637904052458,3.3026624046356052,0.6595250031882113,24.331708103889646,0.9575518770132051,0.523335686369906,1.0261667843184954,307.6856948347089,10.08647270616333,0.023785742791150533,-0.07756730178437156
2,evacuation,1804.0,5.013073691492726,3.9757090782859406,0.7930681499920476,24.09517824562711,0.8796209642416951,0.4284710206160786,1.0214235510308038,307.1864098884904,10.070907855967839,0.023633021527782027,-0.15573373323181428
2,evacuation,1806.0,5.016906927283972,4.256057256282506,0.8483428769898724,23.721639427955598,0.8016169531200615,0.3508024013954828,1.0175401200697742,306.47454252124965,10.058128519712524,0.02337210013634642,-0.2147693675465554
2,evacuation,1808.0,5.019544773264712,4.41433623841468,0.8794295972667648,23.247217919797105,0.7285896659371645,0.28721271439169405,1.0143606357195847,305.6116113119488,10.047641454472855,0.023034841908139488,-0.2571392027795516
2,evacuation,1810.0,5.02125988758037,4.516823897524482,0.8995399558378637,22.70208959170887,0.6618361169457786,0.2351498821060487,1.0117574941053025,304.6477175270059,10.039039043997597,0.022647364887282927,-0.2859881927524188
2,evacuation,1812.0,5.0222682633524744,4.588756070206901,0.9136819917986231,22.11034621649497,0.6014943514069636,0.19252444051141906,1.009626222025571,303.6223201710808,10.03198499369665,0.02223015923971815,-0.30420065177324523
2,evacuation,1814.0,5.022743179077043,4.642024645969171,0.9242010750830721,21.49073376390886,0.547252224994901,0.1576256821792399,1.007881284108962,302.56576482056994,10.026202231372572,0.02179878320410662,-0.31422787358374127
2,evacuation,1816.0,5.022822166628283,4.683027281609918,0.9323498077881458,20.85754562258993,0.4986213612533179,0.12905299619358968,1.0064526498096795,301.5009027152083,10.021462734844276,0.021364712001432643,-0.31807512568276336
2,evacuation,1818.0,5.022612902435775,4.715534750953946,0.93886087631143,20.22147840339548,0.4550602488871669,0.10565966255370686,1.0052829831276853,300.4445839404731,10.017579023444735,0.02093616567056944,-0.3173429588061561
2,evacuation,1820.0,5.0221986180439755,4.741922450775911,0.9441925362606974,19.59038352115282,0.4160329067999901,0.08650682089519653,1.00432534104476,299.4089462154254,10.014397065984438,0.02051883999258547,-0.3132864302265582
2,evacuation,1822.0,5.021642914706701,4.763764421973357,0.9486465889523714,18.96989645059067,0.3810363062522953,0.07082580531399639,1.0035412902656997,298.4024827154854,10.011790394082992,0.0201165153515925,-0.3068761775455993
2,evacuation,1824.0,5.0209938826001315,4.7821453297934315,0.9524300251321932,18.363948829563057,0.34961198071047617,0.057987273584384,1.0028993636792192,297.43090467356643,10.009655220269249,0.019731545765199678,-0.29885430971552973
2,evacuation,1826.0,5.0202875079111555,4.79783662108175,0.9556896121031195,17.775175786130795,0.3213491549825695,0.04747597354610853,1.0023737986773056,296.4978232418151,10.007906409479132,0.019365240660808598,-0.2897823422431663
2,evacuation,1828.0,5.019550427902739,4.8114011038623685,0.9585322775355922,17.20523636010667,0.29588365346384177,0.03887004753632563,1.0019435023768164,295.60528298044954,10.006474148891128,0.01901815803421372,-0.28008087523377345
2,evacuation,1830.0,5.018802116658407,4.8232581375277865,0.9610377188449867,16.655062035996156,0.2728946502043572,0.03182411009225189,1.0015912055046126,294.7541734445598,10.00530120757194,0.018690325613300203,-0.27006156332187364
2,evacuation,1832.0,5.018056598348578,4.833725872880486,0.9632665112767452,16.1250483098911,0.25210055914171536,0.02605538318468924,1.0013027691592344,293.9445447590793,10.004340679441697,0.018381405960842152,-0.2599524751521916
2,evacuation,1834.0,5.017323775924412,4.843049421551983,0.9652654757485088,15.615201175452771,0.2332547064760365,0.02133234769123229,1.0010666173845617,293.17584758139037,10.003554127949673,0.01809081828234437,-0.24991795610472736
2,evacuation,1836.0,5.016610455163615,4.8514201241894135,0.9670713258582453,15.125248467618256,0.216141148767876,0.017465452783260817,1.0008732726391631,292.44711439479556,10.002910061869056,0.017817827364701968,-0.2400740523159541
2,evacuation,1838.0,5.015921129111653,4.858989132531257,0.9687132248412786,14.654724076682962,0.20057080822708775,0.014299506346206116,1.0007149753173104,291.7570957079766,10.002382683294643,0.01756160785110032,-0.23050041446739059
2,evacuation,1840.0,5.015258575867986,4.865877176679981,0.9702146166686626,14.203031174825014,0.18637799653301348,0.011707448014281486,1.000585372400714,291.10436151939575,10.001950860725207,0.017321290054458354,-0.22124943263106822
2,evacuation,1842.0,5.014624312855639,4.872181580691279,0.9715945356466306,13.769489439166218,0.17341734076042,0.009585249682688759,1.0004792624841345,290.4873764141699,10.00159728646779,0.01709599215314705,-0.21235322300929882
2,evacuation,1844.0,5.014018940789447,4.877981507182211,0.9728685840213804,13.353370034584163,0.1615610938262631,0.007847740420042219,1.000392387021002,289.904554585748,10.001307785698872,0.016884842353942452,-0.20382895164371306
2,evacuation,1846.0,5.013442403103801,4.883341915649426,0.9740496694698576,12.953921288866518,0.15069679871827157,0.006425187839067739,1.0003212593919535,289.3542996681494,10.0010707499852,0.01668699372682575,-0.1956828784052289
2,evacuation,1848.0,5.012894180847609,4.888316518531271,0.9751485553410838,12.570387294451997,0.14072526886162764,0.005260500044681047,1.000263025002234,288.8350330867078,10.000876673149618,0.01650163371351641,-0.18791341808657724
2,evacuation,1850.0,5.012373438613452,4.892950063987368,0.9761742862760204,12.202021182487286,0.13155884630330872,0.0043069341009233635,1.000215346705046,288.34521381368415,10.000717770829423,0.016327989815661813,-0.18051345036614908
2,evacuation,1852.0,5.011879133151425,4.897280109699948,0.9771345197266521,11.848094372764086,0.12311990193963568,0.003526220245702181,1.0001763110122852,287.88335167600997,10.00058766883814,0.016165332554997913,-0.1734720549666518
2,evacuation,1854.0,5.0114100937253285,4.901338398839578,0.9780357837759938,11.507902815524346,0.11533954437880276,0.0028870256762810525,1.000144351283814,287.4480158817925,10.000481147795353,0.016012976522149343,-0.16677580916207016
2,evacuation,1856.0,5.010965081037375,4.905151941932129,0.9788836806096162,11.180770982658132,0.10815650867034647,0.002363697272976193,1.000118184863649,287.03784000342773,10.000393934026889,0.01587028010196805,-0.16040975122436885
2,evacuation,1858.0,5.010542829987893,4.908743876601034,0.9796830489547764,10.866054198422397,0.10151619890720975,0.0019352321455482864,1.0000967616072773,286.6515243769734,10.000322528288363,0.01573664431251718,-0.15435809038211473
2,evacuation,1860.0,5.010142080263946,4.912134152810721,0.9804380941931168,10.563139753494275,0.09536986231631729,0.0015844345030433169,1.0000792217251522,286.28783663574853,10.000264065444057,0.01561151107185076,-0.1486047246178901
2,evacuation,1862.0,5.009761597751335,4.915340076368509,0.9811524920816176,10.271447133772815,0.08967387612749045,0.0012972256161961468,1.0000648612808098,285.9456109116795,10.000216199595107,0.015494361115676909,-0.14313361263764987
2,evacuation,1864.0,5.00940018910636,4.918376753553871,0.9818294741653039,9.990427620735648,0.08438913073293432,0.0010620788543007256,1.000053103942715,285.6237461150731,10.000177010009109,0.015384711728708941,-0.13792903598297115
2,evacuation,1866.0,5.009056711242076,4.921257452640664,0.9824718976719988,9.719563455022056,0.07948049501617366,0.0008695569019815416,1.000043477845099,285.3212035968226,10.000144924050023,0.015282114403244777,-0.1329757787352367
2,evacuation,1868.0,5.008730077020664,4.923993876532275,0.9830822984697963,9.458366703834898,0.07491635245323727,0.0007119332198956079,1.0000355966609948,285.0370044147294,10.000118654128762,0.015186152501633469,-0.12825924526409907
2,evacuation,1870.0,5.008419258211971,4.926596441850366,0.9836629459030519,9.206377942351809,0.07066819748898827,0.0005828818667988444,1.00002914409334,284.7702263752968,10.00009714603406,0.015096438977472183,-0.12376553211925992
2,evacuation,1872.0,5.008123286431241,4.929074401159599,0.9842158667527589,8.963164826350715,0.06671028373895231,0.0004772235035145666,1.0000238611751757,284.52000096966316,10.000079536617974,0.01501261418869478,-0.11948146646802496
2,evacuation,1874.0,5.007841252680712,4.931436119472863,0.9847429003131942,8.728320614002598,0.06301931691115796,0.00039071773024461695,1.0000195358865123,284.2855102918626,10.000065119197656,0.014934343823525525,-0.11539461913715274
2,evacuation,1876.0,5.007572305840616,4.933689052349733,0.9852456941251335,8.5014626799615,0.059574186410906886,0.00031989280630522946,1.0000159946403153,284.06598400301175,10.000053315183465,0.014861316951549386,-0.1114933009821887
2,evacuation,1878.0,5.007315650587623,4.9358400165091005,0.985725758257294,8.282231050737975,0.05635572906618459,0.0002619062241410398,1.000013095311207,283.8606963827591,10.000043650846816,0.014793244203955112,-0.1077665458774141
2,evacuation,1880.0,5.007070544780672,4.937895181998699,0.9861844641166317,8.070286982016285,0.05334652296560065,0.00021443080121082416,1.0000107215400604,283.668963497809,10.000035738339145,0.01472985608333979,-0.10420408586043377
2,evacuation,1882.0,5.006836296661245,4.939860168817068,0.986623064171513,7.865311592689619,0.050530705079708214,0.00017556124296874226,1.0000087780621485,283.49014050558236,10.000029260121545,0.014670901400312674,-0.1007963205397491
2,evacuation,1884.0,5.006612261925107,4.9417401420988325,0.9870427114319154,7.667004562623105,0.04789381043747442,0.00014373752017477292,1.0000071868760088,283.3236191005229,10.000023956195973,0.014616145830924236,-0.09753428320487727
2,evacuation,1886.0,5.006397840742815,4.943539832009656,0.9874444639174278,7.475082900926849,0.04542263050821772,0.0001176824227214752,1.0000058841211361,283.16882511134014,10.00001961369865,0.01456537058967857,-0.09440960526910316
2,evacuation,1888.0,5.0061924748484845,4.945263611048513,0.9878293005900027,7.2892797863433625,0.04310508763728674,9.635031947115672e-05,1.0000048175159735,283.0252162475069,10.000016058360792,0.014518371210690014,-0.0914144800902585
2,evacuation,1890.0,5.005995644698702,4.946915511650492,0.9881981253597826,7.109343478786233,0.04093012352452997,7.888510040876266e-05,1.0000039442550206,282.8922799903003,10.000013147499448,0.014474956428981004,-0.08854162731903154
2,evacuation,1892.0,5.005806866746183,4.9484992771249425,0.9885517777359855,6.935036300693162,0.038887600167736125,6.458574336689081e-05,1.0000032292871683,282.7695316237132,10.000010764278974,0.014434947154527205,-0.08578425802342567
2,evacuation,1894.0,5.005625690868682,4.9500183825069985,0.9888910374455041,6.766133690138081,0.03696821213678537,5.287841156394527e-05,1.0000026439205785,282.6565124071877,10.000008813060827,0.014398175534328364,-0.08313604109202812
2,evacuation,1896.0,5.005451697913906,4.9514760649082685,0.9892166309330018,6.6024233162539785,0.03516340786674666,4.329327080356372e-05,1.0000021646635402,282.552787870255,10.000007215539927,0.014364484091666909,-0.08059107132536247
2,evacuation,1898.0,5.005284497431002,4.952875346527497,0.989529236364006,6.443704257998347,0.03346531954320052,3.544563936883046e-05,1.0000017722819685,282.45794623048863,10.00000590760307,0.014333724938603647,-0.07814383919163968
2,evacuation,1900.0,5.005123725514472,4.954219049393988,0.9898294869593356,6.289786240305972,0.03186670026599383,2.9020503082957332e-05,1.0000014510251543,282.37159692250026,10.000004836748175,0.014305759054115026,-0.0757892023986532
2,evacuation,1902.0,5.00496904284244,4.955509823413427,0.9901179769533752,6.1404889294565725,0.030360868213394024,2.3760040463261573e-05,1.0000011880020232,282.293369240906,10.000003960005175,0.014280455625395393,-0.07352235918450675
2,evacuation,1904.0,5.004820132806166,4.95675014712155,0.9903952620855402,5.995641275244615,0.02894165597257505,1.9453148576011308e-05,1.0000009726574288,282.2229110729597,10.000003242190378,0.014257691441759273,-0.07133882354499425
2,evacuation,1906.0,5.00467669980993,4.957942355227379,0.9906618654139386,5.855080902931852,0.02760336525519937,1.592697227729743e-05,1.000000796348614,282.15988772648205,10.000002654494674,0.0142373503401804,-0.06923440207209966
2,evacuation,1908.0,5.004538467714353,4.9590886457791825,0.9909182790324463,5.718653549638626,0.026340726065085963,1.3039976094900751e-05,1.0000006519988047,282.10398084259106,10.000002173328877,0.014219322696823184,-0.06720517250085374
2,evacuation,1910.0,5.004405178345608,4.960191080441622,0.9911649644007038,5.58621254236083,0.025148860003829567,1.0676283978212077e-05,1.0000005338141988,282.0548873877404,10.000001779380344,0.014203504960748117,-0.06524746384830775
2,evacuation,1912.0,5.004276590171009,4.961251617140051,0.9914023591111122,5.457618314857301,0.024023247167410288,8.741046775523841e-06,1.0000004370523388,282.01231871964177,10.000001456840916,0.014189799226234198,-0.0633578379553822
2,evacuation,1914.0,5.004152477061939,4.962272101306791,0.9916308753685826,5.332737959618756,0.022959696096421345,7.156624286029501e-06,1.0000003578312144,281.97599971979605,10.00000119277057,0.014178112839779334,-0.061533072548005545
2,evacuation,1916.0,5.004032627131212,4.963254262754601,0.9918508995813662,5.211444809916585,0.02195431651498164,5.859421007830249e-06,1.0000002929710505,281.9456679832355,10.000000976570071,0.014168358037334548,-0.05977014555708577
2,evacuation,1918.0,5.003916841719791,4.964199759672442,0.9920628013406997,5.0936180541801015,0.021003494759669335,4.797349755742692e-06,1.0000002398674879,281.9210730696372,10.000000799558228,0.014160451611799822,-0.058066220514653155
2,evacuation,1920.0,5.003804934403148,4.965110168680462,0.9922669316190476,4.9791423797835686,0.020103871430415615,3.927780127543341e-06,1.0000001963890064,281.90197581015127,10.000000654629979,0.01415431460785422,-0.05641863323633492
2,evacuation,1922.0,5.003696730101367,4.965986945531898,0.9924636150823024,4.867907641290508,0.019252321241757922,3.2158271038137953e-06,1.0000001607913551,281.88814766073295,10.000000535971154,0.014149872040189963,-0.054824879623078734
2,evacuation,1924.0,5.003592064274047,4.966831503295298,0.9926531658643355,4.759808551225446,0.018445934600264866,2.6329282460054845e-06,1.0000001316464122,281.879370098233,10.000000438821354,0.014147052633054736,-0.053282604079319264
2,evacuation,1926.0,5.003490782159212,4.967645189141531,0.9928358830707763,4.654744393551363,0.017682000610998182,2.1556940318895273e-06,1.0000001077847016,281.8754340594929,10.000000359282325,0.014145788580374255,-0.05178958910358934
2,evacuation,1928.0,5.003392738074456,4.9684292643999415,0.99301204692399,4.552618756486158,0.01695799166686553,1.7649651071421548e-06,1.0000000882482554,281.87613941726227,10.000000294160841,0.014146015323776441,-0.050343745668990435
2,evacuation,1930.0,5.003297794780923,4.969184932724641,0.993181924511496,4.453339285245839,0.01627154958917665,1.445055704408211e-06,1.0000000722527853,281.88129449404454,10.000000240842612,0.014147671348239976,-0.04894310422774696
2,evacuation,1932.0,5.003205822896171,4.969913347073257,0.9933457712911676,4.356817451939213,0.015620472895476507,1.1831294788797087e-06,1.000000059156474,281.89071560853483,10.000000197188243,0.014150697993107624,-0.04758580646601306
2,evacuation,1934.0,5.003116700346469,4.970615600816575,0.9935038294174421,4.262968340699326,0.01500270504600543,9.686794653035672e-07,1.0000000484339733,281.9042266510456,10.000000161446573,0.014155039276812038,-0.04627009773036732
2,evacuation,1936.0,5.003030311865644,4.9712927336334785,0.9936563290138591,4.1717104471868796,0.014416323688572907,7.931012225222312e-07,1.0000000396550612,281.9216586863493,10.000000132183533,0.01416064173436209,-0.04499431998851604
2,evacuation,1938.0,5.0029465485334805,4.9719457400410665,0.9938034899650285,4.08296549182822,0.013859530832836633,6.493478281653088e-07,1.0000000324673914,281.942849582744,10.000000108224635,0.014167454266807619,-0.04375690531599314
2,evacuation,1940.0,5.002865307347087,4.972575568543869,0.9939455218275144,3.9966582457775006,0.013330643842892826,5.316498811446783e-07,1.000000026582494,281.9676436654239,10.00000008860831,0.014175428001714644,-0.04255636990126247
2,evacuation,1942.0,5.002786490825361,4.9731831224664536,0.9940826240709656,3.9127163684182746,0.012828087164401645,4.3528492783252406e-07,1.0000000217642464,281.9958913919238,10.000000072547486,0.014184516163619605,-0.041391308496497206
2,evacuation,1944.0,5.002710006644516,4.973769265281334,0.9942149872119825,3.831070255437951,0.012350384707643196,3.563868559321539e-07,1.000000017819343,282.0274490478145,10.00000005939781,0.01419467395359398,-0.04026038926802505
2,evacuation,1946.0,5.002635767299976,4.974334822669572,0.9943427932900103,3.7516528967608496,0.0118961528264978,2.9178981353485393e-07,1.0000000145894907,282.06217846130875,10.000000048631636,0.01420585843723321,-0.03916234903510522
2,evacuation,1948.0,5.002563689792978,4.974880582733308,0.994466215969193,3.6743997436897526,0.011464093859547086,2.389013805332058e-07,1.000000011945069,282.0999467355599,10.000000039816895,0.014218028440450543,-0.03809598886317733
2,evacuation,1950.0,5.002493695341023,4.975407298939726,0.9945854211817351,3.5992485845813387,0.011052990185631911,1.9559912934384672e-07,1.0000000097799564,282.14062599738287,10.000000032599853,0.01423114445246317,-0.03706016997091137
2,evacuation,1952.0,5.002425709109602,4.975915692832456,0.9947005677208017,3.5261394283994276,0.010661698732917769,1.601455858338377e-07,1.0000000080072793,282.1840931611524,10.00000002669093,0.014245168535387393,-0.0360538099336354
2,evacuation,1954.0,5.0023596599626865,4.976406454521748,0.9948118073858904,3.4550143955599397,0.010289145903198767,1.3111825040073995e-07,1.0000000065559125,282.2302297067747,10.00000002185304,0.014260064239922146,-0.03507587916501958
2,evacuation,1956.0,5.002295480231541,4.976880244149105,0.9949192853195351,3.385817615556215,0.009934322885816308,1.0735234537763643e-07,1.0000000053676172,282.27892147077233,10.000000017892056,0.01427579652666352,-0.03412539764639544
2,evacuation,1958.0,5.002233105500338,4.977337694454645,0.9950231405612988,3.318495130900254,0.009596281324005269,8.789414446608357e-08,1.0000000043947073,282.3300584496026,10.000000014649023,0.014292331692633156,-0.03320143188385777
2,evacuation,1960.0,5.00217247440657,4.977779411755537,0.9951235062813528,3.2529948069359507,0.009274129300218086,7.196282161926487e-08,1.0000000035981411,282.3835346143679,10.000000011993803,0.014309637302629115,-0.03230309208293304
2,evacuation,1962.0,5.002113528455387,4.978205976501115,0.9952205099267999,3.1892662471036344,0.008967027620164708,5.891913068075323e-08,1.0000000029459566,282.4392477361254,10.000000009819855,0.014327682125035374,-0.03142952952094508
2,evacuation,1964.0,5.002056211847281,4.978617945275899,0.9953142736549283,3.1272607132754326,0.008674186370066218,4.823969606140517e-08,1.0000000024119848,282.4970992210742,10.000000008039947,0.01434643607175918,-0.03057993409656636
2,evacuation,1966.0,5.002000471317604,4.9790158523125525,0.9954049146662721,3.066931050817947,0.008394861718693714,3.949598152767735e-08,1.000000001974799,282.55699395496663,10.000000006582663,0.014365870141997167,-0.029753532048284514
2,evacuation,1968.0,5.001946255986681,4.979400209655062,0.9954925452658284,3.0082316180603605,0.008128352949286004,3.233711334349287e-08,1.0000000016168558,282.6188401561345,10.000000005389518,0.014385956369553522,-0.02894958383158729
2,evacuation,1970.0,5.001893517220473,4.97977150828967,0.995577273115743,2.951118219867522,0.007873999707456928,2.647582426443205e-08,1.0000000013237913,282.68254923656247,10.000000004412636,0.014406667773454616,-0.02816738213658357
2,evacuation,1972.0,5.001842208500825,4.980130220044892,0.9956592016399414,2.8955480450436624,0.0076311794405339636,2.1676925807925345e-08,1.0000000010838463,282.7480356704816,10.00000000361282,0.014427978311624902,-0.027406250035968364
2,evacuation,1974.0,5.001792285304029,4.980476797957438,0.9957384301204952,2.841479607311199,0.007399305012152865,1.7747858187299478e-08,1.0000000008873928,282.81521686999787,10.000000002957975,0.014449862837407424,-0.026665539260151576
2,evacuation,1976.0,5.001743704987389,4.98081167638131,0.995815053741117,2.7888726896249114,0.007177822487461932,1.4530958686367873e-08,1.000000000726548,282.88401306730185,10.000000002421826,0.014472297058729147,-0.025944628586835557
2,evacuation,1978.0,5.001696426683764,4.98113527278754,0.9958891639671429,2.7376882916039813,0.006966209072697981,1.1897139943591267e-08,1.000000000594857,282.95434720304326,10.000000001982857,0.01449525749972736,-0.025242922331150212
2,evacuation,1980.0,5.001650411202864,4.981447988957955,0.9959608488030953,2.6878885798819816,0.006763971188551212,9.740714565138904e-09,1.0000000004870357,283.0261448204849,10.000000001623452,0.014518721464668533,-0.024559848935401047
2,evacuation,1982.0,5.001605620938452,4.981750210373872,0.996030192688232,2.639436841182259,0.006570642675382927,7.975153485808788e-09,1.0000000003987577,283.09933396507046,10.000000001329193,0.01454266700400108,-0.023894859654870104
2,evacuation,1984.0,5.001562019781967,4.982042307016485,0.9960972766731117,2.5922974379406125,0.006385783127188095,6.529611152276656e-09,1.0000000003264806,283.1738450890698,10.000000001088269,0.014567072882396554,-0.023247427323856776
2,evacuation,1986.0,5.001519573042107,4.9823246356253215,0.9961621788865437,2.5464357663180732,0.006208976331300457,5.3460820230551044e-09,1.0000000002673042,283.24961096099247,10.000000000891013,0.014591918548646303,-0.022617045195907202
2,evacuation,1988.0,5.001478247368818,4.982597539489772,0.9962249745084908,2.5018182164531506,0.006039828803881889,4.377074129751474e-09,1.0000000002188536,283.3265665794805,10.00000000072951,0.014617184107289356,-0.02200322586417677
2,evacuation,1990.0,5.001438010681862,4.98286134737218,0.9962857355684492,2.4584121348050556,0.005877968432597978,3.58370420006879e-09,1.0000000001791851,283.4046490914035,10.000000000597284,0.01464285029185459,-0.02140550025215101
2,evacuation,1992.0,5.001398832104879,4.98311637585181,0.9963445314267457,2.416185788459137,0.005723043213195512,2.9341371215783362e-09,1.0000000001467069,283.483797713905,10.000000000489022,0.014668898439610731,-0.020823416657529792
2,evacuation,1994.0,5.00136068190347,4.9833629313035495,0.9964014291820542,2.3751083312813632,0.005574720051248343,2.4023079496734604e-09,1.0000000001201155,283.56395366017284,10.000000000400384,0.014695310467727509,-0.020256539856087993
2,evacuation,1996.0,5.001323531425748,4.983601307446378,0.9964564931926493,2.3351497718007996,0.00543268364155605,1.966875926091248e-09,1.0000000000983438,283.64506006870664,10.000000000327812,0.014722068850753837,-0.019704450273384164
2,evacuation,1998.0,5.001287353047318,4.98383178506664,0.9965097850316395,2.296280942704825,0.005296635442447479,1.6103684012943764e-09,1.0000000000805185,283.72706193587277,10.000000000268393,0.014749156599325694,-0.01916674320116029
2,evacuation,2000.0,5.00125212012111,4.984054636816615,0.9965613644560517,2.258473471861968,0.005166292705044808,1.3184798575710116e-09,1.000000000065924,283.80990605156296,10.000000000219744,0.014776557240027011,-0.018643028046561226
2,evacuation,2002.0,5.001217806928603,4.984270126754109,0.9966112893241691,2.2216997547863593,0.0050413875374150765,1.0794977941924211e-09,1.0000000000539748,283.8935409377861,10.000000000179917,0.014804254796332161,-0.018132927641497765
2,evacuation,2004.0,5.001184388632941,4.98447850604315,0.9966596147449068,2.1859329284381244,0.004921666048147173,8.838326321109802e-10,1.0000000000441918,283.97791679000795,10.000000000147303,0.014832233770555607,-0.01763607760490183
2,evacuation,2006.0,5.001151841236827,4.984680015177011,0.9967063935303866,2.1511468462751884,0.004806887574584109,7.236329121193744e-10,1.0000000000361817,284.062985421081,10.000000000120604,0.014860479126743962,-0.017152125724438652
2,evacuation,2008.0,5.001120141544529,4.984874891189917,0.9967516776452414,2.1173160545109817,0.00469682391763295,5.924702975752289e-10,1.0000000000296234,284.14870020764,10.000000000098744,0.01488897627445832,-0.016680731359899992
2,evacuation,2010.0,5.00108926712139,4.985063360171651,0.9967955167177082,2.0844157694949694,0.004591258612066409,4.850816495662616e-10,1.0000000000242544,284.2350160388174,10.000000000080846,0.014917711053388183,-0.01622156492426112
2,evacuation,2012.0,5.00105919625853,4.985245637630701,0.9968379581190201,2.052421856131616,0.00448998627580872,3.971578130414108e-10,1.000000000019858,284.32188926713457,10.000000000066192,0.014946669718740044,-0.015774307373120237
2,evacuation,2014.0,5.001029907940612,4.985421933106081,0.9968790478917655,2.0213108072880885,0.004392812004765838,3.2517068277831693e-10,1.0000000000162586,284.4092776614591,10.000000000054195,0.014975838927355618,-0.015338649711130616
2,evacuation,2016.0,5.001001381814026,4.9855924495402855,0.9969188306306465,1.9910597241450287,0.004299550780320868,2.6623163397056707e-10,1.0000000000133116,284.49714036192324,10.00000000004437,0.015005205724517507,-0.014914292542007051
2,evacuation,2018.0,5.000973598156535,4.985757381431832,0.9969573491189171,1.9616462974278062,0.0042100269090595685,2.1797562294892834e-10,1.0000000000108988,284.58543783669194,10.000000000036328,0.015034757531397734,-0.01450094564833916
2,evacuation,2020.0,5.000946537849576,4.985916916037042,0.9969946445740256,1.933048789460713,0.004124073510057998,1.7846628903262478e-10,1.0000000000089233,284.6741318404754,10.000000000029743,0.01506448213310837,-0.014098327586645521
2,evacuation,2022.0,5.000920182352185,4.98607123459953,0.9970307568984892,1.905246017001624,0.004041532034925513,1.4611824944527192e-10,1.000000000007306,284.7631853746972,10.000000000024354,0.015094367667318372,-0.013706165305202411
2,evacuation,2024.0,5.000894513675915,4.986220511917166,0.9970657245981454,1.878217334816103,0.003962251809848116,1.1963347892031594e-10,1.0000000000059819,284.8525626492324,10.000000000019938,0.015124402613403296,-0.013324193788377004
2,evacuation,2026.0,5.000869514361242,4.9863649162257815,0.9970995847634483,1.8519426199468512,0.0038860896040205277,9.794922507057277e-11,1.0000000000048974,284.9422290456324,10.000000000016323,0.015154575782094799,-0.012952155720160487
2,evacuation,2028.0,5.000845167455584,4.98650460989807,0.9971323732134643,1.8264022566382014,0.0038129092260084678,8.01953659870585e-11,1.0000000000040097,285.0321510817574,10.000000000013364,0.015184876305599906,-0.012589801164105933
2,evacuation,2030.0,5.000821456492428,4.98663974977517,0.9971641245662058,1.801577121880143,0.0037425811435771597,6.565949542956382e-11,1.000000000003283,285.1222963777456,10.00000000001094,0.015215293628161767,-0.012236887262084377
2,evacuation,2032.0,5.000798365471475,4.986770487110308,0.9971948722311972,1.7774485715376664,0.0036749821249783396,5.375833504151487e-11,1.000000000002688,285.2126336232509,10.000000000008958,0.01524581749703582,-0.011893177950848648
2,evacuation,2034.0,5.000775878840038,4.986896967781388,0.9972246484555775,1.7539984270326126,0.00360999490160442,4.4014328508374835e-11,1.0000000000022007,285.303132545884,10.000000000007336,0.015276437953856555,-0.011558443693385236
2,evacuation,2036.0,5.000753981475435,4.987019332643934,0.9972534843980772,1.73120896254795,0.003547507850207302,3.603647904555864e-11,1.000000000001802,285.39376388079717,10.000000000006004,0.015307145326371516,-0.011232461224484328
2,evacuation,2038.0,5.000732658668307,4.987137717688164,0.9972814101636532,1.7090628927262832,0.0034874146928729264,2.9504660430104247e-11,1.0000000000014753,285.4844993413559,10.000000000004917,0.01533793022052143,-0.010915013310662846
2,evacuation,2040.0,5.000711896106854,4.987252254146378,0.9973084548280108,1.6875433608356083,0.0034296142143023277,2.4156771369663075e-11,1.0000000000012081,285.57531159084385,10.000000000004023,0.015368783512845575,-0.010605888523157804
2,evacuation,2042.0,5.000691679861914,4.987363068707545,0.9973346464833966,1.6666339273771174,0.0033740099956180232,1.977821794194258e-11,1.000000000000989,285.6661742151507,10.000000000003295,0.015399696343193908,-0.010304881022722544
2,evacuation,2044.0,5.000671996372879,4.987470283721717,0.9973600122822017,1.6463185591116842,0.003320510163174476,1.6193302492538913e-11,1.0000000000008098,285.7570616963954,10.000000000002698,0.015430660107727688,-0.010011790355850935
2,evacuation,2046.0,5.000652832434282,4.98757401733257,0.997384578466059,1.6265816184829383,0.0032690271513475004,1.3258173526177189e-11,1.0000000000006628,285.84794938744017,10.000000000002208,0.015461666452192232,-0.009726421261932116
2,evacuation,2048.0,5.000634175183151,4.987674383620483,0.9974083703969021,1.6074078534159917,0.0032194774787844016,1.0855053496084021e-11,1.0000000000005427,285.93881348725387,10.000000000001808,0.01549270726544609,-0.009448583490434962
2,evacuation,2050.0,5.000616012086994,4.987771492772671,0.9974314125933131,1.5887823874722586,0.003171781537329375,8.887512753490571e-12,1.0000000000004443,286.0296310170842,10.00000000000148,0.015523774673231952,-0.009178091627463558
2,evacuation,2052.0,5.000598330932422,4.987865451229208,0.9974537287619261,1.5706907103420644,0.0031258633926859397,7.276600072619435e-12,1.000000000000364,286.12037979740137,10.000000000001211,0.015554861032175411,-0.008914764931273578
2,evacuation,2054.0,5.000581119814315,4.987956361807962,0.9974753418245074,1.5531186686577667,0.0030816505961364852,5.9576745664606775e-12,1.000000000000298,286.21103842557864,10.000000000000991,0.015585958923998942,-0.008658427176206868
2,evacuation,2056.0,5.000564367125607,4.988044323838585,0.9974962739467308,1.5360524571111194,0.0030390740067475996,4.877811872203433e-12,1.0000000000002438,286.3015862542765,10.000000000000812,0.01561706114993896,-0.008408906504448812
2,evacuation,2058.0,5.000548061547512,4.988129433296572,0.9975165465668782,1.5194786098596387,0.0029980676234073237,3.993680481127045e-12,1.0000000000001998,286.3920033704983,10.000000000000664,0.01564816072535454,-0.00816603528516537
2,evacuation,2060.0,5.000532192040263,4.988211782922304,0.9975361804214418,1.503383992207631,0.0029585684260824297,3.269802976943943e-12,1.0000000000001634,286.48227057528817,10.000000000000544,0.01567925087451714,-0.007929649980624875
2,evacuation,2062.0,5.000516747834337,4.988291462334531,0.9975551955695179,1.487755792548394,0.0029205162257888773,2.6771324266620063e-12,1.000000000000134,286.57236936404445,10.000000000000444,0.015710325025571834,-0.0076995910188601075
2,evacuation,2064.0,5.0005017184220515,4.9883685581454165,0.9975736114174432,1.4725815145548915,0.0028838535227748148,2.1918868155912653e-12,1.0000000000001097,286.66228190742004,10.000000000000366,0.015741376805660026,-0.007475702672457651
2,evacuation,2066.0,5.000487093549596,4.988443154070067,0.9975914467422451,1.4578489696070054,0.002848525372412754,1.7945947546944903e-12,1.0000000000000897,286.75199103278686,10.000000000000298,0.01577240003619552,-0.007257832943130433
2,evacuation,2068.0,5.000472863209456,4.988515331028283,0.9976087197134593,1.4435462694441412,0.002814479258357471,1.4693141581617284e-12,1.0000000000000735,286.84148020623996,10.000000000000243,0.015803388728285548,-0.007045833451736208
2,evacuation,2070.0,5.000459017633148,4.988585167243887,0.9976254479144033,1.429661819032645,0.0027816649725670513,1.2029925361214865e-12,1.0000000000000604,286.93073351511913,10.000000000000199,0.015834337078289015,-0.006839559333401339
2,evacuation,2072.0,5.00044554728433,4.988652738341964,0.99764164836296,1.4161843096381184,0.0027500345017863535,9.849432367612387e-13,1.0000000000000493,287.01973565102753,10.000000000000163,0.015865239463504946,-0.006638869137444768
2,evacuation,2074.0,5.000432442852196,4.988718117440796,0.9976573375312479,1.4031027120933135,0.002719541920113693,8.064166242233543e-13,1.0000000000000404,287.1084718933269,10.000000000000135,0.015896090437984248,-0.006443624731826463
2,evacuation,2076.0,5.000419695245202,4.988781375239684,0.9976725313644004,1.3904062702528377,0.0026901432873093437,6.602489842760821e-13,1.0000000000000333,287.196928093091,10.00000000000011,0.015926884728458615,-0.006253691211848171
2,evacuation,2078.0,5.000407295585022,4.988842580104353,0.9976872452988219,1.3780844946264244,0.002661796552523791,5.405750674959419e-13,1.000000000000027,287.2850906574999,10.00000000000009,0.015957617230380743,-0.0060689368128486725
2,evacuation,2080.0,5.000395235200822,4.988901798149348,0.9977014942797793,1.3661271561830086,0.0026344614631330725,4.4259273481203863e-13,1.0000000000000222,287.3729465346576,10.000000000000073,0.015988283004070118,-0.0058892328266582535
2,evacuation,2082.0,5.000383505623723,4.988959093316395,0.9977152927781481,1.3545242803183235,0.002608099478392308,3.6237026224448757e-13,1.0000000000000182,287.460483198818,10.000000000000059,0.016018877270959478,-0.005714453521593031
2,evacuation,2084.0,5.000372098581535,4.989014527450021,0.997728654806562,1.3432661409791455,0.002582673687638932,2.9668857314696115e-13,1.0000000000000149,287.54768863600316,10.000000000000048,0.0160493954099368,-0.005544476065775639
2,evacuation,2086.0,5.000361005993702,4.989068160370681,0.9977415939350209,1.3323432549377383,0.00255814873279007,2.4291206699508125e-13,1.0000000000000122,287.63455133000105,10.000000000000039,0.016079832953778735,-0.00537918045358499
2,evacuation,2088.0,5.000350219966427,4.989120049944907,0.997754123305868,1.32174637621042,0.00253449073489162,1.9888286108981184e-13,1.00000000000001,287.7210602487282,10.000000000000034,0.016110185585670803,-0.005218449435052041
2,evacuation,2090.0,5.000339732788036,4.98917025215262,0.9977662556481564,1.3114664906145397,0.002511667224494029,1.6283420139073353e-13,1.0000000000000082,287.80720483094524,10.000000000000027,0.016140449135810923,-0.005062168448027868
2,evacuation,2092.0,5.000329536924467,4.989218821152057,0.9977780032915103,1.3014948104584838,0.00248964707564317,1.3331956812217803e-13,1.0000000000000067,287.8929749733124,10.000000000000021,0.016170619578091797,-0.004910225552959647
2,evacuation,2094.0,5.000319625014995,4.989265809342424,0.9977893781794922,1.2918227693596485,0.002468400443284636,1.0915463148005473e-13,1.0000000000000056,287.978361017775,10.000000000000016,0.0162006930268598,-0.004762511370121844
2,evacuation,2096.0,5.000309989868041,4.98931126742395,0.9978003918824279,1.2824420171856163,0.0024478987038925814,8.936972823969666e-14,1.0000000000000044,288.0633537392662,10.000000000000014,0.016230665733746014,-0.004618919019159971
2,evacuation,2098.0,5.000300624457203,4.989355244455795,0.9978110556097622,1.2733444151140456,0.002428114399146029,7.317095222215377e-14,1.0000000000000036,288.14794433371844,10.00000000000001,0.016260534084567253,-0.004479344060811326
2,evacuation,2100.0,5.000291521917389,4.989397787911842,0.9978213802219736,1.264522030807047,0.0024090211824853726,5.99082973038492e-14,1.0000000000000029,288.23212440637286,10.000000000000007,0.01629029459629386,-0.004343684440676353
2,evacuation,2102.0,5.000282675541101,4.989438943734443,0.9978313762420473,1.255967133696067,0.002390593768390571,4.9049574690671077e-14,1.0000000000000024,288.3158859603772,10.000000000000007,0.016319943914081633,-0.004211840434922297
2,evacuation,2104.0,5.000274078774835,4.989478756386102,0.9978410538665157,1.2476721903735228,0.002372807884232355,4.0159057854098814e-14,1.000000000000002,288.39922138566453,10.000000000000005,0.016349478808365774,-0.0040837145978084525
2,evacuation,2106.0,5.000265725215603,4.989517268899284,0.9978504229760999,1.2396298600876547,0.002355640224556724,3.2879998201429487e-14,1.0000000000000016,288.48212344810275,10.000000000000004,0.016378896172014105,-0.003959211710928514
2,evacuation,2108.0,5.000257608607587,4.989554522924457,0.997859493145972,1.2318329903372578,0.0023390684076703997,2.6920309873896446e-14,1.0000000000000013,288.56458527890857,10.000000000000004,0.016408193017537796,-0.003838238734072632
2,evacuation,2110.0,5.000249722838858,4.989590558776308,0.9978682736556407,1.2242746125631447,0.0023230709344023203,2.204084925104504e-14,1.000000000000001,288.6466003643169,10.000000000000004,0.0164373664743574,-0.0037207047576182234
2,evacuation,2112.0,5.000242061938244,4.989625415478343,0.9978767734984841,1.2169479379333725,0.0023076271489234777,1.804581886349743e-14,1.0000000000000009,288.7281625354994,10.0,0.016466413786122455,-0.0036065209563638768
2,evacuation,2114.0,5.00023462007225,4.989659130805787,0.9978850013909326,1.2098463532194224,0.0022927172015147607,1.477491065541598e-14,1.0000000000000007,288.8092659587249,10.0,0.016495332308082908,-0.003495600544726803
2,evacuation,2116.0,5.000227391542098,4.989691741327036,0.9978929657813395,1.2029634167606866,0.0022783220131775217,1.2096873326573784e-14,1.0000000000000007,288.8899051257548,10.0,0.016524119504510576,-0.00338785873322867
2,evacuation,2118.0,5.00022037078084,4.989723282443546,0.9979006748585253,1.196292854514752,0.0022644232419884924,9.90424562889399e-15,1.0000000000000004,288.97007484446806,10.0,0.0165527729461695,-0.0032832126862005545
2,evacuation,2120.0,5.000213552350551,4.989753788428314,0.9979081365600236,1.189828556191109,0.002251003251105667,8.109044282077127e-15,1.0000000000000004,289.0497702297083,10.0,0.016581290307833313,-0.0031815814806415072
2,evacuation,2122.0,5.000206930939581,4.98978329246298,0.9979153585800414,1.1835645714660439,0.0022380450783371585,6.6392334797011296e-15,1.0000000000000002,289.12898669434884,10.0,0.016609669365848703,-0.0030828860661698864
2,evacuation,2124.0,5.000200501359926,4.989811826673627,0.9979223483771351,1.1774951062765777,0.0022255324071900986,5.435834318375547e-15,1.0000000000000002,289.2077199405692,10.0,0.01663790799574365,-0.0029870492260106944
2,evacuation,2126.0,5.000194258544626,4.989839422165302,0.9979291131816269,1.1716145191914458,0.0022134495393210697,4.4505581595274295e-15,1.0000000000000002,289.2859659513374,10.0,0.016666004169878963,-0.0028939955389658076
2,evacuation,2128.0,5.000188197545225,4.989866109055295,0.997935660002758,1.165917317857189,0.0022017813683140497,3.6438689575619685e-15,1.0000000000000002,289.36372098209495,10.0,0.01669395595514272,-0.0028036513423179846
2,evacuation,2130.0,5.000182313529334,4.989891916505319,0.9979419956356048,1.1603981555175484,0.0021905133547155515,2.98339680196519e-15,1.0000000000000002,289.4409815526366,10.0,0.01672176151068582,-0.0027159446956220258
2,evacuation,2132.0,5.000176601778198,4.989916872752431,0.9979481266677425,1.1550518276044177,0.0021796315022618532,2.4426390141254956e-15,1.0000000000000002,289.5177444391833,10.0,0.01674941908569842,-0.0026308053453410474
2,evacuation,2134.0,5.000171057684377,4.98994100513906,0.9979540594857059,1.1498732683987216,0.002169122335234723,1.9998966779626533e-15,1.0,289.59400666664146,10.0,0.016776927017225777,-0.0025481646902868645
2,evacuation,2136.0,5.000165676749419,4.989964340141794,0.9979598002812066,1.1448575477596328,0.0021589728768876414,1.6374039304789707e-15,1.0,289.6697655010459,10.0,0.016804283728023207,-0.0024679557478285118
2,evacuation,2138.0,5.00016045458164,4.989986903399343,0.9979653550571612,1.1399998679206365,0.002149170628885948,1.3406150733110655e-15,1.0,289.7450184421808,10.0,0.01683148772444888,-0.002390113120833313
2,evacuation,2140.0,5.000155386893912,4.990008719739384,0.9979707296334983,1.1352955603510047,0.0021397035517093706,1.097620899371337e-15,1.0,289.81976321637626,10.0,0.016858537594394225,-0.002314572965309266
2,evacuation,2142.0,5.000150469501526,4.990029813204652,0.9979759296527962,1.1307400826813132,0.002130560045965901,8.986708136656545e-16,1.0,289.89399776947505,10.0,0.01688543200525093,-0.00224127295871811
2,evacuation,2144.0,5.000145698320079,4.990050207077973,0.997980960585709,1.126329015691681,0.002121728934570905,7.357815724841439e-16,1.0,289.9677202599668,10.0,0.016912169701913844,-0.0021701522689322027
2,evacuation,2146.0,5.000141069363403,4.990069923906543,0.9979858277362277,1.1220580603614758,0.0021131994457466298,6.024169408539054e-16,1.0,290.04092905228566,10.0,0.016938749504819474,-0.002101151523808949
2,evacuation,2148.0,5.000136578741569,4.9900889855253725,0.997990536246767,1.1179230349792733,0.0021049611968003163,4.932254138989388e-16,1.0,290.1136227102679,10.0,0.016965170308019358,-0.0020342127813590266
2,evacuation,2150.0,5.000132222658877,4.990107413079918,0.9979950911030852,1.113919872311903,0.0020970041786408347,4.0382547770383054e-16,1.0,290.1857999907661,10.0,0.0169914310772876,-0.0019692795004865697
2,evacuation,2152.0,5.000127997411928,4.990125227047953,0.9979994971390427,1.1100446168314617,0.002089318740996393,3.3062979288540716e-16,1.0,290.2574598374163,10.0,0.017017530848262245,-0.00190629651228059
2,evacuation,2154.0,5.0001238993877175,4.9901424472607285,0.9980037590412086,1.1062934219992062,0.0020818955782978235,2.707012459062253e-16,1.0,290.328601374556,10.0,0.017043468724620113,-0.00184520999183875
2,evacuation,2156.0,5.000119925061761,4.99015909292339,0.9980078813533161,1.1026625476052814,0.0020747257161941065,2.2163509191166442e-16,1.0,290.3992239012881,10.0,0.017069243876284244,-0.0017859674306059431
2,evacuation,2158.0,5.000116070996243,4.99017518263475,0.9980118684805827,1.0991483571632719,0.002067800498667699,1.8146245985042383e-16,1.0,290.4693268856895,10.0,0.017094855537663833,-0.0017285176092112816
2,evacuation,2160.0,5.000112333838253,4.990190734406427,0.9980157246938872,1.0957473153585922,0.002061111575719883,1.4857134784505577e-16,1.0,290.5389099591603,10.0,0.017120303005926138,-0.0016728105707884788
2,evacuation,2162.0,5.000108710317959,4.990205765681219,0.9980194541338062,1.0924559855497635,0.002054650891598274,1.2164193860658022e-16,1.0,290.60797291091114,10.0,0.017145585639299857,-0.0016187975947660645
2,evacuation,2164.0,5.000105197246924,4.99022029335111,0.9980230608145494,1.0892710273216548,0.0020484106735380887,9.959363930229517e-17,1.0,290.6765156825859,10.0,0.01717070285540971,-0.0015664311711134603
2,evacuation,2166.0,5.000101791516347,4.990234333774416,0.9980265486277354,1.086189194089781,0.002042383420993648,8.154172075089806e-17,1.0,290.74453836301666,10.0,0.017195654129641677,-0.001515664975032512
2,evacuation,2168.0,5.000098490095414,4.990247902792598,0.9980299213460837,1.0832073307547867,0.0020365618953340167,6.676181601156257e-17,1.0,290.812041183109,10.0,0.01722043899353869,-0.001466453842081779
2,evacuation,2170.0,5.000095290029641,4.99026101574639,0.9980331826269668,1.0803223714062526,0.0020309391099814847,5.46608538074197e-17,1.0,290.8790245108539,10.0,0.017245057033226294,-0.001418753743724612
2,evacuation,2172.0,5.0000921884392575,4.990273687491469,0.9980363360158659,1.0775313370749953,0.002025508320970494,4.475326043317837e-17,1.0,290.94548884646497,10.0,0.017269507887867932,-0.0013725217632907377
2,evacuation,2174.0,5.000089182517588,4.990285932413591,0.9980393849497179,1.0748313335330315,0.002020263017906555,3.6641475203693304e-17,1.0,291.01143481763734,10.0,0.017293791248149663,-0.0013277160723428418
2,evacuation,2176.0,5.000086269529514,4.990297764443256,0.9980423327601547,1.0722195491404172,0.002015196915306,2.9999997589140944e-17,1.0,291.07686317492664,10.0,0.01731790685479366,-0.0012842959074399103
2,evacuation,2178.0,5.00008344680992,4.990309197069876,0.9980451826766452,1.0696932527381646,0.002010303944298554,2.4562325898337227e-17,1.0,291.1417747872451,10.0,0.017341854497100382,-0.0012422215472897347
2,evacuation,2180.0,5.000080711762172,4.9903202433555265,0.9980479378295463,1.067249791586475,0.002005578244674636,2.011026340065906e-17,1.0,291.20617063747267,10.0,0.017365634011519165,-0.0012014542902833514
2,evacuation,2182.0,5.00007806185665,4.990330915948265,0.9980506012530603,1.0648865893475226,0.0020010141572610134,1.6465162774804585e-17,1.0,291.27005181818095,10.0,0.017389245280246667,-0.0011619564324048893
2,evacuation,2184.0,5.000075494629264,4.990341227094948,0.9980531758880898,1.0626011441120522,0.001996606216610081,1.3480757551475513e-17,1.0,291.33341952746724,10.0,0.01741268822985292,-0.0011236912455109714
2,evacuation,2186.0,5.000073007680015,4.990351188653736,0.9980556645850275,1.0603910264690497,0.00199234914398709,1.1037292898171071e-17,1.0,291.39627506489717,10.0,0.01743596282993488,-0.0010866229559732584
2,evacuation,2188.0,5.000070598671611,4.990360812106206,0.9980580701064532,1.058253877617772,0.001988237840641176,9.036720232887258e-18,1.0,291.45861982755264,10.0,0.017459069091796692,-0.001050716723679056
2,evacuation,2190.0,5.000068265328029,4.99037010856893,0.9980603951297329,1.0561874075214195,0.001984267381348358,7.398762841661236e-18,1.0,291.5204553061846,10.0,0.017482007067157055,-0.0010159386213854666
2,evacuation,2192.0,5.0000660054331885,4.990379088804933,0.9980626422495765,1.054189393101753,0.0019804330082117553,6.057694625526165e-18,1.0,291.5817830814666,10.0,0.017504776846882585,-0.0009822556144208408
2,evacuation,2194.0,5.0000638168295914,4.990387763234572,0.9980648139804834,1.0522576764739615,0.0019767301247093933,4.9597027180658156e-18,1.0,291.6426048203484,10.0,0.01752737855974744,-0.0009496355407306447
2,evacuation,2196.0,5.000061697417003,4.99039614194621,0.9980669127591394,1.050390163221101,0.0019731542899763294,4.060728143662085e-18,1.0,291.7029222725077,10.0,0.017549812371218748,-0.0009180470912621726
2,evacuation,2198.0,5.000059645151151,4.990404234706499,0.9980689409467315,1.0485848207074242,0.0019697012133115047,3.3246978688199217e-18,1.0,291.76273726689624,10.0,0.017572078482267234,-0.0008874597906847001
2,evacuation,2200.0,5.000057658042463,4.99041205097036,0.9980709008311957,1.0468396764299421,0.0019663667488990437,2.7220773043354837e-18,1.0,291.82205170838085,10.0,0.017594177128203256,-0.0008578439784408614
2,evacuation,2202.0,5.000055734154799,4.990419599890647,0.9980727946294021,1.045152816407551,0.0019631468907340215,2.228685174754781e-18,1.0,291.8808675744753,10.0,0.01761610857753751,-0.0008291707901255556
2,evacuation,2204.0,5.000053871604231,4.9904268903275355,0.9980746244892742,1.0435223836070797,0.0019600377677435493,1.8247231995430038e-18,1.0,291.93918691216254,10.0,0.017637873130866285,-0.0008014121391887269
2,evacuation,2206.0,5.000052068557835,4.99043393085758,0.9980763924918428,1.0419465764056093,0.0019570356390948055,1.493981650107478e-18,1.0,291.9970118348041,10.0,0.017659471119780813,-0.0007745406989586143
2,evacuation,2208.0,5.000050323232491,4.990440729782509,0.9980781006532411,1.0404236470884287,0.00195413688968178,1.2231889041676258e-18,1.0,292.05434451913646,10.0,0.01768090290580079,-0.0007485298849820242
2,evacuation,2210.0,5.00004863389373,4.990447295137795,0.9980797509266509,1.0389519003819963,0.0019513380257822352,1.0014788971279352e-18,1.0,292.1111872023509,10.0,0.01770216887933105,-0.0007233538376780105
2,evacuation,2212.0,5.000046998854584,4.990453634700886,0.9980813452041761,1.037529692021281,0.001948635670878253,8.199551009457748e-19,1.0,292.16754217925603,10.0,0.017723269458641885,-0.0006989874053023731
2,evacuation,2214.0,5.000045416474461,4.9904597559992165,0.998082885318669,1.0361554273508704,0.0019460265616329183,6.713335343310899e-19,1.0,292.22341179952105,10.0,0.01774420508887208,-0.0006754061272192176
2,evacuation,2216.0,5.000043885158043,4.990465666317995,0.9980843730455088,1.0348275599592267,0.0019435075440164924,5.496504793952971e-19,1.0,292.2787984649977,10.0,0.017764976241054595,-0.0006525862174765915
2,evacuation,2218.0,5.000042403354193,4.99047137270773,0.9980858101043217,1.0335445903454936,0.0019410755695756319,4.500231763344533e-19,1.0,292.3337046271196,10.0,0.01778558341116463,-0.0006305045486832401
2,evacuation,2220.0,5.000040969554914,4.990476881991534,0.9980871981606521,1.0323050646182488,0.001938727691839543,3.6845389357427475e-19,1.0,292.3881327843771,10.0,0.017806027119189757,-0.0006091386361833128
2,evacuation,2222.0,5.000039582294286,4.990482200772186,0.9980885388275837,1.0311075732256128,0.0019364610628576809,3.016695113256605e-19,1.0,292.44208547986597,10.0,0.017826307908221567,-0.0005884666225260503
2,evacuation,2224.0,5.000038240147442,4.99048733543901,0.998089833667322,1.0299507497161249,0.0019342729298628672,2.4699018154115536e-19,1.0,292.4955652989078,10.0,0.017846426343568634,-0.0005684672622272373
2,evacuation,2226.0,5.000036941729567,4.9904922921745065,0.9980910841927181,1.0288332695298088,0.0019321606320553575,2.0222179400780566e-19,1.0,292.54857486674206,10.0,0.017866383011890943,-0.0005491199068197352
2,evacuation,2228.0,5.000035685694937,4.9904970769608585,0.9980922918687626,1.0277538488188491,0.0019301215975020295,1.6556793357765085e-19,1.0,292.60111684628583,10.0,0.017886178520354436,-0.0005304044901895164
2,evacuation,2230.0,5.000034470735905,4.9905016955860955,0.9980934581140186,1.0267112432973116,0.0019281533401472367,1.355577956553786e-19,1.0,292.6531939359622,10.0,0.017905813495806534,-0.0005123015141951299
2,evacuation,2232.0,5.000033295581992,4.990506153650252,0.998094584302037,1.0257042471193478,0.0019262534569286969,1.1098716741745453e-19,1.0,292.70480886759356,10.0,0.017925288583971372,-0.0004947920345662442
2,evacuation,2234.0,5.000032158998948,4.9905104565711715,0.9980956717627026,1.024731691785321,0.0019244196249970837,9.087010652390193e-20,1.0,292.7559644043603,10.0,0.01794460444866509,-0.00047785764707963726
2,evacuation,2236.0,5.000031059787852,4.990514609590284,0.99809672178357,1.0237924450753093,0.0019226495990323689,7.439937834080406e-20,1.0,292.80666333882135,10.0,0.017963761771030314,-0.0004614804740082546
2,evacuation,2238.0,5.000029996784181,4.99051861777804,0.9980977356111347,1.0228854100094376,0.0019209412086550167,6.091406414322108e-20,1.0,292.85690849099694,10.0,0.017982761248790075,-0.00044564315084159227
2,evacuation,2240.0,5.000028968856994,4.990522486039373,0.9980987144520896,1.0220095238345006,0.0019192923559267037,4.987304051718764e-20,1.0,292.90670270651094,10.0,0.018001603595520294,-0.00043032881327288236
2,evacuation,2242.0,5.000027974908031,4.990526219118809,0.9980996594745261,1.021163757036349,0.0019177010129394143,4.083326577226566e-20,1.0,292.9560488547919,10.0,0.018020289539940983,-0.0004155210844513742
2,evacuation,2244.0,5.000027013870893,4.990529821605581,0.9981005718091193,1.0203471123775052,0.0019161652194863408,3.3432002066403637e-20,1.0,293.0049498273314,10.0,0.018038819825225552,-0.0004012040624953641
2,evacuation,2246.0,5.000026084710231,4.990533297938479,0.9981014525502618,1.019558623959499,0.0019146830808139598,2.737225987266435e-20,1.0,293.0534085359982,10.0,0.018057195208328058,-0.0003873623082637452
2,evacuation,2248.0,5.000025186420914,4.9905366524105625,0.99810230275717,1.0187973563093993,0.001913252765451375,2.2410880719872013e-20,1.0,293.1014279114061,10.0,0.018075416459327892,-0.00037398083338245635
2,evacuation,2250.0,5.000024318027265,4.99053988917382,0.99810312345497,1.0180624034900463,0.001911872503113476,1.8348780004894934e-20,1.0,293.1490109013366,10.0,0.018093484360792018,-0.00036104508852244176
2,evacuation,2252.0,5.000023478582292,4.990543012243583,0.9981039156357329,1.017352888233475,0.0019105405826759033,1.5022958351185676e-20,1.0,293.1961604692116,10.0,0.01811139970715382,-0.00034854095192645817
2,evacuation,2254.0,5.000022667166909,4.990546025502836,0.9981046802594913,1.016667961097039,0.0019092553502186608,1.2299960954420408e-20,1.0,293.24287959261744,10.0,0.018129163304108842,-0.0003364547181811467
2,evacuation,2256.0,5.000021882889238,4.990548932706459,0.9981054182552286,1.0160067996417512,0.001908015207135697,1.0070522459268309e-20,1.0,293.2891712618788,10.0,0.018146775968026805,-0.0003247730872308786
2,evacuation,2258.0,5.000021124883855,4.99055173748523,0.9981061305218295,1.015368607632352,0.0019068186083088113,8.245182482972145e-21,1.0,293.3350384786796,10.0,0.018164238525379642,-0.0003134831536307507
2,evacuation,2260.0,5.000020392311097,4.990554443349801,0.9981068179290123,1.0147526142586416,0.0019056640603423414,6.750695850436535e-21,1.0,293.3804842547315,10.0,0.018181551812185236,-0.00030257239603478117
2,evacuation,2262.0,5.000019684356363,4.990557053694485,0.9981074813182268,1.014158073377598,0.0019045501198575825,5.527093494803226e-21,1.0,293.4255116104877,10.0,0.018198716673466637,-0.00029202866691642107
2,evacuation,2264.0,5.000019000229474,4.990559571801008,0.9981081215035318,1.0135842627758274,0.0019034753918438082,4.5252760866600985e-21,1.0,293.47012357390145,10.0,0.018215733962726445,-0.0002818401825176572
2,evacuation,2266.0,5.000018339163963,4.990562000842035,0.9981087392724425,1.01303048345189,0.0019024385280647937,3.705043831762949e-21,1.0,293.5143231792277,10.0,0.018232604541435934,-0.00027199551302395305
2,evacuation,2268.0,5.00001770041646,4.990564343884709,0.99810933538676,1.0124960589180523,0.0019014382255173878,3.0334833792243314e-21,1.0,293.5581134658673,10.0,0.018249329278538767,-0.000262483572960959
2,evacuation,2270.0,5.000017083266066,4.990566603893974,0.9981099105833618,1.011980334521028,0.0019004732249422384,2.4836471118485305e-21,1.0,293.6014974772518,10.0,0.01826590904996896,-0.00025329361181030086
2,evacuation,2272.0,5.000016487013724,4.990568783735874,0.998110465574986,1.01148267678127,0.0018995423093835508,2.0334718226710126e-21,1.0,293.6444782597692,10.0,0.018282344738182847,-0.00024441520484052627
2,evacuation,2274.0,5.000015910981622,4.990570886180722,0.9981110010509854,1.0110024727503886,0.0018986443027958972,1.6648933875792672e-21,1.0,293.6870588617273,10.0,0.018298637231704582,-0.0002358382441501606
2,evacuation,2276.0,5.00001535451262,4.990572913906172,0.9981115176780557,1.0105391293862747,0.0018977780686973888,1.363121908600759e-21,1.0,293.7292423323563,10.0,0.01831478742468516,-0.00022755292991940394
2,evacuation,2278.0,5.000014816969645,4.99057486950017,0.998112016100945,1.0100920729455132,0.0018969425088673259,1.1160482416288738e-21,1.0,293.7710317208479,10.0,0.018330796216474585,-0.0002195497618672094
2,evacuation,2280.0,5.0000142977351665,4.990576755463888,0.9981124969431482,1.0096607483926803,0.0018961365620859584,9.137580944036533e-22,1.0,293.81243007542975,10.0,0.018346664511206617,-0.00021181953090990252
2,evacuation,2282.0,5.000013796210631,4.990578574214486,0.998112960807569,1.0092446188261235,0.001895359202916364,7.481341970214275e-22,1.0,293.85344044247563,10.0,0.018362393217396324,-0.00020435331101864628
2,evacuation,2284.0,5.0000133118159376,4.990580328087838,0.9981134082771724,1.0088431649198324,0.001894609440525699,6.125305813221552e-22,1.0,293.89406586564945,10.0,0.018377983247549905,-0.00019714245127182913
2,evacuation,2286.0,5.000012843988899,4.990582019341153,0.9981138399156148,1.0084558843810125,0.0018938863175448916,5.015058990066645e-22,1.0,293.9343093850817,10.0,0.01839343551778627,-0.00019017856809926123
2,evacuation,2288.0,5.000012392184762,4.990583650155534,0.9981142562678514,1.0080822914229783,0.0018931889089659568,4.10605077375238e-22,1.0,293.9741740365788,10.0,0.018408750947470704,-0.00018345353771469577
2,evacuation,2290.0,5.000011955875693,4.990585222638438,0.9981146578607322,1.0077219162530016,0.001892516321075128,3.36180551216376e-22,1.0,294.01366285086334,10.0,0.018423930458859747,-0.00017695948873345344
2,evacuation,2292.0,5.0000115345503024,4.9905867388260665,0.998115045203574,1.0073743045747363,0.0018918676904205924,2.752458974414077e-22,1.0,294.0527788528446,10.0,0.018438974976757488,-0.00017068879497172094
2,evacuation,2294.0,5.000011127713173,4.9905882006857,0.9981154187887213,1.0070390171048709,0.0018912421828136932,2.253559992813634e-22,1.0,294.09152506091846,10.0,0.018453885428182576,-0.00016463406842413147
2,evacuation,2296.0,5.000010734884392,4.990589610117907,0.9981157790920817,1.0067156291036454,0.0018906389923632433,1.8450893141073153e-22,1.0,294.12990448629654,10.0,0.01846866274204634,-0.000158788152416608
2,evacuation,2298.0,5.0000103555991195,4.990590968958765,0.9981161265736567,1.006403729918895,0.001890057340540426,1.510656289554812e-22,1.0,294.1679201323623,10.0,0.018483307848840953,-0.00015314411493065903
2,evacuation,2300.0,5.000009989407134,4.990592278981927,0.9981164616780446,1.0061029225432723,0.0018894964752747421,1.2368411695428506e-22,1.0,294.2055749940549,10.0,0.018497821680338127,-0.00014769524209650085
2,evacuation,2302.0,5.00000963587243,4.990593541900708,0.9981167848349398,1.0058128231843182,0.0018889556700786008,1.0126566110726257e-22,1.0,294.24287205727893,10.0,0.018512205169297614,-0.00014243503185104838
2,evacuation,2304.0,5.000009294572774,4.990594759370016,0.9981170964596053,1.0055330608470578,0.0018884342232010445,8.291067901047638e-23,1.0,294.27981429833926,10.0,0.018526459249185435,-0.00013735718775831202
2,evacuation,2306.0,5.000008965099331,4.990595932988313,0.9981173969533412,1.0052632769287906,0.0018879314568081393,6.788264273213992e-23,1.0,294.3164046834016,10.0,0.01854058485390188,-0.00013245561298821603
2,evacuation,2308.0,5.000008647056248,4.9905970642994335,0.9981176867039308,1.0050031248257716,0.0018874467161908094,5.55785242539999e-23,1.0,294.35264616797593,10.0,0.01855458291751844,-0.00012772440445132268
2,evacuation,2310.0,5.00000834006028,4.99059815479441,0.9981179660860812,1.0047522695514666,0.001886979368997386,4.550459784604001e-23,1.0,294.3885416964238,10.0,0.0185684543740239,-0.0001231578470857991
2,evacuation,2312.0,5.000008043740421,4.990599205913204,0.9981182354618418,1.0045103873660868,0.0018865288044917618,3.7256628399607137e-23,1.0,294.4240942014879,10.0,0.0185822001570794,-0.00011875040829385158
2,evacuation,2314.0,5.000007757737533,4.9906002190463905,0.9981184951810156,1.004277165417101,0.0018860944328353319,3.050365073882771e-23,1.0,294.4593066038439,10.0,0.018595821199782016,-0.00011449673252439132
2,evacuation,2316.0,5.000007481703996,4.990601195536792,0.998118745581557,1.0040523013904405,0.0018856756843920572,2.4974689024898414e-23,1.0,294.49418181167295,10.0,0.01860931843443657,-0.00011039163599878522
2,evacuation,2318.0,5.0000072153033654,4.990602136681073,0.9981189869899573,1.0038355031721116,0.0018852720090562073,2.0447883344547892e-23,1.0,294.52872272025496,10.0,0.01862269279233592,-0.0001064301015768114
2,evacuation,2320.0,5.000006958210032,4.990603043731253,0.9981192197216171,1.0036264885199373,0.0018848828756020503,1.6741587166727054e-23,1.0,294.5629322115819,10.0,0.018635945203548932,-0.00010260727375975082
2,evacuation,2322.0,5.0000067101089,4.990603917896208,0.9981194440812087,1.0034249847451608,0.0018845077710540777,1.370707843635327e-23,1.0,294.59681315399007,10.0,0.018649076596716378,-9.89184538276195e-05
2,evacuation,2324.0,5.000006470695067,4.990604760343083,0.9981196603630242,1.0032307284036392,0.0018841462000782922,1.12225918241342e-23,1.0,294.6303684018118,10.0,0.018662087898854478,-9.535909510767569e-05
2,evacuation,2326.0,5.000006239673522,4.990605572198714,0.9981198688513193,1.0030434649963753,0.0018837976843927677,9.188432665351532e-24,1.0,294.66360079504375,10.0,0.018674980035165448,-9.192479837119813e-05
2,evacuation,2328.0,5.000006016758834,4.990606354550945,0.9981200698206395,1.0028629486791263,0.0018834617621978854,7.522976525274492e-24,1.0,294.69651315903474,10.0,0.018687753928855775,-8.861130735582453e-05
2,evacuation,2330.0,5.0000058016748685,4.990607108449949,0.9981202635361399,1.0026889419808473,0.0018831379876240932,6.1593938662950184e-24,1.0,294.7291083041885,10.0,0.01870041050096087,-8.541450441050293e-05
2,evacuation,2332.0,5.000005594154503,4.990607834909479,0.9981204502538934,1.0025212155307235,0.00188282593019887,5.042968387937163e-24,1.0,294.76138902568454,10.0,0.018712950670177038,-8.233040626033182e-05
2,evacuation,2334.0,5.0000053939393405,4.99060853490809,0.9981206302211915,1.002359547793555,0.0018825251743299586,4.128901433126103e-24,1.0,294.79335810321345,10.0,0.018725375352699674,-7.93551598885082e-05
2,evacuation,2336.0,5.00000520077946,4.99060920939034,0.9981208036768331,1.0022037248132627,0.0018822353188059692,3.380514358418227e-24,1.0,294.82501830072874,10.0,0.018737685462068183,-7.648503853266562e-05
2,evacuation,2338.0,5.000005014433145,4.990609859267909,0.9981209708514059,1.002053539964291,0.001881955976313144,2.7677767349411942e-24,1.0,294.8563723662128,10.0,0.018749881909016913,-7.371643779305136e-05
2,evacuation,2340.0,5.000004834666616,4.990610485420706,0.9981211319675581,1.0019087937106814,0.0018816867729676164,2.266101321358146e-24,1.0,294.88742303145733,10.0,0.018761965601332403,-7.104587184982906e-05
2,evacuation,2342.0,5.000004661253811,4.990611088697961,0.9981212872402613,1.0017692933726086,0.0018814273478631777,1.8553574548961008e-24,1.0,294.918173011858,10.0,0.018773937443716377,-6.84699697867496e-05
2,evacuation,2344.0,5.000004493976129,4.9906116699192395,0.9981214368770658,1.0016348529001604,0.0018811773526340237,1.5190632709112201e-24,1.0,294.948625006222,10.0,0.01878579833765456,-6.59854720190446e-05
2,evacuation,2346.0,5.000004332622201,4.990612229875468,0.9981215810783494,1.0015052926541643,0.001880936451031064,1.2437243372925749e-24,1.0,294.97878169658895,10.0,0.01879754918129108,-6.358922682259859e-05
2,evacuation,2348.0,5.000004176987658,4.99061276932988,0.9981217200375548,1.0013804391938521,0.0018807043185127257,1.0182921651749013e-24,1.0,295.00864574806394,10.0,0.018809190869308285,-6.127818696234051e-05
2,evacuation,2350.0,5.0000040268749375,4.990613289018985,0.9981218539414216,1.0012601250711748,0.0018804806418487438,8.337208676914897e-25,1.0,295.0382198086633,10.0,0.018820724292812004,-5.904940641703919e-05
2,evacuation,2352.0,5.00000388209302,4.990613789653429,0.9981219829702089,1.0011441886315702,0.0018802651187374805,6.826041768718337e-25,1.0,295.06750650917104,10.0,0.018832150339221494,-5.6900037198594195e-05
2,evacuation,2354.0,5.000003742457273,4.990614271918927,0.9981221072979176,1.0010324738210006,0.0018800574574348152,5.588782533092283e-25,1.0,295.09650846300764,10.0,0.018843469892165014,-5.482732626281947e-05
2,evacuation,2356.0,5.000003607789229,4.990614736477085,0.9981222270924929,1.0009248299990798,0.0018798573763963511,4.575783632812719e-25,1.0,295.1252282661087,10.0,0.018854683831379587,-5.2828612510173023e-05
2,evacuation,2358.0,5.000003477916377,4.9906151839662085,0.9981223425160335,1.00082111175811,0.0018796646039307085,3.7463965953836966e-25,1.0,295.15366849681493,10.0,0.018865793032615964,-5.090132387368877e-05
2,evacuation,2360.0,5.000003352672,4.990615615002147,0.9981224537249888,1.0007211787478578,0.0018794788778638248,3.067340717173501e-25,1.0,295.18183171577164,10.0,0.018876798367547888,-4.904297449185522e-05
2,evacuation,2362.0,5.000003231894969,4.990616030179005,0.9981225608703442,1.0006248955058998,0.0018792999452155311,2.5113676130347996e-25,1.0,295.209720465838,10.0,0.01888770070368569,-4.72511619647907e-05
2,evacuation,2364.0,5.0000031154295685,4.990616430069908,0.9981226640978093,1.000532131293378,0.0018791275618856844,2.0561678239683347e-25,1.0,295.2373372720063,10.0,0.018898500904294534,-4.552356469098149e-05
2,evacuation,2366.0,5.000003003125343,4.990616815227754,0.9981227635479974,1.000442759935998,0.001878961492350889,1.6834756084210484e-25,1.0,295.2646846413294,10.0,0.018909199828316493,-4.385793928264002e-05
2,evacuation,2368.0,5.000002894836897,4.990617186185853,0.9981228593565945,1.0003566596701243,0.0018788015093719188,1.378335995297753e-25,1.0,295.2917650628573,10.0,0.018919798330296684,-4.225211805817727e-05
2,evacuation,2370.0,5.000002790423759,4.990617543458649,0.9981229516545302,1.0002737129938117,0.0018786473937095745,1.12850468781981e-25,1.0,295.3185810075824,10.0,0.018930297260313624,-4.070400660881605e-05
2,evacuation,2372.0,5.0000026897502,4.9906178875423315,0.9981230405681365,1.0001938065226328,0.0018784989338511847,9.239567382524729e-26,1.0,295.34513492839227,10.0,0.01894069746391294,-3.921158143834207e-05
2,evacuation,2374.0,5.000002592685109,4.990618218915489,0.9981231262193044,1.0001168308501536,0.0018783559257452686,7.564842781569879e-26,1.0,295.3714292600304,10.0,0.01895099978204511,-3.777288767334927e-05
2,evacuation,2376.0,5.000002499101809,4.9906185380397,0.9981232087256366,1.000042680412921,0.0018782181725458186,6.193671623425339e-26,1.0,295.3974664190645,10.0,0.018961205051006517,-3.6386036842547195e-05
2,evacuation,2378.0,5.000002408877946,4.990618845360148,0.9981232882005943,0.9999712533598218,0.001878085484364056,5.071033104915817e-26,1.0,295.42324880386195,10.0,0.018971314102384215,-3.5049204722925254e-05
2,evacuation,2380.0,5.00000232189533,4.9906191413061585,0.9981233647536357,0.9999024514256869,0.0018779576780295073,4.151879259128484e-26,1.0,295.44877879457226,10.0,0.018981327763003795,-3.376062925139394e-05
2,evacuation,2382.0,5.000002238039797,4.9906194262917625,0.9981234384903569,0.9998361798090061,0.0018778345768581985,3.399327321620258e-26,1.0,295.4740587531157,10.0,0.01899124685488053,-3.2518608499729557e-05
2,evacuation,2384.0,5.000002157201086,4.990619700716221,0.9981235095126203,0.9997723470536315,0.0018777160104290602,2.7831797406217276e-26,1.0,295.4990910231789,10.0,0.019001072195173822,-3.132149871129573e-05
2,evacuation,2386.0,5.000002079272713,4.990619964964544,0.998123577918685,0.9997108649343482,0.001877601814367794,2.2787124438829108e-26,1.0,295.52387793021626,10.0,0.0190108045961445,-3.016771239781065e-05
2,evacuation,2388.0,5.000002004151845,4.990620219408,0.9981236438033313,0.9996516483461915,0.0018774918301376214,1.8656827391057744e-26,1.0,295.5484217814573,10.0,0.019020444865115164,-2.9055716494469185e-05
2,evacuation,2390.0,5.000001931739164,4.9906204644045475,0.9981237072579783,0.9995946151973971,0.0018773859048375075,1.5275170381156182e-26,1.0,295.57272486591944,10.0,0.019029993804433227,-2.79840305720402e-05
2,evacuation,2392.0,5.000001861938785,4.990620700299371,0.9981237683708029,0.9995396863058733,0.0018772838910062792,1.2506458106869048e-26,1.0,295.5967894544265,10.0,0.01903945221143689,-2.6951225103776334e-05
2,evacuation,2394.0,5.000001794658107,4.990620927425245,0.9981238272268455,0.9994867852990814,0.0018771856464349249,1.0239590818039143e-26,1.0,295.6206177996323,10.0,0.019048820878423675,-2.5955919786478543e-05
2,evacuation,2396.0,5.000001729807729,4.990621146103035,0.9981238839081253,0.9994358385172275,0.001877091033983207,8.383606231670358e-27,1.0,295.644212136049,10.0,0.01905810059262147,-2.4996781913210743e-05
2,evacuation,2398.0,5.000001667301339,4.990621356642084,0.9981239384937409,0.9993867749196519,0.0018769999214042698,6.864029500464119e-27,1.0,295.66757468008046,10.0,0.019067292136162265,-2.407252479703551e-05
2,evacuation,2400.0,5.0000016070555935,4.990621559340605,0.9981239910599723,0.9993395259942699,0.0018769121811736083,5.619874697956483e-27,1.0,295.6907076300597,10.0,0.01907639628605785,-2.3181906242832845e-05
3,adsorption,2400.0,5.0000016070555935,4.990621559340605,0.9981239910599723,0.9993395259942699,0.0018769121811736083,5.619874697956483e-27,1.0,295.6907076300597,10.0,0.01907639628605785,-2.3181906242832845e-05
3,adsorption,2402.0,100.04213888672692,6.969736492995766,0.06966800760714718,1.1124131450754506,0.09268909957221554,0.10211899673763332,1.0051059498368817,295.95763774251253,10.016990947210378,0.019116642967676907,0.07398576167389621
3,adsorption,2404.0,100.04345864682585,7.723562574108831,0.07720207476407435,1.243895874098683,0.17563945607716888,0.08360796301663961,1.004180398150832,296.21569327745044,10.013915287997134,0.019230238538065367,0.05801406598980973
3,adsorption,2406.0,100.04457016492556,9.581843981893671,0.09577575240812969,1.3463663922280718,0.25138918229229706,0.06845241052555531,1.0034226205262777,296.4227274698855,10.011395743856836,0.019321936575910297,0.04489022278841753
3,adsorption,2408.0,100.04485316779484,10.045259964954816,0.10040756367653363,1.434752324427109,0.32044934522078383,0.0693329126270139,1.0034666456313508,296.60301212075086,10.01154215817077,0.01939298087079784,0.044007158572252944
3,adsorption,2410.0,100.04504682452512,10.08768721188489,0.10083145075216247,1.5234077038443654,0.3833538939095066,0.07162429462172805,1.0035812147310863,296.7796276636948,10.011923160611,0.019461824136008103,0.04417716892230354
3,adsorption,2412.0,100.0452382644306,10.082010169793366,0.10077451305723821,1.611656515150383,0.4406268327785194,0.07343070291691112,1.0036715351458456,296.951731653659,10.012223502995727,0.019529339785016843,0.04398282485267128
3,adsorption,2414.0,100.0454236291119,10.083276918484573,0.10078698807718847,1.699284910229785,0.4927496961027275,0.07507379540954254,1.003753689770477,297.1191958150261,10.012496676038497,0.019595257989679433,0.043669856959019045
3,adsorption,2416.0,100.04559187479471,10.085337050082202,0.1008074105124374,1.7863529389965533,0.5401653698378113,0.0767712366655539,1.0038385618332777,297.2823109372794,10.012778869205164,0.01965954203196545,0.04340286815266223
3,adsorption,2418.0,100.0457454364411,10.087160460123918,0.10082548154466274,1.8729123772197083,0.5832811835943892,0.07849412623818904,1.0039247063119094,297.4413407438509,10.013065276793057,0.019722305274047336,0.0431594752946563
3,adsorption,2420.0,100.04588572455113,10.088999346514107,0.10084372059328253,1.959003941829303,0.6224714244850006,0.08023708427223447,1.0040118542136118,297.5965179126433,10.013355003826163,0.01978363453143584,0.04293528139392904
3,adsorption,2422.0,100.04601378565957,10.090854389727937,0.1008621334113998,2.0446657286440417,0.6580797055230185,0.0819993207020142,1.0040999660351007,297.7480584620097,10.01364791840885,0.01984360793030602,0.04272939531448581
3,adsorption,2424.0,100.04613063329182,10.092718884242824,0.10088065195881075,2.1299327943854816,0.6904212706516781,0.08377921529994266,1.0041889607649972,297.8961620281472,10.013943750694786,0.01990229844254783,0.04254029920721329
3,adsorption,2426.0,100.04623720466422,10.094591505091683,0.10089926205261686,2.2148372544381836,0.7197850589407805,0.08557529699310674,1.0042787648496554,298.04101284929527,10.014242255684401,0.0199597735394574,0.04236660190773227
3,adsorption,2428.0,100.04633436901918,10.096473310077531,0.100917973394576,2.2994085382154754,0.7464358393784138,0.08738615149413385,1.0043693075747067,298.1827810312839,10.01454319786875,0.0200160956714137,0.04220696756069337
3,adsorption,2430.0,100.04642292447062,10.098364541491758,0.10093678760624405,2.3836735783863774,0.7706158890604723,0.08921055282914526,1.0044605276414573,298.3216235217397,10.01484637308428,0.020071322492277936,0.04206021863054154
3,adsorption,2432.0,100.0465036106902,10.10026249368166,0.10095567690186051,2.467657036707532,0.792546827262193,0.0910472715061986,1.00455236357531,298.45768520674096,10.015151576629092,0.020125507357483134,0.04192518627997449
3,adsorption,2434.0,100.04657710010844,10.102163950482977,0.10097460846036307,2.551381462376195,0.8124313366676595,0.09289535048255068,1.0046447675241275,298.59109985449066,10.01545864911667,0.020178699457516904,0.04180092670388314
3,adsorption,2436.0,100.04664401128449,10.104069702790362,0.10099358956658958,2.634867441906935,0.8304545740336481,0.0947539166875906,1.0047376958343794,298.72199091963273,10.015767445148676,0.020230944211054466,0.041686574879447866
3,adsorption,2438.0,100.04670492145732,10.105984447667668,0.10101266659008383,2.7181337755994903,0.8467856521489427,0.09662201954989164,1.0048311009774946,298.85047241986143,10.016077806485354,0.020282283678085152,0.04158121655874693
3,adsorption,2440.0,100.04676036027453,10.107904180481201,0.10103179897162101,2.8011976581461915,0.8615788705570541,0.09849876843267778,1.0049249384216339,298.976649716097,10.016389584881036,0.020332756739853835,0.0414839945874755
3,adsorption,2442.0,100.046810801462,10.109825675769851,0.10105095399624789,2.884074765940938,0.8749750493623708,0.10038357007617416,1.0050191785038087,299.1006201877026,10.016702681523332,0.020382399172281872,0.04139429787978942
3,adsorption,2444.0,100.04685669103432,10.11175369554174,0.10107017881400268,2.966779375405544,0.887102583494857,0.10227569298191164,1.0051137846490956,299.22247384414527,10.01701697466188,0.020431244151866822,0.04131141689871077
3,adsorption,2446.0,100.04689843433309,10.113684565962398,0.10108943629672468,3.0493245224258256,0.8980784003722375,0.1041745042073848,1.0052087252103692,299.3422939612159,10.017332358945152,0.020479322323418717,0.041234729292224916
3,adsorption,2448.0,100.04693639870369,10.115618756840048,0.10110873077140137,3.131722070232826,0.9080090945401433,0.10607950340270757,1.0053039751701354,299.46015764711666,10.01764875106834,0.020526661978695154,0.04116372789120015
3,adsorption,2450.0,100.04697092566752,10.117556761255967,0.10112806682346302,3.2139828243193946,0.9169916696404273,0.10799012506487385,1.0053995062532437,299.5761363213961,10.017966056927095,0.020573289360368698,0.04109786226625089
3,adsorption,2452.0,100.04700232311488,10.119497051820256,0.10114742887685947,3.2961166294926416,0.925114473220966,0.10990593715285683,1.005495296857643,299.6902962463544,10.018284204602908,0.02061922872158232,0.041036696629632205
3,adsorption,2454.0,100.04703087604547,10.121440600761513,0.10116682636290925,3.378132438690309,0.9324578920882007,0.11182649104102971,1.0055913245520516,299.80269891540877,10.018603119441227,0.020664502566294526,0.0409797897504816
3,adsorption,2456.0,100.04705684095039,10.123386371048896,0.10118624865839412,3.4600383900336156,0.9390949403490263,0.11375142025554881,1.0056875710127775,299.91340141058146,10.018922740446431,0.020709131709697168,0.04092677359513621
3,adsorption,2458.0,100.04708045534953,10.125334375116035,0.10120569564880925,3.541841877645715,0.9450919516509219,0.11568033989063244,1.0057840169945316,300.02245679369054,10.019243003577923,0.020753135491018128,0.04087727204497021
3,adsorption,2460.0,100.04710193307314,10.12728481154937,0.1012251691040891,3.6235496257892206,0.9505092846005505,0.11761294814067462,1.0058806474070336,300.12991450975966,10.019563858607215,0.020796531855082796,0.040830982114415826
3,adsorption,2462.0,100.04712147104524,10.129236775486467,0.10124465978182072,3.705167751310736,0.9554017742954635,0.11954893655469667,1.005977446827735,300.2358206676073,10.019885254215284,0.02083933751593605,0.04078760109605722
3,adsorption,2464.0,100.04713924838026,10.131190838416291,0.10126417321403133,3.7867017976115283,0.9598191671427522,0.1214880283771252,1.0060744014188563,300.3402182686404,10.020207144357357,0.020881568012479278,0.04074685744577573
3,adsorption,2466.0,100.0471554273616,10.133146615301696,0.10128370538889314,3.8681567991236268,0.9638066126650943,0.12342998768802517,1.0061714993844013,300.4431475076109,10.020529489778422,0.020923237815409595,0.04070851765208794
3,adsorption,2468.0,100.04717015617557,10.135103695250098,0.10130325205029793,3.9495373277780996,0.9674050943703526,0.12537457809086744,1.0062687289045433,300.544646020183,10.020852251154324,0.02096436044830517,0.040672352304623134
3,adsorption,2470.0,100.04718357071272,10.137062390836153,0.1013228161857384,4.030847528583225,0.9706517958825768,0.1273215892768872,1.0063660794638443,300.6447490875989,10.021175393500526,0.021004948545028452,0.04063815744014093
3,adsorption,2472.0,100.04719579315439,10.139022408937883,0.10134239474237851,4.112091161961069,0.9735804310411906,0.1292708383634364,1.0064635419181718,300.74348983745875,10.021498886392855,0.02104501392388866,0.040605755303258356
3,adsorption,2474.0,100.04720693526686,10.140983512046494,0.10136198523371048,4.193271636984546,0.9762215552534315,0.13122214485718975,1.0065611072428595,300.84089942227513,10.021822699811395,0.021084567671824702,0.04057497361353354
3,adsorption,2476.0,100.04721709901165,10.142945872709555,0.10138158928170483,4.274392040856596,0.9786028557559241,0.13317534825844024,1.006658767412922,300.9370071839936,10.022146807061473,0.021123620193884744,0.04054565971925137
3,adsorption,2478.0,100.04722637629813,10.144909269759097,0.10140120458314371,4.355455171854292,0.980749415379617,0.1351303064224265,1.0067565153211213,301.03184081339293,10.022471184500725,0.021162181274660352,0.04051767896248267
3,adsorption,2480.0,100.04723485101435,10.146873560525314,0.10142082962748108,4.436463564572948,0.9826839504350423,0.13708688082024492,1.0068543440410123,301.12542648666243,10.022795809092763,0.02120026014001236,0.040490902341089784
3,adsorption,2482.0,100.04724259962572,10.148838835281422,0.10144046523996246,4.517419512550603,0.9844270268798319,0.1390449481400914,1.0069522474070045,301.2177889894262,10.023120660331616,0.021237865495694126,0.04046521585226633
3,adsorption,2484.0,100.04724969054278,10.15080492925024,0.10146010970464257,4.598325092424387,0.9859972581223263,0.14100439749910806,1.0070502198749554,301.30895183558835,10.023445719778412,0.02127500557438371,0.04044051796966588
3,adsorption,2486.0,100.04725618711392,10.152771754427464,0.10147976207802428,4.679182183220282,0.9874114858041433,0.1429651219187219,1.0071482560959362,301.3989373718137,10.023770969646659,0.021311688181212467,0.04041671241504902
3,adsorption,2488.0,100.04726214606622,10.154739352885693,0.10149942272343301,4.759992483957044,0.9886849443605084,0.14492702588983536,1.0072463512944918,301.48776687289507,10.024096394056857,0.02134792072457036,0.04039371424971915
3,adsorption,2490.0,100.0472676186042,10.156707601306325,0.10151909035662303,4.840757531613246,0.9898314105918181,0.14689002243686938,1.0073445011218434,301.5754606314514,10.024421978548935,0.021383710252288298,0.04037144726563188
3,adsorption,2492.0,100.04727265190243,10.158676444921312,0.1015387643825805,4.921478715603748,0.9908633396560991,0.1488540283210548,1.0074427014160527,301.66203803682873,10.024747709286308,0.021419063484944656,0.04034983985696257
3,adsorption,2494.0,100.04727728834756,10.160645896253493,0.10155844488370597,5.002157291108202,0.9917919874590391,0.15081896870703818,1.007540948435352,301.7475176467401,10.025073573829523,0.02145398683972553,0.04032882876910224
3,adsorption,2496.0,100.04728156584044,10.162615862313693,0.1015781308922996,5.082794392989543,0.9926275283928856,0.1527847749790862,1.0076392387489543,301.83191725790965,10.025399560773717,0.02148848645899311,0.04030835713424895
3,adsorption,2498.0,100.04728551958736,10.164586307060612,0.10159782201257805,5.163391045172076,0.9933791438998779,0.15475138159769913,1.0077375690798849,301.9152539576843,10.02572565922706,0.021522568231722605,0.04028837176114416
3,adsorption,2500.0,100.04728918092161,10.16655723522088,0.10161751826015071,5.243948173057436,0.9940551349299815,0.15671872949194626,1.0078359364745972,301.99754419052033,10.026051859373041,0.021556237816859503,0.04026882582724171
3,adsorption,2502.0,100.04729257825404,10.168528564511563,0.10163721878388705,5.3244666127757725,0.9946629992036369,0.1586867639315673,1.0079343381965784,302.0788038049026,10.026378152117347,0.02158950066249191,0.040249677004694825
3,adsorption,2504.0,100.0472957374397,10.170500273690374,0.10165692334534902,5.404947118595218,0.9952095025704949,0.16065543246914957,1.0080327716234574,302.1590480949827,10.026704528746466,0.02162236202291757,0.04023088565998376
3,adsorption,2506.0,100.04729868184938,10.17247236385421,0.10167663193188946,5.4853903705286715,0.9957007475516902,0.1626246879547396,1.0081312343977369,302.2382918415187,10.027030981427316,0.021654826971959352,0.04021241730663094
3,adsorption,2508.0,100.0473014324035,10.174444762774469,0.10169634380042508,5.5657969822664555,0.9961422394369592,0.1645944862627101,1.0082297243131355,302.3165493523629,10.027357502830151,0.021686900420019764,0.040194240604845125
3,adsorption,2510.0,100.04730400825831,10.176417459067205,0.10171605881780885,5.646167507273407,0.9965389454243708,0.16656478493691823,1.008328239246846,302.39383449722646,10.027684085903847,0.021718587128188454,0.04017632615260112
3,adsorption,2512.0,100.04730642664782,10.178390450000785,0.10173577693931543,5.7265024445391965,0.9968953457817611,0.16853554580226343,1.0084267772901134,302.4701607386891,10.028010724308638,0.021749891718028245,0.04015864862795942
3,adsorption,2514.0,100.04730870306628,10.18036367224589,0.10175549751628533,5.806802244122746,0.9972154795585353,0.170506732703128,1.0085253366351563,302.5455411606564,10.028337412041086,0.021780818683875894,0.040141184817604716
3,adsorption,2516.0,100.04731085162659,10.182337121763732,0.10177522049407672,5.887067311395168,0.9975029869712028,0.1724783107805057,1.0086239155390253,302.61998849341023,10.028664143314192,0.021811372402691057,0.040123912959148904
3,adsorption,2518.0,100.04731288499987,10.184310791270148,0.10179494578706559,5.967298011569441,0.9977611489433955,0.17445024866072864,1.0087225124330363,302.6935151380214,10.028990912919992,0.021841557141628797,0.04010681454609857
3,adsorption,2520.0,100.04731481464574,10.186284628710617,0.1018146728633587,6.047494673785974,0.9979929206971432,0.17642251627365693,1.0088211258136828,302.76613318758046,10.029317715867867,0.02187137706748005,0.04008987243150641
3,adsorption,2522.0,100.047316650923,10.188258630977442,0.10183440168141131,6.127657594693867,0.9982009673950113,0.17839508461166217,1.008919754230583,302.83785444864327,10.029644547344535,0.021900836254892243,0.040073070581003754
3,adsorption,2524.0,100.04731840322225,10.19023278667473,0.1018541321178133,6.207787041047361,0.9983876863173285,0.18036792730593645,1.009018396365297,302.9086904553119,10.029971402975152,0.02192993869017703,0.04005639539057921
3,adsorption,2526.0,100.04732007975394,10.192207058676681,0.10187386379317145,6.287883253044496,0.9985552352622498,0.1823410190252404,1.009117050951262,302.9786524872796,10.030298278557895,0.02195868827918409,0.04003983428375511
3,adsorption,2528.0,100.04732168839182,10.194181438643593,0.10189359661615399,6.367946446920476,0.998705557475774,0.18431433533563923,1.009215716766782,303.0477515853286,10.030625170040674,0.021987088853087505,0.04002337556192031
3,adsorption,2530.0,100.04732323580788,10.196155915652152,0.10191333047082314,6.447976817361355,0.9988404027387207,0.18628785367842393,1.0093143926839212,303.1159985648924,10.03095207368307,0.022015144172580933,0.04000700921382654
3,adsorption,2532.0,100.04732472815866,10.198130460916571,0.10193306506322074,6.527974539659355,0.9989613457219217,0.1882615523388265,1.0094130776169414,303.18340402804597,10.031278985885413,0.022042857932901717,0.03999072601045051
3,adsorption,2534.0,100.04732617113578,10.200105065056787,0.10195280029382309,6.607939771468475,0.999069802895671,0.19023541038042244,1.009511770519021,303.2499783743421,10.031605903177889,0.02207023376770336,0.03997451743013513
3,adsorption,2536.0,100.04732756966602,10.20207971624135,0.10197253603937924,6.6878726546081975,0.9991670482383593,0.1922094082215093,1.0096104704110755,303.3157318112177,10.031932822315936,0.022097275252316126,0.0399583761336646
3,adsorption,2538.0,100.04732892823836,10.204054391951399,0.10199227207025716,6.7677733167012315,0.9992542273412409,0.19418352697676589,1.0097091763488384,303.3806743634537,10.032259740171149,0.022123985907536566,0.03994229538151541
3,adsorption,2540.0,100.04733025101197,10.206029082708234,0.10201200828749751,6.847641872580581,0.9993323707457549,0.19615774840008363,1.0098078874200045,303.4448158820506,10.032586653721795,0.022150369202764055,0.03992626896954293
3,adsorption,2542.0,100.0473315415718,10.20800377613732,0.10203174456377856,6.927478425424471,0.9994024038075536,0.19813205527070785,1.0099066027635355,303.5081660510359,10.032913560116695,0.022176428557949466,0.03991029155105878
3,adsorption,2544.0,100.04733280320629,10.209978453735584,0.1020514807108219,7.007283068199864,0.9994651592333192,0.20010643092967273,1.0100053215464837,303.57073439618847,10.033240456598426,0.02220216734702753,0.03989435822082462
3,adsorption,2546.0,100.04733403897129,10.211953105836708,0.1020712166289095,7.08705588456874,0.9995213856242816,0.20208085922029348,1.0101040429610146,303.63253029103555,10.033567340493436,0.022227588899900785,0.03987846445529303
3,adsorption,2548.0,100.04733525144704,10.21392772185556,0.1020909522096225,7.1667969497750015,0.9995717553397849,0.20405532481268157,1.010202766240634,303.69356296252425,10.033894209265744,0.02225269650402623,0.03986260638509894
3,adsorption,2550.0,100.04733644303697,10.215902284276194,0.10211068727544514,7.246506331530216,0.9996168720865223,0.20602981280636723,1.0103014906403183,303.7538414966162,10.034221060451111,0.022277493406522263,0.03984678044282969
3,adsorption,2552.0,100.04733761598027,10.217876784225005,0.10213042173540993,7.326184090735189,0.9996572777845729,0.20800430871543776,1.0104002154357719,303.81337484333454,10.034547891654556,0.022301982815781142,0.039830983343580775
3,adsorption,2554.0,100.04733877213789,10.219851212059867,0.10215015549125214,7.405830282308293,0.9996934598133527,0.209978798728824,1.0104989399364412,303.8721718222846,10.034874700593418,0.022326167903107322,0.0398152123023633
3,adsorption,2556.0,100.04733991326404,10.221825551886717,0.10216988838232503,7.485444955687221,0.9997258552492422,0.2119532693632862,1.0105976634681644,303.930241126046,10.035201485039886,0.02235005180389565,0.0397994647297822
3,adsorption,2558.0,100.04734104097024,10.223799795513237,0.10218962032510694,7.56502815538728,0.9997548562812646,0.21392770749837853,1.010696385374919,303.98759132442717,10.035528242826762,0.0223736376189237,0.03978373825775117
3,adsorption,2560.0,100.0473421566238,10.225773932815867,0.10220935121702134,7.644579921565502,0.9997808150168942,0.21590210054427586,1.0107951050272137,304.0442308684373,10.03585497187523,0.02239692841544105,0.03976803088072713
3,adsorption,2562.0,100.0473432614852,10.227747950678422,0.10222908092568767,7.724100290491479,0.9998040475733406,0.21787643619150437,1.0108938218095753,304.1001680937623,10.036181670153393,0.022419927228367886,0.03975234073433072
3,adsorption,2564.0,100.0473443567268,10.229721840594447,0.10224880936488986,7.803589294914064,0.9998248376138187,0.21985070244153654,1.0109925351220768,304.1554112238343,10.036508335681338,0.02244263706112547,0.039736666119912036
3,adsorption,2566.0,100.04734544333708,10.231695592865794,0.10226853643668767,7.883046964435598,0.9998434395711042,0.2218248877101615,1.0110912443855082,304.20996837277113,10.03683496654821,0.022465060886370777,0.03972100559252917
3,adsorption,2568.0,100.04734652223144,10.233669196019802,0.10228826202547799,7.962473325852943,0.9998600816280664,0.22379898066435694,1.011189949033218,304.2638475481666,10.03716156088521,0.022487201646877755,0.039705357816575776
3,adsorption,2570.0,100.04734759425249,10.235642641592145,0.10230798604580062,8.041868403442008,0.9998749684200019,0.22577297024171133,1.0112886485120856,304.31705665368054,10.037488116868783,0.022509062256209994,0.03968972158155073
3,adsorption,2572.0,100.04734866011682,10.237615920340623,0.10232770840454843,8.12123221923619,0.9998882834444557,0.22774684571009718,1.0113873422855049,304.3696034914799,10.037814632730493,0.022530645599311436,0.03967409585314657
3,adsorption,2574.0,100.0473497204851,10.2395890220207,0.10234742899865246,8.200564793270777,0.9999001912123927,0.22972059656249388,1.0114860298281247,304.4214957645071,10.038141106739593,0.022551954533156424,0.039658479680380915
3,adsorption,2576.0,100.04735077596342,10.24156193833008,0.10236714774451214,8.279866143788293,0.9999108391841057,0.2316942125288791,1.011584710626444,304.4727410785953,10.038467537204975,0.022572991887257934,0.03964287220576429
3,adsorption,2578.0,100.04735182706882,10.243534660496405,0.1023868645539193,8.359136287439139,0.9999203595163535,0.23366768360983084,1.0116833841804918,304.5233469444859,10.038793922480732,0.02259376046412825,0.03962727269456682
3,adsorption,2580.0,100.04735287427732,10.245507179197597,0.1024065793332126,8.438375239459077,0.9999288706351398,0.2356410000081675,1.0117820500004084,304.57332077972745,10.039120260954826,0.022614263039774707,0.03961168047479512
3,adsorption,2582.0,100.04735391802323,10.247479486386945,0.1024262920015208,8.517583013819806,0.9999364786476881,0.2376141521361263,1.0118807076068064,304.62266991046033,10.03944655105027,0.022634502364099692,0.039596094943858996
3,adsorption,2584.0,100.04735495867895,10.24945157374177,0.1024460024752773,8.596759623373655,0.9999432786095159,0.23958713063336087,1.0119793565316682,304.67140157312014,10.039772791228083,0.022654481161267177,0.03958051558481215
3,adsorption,2586.0,100.04735599658592,10.251423432666897,0.10246571066822319,8.675905079981197,0.9999493556626895,0.24155992632223655,1.0120779963161117,304.7195229160506,10.040098979979893,0.022674202130086182,0.03956494192755658
3,adsorption,2588.0,100.047357032055,10.253395055414174,0.10248541650259688,8.755019394620687,0.9999547860588646,0.2435325302117742,1.0121766265105887,304.7670410010338,10.040425115828587,0.02269366794433094,0.0395493735531129
3,adsorption,2590.0,100.04735806535291,10.255366434090856,0.1025051198992366,8.834102577492276,0.9999596380782264,0.24550493350663935,1.012275246675332,304.81396280475764,10.040751197329769,0.02271288125303921,0.03953381010238144
3,adsorption,2592.0,100.04735909672422,10.25733756069112,0.10252482077787266,8.913154638109834,0.9999639728544699,0.24747712757747592,1.0123738563788738,304.86029522021477,10.041077223066859,0.02273184468081794,0.03951825125089298
3,adsorption,2594.0,100.04736012639022,10.259308427788971,0.10254451906405475,8.992175585380197,0.9999678451153046,0.2494491039629088,1.0124724551981454,304.90604505803987,10.041403191651405,0.02275056082810691,0.03950269671166881
3,adsorption,2596.0,100.04736115454139,10.261279027892906,0.10256421468270903,9.071165427677984,0.9999713038470531,0.2514208543731707,1.0125710427186585,304.9512190477968,10.041729101723684,0.0227690322714272,0.03948714623954083
3,adsorption,2598.0,100.047362181352,10.26324935349742,0.10258390755863832,9.150124172911397,0.9999743928911184,0.25339237067029324,1.0126696185335147,304.9958238392146,10.042054951949414,0.02278726156363295,0.03947159961480758
3,adsorption,2600.0,100.0473632069789,10.265219397500196,0.10260359762069307,9.229051828579403,0.9999771514792233,0.25536364486873475,1.0127681822434367,305.0398660033756,10.042380741019842,0.022805251234134457,0.03945605664506884
3,adsorption,2602.0,100.04736423155762,10.267189152788506,0.10262328479764148,9.307948401825268,0.9999796147135501,0.257334669136045,1.0128667334568022,305.08335203386525,10.042706467651858,0.022823003789111833,0.039440517167106344
3,adsorption,2604.0,100.0473652552116,10.269158612290038,0.10264296901866794,9.38681389948358,0.9999818139973926,0.2593054357794349,1.0129652717889717,305.1262883478815,10.043032130585757,0.022840521711728852,0.03942498103630628
3,adsorption,2606.0,100.04736627805153,10.27112776922202,0.10266265021586388,9.46564832812129,0.9999837774213861,0.2612759372454761,1.013063796862274,305.16868128730806,10.04335772858519,0.02285780746232829,0.03940944812778416
3,adsorption,2608.0,100.04736730017301,10.27309661682787,0.10268232832159796,9.544451694075878,0.9999855301098164,0.2632461661192475,1.0131623083059624,305.21053711975645,10.043683260437007,0.022874863478620482,0.0393939183370202
3,adsorption,2610.0,100.04736832166297,10.275065148418761,0.1027020032689249,9.623224003488803,0.9999870945310998,0.2652161151149887,1.0132608057557495,305.2518620395767,10.044008724949713,0.022891692175871635,0.03937839157296841
3,adsorption,2612.0,100.04736934259898,10.277033357523841,0.10272167499308754,9.701965262334827,0.999988490776103,0.2671857770752661,1.0133592888537633,305.29266216883985,10.044334120953312,0.02290829594707955,0.03936286775876216
3,adsorption,2614.0,100.04737036304802,10.279001237719312,0.10274134342981002,9.780675476449067,0.9999897368075746,0.26915514496931536,1.0134577572484658,305.33294355829537,10.044659447299049,0.022924677163145248,0.03934734683168193
3,adsorption,2616.0,100.04737138307063,10.280968782664303,0.10276100851565183,9.859354651550683,0.9999908486836668,0.27112421188641583,1.0135562105943208,305.372712188303,10.044984702858272,0.022940838173043595,0.03933182873870444
3,adsorption,2618.0,100.04737240272073,10.282935986187322,0.10278067018887228,9.938002793263681,0.9999918407582092,0.27309297103470487,1.0136546485517353,305.4119739697427,10.04530988652227,0.02295678130398587,0.03931631343691006
3,adsorption,2620.0,100.04737342204602,10.284902842178397,0.10280032838835189,10.01661990713578,0.9999927258581903,0.27506141573927656,1.0137530707869638,305.45073474489317,10.045634997201919,0.022972508861574988,0.03930080089323763
3,adsorption,2622.0,100.04737444108571,10.286869344610961,0.10281998305381346,10.09520599865582,0.9999935154519378,0.2770295394368685,1.0138514769718434,305.48900028833935,10.045960033826823,0.02298802312998199,0.039285291081205716
3,adsorption,2624.0,100.04737545987925,10.288835487569964,0.10283963412609427,10.173761073265492,0.9999942197734633,0.2789973356727648,1.0139498667836382,305.52677630771274,10.046284995344779,0.023003326372052216,0.03926978397957688
3,adsorption,2626.0,100.04737647845566,10.290801265380004,0.10285928154843763,10.25228513637697,0.9999948479792089,0.2809647981088227,1.0140482399054414,305.5640684446808,10.046609880723103,0.02301842082951926,0.03925427958101105
3,adsorption,2628.0,100.0473774968427,10.292766672087302,0.10287892526130554,10.33077819338471,0.9999954082531727,0.2829319205045132,1.0141465960252256,305.60088227571487,10.046934688945495,0.023033308723146212,0.03923877787648098
3,adsorption,2630.0,100.04737851507113,10.294731702240064,0.10289856521017456,10.409240249672223,0.9999959079028169,0.28489869672021834,1.014244934836011,305.63722331284794,10.047259419012574,0.023047992252850893,0.03922327885968325
3,adsorption,2632.0,100.0473795331534,10.296696350344321,0.10291820134011838,10.487671310621428,0.9999963534513003,0.28686512072737075,1.0143432560363685,305.67309700445867,10.04758406994355,0.023062473597842574,0.039207782537544394
3,adsorption,2634.0,100.0473805511141,10.298660610736164,0.10293783359449965,10.566071381622114,0.9999967507206643,0.28883118658887136,1.0144415593294438,305.708508736031,10.047908640772985,0.023076754916775338,0.03919228891400697
3,adsorption,2636.0,100.04738156896894,10.300624478285338,0.1029574619220241,10.644440468079686,0.9999971049190174,0.29079688846553975,1.014539844423277,305.7434638310256,10.048233130551848,0.02309083834793641,0.0391767979972621
3,adsorption,2638.0,100.04738258673073,10.302587947581756,0.10297708626860358,10.722778575419609,0.9999974206906083,0.29276222061344287,1.0146381110306721,305.7779675514797,10.04855753834707,0.02310472600932512,0.039161309798646085
3,adsorption,2640.0,100.04738360441212,10.304551013478616,0.10299670658278147,10.801085709092307,0.9999977021798486,0.2947271773820403,1.014736358869102,305.8120250987843,10.048881863241242,0.023118419998814952,0.03914582433236747
3,adsorption,2642.0,100.0473846220219,10.30651367088782,0.1030163228136921,10.879361874579665,0.9999979530878046,0.2966917532136611,1.014834587660683,305.8456416144409,10.049206104332507,0.023131922394309976,0.03913034161635539
3,adsorption,2644.0,100.04738563956924,10.308475914735634,0.10303593491061279,10.957607077399524,0.9999981767199116,0.29865594263794276,1.014932797131897,305.87882218077647,10.049530260733654,0.023145235253890815,0.03911486166856045
3,adsorption,2646.0,100.04738665706128,10.310437740112734,0.10305554282446647,11.035821323108317,0.9999983760268517,0.30061974027232685,1.0150309870136163,305.9115718216299,10.04985433157218,0.023158360615947733,0.03909938450870445
3,adsorption,2648.0,100.04738767450348,10.312399142144967,0.10307514650652917,11.114004617304277,0.999998553641566,0.30258314082170507,1.0151291570410852,305.9438955030341,10.050178315990237,0.023171300499316563,0.0390839101592306
3,adsorption,2650.0,100.04738869190031,10.314360116014173,0.10309474590863768,11.192156965630126,0.9999987119133057,0.3045461390741182,1.0152273069537059,305.9757981338974,10.050502213143917,0.023184056903421364,0.03906843864268241
3,adsorption,2652.0,100.04738970925715,10.316320657025067,0.103114340983856,11.270278373775204,0.9999988529380006,0.30650872990031397,1.0153254364950157,306.0072845666689,10.050826022203163,0.023196631808411174,0.03905296998254074
3,adsorption,2654.0,100.04739072657416,10.318280760530323,0.10313393168573287,11.348368847477591,0.9999989785867129,0.30847090825328766,1.0154235454126643,306.03835959802984,10.051149742351702,0.02320902717531208,0.03903750420404606
3,adsorption,2656.0,100.04739174385561,10.320240421907762,0.10315351796806414,11.426428392524766,0.9999990905264158,0.31043266916283435,1.0155216334581416,306.0690279694612,10.051473372786145,0.023221244946131793,0.03902204133043439
3,adsorption,2658.0,100.04739276110148,10.322199636803576,0.10317309978733256,11.504457014756513,0.999999190246248,0.31239400774420134,1.01561970038721,306.09929436800587,10.05179691271739,0.023233287044043982,0.03900658139199341
3,adsorption,2660.0,100.04739377831027,10.324158400587649,0.10319267709726059,11.582454720066835,0.9999992790750966,0.3143549191841334,1.0157177459592066,306.12916342686634,10.052120361368328,0.023245155373520298,0.03899112441456153
3,adsorption,2662.0,100.04739479548894,10.326116709008131,0.10321224985534283,11.660421514402735,0.9999993581976893,0.31631539874174547,1.0158157699370873,306.1586397259991,10.052443717973992,0.023256851820452746,0.03897567042147295
3,adsorption,2664.0,100.04739581262876,10.328074557847248,0.10323181801943074,11.738357403764718,0.9999994286699907,0.31827544175915884,1.0159137720879579,306.18772779273064,10.052766981783288,0.023268378252282187,0.03896021944431605
3,adsorption,2666.0,100.04739682973432,10.330031942668217,0.10325138154517288,11.816262394208769,0.9999994914330378,0.32023504364530814,1.0160117521822654,306.21643210235806,10.053090152056335,0.023279736518143346,0.03894477150933499
3,adsorption,2668.0,100.04739784680415,10.331988859505802,0.10327094039293734,11.894136491846377,0.99999954732744,0.32219419988170667,1.0161097099940852,306.24475707883965,10.053413228065402,0.023290928449037126,0.03892932664380598
3,adsorption,2670.0,100.04739886383607,10.333945304143333,0.10329049452057992,11.971979702844335,0.9999995971016769,0.32415290601988367,1.0162076453009943,306.2727070952748,10.05373620909449,0.023301955857917847,0.03891388487470452
3,adsorption,2672.0,100.04739988082906,10.335901272591194,0.10331004388822447,12.049792033424039,0.9999996414227029,0.3261111576814835,1.0163055578840743,306.30028647452536,10.054059094439339,0.0233128205398451,0.03889844622988792
3,adsorption,2674.0,100.04740089778005,10.337856760884533,0.10332958845624464,12.127573489862883,0.9999996808852897,0.32806895055759644,1.0164034475278798,306.32749948982365,10.054381883407316,0.02332352427213339,0.03888301073850879
3,adsorption,2676.0,100.04740191468754,10.339811765069886,0.10334912818512622,12.205324078494426,0.9999997160198978,0.33002628040387133,1.0165013140201935,306.3543503653488,10.0547045753166,0.023334068814493635,0.03886757842758552
3,adsorption,2678.0,100.04740293154973,10.341766281337563,0.10336866303679242,12.283043805707553,0.9999997472994098,0.33198314304220006,1.01659915715211,306.3808432767819,10.05502716949647,0.023344455909163224,0.038852149324531446
3,adsorption,2680.0,100.047403948363,10.34372030588337,0.10338819297322324,12.360732677946448,0.9999997751452093,0.3339395343603209,1.016696976718016,306.4069823518588,10.055349665287217,0.023354687281039486,0.038836723457762685
3,adsorption,2682.0,100.04740496512537,10.345673834949798,0.1034077179568636,12.438390701710276,0.9999997999327707,0.33589545030798174,1.0167947725153992,306.4327716709239,10.055672062039516,0.023364764637819037,0.03882130085417083
3,adsorption,2684.0,100.04740598183427,10.347626864889019,0.10342723795125534,12.516017883552706,0.9999998219966917,0.3378508868977676,1.0168925443448884,306.4582152674781,10.055994359114576,0.023374689670133685,0.038805881540821124
3,adsorption,2686.0,100.04740699848645,10.349579392068993,0.1034467529200988,12.593614230081762,0.9999998416351393,0.3398058402043728,1.0169902920102187,306.48331712871925,10.056316555883983,0.02338446405168676,0.03879046554521152
3,adsorption,2688.0,100.0474080150791,10.351531412912362,0.1034662628276405,12.671179747959307,0.9999998591137822,0.34176030636202864,1.0170880153181014,306.50808119607416,10.056638651729303,0.02339408943938994,0.03877505289384105
3,adsorption,2690.0,100.04740903160952,10.353482923925416,0.10348576763896285,12.748714443900552,0.9999998746693055,0.34371428156466904,1.0171857140782334,306.5325113657249,10.056960646042084,0.023403567473497592,0.0387596436132535
3,adsorption,2692.0,100.04741004807434,10.355433921642598,0.10350526731943038,12.826218324673674,0.9999998885125574,0.3456677620649926,1.0172833881032497,306.5566114891292,10.057282538223719,0.023412899777742236,0.03874423773005737
3,adsorption,2694.0,100.04741106447118,10.357384402652066,0.10352476183494345,12.903691397099266,0.9999999008313297,0.34762074417259176,1.0173810372086296,306.58038537352877,10.057604327685114,0.02342208795946741,0.038728835270078046
3,adsorption,2696.0,100.04741208079597,10.359334363612142,0.10354425115210562,12.981133668049686,0.9999999117929831,0.34957322425376874,1.0174786612126887,306.6038367824799,10.057926013846664,0.023431133609771733,0.03871343625905466
3,adsorption,2698.0,100.04741309704646,10.361283801186424,0.10356373523757109,13.058545144447944,0.9999999215463742,0.35152519872880683,1.0175762599364404,306.6269694362911,10.058247596137809,0.023440038303615664,0.03869804072094584
3,adsorption,2700.0,100.04741411321888,10.363232712226745,0.10358321405987735,13.135925833268384,0.9999999302242718,0.3534766640782941,1.0176738332039148,306.6497870126125,10.058569073998054,0.023448803599991443,0.03868264868455787
3,adsorption,2702.0,100.0474151293078,10.365181093376554,0.10360268758548054,13.213275741536592,0.9999999379449659,0.3554276168315952,1.0177713808415798,306.67229314689683,10.058890446875084,0.023457431042051648,0.038667260173791344
3,adsorption,2704.0,100.04741614531648,10.36712894157893,0.10362215578382278,13.290594876327383,0.999999944813758,0.35737805356917024,1.0178689026784584,306.6944914328608,10.05921171422513,0.023465922157229042,0.03865187521055457
3,adsorption,2706.0,100.0474171612335,10.369076253782053,0.10364161862441242,13.367883244763917,0.9999999509243557,0.3593279709307397,1.017966398546537,306.7163854229613,10.05953287551432,0.02347427845736116,0.03863649382300402
3,adsorption,2708.0,100.04741817706147,10.371023026744156,0.10366107607484458,13.44514085401825,0.9999999563601298,0.36127736560105345,1.0180638682800527,306.7379786288617,10.059853930216327,0.0234825014388292,0.038621116033267684
3,adsorption,2710.0,100.04741919279573,10.372969257656202,0.10368052810704728,13.522367711310356,0.9999999611954551,0.3632262343180404,1.018161311715902,306.759274521969,10.060174877813715,0.023490592582714204,0.03860574186569744
3,adsorption,2712.0,100.04742020843277,10.374914943402434,0.10369997468988168,13.599563823907493,0.9999999654964565,0.3651745738675108,1.0182587286933755,306.78027653380667,10.06049571779705,0.02349855335489103,0.03859037134269159
3,adsorption,2714.0,100.04742122397063,10.376860081131383,0.10371941579484871,13.676729199122455,0.999999969321971,0.36712238108488965,1.0183561190542445,306.8009880564981,10.060816449665204,0.023506385206169142,0.03857500448704577
3,adsorption,2716.0,100.04742223940443,10.378804667973803,0.10373885139327495,13.753863844314381,0.9999999727243901,0.3690696528560078,1.0184534826428004,306.8214124432406,10.061137072925458,0.02351408957243135,0.03855964132336816
3,adsorption,2718.0,100.047423254732,10.380748701036975,0.10375828145624921,13.83096776688836,0.9999999757503728,0.3710163861110836,1.0185508193055541,306.84155300875494,10.06145758709253,0.023521667874768868,0.03854428187326209
3,adsorption,2720.0,100.04742426995084,10.382692177588709,0.10377770595646553,13.908040974294087,0.9999999784414607,0.37296257782756337,1.0186481288913782,306.8614130297179,10.061777991689024,0.023529121519603607,0.03852892615861683
3,adsorption,2722.0,100.04742528505655,10.384635094865235,0.10379712486630402,13.985083474025597,0.9999999808346182,0.3749082250303531,1.0187454112515177,306.8809957451945,10.062098286245478,0.02353645189881413,0.038513574202481214
3,adsorption,2724.0,100.0474263000469,10.386577450129023,0.10381653815840496,14.062095273620548,0.9999999829627365,0.37685332478757233,1.0188426662393786,306.9003043570703,10.062418470299658,0.02354366038986666,0.03849822602583361
3,adsorption,2726.0,100.04742731491916,10.38851924075388,0.10383594580652185,14.139076380659471,0.999999984855089,0.3787978742123655,1.0189398937106182,306.9193420304791,10.062738543396842,0.023550748355941276,0.03848288164989293
3,adsorption,2728.0,100.04742832966961,10.390460464098133,0.10385534778425466,14.216026802765457,0.9999999865377273,0.38074187046242297,1.0190370935231212,306.93811189422627,10.063058505089764,0.023557717146059344,0.038467541096310155
3,adsorption,2730.0,100.0474293442957,10.39240111756194,0.10387474406562025,14.292946547603437,0.9999999880338324,0.38268531073739326,1.0191342655368696,306.9566170412044,10.063378354938155,0.023564568095210636,0.038452204385421386
3,adsorption,2732.0,100.04743035879486,10.394341198622506,0.10389413462540543,14.369835622879558,0.9999999893640314,0.3846281922798623,1.0192314096139932,306.97486052880527,10.063698092508936,0.023571302524477884,0.03843687153776044
3,adsorption,2734.0,100.04743137316348,10.396280704757896,0.10391351943840682,14.446694036340759,0.9999999905466762,0.3865705123744453,1.0193285256187223,306.99284537932687,10.064017717376032,0.02357792174116186,0.038421542573824775
3,adsorption,2736.0,100.04743238739923,10.398219633492744,0.10393289847988521,14.523521795774078,0.9999999915980938,0.3885122683462015,1.01942561341731,307.0105745803763,10.064337229120131,0.023584427038906623,0.03840621751321573
3,adsorption,2738.0,100.04743340149932,10.400157982408693,0.10395227172567165,14.6003189090061,0.9999999925328108,0.39045345756116323,1.0195226728780584,307.02805108526803,10.064656627328768,0.02359081969782248,0.038390896375705925
3,adsorption,2740.0,100.0474344154606,10.402095749097755,0.10397163915170118,14.67708538390249,0.9999999933637495,0.39239407742523086,1.0196197038712616,307.0452778134168,10.06497591159612,0.0235971009846094,0.03837557918079445
3,adsorption,2742.0,100.04743542928061,10.404032931200026,0.10399100073438873,14.753821228367348,0.9999999941024053,0.3943341253831659,1.0197167062691583,307.0622576507269,10.065295081522875,0.023603272152679836,0.03836026594734594
3,adsorption,2744.0,100.04743644295654,10.40596952639971,0.10401035645059055,14.83052645034269,0.9999999947590036,0.39627359891879677,1.0198136799459399,307.07899344997634,10.065614136716224,0.02360933444227978,0.03834495669433162
3,adsorption,2746.0,100.04743745648567,10.407905532398129,0.10402970627733381,14.907201057807962,0.99999999534264,0.3982124955539087,1.0199106247776955,307.09548803119696,10.065933076789708,0.023615289080610356,0.03832965144035087
3,adsorption,2748.0,100.04743846986543,10.40984094694386,0.10404905019211792,14.983845058779446,0.9999999958614042,0.40015081284760623,1.0200075406423803,307.1117441820502,10.066251901363087,0.02362113728194828,0.03831435020358016
3,adsorption,2750.0,100.04743948309329,10.411775767819092,0.10406838817277825,15.060458461309775,0.999999996322491,0.4020885483961336,1.0201044274198068,307.1277646581982,10.066570610062328,0.023626880247765197,0.038299053002131496
3,adsorption,2752.0,100.04744049616625,10.413709992832798,0.1040877201974182,15.1370412734874,0.9999999967322999,0.40402569983206355,1.0202012849916031,307.1435521836711,10.066889202519452,0.023632519166846954,0.03828375985382242
3,adsorption,2754.0,100.04744150908232,10.415643619831652,0.1041070462445171,15.213593503436085,0.9999999970965213,0.4059622648236371,1.020298113241182,307.15910945122977,10.06720767837244,0.023638055215411957,0.03826847077607538
3,adsorption,2756.0,100.04744252183873,10.417576646698604,0.10412636629291765,15.29011515931439,0.9999999974202156,0.40789824107462275,1.0203949120537315,307.1744391227203,10.067526037265198,0.02364348955722645,0.0382531857862832
3,adsorption,2758.0,100.04744353443289,10.419509071336078,0.10414568032165702,15.366606249315172,0.9999999977078845,0.4098336263232344,1.0204916813161617,307.18954382944435,10.067844278847375,0.023648823343729038,0.03823790490131511
3,adsorption,2760.0,100.04744454686254,10.421440891674244,0.10416498831004933,15.443066781664413,0.9999999979635288,0.41176841834067623,1.0205884209170337,307.2044261724641,10.068162402774131,0.02365405771412681,0.03822262813663991
3,adsorption,2762.0,100.04744555912548,10.423372105763521,0.10418429023861059,15.519496764622058,0.9999999981907086,0.4137026149365266,1.0206851307468263,307.2190887230142,10.06848040870701,0.023659193795535816,0.03820735551177679
3,adsorption,2764.0,100.0474465712164,10.425302711484486,0.10420358608616245,15.595896206481607,0.9999999983925834,0.4156362139493701,1.0207818106974684,307.23353402282385,10.068798296312412,0.02366423270309332,0.038192087042114735
3,adsorption,2766.0,100.04744758313979,10.427232706948447,0.10422287583382256,15.672265115568791,0.9999999985719706,0.4175692132489711,1.0208784606624486,307.24776458443876,10.06911606526193,0.023669175540062017,0.038176822741378034
3,adsorption,2768.0,100.04744859488444,10.429162090278831,0.104242159462846,15.748603500240614,0.9999999987313728,0.41950161074381903,1.0209750805371909,307.2617828915535,10.069433715233606,0.023674023397936027,0.038161562629042425
3,adsorption,2770.0,100.04744960645498,10.431090859383358,0.1042614369523154,15.82491136888594,0.9999999988730043,0.42143340436746285,1.021071670218373,307.27559139933703,10.069751245909668,0.023678777356560956,0.03814630671815293
3,adsorption,2772.0,100.04745061784607,10.433019012608662,0.10428070828571079,15.901188729924636,0.9999999989988456,0.42336459208909244,1.0211682296044546,307.28919253480893,10.07006865697828,0.023683438484259283,0.03813105502555847
3,adsorption,2774.0,100.04745162905604,10.434946547927218,0.10429997344276858,15.977435591807383,0.9999999991106547,0.42529517190588156,1.021264758595294,307.30258869709934,10.070385948132277,0.023688007837918055,0.0381158075652278
3,adsorption,2776.0,100.0474526400836,10.43687346360838,0.10431923240619212,16.053651963013884,0.9999999992099949,0.42722514184601224,1.0213612570923005,307.3157822577862,10.07070311906966,0.023692486463104317,0.03810056435150408
3,adsorption,2778.0,100.04745365092502,10.438799757866061,0.10433848515813321,16.12983785205386,0.9999999992982548,0.4291544999703048,1.0214577249985153,307.32877556122787,10.071020169493858,0.02369687539418027,0.038085325401001735
3,adsorption,2780.0,100.04745466157864,10.440725428868564,0.1043577316802856,16.20599326746675,0.9999999993766651,0.4310832443659892,1.0215541622182995,307.34157092487607,10.071337099112707,0.02370117565441679,0.038070090727264874
3,adsorption,2782.0,100.04745567204337,10.442650474942003,0.10437697195591981,16.282118217820642,0.9999999994463257,0.43301137314997296,1.0216505686574986,307.3541706395794,10.071653907638991,0.0237053882560958,0.03805486034419302
3,adsorption,2784.0,100.04745668231543,10.44457489436071,0.10439620596779157,16.3582127117122,0.9999999995082121,0.43493888446955625,1.021746944223478,307.36657696988476,10.071970594790553,0.0237095142006147,0.03803963426708643
3,adsorption,2786.0,100.04745769239383,10.446498685401773,0.10441543369868132,16.434276757766074,0.9999999995631887,0.4368657764980666,1.0218432888249034,307.37879215433964,10.072287160289566,0.02371355447859607,0.03802441250900713
3,adsorption,2788.0,100.0474587022765,10.44842184645511,0.10443465513249826,16.510310364634385,0.9999999996120268,0.43879204743757,1.0219396023718788,307.3908184057915,10.072603603862992,0.023717510069991097,0.03800919508366725
3,adsorption,2790.0,100.04745971196071,10.45034437586178,0.10445387025266407,16.586313540996603,0.9999999996554109,0.44071769551812745,1.0220358847759063,307.4026579116834,10.072919925242456,0.02372138194418487,0.0379939820051116
3,adsorption,2792.0,100.04746072144502,10.45226627200259,0.10447307904299624,16.66228629555896,0.9999999996939483,0.4426427189956489,1.0221321359497824,307.4143128343447,10.073236124163884,0.023725171060101403,0.037978773286108325
3,adsorption,2794.0,100.04746173072756,10.45418753331918,0.10449228148792093,16.738228637054085,0.9999999997281808,0.4445671161534408,1.0222283558076721,307.42578531127936,10.073552200367764,0.023728878366305203,0.037963568939941204
3,adsorption,2796.0,100.04746273980585,10.456108158232741,0.10451147757166034,16.814140574240742,0.9999999997585881,0.44649088530114694,1.0223245442650573,307.43707745545044,10.073868153598966,0.023732504801104108,0.03794836897978543
3,adsorption,2798.0,100.04746374867848,10.458028145205942,0.10453066727885026,16.890022115903317,0.999999999785597,0.44841402477361475,1.0224207012386808,307.4481913555618,10.07418398360655,0.02373605129265145,0.03793317341801407
3,adsorption,2800.0,100.04746475734335,10.459947492740495,0.10454985059451744,16.965873270851475,0.999999999809587,0.4503365329317795,1.022516826646589,307.45912907633635,10.074499690143924,0.023739518759045827,0.037917982267361025
3,adsorption,2802.0,100.04746576579842,10.461866199333867,0.10456902750364609,17.041694047919865,0.9999999998308952,0.45225840816163687,1.0226129204080818,307.4698926587915,10.074815272968658,0.023742908108431757,0.03790279554030937
3,adsorption,2804.0,100.04746677404223,10.463784263521573,0.10458819799160023,17.117484455967674,0.9999999998498205,0.4541796488735738,1.0227089824436788,307.48048412051077,10.075130731842386,0.023746220239099062,0.037887613248809945
3,adsorption,2806.0,100.04746778207263,10.465701683868536,0.10460736204403834,17.193244503878294,0.9999999998666296,0.4561002535028542,1.0228050126751427,307.4909054559129,10.075446066530874,0.023749456039580567,0.0378724354050588
3,adsorption,2808.0,100.04746878988807,10.467618458942427,0.104626519646646,17.268974200559022,0.9999999998815586,0.45802022050860636,1.0229010110254304,307.50115863651735,10.075761276803858,0.02375261638875031,0.03785726202088425
3,adsorption,2810.0,100.04746979748651,10.469534587349882,0.10464567078549855,17.34467355494063,0.9999999998948174,0.45993954837361306,1.0229969774186807,307.51124561120724,10.076076362435005,0.023755702155920426,0.03784209310787353
3,adsorption,2812.0,100.04747080486645,10.471450067713562,0.10466481544683104,17.420342575977084,0.999999999906593,0.4618582356042108,1.0230929117802106,307.521168306489,10.076391323201904,0.023758714200936917,0.03782692867759202
3,adsorption,2814.0,100.04747181202585,10.47336489867499,0.10468395361706756,17.495981272645192,0.9999999999170509,0.4637762807297698,1.0231888140364884,307.5309286267493,10.076706158885964,0.023761653374275254,0.03781176874141214
3,adsorption,2816.0,100.04747281896347,10.475279078898645,0.10470308528286093,17.571589653944258,0.9999999999263386,0.4656936823022303,1.0232846841151115,307.5405284545083,10.07702086927235,0.02376452051713488,0.037796613310387944
3,adsorption,2818.0,100.04747382567716,10.47719260707495,0.10472221043112419,17.647167728895752,0.9999999999345868,0.46761043889619847,1.02338052194481,307.54996965067124,10.07733545414999,0.02376731646153281,0.03778146239564407
3,adsorption,2820.0,100.04747483216559,10.479105481903225,0.1047413290488583,17.722715506543025,0.9999999999419115,0.46952654910817043,1.0234763274554086,307.55925405477575,10.077649913311454,0.0237700420303968,0.037766316007950794
3,adsorption,2822.0,100.04747583842693,10.481017702116645,0.10476044112340335,17.798232995950933,0.9999999999484163,0.47144201155656246,1.0235721005778284,307.5683834852377,10.077964246552945,0.02377269803765757,0.037751174158043854
3,adsorption,2824.0,100.04747684445971,10.482929266456775,0.10477954664218284,17.873720206205583,0.9999999999541928,0.47335682488118624,1.0236678412440594,307.5773597395929,10.07827845367423,0.02377528528834018,0.03773603685642234
3,adsorption,2826.0,100.04747785026214,10.484840173693039,0.10479864559289903,17.949177146413973,0.9999999999593222,0.47527098774309723,1.0237635493871549,307.5861845947373,10.078592534478592,0.023777804578654832,0.03772090411349132
3,adsorption,2828.0,100.04747885583309,10.486750422608633,0.1048177379633912,18.024603825703718,0.9999999999638773,0.4771844988241748,1.0238592249412088,307.5948598071604,10.07890648877278,0.02378025669608542,0.037705775939445935
3,adsorption,2830.0,100.0474798611703,10.488660012010092,0.10483682374173299,18.10000025322268,0.9999999999679223,0.4790973568269116,1.0239548678413455,307.60338711319025,10.079220316366962,0.02378264241948352,0.03769065234435885
3,adsorption,2832.0,100.0474808662731,10.490568940701655,0.10485590291597356,18.175366438138198,0.9999999999715166,0.4810095604728673,1.0240504780236435,307.61176822919424,10.079534017074476,0.02378496251914386,0.03767553333700507
3,adsorption,2834.0,100.04748187113948,10.492477207596139,0.10487497547524867,18.25070238963785,0.9999999999747119,0.4829211085075774,1.024146055425379,307.6200048518519,10.079847590712625,0.023787217756908036,0.037660418929679786
3,adsorption,2836.0,100.04748287576622,10.494384811443581,0.10489404140706833,18.326008116929156,0.9999999999775465,0.4848319996924586,1.0242415999846228,307.628098658367,10.080161037101359,0.02378940888625094,0.03764530913095061
3,adsorption,2838.0,100.04748388015723,10.496291751199765,0.10491310070099157,18.401283629238684,0.9999999999800651,0.4867422328079433,1.0243371116403972,307.6360513066803,10.08047435606378,0.023791536652359512,0.03763020394882249
3,adsorption,2840.0,100.0474848843032,10.498198025794562,0.10493215334633225,18.47652893581135,0.9999999999823025,0.4886518066584012,1.0244325903329201,307.6438644356888,10.080787547426958,0.023793601792213168,0.03761510339555977
3,adsorption,2842.0,100.04748588820983,10.500103633987543,0.10495119933068638,18.5517440459109,0.9999999999842856,0.49056072006099916,1.02452803600305,307.6515396654607,10.08110061102009,0.02379560503467549,0.03760000747759132
3,adsorption,2844.0,100.04748689187134,10.502008574926718,0.10497023864554447,18.626928968819385,0.9999999999860453,0.49246897185708083,1.024623448592854,307.659078597484,10.081413546676375,0.023797547100583714,0.03758491620632898
3,adsorption,2846.0,100.04748789528817,10.503912847359755,0.10498927127838906,18.702083713837208,0.9999999999876055,0.4943765609020048,1.0247188280451003,307.66648281483805,10.081726354231344,0.023799428702820754,0.037569829588953454
3,adsorption,2848.0,100.04748889845926,10.5058164503742,0.10500829722010133,18.77720829028147,0.9999999999889916,0.4962834860707808,1.024814174303539,307.6737538824159,10.082039033523781,0.023801250546398027,0.03755474763391571
3,adsorption,2850.0,100.04748990138182,10.507719382935377,0.1050273164603428,18.852302707487205,0.9999999999902234,0.4981897462587189,1.0249094873129359,307.6808933471441,10.082351584395827,0.0238030133285417,0.03753967035174568
3,adsorption,2852.0,100.04749090405517,10.509621643981367,0.10504632898850028,18.927366974806933,0.9999999999913153,0.5000953403754629,1.0250047670187732,307.68790273818956,10.082664006692012,0.0238047177387783,0.03752459774975517
3,adsorption,2854.0,100.04749190647894,10.511523232600878,0.10506533479546593,19.002401101610044,0.9999999999922855,0.5020002673493236,1.0251000133674661,307.69478356715985,10.082976300259947,0.023806364459009778,0.03750952983628763
3,adsorption,2856.0,100.04749290864997,10.513424147796867,0.10508433387127773,19.077405097282842,0.9999999999931476,0.5039045261270779,1.025195226306354,307.70153732830204,10.083288464950305,0.023807954163591914,0.037494466620746326
3,adsorption,2858.0,100.04749391056836,10.515324388584803,0.10510332620609536,19.15237897122804,0.999999999993912,0.5058081156700565,1.0252904057835028,307.70816549870233,10.083600500616173,0.023809487519416028,0.037479408110192514
3,adsorption,2860.0,100.04749491223274,10.517223954085406,0.10512231179113182,19.227322732864447,0.9999999999945913,0.5077110349579815,1.0253855517478991,307.71466953848386,10.083912407113678,0.023810965185984422,0.0374643543131224
3,adsorption,2862.0,100.04749591364094,10.519122843334168,0.10514129061674937,19.302236391627083,0.9999999999951943,0.5096132829869541,1.0254806641493477,307.72105089100165,10.084224184301664,0.02381238781548926,0.037449305237806166
3,adsorption,2864.0,100.04749691479279,10.521021055426287,0.10516026267390477,19.3771199569666,0.9999999999957293,0.5115148587681834,1.0255757429384091,307.7273109830349,10.08453583204147,0.02381375605288992,0.03743426089132698
3,adsorption,2866.0,100.0474979156865,10.522918589499696,0.10517922795398366,19.45197343834915,0.9999999999962051,0.5134157613303666,1.0256707880665183,307.73345122497676,10.084847350197329,0.02381507053598685,0.037419221281992
3,adsorption,2868.0,100.04749891632073,10.524815444640009,0.1051981864478483,19.526796845256303,0.9999999999966273,0.5153159897172519,1.0257657994858627,307.7394730110227,10.08515873863597,0.023816331895498664,0.037404186417272854
3,adsorption,2870.0,100.04749991669495,10.526711620003624,0.10521713814706757,19.601590187184577,0.9999999999970016,0.5172155429879814,1.025860777149399,307.7453777193562,10.08546999722666,0.023817540755136205,0.037389156304329534
3,adsorption,2872.0,100.04750091680734,10.528607114747137,0.10523608304321373,19.676353473645364,0.9999999999973346,0.5191144202178878,1.0259557210108945,307.7511667123328,10.085781125841354,0.02381869773167572,0.03737413095094373
3,adsorption,2874.0,100.04750191665697,10.530501928015957,0.10525502112774619,19.751086714164693,0.9999999999976299,0.5210126204967757,1.026050631024839,307.7568413366613,10.08609212435439,0.023819803435033173,0.03735911036411953
3,adsorption,2876.0,100.04750291624282,10.532396059008502,0.10527395239265441,19.82578991828292,0.9999999999978921,0.522910142929685,1.0261455071464842,307.7624029235838,10.086402992642633,0.023820858468336096,0.03734409455098562
3,adsorption,2878.0,100.0475039155636,10.534289506910756,0.10529287682980387,19.900463095554628,0.9999999999981249,0.5248069866366418,1.0262403493318322,307.7678527890528,10.086713730585416,0.023821863427995332,0.037329083518750084
3,adsorption,2880.0,100.04750491461817,10.536182270924954,0.10531179443122211,19.975106255548344,0.9999999999983317,0.5267031507518801,1.026335157537594,307.7731922339071,10.087024338064426,0.02382281890377683,0.03731407727416658
3,adsorption,2882.0,100.04750591340563,10.538074350280311,0.10533070518920638,20.04971940784631,0.9999999999985153,0.5285986344242409,1.026429931721212,307.7784225440446,10.087334814963766,0.02382372547887145,0.03729907582408827
3,adsorption,2884.0,100.04750691192469,10.53996574420558,0.10534960909604954,20.12430256204436,0.9999999999986785,0.5304934368168603,1.026524671840843,307.7835449905944,10.087645161169894,0.02382458372996503,0.037284079175357386
3,adsorption,2886.0,100.0475079101745,10.541856451944286,0.10536850614419166,20.198855727751617,0.9999999999988232,0.5323875571065557,1.0266193778553279,307.78856083008617,10.087955376571529,0.023825394227307912,0.03726908733441587
3,adsorption,2888.0,100.04750890815383,10.543746472763448,0.10538739632630814,20.27337891459033,0.9999999999989517,0.5342809944842258,1.0267140497242113,307.7934713046173,10.088265461059715,0.02382615753478282,0.037254100307851555
3,adsorption,2890.0,100.04750990586156,10.545635805929024,0.10540627963506344,20.347872132195693,0.9999999999990659,0.5361737481543615,1.0268086874077182,307.79827764201895,10.088575414527744,0.023826874209973082,0.037239118102116206
3,adsorption,2892.0,100.047510903297,10.547524450726973,0.10542515606332177,20.4223353902156,0.9999999999991673,0.5380658173347739,1.0269032908667386,307.8029810560197,10.088885236871104,0.023827544804229876,0.03722414072344504
3,adsorption,2894.0,100.04751190045884,10.5494124064577,0.1054440256040922,20.49676869831051,0.9999999999992574,0.5399572012567192,1.026997860062836,307.80758274640726,10.089194927987496,0.023828169862738575,0.0372091681781397
3,adsorption,2896.0,100.04751289734618,10.551299672424769,0.10546288825041493,20.57117206615321,0.9999999999993373,0.541847899164369,1.0270923949582185,307.8120838991886,10.08950448777676,0.023828749924584818,0.037194200472241874
3,adsorption,2898.0,100.04751389395803,10.553186247954944,0.10548174399556233,20.645545503428608,0.9999999999994084,0.5437379103149329,1.0271868955157466,307.816485686748,10.089813916140882,0.023829285522819717,0.03717923761181192
3,adsorption,2900.0,100.0475148902935,10.555072132378605,0.10550059283284252,20.719889019833605,0.9999999999994713,0.5456272339783711,1.0272813616989185,307.82078926800364,10.09012321298395,0.023829777184524524,0.03716427960282098
3,adsorption,2902.0,100.04751588635149,10.55695732504031,0.10551943475570583,20.794202625076863,0.9999999999995274,0.5475158694371187,1.027375793471856,307.82499578856175,10.090432378212116,0.0238302254308747,0.0371493264510547
3,adsorption,2904.0,100.0475168821313,10.558841825298263,0.10553826975773845,20.86848632887863,0.9999999999995772,0.5494038159860704,1.0274701907993036,307.82910638086975,10.090741411733573,0.023830630777203255,0.03713437816225464
3,adsorption,2906.0,100.04751787763159,10.560725632520576,0.1055570978326262,20.942740140970574,0.9999999999996216,0.5512910729324638,1.0275645536466231,307.83312216436707,10.091050313458558,0.023830993733063494,0.037119434742164954
3,adsorption,2908.0,100.04751887285174,10.562608746082727,0.10557591897412791,21.01696407109558,0.9999999999996608,0.5531776395953976,1.0276588819797698,307.8370442456346,10.09135908329926,0.023831314802291368,0.03710449619623504
3,adsorption,2910.0,100.0475198677909,10.56449116538152,0.10559473317621572,21.091158129007578,0.9999999999996956,0.5550635153061253,1.0277531757653064,307.84087371854224,10.091667721169864,0.023831594483066806,0.03708956253004411
3,adsorption,2912.0,100.04752086244794,10.566372889812508,0.1056135404328496,21.16532232447142,0.9999999999997266,0.5569486994075609,1.0278474349703781,307.8446116643945,10.091976226986487,0.02383183326797472,0.03707463374898692
3,adsorption,2914.0,100.04752185682204,10.568253918789553,0.10563234073817215,21.23945666726263,0.9999999999997541,0.558833191254128,1.0279416595627064,307.8482591520753,10.09228460066713,0.023832031644065645,0.03705970985828178
3,adsorption,2916.0,100.04752285091249,10.570134251738567,0.10565113408644643,21.31356116716728,0.9999999999997788,0.5607169902119153,1.0280358495105957,307.8518172381899,10.092592842131717,0.02383219009291498,0.03704479086325662
3,adsorption,2918.0,100.04752384471817,10.572013888088616,0.10566992047196724,21.38763583398183,0.9999999999998005,0.5626000956582105,1.0281300047829105,307.85528696720627,10.092900951302022,0.023832309090682607,0.037029876769057224
3,adsorption,2920.0,100.04752483823856,10.57389282728455,0.10568869988918674,21.461680677512934,0.9999999999998199,0.5644825069813307,1.0282241253490665,307.85866937159426,10.093208928101618,0.02383238910817135,0.03701496758063045
3,adsorption,2922.0,100.04752583147253,10.575771068784976,0.10570747233269508,21.535695707577283,0.9999999999998371,0.5663642235808907,1.0283182111790445,307.8619654719632,10.093516772455954,0.023832430610884713,0.03700006330310909
3,adsorption,2924.0,100.04752682441945,10.577648612046321,0.1057262377970601,21.609680934001478,0.9999999999998526,0.5682452448671036,1.0284122622433551,307.86517627719826,10.093824484292208,0.02383243405908477,0.03698516394129852
3,adsorption,2926.0,100.04752781707839,10.57952545655021,0.10574499627710196,21.683636366621823,0.9999999999998662,0.5701255702610409,1.028506278513052,307.8683027845948,10.094132063539353,0.023832399907848613,0.03697026950005134
3,adsorption,2928.0,100.04752880944866,10.581401601776495,0.10576374776762272,21.757562015284215,0.9999999999998782,0.5720051991943262,1.0286002599597164,307.8713459799916,10.094439510128087,0.023832328607124847,0.03695537998411435
3,adsorption,2930.0,100.04752980152924,10.583277047220557,0.10578249226358001,21.83145788984393,0.9999999999998891,0.5738841311090224,1.0286942065554512,307.8743068379021,10.094746823990832,0.02383222060178925,0.03694049539815457
3,adsorption,2932.0,100.04753079331964,10.585151792385593,0.10580122976000908,21.90532400016553,0.9999999999998986,0.5757623654574747,1.0287881182728738,307.87718632164473,10.095054005061689,0.02383207633169992,0.03692561574673994
3,adsorption,2934.0,100.04753178481877,10.58702583678582,0.10581996025205591,21.97916035612267,0.9999999999999072,0.5776399017022823,1.028881995085114,307.8799853834711,10.095361053276456,0.023831896231751835,0.036910741034439434
3,adsorption,2936.0,100.04753277602629,10.58889917994107,0.10583868373492182,22.052966967597982,0.9999999999999147,0.5795167393159668,1.0289758369657984,307.882704964693,10.09566796857255,0.023831680731930975,0.036895871265639826
3,adsorption,2938.0,100.04753376694102,10.590771821387177,0.105857400203969,22.12674384448292,0.9999999999999216,0.581392877781106,1.0290696438890552,307.88534599580856,10.095974750889043,0.02383143025736787,0.03688100644479179
3,adsorption,2940.0,100.04753475756253,10.592643760659392,0.10587610965455299,22.200490996677605,0.9999999999999277,0.5832683165898569,1.029163415829493,307.8879093966256,10.096281400166571,0.023831145228390537,0.03686614657608815
3,adsorption,2942.0,100.04753574789,10.594514997314068,0.10589481208224069,22.274208434090667,0.9999999999999332,0.5851430552442429,1.029257152762212,307.89039607638483,10.096587916347405,0.023830826060576706,0.03685129166385053
3,adsorption,2944.0,100.0475367379226,10.59638553090416,0.10591350748256498,22.34789616663914,0.9999999999999379,0.5870170932556696,1.0293508546627834,307.8928069338808,10.096894299375338,0.023830473164806038,0.036836441712195876
3,adsorption,2946.0,100.04753772765973,10.59825536100043,0.10593219585123653,22.421554204248284,0.9999999999999423,0.5888904301449633,1.029444521507248,307.89514285758224,10.097200549195716,0.023830086947311292,0.0368215967251885
3,adsorption,2948.0,100.04753871710075,10.60012448717962,0.10595087718402595,22.4951825568515,0.9999999999999462,0.5907630654423348,1.0295381532721168,307.8974047257502,10.097506665755423,0.023829667809729213,0.036806756706921136
3,adsorption,2950.0,100.04753970624475,10.601992909022972,0.1059695514767488,22.56878123439014,0.9999999999999496,0.5926349986869961,1.02963174993435,307.8995934065554,10.097812649002817,0.02382921614915088,0.036791921661270995
3,adsorption,2952.0,100.04754069509134,10.603860626127958,0.10598821872538261,22.642350246813386,0.9999999999999527,0.5945062294273087,1.0297253114713654,307.9017097581941,10.098118498887752,0.0238287323581715,0.03677709159214943
3,adsorption,2954.0,100.0475416836396,10.60572763809425,0.10600687892592732,22.715889604078157,0.9999999999999554,0.5963767572205905,1.0298188378610296,307.9037546290023,10.098424215361554,0.023828216824939633,0.03676226650343107
3,adsorption,2956.0,100.04754267188909,10.607593944529535,0.10602553207446254,22.789399316148923,0.9999999999999578,0.5982465816327946,1.0299123290816399,307.9057288575695,10.098729798376956,0.023827669933206248,0.036747446398764705
3,adsorption,2958.0,100.0475436598389,10.60945954505738,0.10604417816722703,22.862879392997606,0.9999999999999601,0.6001157022387978,1.03000578511194,307.90763327284986,10.099035247888162,0.02382709206237258,0.03673263128194677
3,adsorption,2960.0,100.0475446474886,10.611324439296919,0.10606281720041476,22.936329844603463,0.9999999999999623,0.6019841186218663,1.0300992059310934,307.9094686942734,10.09934056385074,0.0238264835875384,0.03671782115653078
3,adsorption,2962.0,100.04754563483738,10.613188626887975,0.106081449170427,23.009750680952905,0.9999999999999639,0.6038518303738643,1.0301925915186931,307.91123593185506,10.099645746221665,0.02382584487954893,0.03670301602612558
3,adsorption,2964.0,100.0475466218849,10.615052107468165,0.1061000740736422,23.08314191203946,0.9999999999999656,0.6057188370949422,1.0302859418547472,307.9129357863028,10.099950794959275,0.023825176305041915,0.03668821589420595
3,adsorption,2966.0,100.04754760863017,10.61691488068988,0.10611869190658758,23.156503547863565,0.9999999999999671,0.6075851383935835,1.0303792569196792,307.91456904912434,10.100255710023259,0.023824478226493747,0.03667342076425878
3,adsorption,2968.0,100.04754859507294,10.618776946206726,0.10613730266580133,23.229835598432505,0.9999999999999686,0.609450733886277,1.030472536694314,307.9161365027331,10.10056049137462,0.02382375100226558,0.036658630639577285
3,adsorption,2970.0,100.04754958121231,10.620638303688867,0.10615590634798808,23.30313807376026,0.9999999999999698,0.6113156231977983,1.0305657811598898,307.9176389205523,10.100865138975717,0.023822994986648357,0.03664384552362089
3,adsorption,2972.0,100.04755056704795,10.62249895280038,0.10617450294979082,23.376410983867398,0.9999999999999709,0.6131798059605611,1.030658990298028,307.91907706711817,10.101169652790157,0.0238222105299081,0.03662906541950947
3,adsorption,2974.0,100.047551552579,10.624358893229282,0.1061930924680926,23.449654338780956,0.9999999999999718,0.6150432818150776,1.030752164090754,307.9204516981821,10.101474032782864,0.023821397978329908,0.03661429033054629
3,adsorption,2976.0,100.0475525378052,10.626218124655168,0.10621167489969147,23.522868148534332,0.9999999999999728,0.6169060504094586,1.030845302520473,307.9217635608114,10.101778278920005,0.02382055767426234,0.036599520259847765
3,adsorption,2978.0,100.04755352272566,10.6280766467762,0.10623025024157186,23.596052423167166,0.9999999999999736,0.6187681113995179,1.030938405569976,307.92301339348916,10.102082391169004,0.02381968995616067,0.036584755210533615
3,adsorption,2980.0,100.04755450734007,10.62993445928974,0.1062488184907095,23.669207172725233,0.9999999999999744,0.6206294644484952,1.0310314732224248,307.9242019262125,10.102386369498499,0.0238187951586301,0.03656999518556083
3,adsorption,2982.0,100.04755549164774,10.631791561907887,0.10626737964422786,23.742332407260303,0.9999999999999751,0.6224901092272721,1.0311245054613636,307.92532988059025,10.102690213878368,0.023817873612468204,0.03655524018801544
3,adsorption,2984.0,100.04755647564824,10.633647954340276,0.10628593369922561,23.815428136830086,0.9999999999999757,0.6243500454139116,1.0312175022706955,307.92639796993905,10.102993924279668,0.023816925644707165,0.03654049022077242
3,adsorption,2986.0,100.04755745934098,10.635503636311885,0.10630448065295466,23.88849437149808,0.9999999999999764,0.6262092726937697,1.0313104636346888,307.92740689937864,10.103297500674637,0.023815951578655573,0.03652574528668886
3,adsorption,2988.0,100.04755844272533,10.637358607550187,0.10632302050269225,23.961531121333472,0.9999999999999768,0.6280677907594352,1.0314033895379717,307.928357365926,10.10360094303669,0.023814951733939563,0.036511005388634214
3,adsorption,2990.0,100.04755942580096,10.63921286778809,0.10634155324576941,24.034538396411058,0.9999999999999775,0.6299255993104719,1.0314962799655236,307.9292500585883,10.103904251340394,0.023813926426543758,0.03649627052933618
3,adsorption,2992.0,100.04756040856722,10.641066416769426,0.10636007887962667,24.1075162068111,0.9999999999999779,0.6317826980534853,1.0315891349026742,307.93008565845497,10.104207425561441,0.02381287596885166,0.03648154071152783
3,adsorption,2994.0,100.04756139102365,10.642919254240192,0.1063785974017262,24.18046456261924,0.9999999999999784,0.6336390867019587,1.031681954335098,307.9308648387883,10.104510465676654,0.02381180066968557,0.03646681593787813
3,adsorption,2996.0,100.04756237316977,10.64477137995466,0.10639710880961271,24.25338347392641,0.9999999999999788,0.6354947649761542,1.0317747382488076,307.9315882651137,10.104813371663958,0.023810700834346332,0.03645209621098247
3,adsorption,2998.0,100.04756335500498,10.64662279367442,0.10641561310090429,24.326272950828724,0.9999999999999791,0.6373497326031069,1.0318674866301554,307.93225659530816,10.105116143502379,0.02380957676465218,0.03643738153343811
3,adsorption,3000.0,100.04756433652909,10.648473495152551,0.10643411027313344,24.39913300342738,0.9999999999999798,0.6392039893162196,1.031960199465811,307.9328704796844,10.105418781171974,0.023808428758976166,0.036422671907545695
3,evacuation,3000.0,100.04756433652909,10.648473495152551,0.10643411027313344,24.39913300342738,0.9999999999999798,0.6392039893162196,1.031960199465811,307.9328704796844,10.105418781171974,0.023808428758976166,0.036422671907545695
3,evacuation,3002.0,5.007637237857469,3.302623768622685,0.6595173755109548,24.3316439463023,0.9575570873207551,0.5233363888813045,1.0261668194440652,307.6821034022286,10.086472821249588,0.02378411438823444,-0.07755999764334011
3,evacuation,3004.0,5.013072737064701,3.9756906821042093,0.7930646313406758,24.09513368656972,0.8796311420320301,0.42847159576501254,1.0214235797882507,307.18288830385563,10.070907950480898,0.023631429971990265,-0.15572174928902321
3,evacuation,3006.0,5.0169058034088065,4.256042050166337,0.848340036058582,23.72162206300103,0.8016312512289745,0.3508028722899056,1.0175401436144953,306.47110235682567,10.058128597290409,0.023370555461408454,-0.21475440937000378
3,evacuation,3008.0,5.0195435681685465,4.414321985046756,0.8794269688264477,23.24723230546483,0.728607205627112,0.28721309988148186,1.014360654994074,305.60825898628775,10.047641518113322,0.023033350060532688,-0.25712259992790276
3,evacuation,3010.0,5.021258664058455,4.516809957001369,0.8995373987267642,22.702137979962686,0.6618560724409902,0.23515019794875855,1.0117575098974378,304.6444556062543,10.039039096229432,0.022645928688862,-0.2859709365986063
3,evacuation,3012.0,5.02226706462104,4.588742334848918,0.9136794749872916,22.11042916203911,0.6015160333840032,0.19252469919379178,1.0096262349596898,303.6191484433715,10.031985036535898,0.02222877924011134,-0.30418344824760757
3,evacuation,3014.0,5.022742033467757,4.642011048662509,0.9241985787308319,21.490850650635004,0.5472750707668501,0.1576258929666471,1.0078812946483324,302.56268119187854,10.026202266320423,0.021797458396299353,-0.31421120449594175
3,evacuation,3016.0,5.02282109132668,4.683013877260003,0.9323473386990728,20.8576950530731,0.4986448966139096,0.12905316817294496,1.0064526584086473,301.4979038561716,10.021462763384857,0.021363440356424613,-0.3180592999260459
3,evacuation,3018.0,5.022611907003408,4.715521495685595,0.9388584232658679,20.221658522036158,0.4550841159889592,0.10565980039962929,1.0052829900199816,300.44166584617375,10.017579046338495,0.020934944572988744,-0.3173281635703371
3,evacuation,3020.0,5.022197706433847,4.74190940699591,0.9441901104214067,19.590592179835255,0.41605681224955304,0.08650693035022208,1.004325346517511,299.4061044621342,10.014397084174528,0.020517666484749477,-0.31327275996560633
3,evacuation,3022.0,5.021642087130614,4.7637515541764515,0.9486441828231684,18.970131410234625,0.38106003181580855,0.0708258889339044,1.0035412944466953,298.3997128046549,10.01179040798684,0.020115386377206508,-0.3068636675846259
3,evacuation,3024.0,5.020993136732242,4.7821326867247524,0.9524276485741335,18.36420776073683,0.3496353511820897,0.057987337179708866,1.0028993668589854,297.42820201589547,10.00965523084803,0.019730458224118244,-0.2988429475863913
3,evacuation,3026.0,5.020286839948044,4.797824212640407,0.9556872676004425,17.775456437853816,0.3213720442088311,0.047476020110158404,1.002373801005508,296.4951834428673,10.00790641722755,0.019364191571837514,-0.28977209111236063
3,evacuation,3028.0,5.019549833161663,4.811388921471974,0.9585299641186001,17.20553654965925,0.2959059677438987,0.038870080814589245,1.0019435040407294,295.60270181304236,10.00647415443033,0.01901714454633678,-0.28007167997472077
3,evacuation,3030.0,5.018801589968901,4.823246190082473,0.9610354391619534,16.655379677911256,0.27291632398191873,0.03182413422039409,1.0015912067110198,294.751646893244,10.005301211589037,0.018689345037624632,-0.27005335830977667
3,evacuation,3032.0,5.018056134470855,4.833714174466234,0.963264269058628,16.125381471440967,0.2521215487947316,0.026055400708833793,1.0013027700354418,293.9420691078678,10.004340682359851,0.01838045581169322,-0.25994519211048844
3,evacuation,3034.0,5.017323369751884,4.843037960254385,0.9652632695456267,15.61554806301253,0.2332749851810287,0.02133236071125681,1.0010666180355627,293.17341938561594,10.003554130118134,0.018089896265554992,-0.2499115262251801
3,evacuation,3036.0,5.016610101958144,4.851408895645468,0.9670691556738299,15.125607442368516,0.21616070240000224,0.01746546198161119,1.0008732730990806,292.44473050283517,10.002910063401222,0.017816931383341263,-0.2400684094803023
3,evacuation,3038.0,5.015920824285742,4.858978152182306,0.9687110946122671,14.655093621288502,0.20058963290272436,0.01429951279988676,1.0007149756399945,291.7547532020651,10.002382684369744,0.017560735976999715,-0.23049549452570028
3,evacuation,3040.0,5.015258315088794,4.865866436827322,0.9702125256814758,14.203409891019227,0.1863960961482062,0.011707453084282468,1.0005853726542142,291.10205770828475,10.00195086156988,0.017320440519931403,-0.22124517461154233
3,evacuation,3042.0,5.014624092198626,4.87217106546942,0.971592481488129,13.769876054528076,0.17343472474144367,0.009585253995550228,1.0004792626997776,290.48510884117735,10.001597287186371,0.017095163348302043,-0.21234957056424927
3,evacuation,3044.0,5.014018756680308,4.877971224589849,0.9728665689753954,13.353763392975392,0.16157777579000365,0.007847743944647557,1.0003923871972324,289.902321010141,10.001307786286155,0.016884032813287504,-0.2038258529796279
3,evacuation,3046.0,5.013442252233864,4.883331870332647,0.974047695105445,12.954320330193765,0.15071279552405287,0.00642519080437776,1.0003212595402189,289.3520980293454,10.001070750479313,0.01668620210952887,-0.19568028544812588
3,evacuation,3048.0,5.012894060212814,4.8883066805005875,0.9751466162628346,12.570791053410526,0.1407405995209565,0.005260502425570643,1.0002630251212785,288.8328614999749,10.000876673546365,0.016500858796385395,-0.18791128697234527
3,evacuation,3050.0,5.01237334546496,4.892940464345228,0.976172389227991,12.202428775320934,0.1315735315437424,0.004306936118066585,1.0002153468059034,288.34307054653215,10.000717771165567,0.016327230479004914,-0.18051174047436086
3,evacuation,3052.0,5.01187906499348,4.89727072615022,0.9771326607531763,11.848504995056068,0.12313396340545009,0.0035262218986137077,1.0001763110949307,287.88123514269046,10.000587669113594,0.01616458777597845,-0.17347072949107487
3,evacuation,3054.0,5.0114100482857795,4.901329224574692,0.9780339619686994,11.508315732972623,0.11535300428351633,0.0028870269940716614,1.0001443513497035,287.4459246266199,10.000481148014966,0.016012245364209168,-0.16677483441472982
3,evacuation,3056.0,5.010965056251732,4.905142982751085,0.9788818975361597,11.181185524664498,0.10816938953908428,0.0023636983730850494,1.0001181849186542,287.0357726889424,10.000393934210226,0.01586956170654461,-0.16040909635684208
3,evacuation,3058.0,5.010542823983652,4.908735125749327,0.9796813036409929,10.866469753926756,0.10152852318750796,0.0019352330329413098,1.000096761651647,286.64947977573706,10.000322528436252,0.015735937892582128,-0.15435772737968062
3,evacuation,3060.0,5.010142091339425,4.912125605733644,0.9804363860707239,10.563555764723443,0.09538165226293888,0.0015844352180622418,1.0000792217609031,286.28581361904526,10.00026406556322,0.01561081590457144,-0.1486046279009505
3,evacuation,3062.0,5.009761624357172,4.915331730755217,0.9811508210005757,10.27186309160639,0.08968515367574237,0.0012972262377682659,1.0000648613118883,285.94360844093836,10.000216199698697,0.015493676536463835,-0.1431337588418619
3,evacuation,3064.0,5.0094002298397005,4.918368605993523,0.9818278397274136,9.990843061206045,0.08439991725332326,0.001062079337779721,1.000053103966889,285.6217632350743,10.000177010089686,0.015384037126280586,-0.13792940387879418
3,evacuation,3066.0,5.009056764821621,4.92124949596908,0.9824702987058943,9.719977954360829,0.07949081137964377,0.0008695572927725309,1.0000434778646385,285.31923942694027,10.00014492411515,0.015281449214119022,-0.13297634889466692
3,evacuation,3068.0,5.0087301422800525,4.923986114383699,0.9830807359372377,9.458779875452162,0.07492621894017223,0.0007119335705703413,1.0000355966785286,285.03505814320243,10.000118654187208,0.01518549620607073,-0.12825999990413328
3,evacuation,3070.0,5.008419334089419,4.926588858065396,0.9836614167933085,9.206789433835636,0.07067763362866943,0.0005828821237342381,1.0000291441061868,284.76829725349035,10.000097146076882,0.01509579109565961,-0.12376645510763895
3,evacuation,3072.0,5.008123371961037,4.929067010169559,0.984214374143798,8.963574316044944,0.06671930843450151,0.00047722371408757253,1.0000238611857044,284.5180883060969,10.000079536653072,0.015011974276900297,-0.11948254289370604
3,evacuation,3074.0,5.0078413469680845,4.931428892921527,0.9847414387253262,8.72872780874633,0.06302794846254894,0.0003907179339426883,1.0000195358966972,284.283613447896,10.000065119231603,0.014933711471155927,-0.11539583547379827
3,evacuation,3076.0,5.007572408086553,4.93368200803882,0.9852442672764133,8.50186731266358,0.05958244213786094,0.00031989294597715203,1.0000159946472988,284.06410238811986,10.000053315206744,0.014860691778224466,-0.1114946447537921
3,evacuation,3078.0,5.007315760047078,4.935833146340028,0.9857243646830897,8.282632878031423,0.056363625864450144,0.0002619063313353108,1.0000130953165667,283.8588294506516,10.000043650864683,0.014792625856875111,-0.1077680056570268
3,evacuation,3080.0,5.007070660769983,4.937888474062479,0.986183101578825,8.070685782645487,0.05335407700543684,0.00021443092416206032,1.0000107215462082,283.66711074322035,10.000035738359639,0.014729244235133835,-0.10420565115685552
3,evacuation,3082.0,5.006836418561934,4.939853629533014,0.9866217340793094,7.865707165239972,0.05053793171966115,0.00017556132055285512,1.0000087780660276,283.48830145991764,10.000029260134474,0.014670295746651152,-0.10079798170926683
3,evacuation,3084.0,5.006612389163174,4.941733757190632,0.9870414110521172,7.667396724291144,0.04790072444039273,0.0001437375621904904,1.0000071868781095,283.321793329857,10.000023956202973,0.014615546088862476,-0.097536031392418
3,evacuation,3086.0,5.006397972793317,4.9435336104303165,0.9874431951465646,7.475471486310662,0.045429246131612276,0.00011768248842849705,1.0000058841244215,283.1670122141655,10.0000196137096,0.014564776496105927,-0.09441143222722934
3,evacuation,3088.0,5.006192611224581,4.9452575401188685,0.9878280609960777,7.289664645486371,0.04311141826794413,9.635038817713091e-05,1.000004817519409,283.0234158508353,10.000016058372243,0.01451778252037339,-0.09141637830941839
3,evacuation,3090.0,5.005995784953588,4.946909588452497,0.9881969144523284,7.109724475768493,0.04093618206935495,7.888512227002803e-05,1.0000039442561135,282.89049174727757,10.000013147503092,0.014474372913092544,-0.0885435898470874
3,evacuation,3092.0,5.005807010471041,4.948493501501094,0.9885505955682952,6.93541331365,0.03889339901337866,6.458575578762242e-05,1.0000032292877894,282.7677552137048,10.000010764281043,0.014434368600010988,-0.08578627838995395
3,evacuation,3094.0,5.005625837677937,4.950012746540137,0.9888898825159497,6.766506609970141,0.036973763110722015,5.2878457380853356e-05,1.000002643922869,282.65474753327214,10.000008813068463,0.01439760174257171,-0.08313811333392628
3,evacuation,3096.0,5.005451847458544,4.951470571306365,0.9892155038551441,6.602792044438344,0.03516872215921227,4.3293311113553695e-05,1.0000021646655557,282.55103425507855,10.000007215546646,0.014363914876696212,-0.08059318991871006
3,evacuation,3098.0,5.005284649383905,4.952869986701861,0.9895281354900572,6.444068706387764,0.03347040780307417,3.544563876592799e-05,1.0000017722819383,282.45620361599845,10.00000590760297,0.014333160126506884,-0.07814599904120183
3,evacuation,3100.0,5.005123879576743,4.954213824712122,0.9898284126248387,6.290146331540432,0.031871572771689415,2.902049383364326e-05,1.0000014510246917,282.36986507078365,10.000004836746632,0.014305198482870877,-0.07579139872811996
3,evacuation,3102.0,5.004969198731154,4.955504726882228,0.9901169278201618,6.140844595902841,0.030365534820519048,2.3760064705687202e-05,1.0000011880032353,282.2916479321284,10.000003960009215,0.014279899143855234,-0.07352458758444752
3,evacuation,3104.0,5.004820290260079,4.956745177501577,0.9903942379605395,5.995992456672054,0.028946125964032142,1.945318411066068e-05,1.0000009726592056,282.2212001009509,10.000003242196298,0.014257138907912739,-0.07134107991704251
3,evacuation,3106.0,5.004676858591716,4.957937510490938,0.9906608659417163,5.855427546252856,0.02760764739154407,1.5926977212401367e-05,1.0000007963488606,282.15818689831264,10.000002654495495,0.014236801620687039,-0.06923668260399911
3,evacuation,3108.0,5.004538627598608,4.95908391915854,0.9909173029079249,5.718995610025052,0.02634482881479275,1.3039957827182813e-05,1.0000006519978915,282.1022899807493,10.000002173325832,0.0142187776673962,-0.06720747364548177
3,evacuation,3110.0,5.004405339126662,4.960186473969249,0.9911640120731846,5.586549982754559,0.025152791535462054,1.067627598873757e-05,1.0000005338137994,282.05320632917113,10.000001779379016,0.014202963505591082,-0.06524978227750962
3,evacuation,3112.0,5.0042767516502815,4.96124712570142,0.9914014296002571,5.457951104965403,0.024027015267383288,8.741074074171274e-06,1.000000437053704,282.0106473138031,10.000001456845466,0.014189261237189318,-0.06336017059643603
3,evacuation,3114.0,5.004152639054619,4.96226771670561,0.9916299670753203,5.333066073055491,0.022963308030629785,7.156655155978095e-06,1.0000003578327579,281.97433782328756,10.000001192775716,0.014177578214400613,-0.06153541654094189
3,evacuation,3116.0,5.004032789474627,4.963249991739207,0.9918500138885578,5.211768225191385,0.021957779161187057,5.8594205910439805e-06,1.0000002929710297,281.9440154617199,10.000000976570002,0.014167826679279209,-0.05977249818234754
3,evacuation,3118.0,5.003917004256069,4.96419559953775,0.9920619377410669,5.093936756335621,0.021006814743312993,4.797323828548053e-06,1.0000002398661914,281.9194298009344,10.000000799553908,0.014159923431614825,-0.058068579257612545
3,evacuation,3120.0,5.003805096985158,4.965106101701889,0.9922660866014575,4.979456359783157,0.0201070552170762,3.927753935743202e-06,1.0000001963876968,281.90034168309893,10.000000654625612,0.014153789522445512,-0.05642099579705622
3,evacuation,3122.0,5.003696892593346,4.965982981436169,0.9924627906192717,4.8682168950410025,0.019255375069847615,3.2158207088306445e-06,1.0000001607910354,281.8865225733101,10.000000535970088,0.014149349972070662,-0.05482724378681129
3,evacuation,3124.0,5.003592226549703,4.966827644417102,0.9926523624492174,4.760113078044491,0.018448864263503104,2.632939930152664e-06,1.0000001316469964,281.8777539546071,10.000000438823301,0.014146533509256624,-0.05328496779317232
3,evacuation,3126.0,5.003490944096554,4.967641423962314,0.9928350984273215,4.655044195456199,0.01768481150881411,2.1557067948322694e-06,1.0000001077853398,281.8738267687269,10.000000359284453,0.014145272331892788,-0.05179195047456942
3,evacuation,3128.0,5.003392899561288,4.968425590686178,0.9930112806295551,4.5529138392396735,0.016960689005083816,1.7649700800795094e-06,1.000000088248504,281.87454089535424,10.000000294161671,0.0141455018860878,-0.05034610289825615
3,evacuation,3130.0,5.003297955714504,4.969181353281153,0.9931811771484877,4.453629658818347,0.016274138409674378,1.4450568165860733e-06,1.0000000722528408,281.87970466478674,10.000000240842796,0.014147160661456415,-0.04894545562318707
3,evacuation,3132.0,5.003205983178726,4.969909856954721,0.9933450418919488,4.357103129892163,0.015622958012320302,1.1831324406908793e-06,1.000000059156622,281.8891344023175,10.000000197188736,0.014150190001488643,-0.04758815047041438
3,evacuation,3134.0,5.003116859886326,4.9706121942782895,0.9935031168532859,4.263249339418655,0.015005091038053165,9.686843811862777e-07,1.000000048434219,281.90265400341514,10.000000161447392,0.014154533928202383,-0.04627243288985642
3,evacuation,3136.0,5.003030470579097,4.971289412731573,0.9936556337135698,4.171986785645785,0.014418614908908233,7.931051744822702e-07,1.0000000396552586,281.920094537571,10.000000132184192,0.014160138979954471,-0.044996644919806414
3,evacuation,3138.0,5.002946706341824,4.9719425048903885,0.9938028119683677,4.083237191665979,0.013861731411473113,6.4934970365082e-07,1.0000000324674851,281.94129387794965,10.000000108224949,0.01416695406109867,-0.04375921872967084
3,evacuation,3140.0,5.0028654641745165,4.9725724103167535,0.9939448593861474,3.99692533123638,0.013332757740291154,5.316508975505869e-07,1.0000000265825448,281.9660963545115,10.000000088608482,0.014174930302388986,-0.04255867061770193
3,evacuation,3142.0,5.002786646602801,4.973180038438704,0.9940819766551106,3.912978866092401,0.012830118204766715,4.352862668839182e-07,1.0000000217643132,281.9943524290957,10.000000072547708,0.014184020931324518,-0.041393595398121825
3,evacuation,3144.0,5.002710161310597,4.973766263911596,0.9942143565256202,3.831328194056784,0.012352336502523608,3.5638842965254004e-07,1.0000000178194215,282.0259183911374,10.000000059398069,0.014194181151725117,-0.040262661279858496
3,evacuation,3146.0,5.002635920792758,4.974331894662757,0.9943421774883997,3.7519063070437797,0.011898028784907201,2.9179102456832e-07,1.0000000145895511,282.0606560724454,10.000000048631835,0.01420536803177917,-0.039164605202173186
3,evacuation,3148.0,5.002563842055964,4.974877723838162,0.9944656142146456,3.6746486582327327,0.011465897263440173,2.3890208710760696e-07,1.0000000119451045,282.0984325795899,10.000000039817014,0.014217540399869949,-0.03809822828173243
3,evacuation,3150.0,5.00249384632356,4.975404511220421,0.9945848338977873,3.5994930377521817,0.011054724192217175,1.955996338698476e-07,1.0000000097799817,282.1391200426066,10.000000032599937,0.014230658747560729,-0.03706239178146765
3,evacuation,3152.0,5.002425858763573,4.975912974527344,0.9946999945656801,3.5263794562169832,0.010663366341930143,1.6014612027518583e-07,1.000000008007306,282.18259537885,10.000000026691021,0.014244685139179028,-0.0360560133466494
3,evacuation,3154.0,5.002359808242873,4.97640380182922,0.9948112476094019,3.455250035561883,0.010290749965393906,1.3111877621697554e-07,1.000000006555939,282.2287400709628,10.000000021853129,0.014259583127502435,-0.035078063452495346
3,evacuation,3156.0,5.002295627096799,4.9768776560444,0.9949187387257338,3.386048906685247,0.009935866125757163,1.0735274710238755e-07,1.0000000053676377,282.27743995800205,10.000000017892125,0.0142753176750893,-0.03412756212501501
3,evacuation,3158.0,5.002233250912709,4.977335170073755,0.9950226069857077,3.318722113411182,0.009597766345330664,8.789441493767439e-08,1.000000004394721,282.3285850387899,10.000000014649068,0.014291855080820091,-0.033203575919717586
3,evacuation,3160.0,5.002172618330578,4.977776948615596,0.9951229852353392,3.2532175223031383,0.009275558588818737,7.196303476362682e-08,1.0000000035981518,282.3820692866239,10.000000011993839,0.014309162911250999,-0.03230521509414911
3,evacuation,3162.0,5.0021136708585745,4.97820357278193,0.9952200010535666,3.189484737925365,0.008968403550671024,5.8919332854310733e-08,1.0000000029459666,282.4377904745821,10.000000009819889,0.01432720993642423,-0.03143163096874055
3,evacuation,3164.0,5.002056352700099,4.978615599999981,0.9953137767655367,3.1274750231845942,0.008675511208129,4.8239877158823466e-08,1.000000002411994,282.49565001072125,10.000000008039978,0.01434596606981117,-0.030582013482483635
3,evacuation,3166.0,5.0020006105927965,4.97901356373262,0.9954044294174021,3.0671412243993967,0.008396137625671712,3.949612140256545e-08,1.000000001974806,282.55555278250233,10.000000006582686,0.014365402312084824,-0.029755588916679235
3,evacuation,3168.0,5.0019463936593755,4.979397975874713,0.9954920712838414,3.008437700771907,0.008129581991272453,3.2337216214529024e-08,1.0000000016168609,282.61740700982574,10.000000005389534,0.01438549069844287,-0.028951617765858747
3,evacuation,3170.0,5.001893653268317,4.979769328188142,0.9955768101815363,2.9513202579656546,0.007875183858951241,2.647590824459048e-08,1.0000000013237955,282.6811241061112,10.000000004412652,0.014406204249226168,-0.028169392754673717
3,evacuation,3172.0,5.001842342903578,4.980128092301806,0.9956587494940579,2.8957460855127293,0.00763232058534133,2.1677000650144267e-08,1.0000000010838501,282.74661854689737,10.000000003612833,0.014427516923598106,-0.027408236991437275
3,evacuation,3174.0,5.001792418043403,4.980474720747145,0.9957379884020462,2.8416736977938086,0.007400404949734168,1.7747922048895397e-08,1.0000000008873962,282.81380774547534,10.000000002957986,0.014449403576068337,-0.026667502241396204
3,evacuation,3176.0,5.001743836047231,4.98080964843348,0.9958146221997857,2.78906287835634,0.007178882938592552,1.4531008787144583e-08,1.0000000007265504,282.88261193510556,10.000000002421832,0.014471839915661686,-0.025946567312458178
3,evacuation,3178.0,5.001696556049904,4.9811332931382015,0.9958887424134457,2.7378746273518315,0.006967231679942363,1.1897178709621963e-08,1.0000000005948588,282.9529540574008,10.000000001982862,0.014494802467548714,-0.02524483654922165
3,evacuation,3180.0,5.001650538862742,4.98144605598248,0.9959604369151197,2.6880711118870315,0.006764957520204573,9.740746555010458e-09,1.0000000004870373,283.02475965648364,10.000000001623457,0.014518268536966849,-0.02456173842487319
3,evacuation,3182.0,5.001605746881264,4.981748322534992,0.996029790161159,2.6396156191004647,0.006571594232555145,7.9751809743627e-09,1.000000000398759,283.09795677855857,10.000000001329195,0.01454221617527568,-0.023896724222073513
3,evacuation,3184.0,5.001562143998787,4.982040463577801,0.9960968833618492,2.5924725117902594,0.0063867013443174555,6.529634048865542e-09,1.0000000003264817,283.17247587656374,10.00000000108827,0.014566624148001419,-0.023249266799185098
3,evacuation,3186.0,5.001519695525452,4.982322835445431,0.9961617945647209,2.546607186429699,0.006209862576004817,5.3461002387720274e-09,1.000000000267305,283.2482497195903,10.000000000891015,0.014591471904736265,-0.022618859436151457
3,evacuation,3188.0,5.0014783681124975,4.982595780730386,0.9962245988101239,2.501986033418444,0.006040684385114648,4.3770886223769456e-09,1.0000000002188545,283.3252133067768,10.000000000729512,0.014616739550767865,-0.022005014752226194
3,evacuation,3190.0,5.001438129681408,4.982859629103546,0.9962853683088456,2.4585763994293086,0.005878794605082588,3.583716177432931e-09,1.000000000179186,283.4033037854094,10.000000000597286,0.014642407820324065,-0.021407263691220202
3,evacuation,3192.0,5.001398949357347,4.9831146977088245,0.9963441725337925,2.4163465517195206,0.005723841172373045,2.934147196635154e-09,1.0000000001467073,283.48246037297565,10.000000000489024,0.014668458051326,-0.020825154571169242
3,evacuation,3194.0,5.001360797406795,4.983361291574352,0.9964010783141708,2.3752656442835933,0.005575490937251027,2.4023162477485927e-09,1.000000000120116,283.5626242829355,10.000000000400386,0.014694872161550366,-0.020258252192801772
3,evacuation,3196.0,5.001323645179125,4.983599704322434,0.9964561499886584,2.3353036857343055,0.005433428551514355,1.966882597366519e-09,1.0000000000983442,283.64373865399017,10.000000000327812,0.014721632626108793,-0.01970613700198122
3,evacuation,3198.0,5.001287465051721,4.98383021867471,0.9965094495169492,2.296431508806249,0.005297355426360326,1.6103737877413567e-09,1.0000000000805187,283.7257484826453,10.000000000268395,0.014748722456159002,-0.019168404303904225
3,evacuation,3200.0,5.0012522303784435,4.984053106715504,0.9965610365423145,2.258620741382379,0.005166988756838947,1.3184843023069026e-09,1.0000000000659244,283.80860055887536,10.000000000219744,0.01477612517876832,-0.01864466352573559
3,evacuation,3202.0,5.0012179154412095,4.984268630393866,0.9966109685012898,2.2218437789509458,0.005042060608956774,1.079501487392248e-09,1.000000000053975,283.8922434047104,10.000000000179917,0.014803824817855171,-0.018134537523085505
3,evacuation,3204.0,5.001184495404625,4.984477042099479,0.9966593007475532,2.1860737584072356,0.004922317063456392,8.838356593581823e-10,1.000000000044192,283.9766272155795,10.000000000147304,0.014831805876140402,-0.01763766192787489
3,evacuation,3206.0,5.001151946273196,4.984678584926388,0.9967060866128886,2.151284533119521,0.004807517412477573,7.236353633487064e-10,1.0000000000361817,284.06170380425294,10.000000000120604,0.014860053318044126,-0.017153684535998824
3,evacuation,3208.0,5.001120244851123,4.984873492950739,0.9967513774704555,2.1174506491832545,0.004697433407122261,5.924722916475532e-10,1.0000000000296236,284.1474265472369,10.000000000098744,0.014888552553468229,-0.016682264731281603
3,evacuation,3210.0,5.00108936870458,4.985061991768742,0.9967952228496189,2.0845473227934805,0.004591848551636778,4.850832915070788e-10,1.0000000000242544,284.23375033348407,10.000000000080846,0.014917289422409259,-0.016223072942636484
3,evacuation,3212.0,5.001059296126149,4.985244298867063,0.9968376705168571,2.052550418670142,0.004490557439789422,3.971591679492768e-10,1.000000000019858,284.32063151529167,10.000000000066192,0.014946250180349624,-0.015775790133513972
3,evacuation,3214.0,5.001030006101289,4.9854206237553225,0.9968787665087147,2.0214364294740648,0.004393365132126101,3.25171791431646e-10,1.0000000000162586,284.408027861266,10.000000000054195,0.014975421484378899,-0.015340107321808063
3,evacuation,3216.0,5.001001478276849,4.985591168334898,0.9969185552116134,1.9911824561556566,0.004300086572109164,2.6623253579023174e-10,1.0000000000133116,284.4958985112414,10.00000000004437,0.015004790379999869,-0.01491572512690438
3,evacuation,3218.0,5.000973692931413,4.985756127384131,0.9969570794645869,1.9617661891831353,0.004210546036638336,2.1797635928973692e-10,1.0000000000108988,284.58420393304687,10.000000000036328,0.015034344288577266,-0.014502353342465983
3,evacuation,3220.0,5.000946630947286,4.985915688706292,0.9969943805942701,1.9331658905996438,0.0041245766187942776,1.7846689421523455e-10,1.0000000000089233,284.67290588102236,10.000000000029743,0.015064070995389898,-0.014099710534670108
3,evacuation,3222.0,5.000920273784097,4.986070033256413,0.9970304984453497,1.9053603768609875,0.0040420197428437665,1.461187469376745e-10,1.000000000007306,284.7619673561906,10.000000000024354,0.015093958638249153,-0.01370752366340648
3,evacuation,3224.0,5.000894603453944,4.986219335616664,0.9970654714804139,1.8783290024099943,0.003962724708392664,1.1963388582276338e-10,1.0000000000059819,284.85135256799646,10.000000000019938,0.015123995696649486,-0.013325527723892942
3,evacuation,3226.0,5.000869602498012,4.986363764323048,0.9970993368497916,1.8520516439466668,0.003886548259837781,9.79495569887657e-11,1.0000000000048974,284.94102689753333,10.000000000016323,0.015154170981418944,-0.012953465408875745
3,evacuation,3228.0,5.000845253964299,4.986503481829764,0.9971321303887245,1.826508685354182,0.0038133541815514533,8.01956374675828e-11,1.0000000000040097,285.0309568621783,10.000000000013364,0.015184473624839502,-0.012591086790806562
3,evacuation,3230.0,5.000821541386753,4.986638644761582,0.9971638866718608,1.8016810032435455,0.003743012918597138,6.565971824466468e-11,1.000000000003283,285.1211100815626,10.00000000001094,0.015214893071208711,-0.012238149020856447
3,evacuation,3232.0,5.000798448765616,4.986769404441934,0.9971946391226494,1.7775499530837362,0.003675401218357231,5.375851783505064e-11,1.000000000002688,285.211455244811,10.000000000008958,0.015245419067816771,-0.011894416043719453
3,evacuation,3234.0,5.000775960548732,4.986895906952034,0.9972244200287719,1.7540973558852384,0.003610401791331158,4.401447802918173e-11,1.0000000000022007,285.3019620789852,10.000000000007336,0.015276041656314297,-0.011559658329450844
3,evacuation,3236.0,5.000754061613813,4.987018293026082,0.997253260524614,1.7313054854051055,0.0035479029936942553,3.603660121455533e-11,1.000000000001802,285.39260131867,10.000000000006004,0.01530675116444729,-0.011233652620446668
3,evacuation,3238.0,5.000732737251892,4.98713669854356,0.9972811906929058,1.7091570558455613,0.0034877985292291053,2.95047604287473e-11,1.0000000000014753,285.4833446766463,10.000000000004917,0.0153375381981378,-0.01091618169035001
3,evacuation,3240.0,5.000711973151637,4.987251254964508,0.9973082396547933,1.6876352100211431,0.0034299871652515965,2.415685336510818e-11,1.0000000000012081,285.57416481559767,10.000000000004023,0.015368393633890347,-0.010607034116057668
3,evacuation,3242.0,5.000691755384278,4.9873620890460195,0.9973344355160652,1.6667235079680394,0.0033743724646428043,1.9778285138599366e-11,1.000000000000989,285.6650353208002,10.000000000003295,0.015399308611504915,-0.010306004064063698
3,evacuation,3244.0,5.00067207038942,4.987469322881751,0.9973598053777915,1.6464059159704552,0.00332086253698518,1.6193357470170123e-11,1.0000000000008098,285.7559306737464,10.000000000002698,0.015430274527078128,-0.010012891087195625
3,evacuation,3246.0,5.0006529049619814,4.987573074680775,0.9973843754946025,1.6266667959840502,0.0032693698023607133,1.3258218489338781e-11,1.0000000000006628,285.84682622666065,10.000000000002208,0.015461283026276737,-0.009727499929786238
3,evacuation,3248.0,5.000634246239364,4.9876734588514156,0.9974081712939321,1.6074908954368032,0.00321981076413956,1.0855090310284065e-11,1.0000000000005427,285.9376981778646,10.000000000001808,0.015492325997867817,-0.009449640345064934
3,evacuation,3250.0,5.000616081689276,4.987770585409734,0.9974312172600935,1.5888633373845313,0.00317210579801387,8.887542921503049e-12,1.0000000000004443,286.0285235479505,10.00000000000148,0.015523395567490281,-0.009179126924080646
3,evacuation,3252.0,5.000598399098475,4.987864560488116,0.9974535370381565,1.5707696110024754,0.0031261789569808443,7.276624782777758e-12,1.000000000000364,286.1192801567249,10.000000000001211,0.015554484091653982,-0.008915778930089917
3,evacuation,3254.0,5.000581186562209,4.987955487275336,0.9974751536239824,1.553195562399872,0.0030819577811044127,5.957694787790992e-12,1.000000000000298,286.2099466008913,10.000000000000991,0.015585584151954563,-0.008659420139977635
3,evacuation,3256.0,5.000564432473681,4.988043465391026,0.9974960892411777,1.5361273857399693,0.0030393731147925493,4.877828418827791e-12,1.0000000000002438,286.30050223243626,10.000000000000812,0.015616688549491557,-0.008409878698407288
3,evacuation,3258.0,5.000548125514087,4.988128590262337,0.9975163652183684,1.5195516146453036,0.0029983589432070377,3.9936940300488015e-12,1.0000000000001998,286.3909271376851,10.000000000000664,0.01564779029947732,-0.008166986979314174
3,evacuation,3260.0,5.000532254643808,4.988210954490225,0.9975360022641308,1.5034551138774432,0.0029588522382430144,3.269814075665813e-12,1.0000000000001634,286.48120211699984,10.000000000000544,0.015678882626026985,-0.0079305814481222
3,evacuation,3262.0,5.0005168090937255,4.988290648483464,0.9975550205954659,1.4878250712827834,0.0029207928009676427,2.677141515165574e-12,1.000000000000134,286.57130866509505,10.000000000000444,0.01570995895712081,-0.00770050253281466
3,evacuation,3264.0,5.000501778356161,4.988367758626724,0.997573439573213,1.472648989984699,0.0028841231176422347,2.1918942543697717e-12,1.0000000000001097,286.66122895194036,10.000000000000366,0.015741012919727845,-0.007476594508848288
3,evacuation,3266.0,5.000487152177237,4.988442367999043,0.9975912778472096,1.457914680808104,0.0028487882338013577,1.7946008434006393e-12,1.0000000000000897,286.7509458042236,10.000000000000298,0.0157720383350818,-0.007258705381794659
3,evacuation,3268.0,5.000472920549683,4.988514558032493,0.9976085536893828,1.4436102549328738,0.0028147356266737134,1.4693191438122471e-12,1.0000000000000735,286.8404426873552,10.000000000000243,0.01580302921410244,-0.007046686772463946
3,evacuation,3270.0,5.000459073705253,4.988584407452355,0.997625284783283,1.429724116765056,0.0027819150770343223,1.202996619248378e-12,1.0000000000000604,286.929703687994,10.000000000000199,0.015833979752955356,-0.00684039381572512
3,evacuation,3272.0,5.00044560210743,4.988651991260933,0.9976414880222823,1.416244957008365,0.00275027855909404,9.849465799679272e-13,1.0000000000000493,287.01871349706494,10.000000000000163,0.015864884328740534,-0.006639685063951239
3,evacuation,3274.0,5.0004324964452875,4.9887173821068105,0.9976571797845879,1.4031617459289114,0.002719780142154433,8.064193609107618e-13,1.0000000000000404,287.10745739325256,10.000000000000135,0.01589573749530355,-0.006444422387392304
3,evacuation,3276.0,5.000419747627687,4.98878065167183,0.9976723762117411,1.3904637268135063,0.0026903758810204936,6.602512246135241e-13,1.0000000000000333,287.1959212269576,10.00000000000011,0.01592653397916588,-0.006254470878791485
3,evacuation,3278.0,5.000407346776272,4.988841868381476,0.9976870927521032,1.378140409606095,0.0026620237130132924,5.405769019230385e-13,1.000000000000027,287.28409140469404,10.00000000000009,0.0159572686755663,-0.006069698773667552
3,evacuation,3280.0,5.000395285219902,4.9889010974395696,0.9977013441688687,1.3661815647085267,0.002634683376278283,4.4259423696907854e-13,1.0000000000000222,287.3719548739044,10.000000000000073,0.015987936644605953,-0.005889977366898794
3,evacuation,3282.0,5.000383554489832,4.98895840319313,0.9977151450139373,1.354577216947505,0.002608316326081684,3.6237149213305234e-13,1.0000000000000182,287.4594991081853,10.000000000000059,0.01601853310749507,-0.005715180925412779
3,evacuation,3284.0,5.000372146314026,4.989013848038888,0.9977285094103424,1.3433176397023536,0.002582885645145625,2.9668957999137375e-13,1.0000000000000149,287.54671209290944,10.000000000000048,0.016049053442896238,-0.005545186615277502
3,evacuation,3286.0,5.0003610526117095,4.989067491351085,0.9977414508388899,1.3323933491799556,0.0025583559659138277,2.4291289129158744e-13,1.0000000000000122,287.6335823112233,10.000000000000039,0.01607949318335816,-0.005379874431839802
3,evacuation,3288.0,5.0003502654888266,4.98911939041966,0.9977539823266623,1.321795098830144,0.002534693405967448,1.9888353602060495e-13,1.00000000000001,287.72009873040776,10.000000000000034,0.016109848011835338,-0.005219127126305276
3,evacuation,3290.0,5.000339777233987,4.989169602074382,0.997766116772612,1.3115138739051602,0.0025118654930657417,1.6283475403107401e-13,1.0000000000000082,287.8062507885957,10.000000000000027,0.016140113758292385,-0.005062830132926549
3,evacuation,3292.0,5.000329580313085,4.989218180772241,0.9977778665661178,1.3015408861531277,0.0024898410913993065,1.3332002058860267e-13,1.0000000000000067,287.89202838183087,10.000000000000021,0.01617028639638795,-0.004910871510190003
3,evacuation,3294.0,5.00031966736501,4.989265178036227,0.9977892434755861,1.2918675686331311,0.0024685903471517545,1.0915500190877191e-13,1.0000000000000056,287.9774218514506,10.000000000000016,0.016200362040232667,-0.004763141880040327
3,evacuation,3296.0,5.000310031198108,4.989310644624069,0.9978002590828546,1.2824855706544034,0.0024480846348297115,8.937003151825004e-14,1.0000000000000044,288.0624219717878,10.000000000000014,0.016230336941220228,-0.004619534360584431
3,evacuation,3298.0,5.000300664786183,4.989354630375053,0.9978109247533421,1.2733867528399923,0.002428296492146683,7.317120054013876e-14,1.0000000000000036,288.1470199381853,10.00000000000001,0.01626020748492948,-0.004479944508534089
3,evacuation,3300.0,5.000291561263752,4.98939718225709,0.9978212512464155,1.2645631823017636,0.002409199565718227,5.990850062113216e-14,1.0000000000000029,288.23120735530557,10.000000000000007,0.016289970188092633,-0.004344270269512943
3,evacuation,3302.0,5.000282713923144,4.989438345843882,0.9978312490113678,1.2560071279230638,0.0023907685666289787,4.904974115337827e-14,1.0000000000000024,288.3149762257275,10.000000000000007,0.016319621695626882,-0.004212411919118715
3,evacuation,3304.0,5.000274116210895,4.989478166159645,0.9978409283570577,1.2477110557515074,0.0023729792200476176,4.015919413918186e-14,1.000000000000002,288.39831893882575,10.000000000000005,0.016349158777728752,-0.004084272007872375
3,evacuation,3306.0,5.000265761723933,4.98951668645932,0.997850299208715,1.2396676244962976,0.0023558082139840493,3.288010978306109e-14,1.0000000000000016,288.4812282599227,10.000000000000004,0.01637857832702834,-0.003959755314634992
3,evacuation,3308.0,5.000257644206092,4.989553947823965,0.9978593710277049,1.2318696811213092,0.0023392331606130394,2.6920401233128697e-14,1.0000000000000013,288.56369731970074,10.000000000000004,0.016407877355799638,-0.003838768798940916
3,evacuation,3310.0,5.000249757545298,4.989589990604508,0.9978681531008117,1.2243102565352868,0.0023232325587289574,2.2040924052395107e-14,1.000000000000001,288.64571960387116,10.000000000000004,0.01643705299322654,-0.0037212215487993556
3,evacuation,3312.0,5.000242095770424,4.9896248543415025,0.9978766545248074,1.216982561379462,0.0023077857490655077,1.8045880106000256e-14,1.0000000000000009,288.72728894309444,10.0,0.0164661024827232,-0.003607024734963611
3,evacuation,3314.0,5.000234653047617,4.989658576467632,0.9978848839476886,1.2098799819039907,0.0022928728769036327,1.4774960796294534e-14,1.0000000000000007,288.8083995031408,10.0,0.01649502317930563,-0.0034960915705437518
3,evacuation,3316.0,5.000227423677851,4.989691193179053,0.9978928497434126,1.2029960759304879,0.002278474862000374,1.2096914379056277e-14,1.0000000000000007,288.88904577528444,10.0,0.016523812547012975,-0.0033883372647453397
3,evacuation,3318.0,5.000220402094219,4.989722740512935,0.9979005602279278,1.1963245689042534,0.002264573360535351,9.90427924091601e-15,1.0000000000000004,288.96922256692966,10.0,0.01655246815637834,-0.003283678977174861
3,evacuation,3320.0,5.000213582858629,4.989753252907626,0.9979080233718689,1.189859350029997,0.0022511507285679047,8.10907180198355e-15,1.0000000000000004,289.0489249924599,10.0,0.016580987681946983,-0.0031820357816083346
3,evacuation,3322.0,5.000206960659142,4.989782762883809,0.9979152467373154,1.183594468450802,0.002238189998582467,6.639229360471532e-15,1.0000000000000002,289.1281484642223,10.0,0.016609368899811197,-0.003083328626539751
3,evacuation,3324.0,5.000200530307309,4.989811302627193,0.9979222377948358,1.1775241296644887,0.0022256748544854156,5.4358247151611706e-15,1.0000000000000002,289.2068886840945,10.0,0.016637609685322532,-0.0029874802930989525
3,evacuation,3326.0,5.000194286735815,4.989838903718349,0.9979290038699223,1.1716426915078075,0.0022135895950005408,4.450408780887558e-15,1.0000000000000002,289.28514163405265,10.0,0.016665708010415486,-0.002894415351527194
3,evacuation,3328.0,5.000188224996603,4.989865596244418,0.9979355519657079,1.1659446611976452,0.002201919108586095,3.64351914747964e-15,1.0000000000000002,289.36290356925406,10.0,0.016693661941803436,-0.0028040601371337043
3,evacuation,3330.0,5.000182340256583,4.989891408904006,0.9979418887847901,1.160424691645869,0.002190648853747518,2.9829002093203423e-15,1.0000000000000002,289.4401710094397,10.0,0.016721469638543752,-0.002716342710447221
3,evacuation,3332.0,5.000176627797043,4.989916370025599,0.9979480209330195,1.1550775779158808,0.0021797648355561775,2.4420924337313363e-15,1.0000000000000002,289.51694073069,10.0,0.016749129349700496,-0.0026311928163009037
3,evacuation,3334.0,5.0001710830106445,4.989940507419825,0.9979539548905475,1.1498982537571696,0.0021692535751492528,1.9993420753429453e-15,1.0,289.5932097573866,10.0,0.01677663941205287,-0.0025485418477162887
3,evacuation,3336.0,5.00016570139897,4.9899638474536445,0.9979596968271528,1.144881788758796,0.0021591020911222855,1.636905085911466e-15,1.0,289.6689753556409,10.0,0.01680399824830551,-0.0024683228224748463
3,evacuation,3338.0,5.000160478569219,4.98998641518622,0.9979652526300695,1.1400233846628491,0.002149297883242089,1.340204577826218e-15,1.0,289.7442350248023,10.0,0.016831204364580164,-0.002390470341564313
3,evacuation,3340.0,5.000155410234702,4.99000823588622,0.9979706282073328,1.1353183723630602,0.002139828911988133,1.097292926801362e-15,1.0,289.8189864905721,10.0,0.016858256348460023,-0.002314920554112805
3,evacuation,3342.0,5.000150492210153,4.990029333900904,0.9979758292625358,1.1307622089707638,0.0021306835742140964,8.984020663196302e-16,1.0,289.8932276982906,10.0,0.01688515286707253,-0.0022416111319607966
3,evacuation,3344.0,5.000145720411005,4.990049732081956,0.9979808611801377,1.126350474820384,0.0021218506883324863,7.355531193740084e-16,1.0,289.9669568061134,10.0,0.016911892665107925,-0.0021704812409510795
3,evacuation,3346.0,5.000141090850623,4.990069452695184,0.997985729207948,1.1220788705486808,0.0021133194837278215,6.022272813906895e-16,1.0,290.04017217837725,10.0,0.016938474562882968,-0.0021014715080375423
3,evacuation,3348.0,5.000136599638786,4.990088518203603,0.9979904386140352,1.1179432138343006,0.002105079576805115,4.930559710086942e-16,1.0,290.11287237820994,10.0,0.016964897454106478,-0.002034523982565161
3,evacuation,3350.0,5.000132242980199,4.990106949946472,0.9979949944228372,1.1139394370610334,0.0020971209523265705,4.0366307396145725e-16,1.0,290.185056162265,10.0,0.01699116030439371,-0.001969582119967908
3,evacuation,3352.0,5.000128017170615,4.990124767730547,0.9979994013341826,1.110063584403871,0.0020894339566856555,3.304736434506058e-16,1.0,290.25672247417316,10.0,0.01701726214929373,-0.0019065907521542606
3,evacuation,3354.0,5.000123918597038,4.9901419912474045,0.9980036640067046,1.1063118089831439,0.0020820092877775567,2.7055625798277236e-16,1.0,290.3278704381684,10.0,0.01704320209235821,-0.0018454960523834674
3,evacuation,3356.0,5.0001199437349975,4.990158640373727,0.9980077871184365,1.102680370189713,0.0020748379717027035,2.2150415381026635e-16,1.0,290.3984993531138,10.0,0.017068979303334748,-0.0017862455063823188
3,evacuation,3358.0,5.000116089146417,4.990174733800624,0.9980117750931079,1.0991656311306002,0.002067911345963178,1.8134513282476636e-16,1.0,290.46860868682273,10.0,0.01709459301644792,-0.0017287878907880072
3,evacuation,3360.0,5.000112351477861,4.990190288884731,0.9980156320707081,1.0957640561053112,0.0020612210572912887,1.4846621211235004e-16,1.0,290.5381980704778,10.0,0.017120042528696533,-0.0016730732475408365
3,evacuation,3362.0,5.000108727459324,4.990205323042096,0.9980193621864979,1.0924722081023615,0.0020547590532711394,1.2154813965956603e-16,1.0,290.6072672931093,10.0,0.017145327198154016,-0.001619052852899393
3,evacuation,3364.0,5.000105213902413,4.990219853813544,0.9980229695844435,1.0892867463437756,0.002048517560979229,9.951071043592851e-17,1.0,290.6758162961918,10.0,0.01717044644229348,-0.0015666791913608422
3,evacuation,3366.0,5.000101807698051,4.990233897534488,0.9980264581516382,1.08620442388648,0.0020424890736861798,8.146899564438447e-17,1.0,290.7438451683909,10.0,0.017195399736350103,-0.001515905934921865
3,evacuation,3368.0,5.0000985058149485,4.990247469421812,0.9980298315359828,1.0832220852758896,0.00203666635059831,6.66983263833458e-17,1.0,290.8113541404528,10.0,0.01722018661171834,-0.0014666879179656893
3,evacuation,3370.0,5.000095305298472,4.990260584898189,0.9980330934112672,1.0803366642517918,0.002031042408593201,5.460556838179715e-17,1.0,290.8783435802213,10.0,0.01724480665437958,-0.0014189811083514167
3,evacuation,3372.0,5.000092203268865,4.990273259425818,0.9980362474442717,1.0775451815045942,0.0020256105028280407,4.4705258746459765e-17,1.0,290.94481398777816,10.0,0.017269259503358652,-0.0013727425840573378
3,evacuation,3374.0,5.000089196919144,4.990285507263352,0.998039297046574,1.0748447424745358,0.0020203641170222822,3.6599948464918145e-17,1.0,291.01076599069967,10.0,0.017293544849207736,-0.0013279305138764685
3,evacuation,3376.0,5.000086283513749,4.990297341768342,0.9980422454353072,1.0722325351941273,0.0020152969645743785,2.9964194686525425e-17,1.0,291.0762003394317,10.0,0.01731766243251845,-0.0012845041331276737
3,evacuation,3378.0,5.000083460387454,4.990308776609336,0.9980450958757874,1.0697058281812672,0.002010402980044106,2.4531538171907717e-17,1.0,291.14111790278577,10.0,0.017341612042464146,-0.0012424237166697356
3,evacuation,3380.0,5.000080724943632,4.9903198253936045,0.9980478516074083,1.067261968381485,0.002005676301674149,2.008384245810695e-17,1.0,291.2055196635537,10.0,0.017365393515371762,-0.0012016505578304796
3,evacuation,3382.0,5.000078074652311,4.990330500551846,0.9980505156209699,1.0648983791503226,0.002001111264836413,1.6442533653393784e-17,1.0,291.2694067142309,10.0,0.017389006733320177,-0.0011621469502288739
3,evacuation,3384.0,5.000075507049002,4.9903408138271725,0.9980530907567086,1.0626125582761132,0.001996702403901157,1.3461414910440927e-17,1.0,291.3327802528477,10.0,0.017412451622765203,-0.001123876164350307
3,evacuation,3386.0,5.000073019733647,4.990350777338155,0.998055579917109,1.0604020760502562,0.0019924444433459475,1.1020790695746338e-17,1.0,291.3956415789116,10.0,0.017435728153193143,-0.001086802422545068
3,evacuation,3388.0,5.000070610368905,4.990360403034222,0.9980579859583291,1.0582645733827107,0.0019883322822712504,9.022664597597363e-18,1.0,291.45799208945823,10.0,0.017458836335802214,-0.0010508908800178009
3,evacuation,3390.0,5.000068276678414,4.990369701742224,0.9980603114998594,1.0561977599546182,0.00198436099056767,7.386808449950844e-18,1.0,291.51983327520287,10.0,0.0174817762222094,-0.0010161076075351832
3,evacuation,3392.0,5.000066016445724,4.990378683804561,0.9980625590523603,1.05419941240954,0.001980525810966944,6.0475411834603406e-18,1.0,291.58116671679164,10.0,0.01750454790318309,-0.0009824195688941124
3,evacuation,3394.0,5.0000638275133085,4.990387359964034,0.9980647311948242,1.05226737258954,0.0019768221497757335,4.951090206193096e-18,1.0,291.6419940811557,10.0,0.017527151507402826,-0.0009497945979300375
3,evacuation,3396.0,5.000061707780862,4.99039574068787,0.9980668304397222,1.050399545812636,0.0019732455634806074,4.053431728540978e-18,1.0,291.7023171179648,10.0,0.017549587200245666,-0.0009182013813500309
3,evacuation,3398.0,5.000059655203761,4.990403835401125,0.9980688590799938,1.048593899184527,0.0019697917571775757,3.318523456681128e-18,1.0,291.76213765617274,10.0,0.017571855182596338,-0.0008876094421561492
3,evacuation,3400.0,5.000057667792111,4.990411653230681,0.9980708193380318,1.0468484599472399,0.001966456586336136,2.716857827049672e-18,1.0,291.82145760065526,10.0,0.01759395568968241,-0.0008579891180809391
3,evacuation,3402.0,5.000055743609767,4.990419203692134,0.9980727135032548,1.0451613138699365,0.00196323604726711,2.2242772792094776e-18,1.0,291.8802789289437,10.0,0.017615888989935432,-0.0008293115406113389
3,evacuation,3404.0,5.000053880772708,4.9904264959289835,0.9980745437802688,1.04353060367745,0.0019601262658831865,1.8210041684390825e-18,1.0,291.9386036880485,10.0,0.017637655383876915,-0.0008015486194391391
3,evacuation,3406.0,5.000052077447643,4.990433538146691,0.9980763121759598,1.0419545275105948,0.0019571234979090615,1.4908466001137148e-18,1.0,291.9964339913673,10.0,0.01765925520302715,-0.0007746730264835422
3,evacuation,3408.0,5.000050331851205,4.99044033841536,0.9980780206601867,1.0404313374217602,0.0019542241300054206,1.2205483287445533e-18,1.0,292.05377201567916,10.0,0.017680688808837837,-0.000748658175398427
3,evacuation,3410.0,5.000048642248915,4.9904469051508435,0.9980796712622073,1.038959337909872,0.001951424670166608,9.992565404639869e-19,1.0,292.1106199982256,10.0,0.017701956591649495,-0.0007234782025870987
3,evacuation,3412.0,5.000047006953688,4.990453246317489,0.9980812659115289,1.0375368844896402,0.0019487217386497109,8.180861055466804e-19,1.0,292.166980233875,10.0,0.017723058969672186,-0.0006991079530444842
3,evacuation,3414.0,5.000045424324581,4.990459369064744,0.9980828063654775,1.036162382290391,0.0019461120694725916,6.697628178183301e-19,1.0,292.22285507236336,10.0,0.017743996387987907,-0.0006755229649125965
3,evacuation,3416.0,5.0000438927660715,4.990465280540585,0.9980842943720265,1.0348342846885659,0.001943592510667734,5.483313191646505e-19,1.0,292.2782469156154,10.0,0.017764769317575823,-0.0006526994501759997
3,evacuation,3418.0,5.000042410727032,4.99047098817162,0.9980857317260196,1.0335510919767046,0.0019411600148601018,4.489159863406437e-19,1.0,292.3331582151448,10.0,0.017785378254360752,-0.0006306142776041452
3,evacuation,3420.0,5.00004097669931,4.990476498876137,0.9980871201120662,1.0323113500634897,0.0019388116323076077,3.675251723519551e-19,1.0,292.3875914695304,10.0,0.017805823718283785,-0.0006092449597687294
3,evacuation,3422.0,5.000039589216655,4.990481818893263,0.9980884610705872,1.031113649201476,0.001936544513203933,3.0089093782881823e-19,1.0,292.4415492219626,10.0,0.01782610625239314,-0.0005885696381128418
3,evacuation,3424.0,5.000038246854044,4.990486954562029,0.9980897561537606,1.0299566227468129,0.0019343559069550879,2.46337838259649e-19,1.0,292.495034057863,10.0,0.01784622642195681,-0.0005685670649464408
3,evacuation,3426.0,5.000036948226677,4.99049191241686,0.9980910069448182,1.028838945952515,0.0019322431532113199,2.0167550090112567e-19,1.0,292.54804860257775,10.0,0.01786618481359753,-0.0005492165882138328
3,evacuation,3428.0,5.000035691988632,4.990496698453392,0.9980922149114805,1.0277593347898386,0.0019302036768808098,1.6511067876287518e-19,1.0,292.6005955191381,10.0,0.01788598203444762,-0.000530498139485384
3,evacuation,3430.0,5.000034476831984,4.990501318128616,0.9980933814061601,1.0267165447956639,0.0019282349907896355,1.3517524991123228e-19,1.0,292.6526775060863,10.0,0.017905618711323575,-0.0005123922195649892
3,evacuation,3432.0,5.000033301486133,4.990505777066996,0.9980945078073169,1.02570936995011,0.0019263346939905502,1.1066727070027404e-19,1.0,292.7042972953691,10.0,0.01792509548992136,-0.0004948798818767787
3,evacuation,3434.0,5.000032164716824,4.99051008099782,0.9980955955071253,1.0247366415847678,0.0019245004635108222,9.060271619075799e-20,1.0,292.755457650297,10.0,0.01794441303403207,-0.00047794271891881665
3,evacuation,3436.0,5.000031065324934,4.9905142351085585,0.9980966457823884,1.0237972273163602,0.0019227300511237822,7.417597028196433e-20,1.0,292.8061613635656,10.0,0.01796357202477655,-0.00046156285105491957
3,evacuation,3438.0,5.000030002145693,4.990518244185154,0.9980976598227496,1.022890030004903,0.0019210212859789232,6.072747925498278e-20,1.0,292.856411255336,10.0,0.017982573159858496,-0.0004457229127194055
3,evacuation,3440.0,5.000028974048074,4.990522113215957,0.9980986388516023,1.0220139867402442,0.0019193720720531234,4.9717269925413713e-20,1.0,292.90621017137755,10.0,0.01800141715283713,-0.000430406037253547
3,evacuation,3442.0,5.000027979933787,4.990525847205006,0.9980995840889458,1.0211680678563315,0.0019177803808326749,4.0703269079019876e-20,1.0,292.9555609812697,10.0,0.018020104732418656,-0.00041559584487738463
3,evacuation,3444.0,5.000027018736249,4.990529450637095,0.9981004966446053,1.020351275968539,0.0019162442495661372,3.332355369015589e-20,1.0,293.00446657666026,10.0,0.01803863664176563,-0.0004012764321438378
3,evacuation,3446.0,5.000026089419868,4.990532927721871,0.9981013775671921,1.019562645034096,0.0019147617835569358,2.7281819267016183e-20,1.0,293.05292986957767,10.0,0.01805701363782342,-0.0003874323588198589
3,evacuation,3448.0,5.00002519097947,4.990536282877217,0.9981022279408969,1.0188012394389432,0.001913331152943746,2.2335482867879132e-20,1.0,293.1009537907998,10.0,0.018075236490665236,-0.00037404863419153325
3,evacuation,3450.0,5.000024322439343,4.990539520456489,0.9981030488311251,1.0180661531095436,0.0019119505864705875,1.8285943105703705e-20,1.0,293.1485412882766,10.0,0.018093305982854496,-0.00036111070636913055
3,evacuation,3452.0,5.00002348285228,4.9905426443380065,0.9981038412025887,1.0173565086456682,0.0019106183709035037,1.4970606063669613e-20,1.0,293.195695325603,10.0,0.018111222908823662,-0.00034860445230510046
3,evacuation,3454.0,5.000022671299025,4.990545658234768,0.9981046059813574,1.0166714564749546,0.001909332852769438,1.2256356952248687e-20,1.0,293.2424188805418,10.0,0.018128988074269416,-0.0003365161654375464
3,evacuation,3456.0,5.000021886887656,4.990548566049781,0.9981053441260489,1.0160101740318612,0.0019080924347027774,1.003421538872098e-20,1.0,293.28871494359686,10.0,0.018146602295564748,-0.00032483254344244875
3,evacuation,3458.0,5.000021128752686,4.990551371556108,0.9981060565640166,1.015371864958967,0.0019068955703786137,8.214959702991677e-21,1.0,293.33458651663614,10.0,0.018164066399187464,-0.00031354067868124446
3,evacuation,3460.0,5.000020396054264,4.990554078112421,0.9981067441346212,1.0147557583274347,0.0019057407647579256,6.725544579951336e-21,1.0,293.38003661155864,10.0,0.018181381221163525,-0.0003026280487231328
3,evacuation,3462.0,5.000019687977658,4.990556689000529,0.9981074076568374,1.0141611078779327,0.0019046265751586412,5.506168201915063e-21,1.0,293.4250682490074,10.0,0.018198547606525898,-0.00029208250483512454
3,evacuation,3464.0,5.000019003732637,4.990559207657065,0.9981080479757155,1.0135871912838779,0.0019035516074197875,4.507871133303724e-21,1.0,293.46968445712855,10.0,0.018215566408789182,-0.00028189226111526543
3,evacuation,3466.0,5.000018342552666,4.990561637341808,0.9981086658962075,1.0130333094346273,0.0019025145119899057,3.690570540045748e-21,1.0,293.5138882703737,10.0,0.01823243848943888,-0.0002720458859019663
3,evacuation,3468.0,5.000017703694203,4.990563980970242,0.9981092621498165,1.0124987857362473,0.0019015139846810171,3.021450815322552e-21,1.0,293.5576827283428,10.0,0.018249164717434825,-0.0002625322927788824
3,evacuation,3470.0,5.0000170864362286,4.990566241446429,0.9981098374612685,1.0119829654314247,0.0019005487670488766,2.4736459933099728e-21,1.0,293.601070874669,10.0,0.018265745968728944,-0.0002533407299764319
3,evacuation,3472.0,5.000016490079668,4.990568421784374,0.9981103925728967,1.0114852149396212,0.0018996176426124122,2.0251610481884855e-21,1.0,293.64405575594395,10.0,0.01828218312579723,-0.00024446077078596733
3,evacuation,3474.0,5.000015913946623,4.990570524793743,0.9981109281819418,1.0110049212150103,0.0018987194340173575,1.6579887672645431e-21,1.0,293.6866404206825,10.0,0.018298477077185616,-0.000235882305771414
3,evacuation,3476.0,5.000015357379777,4.9905725530130445,0.9981114449273051,1.010541491120606,0.0018978530040149636,1.3573867396056783e-21,1.0,293.72882791832404,10.0,0.018314628717068567,-0.00022759553426136072
3,evacuation,3478.0,5.000014819741991,4.990574509012245,0.9981119434501531,1.0100943508201816,0.0018970172552049008,1.1112854304185278e-21,1.0,293.7706212982707,10.0,0.018330638944820957,-0.00021959095470194532
3,evacuation,3480.0,5.000014300415701,4.990576395423011,0.998112424400085,1.0096629451884036,0.0018962111265141202,9.0980357463878e-22,1.0,293.8120236089632,10.0,0.018346508664603214,-0.00021185935622934155
3,evacuation,3482.0,5.000013798802256,4.990578214664078,0.9981128883803403,1.0092467372368321,0.0018954335912950327,7.448514321954377e-22,1.0,293.85303789699054,10.0,0.0183622387849588,-0.00020439181154824468
3,evacuation,3484.0,5.000013314321415,4.99057996895316,0.9981133359502793,1.0088452075548648,0.001894683658300497,6.098059751674928e-22,1.0,293.8936672062332,10.0,0.018377830218423683,-0.00019717966893624726
3,evacuation,3486.0,5.000012846410932,4.99058166056167,0.9981137676764106,1.008457853767097,0.0018939603709023228,4.9924496520596365e-22,1.0,293.9339145770399,10.0,0.01839328388114803,-0.00019021454355909508
3,evacuation,3488.0,5.000012394526022,4.9905832917774635,0.9981141841250469,1.0080841900069613,0.0018932628039771136,4.087292441093138e-22,1.0,293.973783045437,10.0,0.01840860069252982,-0.00018348831006203853
3,evacuation,3490.0,5.000011958138753,4.990584864682689,0.9981145858179962,1.0077237464045514,0.0018925900627626382,3.346244962555698e-22,1.0,294.01327564236874,10.0,0.018423781574859844,-0.0001769930960138417
3,evacuation,3492.0,5.000011536737618,4.990586381220799,0.998114973246048,1.0073760685882518,0.0018919412836665176,2.739553264369197e-22,1.0,294.05239539296696,10.0,0.018438827452977584,-0.00017072127445566263
3,evacuation,3494.0,5.000011129827146,4.99058784339461,0.9981153469086654,1.0070407172013887,0.0018913156331054502,2.2428579414530873e-22,1.0,294.09114531585146,10.0,0.01845373925393847,-0.0001646654561577642
3,evacuation,3496.0,5.0000107369274,4.990589253185066,0.9981157072978362,1.0067172674333553,0.0018907123048866094,1.8362160761629141e-22,1.0,294.12952842245886,10.0,0.018468517906691777,-0.00015881848309034949
3,evacuation,3498.0,5.000010357573426,4.990590612386624,0.9981160548652597,1.0064053085634619,0.0018901305196305663,1.5033005060386823e-22,1.0,294.167547716399,10.0,0.018483164341768995,-0.0001531734223608919
3,evacuation,3500.0,5.000009991314931,4.990591922706626,0.998116390042287,1.0061044435175208,0.0018895695253170013,1.230744268495162e-22,1.0,294.20520619283815,10.0,0.01849767949098224,-0.0001477235593377484
3,evacuation,3502.0,5.000009637715851,4.990593185905147,0.9981167132679756,1.0058142884380623,0.0018890285959011256,1.0076039011156146e-22,1.0,294.2425068379084,10.0,0.018512064287132608,-0.00014246239080154468
3,evacuation,3504.0,5.000009296353917,4.990594403691645,0.9981170249685061,1.0055344722673796,0.001888507029220024,8.24920048406772e-23,1.0,294.27945262814376,10.0,0.018526319663728856,-0.00013738361916282635
3,evacuation,3506.0,5.000008966820207,4.990595577616115,0.9981173255355021,1.005264636342024,0.001888004146794719,6.753577328452139e-23,1.0,294.3160465299392,10.0,0.01854044655471486,-0.00013248114684658187
3,evacuation,3508.0,5.000008648718782,4.990596709180385,0.9981176153483637,1.0050044339990138,0.001887519294080851,5.529118466628954e-23,1.0,294.3522914990346,10.0,0.01855444589420668,-0.00012774907001384018
3,evacuation,3510.0,5.00000834166638,4.990597799925294,0.9981178947917617,1.0047535301943182,0.0018870518390045694,4.52666039511005e-23,1.0,294.388190480022,10.0,0.018568318616238692,-0.00012318167253616165
3,evacuation,3512.0,5.000008045291937,4.990598851322487,0.9981181642340937,1.0045116011326833,0.0018866011703744462,3.705953210503502e-23,1.0,294.423746405875,10.0,0.018582065654518524,-0.00011877342084521173
3,evacuation,3514.0,5.000007759236235,4.990599864714465,0.9981184240155646,1.0042783339078065,0.0018861666978997002,3.0340445272363467e-23,1.0,294.4589621975007,10.0,0.018595687942190655,-0.00011451895873889785
3,evacuation,3516.0,5.000007483151594,4.990600841422673,0.9981186744698646,1.0040534261532257,0.0018857478521580818,2.483956399439304e-23,1.0,294.49384076331154,10.0,0.018609186411608074,-0.00011041310170661524
3,evacuation,3518.0,5.000007216701544,4.990601782790251,0.9981189159327859,1.0038365857041858,0.0018853440831739874,2.0336021238078725e-23,1.0,294.5283849988192,10.0,0.018622561994112635,-0.00010645083164646025
3,evacuation,3520.0,5.000006959560423,4.990602690082602,0.9981191487224154,1.003627530269536,0.0018849548592757837,1.6648994317651476e-23,1.0,294.5625977862475,10.0,0.01863581561982297,-0.00010262729224699412
3,evacuation,3522.0,5.000006711413059,4.990603564465976,0.9981193731349163,1.0034259871129976,0.0018845796672013937,1.3630444645197416e-23,1.0,294.59648199416495,10.0,0.018648948217430468,-9.893778420436333e-05
3,evacuation,3524.0,5.000006471954516,4.990604407101942,0.9981195894634713,1.0032316927441756,0.0018842180118299823,1.1159173802396847e-23,1.0,294.63004047713537,10.0,0.018661960714002414,-9.537776014120008e-05
3,evacuation,3526.0,5.000006240889743,4.990605219156464,0.9981197980001708,1.00304439261933,0.001883869414891148,9.135957277518188e-24,1.0,294.66327607538756,10.0,0.018674854034792993,-9.19428199789701e-05
3,evacuation,3528.0,5.000006017933262,4.990606001717608,0.9981199990196132,1.0028638408510309,0.0018835334141855625,7.479560481324366e-24,1.0,294.69619161450197,10.0,0.01868762910306118,-8.862870677348843e-05
3,evacuation,3530.0,5.000005802808879,4.990606755801241,0.9981201927801049,1.0026897999263011,0.0018832095636867354,6.123477080114645e-24,1.0,294.72878990511396,10.0,0.0187002868398955,-8.54313023385554e-05
3,evacuation,3532.0,5.000005595249429,4.990607482426144,0.9981203795387319,1.0025220404335686,0.0018828974331030143,5.013258686030438e-24,1.0,294.76107374263404,10.0,0.018712828164045882,-8.234662273361461e-05
3,evacuation,3534.0,5.000005394996497,4.990608182601014,0.9981205595488185,1.0023603407982529,0.001882596606768305,4.104328688462907e-24,1.0,294.79304590698405,10.0,0.018725253991761986,-7.937081420245448e-05
3,evacuation,3536.0,5.000005201800106,4.990608857262235,0.9981207330475401,1.0022044870262377,0.0018823066831390011,3.3601924492506365e-24,1.0,294.8247091623481,10.0,0.018737565236637947,-7.650014940653542e-05
3,evacuation,3538.0,5.0000050154184885,4.990609507296454,0.9981209002604873,1.0020542724550254,0.0018820272748362556,2.750971998840934e-24,1.0,294.85606625693873,10.0,0.01874976280946335,-7.373102344883892e-05
3,evacuation,3540.0,5.000004835617838,4.990610133594686,0.9981210614125355,1.0019094975128047,0.0018817580081083537,2.2522063996943416e-24,1.0,294.88711992277746,10.0,0.018761847618080342,-7.105994989247217e-05
3,evacuation,3542.0,5.000004662172072,4.990610737027512,0.9981212167229302,1.001769969487164,0.0018814985219271058,1.8438770236030416e-24,1.0,294.91787287549084,10.0,0.018773820567247385,-6.848355722235581e-05
3,evacuation,3544.0,5.0000044948625275,4.990611318400724,0.9981213663964792,1.0016355022910848,0.0018812484676582713,1.5095738599584178e-24,1.0,294.9483278141117,10.0,0.0187856825585055,-6.599858529740467e-05
3,evacuation,3546.0,5.00000433347783,4.99061187848904,0.9981215106303204,1.001505916267481,0.0018810075090880392,1.235918859764989e-24,1.0,294.97848742091946,10.0,0.018797434490060272,-6.360188220289002e-05
3,evacuation,3548.0,5.000004177813554,4.990612418075591,0.998121649621887,1.0013810379417827,0.001880775321713689,1.0119053722231998e-24,1.0,295.00835436124413,10.0,0.018809077256650233,-6.129040007522411e-05
3,evacuation,3550.0,5.000004027672114,4.990612937908226,0.9981217835601904,1.001260699826033,0.0018805515920541067,8.285020479193661e-25,1.0,295.03793128332006,10.0,0.018820611749435306,-5.906119217777083e-05
3,evacuation,3552.0,5.000003882862429,4.990613438667475,0.9981219126194802,1.00114474023041,0.0018803360176814531,6.783302613659624e-25,1.0,295.06722081815275,10.0,0.01883203885589082,-5.691141004643982e-05
3,evacuation,3554.0,5.00000374319984,4.990613921037552,0.9981220369734605,1.0010330030718235,0.001880128307055375,5.5537011546930755e-25,1.0,295.096225579388,10.0,0.01884335945970309,-5.4838300166665394e-05
3,evacuation,3556.0,5.000003608505881,4.9906143857171354,0.9981221567974927,1.0009253376883516,0.00187992817858208,4.547036185020276e-25,1.0,295.1249481631908,10.0,0.018854574440669482,-5.283920096131685e-05
3,evacuation,3558.0,5.000003478607973,4.990614833330938,0.9981222722509688,1.0008215986338995,0.0018797353602091598,3.722761572945703e-25,1.0,295.15339114811843,10.0,0.01886568467459646,-5.091153975563741e-05
3,evacuation,3560.0,5.00000335333939,4.990615264467389,0.998122383484857,1.0007216455341632,0.001879549589773287,3.047817117569431e-25,1.0,295.1815570950406,10.0,0.018876691033217215,-4.9052830399408806e-05
3,evacuation,3562.0,5.000003232538959,4.990615679737305,0.9981224906534936,1.000625342908521,0.001879370614491405,2.4952071386316745e-25,1.0,295.20944854704317,10.0,0.01888759438410291,-4.7260670145579374e-05
3,evacuation,3564.0,5.000003116050979,4.99061607973627,0.9981225939070769,1.0005325599979022,0.001879198190116921,2.042804519675546e-25,1.0,295.2370680293418,10.0,0.018898395590578824,-4.5532736982957365e-05
3,evacuation,3566.0,5.00000300372494,4.990616464999325,0.9981226933826597,1.0004431706044454,0.0018790320808645716,1.6724413354042538e-25,1.0,295.26441804920927,10.0,0.018909095511646233,-4.386678720033918e-05
3,evacuation,3568.0,5.000002895415419,4.990616836043073,0.9981227892125916,1.0003570529404975,0.001878872059546503,1.3692260110805172e-25,1.0,295.2915010959136,10.0,0.018919695001909282,-4.226065277733988e-05
3,evacuation,3570.0,5.00000279098193,4.990617193399928,0.9981228815314003,1.0002740894817617,0.0018787179070363176,1.1209780238539499e-25,1.0,295.31831964066487,10.0,0.018930194911505854,-4.071223886420944e-05
3,evacuation,3572.0,5.000002690288728,4.990617537578095,0.9981229704678237,1.0001941668230432,0.0018785694116600186,9.177360176754987e-26,1.0,295.34487613656785,10.0,0.01894059608604134,-3.9219521573725926e-05
3,evacuation,3574.0,5.000002593204657,4.990617869039031,0.9981230561403347,1.0001171755377896,0.0018784263691979,7.513445584766025e-26,1.0,295.3711730185821,10.0,0.018950899366525917,-3.778054576184319e-05
3,evacuation,3576.0,5.0000024996030366,4.990618188236717,0.9981231386650179,1.0000430100427007,0.0018782885828768799,6.151225031448297e-26,1.0,295.3972127034902,10.0,0.018961105589315744,-3.6393422653587966e-05
3,evacuation,3578.0,5.000002409361483,4.990618495632468,0.9981232181585661,0.9999715684673727,0.0018781558628543317,5.035982811093213e-26,1.0,295.4229975898731,10.0,0.018971215586057567,-3.5056327640682764e-05
3,evacuation,3580.0,5.000002322361789,4.990618791660064,0.9981232947313328,0.9999027525281274,0.0018780280258027385,4.122933196663297e-26,1.0,295.4485300580927,10.0,0.01898123018363673,-3.376749833180767e-05
3,evacuation,3582.0,5.000002238489763,4.99061907671906,0.9981233684860236,0.9998364674056087,0.0018779048949385385,3.3754212640225664e-26,1.0,295.47381247028073,10.0,0.01899115020412837,-3.252523255299189e-05
3,evacuation,3584.0,5.000002157635131,4.990619351207303,0.9981234395242211,0.999772621626354,0.0018777862999104751,2.763438522258816e-26,1.0,295.49884717033416,10.0,0.01900097646475165,-3.132788626058722e-05
3,evacuation,3586.0,5.000002079691391,4.990619615522646,0.9981235079467561,0.9997111269484138,0.0018776720763423558,2.2624131885675876e-26,1.0,295.5236364839163,10.0,0.019010709777827144,-3.0173871634342493e-05
3,evacuation,3588.0,5.000002004555687,4.990619870035858,0.9981235738483144,0.9996518982506897,0.0018775620655623714,1.852226547854403e-26,1.0,295.54818271846455,10.0,0.01902035095073721,-2.9061655337853257e-05
3,evacuation,3590.0,5.000001932128689,4.99062011509409,0.9981236373181549,0.9995948534257951,0.0018774561146187852,1.5164082817094982e-26,1.0,295.572488163203,10.0,0.019029900785888947,-2.7989756717645595e-05
3,evacuation,3592.0,5.000001862314482,4.990620351044743,0.9981236984449049,0.9995399132765033,0.0018773540761045204,1.2414752997125448e-26,1.0,295.59655508916074,10.0,0.019039360080680166,-2.695674598090741e-05
3,evacuation,3594.0,5.000001795020471,4.990620578229915,0.9981237573154678,0.9994870014165536,0.0018772558077799538,1.0163933015969667e-26,1.0,295.6203857491956,10.0,0.019048729627467825,-2.5961242556719882e-05
3,evacuation,3596.0,5.000001730157224,4.990620796966746,0.9981238140111239,0.9994360441705163,0.001877161172393137,8.321166748327482e-27,1.0,295.64398237802294,10.0,0.019058010213539506,-2.500191348223682e-05
3,evacuation,3598.0,5.000001667638407,4.990621007557061,0.9981238686094726,0.9993869704903295,0.0018770700376949077,6.812709236648383e-27,1.0,295.6673471922459,10.0,0.019067202621085532,-2.407747198464145e-05
3,evacuation,3600.0,5.000001607380683,4.990621210306823,0.9981239211883426,0.9993397118493733,0.00187698227618401,5.57785572183551e-27,1.0,295.69048239039773,10.0,0.019076307627176967,-2.3186675587595156e-05
