cycle,step,time_s,pressure_kpa,co2_partial_kpa,co2_mole_fraction,co2_loading_cm3_stp_g,n2_loading_cm3_stp_g,open_fraction,solid_volume_l,co2_rate_cm3_stp_g_s
1,adsorption,0.0,99.99999999999999,5.0,0.05,1.0,1.0,0.0,1.0,0.0
1,adsorption,2.0,100.04629011740035,8.647838452022079,0.08643837209629848,1.06852498505123,1.0,0.07254524680726047,1.003627262340363,0.05521479280863858
1,adsorption,4.0,100.04711012296103,9.411708464375085,0.0940727668476161,1.1663184857411746,1.0,0.05939502452962739,1.0029697512264815,0.04300174941828587
1,adsorption,6.0,100.04720883655338,10.018864545942817,0.1001413698837974,1.247719905499415,1.0,0.05966363847152694,1.0029831819235766,0.04158323989780272
1,adsorption,8.0,100.04726965884468,10.070928235128608,0.10066169990915178,1.3295495536759023,1.0,0.06079493418560246,1.0030397467092802,0.04082905759125188
1,adsorption,10.0,100.04726079043247,10.074677325203114,0.10069918202264821,1.4114704946995165,1.0,0.06307113984900296,1.0031535569924501,0.04096607918823199
1,adsorption,12.0,100.04726156331274,10.075426998009823,0.10070667443140169,1.4933872209197412,1.0,0.06515157747764617,1.0032575788738822,0.0409504860141692
1,adsorption,14.0,100.04726290767547,10.077602531896177,0.10072841813969347,1.5752655281666577,1.0,0.06722566158637014,1.0033612830793186,0.04093070547403556
1,adsorption,16.0,100.04726397605272,10.079693032793308,0.10074931219714293,1.6571112703465378,1.0,0.06930385137245249,1.0034651925686227,0.04091477866358218
1,adsorption,18.0,100.04726506303152,10.081761916770281,0.10076999016833289,1.7389245971629763,1.0,0.0713807742679861,1.0035690387133993,0.04089851198576963
1,adsorption,20.0,100.047266153353,10.083836487888487,0.1007907249802501,1.820705369268785,1.0,0.07345682394455327,1.0036728411972278,0.04088221529137586
1,adsorption,22.0,100.04726723401329,10.085907836038599,0.1008114275869963,1.9024536206985307,1.0,0.07553221487831681,1.003776610743916,0.04086605519111651
1,adsorption,24.0,100.04726832333681,10.08797331556895,0.10083207152609333,1.9841694024516834,1.0,0.07760658835574431,1.0038803294177874,0.0408497508684469
1,adsorption,26.0,100.0472694099239,10.090044689810481,0.10085277438676032,2.0658526539468944,1.0,0.07968020607194126,1.003984010303597,0.040833507657176304
1,adsorption,28.0,100.04727049551894,10.092114797894082,0.10087346459238088,2.1475034229088847,1.0,0.08175300815411907,1.0040876504077059,0.04081727790203519
1,adsorption,30.0,100.04727158198001,10.094182945663341,0.10089413520279801,2.2291217267090753,1.0,0.08382495688849496,1.0041912478444248,0.04080103183884458
1,adsorption,32.0,100.04727266670774,10.09624954738901,0.10091479036138377,2.310707570713148,1.0,0.08589610362947227,1.0042948051814735,0.04078480941672542
1,adsorption,34.0,100.04727375167457,10.098316047832274,0.1009354445069349,2.392260962664385,1.0,0.0879664165398602,1.004398320826993,0.040768585647803265
1,adsorption,36.0,100.04727483595978,10.1003813007709,0.10095608618357428,2.4737819197602033,1.0,0.09003590918074848,1.0045017954590374,0.04075237076577977
1,adsorption,38.0,100.04727592003645,10.102445829863807,0.10097672062494,2.5552704502760135,1.0,0.09210457476862585,1.0046052287384315,0.040736159314007904
1,adsorption,40.0,100.0472770036761,10.104509579639721,0.10099734727681238,2.6367265652513776,1.0,0.0941724177276437,1.0047086208863822,0.04071995452253454
1,adsorption,42.0,100.0472780869129,10.106572477258757,0.10101796541110288,2.718150276484261,1.0,0.0962394374277819,1.004811971871389,0.040703755663984674
1,adsorption,44.0,100.04727916978489,10.108634555013754,0.10103857535054932,2.799541595324316,1.0,0.09830563355655349,1.0049152816778277,0.04068756226762541
1,adsorption,46.0,100.04728025227361,10.110695816103265,0.10105917712714133,2.8809005331624182,1.0,0.10037100677057796,1.005018550338529,0.04067137461780246
1,adsorption,48.0,100.04728133437786,10.112756253970456,0.10107977067534317,2.962227101449702,1.0,0.10243555735793942,1.005121777867897,0.04065519271019872
1,adsorption,50.0,100.04728241610172,10.114815870641394,0.10110035601540243,3.04352131159838,1.0,0.10449928554188823,1.0052249642770945,0.04063901649070522
1,adsorption,52.0,100.04728349744427,10.116874667134642,0.10112093315750129,3.124783174980694,1.0,0.10656219163445438,1.0053281095817228,0.040622845975260544
1,adsorption,54.0,100.04728457840511,10.118932643163904,0.10114150209877905,3.206012702131491,1.0,0.10862427591019784,1.00543121379551,0.04060668116732451
1,adsorption,56.0,100.0472856589847,10.120989799040387,0.10116206284234636,3.287209904570907,1.0,0.11068553865475203,1.0055342769327376,0.04059052205928845
1,adsorption,58.0,100.0472867391832,10.123046135237104,0.10118261539293143,3.36837479423292,1.0,0.11274598017459754,1.00563729900873,0.04057436865152769
1,adsorption,60.0,100.04728781900054,10.125101651923579,0.10120315975222932,3.44950738280604,1.0,0.11480560076925991,1.005740280038463,0.04055822094390195
1,adsorption,62.0,100.0472888984369,10.127156349403343,0.10122369592327421,3.530607681725541,1.0,0.11686440072773407,1.0058432200363867,0.04054207893312177
1,adsorption,64.0,100.04728997749235,10.129210228018117,0.10124422390948205,3.6116757023423904,1.0,0.11892238033984107,1.005946119016992,0.04052594261822822
1,adsorption,66.0,100.04729105616701,10.13126328801853,0.10126474371335843,3.6927114560194445,1.0,0.12097953989573619,1.006048976994787,0.04050981199828533
1,adsorption,68.0,100.0472921344609,10.133315529694821,0.10128525533780476,3.773714954141421,1.0,0.12303587968480612,1.0061517939842404,0.040493687071320346
1,adsorption,70.0,100.04729321237433,10.135366953353696,0.10130575878588693,3.8546862080984035,1.0,0.1250913999973885,1.0062545699998695,0.04047756783599496
1,adsorption,72.0,100.04729428990704,10.137417559274004,0.10132625406039276,3.935625229275811,1.0,0.12714610112377536,1.0063573050561887,0.04046145429102855
1,adsorption,74.0,100.04729536705955,10.139467347744631,0.10134674116420979,4.016532029053182,1.0,0.12919998335369906,1.006459999167685,0.040445346434821644
1,adsorption,76.0,100.04729644383156,10.141516319060246,0.10136722010028412,4.097406618806071,1.0,0.13125304697701407,1.0065626523488507,0.04042924426594956
1,adsorption,78.0,100.04729752022341,10.143564473507299,0.10138769087147902,4.178249009907359,1.0,0.1333052922835492,1.0066652646141774,0.040413147783021214
1,adsorption,80.0,100.04729859623514,10.145611811374609,0.10140815348068175,4.259059213727367,1.0,0.1353567195629402,1.0067678359781471,0.04039705698454603
1,adsorption,82.0,100.04729967186682,10.147658332953064,0.10142860793080029,4.339837241633637,1.0,0.1374073291048115,1.0068703664552405,0.040380971869080205
1,adsorption,84.0,100.0473007471186,10.149704038531032,0.10144905422471727,4.420583104990805,1.0,0.1394571211987323,1.0069728560599367,0.04036489243519509
1,adsorption,86.0,100.04730182199064,10.151748928397398,0.10146949236532055,4.5012968151605754,1.0,0.14150609613415865,1.0070753048067083,0.04034881868143225
1,adsorption,88.0,100.04730289648278,10.153793002841649,0.10148992235550422,4.581978383501741,1.0,0.1435542542004852,1.0071777127100243,0.04033275060634366
1,adsorption,90.0,100.04730397059532,10.155836262152562,0.10151034419815488,4.6626278213702035,1.0,0.14560159568704134,1.007280079784352,0.04031668820848816
1,adsorption,92.0,100.04730504432828,10.15787870661891,0.10153075789615945,4.743245140118977,1.0,0.14764812088307105,1.0073824060441536,0.040300631486415876
1,adsorption,94.0,100.04730611768184,10.159920336529641,0.10155116345240635,4.8238303510981835,1.0,0.14969383007774736,1.0074846915038873,0.040284580438679274
1,adsorption,96.0,100.0473071906561,10.161961152173474,0.10157156086978168,4.90438346565505,1.0,0.15173872356017418,1.0075869361780088,0.04026853506383488
1,adsorption,98.0,100.04730826325104,10.164001153838925,0.10159195015116987,4.984904495133909,1.0,0.15378280161937194,1.0076891400809687,0.04025249536043193
1,adsorption,100.0,100.04730933546679,10.166040341814737,0.10161233129945729,5.0653934508762,1.0,0.15582606454429299,1.0077913032272148,0.040236461327024534
1,adsorption,102.0,100.0473104073035,10.168078716389328,0.10163270431752709,5.145850344220467,1.0,0.15786851262381493,1.0078934256311907,0.0402204329621663
1,adsorption,104.0,100.04731147876129,10.17011627785114,0.10165306920826271,5.22627518650236,1.0,0.15991014614673915,1.007995507307337,0.04020441026440935
1,adsorption,106.0,100.0473125498402,10.172153026488559,0.10167342597454714,5.306667989054634,1.0,0.16195096540179438,1.0080975482700898,0.04018839323230694
1,adsorption,108.0,100.04731362054031,10.174188962589819,0.10169377461926171,5.387028763207151,1.0,0.1639909706776335,1.0081995485338817,0.04017238186441112
1,adsorption,110.0,100.04731469086175,10.17622408644316,0.10171411514528786,5.467357520286876,1.0,0.16603016226283546,1.0083015081131417,0.04015637615927415
1,adsorption,112.0,100.04731576080461,10.17825839833671,0.10173444755550586,5.547654271617881,1.0,0.1680685404459055,1.0084034270222952,0.040140376115448656
1,adsorption,114.0,100.04731683036898,10.180291898558526,0.10175477185279531,5.627919028521339,1.0,0.17010610551527464,1.0085053052757638,0.04012438173148743
1,adsorption,116.0,100.04731789955498,10.182324587396621,0.10177508804003542,5.708151802315541,1.0,0.17214285775930155,1.008607142887965,0.040108393005944376
1,adsorption,118.0,100.0473189683627,10.18435646513883,0.10179539612010355,5.788352604315991,1.0,0.17417879746626871,1.0087089398733133,0.04009240993736978
1,adsorption,120.0,100.04732003679223,10.186387532073077,0.10181569609587793,5.868521445835193,1.0,0.17621392492438384,1.008810696246219,0.04007643252431552
1,adsorption,122.0,100.0473211048437,10.188417788487104,0.101835987970235,5.94865833818265,1.0,0.1782482404217807,1.0089124120210893,0.04006046076533594
1,adsorption,124.0,100.04732217251711,10.190447234668536,0.10185627174605019,6.028763292664996,1.0,0.18028174424651583,1.0090140872123259,0.040044494658982424
1,adsorption,126.0,100.04732323981261,10.192475870905048,0.10187654742619917,6.108836320586029,1.0,0.18231443668657277,1.0091157218343287,0.04002853420380619
1,adsorption,128.0,100.04732430673036,10.194503697484162,0.10189681501355613,6.188877433246543,1.0,0.18434631802986012,1.009217315901493,0.04001257939836003
1,adsorption,130.0,100.04732537327035,10.196530714693333,0.10191707451099477,6.268886641944575,1.0,0.186377388564215,1.0093188694282107,0.03999663024119622
1,adsorption,132.0,100.04732643943274,10.198556922819964,0.10193732592138809,6.3488639579753166,1.0,0.1884076485774016,1.00942038242887,0.03998068673086693
1,adsorption,134.0,100.04732750521767,10.200582322151343,0.10195756924760796,6.428809392631033,1.0,0.1904370983571066,1.0095218549178553,0.03996474886592248
1,adsorption,136.0,100.04732857062515,10.202606912974781,0.1019778044925266,6.508722957201047,1.0,0.19246573819094562,1.0096232869095474,0.03994881664491664
1,adsorption,138.0,100.04732963565533,10.204630695577372,0.1019980316590139,6.588604662971786,1.0,0.19449356836645743,1.009724678418323,0.03993289006640107
1,adsorption,140.0,100.04733070030827,10.20665367024623,0.1020182507499401,6.668454521226776,1.0,0.19652058917110474,1.0098260294585553,0.03991696912892619
1,adsorption,142.0,100.04733176458404,10.20867583726838,0.10203846176817451,6.748272543246647,1.0,0.19854680089227736,1.0099273400446138,0.03990105383104341
1,adsorption,144.0,100.04733282848287,10.21069719693078,0.10205866471658563,6.828058740309138,1.0,0.2005722038172929,1.0100286101908647,0.03988514417130571
1,adsorption,146.0,100.04733389200466,10.212717749520284,0.10207885959804111,6.907813123689094,1.0,0.20259679823339347,1.0101298399116696,0.03986924014826504
1,adsorption,148.0,100.0473349551497,10.214737495323687,0.10209904641540787,6.987535704658457,1.0,0.20462058442774547,1.0102310292213872,0.03985334176047234
1,adsorption,150.0,100.04733601791796,10.21675643462771,0.10211922517155221,7.067226494486282,1.0,0.20664356268744122,1.0103321781343721,0.03983744900647854
1,adsorption,152.0,100.0473370803096,10.218774567718997,0.10213939586933955,7.146885504438833,1.0,0.2086657332995019,1.010433286664975,0.039821561884834815
1,adsorption,154.0,100.04733814232469,10.220791894884158,0.10215955851163505,7.226512745779382,1.0,0.21068709655087342,1.0105343548275436,0.039805680394093636
1,adsorption,156.0,100.04733920396335,10.222808416409626,0.10217971310130207,7.306108229768189,1.0,0.21270765272842262,1.0106353826364212,0.03978980453280587
1,adsorption,158.0,100.0473402652256,10.224824132581867,0.10219985964120433,7.385671967662649,1.0,0.21472740211894295,1.010736370105947,0.03977393429952253
1,adsorption,160.0,100.04734132611172,10.226839043687239,0.10221999813420429,7.465203970717316,1.0,0.21674634500915618,1.010837317250458,0.0397580696927955
1,adsorption,162.0,100.04734238662157,10.228853150011972,0.10224012858316349,7.544704250183739,1.0,0.21876448168570553,1.0109382240842852,0.039742210711175556
1,adsorption,164.0,100.04734344675533,10.230866451842298,0.10226025099094321,7.624172817310706,1.0,0.220781812435164,1.0110390906217581,0.03972635735321382
1,adsorption,166.0,100.0473445065132,10.232878949464338,0.10228036536040361,7.7036096833441645,1.0,0.2227983375440319,1.0111399168772015,0.03971050961746159
1,adsorption,168.0,100.04734556589517,10.234890643164139,0.10230047169440423,7.7830148595271265,1.0,0.22481405729873363,1.0112407028649366,0.039694667502469715
1,adsorption,170.0,100.04734662490141,10.236901533227694,0.10232056999580405,7.8623883570996655,1.0,0.2268289719856186,1.011341448599281,0.039678831006789206
1,adsorption,172.0,100.04734768353201,10.238911619940893,0.10234066026746093,7.941730187298949,1.0,0.22884308189096156,1.0114421540945484,0.03966300012897102
1,adsorption,174.0,100.04734874178695,10.240920903589558,0.10236074251223226,8.021040361359255,1.0,0.23085638730096292,1.0115428193650482,0.039647174867566
1,adsorption,176.0,100.0473497996664,10.242929384459464,0.10238081673297471,8.100318890511959,1.0,0.23286888850174892,1.0116434444250875,0.039631355221125
1,adsorption,178.0,100.04735085717054,10.244937062836279,0.10240088293254404,8.179565785985659,1.0,0.2348805857793748,1.0117440292889688,0.039615541188199176
1,adsorption,180.0,100.04735191429936,10.246943939005602,0.10242094111379521,8.258781059005956,1.0,0.23689147941981764,1.011844573970991,0.03959973276733863
1,adsorption,182.0,100.04735297105299,10.248950013252985,0.10244099127958285,8.337964720795437,1.0,0.23890156970897822,1.011945078485449,0.039583929957094255
1,adsorption,184.0,100.04735402743155,10.25095528586387,0.1024610334327603,8.41711678257382,1.0,0.24091085693268405,1.0120455428466342,0.039568132756017185
1,adsorption,186.0,100.04735508343508,10.252959757123623,0.10248106757618038,8.496237255557988,1.0,0.24291934137668877,1.0121459670688344,0.03955234116265749
1,adsorption,188.0,100.04735613906368,10.25496342731758,0.10250109371269542,8.575326150961946,1.0,0.2449270233266727,1.0122463511663335,0.039536555175565785
1,adsorption,190.0,100.04735719431757,10.256966296730976,0.10252111184515672,8.654383479996788,1.0,0.2469339030682423,1.0123466951534121,0.039520774793293224
1,adsorption,192.0,100.04735824919675,10.258968365648936,0.10254112197641463,8.7334092538707,1.0,0.24893998088692784,1.0124469990443463,0.03950500001438972
1,adsorption,194.0,100.04735930370128,10.260969634356574,0.10256112410931936,8.812403483788966,1.0,0.2509452570681856,1.0125472628534093,0.03948923083740546
1,adsorption,196.0,100.0473603578313,10.262970103138905,0.10258111824672003,8.891366180953971,1.0,0.2529497318973987,1.01264748659487,0.039473467260891584
1,adsorption,198.0,100.04736141158692,10.26496977228083,0.10260110439146473,8.970297356565212,1.0,0.2549534056598748,1.0127476702829938,0.03945770928339811
1,adsorption,200.0,100.0473624649682,10.266968642067246,0.10262108254640143,9.049197021819277,1.0,0.25695627864084714,1.0128478139320423,0.03944195690347525
1,adsorption,202.0,100.04736351797528,10.268966712782923,0.10264105271437685,9.12806518790986,1.0,0.25895835112547505,1.0129479175562737,0.03942621011967336
1,adsorption,204.0,100.04736457060825,10.270963984712578,0.10266101489823717,9.206901866027751,1.0,0.26095962339884304,1.0130479811699422,0.03941046893054256
1,adsorption,206.0,100.0473656228672,10.272960458140858,0.1026809691008279,9.285707067360844,1.0,0.26296009574596174,1.013148004787298,0.03939473333463328
1,adsorption,208.0,100.04736667475224,10.27495613335231,0.10270091532499356,9.364480803094132,1.0,0.26495976845176705,1.0132479884225885,0.03937900333049565
1,adsorption,210.0,100.04736772626339,10.276951010631432,0.10272085357357816,9.44322308440971,1.0,0.26695864180112006,1.013347932090056,0.03936327891667948
1,adsorption,212.0,100.04736877740083,10.27894509026264,0.10274078384942488,9.521933922486765,1.0,0.26895671607880806,1.0134478358039405,0.03934756009173499
1,adsorption,214.0,100.04736982816466,10.280938372530276,0.10276070615537616,9.600613328501597,1.0,0.27095399156954403,1.0135476995784773,0.03933184685421244
1,adsorption,216.0,100.04737087855491,10.282930857718595,0.10278062049427361,9.679261313627595,1.0,0.272950468557966,1.0136475234278983,0.03931613920266162
1,adsorption,218.0,100.04737192857169,10.284922546111797,0.10280052686895827,9.757877889035257,1.0,0.27494614732863776,1.0137473073664318,0.03930043713563234
1,adsorption,220.0,100.04737297821522,10.286913437994015,0.1028204252822704,9.836463065892174,1.0,0.2769410281660491,1.0138470514083024,0.03928474065167484
1,adsorption,222.0,100.04737402748545,10.288903533649261,0.10284031573704923,9.915016855363039,1.0,0.27893511135461485,1.0139467555677308,0.03926904974933883
1,adsorption,224.0,100.04737507638255,10.290892833361527,0.10286019823613365,9.993539268609643,1.0,0.28092839717867535,1.0140464198589338,0.039253364427173955
1,adsorption,226.0,100.04737612490649,10.292881337414695,0.10288007278236166,10.072030316790874,1.0,0.2829208859224971,1.0141460442961248,0.03923768468373025
1,adsorption,228.0,100.04737717305758,10.294869046092579,0.10289993937857028,10.150490011062594,1.0,0.2849125778702683,1.0142456288935133,0.0392220105175574
1,adsorption,230.0,100.04737822083574,10.296855959678943,0.10291979802759622,10.228918362577911,1.0,0.2869034733061069,1.0143451736653053,0.03920634192720514
1,adsorption,232.0,100.0473792682412,10.298842078457444,0.10293964873227504,10.307315382487097,1.0,0.2888935725140581,1.0144446786257029,0.03919067891122341
1,adsorption,234.0,100.047380315274,10.300827402711688,0.10295949149544183,10.385681081937484,1.0,0.29088287577809147,1.0145441437889047,0.03917502146816165
1,adsorption,236.0,100.0473813619342,10.302811932725188,0.1029793263199308,10.46401547207347,1.0,0.2928713833821009,1.0146435691691054,0.03915936959656933
1,adsorption,238.0,100.04738240822194,10.3047956687814,0.10299915320857557,10.542318564036535,1.0,0.2948590956099062,1.0147429547804954,0.039143723294996186
1,adsorption,240.0,100.04738345413725,10.306778611163686,0.10301897216420879,10.620590368965262,1.0,0.2968460127452527,1.0148423006372627,0.039128082561991906
1,adsorption,242.0,100.04738449968032,10.308760760155362,0.1030387831896625,10.698830897995347,1.0,0.2988321350718111,1.0149416067535906,0.0391124473961058
1,adsorption,244.0,100.04738554485121,10.310742116039638,0.10305858628776796,10.77704016225969,1.0,0.30081746287318073,1.015040873143659,0.0390968177958872
1,adsorption,246.0,100.04738658965,10.312722679099679,0.10307838146135583,10.855218172888199,1.0,0.30280199643288447,1.0151400998216442,0.03908119375988597
1,adsorption,248.0,100.04738763407683,10.314702449618542,0.10309816871325567,10.933364941007758,1.0,0.3047857360343671,1.0152392868017184,0.0390655752866512
1,adsorption,250.0,100.04738867813171,10.316681427879235,0.10311794804629665,11.011480477742388,1.0,0.30676868196100016,1.01533843409805,0.039049962374732385
1,adsorption,252.0,100.04738972181482,10.318659614164684,0.10313771946330703,11.089564794213269,1.0,0.3087508344960822,1.015437541724804,0.03903435502267876
1,adsorption,254.0,100.04739076512632,10.320637008757755,0.10315748296711438,11.167617901538698,1.0,0.3107321939228381,1.0155366096961422,0.039018753229039776
1,adsorption,256.0,100.04739180806612,10.322613611941206,0.1031772385605455,11.245639810834062,1.0,0.3127127605244182,1.0156356380262208,0.03900315699236502
1,adsorption,258.0,100.04739285063448,10.324589423997745,0.1031969862464264,11.323630533211832,1.0,0.3146925345838976,1.015734626729195,0.03898756631120352
1,adsorption,260.0,100.04739389283134,10.326564445209986,0.10321672602758233,11.401590079781585,1.0,0.31667151638427604,1.0158335758192139,0.03897198118410365
1,adsorption,262.0,100.04739493465696,10.32853867586053,0.10323645790683818,11.479518461649983,1.0,0.318649706208481,1.0159324853104241,0.03895640160961552
1,adsorption,264.0,100.0473959761113,10.3305121162318,0.10325618188701735,11.557415689920672,1.0,0.3206271043393614,1.016031355216968,0.03894082758628849
1,adsorption,266.0,100.04739701719463,10.332484766606234,0.10327589797094315,11.635281775694539,1.0,0.3226037110596949,1.0161301855529847,0.03892525911267126
1,adsorption,268.0,100.0473980579069,10.33445662726617,0.10329560616143801,11.71311673006963,1.0,0.3245795266521874,1.0162289763326093,0.038909696187313596
1,adsorption,270.0,100.0473990982482,10.336427698493816,0.10331530646132313,11.790920564141064,1.0,0.3265545513994668,1.0163277275699736,0.038894138808762864
1,adsorption,272.0,100.04740013821875,10.338397980571438,0.10333499887342004,11.868693289001005,1.0,0.3285287855840898,1.0164264392792044,0.038878586975570006
1,adsorption,274.0,100.04740117781853,10.340367473781049,0.10335468340054804,11.946434915738708,1.0,0.33050222948853447,1.0165251114744267,0.03886304068628276
1,adsorption,276.0,100.04740221704768,10.342336178404762,0.10337436004552719,12.024145455440532,1.0,0.33247488339520714,1.0166237441697603,0.038847499939451
1,adsorption,278.0,100.04740325590635,10.344304094724494,0.1033940288111757,12.101824919189939,1.0,0.3344467475864393,1.016722337379322,0.03883196473362391
1,adsorption,280.0,100.04740429439451,10.346271223022113,0.10341368970031135,12.179473318067487,1.0,0.33641782234448525,1.0168208911172243,0.03881643506734878
1,adsorption,282.0,100.0474053325124,10.348237563579492,0.10343334271575183,12.257090663150827,1.0,0.3383881079515284,1.0169194053975767,0.038800910939175655
1,adsorption,284.0,100.04740637025995,10.35020311667831,0.10345298786031308,12.334676965514713,1.0,0.34035760468967746,1.0170178802344838,0.0387853923476542
1,adsorption,286.0,100.04740740763741,10.35216788260022,0.10347262513681046,12.412232236230999,1.0,0.34232631284096315,1.0171163156420482,0.03876987929133131
1,adsorption,288.0,100.04740844464486,10.354131861626886,0.10349225454805974,12.48975648636863,1.0,0.3442942326873462,1.0172147116343673,0.03875437176875748
1,adsorption,290.0,100.04740948128234,10.356095054039745,0.10351187609687429,12.567249726993651,1.0,0.3462613645107113,1.0173130682255356,0.03873886977848182
1,adsorption,292.0,100.04741051754988,10.358057460120218,0.10353148978606751,12.644711969169212,1.0,0.3482277085928649,1.0174113854296432,0.03872337331905045
1,adsorption,294.0,100.0474115534478,10.360019080149787,0.10355109561845295,12.722143223955543,1.0,0.3501932652155462,1.0175096632607774,0.03870788238901522
1,adsorption,296.0,100.04741258897597,10.361979914409586,0.10357069359684123,12.799543502409993,1.0,0.3521580346604141,1.0176079017330206,0.038692396986923186
1,adsorption,298.0,100.04741362413458,10.363939963180945,0.1035902837240446,12.876912815586989,1.0,0.35412201720905495,1.0177061008604527,0.038676917111323136
1,adsorption,300.0,100.04741465892374,10.365899226744954,0.10360986600287295,12.954251174538069,1.0,0.35608521314298114,1.0178042606571491,0.03866144276076395
1,adsorption,302.0,100.0474156933436,10.3678577053827,0.10362944043613614,13.031558590311862,1.0,0.35804762274363156,1.0179023811371817,0.03864597393379541
1,adsorption,304.0,100.04741672739408,10.369815399375131,0.10364900702664283,13.108835073954099,1.0,0.36000924629236697,1.0180004623146184,0.038630510628964304
1,adsorption,306.0,100.04741776107542,10.371772309003218,0.10366856577720163,13.186080636507599,1.0,0.36197008407047604,1.0180985042035238,0.03861505284481933
1,adsorption,308.0,100.04741879438771,10.373728434547779,0.1036881166906198,13.26329528901229,1.0,0.36393013635917454,1.0181965068179588,0.038599600579910354
1,adsorption,310.0,100.04741982733097,10.375683776289566,0.10370765976970388,13.34047904250519,1.0,0.3658894034396022,1.01829447017198,0.038584153832785927
1,adsorption,312.0,100.04742085990543,10.377638334509301,0.10372719501726005,13.417631908020414,1.0,0.3678478855928237,1.0183923942796411,0.03856871260199423
1,adsorption,314.0,100.04742189211105,10.379592109487573,0.10374672243609336,13.494753896589177,1.0,0.3698055830998287,1.0184902791549917,0.03855327688608286
1,adsorption,316.0,100.04742292394792,10.381545101504955,0.10376624202900851,13.571845019239792,1.0,0.37176249624153485,1.0185881248120767,0.038537846683601384
1,adsorption,318.0,100.0474239554163,10.383497310841902,0.10378575379880899,13.64890528699766,1.0,0.37371862529878425,1.0186859312649392,0.03852242199309855
1,adsorption,320.0,100.04742498651616,10.385448737778804,0.10380525774829781,13.725934710885292,1.0,0.3756739705523435,1.018783698527617,0.038507002813122096
1,adsorption,322.0,100.04742601724762,10.387399382595985,0.1038247538802773,13.802933301922288,1.0,0.3776285322829049,1.0188814266141455,0.03849158914222012
1,adsorption,324.0,100.04742704761073,10.389349245573692,0.10384424219754887,13.879901071125346,1.0,0.37958231077108723,1.0189791155385544,0.03847618097894113
1,adsorption,326.0,100.04742807760567,10.39129832699211,0.10386372270291344,13.956838029508267,1.0,0.38153530629743587,1.0190767653148718,0.038460778321834685
1,adsorption,328.0,100.04742910723255,10.393246627131333,0.10388319539917087,14.033744188082059,1.0,0.3834875191424236,1.0191743759571212,0.03844538116944927
1,adsorption,330.0,100.04743013649134,10.395194146271336,0.1039026602891201,14.110619557854731,1.0,0.3854389495864433,1.0192719474793221,0.038429989520331165
1,adsorption,332.0,100.0474311653822,10.39714088469216,0.10392211737556051,14.187464149831275,1.0,0.38738959790981453,1.0193694798954906,0.03841460337302987
1,adsorption,334.0,100.04743219390532,10.39908684267361,0.10394156666128908,14.264277975013803,1.0,0.38933946439278344,1.019466973219639,0.03839922272609506
1,adsorption,336.0,100.04743322206073,10.401032020495474,0.10396100814910281,14.341061044401593,1.0,0.3912885493155201,1.019564427465776,0.03838384757807387
1,adsorption,338.0,100.04743424984848,10.40297641843753,0.10398044184179851,14.417813368990906,1.0,0.3932368529581187,1.0196618426479058,0.0383684779275145
1,adsorption,340.0,100.04743527726873,10.404920036779375,0.10399986774217114,14.494534959775239,1.0,0.3951843756006015,1.0197592187800302,0.03835311377296444
1,adsorption,342.0,100.04743630432152,10.406862875800632,0.10401928585301601,14.571225827745234,1.0,0.39713111752291985,1.019856555876146,0.03833775511297281
1,adsorption,344.0,100.04743733100702,10.408804935780786,0.10403869617712695,14.647885983888601,1.0,0.3990770790049501,1.0199538539502477,0.03832240194608911
1,adsorption,346.0,100.04743835732526,10.410746216999236,0.10405809871729697,14.724515439190107,1.0,0.40102226032649035,1.0200511130163246,0.03830705427086038
1,adsorption,348.0,100.04743938327633,10.412686719735358,0.10407749347631896,14.801114204631604,1.0,0.40296666176726365,1.0201483330883632,0.0382917120858336
1,adsorption,350.0,100.04744040886041,10.414626444268464,0.10409688045698491,14.877682291192038,1.0,0.4049102836069227,1.0202455141803461,0.03827637538955902
1,adsorption,352.0,100.0474414340775,10.416565390877691,0.10411625966208536,14.954219709847465,1.0,0.40685312612504276,1.0203426563062523,0.03826104418058412
1,adsorption,354.0,100.0474424589278,10.418503559842227,0.1041356310944111,15.030726471571029,1.0,0.4087951896011256,1.0204397594800563,0.038245718457457424
1,adsorption,356.0,100.04744348341139,10.42044095144109,0.10415499475675137,15.107202587332981,1.0,0.4107364743145983,1.02053682371573,0.03823039821872709
1,adsorption,358.0,100.04744450752821,10.42237756595325,0.104174350651895,15.183648068100657,1.0,0.41267698054481095,1.0206338490272406,0.03821508346293941
1,adsorption,360.0,100.0474455312786,10.424313403657697,0.10419369878263073,15.260062924838493,1.0,0.4146167085710458,1.0207308354285525,0.0381997741886459
1,adsorption,362.0,100.04744655466243,10.426248464833108,0.10421303915174458,15.336447168508025,1.0,0.4165556586725025,1.0208277829336252,0.038184470394391476
1,adsorption,364.0,100.04744757767992,10.428182749758403,0.10423237176202459,15.412800810067878,1.0,0.41849383112831134,1.0209246915564156,0.03816917207872531
1,adsorption,366.0,100.04744860033118,10.43011625871218,0.10425169661625588,15.489123860473777,1.0,0.4204312262175295,1.0210215613108764,0.03815387924019749
1,adsorption,368.0,100.04744962261623,10.432048991973012,0.1042710137172232,15.565416330678548,1.0,0.42236784421913354,1.0211183922109566,0.03813859187735325
1,adsorption,370.0,100.04745064453529,10.433980949819544,0.10429032306771188,15.641678231632104,1.0,0.4243036854120309,1.0212151842706017,0.03812330998874205
1,adsorption,372.0,100.04745166608835,10.435912132530147,0.10430962467050481,15.717909574281464,1.0,0.42623875007505385,1.0213119375037527,0.0381080335729128
1,adsorption,374.0,100.04745268727548,10.437842540383192,0.10432891852838475,15.794110369570731,1.0,0.4281730384869561,1.0214086519243477,0.038092762628411166
1,adsorption,376.0,100.04745370809688,10.439772173657078,0.10434820464413462,15.870280628441115,1.0,0.43010655092642197,1.021505327546321,0.038077497153786874
1,adsorption,378.0,100.04745472855265,10.441701032629991,0.10436748302053529,15.94642036183092,1.0,0.4320392876720618,1.0216019643836032,0.0380622371475898
1,adsorption,380.0,100.0474557486427,10.443629117579995,0.10438675366036662,16.022529580675545,1.0,0.4339712490024016,1.02169856245012,0.03804698260836237
1,adsorption,382.0,100.0474567683674,10.44555642878541,0.10440601656641056,16.09860829590748,1.0,0.43590243519590705,1.0217951217597954,0.03803173353465798
1,adsorption,384.0,100.04745778772667,10.447482966524023,0.10442527174144418,16.174656518456313,1.0,0.437832846530962,1.021891642326548,0.038016489925024134
1,adsorption,386.0,100.04745880672057,10.44940873107382,0.10444451918824642,16.25067425924874,1.0,0.43976248328587053,1.0219881241642936,0.0380012517780043
1,adsorption,388.0,100.04745982534938,10.45133372271282,0.10446375890959632,16.326661529208533,1.0,0.4416913457388745,1.0220845672869436,0.03798601909215143
1,adsorption,390.0,100.04746084361307,10.453257941718611,0.10448299090826887,16.402618339256577,1.0,0.443619434168134,1.0221809717084067,0.037970791866012966
1,adsorption,392.0,100.04746186151172,10.45518138836901,0.10450221518704134,16.478544700310852,1.0,0.4455467488517348,1.0222773374425866,0.03795557009813615
1,adsorption,394.0,100.04746287904548,10.457104062941601,0.10452143174868851,16.554440623286418,1.0,0.4474732900676855,1.0223736645033843,0.0379403537870664
1,adsorption,396.0,100.04746389621447,10.459025965714048,0.10454064059598608,16.630306119095444,1.0,0.4493990580939271,1.0224699529046963,0.03792514293135427
1,adsorption,398.0,100.0474649130187,10.460947096963723,0.10455984173170679,16.706141198647195,1.0,0.45132405320832214,1.022566202660416,0.03790993752954737
1,adsorption,400.0,100.04746592945837,10.462867456968135,0.10457903515862473,16.781945872848027,1.0,0.45324827568866033,1.0226624137844331,0.03789473758019452
1,adsorption,402.0,100.04746694553346,10.46478704600454,0.10459822087951157,16.8577201526014,1.0,0.45517172581265297,1.0227585862906325,0.03787954308184139
1,adsorption,404.0,100.04746796124417,10.466705864350304,0.1046173988971399,16.933464048807853,1.0,0.4570944038579418,1.022854720192897,0.03786435403303764
1,adsorption,406.0,100.04746897659057,10.468623912282553,0.10463656921428002,17.00917757236504,1.0,0.45901631010209304,1.0229508155051046,0.03784917043233181
1,adsorption,408.0,100.04746999157275,10.470541190078427,0.10465573183370241,17.0848607341677,1.0,0.46093744482259724,1.02304687224113,0.03783399227827185
1,adsorption,410.0,100.04747100619085,10.472457698014953,0.10467488675817631,17.16051354510768,1.0,0.46285780829686946,1.0231428904148436,0.037818819569404596
1,adsorption,412.0,100.04747202044484,10.474373436369115,0.10469403399047066,17.236136016073907,1.0,0.46477740080225083,1.0232388700401125,0.03780365230427754
1,adsorption,414.0,100.04747303433484,10.476288405417776,0.10471317353335316,17.31172815795241,1.0,0.4666962226160074,1.0233348111308003,0.03778849048143764
1,adsorption,416.0,100.04747404786112,10.478202605437843,0.10473230538959173,17.38728998162631,1.0,0.46861427401533584,1.0234307137007668,0.0377733340994358
1,adsorption,418.0,100.0474750610236,10.48011603670596,0.10475142956195198,17.462821497975835,1.0,0.47053155527735346,1.0235265777638676,0.03775818315681907
1,adsorption,420.0,100.04747607382257,10.482028699498887,0.10477054605320037,17.5383227178783,1.0,0.4724480666791052,1.0236224033339554,0.037743037652136095
1,adsorption,422.0,100.04747708625787,10.483940594093136,0.10478965486610126,17.61379365220812,1.0,0.4743638084975585,1.023718190424878,0.037727897583933266
1,adsorption,424.0,100.04747809832972,10.485851720765263,0.10480875600341914,17.68923431183681,1.0,0.47627878100960624,1.0238139390504803,0.037712762950756776
1,adsorption,426.0,100.04747911003825,10.487762079791764,0.10482784946791802,17.764644707632957,1.0,0.4781929844920719,1.0239096492246036,0.037697633751156964
1,adsorption,428.0,100.04748012138353,10.489671671448981,0.1048469352623603,17.840024850462278,1.0,0.48010641922170455,1.0240053209610853,0.03768250998368405
1,adsorption,430.0,100.04748113236563,10.491580496013116,0.10486601338950712,17.915374751187564,1.0,0.4820190854751689,1.0241009542737585,0.03766739164688055
1,adsorption,432.0,100.04748214298468,10.493488553760592,0.10488508385212165,17.990694420668703,1.0,0.4839309835290668,1.0241965491764533,0.037652278739298085
1,adsorption,434.0,100.04748315324085,10.49539584496741,0.10490414665296288,18.065983869762693,1.0,0.48584211365992225,1.0242921056829961,0.03763717125948554
1,adsorption,436.0,100.04748416313404,10.497302369909654,0.10492320179479085,18.141243109323614,1.0,0.48775247614418016,1.024387623807209,0.037622069205988276
1,adsorption,438.0,100.04748517266452,10.499208128863392,0.10494224928036508,18.216472150202648,1.0,0.48966207125821404,1.0244831035629107,0.03760697257735407
1,adsorption,440.0,100.04748618183235,10.501113122104538,0.10496128911244387,18.291671003248066,1.0,0.4915708992783267,1.0245785449639164,0.037591881372133554
1,adsorption,442.0,100.04748719063755,10.503017349908843,0.10498032129378373,18.366839679305244,1.0,0.4934789604807382,1.024673948024037,0.037576795588870934
1,adsorption,444.0,100.04748819908026,10.504920812552259,0.1049993458271432,18.441978189216645,1.0,0.49538625514160217,1.02476931275708,0.03756171522611684
1,adsorption,446.0,100.04748920716064,10.506823510310348,0.1050183627152769,18.51708654382184,1.0,0.4972927835369953,1.0248646391768497,0.03754664028241961
1,adsorption,448.0,100.04749021487879,10.508725443458795,0.10503737196094068,18.592164753957483,1.0,0.49919854594291724,1.024959927297146,0.037531570756325836
1,adsorption,450.0,100.0474912222347,10.510626612273132,0.10505637356688897,18.66721283045733,1.0,0.5011035426352938,1.0250551771317646,0.03751650664638256
1,adsorption,452.0,100.04749222922845,10.512527017028857,0.1050753675358758,18.742230784152238,1.0,0.5030077738899776,1.0251503886944988,0.03750144795113788
1,adsorption,454.0,100.04749323586036,10.514426658001423,0.10509435387065452,18.817218625870144,1.0,0.5049112399827507,1.0252455619991376,0.037486394669142706
1,adsorption,456.0,100.04749424213031,10.516325535466061,0.1051133325739767,18.892176366436097,1.0,0.5068139411893152,1.0253406970594658,0.03747134679894399
1,adsorption,458.0,100.04749524803842,10.518223649698081,0.1051323036485944,18.96710401667224,1.0,0.5087158777852984,1.0254357938892649,0.037456304339087934
1,adsorption,460.0,100.04749625358481,10.520121000972647,0.1051512670972583,19.0420015873978,1.0,0.5106170500462527,1.0255308525023126,0.03744126728812113
1,adsorption,462.0,100.04749725876972,10.522017589564959,0.1051702229227193,19.11686908942911,1.0,0.5125174582476645,1.0256258729123833,0.03742623564459615
1,adsorption,464.0,100.04749826359307,10.523913415749906,0.10518917112772547,19.191706533579598,1.0,0.5144171026649377,1.0257208551332468,0.03741120940705948
1,adsorption,466.0,100.04749926805493,10.52580847980248,0.10520811171502574,19.26651393065979,1.0,0.5163159835733979,1.0258157991786698,0.037396188574054634
1,adsorption,468.0,100.04750027215556,10.52770278199774,0.10522704468736963,19.341291291477297,1.0,0.5182141012483108,1.0259107050624154,0.03738117314413648
1,adsorption,470.0,100.04750127589499,10.529596322610212,0.10524597004750151,19.416038626836848,1.0,0.5201114559648544,1.0260055727982427,0.03736616311584955
1,adsorption,472.0,100.04750227927327,10.531489101914818,0.10526488779816959,19.49075594754024,1.0,0.5220080479981333,1.026100402399907,0.03735115848773922
1,adsorption,474.0,100.04750328229053,10.533381120186245,0.10528379794211981,19.565443264386385,1.0,0.5239038776231878,1.0261951938811593,0.037336159258358835
1,adsorption,476.0,100.0475042849469,10.535272377698941,0.1053027004820956,19.640100588171283,1.0,0.5257989451149745,1.0262899472557487,0.03732116542625446
1,adsorption,478.0,100.04750528724242,10.53716287472748,0.10532159542084184,19.71472792968804,1.0,0.527693250748374,1.026384662537419,0.03730617698997104
1,adsorption,480.0,100.04750628917719,10.539052611546364,0.10534048276110247,19.78932529972684,1.0,0.5295867947981999,1.02647933973991,0.037291193948059194
1,adsorption,482.0,100.04750729075141,10.540941588429915,0.10535936250561978,19.86389270907498,1.0,0.5314795775391918,1.0265739788769597,0.03727621629907001
1,adsorption,484.0,100.04750829196503,10.542829805652302,0.10537823465713451,19.938430168516852,1.0,0.5333715992460037,1.0266685799623,0.03726124404154589
1,adsorption,486.0,100.04750929281822,10.544717263487955,0.10539709921838997,20.012937688833933,1.0,0.5352628601932248,1.0267631430096613,0.03724627717403668
1,adsorption,488.0,100.04751029331105,10.546603962210867,0.10541595619212513,20.0874152808048,1.0,0.5371533606553696,1.0268576680327686,0.03723131569509225
1,adsorption,490.0,100.04751129344366,10.548489902095152,0.10543480558108013,20.161862955205134,1.0,0.5390431009068762,1.0269521550453438,0.03721635960326079
1,adsorption,492.0,100.04751229321616,10.550375083414783,0.10545364738799372,20.236280722807706,1.0,0.540932081222107,1.0270466040611055,0.037201408897089394
1,adsorption,494.0,100.04751329262855,10.552259506443669,0.1054724816156041,20.310668594382385,1.0,0.5428203018753487,1.0271410150937674,0.03718646357512431
1,adsorption,496.0,100.04751429168105,10.554143171455726,0.10549130826664928,20.385026580696135,1.0,0.5447077631408199,1.027235388157041,0.037171523635916866
1,adsorption,498.0,100.04751529037361,10.556026078724587,0.10551012734386485,20.459354692513013,1.0,0.546594465292657,1.0273297232646328,0.03715658907801225
1,adsorption,500.0,100.04751628870652,10.557908228524127,0.1055289388499884,20.53365294059418,1.0,0.5484804086049313,1.0274240204302465,0.037141659899962896
1,adsorption,502.0,100.04751728667972,10.559789621127765,0.10554774278775322,20.60792133569789,1.0,0.5503655933516294,1.0275182796675815,0.0371267361003132
1,adsorption,504.0,100.04751828429335,10.561670256809158,0.10556653915989495,20.682159888579484,1.0,0.5522500198066657,1.0276125009903332,0.037111817677609515
1,adsorption,506.0,100.04751928154752,10.563550135841842,0.1055853279691479,20.756368609991416,1.0,0.5541336882438894,1.0277066844121945,0.0370969046304054
1,adsorption,508.0,100.04752027844235,10.565429258499021,0.10560410921824315,20.83054751068323,1.0,0.5560165989370637,1.0278008299468533,0.037081996957245164
1,adsorption,510.0,100.04752127497781,10.567307625054177,0.10562288290991466,20.90469660140155,1.0,0.5578987521598818,1.027894937607994,0.03706709465667684
1,adsorption,512.0,100.04752227115425,10.569185235780589,0.10564164904689402,20.978815892890125,1.0,0.5597801481859708,1.0279890074092985,0.03705219772725474
1,adsorption,514.0,100.0475232669715,10.571062090951202,0.10566040763190994,21.052905395889784,1.0,0.5616607872888673,1.0280830393644433,0.037037306167520836
1,adsorption,516.0,100.04752426242977,10.572938190839311,0.10567915866769433,21.126965121138454,1.0,0.5635406697420394,1.0281770334871019,0.03702241997602172
1,adsorption,518.0,100.0475252575292,10.574813535717963,0.10569790215697655,21.200995079371157,1.0,0.5654197958188901,1.0282709897909446,0.03700753915131121
1,adsorption,520.0,100.04752625226985,10.576688125859942,0.10571663810248362,21.274995281320013,1.0,0.5672981657927382,1.0283649082896371,0.036992663691935546
1,adsorption,522.0,100.04752724665177,10.578561961538252,0.10573536650694462,21.348965737714245,1.0,0.5691757799368302,1.0284587889968415,0.036977793596442717
1,adsorption,524.0,100.04752824067512,10.580435043025643,0.10575408737308598,21.42290645928016,1.0,0.5710526385243375,1.028552631926217,0.03696292886338002
1,adsorption,526.0,100.04752923434,10.582307370594858,0.10577280070363416,21.496817456741173,1.0,0.5729287418283586,1.028646437091418,0.03694806949129629
1,adsorption,528.0,100.04753022764649,10.58417894451862,0.10579150650131547,21.570698740817793,1.0,0.5748040901219245,1.0287402045060963,0.03693321547874528
1,adsorption,530.0,100.04753122059458,10.58604976506923,0.10581020476885206,21.644550322227623,1.0,0.5766786836779714,1.0288339341838988,0.036918366824265185
1,adsorption,532.0,100.04753221318451,10.587919832519571,0.10582889550897155,21.71837221168536,1.0,0.5785525227693795,1.028927626138469,0.03690352352640882
1,adsorption,534.0,100.04753320541636,10.589789147141872,0.1058475787243954,21.792164419902804,1.0,0.5804256076689547,1.0290212803834478,0.0368886855837286
1,adsorption,536.0,100.0475341972902,10.59165770920845,0.10586625441784575,21.865926957588847,1.0,0.5822979386494205,1.029114896932471,0.03687385299477097
1,adsorption,538.0,100.04753518880614,10.593525518991665,0.1058849225920453,21.93965983544949,1.0,0.5841695159834264,1.0292084757991713,0.03685902575808273
1,adsorption,540.0,100.04753617996424,10.595392576763668,0.10590358324971452,22.013363064187814,1.0,0.5860403399435465,1.0293020169971774,0.03684420387221003
1,adsorption,542.0,100.04753717076467,10.597258882796693,0.10592223639357477,22.087036654504004,1.0,0.58791041080229,1.0293955205401144,0.03682938733570613
1,adsorption,544.0,100.04753816120744,10.599124437362674,0.10594088202634447,22.160680617095345,1.0,0.5897797288320845,1.0294889864416041,0.03681457614711907
1,adsorption,546.0,100.04753915129265,10.600989240733597,0.10595952015074253,22.23429496265621,1.0,0.5916482943052785,1.029582414715264,0.036799770304993054
1,adsorption,548.0,100.04754014102043,10.602853293181502,0.10597815076948836,22.307879701878083,1.0,0.5935161074941555,1.0296758053747077,0.03678496980787965
1,adsorption,550.0,100.04754113039098,10.604716594978118,0.10599677388529813,22.38143484544953,1.0,0.5953831686709234,1.0297691584335462,0.036770174654329656
1,adsorption,552.0,100.0475421194042,10.606579146395104,0.1060153895008877,22.45496040405623,1.0,0.5972494781077036,1.0298624739053852,0.036755384842884264
1,adsorption,554.0,100.04754310806034,10.608440947704434,0.10603399761897565,22.528456388380935,1.0,0.5991150360765609,1.029955751803828,0.03674060037209885
1,adsorption,556.0,100.04754409635945,10.610301999177501,0.10605259824227502,22.601922809103524,1.0,0.6009798428494818,1.030048992142474,0.03672582124052537
1,adsorption,558.0,100.04754508430156,10.612162301085737,0.10607119137349917,22.675359676900957,1.0,0.6028438986983606,1.030142194934918,0.036711047446702116
1,adsorption,560.0,100.04754607188687,10.614021853700915,0.10608977701536482,22.74876700244729,1.0,0.6047072038950354,1.0302353601947518,0.036696278989181805
1,adsorption,562.0,100.04754705911542,10.615880657294246,0.1061083551705831,22.82214479641368,1.0,0.6065697587112707,1.0303284879355639,0.03668151586651755
1,adsorption,564.0,100.04754804598728,10.617738712136939,0.10612692584186521,22.895493069468383,1.0,0.6084315634187448,1.0304215781709372,0.036666758077253316
1,adsorption,566.0,100.04754903250263,10.619596018500452,0.10614548903192465,22.96881183227675,1.0,0.610292618289069,1.0305146309144535,0.036652005619938824
1,adsorption,568.0,100.04755001866152,10.621452576655816,0.10616404474347083,23.042101095501234,1.0,0.6121529235937806,1.0306076461796891,0.03663725849312421
1,adsorption,570.0,100.047551004464,10.623308386874069,0.10618259297921313,23.115360869801368,1.0,0.6140124796043349,1.0307006239802168,0.036622516695353824
1,adsorption,572.0,100.04755198991027,10.62516344942646,0.10620113374186306,23.188591165833806,1.0,0.615871286592127,1.0307935643296064,0.03660778022518298
1,adsorption,574.0,100.04755297500031,10.627017764583611,0.10621966703412593,23.261791994252288,1.0,0.6177293448284632,1.030886467241423,0.03659304908115553
1,adsorption,576.0,100.04755395973442,10.62887133261672,0.1062381928587126,23.334963365707655,1.0,0.6195866545845892,1.0309793327292294,0.03657832326182647
1,adsorption,578.0,100.04755494411245,10.630724153796232,0.10625671121832672,23.40810529084784,1.0,0.6214432161316598,1.031072160806583,0.03656360276573779
1,adsorption,580.0,100.04755592813464,10.632576228393098,0.10627522211567673,23.481217780317884,1.0,0.6232990297407617,1.031164951487038,0.03654888759143642
1,adsorption,582.0,100.04755691180107,10.634427556678014,0.10629372555346862,23.55430084475991,1.0,0.6251540956829201,1.031257704784146,0.03653417773747947
1,adsorption,584.0,100.0475578951118,10.636278138921329,0.10631222153440495,23.627354494813154,1.0,0.6270084142290738,1.0313504207114537,0.036519473202414554
1,adsorption,586.0,100.04755887806691,10.63812797539365,0.10633071006119081,23.700378741113948,1.0,0.628861985650084,1.031443099282504,0.03650477398478655
1,adsorption,588.0,100.04755986066658,10.63997706636546,0.10634919113653002,23.77337359429572,1.0,0.6307148102167457,1.0315357405108372,0.03649008008314727
1,adsorption,590.0,100.04756084291088,10.641825412106964,0.10636766476312368,23.84633906498899,1.0,0.6325668881997738,1.0316283444099887,0.03647539149604386
1,adsorption,592.0,100.04756182479981,10.643673012888508,0.10638613094367436,23.91927516382137,1.0,0.634418219869809,1.0317209109934904,0.036460708222023554
1,adsorption,594.0,100.04756280633363,10.645519868980399,0.10640458968088397,23.992181901417602,1.0,0.6362688054974279,1.0318134402748713,0.03644603025964177
1,adsorption,596.0,100.04756378751235,10.64736598065253,0.10642304097745062,24.065059288399485,1.0,0.6381186453531207,1.0319059322676563,0.036431357607444446
1,adsorption,598.0,100.04756476833597,10.649211348175058,0.10644148483607493,24.13790733538595,1.0,0.6399677397073015,1.031998386985365,0.03641669026397615
1,adsorption,600.0,100.04756574880474,10.651055971818062,0.10645992125945661,24.210726052993,1.0,0.6418160888303223,1.032090804441516,0.03640202822779137
1,adsorption,602.0,100.04756672891872,10.65289985185129,0.1064783502502922,24.283515451833757,1.0,0.6436636929924541,1.0321831846496228,0.036387371497439064
1,adsorption,604.0,100.04756770867796,10.654742988544594,0.10649677181127933,24.356275542518432,1.0,0.6455105524638907,1.0322755276231945,0.03637272007146606
1,adsorption,606.0,100.04756868808258,10.656585382167817,0.10651518594511536,24.429006335654336,1.0,0.6473566675147573,1.0323678333757378,0.03635807394842398
1,adsorption,608.0,100.04756966713276,10.658427032990575,0.10653359265449544,24.501707841845874,1.0,0.649202038415105,1.0324601019207553,0.036343433126864465
1,adsorption,610.0,100.04757064582849,10.660267941282369,0.1065519919421137,24.574380071694563,1.0,0.6510466654348992,1.032552333271745,0.03632879760533006
1,adsorption,612.0,100.04757162416983,10.662108107312916,0.10657038381066637,24.64702303579901,1.0,0.6528905488440426,1.032644527442202,0.036314167382373086
1,adsorption,614.0,100.04757260215706,10.663947531351624,0.10658876826284647,24.719636744754908,1.0,0.6547336889123679,1.0327366844456185,0.03629954245654886
1,adsorption,616.0,100.04757357979005,10.66578621366759,0.10660714530134403,24.79222120915507,1.0,0.6565760859096091,1.0328288042954805,0.03628492282639376
1,adsorption,618.0,100.04757455706905,10.667624154530616,0.10662551492885618,24.864776439589395,1.0,0.6584177401054534,1.0329208870052726,0.036270308490465794
1,adsorption,620.0,100.04757553399412,10.669461354209604,0.10664387714807079,24.937302446644882,1.0,0.660258651769509,1.0330129325884754,0.036255699447319455
1,adsorption,622.0,100.04757651056538,10.67129781297368,0.10666223196167827,25.009799240905647,1.0,0.662098821171294,1.0331049410585647,0.036241095695496425
1,adsorption,624.0,100.04757748678291,10.673133531092082,0.10668057937237,25.082266832952875,1.0,0.66393824858026,1.033196912429013,0.03622649723354533
1,adsorption,626.0,100.04757846264673,10.674968508833702,0.10669891938283402,25.154705233364865,1.0,0.6657769342657842,1.0332888467132895,0.03621190406001441
1,adsorption,628.0,100.04757943815699,10.676802746467704,0.10671725199576086,25.227114452717014,1.0,0.6676148784971859,1.0333807439248592,0.03619731617346475
1,adsorption,630.0,100.04758041331391,10.678636244262567,0.10673557721383434,25.29949450158183,1.0,0.669452081543686,1.0334726040771842,0.036182733572438515
1,adsorption,632.0,100.04758138811738,10.680469002487353,0.10675389503974425,25.371845390528904,1.0,0.6712885436744366,1.0335644271837219,0.03616815625548245
1,adsorption,634.0,100.0475823625676,10.682301021410721,0.10677220547617611,25.44416713012493,1.0,0.6731242651585235,1.0336562132579261,0.03615358422114976
1,adsorption,636.0,100.04758333666476,10.684132301301238,0.10679050852581455,25.516459730933708,1.0,0.6749592462649525,1.0337479623132477,0.036139017467988886
1,adsorption,638.0,100.0475843104088,10.685962842427568,0.10680880419134535,25.588723203516125,1.0,0.6767934872626596,1.033839674363133,0.03612445599455206
1,adsorption,640.0,100.04758528379979,10.68779264505806,0.10682709247545108,25.660957558430187,1.0,0.6786269884204994,1.033931349421025,0.03610989979938581
1,adsorption,642.0,100.04758625683803,10.689621709461292,0.1068453733808164,25.733162806230983,1.0,0.6804597500072606,1.034022987500363,0.03609534888104356
1,adsorption,644.0,100.04758722952344,10.691450035905442,0.10686364691012218,25.805338957470703,1.0,0.6822917722916488,1.0341145886145824,0.03608080323807206
1,adsorption,646.0,100.04758820185621,10.69327762465888,0.10688191306605115,25.87748602269864,1.0,0.6841230555423004,1.034206152777115,0.03606626286902142
1,adsorption,648.0,100.0475891738364,10.695104475989785,0.10690017185128413,25.949604012461187,1.0,0.6859536000277778,1.034297680001389,0.03605172777244298
1,adsorption,650.0,100.04759014546406,10.696930590166227,0.10691842326850091,26.02169293730185,1.0,0.6877834060165692,1.0343891703008286,0.03603719794688697
1,adsorption,652.0,100.04759111673941,10.698755967456322,0.10693666732038154,26.093752807761216,1.0,0.6896124737770901,1.0344806236888544,0.036022673390906
1,adsorption,654.0,100.0475920876624,10.700580608127858,0.10695490400960307,26.16578363437697,1.0,0.6914408035776688,1.0345720401788834,0.036008154103042235
1,adsorption,656.0,100.04759305823326,10.702404512448995,0.10697313333884606,26.23778542768392,1.0,0.693268395686576,1.0346634197843287,0.03599364008185089
1,adsorption,658.0,100.04759402845204,10.7042276806874,0.10699135531078618,26.309758198213952,1.0,0.6950952503720061,1.0347547625186002,0.03597913132588576
1,adsorption,660.0,100.04759499831879,10.706050113110699,0.10700956992809876,26.381701956496062,1.0,0.6969213679020647,1.0348460683951033,0.035964627833689235
1,adsorption,662.0,100.04759596783367,10.707871809986843,0.10702777719346233,26.45361671305635,1.0,0.6987467485447972,1.03493733742724,0.035950129603814905
1,adsorption,664.0,100.04759693699671,10.709692771583248,0.10704597710955015,26.525502478418005,1.0,0.7005713925681758,1.0350285696284087,0.035935636634817095
1,adsorption,666.0,100.0475979058081,10.711512998167414,0.1070641696790361,26.59735926310133,1.0,0.7023953002400891,1.0351197650120045,0.03592114892524294
1,adsorption,668.0,100.0475988742678,10.713332490006831,0.10708235490459425,26.669187077623715,1.0,0.704218471828351,1.0352109235914175,0.035906666473639486
1,adsorption,670.0,100.0475998423761,10.715151247368922,0.10710053278889775,26.740985932499658,1.0,0.7060409076007077,1.0353020453800355,0.035892189278558854
1,adsorption,672.0,100.04760081013279,10.716969270520908,0.10711870333461802,26.812755838240754,1.0,0.7078626078248296,1.0353931303912414,0.03587771733855196
1,adsorption,674.0,100.04760177753835,10.718786559730065,0.10713686654442661,26.884496805355706,1.0,0.7096835727683132,1.0354841786384157,0.035863250652170144
1,adsorption,676.0,100.04760274459274,10.720603115263627,0.10715502242099492,26.956208844350318,1.0,0.7115038026986874,1.0355751901349344,0.0358487892179698
1,adsorption,678.0,100.04760371129585,10.722418937388309,0.10717317096698936,27.027891965727488,1.0,0.7133232978833824,1.0356661648941692,0.03583433303448851
1,adsorption,680.0,100.04760467764797,10.724234026371612,0.10719131218508379,27.099546179987218,1.0,0.7151420585897811,1.035757102929489,0.03581988210028487
1,adsorption,682.0,100.04760564364923,10.726048382480206,0.10720944607794389,27.171171497626617,1.0,0.7169600850851878,1.0358480042542595,0.03580543641391418
1,adsorption,684.0,100.0476066092996,10.727862005980747,0.10722757264823536,27.24276792913988,1.0,0.7187773776368115,1.0359388688818405,0.035790995973915316
1,adsorption,686.0,100.04760757459925,10.729674897140459,0.10724569189862945,27.314335485018322,1.0,0.7205939365118094,1.0360296968255904,0.0357765607788449
1,adsorption,688.0,100.04760853954821,10.731487056225646,0.10726380383178828,27.385874175750338,1.0,0.722409761977254,1.0361204880988626,0.03576213082725134
1,adsorption,690.0,100.0476095041467,10.733298483503217,0.10728190845037981,27.457384011821443,1.0,0.724224854300151,1.0362112427150076,0.035747706117688974
1,adsorption,692.0,100.0476104683948,10.735109179239672,0.10730000575706813,27.528865003714248,1.0,0.7260392137474354,1.0363019606873718,0.035733286648714675
1,adsorption,694.0,100.04761143229246,10.736919143701217,0.10731809575451445,27.600317161908475,1.0,0.7278528405859449,1.0363926420292973,0.03571887241886754
1,adsorption,696.0,100.04761239583985,10.738728377154587,0.10733617844538508,27.671740496880922,1.0,0.7296657350824556,1.0364832867541227,0.03570446342669689
1,adsorption,698.0,100.04761335903716,10.74053687986618,0.10735425383234294,27.743135019105523,1.0,0.7314778975036909,1.0365738948751846,0.03569005967076839
1,adsorption,700.0,100.0476143218844,10.7423446521018,0.10737232191804519,27.814500739053283,1.0,0.733289328116268,1.0366644664058133,0.035675661149623415
1,adsorption,702.0,100.04761528438164,10.744151694127993,0.10739038270515634,27.88583766719232,1.0,0.7351000271867358,1.0367550013593367,0.0356612678618076
1,adsorption,704.0,100.04761624652907,10.745958006210946,0.1074084361963372,27.957145813987864,1.0,0.7369099949815906,1.0368454997490795,0.03564687980588343
1,adsorption,706.0,100.04761720832674,10.747763588616415,0.10742648239424439,28.028425189902244,1.0,0.738719231767238,1.036935961588362,0.035632496980400725
1,adsorption,708.0,100.04761816977468,10.74956844161041,0.10744452130153714,28.099675805394885,1.0,0.7405277378100005,1.0370263868905,0.035618119383902656
1,adsorption,710.0,100.04761913087307,10.751372565458961,0.10746255292087468,28.1708976709223,1.0,0.7423355133761362,1.037116775668807,0.03560374701494025
1,adsorption,712.0,100.04762009162192,10.75317596042791,0.10748057725491451,28.24209079693814,1.0,0.7441425587318423,1.0372071279365922,0.03558937987207427
1,adsorption,714.0,100.04762105202153,10.754978626782798,0.10749859430631095,28.31325519389313,1.0,0.7459488741432271,1.0372974437071614,0.035575017953854565
1,adsorption,716.0,100.04762201207176,10.756780564789358,0.10751660407772055,28.384390872235105,1.0,0.747754459876318,1.037387722993816,0.03556066125882588
1,adsorption,718.0,100.04762297177285,10.758581774713267,0.10753460657179893,28.455497842409017,1.0,0.7495593161970782,1.0374779658098539,0.03554630978554063
1,adsorption,720.0,100.04762393112487,10.760382256820076,0.10755260179120071,28.5265761148569,1.0,0.7513634433714051,1.0375681721685703,0.03553196353255801
1,adsorption,722.0,100.04762489012784,10.762182011374978,0.10757058973857693,28.597625700017907,1.0,0.7531668416651053,1.0376583420832552,0.035517622498423974
1,adsorption,724.0,100.04762584878198,10.763981038643566,0.10758857041658237,28.66864660832828,1.0,0.7549695113439139,1.0377484755671957,0.035503286681687236
1,adsorption,726.0,100.04762680708727,10.76577933889113,0.10760654382786912,28.739638850221386,1.0,0.756771452673502,1.0378385726336752,0.03548895608090382
1,adsorption,728.0,100.04762776504388,10.767576912382738,0.1076245099750868,28.810602436127663,1.0,0.7585726659194579,1.037928633295973,0.03547463069462395
1,adsorption,730.0,100.04762872265191,10.769373759383726,0.10764246886088785,28.881537376474682,1.0,0.7603731513473015,1.038018657567365,0.03546031052140152
1,adsorption,732.0,100.04762967991135,10.771169880158947,0.10766042048791986,28.952443681687097,1.0,0.7621729092224692,1.0381086454611235,0.035445995559784
1,adsorption,734.0,100.04763063682252,10.772965274973622,0.10767836485883388,29.023321362186685,1.0,0.763971939810333,1.0381985969905168,0.03543168580832608
1,adsorption,736.0,100.04763159338532,10.774759944092605,0.10769630197627766,29.094170428392314,1.0,0.7657702433761914,1.03828851216881,0.03541738126558307
1,adsorption,738.0,100.0476325495998,10.77655388778054,0.1077142318428968,29.164990890719952,1.0,0.7675678201852558,1.0383783910092628,0.035403081930100506
1,adsorption,740.0,100.04763350546621,10.778347106302439,0.10773215446134017,29.235782759582676,1.0,0.7693646705026672,1.0384682335251334,0.03538878780042695
1,adsorption,742.0,100.04763446098467,10.780139599923064,0.1077500698342545,29.306546045390665,1.0,0.7711607945935105,1.0385580397296756,0.03537449887512486
1,adsorption,744.0,100.04763541615517,10.781931368906752,0.10776797796428222,29.37728075855122,1.0,0.772956192722777,1.038647809636139,0.03536021515274178
1,adsorption,746.0,100.04763637097783,10.783722413518287,0.10778587885407025,29.44798690946871,1.0,0.7747508651553888,1.0387375432577697,0.035345936631829125
1,adsorption,748.0,100.04763732545277,10.785512734022088,0.10780377250626172,29.518664508544646,1.0,0.7765448121561976,1.0388272406078098,0.03533166331094132
1,adsorption,750.0,100.04763827958011,10.787302330682568,0.10782165892349978,29.589313566177626,1.0,0.7783380339899798,1.038916901699499,0.035317395188631764
1,adsorption,752.0,100.0476392333599,10.789091203763984,0.10783953810842614,29.659934092763354,1.0,0.7801305309214328,1.0390065265460717,0.03530313226345049
1,adsorption,754.0,100.04764018679218,10.790879353530588,0.10785741006368234,29.730526098694636,1.0,0.7819223032151762,1.0390961151607587,0.035288874533944754
1,adsorption,756.0,100.04764113987711,10.792666780246716,0.10787527479191071,29.80108959436138,1.0,0.7837133511357676,1.0391856675567883,0.03527462199867114
1,adsorption,758.0,100.04764209261488,10.794453484176373,0.1078931322957503,29.87162459015061,1.0,0.7855036749476895,1.0392751837473844,0.03526037465618566
1,adsorption,760.0,100.04764304500547,10.796239465583584,0.10791098257784042,29.942131096446445,1.0,0.7872932749153461,1.0393646637457672,0.035246132505041015
1,adsorption,762.0,100.04764399704902,10.79802472473216,0.10792882564081825,30.01260912363012,1.0,0.7890821513030521,1.0394541075651527,0.03523189554377829
1,adsorption,764.0,100.04764494874557,10.799809261886447,0.10794666148732628,30.083058682079955,1.0,0.7908703043750809,1.039543515218754,0.035217663770964046
1,adsorption,766.0,100.0476459000953,10.801593077309706,0.1079644901199961,30.153479782171395,1.0,0.7926577343956068,1.0396328867197804,0.0352034371851454
1,adsorption,768.0,100.04764685109825,10.803376171266004,0.10798231154146744,30.22387243427699,1.0,0.7944444416287361,1.0397222220814368,0.03518921578487429
1,adsorption,770.0,100.04764780175455,10.80515854401895,0.1080001257543754,30.294236648766383,1.0,0.7962304263385034,1.0398115213169252,0.035174999568704936
1,adsorption,772.0,100.04764875206419,10.806940195832036,0.10801793276135405,30.364572436006338,1.0,0.7980156887888661,1.0399007844394432,0.03516078853518884
1,adsorption,774.0,100.04764970202747,10.808721126968852,0.1080357325650381,30.434879806360705,1.0,0.7998002292437073,1.0399900114621854,0.03514658268287763
1,adsorption,776.0,100.0476506516443,10.810501337692893,0.10805352516806171,30.505158770190448,1.0,0.8015840479668415,1.0400792023983423,0.03513238201032742
1,adsorption,778.0,100.04765160091489,10.812280828267383,0.10807131057305606,30.575409337853646,1.0,0.8033671452220048,1.0401683572611002,0.03511818651609082
1,adsorption,780.0,100.04765254983924,10.814059598955707,0.10808908878265411,30.64563151970548,1.0,0.8051495212728553,1.0402574760636427,0.035103996198717555
1,adsorption,782.0,100.04765349841755,10.815837650021075,0.10810685979948695,30.715825326098223,1.0,0.8069311763829844,1.0403465588191492,0.035089811056763426
1,adsorption,784.0,100.04765444664994,10.817614981726733,0.10812462362618591,30.785990767381282,1.0,0.8087121108159151,1.0404356055407957,0.03507563108878813
1,adsorption,786.0,100.04765539453632,10.81939159433535,0.10814238026537705,30.85612785390114,1.0,0.810492324835068,1.0405246162417534,0.03506145629333025
1,adsorption,788.0,100.047656342077,10.821167488110497,0.10816012971969481,30.92623659600141,1.0,0.812271818703821,1.040613590935191,0.03504728666895224
1,adsorption,790.0,100.04765728927191,10.822942663314759,0.10817787199176426,30.996317004022806,1.0,0.8140505926854724,1.0407025296342736,0.03503312221421241
1,adsorption,792.0,100.04765823612126,10.824717120210869,0.1081956070842117,31.066369088303137,1.0,0.8158286470432287,1.0407914323521614,0.035018962927655606
1,adsorption,794.0,100.0476591826251,10.82649085906188,0.10821333499966662,31.13639285917734,1.0,0.8176059820402307,1.0408802991020116,0.03500480880783315
1,adsorption,796.0,100.0476601287835,10.828263880130455,0.10823105574075476,31.206388326977432,1.0,0.8193825979395611,1.040969129896978,0.034990659853309014
1,adsorption,798.0,100.04766107459663,10.830036183678967,0.10824876931009886,31.276355502032565,1.0,0.821158495004206,1.0410579247502103,0.034976516062629436
1,adsorption,800.0,100.04766202006448,10.83180776997021,0.10826647571032594,31.346294394668977,1.0,0.8229336734970852,1.0411466836748544,0.03496237743434694
1,adsorption,802.0,100.04766296518727,10.833578639266609,0.10828417494405916,31.41620501521002,1.0,0.8247081336810492,1.0412354066840526,0.034948243967018025
1,adsorption,804.0,100.04766390996501,10.83534879183061,0.10830186701392214,31.486087373976158,1.0,0.8264818758188783,1.0413240937909438,0.03493411565920198
1,adsorption,806.0,100.04766485439785,10.837118227924272,0.10831955192253444,31.555941481284954,1.0,0.828254900173258,1.041412745008663,0.03491999250944216
1,adsorption,808.0,100.04766579848584,10.838886947810257,0.10833722967252171,31.625767347451095,1.0,0.8300272070068199,1.041501360350341,0.034905874516297654
1,adsorption,810.0,100.04766674222905,10.840654951750425,0.10835490026650169,31.695564982786347,1.0,0.831798796582112,1.0415899398291055,0.034891761678320386
1,adsorption,812.0,100.0476676856277,10.842422240007036,0.10837256370709578,31.76533439759962,1.0,0.8335696691616139,1.0416784834580808,0.034877653994066456
1,adsorption,814.0,100.04766862868178,10.8441888128422,0.1083902199969243,31.835075602196902,1.0,0.8353398250077354,1.0417669912503869,0.034863551462095646
1,adsorption,816.0,100.04766957139138,10.84595467051749,0.108407869138602,31.904788606881308,1.0,0.8371092643827897,1.0418554632191395,0.03484945408094983
1,adsorption,818.0,100.04767051375669,10.847719813295393,0.10842551113475266,31.974473421953057,1.0,0.8388779875490446,1.0419438993774521,0.034835361849193766
1,adsorption,820.0,100.04767145577779,10.849484241437256,0.10844314598798883,32.044130057709474,1.0,0.8406459947686831,1.0420322997384341,0.034821274765383346
1,adsorption,822.0,100.04767239745469,10.851247955204705,0.10846077370092592,32.113758524445,1.0,0.8424132863037885,1.0421206643151895,0.03480719282805518
1,adsorption,824.0,100.04767333878758,10.853010954860114,0.10847839427618654,32.18335883245116,1.0,0.8441798624164176,1.042208993120821,0.03479311603578258
1,adsorption,826.0,100.04767427977644,10.854773240664251,0.1084960077163775,32.25293099201662,1.0,0.8459457233685209,1.042297286168426,0.03477904438711388
1,adsorption,828.0,100.04767522042143,10.856534812878978,0.10851361402411652,32.322475013427145,1.0,0.8477108694219715,1.0423855434710987,0.03476497788059494
1,adsorption,830.0,100.04767616072274,10.858295671765978,0.10853121320201926,32.391990906965574,1.0,0.8494753008385946,1.04247376504193,0.0347509165147923
1,adsorption,832.0,100.04767710068029,10.860055817586284,0.10854880525269528,32.461478682911924,1.0,0.8512390178801306,1.0425619508940065,0.03473686028826346
1,adsorption,834.0,100.04767804029431,10.861815250601087,0.10856639017875536,32.53093835154326,1.0,0.853002020808224,1.0426501010404112,0.0347228091995495
1,adsorption,836.0,100.04767897956482,10.863573971072027,0.10858396798281507,32.60036992313379,1.0,0.8547643098844685,1.0427382154942235,0.0347087632472096
1,adsorption,838.0,100.047679918492,10.865331979259942,0.1086015386674817,32.66977340795482,1.0,0.8565258853703839,1.0428262942685191,0.03469472242980304
1,adsorption,840.0,100.04768085707587,10.867089275425991,0.10861910223536597,32.73914881627476,1.0,0.858286747527409,1.0429143373763705,0.03468068674588374
1,adsorption,842.0,100.04768179531655,10.86884585983106,0.10863665868907572,32.80849615835914,1.0,0.8600468966169024,1.0430023448308452,0.034666656194001035
1,adsorption,844.0,100.0476827332142,10.870601732736443,0.10865420803122289,32.8778154444706,1.0,0.8618063329001723,1.0430903166450087,0.03465263077272236
1,adsorption,846.0,100.0476836707688,10.87235689440244,0.10867175026440963,32.94710668486889,1.0,0.8635650566384269,1.0431782528319213,0.03463861048059508
1,adsorption,848.0,100.04768460798053,10.874111345090252,0.10868928539124685,33.016369889810875,1.0,0.8653230680928111,1.0432661534046406,0.03462459531617518
1,adsorption,850.0,100.04768554484946,10.87586508506033,0.10870681341433819,33.085605069550525,1.0,0.8670803675243893,1.0433540183762195,0.03461058527801319
1,adsorption,852.0,100.04768648137566,10.877618114573433,0.10872433433629024,33.154812234338905,1.0,0.8688369551941597,1.043441847759708,0.03459658036466651
1,adsorption,854.0,100.04768741755929,10.879370433890072,0.10874184815970711,33.223991394424196,1.0,0.8705928313630443,1.0435296415681523,0.034582580574690734
1,adsorption,856.0,100.04768835340035,10.88112204327083,0.1087593548871938,33.29314256005171,1.0,0.872347996291902,1.043617399814595,0.03456858590664924
1,adsorption,858.0,100.04768928889897,10.882872942975814,0.10877685452135023,33.362265741463865,1.0,0.8741024502414935,1.0437051225120746,0.03455459635908757
1,adsorption,860.0,100.0476902240554,10.884623133265768,0.10879434706478289,33.431360948900185,1.0,0.8758561934725276,1.0437928096736264,0.034540611930567906
1,adsorption,862.0,100.04769115886958,10.886372614400663,0.10881183252009058,33.500428192597305,1.0,0.8776092262456323,1.0438804613122816,0.03452663261964715
1,adsorption,864.0,100.04769209334155,10.888121386640565,0.10882931088987309,33.56946748278896,1.0,0.8793615488213423,1.0439680774410671,0.034512658424867844
1,adsorption,866.0,100.0476930274716,10.889869450246048,0.10884678217673496,33.63847882970601,1.0,0.881113161460152,1.0440556580730076,0.034498689344798356
1,adsorption,868.0,100.04769396125967,10.891616805476776,0.10886424638327212,33.70746224357643,1.0,0.8828640644224673,1.0441432032211233,0.03448472537799597
1,adsorption,870.0,100.04769489470596,10.89336345259267,0.10888170351208255,33.77641773462529,1.0,0.8846142579686079,1.0442307128984305,0.03447076652300833
1,adsorption,872.0,100.04769582781041,10.895109391853948,0.10889915356576775,33.84534531307481,1.0,0.8863637423588377,1.0443181871179419,0.03445681277839731
1,adsorption,874.0,100.04769676057326,10.896854623520023,0.1089165965469207,33.91424498914426,1.0,0.888112517853332,1.0444056258926666,0.03444286414271373
1,adsorption,876.0,100.0476976929946,10.898599147851009,0.10893403245814157,33.98311677305008,1.0,0.8898605847122067,1.0444930292356103,0.03442892061451968
1,adsorption,878.0,100.0476986250745,10.900342965106272,0.10895146130202311,34.051960675005795,1.0,0.8916079431954915,1.0445803971597747,0.03441498219236757
1,adsorption,880.0,100.047699556813,10.902086075545533,0.10896888308116152,34.12077670522204,1.0,0.8933545935631454,1.0446677296781572,0.034401048874812594
1,adsorption,882.0,100.04770048821025,10.903828479428483,0.10898629779815282,34.18956487390658,1.0,0.8951005360750673,1.0447550268037533,0.03438712066042082
1,adsorption,884.0,100.04770141926637,10.905570177014017,0.10900370545558491,34.258325191264284,1.0,0.8968457709910495,1.0448422885495525,0.03437319754773292
1,adsorption,886.0,100.04770234998142,10.90731116856223,0.10902110605605785,34.32705766749712,1.0,0.8985902985708435,1.0449295149285422,0.03435927953531555
1,adsorption,888.0,100.04770328035548,10.909051454331932,0.10903849960215868,34.395762312804194,1.0,0.9003341190741192,1.0450167059537059,0.03434536662172908
1,adsorption,890.0,100.04770421038872,10.910791034582351,0.10905588609647875,34.46443913738172,1.0,0.9020772327604548,1.0451038616380228,0.034331458805520465
1,adsorption,892.0,100.04770514008118,10.912529909572863,0.10907326554161088,34.533088151422994,1.0,0.9038196398893686,1.0451909819944685,0.03431755608524769
1,adsorption,894.0,100.04770606943299,10.914268079562499,0.10909063794014438,34.60170936511847,1.0,0.905561340720314,1.0452780670360158,0.034303658459475625
1,adsorption,896.0,100.04770699844416,10.91600554481001,0.10910800329466587,34.67030278865569,1.0,0.9073023355126497,1.0453651167756326,0.034289765926752994
1,adsorption,898.0,100.04770792711481,10.917742305574627,0.10912536160776667,34.73886843221931,1.0,0.9090426245256749,1.0454521312262837,0.03427587848564008
1,adsorption,900.0,100.04770885544515,10.919478362115068,0.10914271288203288,34.80740630599112,1.0,0.9107822080186126,1.0455391104009306,0.03426199613469539
1,adsorption,902.0,100.04770978343521,10.921213714690092,0.10916005712005121,34.875916420150006,1.0,0.9125210862506097,1.0456260543125304,0.034248118872475405
1,adsorption,904.0,100.04771071108505,10.92294836355846,0.10917739432440829,34.94439878487197,1.0,0.9142592594807393,1.045712962974037,0.03423424669753713
1,adsorption,906.0,100.04771163839483,10.924682308978719,0.10919472449768865,35.012853410330145,1.0,0.9159967279679987,1.0457998363984,0.034220379608436165
1,adsorption,908.0,100.04771256536455,10.926415551209494,0.10921204764247759,35.081280306694744,1.0,0.9177334919713112,1.0458866745985655,0.03420651760372782
1,adsorption,910.0,100.04771349199436,10.928148090509291,0.10922936376135914,35.14967948413312,1.0,0.9194695517495342,1.0459734775874767,0.03419266068197427
1,adsorption,912.0,100.04771441828444,10.929879927136525,0.10924667285691647,35.21805095280975,1.0,0.9212049075614511,1.0460602453780725,0.03417880884173689
1,adsorption,914.0,100.04771534423476,10.931611061349313,0.10926397493172987,35.2863947228862,1.0,0.9229395596657526,1.0461469779832877,0.03416496208156302
1,adsorption,916.0,100.04771626984552,10.93334149340625,0.10928126998838424,35.354710804521176,1.0,0.9246735083210743,1.0462336754160537,0.03415112040001443
1,adsorption,918.0,100.04771719511666,10.93507122356529,0.10929855802945827,35.422999207870475,1.0,0.926406753785973,1.0463203376892987,0.034137283795649516
1,adsorption,920.0,100.04771812004847,10.936800252084646,0.10931583905753298,35.49125994308703,1.0,0.9281392963189348,1.0464069648159466,0.034123452267028564
1,adsorption,922.0,100.04771904464096,10.938528579222373,0.10933311307518805,35.559493020320886,1.0,0.9298711361783683,1.0464935568089186,0.03410962581270957
1,adsorption,924.0,100.04771996889411,10.940256205236143,0.10935038008499925,35.62769844971919,1.0,0.931602273622593,1.0465801136811297,0.03409580443123866
1,adsorption,926.0,100.04772089280823,10.941983130384466,0.10936764008955063,35.69587624142622,1.0,0.933332708909888,1.0466666354454943,0.03408198812118829
1,adsorption,928.0,100.04772181638329,10.943709354924591,0.10938489309141378,35.76402640558336,1.0,0.9350624422984385,1.046753122114922,0.03406817688111483
1,adsorption,930.0,100.0477227396194,10.945434879114368,0.10940213909316619,35.83214895232912,1.0,0.9367914740463463,1.0468395737023173,0.034054370709567745
1,adsorption,932.0,100.04772366251666,10.947159703211787,0.10941937809738685,35.90024389179912,1.0,0.9385198044116604,1.046925990220583,0.03404056960511266
1,adsorption,934.0,100.04772458507526,10.948883827474145,0.10943661010664765,35.968311234126105,1.0,0.9402474336523524,1.0470123716826176,0.03402677356631277
1,adsorption,936.0,100.04772550729516,10.950607252158957,0.10945383512352286,36.03635098943994,1.0,0.9419743620263026,1.0470987181013152,0.034012982591717186
1,adsorption,938.0,100.04772642917642,10.952329977523723,0.10947105315058665,36.104363167867575,1.0,0.9437005897913228,1.0471850294895662,0.03399919667988023
1,adsorption,940.0,100.0477273507193,10.954052003825957,0.10948826419041292,36.172347779533105,1.0,0.9454261172051658,1.0472713058602583,0.03398541582936726
1,adsorption,942.0,100.04772827192382,10.955773331322991,0.10950546824557422,36.24030483455774,1.0,0.9471509445255172,1.047357547226276,0.03397164003874861
1,adsorption,944.0,100.04772919279007,10.95749396027161,0.10952266531863733,36.308234343059816,1.0,0.9488750720099577,1.047443753600498,0.03395786930657064
1,adsorption,946.0,100.0477301133182,10.959213890929378,0.10953985541217699,36.376136315154774,1.0,0.9505984999160022,1.0475299249958,0.03394410363138624
1,adsorption,948.0,100.04773103350823,10.960933123553424,0.10955703852876345,36.44401076095517,1.0,0.9523212285011142,1.047616061425056,0.033930343011765667
1,adsorption,950.0,100.04773195336018,10.96265165840035,0.10957421467096198,36.51185769057067,1.0,0.95404325802266,1.047702162901133,0.033916587446261325
1,adsorption,952.0,100.04773287287436,10.964369495727446,0.10959138384134422,36.579677114108094,1.0,0.9557645887379397,1.047788229436897,0.033902836933431116
1,adsorption,954.0,100.04773379205075,10.966086635791576,0.10960854604247801,36.64746904167133,1.0,0.9574852209041914,1.0478742610452096,0.03388909147184279
1,adsorption,956.0,100.04773471088944,10.96780307884929,0.10962570127692783,36.71523348336143,1.0,0.9592051547785672,1.0479602577389284,0.033875351060053835
1,adsorption,958.0,100.04773562939053,10.969518825157284,0.10964284954725972,36.78297044927654,1.0,0.9609243906181313,1.0480462195309066,0.03386161569661169
1,adsorption,960.0,100.04773654755414,10.971233874972711,0.10965999085604423,36.85067994951192,1.0,0.9626429286799115,1.0481321464339957,0.03384788538009248
1,adsorption,962.0,100.04773746538034,10.972948228551425,0.10967712520583897,36.91836199415999,1.0,0.9643607692208325,1.0482180384610416,0.0338341601090496
1,adsorption,964.0,100.04773838286924,10.974661886150297,0.1096942525992116,36.98601659331023,1.0,0.9660779124977434,1.0483038956248871,0.03382043988203528
1,adsorption,966.0,100.04773930002096,10.976374848025763,0.10971137303872555,37.05364375704929,1.0,0.9677943587674346,1.0483897179383719,0.03380672469761328
1,adsorption,968.0,100.04774021683555,10.978087114434114,0.10972848652694282,37.12124349546089,1.0,0.9695101082866229,1.048475505414331,0.03379301455434807
1,adsorption,970.0,100.04774113331318,10.979798685631586,0.1097455930664247,37.188815818625926,1.0,0.9712251613119486,1.0485612580655974,0.03377930945080142
1,adsorption,972.0,100.04774204945387,10.981509561874386,0.10976269265973235,37.25636073662237,1.0,0.9729395180999709,1.0486469759049986,0.033765609385529936
1,adsorption,974.0,100.04774296525764,10.983219743418484,0.10977978530942463,37.32387825952535,1.0,0.9746531789071671,1.0487326589453583,0.033751914357083336
1,adsorption,976.0,100.04774388072481,10.984929230520283,0.10979687101806439,37.39136839740707,1.0,0.9763661439899652,1.0488183071994983,0.033738224364031566
1,adsorption,978.0,100.04774479585531,10.986638023435567,0.10981394978820865,37.458831160336885,1.0,0.9780784136047159,1.0489039206802357,0.033724539404940676
1,adsorption,980.0,100.04774571064927,10.988346122419964,0.10983102162241266,37.526266558381266,1.0,0.9797899880076716,1.0489894994003837,0.03371085947835862
1,adsorption,982.0,100.04774662510684,10.990053527729918,0.1098480865232399,37.5936746016038,1.0,0.9815008674550422,1.049075043372752,0.03369718458285691
1,adsorption,984.0,100.04774753922801,10.991760239620588,0.10986514449324107,37.661055300065215,1.0,0.983211052202943,1.049160552610147,0.03368351471699125
1,adsorption,986.0,100.04774845301304,10.99346625834774,0.10988219553497271,37.728408663823316,1.0,0.9849205425074048,1.0492460271253703,0.0336698498793094
1,adsorption,988.0,100.04774936646183,10.995171584167664,0.10989923965099695,37.79573470293307,1.0,0.9866293386244317,1.0493314669312217,0.03365619006839541
1,adsorption,990.0,100.04775027957453,10.996876217334703,0.10991627684385619,37.86303342744654,1.0,0.9883374408099027,1.049416872040495,0.03364253528279335
1,adsorption,992.0,100.04775119235138,10.998580158105488,0.10993330711611563,37.93030484741293,1.0,0.9900448493196545,1.0495022424659828,0.03362888552107206
1,adsorption,994.0,100.04775228810114,11.00036658679317,0.10995116167243933,37.99754856052118,1.0,0.9917469578559173,1.049587347892796,0.03361165591719186
1,adsorption,996.0,100.04776368136643,11.0155473995385,0.11010288480431184,38.06463422790035,1.0,0.9932430167991926,1.0496621508399597,0.03343686854536328
1,adsorption,998.0,100.04778853623003,11.056223732190135,0.11050942648458817,38.1311615861821,1.0,0.9944679298573836,1.0497233964928692,0.03306175356511729
1,adsorption,1000.0,100.04782381257625,11.11755810513055,0.11112243806479521,38.196777706339084,1.0,0.995470697146166,1.0497735348573083,0.0325315896472279
1,adsorption,1002.0,100.04786702759158,11.19462395739382,0.11189267987398994,38.2612096123636,1.0,0.9962917250299649,1.0498145862514983,0.03188335327610062
1,adsorption,1004.0,100.0479161820368,11.283432115466304,0.11278028114984566,38.32425226425481,1.0,0.9969639278027652,1.0498481963901383,0.031146818401060653
1,adsorption,1006.0,100.04796965817597,11.380751930861527,0.11375295240618094,38.38575385508693,1.0,0.9975142991474543,1.0498757149573728,0.03034607623327569
1,adsorption,1008.0,100.04802615477412,11.483989655447346,0.11478476984325141,38.44560621735152,1.0,0.9979649075527847,1.0498982453776393,0.029500503544141684
1,adsorption,1010.0,100.04808462685988,11.591068385088125,0.11585497541825279,38.50373599429476,1.0,0.9983338204507353,1.0499166910225368,0.0286256600656783
1,adsorption,1012.0,100.04814423693797,11.700330916913188,0.11694700592550723,38.560097514011716,1.0,0.9986358531184121,1.0499317926559206,0.027734015152127187
1,adsorption,1014.0,100.04820431869666,11.810466174149107,0.11804775762419165,38.61466750317258,1.0,0.9988831261400697,1.0499441563070036,0.026835488325802813
1,adsorption,1016.0,100.04826434378509,11.920441481631917,0.11914690934238485,38.66744026035436,1.0,0.9990855764768878,1.0499542788238443,0.02593794444488519
1,adsorption,1018.0,100.04832389749419,12.029452900187,0.12023642607458304,38.7184241504399,1.0,0.9992513314966924,1.0499625665748349,0.025047555558622012
1,adsorption,1020.0,100.04838265735962,12.136881308895836,0.12131012002924206,38.76763852674975,1.0,0.9993870391309476,1.0499693519565474,0.024169119987144175
1,adsorption,1022.0,100.04844037529678,12.242255858566175,0.12236328535101226,38.815111180830144,1.0,0.9994981433763642,1.0499749071688183,0.0233063282169612
1,adsorption,1024.0,100.04849686324293,12.345224702970468,0.12339240558351665,38.86087630728594,1.0,0.9995891063414555,1.049979455317073,0.022461976800616474
1,adsorption,1026.0,100.04855198193515,12.445532103009334,0.12439492482866231,38.90497292986693,1.0,0.9996635823666428,1.049983179118332,0.021638135648642795
1,adsorption,1028.0,100.04860563172575,12.542999727551976,0.12536906085150423,38.94744363062681,1.0,0.9997245605769685,1.0499862280288483,0.020836284637499283
1,adsorption,1030.0,100.04865774480535,12.637510895431683,0.12631364758202207,38.98833348174089,1.0,0.9997744862263948,1.0499887243113197,0.02005742962177021
1,adsorption,1032.0,100.04870827872101,12.728997607392188,0.1272280055023906,39.02768917000473,1.0,0.9998153618326422,1.0499907680916323,0.019302198829366332
1,adsorption,1034.0,100.04875721122762,12.817430248186882,0.12811183872205553,39.06555831325481,1.0,0.9998488281601823,1.049992441408009,0.018570919699845968
1,adsorption,1036.0,100.04880453619437,12.902809442080635,0.1289651535757514,39.1019889325587,1.0,0.9998762287830072,1.0499938114391505,0.017863679799571597
1,adsorption,1038.0,100.04885026025295,12.985159450772338,0.1297881926378422,39.137029032298436,1.0,0.9998986631766438,1.0499949331588323,0.017180376631813443
1,adsorption,1040.0,100.0488944000267,13.064522729602436,0.13058138031357347,39.17072626056569,1.0,0.9999170311905773,1.0499958515595291,0.016520759117336574
1,adsorption,1042.0,100.04893697983788,13.140955502811194,0.1313452786155978,39.20312764178774,1.0,0.9999320697366411,1.049996603486832,0.015884461558825263
1,adsorption,1044.0,100.04897802989215,13.214524252524168,0.13208055207296568,39.23427937472429,1.0,0.999944382404997,1.0499972191202498,0.015271030781411933
1,adsorption,1046.0,100.04901758482106,13.285302944699337,0.1327879400058688,39.264226682468745,1.0,0.9999544633944296,1.0499977231697215,0.014679947798280284
1,adsorption,1048.0,100.0490556825013,13.353370800812742,0.13346823425489124,39.29301370054573,1.0,0.999962717201238,1.0499981358600619,0.014110645406051118
1,adsorption,1050.0,100.04909236308897,13.418810495066682,0.13412226116323345,39.32068339466059,1.0,0.9999694749468505,1.0499984737473425,0.013562522565331565
1,adsorption,1052.0,100.04912766824118,13.48170671902228,0.13475086723121732,39.34727750397008,1.0,0.9999750077787558,1.0499987503889379,0.013034955988027895
1,adsorption,1054.0,100.04916164049926,13.542145061190878,0.13535490791867968,39.372836506072595,1.0,0.999979537745617,1.0499989768872808,0.012527309320129425
1,adsorption,1056.0,100.0491943228016,13.600211135287388,0.13593523893263226,39.39739959897787,1.0,0.9999832466447568,1.0499991623322378,0.012038940403352889
1,adsorption,1058.0,100.04922575809464,13.655989898242677,0.13649270941147504,39.421004695760246,1.0,0.9999862832945917,1.0499993141647297,0.011569207054576697
1,adsorption,1060.0,100.04925598902496,13.709565120484283,0.13702815663105156,39.44368842909217,1.0,0.9999887695303987,1.0499994384765199,0.011117471651867704
1,adsorption,1062.0,100.04928505769931,13.761018983979346,0.13754240198761283,39.4654861638888,1.0,0.9999908051148808,1.049999540255744,0.010683104711831143
1,adsorption,1064.0,100.0493130055001,13.810431785120436,0.13803624802862186,39.4864320164647,1.0,0.9999924717372727,1.0499996235868636,0.010265487625778755
1,adsorption,1066.0,100.04933987294538,13.857881717932106,0.13851047628630536,39.506558878926846,1.0,0.9999938363155215,1.0499996918157761,0.009864014747569884
1,adsorption,1068.0,100.04936569959095,13.903444732563509,0.13896584586363203,39.52589844546123,1.0,0.9999949535302118,1.0499997476765106,0.009478094844340618
1,adsorption,1070.0,100.04939052394194,13.947194415058217,0.13940309223293704,39.544481246016744,1.0,0.999995868376347,1.0499997934188174,0.009107152413215799
1,adsorption,1072.0,100.0494143834203,13.989201958827548,0.1398229269510424,39.56233667311399,1.0,0.9999966174736729,1.0499998308736838,0.008750628167184972
1,adsorption,1074.0,100.04943731432144,14.02953612651212,0.14022603727831143,39.579493016808115,1.0,0.9999972307694913,1.0499998615384745,0.008407979664040917
1,adsorption,1076.0,100.04945935179386,14.068263242364967,0.14061308610272588,39.59597749987921,1.0,0.9999977328452092,1.0499998866422604,0.00807868162167898
1,adsorption,1078.0,100.04948052983434,14.105447213475847,0.14098471215220013,39.611816312343635,1.0,0.9999981438802208,1.0499999071940112,0.007762225979699547
1,adsorption,1080.0,100.04950088129418,14.141149570448068,0.14134153040129735,39.62703464538089,1.0,0.9999984803992181,1.049999924019961,0.0074581218037723315
1,adsorption,1082.0,100.04952043789123,14.175429516080827,0.14168413255794318,39.64165672516302,1.0,0.9999987559132938,1.049999937795665,0.007165895109108865
1,adsorption,1084.0,100.04953923022525,14.20834397894745,0.14201308759905884,39.65570584655556,1.0,0.9999989814758186,1.049999949073791,0.0068850886200272216
1,adsorption,1086.0,100.04955728779875,14.239947672490981,0.1423289423613229,39.669204405904104,1.0,0.9999991661347607,1.049999958306738,0.006615261467031246
1,adsorption,1088.0,100.04957463904219,14.270293163963832,0.1426322222303098,39.68217393514842,1.0,0.999999317316875,1.0499999658658437,0.0063559888041940646
1,adsorption,1090.0,100.04959131133768,14.299430935322759,0.14292343174921435,39.694635129153916,1.0,0.9999994410713147,1.0499999720535658,0.0061068614525471064
1,adsorption,1092.0,100.04960733105241,14.327409463819519,0.1432030554244136,39.7066078825451,1.0,0.9999995423783526,1.0499999771189177,0.005867485404213135
1,adsorption,1094.0,100.04962272356676,14.354275287687399,0.14347155838206113,39.71811131758403,1.0,0.9999996253209882,1.0499999812660494,0.005637481398690124
1,adsorption,1096.0,100.04963751330347,14.380073074791701,0.14372938705429691,39.72916381181419,1.0,0.9999996932344966,1.0499999846617247,0.005416484486623485
1,adsorption,1098.0,100.04965172375805,14.404845692323896,0.143976969875881,39.73978302585895,1.0,0.9999997488401139,1.0499999874420056,0.005204143578109806
1,adsorption,1100.0,100.04966537752952,14.428634275849264,0.14421471797435756,39.749985931432924,1.0,0.9999997943648467,1.0499999897182426,0.005000120975921962
1,adsorption,1102.0,100.04967849635217,14.45147829664171,0.14444302584309263,39.75978883822031,1.0,0.9999998316361427,1.0499999915818075,0.004804091911785069
1,adsorption,1104.0,100.04969110112485,14.47341562720946,0.14466227199622744,39.76920741915635,1.0,0.9999998621521893,1.0499999931076094,0.004615744095580635
1,adsorption,1106.0,100.04970321194116,14.494482604609216,0.1448728196015205,39.778256734618935,1.0,0.9999998871381794,1.049999994356909,0.004434777275401253
1,adsorption,1108.0,100.04971484811794,14.514714091704663,0.14507501709264192,39.78695125600161,1.0,0.9999999075955934,1.0499999953797796,0.004260902804530748
1,adsorption,1110.0,100.04972602822383,14.534143536642409,0.14526919876364636,39.795304888632614,1.0,0.9999999243444936,1.0499999962172246,0.0040938432160528195
1,adsorption,1112.0,100.04973677010726,14.552803030512914,0.14545568534530098,39.80333099381036,1.0,0.9999999380572177,1.0499999969028608,0.003933331808422608
1,adsorption,1114.0,100.04974709092289,14.570723362753109,0.14563478455884124,39.81104240990053,1.0,0.9999999492845553,1.0499999974642278,0.003779112243942556
1,adsorption,1116.0,100.04975700715795,14.58793407425031,0.14580679164674665,39.81845147261362,1.0,0.999999958477105,1.0499999979238552,0.0036309381598695614
1,adsorption,1118.0,100.04976653465737,14.60446350851971,0.14597198988426133,39.82557003456597,1.0,0.9999999660034802,1.0499999983001742,0.00348857279139511
1,adsorption,1120.0,100.04977568864814,14.620338860958224,0.1461306510716853,39.83240948413431,1.0,0.999999972165545,1.0499999986082773,0.003351788606438989
1,adsorption,1122.0,100.04978448376312,14.63558622611906,0.1462830360068816,39.83898076358196,1.0,0.9999999772106404,1.049999998860532,0.0032203669526603912
1,adsorption,1124.0,100.04979293406352,14.650230643008125,0.1464293949380102,39.845294386469305,1.0,0.9999999813413184,1.0499999990670659,0.0030940977168422965
1,adsorption,1126.0,100.0498010530615,14.664296138562616,0.14656996799809122,39.851360454390864,1.0,0.9999999847233331,1.0499999992361666,0.002972778996382555
1,adsorption,1128.0,100.04980885374027,14.677805769334094,0.14670498562162299,39.85718867307647,1.0,0.9999999874923382,1.049999999374617,0.0028562167824944347
1,adsorption,1130.0,100.04981634857594,14.690781661467742,0.14683466894416589,39.86278836787654,1.0,0.999999989759421,1.049999999487971,0.0027442246548175
1,adsorption,1132.0,100.04982354955594,14.703245048988506,0.1469592301850068,39.8681684986456,1.0,0.9999999916155721,1.0499999995807787,0.002636623487234192
1,adsorption,1134.0,100.04983046819873,14.715216310478358,0.14707887301373943,39.87333767404442,1.0,0.9999999931352941,1.0499999996567648,0.0025332411646409596
1,adsorption,1136.0,100.04983711557178,14.726715004274432,0.1471937929020612,39.878304165285776,1.0,0.9999999943795667,1.0499999997189784,0.002433912310346469
1,adsorption,1138.0,100.04984350230926,14.737759902126825,0.14730417746017427,39.88307591934709,1.0,0.9999999953983065,1.0499999997699154,0.0023384780237372593
1,adsorption,1140.0,100.04984963862853,14.74836902146364,0.14741020675926536,39.88766057166951,1.0,0.9999999962323887,1.0499999998116194,0.0022467856278730164
1,adsorption,1142.0,100.04985553434709,14.758559656299017,0.14751205364042136,39.89206545836131,1.0,0.9999999969152873,1.0499999998457643,0.0021586884266979103
1,adsorption,1144.0,100.04986119889757,14.768348406852981,0.14760988401067077,39.89629762792442,1.0,0.9999999974744087,1.0499999998737204,0.0020740454715504793
1,adsorption,1146.0,100.04986664134306,14.777751207913965,0.14770385712645653,39.90036385252284,1.0,0.9999999979321879,1.0499999998966094,0.001992721336649853
1,adsorption,1148.0,100.04987187039153,14.786783356009153,0.14779412586519375,39.904270638811155,1.0,0.9999999983069914,1.0499999999153495,0.0019145859032302349
1,adsorption,1150.0,100.0498768944095,14.795459535421793,0.14788083698530285,39.90802423833982,1.0,0.9999999986138586,1.049999999930693,0.0018395141520132878
1,adsorption,1152.0,100.04988172143572,14.803793843141623,0.14796413137557868,39.91163065755342,1.0,0.9999999988651042,1.0499999999432552,0.0017673859637129389
1,adsorption,1154.0,100.04988635919399,14.811799812778936,0.1480441442942011,39.91509566739754,1.0,0.9999999990708105,1.0499999999535405,0.0016980859272814556
1,adsorption,1156.0,100.04989081510497,14.819490437425427,0.14812100559722013,39.918424812549716,1.0,0.9999999992392317,1.0499999999619616,0.0016315031556063402
1,adsorption,1158.0,100.0498950962988,14.826878191599892,0.14819483995789204,39.921623420288974,1.0,0.9999999993771254,1.0499999999688563,0.001567531108378341
1,adsorption,1160.0,100.04989920962592,14.833975052301653,0.14826576707709926,39.9246966090181,1.0,0.9999999994900249,1.0499999999745016,0.0015060674218575509
1,adsorption,1162.0,100.04990316166811,14.840792519116436,0.14833390188429843,39.92764929645212,1.0,0.9999999995824607,1.049999999979123,0.0014470137452770944
1,adsorption,1164.0,100.0499069587495,14.847341633562735,0.14839935473087734,39.93048620748596,1.0,0.999999999658142,1.049999999982907,0.0013902755836315854
1,adsorption,1166.0,100.04991060694593,14.853632997580894,0.1484622315749444,39.93321188175394,1.0,0.9999999997201058,1.0499999999860052,0.0013357621466036941
1,adsorption,1168.0,100.04991411209495,14.859676791263617,0.1485226341585359,39.93583068089295,1.0,0.9999999997708382,1.0499999999885419,0.001283386203394814
1,adsorption,1170.0,100.0499174798058,14.865482789901588,0.1485806601779762,39.938346795521106,1.0,0.9999999998123751,1.0499999999906187,0.0012330639432303891
1,adsorption,1172.0,100.04992071546697,14.871060380267618,0.14863640344663123,39.94076425194286,1.0,0.9999999998463832,1.049999999992319,0.001184714841321717
1,adsorption,1174.0,100.0499238242566,14.876418576240539,0.1486899540510577,39.94308691859132,1.0,0.999999999874227,1.0499999999937113,0.001138261530070819
1,adsorption,1176.0,100.04992681114894,14.881566033822002,0.14874139850109008,39.94531851221805,1.0,0.9999999998970241,1.0499999999948513,0.0010936296753178037
1,adsorption,1178.0,100.0499296809239,14.88651106548088,0.14879081987320206,39.947462603840265,1.0,0.9999999999156891,1.0499999999957845,0.001050747857432253
1,adsorption,1180.0,100.0499324381734,14.891261653969293,0.1488382979485914,39.94952262445484,1.0,0.9999999999309709,1.0499999999965488,0.0010095474570604938
1,adsorption,1182.0,100.04993508730985,14.89582546552482,0.1488839093451264,39.9515018705284,1.0,0.9999999999434828,1.049999999997174,0.0009699625453486007
1,adsorption,1184.0,100.04993763257225,14.900209862551126,0.14892772764408216,39.95340350927211,1.0,0.9999999999537268,1.0499999999976866,0.0009319297784648424
1,adsorption,1186.0,100.04994007803361,14.904421915771982,0.1489698235116116,39.955230583709685,1.0,0.9999999999621141,1.0499999999981058,0.0008953882962552453
1,adsorption,1188.0,100.0499424276071,14.908468415932727,0.14901026481569454,39.95698601754678,1.0,0.9999999999689811,1.049999999998449,0.000860279624869629
1,adsorption,1190.0,100.04994468505255,14.912355884951662,0.1490491167375884,39.95867261984936,1.0,0.9999999999746035,1.0499999999987302,0.0008265475832036316
1,adsorption,1192.0,100.04994685398246,14.916090586673382,0.14908644187930073,39.960293089538716,1.0,0.9999999999792067,1.0499999999989604,0.000794138193007019
1,adsorption,1194.0,100.04994893786738,14.91967853716344,0.14912230036647792,39.96185001971025,1.0,0.9999999999829757,1.049999999999149,0.0007629995925161364
1,adsorption,1196.0,100.04995094004202,14.923125514596357,0.1491567499472288,39.96334590178289,1.0,0.9999999999860614,1.049999999999303,0.000733081953470156
1,adsorption,1198.0,100.04995286371035,14.926437068738071,0.14918984608689526,39.96478312948584,1.0,0.9999999999885878,1.0499999999994294,0.0007043374013818201
1,adsorption,1200.0,100.04995471195053,14.929618530038514,0.14922164205892674,39.96616400268902,1.0,0.9999999999906564,1.0499999999995329,0.0006767199389315868
1,adsorption,1202.0,100.04995648772022,14.932675018362174,0.14925218903213572,39.967490731083295,1.0,0.9999999999923499,1.0499999999996175,0.0006501853723670276
1,adsorption,1204.0,100.04995819386103,14.935611451377925,0.14928153615454842,39.968765437716435,1.0,0.9999999999937365,1.0499999999996867,0.0006246912407858425
1,adsorption,1206.0,100.04995983310305,14.938432552577838,0.14930973063354727,39.9699901623904,1.0,0.9999999999948718,1.0499999999997436,0.0006001967481920034
1,adsorption,1208.0,100.0499614080696,14.941142859015937,0.14933681781321356,39.97116686492547,1.0,0.9999999999958012,1.04999999999979,0.0005766626982156349
1,adsorption,1210.0,100.04996292128075,14.943746728703205,0.1493628412482365,39.972297428296315,1.0,0.9999999999965622,1.0499999999998282,0.0005540514313923156
1,adsorption,1212.0,100.04996437515804,14.946248347708602,0.14938784277488149,39.97338366164517,1.0,0.9999999999971854,1.0499999999998593,0.0005323267649011686
1,adsorption,1214.0,100.04996577202802,14.948651737003578,0.1494118625793965,39.97442730317685,1.0,0.9999999999976956,1.0499999999998848,0.0005114539346654859
1,adsorption,1216.0,100.04996711412595,14.950960758985412,0.14943493926320844,39.9754300229402,1.0,0.9999999999981133,1.0499999999999057,0.0004913995397243136
1,adsorption,1218.0,100.04996840359954,14.953179123784688,0.1494571099059609,39.97639342550056,1.0,0.9999999999984552,1.0499999999999228,0.00047213148878391876
1,adsorption,1220.0,100.0499696425121,14.955310395287954,0.14947841012570695,39.97731905250736,1.0,0.9999999999987353,1.0499999999999368,0.00045361894886632447
1,adsorption,1222.0,100.04997083284614,14.957357996936189,0.1494988741368601,39.97820838516114,1.0,0.9999999999989645,1.0499999999999483,0.0004358322959696067
1,adsorption,1224.0,100.04997197650657,14.959325217275559,0.14951853480566954,39.97906284658374,1.0,0.9999999999991522,1.0499999999999576,0.0004187430676641069
1,adsorption,1226.0,100.04997307532345,14.961215215317809,0.1495374237037939,39.9798838040956,1.0,0.9999999999993059,1.0499999999999652,0.00040232391754662077
1,adsorption,1228.0,100.04997413105511,14.963031025644652,0.14955557115931514,39.980672571403794,1.0,0.9999999999994317,1.0499999999999718,0.0003865485714808969
1,adsorption,1230.0,100.0499751453909,14.964775563339778,0.1495730063060308,39.98143041070419,1.0,0.9999999999995347,1.0499999999999767,0.00037139178555327444
1,adsorption,1232.0,100.04997611995408,14.966451628716161,0.14958975713069897,39.98215853470128,1.0,0.9999999999996191,1.0499999999999812,0.00035682930567736734
1,adsorption,1234.0,100.04997705630403,14.96806191184226,0.14960585051827496,39.982858108548704,1.0,0.9999999999996881,1.0499999999999845,0.0003428378287826975
1,adsorption,1236.0,100.04997795593916,14.969608996906294,0.14962131229552825,39.98353025171381,1.0,0.9999999999997446,1.0499999999999872,0.0003293949655246665
1,adsorption,1238.0,100.04997882029916,14.97109536640254,0.14963616727288157,39.984176039769004,1.0,0.9999999999997911,1.0499999999999896,0.0003164792044569402
1,adsorption,1240.0,100.04997965076709,14.972523405134734,0.14965043928442154,39.98479650611289,1.0,0.9999999999998289,1.0499999999999914,0.0003040698776086132
1,adsorption,1242.0,100.04998044867186,14.973895404081238,0.14966415122652846,39.985392643623946,1.0,0.99999999999986,1.049999999999993,0.0002921471274119056
1,adsorption,1244.0,100.04998121529044,14.97521356410643,0.14967732509496756,39.98596540624931,1.0,0.9999999999998853,1.0499999999999943,0.0002806918749242516
1,adsorption,1246.0,100.0499819518494,14.97647999950245,0.14968998202028774,39.98651571053136,1.0,0.9999999999999062,1.0499999999999954,0.00026968578929969015
1,adsorption,1248.0,100.04998265952753,14.977696741398349,0.14970214230189133,39.98704443707429,1.0,0.9999999999999233,1.0499999999999963,0.00025911125845441333
1,adsorption,1250.0,100.04998333945716,14.978865741071784,0.1497138254411333,39.98755243195333,1.0,0.9999999999999372,1.049999999999997,0.00024895136088436733
1,adsorption,1252.0,100.04998399272634,14.979988873062833,0.14972505017244064,39.98804050806865,1.0,0.9999999999999485,1.0499999999999974,0.00023918983858683008
1,adsorption,1254.0,100.04998462038054,14.981067938220562,0.14973583449376027,39.98850944644611,1.0,0.9999999999999578,1.0499999999999978,0.00022981107104485564
1,adsorption,1256.0,100.04998522342397,14.982104666600769,0.14974619569552042,39.988959997487136,1.0,0.9999999999999655,1.0499999999999983,0.00022080005023029106
1,adsorption,1258.0,100.04998580282185,14.983100720250413,0.14975615038845738,39.98939288216948,1.0,0.9999999999999717,1.0499999999999985,0.00021214235658823828
1,adsorption,1260.0,100.0499863595012,14.984057695902429,0.14976571453054954,39.98980879320098,1.0,0.9999999999999768,1.049999999999999,0.00020382413596234953
1,adsorption,1262.0,100.0499868943528,14.984977127526353,0.14977490345250768,39.99020839612796,1.0,0.9999999999999811,1.0499999999999994,0.00019583207742601778
1,adsorption,1264.0,100.04998740823251,14.985860488822201,0.14978373188269994,39.99059233040036,1.0,0.9999999999999845,1.0499999999999994,0.00018815339198064335
1,adsorption,1266.0,100.04998790196278,14.986709195581426,0.14979221397074668,39.990961210394886,1.0,0.9999999999999873,1.0499999999999996,0.00018077579209250827
1,adsorption,1268.0,100.04998837633359,14.987524607971118,0.14980036331035052,39.991315626398205,1.0,0.9999999999999897,1.0499999999999996,0.00017368747202784566
1,adsorption,1270.0,100.04998883210405,14.988308032717905,0.1498081929611216,39.991656145551524,1.0,0.9999999999999916,1.0499999999999998,0.00016687708896301207
1,adsorption,1272.0,100.04998927000351,14.989060725220309,0.14981571546968922,39.9919833127581,1.0,0.9999999999999931,1.0499999999999998,0.00016033374483263467
1,adsorption,1274.0,100.04998969073269,14.989783891560855,0.14982294288981132,39.992297651555255,1.0,0.9999999999999943,1.05,0.00015404696889054998
1,adsorption,1276.0,100.04999009496485,14.99047869045056,0.14982988680180767,39.9925996649521,1.0,0.9999999999999953,1.05,0.00014800670095427027
1,adsorption,1278.0,100.0499904833468,14.991146235097544,0.14983655833123544,39.9928898362345,1.0,0.9999999999999962,1.05,0.00014220327530709782
1,adsorption,1280.0,100.04999085650012,14.991787594976495,0.14984296816657325,39.99316862973838,1.0,0.9999999999999969,1.05,0.00013662740523011558
1,adsorption,1282.0,100.04999121502185,14.99240379758074,0.14984912657673205,39.9934364915928,1.0,0.9999999999999974,1.05,0.00013127016814195704
1,adsorption,1284.0,100.04999155948579,14.992995830047377,0.14985504342729639,39.993693850433885,1.0,0.9999999999999979,1.05,0.00012612299132067458
1,adsorption,1286.0,100.04999189044311,14.993564640753506,0.14986072819647786,39.99394111809065,1.0,0.9999999999999983,1.05,0.00012117763818570783
1,adsorption,1288.0,100.04999220842333,14.994111140836946,0.14986618999031337,39.99417869024409,1.0,0.9999999999999986,1.05,0.00011642619511705944
1,adsorption,1290.0,100.04999251393541,14.994636205665312,0.14987143755734705,39.99440694706033,1.0,0.9999999999999988,1.05,0.00011186105879246594
1,adsorption,1292.0,100.04999280746823,14.995140676248425,0.1498764793027463,39.99462625379894,1.0,0.9999999999999991,1.05,0.00010747492402046757
1,adsorption,1294.0,100.0499930894914,14.995625360569248,0.1498813233016034,39.994836961397496,1.0,0.9999999999999992,1.05,0.00010326077204956821
1,adsorption,1296.0,100.0499933604563,14.996091034886913,0.1498859773119581,39.99503940703308,1.0,0.9999999999999993,1.05,9.921185933785826e-05
1,adsorption,1298.0,100.04999362079658,14.996538445007124,0.14989044878749413,39.99523391466191,1.0,0.9999999999999994,1.05,9.532170676140104e-05
1,adsorption,1300.0,100.04999387092866,14.9969683074533,0.1498947448892442,39.99542079553766,1.0,0.9999999999999996,1.05,9.158408924655177e-05
1,adsorption,1302.0,100.04999411125303,14.997381310618572,0.14989887249710246,39.995600348709594,1.0,0.9999999999999998,1.05,8.799302580799335e-05
1,adsorption,1304.0,100.04999434215405,14.997778115882884,0.14990283822099001,39.99577286150108,1.0,0.9999999999999998,1.05,8.454276997825531e-05
1,adsorption,1306.0,100.0499945640014,14.998159358671082,0.14990664841142845,39.99593860996938,1.0,0.9999999999999998,1.05,8.122780061219236e-05
1,adsorption,1308.0,100.04999477714996,14.99852564946679,0.1499103091696737,39.9960978593474,1.0,0.9999999999999998,1.05,7.804281305179068e-05
1,adsorption,1310.0,100.04999498194081,14.998877574794433,0.14991382635753012,39.99625086446811,1.0,0.9999999999999999,1.05,7.498271063776464e-05
1,adsorption,1312.0,100.0499951787017,14.999215698163175,0.14991720560678404,39.99639787017232,1.0,0.9999999999999999,1.05,7.204259655341138e-05
1,adsorption,1314.0,100.04999536774753,14.999540560969297,0.14992045232822274,39.996539111700535,1.0,0.9999999999999999,1.05,6.921776598917697e-05
1,adsorption,1316.0,100.04999554938077,14.999852683363113,0.14992357172029833,39.99667481506932,1.0,0.9999999999999999,1.05,6.650369861360049e-05
1,adsorption,1318.0,100.04999572389202,15.000152565084383,0.1499265687774771,39.99680519743299,1.0,0.9999999999999999,1.05,6.389605134008533e-05
1,adsorption,1320.0,100.0499958915606,15.000440686264515,0.14992944829825658,39.996930467431156,1.0,0.9999999999999999,1.05,6.139065137675624e-05
1,adsorption,1322.0,100.0499960526548,15.000717508195669,0.14993221489285233,39.997050825522535,1.0,0.9999999999999999,1.05,5.898348954925007e-05
1,adsorption,1324.0,100.04999620743244,15.000983474070324,0.1499348729905893,39.99716646430573,1.0,0.9999999999999999,1.05,5.667071388539069e-05
1,adsorption,1326.0,100.04999635614114,15.001239009692249,0.14993742684700717,39.99727756882745,1.0,0.9999999999999999,1.05,5.4448623450898964e-05
1,adsorption,1328.0,100.04999649901887,15.00148452415917,0.14993988055068327,39.99738431687865,1.0,0.9999999999999999,1.05,5.231366242688059e-05
1,adsorption,1330.0,100.04999663629434,15.001720410518473,0.14994223802978543,39.997486879278966,1.0,0.9999999999999999,1.05,5.026241442053144e-05
1,adsorption,1332.0,100.04999676818707,15.00194704639727,0.14994450305836934,39.99758542015012,1.0,0.9999999999999999,1.05,4.829159699741456e-05
1,adsorption,1334.0,100.0499968949083,15.002164794607774,0.14994667926242838,39.997680097178524,1.0,0.9999999999999999,1.05,4.639805642943608e-05
1,adsorption,1336.0,100.04999701666065,15.002374003728722,0.14994877012570504,39.99777106186761,1.0,0.9999999999999999,1.05,4.4578762647769914e-05
1,adsorption,1338.0,100.04999713363905,15.002575008664142,0.14995077899527434,39.99785845978028,1.0,0.9999999999999999,1.05,4.283080439426126e-05
1,adsorption,1340.0,100.04999724603071,15.002768131179996,0.14995270908690805,39.99794243077184,1.0,0.9999999999999999,1.05,4.115138456304719e-05
1,adsorption,1342.0,100.04999735401539,15.00295368041982,0.14995456349022776,39.99802310921379,1.0,0.9999999999999999,1.05,3.9537815724132885e-05
1,adsorption,1344.0,100.04999745776588,15.003131953400153,0.14995634517365608,39.99810062420884,1.0,0.9999999999999999,1.05,3.798751582315004e-05
1,adsorption,1346.0,100.04999755744834,15.003303235486394,0.14995805698917233,39.99817509979751,1.0,0.9999999999999999,1.05,3.6498004049732726e-05
1,adsorption,1348.0,100.04999765322212,15.003467800850062,0.1499597016768833,39.99824665515664,1.0,0.9999999999999999,1.05,3.5066896867144834e-05
1,adsorption,1350.0,100.04999774524062,15.003625912908062,0.14996128186941196,39.998315404790056,1.0,0.9999999999999999,1.05,3.369190419887899e-05
1,adsorption,1352.0,100.049997833651,15.00377782474465,0.14996280009611607,39.99838145871183,1.0,0.9999999999999999,1.05,3.2370825763268504e-05
1,adsorption,1354.0,100.04999791859474,15.003923779517013,0.1499642587871405,39.99844492262233,1.0,0.9999999999999999,1.05,3.1101547553225714e-05
1,adsorption,1356.0,100.04999800020784,15.004064010844624,0.1499656602773091,39.99850589807736,1.0,0.9999999999999999,1.05,2.9882038452646123e-05
1,adsorption,1358.0,100.04999807862079,15.00419874318359,0.14996700680986583,39.99856448265064,1.0,0.9999999999999999,1.05,2.8710346987089192e-05
1,adsorption,1360.0,100.04999815395914,15.004328192186147,0.14996830054006755,39.99862077008999,1.0,0.9999999999999999,1.05,2.7584598200076244e-05
1,adsorption,1362.0,100.04999822634346,15.004452565046087,0.14996954353863615,39.99867485046732,1.0,0.9999999999999999,1.05,2.6502990653611743e-05
1,adsorption,1364.0,100.04999829588952,15.004572060830629,0.1499707377950758,39.99872681032275,1.0,0.9999999999999999,1.05,2.5463793544865452e-05
1,adsorption,1366.0,100.04999836270866,15.004686870799226,0.14997188522085853,39.99877673280315,1.0,0.9999999999999999,1.05,2.44653439369252e-05
1,adsorption,1368.0,100.04999842690775,15.00479717870986,0.1499729876524858,39.99882469779513,1.0,0.9999999999999999,1.05,2.350604409734925e-05
1,adsorption,1370.0,100.04999848858961,15.00490316111344,0.14997404685443053,39.998870782052904,1.0,0.9999999999999999,1.05,2.2584358941830925e-05
1,adsorption,1372.0,100.04999854785281,15.005004987636408,0.14997506452196177,39.99891505932113,1.0,0.9999999999999999,1.05,2.1698813577401135e-05
1,adsorption,1374.0,100.04999860479232,15.00510282125255,0.1499760422838608,39.998957600452854,1.0,0.9999999999999999,1.05,2.0847990942879635e-05
1,adsorption,1376.0,100.04999865949921,15.005196818543782,0.14997698170502793,39.99899847352298,1.0,0.9999999999999999,1.05,2.0030529540304e-05
1,adsorption,1378.0,100.049998712061,15.00528712995096,0.14997788428898876,39.99903774393713,1.0,0.9999999999999999,1.05,1.924512125733637e-05
1,adsorption,1380.0,100.0499987625618,15.00537390001488,0.14997875148030304,39.99907547453635,1.0,0.9999999999999999,1.05,1.849050927298347e-05
1,adsorption,1382.0,100.04999881108243,15.005457267607666,0.14997958466687686,39.99911172569764,1.0,0.9999999999999999,1.05,1.776548604722725e-05
1,adsorption,1384.0,100.04999885770056,15.005537366155002,0.14998038518218404,39.999146555430585,1.0,0.9999999999999999,1.05,1.7068891388295133e-05
1,adsorption,1386.0,100.0499989024908,15.005614323849965,0.14998115430740291,39.99918001947019,1.0,0.9999999999999999,1.05,1.6399610596176387e-05
1,adsorption,1388.0,100.04999894552473,15.005688263858152,0.14998189327346675,39.99921217136606,1.0,0.9999999999999999,1.05,1.575657267870175e-05
1,adsorption,1390.0,100.04999898687129,15.005759304514955,0.14998260326303484,39.999243062568084,1.0,0.9999999999999999,1.05,1.5138748638294999e-05
1,adsorption,1392.0,100.04999902659665,15.005827559514946,0.14998328541238556,39.99927274250877,1.0,0.9999999999999999,1.05,1.4545149824419666e-05
1,adsorption,1394.0,100.04999906476431,15.00589313809396,0.14998394081323632,39.999301258682365,1.0,0.9999999999999999,1.05,1.3974826352616641e-05
1,adsorption,1396.0,100.04999910143549,15.005956145204042,0.1499845705144913,39.99932865672082,1.0,0.9999999999999999,1.05,1.3426865583563233e-05
1,adsorption,1398.0,100.04999913666863,15.00601668168121,0.14998517552391924,39.99935498046684,1.0,0.9999999999999999,1.05,1.2900390663149023e-05
1,adsorption,1400.0,100.04999917052041,15.006074844407275,0.14998575680976914,39.99938027204403,1.0,0.9999999999999999,1.05,1.23945591192884e-05
1,adsorption,1402.0,100.04999920304472,15.006130726464622,0.14998631530231893,39.999404571924316,1.0,0.9999999999999999,1.05,1.1908561513578522e-05
1,adsorption,1404.0,100.04999923429381,15.006184417285388,0.14998685189536481,39.99942791899269,1.0,0.9999999999999999,1.05,1.1441620146210157e-05
1,adsorption,1406.0,100.04999926431756,15.00623600279451,0.14998736744765198,39.99945035060942,1.0,0.9999999999999999,1.05,1.0992987811443797e-05
1,adsorption,1408.0,100.04999929316406,15.006285565547408,0.14998786278425005,39.9994719026699,1.0,0.9999999999999999,1.05,1.0561946601859425e-05
1,adsorption,1410.0,100.04999932087952,15.006333184862084,0.14998833869787342,39.99949260966202,1.0,0.9999999999999999,1.05,1.0147806759488702e-05
1,adsorption,1412.0,100.04999934750822,15.006378936946065,0.14998879595015016,39.99951250472138,1.0,0.9999999999999999,1.05,9.749905572336444e-06
1,adsorption,1414.0,100.04999937309277,15.006422895018373,0.14998923527284064,39.99953161968432,1.0,0.9999999999999999,1.05,9.367606313603972e-06
1,adsorption,1416.0,100.04999939767416,15.006465129426845,0.1499896573690104,39.99954998513885,1.0,0.9999999999999999,1.05,9.000297223016988e-06
1,adsorption,1418.0,100.04999942129167,15.006505707760612,0.14999006291415404,39.99956763047362,1.0,0.9999999999999999,1.05,8.647390527471003e-06
1,adsorption,1420.0,100.0499994439832,15.006544694958363,0.1499904525572771,39.999584583924936,1.0,0.9999999999999999,1.05,8.30832150119336e-06
1,adsorption,1422.0,100.04999946578492,15.006582153412236,0.14999082692193502,39.999600872621926,1.0,0.9999999999999999,1.05,7.9825475614403e-06
1,adsorption,1424.0,100.04999948673178,15.006618143067792,0.14999118660723143,39.999616522629985,1.0,0.9999999999999999,1.05,7.669547400226827e-06
1,adsorption,1426.0,100.04999950685736,15.006652721519847,0.14999153218877628,39.99963155899246,1.0,0.9999999999999999,1.05,7.368820150695784e-06
1,adsorption,1428.0,100.04999952619369,15.006685944104667,0.14999186421960778,39.99964600577074,1.0,0.9999999999999999,1.05,7.0798845850404815e-06
1,adsorption,1430.0,100.04999954477191,15.006717863988648,0.1499921832310775,39.99965988608275,1.0,0.9999999999999999,1.05,6.802278344876731e-06
1,adsorption,1432.0,100.04999956262165,15.006748532253322,0.14999248973370105,39.99967322213996,1.0,0.9999999999999999,1.05,6.535557200679972e-06
1,adsorption,1434.0,100.04999957977151,15.006777997977125,0.14999278421797468,39.99968603528289,1.0,0.9999999999999999,1.05,6.279294342079186e-06
1,adsorption,1436.0,100.04999959624891,15.006806308313976,0.1499930671551608,39.99969834601531,1.0,0.9999999999999999,1.05,6.0330796937320845e-06
1,adsorption,1438.0,100.04999961208023,15.006833508568727,0.14999333899804207,39.99971017403701,1.0,0.9999999999999999,1.05,5.796519259668173e-06
1,adsorption,1440.0,100.04999962729076,15.00685964226971,0.14999360018164629,39.99972153827536,1.0,0.9999999999999999,1.05,5.569234492715386e-06
1,adsorption,1442.0,100.04999964190495,15.006884751238385,0.14999385112394245,39.99973245691556,1.0,0.9999999999999999,1.05,5.350861688711704e-06
1,adsorption,1444.0,100.04999965594601,15.006908875656226,0.14999409222650964,39.99974294742976,1.0,0.9999999999999999,1.05,5.141051404705414e-06
1,adsorption,1446.0,100.04999966943659,15.006932054129118,0.14999432387517997,39.99975302660502,1.0,0.9999999999999999,1.05,4.93946789945191e-06
1,adsorption,1448.0,100.04999968239815,15.006954323749092,0.14999454644065605,39.99976271057018,1.0,0.9999999999999999,1.05,4.745788596306528e-06
1,adsorption,1450.0,100.04999969485151,15.006975720153696,0.1499947602791042,39.99977201482164,1.0,0.9999999999999999,1.05,4.55970356721945e-06
1,adsorption,1452.0,100.04999970681652,15.006996277583053,0.1499949657327246,39.99978095424818,1.0,0.9999999999999999,1.05,4.380915036339599e-06
1,adsorption,1454.0,100.04999971831243,15.00701602893463,0.1499951631302989,39.999789543154805,1.0,0.9999999999999999,1.05,4.209136903824751e-06
1,adsorption,1456.0,100.04999972935758,15.007035005815933,0.14999535278771653,39.99979779528559,1.0,0.9999999999999999,1.05,4.044094288165712e-06
1,adsorption,1458.0,100.04999973996955,15.007053238595045,0.14999553500848026,39.9998057238457,1.0,0.9999999999999999,1.05,3.885523085929663e-06
1,adsorption,1460.0,100.04999975016557,15.007070756449258,0.1499957100841914,39.99981334152253,1.0,0.9999999999999999,1.05,3.733169549221256e-06
1,adsorption,1462.0,100.04999975996168,15.007087587411709,0.14999587829501718,39.99982066050599,1.0,0.9999999999999999,1.05,3.5867898801647244e-06
1,adsorption,1464.0,100.04999976937376,15.007103758416367,0.14999603991013885,39.999827692508,1.0,0.9999999999999999,1.05,3.4461498399185403e-06
1,adsorption,1466.0,100.04999977841668,15.007119295341008,0.14999619518818255,39.99983444878128,1.0,0.9999999999999999,1.05,3.311024374412451e-06
1,adsorption,1468.0,100.04999978710511,15.007134223048753,0.1499963443776333,39.99984094013729,1.0,0.9999999999999999,1.05,3.181197254119395e-06
1,adsorption,1470.0,100.0499997954528,15.007148565427713,0.1499964877172321,39.999847176963605,1.0,0.9999999999999999,1.05,3.056460727862257e-06
1,adsorption,1472.0,100.04999980347326,15.007162345429364,0.14999662543635892,39.99985316924047,1.0,0.9999999999999999,1.05,2.9366151906555e-06
1,adsorption,1474.0,100.04999981117918,15.007175585105207,0.14999675775539945,39.99985892655679,1.0,0.9999999999999999,1.05,2.821468864088583e-06
1,adsorption,1476.0,100.04999981858292,15.007188305642007,0.149996884886097,39.999864458125515,1.0,0.9999999999999999,1.05,2.710837489649316e-06
1,adsorption,1478.0,100.0499998256964,15.007200527395833,0.1499970070318926,39.999869772798334,1.0,0.9999999999999999,1.05,2.604544033195483e-06
1,adsorption,1480.0,100.04999983253094,15.007212269924493,0.14999712438824958,39.99987487907986,1.0,0.9999999999999999,1.05,2.5024184027645506e-06
1,adsorption,1482.0,100.0499998390975,15.007223552019337,0.1499972371429712,39.999879785141395,1.0,0.9999999999999999,1.05,2.4042971719575115e-06
1,adsorption,1484.0,100.04999984540656,15.007234391733814,0.14999734547648597,39.999884498833396,1.0,0.9999999999999999,1.05,2.310023331989676e-06
1,adsorption,1486.0,100.04999985146827,15.007244806416237,0.1499974495621751,39.99988902769969,1.0,0.9999999999999999,1.05,2.219446006215632e-06
1,adsorption,1488.0,100.0499998572923,15.007254812731944,0.1499975495665942,39.99989337898715,1.0,0.9999999999999999,1.05,2.132420256925941e-06
1,adsorption,1490.0,100.04999986288793,15.007264426692277,0.1499976456497628,39.999897559658244,1.0,0.9999999999999999,1.05,2.048806835108564e-06
1,adsorption,1492.0,100.04999986826417,15.007273663681406,0.14999773796543212,39.999901576402706,1.0,0.9999999999999999,1.05,1.9684719457382033e-06
1,adsorption,1494.0,100.0499998734296,15.007282538480828,0.14999782666133046,39.99990543564825,1.0,0.9999999999999999,1.05,1.8912870348644797e-06
1,adsorption,1496.0,100.04999987839253,15.00729106529258,0.14999791187939476,39.99990914357059,1.0,0.9999999999999999,1.05,1.8171285881469796e-06
1,adsorption,1498.0,100.04999988316084,15.0072992577616,0.14999799375599443,39.99991270610321,1.0,0.9999999999999999,1.05,1.7458779357607345e-06
1,adsorption,1500.0,100.04999988774212,15.007307128997725,0.14999807242215085,39.999916128946886,1.0,0.9999999999999999,1.05,1.6774210621790649e-06
1,adsorption,1502.0,100.04999989214384,15.007314691596797,0.14999814800374833,39.9999194175789,1.0,0.9999999999999999,1.05,1.6116484219287044e-06
1,adsorption,1504.0,100.04999989637292,15.007321957660718,0.14999822062173507,39.99992257726176,1.0,0.9999999999999999,1.05,1.5484547647014988e-06
1,adsorption,1506.0,100.04999990043619,15.007328938816942,0.14999829039231724,39.999925613051644,1.0,0.9999999999999999,1.05,1.487738967035613e-06
1,adsorption,1508.0,100.04999990434017,15.007335646236944,0.14999835742714404,39.999928529806475,1.0,0.9999999999999999,1.05,1.4294038704667104e-06
1,adsorption,1510.0,100.04999990809107,15.00734209065416,0.14999842183348686,39.999931332193675,1.0,0.9999999999999999,1.05,1.3733561263481798e-06
1,adsorption,1512.0,100.04999991169485,15.007348282381152,0.1499984837144107,39.99993402469767,1.0,0.9999999999999999,1.05,1.319506046444566e-06
1,adsorption,1514.0,100.04999991515736,15.00735423132614,0.14999854316893968,39.99993661162705,1.0,0.9999999999999999,1.05,1.267767458999594e-06
1,adsorption,1516.0,100.04999991848408,15.007359947008794,0.14999860029221457,39.99993909712144,1.0,0.9999999999999999,1.05,1.2180575711746234e-06
1,adsorption,1518.0,100.04999992168037,15.007365438575512,0.1499986551756457,39.999941485158175,1.0,0.9999999999999999,1.05,1.1702968364640066e-06
1,adsorption,1520.0,100.04999992475133,15.007370714814114,0.14999870790705963,39.99994377955862,1.0,0.9999999999999999,1.05,1.1244088275850365e-06
1,adsorption,1522.0,100.04999992770183,15.007375784167545,0.1499987585708364,39.99994598399424,1.0,0.9999999999999999,1.05,1.0803201152406377e-06
1,adsorption,1524.0,100.04999993053674,15.00738065474831,0.14999880724805315,39.99994810199272,1.0,0.9999999999999999,1.05,1.0379601454885256e-06
1,adsorption,1526.0,100.04999993326037,15.00738533434945,0.14999885401659488,39.999950136942914,1.0,0.9999999999999999,1.05,9.97261141596719e-07
1,adsorption,1528.0,100.04999993587734,15.007389830459658,0.14999889895130422,39.99995209210128,1.0,0.9999999999999999,1.05,9.581579742459608e-07
1,adsorption,1530.0,100.04999993839157,15.007394150274267,0.14999894212409265,39.99995397059675,1.0,0.9999999999999999,1.05,9.205880649778392e-07
1,adsorption,1532.0,100.0499999408073,15.007398300706324,0.14999898360404965,39.99995577543543,1.0,0.9999999999999999,1.05,8.844912913350535e-07
1,adsorption,1534.0,100.04999994312824,15.007402288397326,0.14999902345755156,39.99995750950543,1.0,0.9999999999999999,1.05,8.49809891404454e-07
1,adsorption,1536.0,100.04999994535824,15.00740611972828,0.14999906174837077,39.99995917558153,1.0,0.9999999999999999,1.05,8.164883692559209e-07
1,adsorption,1538.0,100.04999994750082,15.007409800830231,0.14999909853778173,39.99996077632983,1.0,0.9999999999999999,1.05,7.844734033673878e-07
1,adsorption,1540.0,100.04999994955931,15.00741333759381,0.14999913388465638,39.999962314311894,1.0,0.9999999999999999,1.05,7.537137621170605e-07
1,adsorption,1542.0,100.04999995153715,15.007416735678675,0.14999916784555786,39.999963791988826,1.0,0.9999999999999999,1.05,7.241602233566981e-07
1,adsorption,1544.0,100.04999995343734,15.007420000522455,0.14999920047483076,39.99996521172523,1.0,0.9999999999999999,1.05,6.957654952788866e-07
1,adsorption,1546.0,100.04999995526316,15.007423137349754,0.14999923182469013,39.999966575793025,1.0,0.9999999999999999,1.05,6.684841393746102e-07
1,adsorption,1548.0,100.04999995701726,15.007426151179986,0.14999926194530103,39.99996788637491,1.0,0.9999999999999999,1.05,6.422725016524811e-07
1,adsorption,1550.0,100.04999995870266,15.00742904683657,0.149999290884869,39.99996914556838,1.0,0.9999999999999999,1.05,6.170886324110932e-07
1,adsorption,1552.0,100.04999996032197,15.007431828952999,0.14999931868970195,39.999970355388314,1.0,0.9999999999999999,1.05,5.928922335834113e-07
1,adsorption,1554.0,100.04999996187777,15.007434501980955,0.1499993454042905,39.999971517770554,1.0,0.9999999999999999,1.05,5.696445888610793e-07
1,adsorption,1556.0,100.04999996337251,15.007437070194216,0.1499993710713475,39.99997263457357,1.0,0.9999999999999999,1.05,5.47308528657038e-07
1,adsorption,1558.0,100.0499999648087,15.007439537708846,0.14999939573200918,39.99997370758722,1.0,0.9999999999999999,1.05,5.258482554162995e-07
1,adsorption,1560.0,100.04999996618858,15.007441908461917,0.14999941942562328,39.9999747385236,1.0,0.9999999999999999,1.05,5.0522952796036e-07
1,adsorption,1562.0,100.04999996751437,15.007444186251343,0.1499994421901467,39.999975729034226,1.0,0.9999999999999999,1.05,4.854193153935044e-07
1,adsorption,1564.0,100.0499999687881,15.007446374729627,0.1499994640620829,39.99997668070741,1.0,0.9999999999999999,1.05,4.663858516496408e-07
1,adsorption,1566.0,100.04999997001195,15.007448477394922,0.14999948507639296,39.99997759506433,1.0,0.9999999999999999,1.05,4.4809871333103206e-07
1,adsorption,1568.0,100.04999997118779,15.007450497621837,0.14999950526680317,39.99997847357246,1.0,0.9999999999999999,1.05,4.3052855075656587e-07
1,adsorption,1570.0,100.04999997231754,15.007452438640007,0.1499995246655908,39.99997931763622,1.0,0.9999999999999999,1.05,4.1364727559092233e-07
1,adsorption,1572.0,100.049999973403,15.007454303550453,0.14999954330374804,39.99998012860411,1.0,0.9999999999999999,1.05,3.9742791780843916e-07
1,adsorption,1574.0,100.04999997444585,15.007456095333072,0.14999956121105634,39.999980907771935,1.0,0.9999999999999999,1.05,3.8184456129201234e-07
1,adsorption,1576.0,100.04999997544785,15.007457816859935,0.14999957841621936,39.999981656388634,1.0,0.9999999999999999,1.05,3.668722272740745e-07
1,adsorption,1578.0,100.04999997641056,15.007459470878754,0.14999959494669823,39.99998237564907,1.0,0.9999999999999999,1.05,3.5248701856718643e-07
1,adsorption,1580.0,100.04999997733547,15.007461060039311,0.1499996108289753,39.99998306670552,1.0,0.9999999999999999,1.05,3.3866588963121013e-07
1,adsorption,1582.0,100.04999997822418,15.007462586889716,0.14999962608851658,39.99998373066602,1.0,0.9999999999999999,1.05,3.253866795203935e-07
1,adsorption,1584.0,100.04999997907801,15.0074640538704,0.14999964074971203,39.99998436859182,1.0,0.9999999999999999,1.05,3.1262816354360284e-07
1,adsorption,1586.0,100.04999997989837,15.007465463335718,0.14999965483609154,39.99998498150673,1.0,0.9999999999999999,1.05,3.003698653365408e-07
1,adsorption,1588.0,100.04999998068661,15.007466817538955,0.1499996683701745,39.999985570390585,1.0,0.9999999999999999,1.05,2.8859218815239495e-07
1,adsorption,1590.0,100.04999998144386,15.00746811864364,0.14999968137358374,39.999986136184226,1.0,0.9999999999999999,1.05,2.7727631542335546e-07
1,adsorption,1592.0,100.04999998217144,15.00746936872874,0.14999969386709663,39.99998667979169,1.0,0.9999999999999999,1.05,2.664041660680443e-07
1,adsorption,1594.0,100.04999998287055,15.00747056979805,0.14999970587073924,39.99998720208434,1.0,0.9999999999999999,1.05,2.559583130694143e-07
1,adsorption,1596.0,100.04999998354218,15.007471723768585,0.14999971740367068,39.999987703895805,1.0,0.9999999999999999,1.05,2.4592208380907386e-07
1,adsorption,1598.0,100.04999998418748,15.007472832489036,0.14999972848436693,39.99998818602999,1.0,0.9999999999999999,1.05,2.3627940020922637e-07
1,adsorption,1600.0,100.04999998480753,15.007473897737148,0.14999973913059486,39.999988649259954,1.0,0.9999999999999999,1.05,2.270148008301105e-07
1,adsorption,1602.0,100.0499999854032,15.007474921215533,0.1499997493593708,39.99998909432612,1.0,0.9999999999999999,1.05,2.1811347759952992e-07
1,adsorption,1604.0,100.04999998597556,15.007475904566826,0.14999975918711134,39.99998952194275,1.0,0.9999999999999999,1.05,2.0956114492035662e-07
1,adsorption,1606.0,100.04999998652548,15.00747684936307,0.14999976862952766,39.999989932793476,1.0,0.9999999999999999,1.05,2.0134413044920534e-07
1,adsorption,1608.0,100.04999998705381,15.00747775711365,0.14999977770170486,39.999990327534675,1.0,0.9999999999999999,1.05,1.934493064151995e-07
1,adsorption,1610.0,100.04999998756146,15.007478629269077,0.14999978641813952,39.9999907067971,1.0,0.9999999999999999,1.05,1.85864057867343e-07
1,adsorption,1612.0,100.04999998804918,15.007479467227334,0.14999979479280318,39.999991071188674,1.0,0.9999999999999999,1.05,1.785762264355384e-07
1,adsorption,1614.0,100.04999998851777,15.00748027232586,0.14999980283906236,39.99999142129098,1.0,0.9999999999999999,1.05,1.7157418030581562e-07
1,adsorption,1616.0,100.04999998896797,15.007481045854464,0.14999981056980777,39.99999175766491,1.0,0.9999999999999999,1.05,1.6484670174236865e-07
1,adsorption,1618.0,100.04999998940056,15.007481789053417,0.1499998179974346,39.9999920808498,1.0,0.9999999999999999,1.05,1.5838300390948117e-07
1,adsorption,1620.0,100.04999998981614,15.0074825031106,0.14999982513381482,39.99999239136222,1.0,0.9999999999999999,1.05,1.521727555569556e-07
1,adsorption,1622.0,100.0499999902155,15.007483189172065,0.1499998319904022,39.999992689700505,1.0,0.9999999999999999,1.05,1.4620598984328635e-07
1,adsorption,1624.0,100.04999999059915,15.007483848334546,0.14999983857815768,39.9999929763416,1.0,0.9999999999999999,1.05,1.4047316794045506e-07
1,adsorption,1626.0,100.04999999096773,15.007484481651115,0.1499998449076058,39.999993251743454,1.0,0.9999999999999999,1.05,1.3496513085752855e-07
1,adsorption,1628.0,100.04999999132193,15.007485090133805,0.14999985098886073,39.99999351634612,1.0,0.9999999999999999,1.05,1.2967307744275644e-07
1,adsorption,1630.0,100.04999999166216,15.007485674757916,0.14999985683167008,39.99999377057374,1.0,0.9999999999999999,1.05,1.2458852516559116e-07
1,adsorption,1632.0,100.04999999198914,15.007486236456558,0.14999986244535918,39.99999401483207,1.0,0.9999999999999999,1.05,1.1970335859170386e-07
1,adsorption,1634.0,100.0499999923032,15.007486776129582,0.14999986783892158,39.99999424951242,1.0,0.9999999999999999,1.05,1.1500975154425248e-07
1,adsorption,1636.0,100.04999999260501,15.007487294642349,0.14999987302100545,39.99999447499109,1.0,0.9999999999999999,1.05,1.1050017815260209e-07
1,adsorption,1638.0,100.04999999289494,15.007487792823559,0.14999987799989317,39.99999469162846,1.0,0.9999999999999999,1.05,1.0616743076916848e-07
1,adsorption,1640.0,100.04999999317357,15.007488271472782,0.1499998827835757,39.99999489977222,1.0,0.9999999999999999,1.05,1.0200455556831904e-07
1,adsorption,1642.0,100.04999999344123,15.007488731355222,0.14999988737970052,39.99999509975511,1.0,0.9999999999999999,1.05,9.800489763709602e-08
1,adsorption,1644.0,100.04999999369842,15.007489173205608,0.14999989179561066,39.99999529189665,1.0,0.9999999999999999,1.05,9.416206683367552e-08
1,adsorption,1646.0,100.04999999394553,15.00748959772993,0.14999989603836184,39.99999547650385,1.0,0.9999999999999999,1.05,9.046992295620244e-08
1,adsorption,1648.0,100.0499999941829,15.007490005608659,0.14999990011475484,39.99999565387261,1.0,0.9999999999999999,1.05,8.692254777260688e-08
1,adsorption,1650.0,100.04999999441098,15.007490397492855,0.1499999040312964,39.999995824286025,1.0,0.9999999999999999,1.05,8.351427946075909e-08
1,adsorption,1652.0,100.04999999463013,15.007490774010277,0.14999990779426045,39.999995988017105,1.0,0.9999999999999999,1.05,8.023965776302031e-08
1,adsorption,1654.0,100.04999999484069,15.00749113576464,0.14999991140968053,39.99999614532839,1.0,0.9999999999999999,1.05,7.709343214836047e-08
1,adsorption,1656.0,100.049999995043,15.007491483334205,0.14999991488333586,39.999996296471295,1.0,0.9999999999999999,1.05,7.40705739559966e-08
1,adsorption,1658.0,100.04999999523733,15.007491817276735,0.14999991822080094,39.99999644168841,1.0,0.9999999999999999,1.05,7.11662317028218e-08
1,adsorption,1660.0,100.04999999542412,15.007492138126095,0.14999992142741106,39.999996581211875,1.0,0.9999999999999999,1.05,6.837576243788156e-08
1,adsorption,1662.0,100.0499999956035,15.007492446394917,0.14999992450828978,39.99999671526461,1.0,0.9999999999999999,1.05,6.569470775371095e-08
1,adsorption,1664.0,100.04999999577593,15.00749274257576,0.14999992746835952,39.9999968440608,1.0,0.9999999999999999,1.05,6.311878393207055e-08
1,adsorption,1666.0,100.04999999594158,15.00749302714335,0.14999993031236497,39.9999969678069,1.0,0.9999999999999999,1.05,6.06438619368044e-08
1,adsorption,1668.0,100.04999999610064,15.007493300551904,0.14999993304484563,39.99999708670042,1.0,0.9999999999999999,1.05,5.826599160157896e-08
1,adsorption,1670.0,100.04999999625358,15.007493563239432,0.14999993567017886,39.99999720093182,1.0,0.9999999999999999,1.05,5.598136340728327e-08
1,adsorption,1672.0,100.04999999640046,15.007493815627107,0.14999993819257412,39.999997310684286,1.0,0.9999999999999999,1.05,5.378631415569614e-08
1,adsorption,1674.0,100.04999999654162,15.007494058118374,0.14999994061606325,39.99999741613322,1.0,0.9999999999999999,1.05,5.167733552975591e-08
1,adsorption,1676.0,100.04999999667717,15.007494291102388,0.14999994294453584,39.99999751744785,1.0,0.9999999999999999,1.05,4.965104283862203e-08
1,adsorption,1678.0,100.04999999680749,15.007494514951588,0.1499999451817138,39.99999761479017,1.0,0.9999999999999999,1.05,4.7704196517887496e-08
1,adsorption,1680.0,100.04999999693266,15.007494730023636,0.14999994733117178,39.999997708315675,1.0,0.9999999999999999,1.05,4.583368640257163e-08
1,adsorption,1682.0,100.049999997053,15.007494936662194,0.14999994939634428,39.999997798173816,1.0,0.9999999999999999,1.05,4.4036523565002405e-08
1,adsorption,1684.0,100.04999999716848,15.007495135198432,0.1499999513805413,39.99999788450863,1.0,0.9999999999999999,1.05,4.230982737487384e-08
1,adsorption,1686.0,100.04999999727949,15.00749532594929,0.1499999532869302,39.9999979674579,1.0,0.9999999999999999,1.05,4.0650841923019304e-08
1,adsorption,1688.0,100.04999999738617,15.00749550922032,0.14999995511856468,39.99999804715453,1.0,0.9999999999999999,1.05,3.9056909345222126e-08
1,adsorption,1690.0,100.04999999748868,15.007495685305406,0.14999995687838183,39.99999812372629,1.0,0.9999999999999999,1.05,3.7525474102350444e-08
1,adsorption,1692.0,100.04999999758715,15.007495854485981,0.1499999585691945,39.99999819729558,1.0,0.9999999999999999,1.05,3.6054088255872296e-08
1,adsorption,1694.0,100.04999999768178,15.007496017033542,0.1499999601937159,39.99999826798047,1.0,0.9999999999999999,1.05,3.4640390465333315e-08
1,adsorption,1696.0,100.04999999777269,15.007496173207969,0.1499999617545434,39.99999833589397,1.0,0.9999999999999999,1.05,3.3282120520907725e-08
1,adsorption,1698.0,100.04999999786,15.007496323258799,0.1499999632541709,39.999998401144566,1.0,0.9999999999999999,1.05,3.1977108593292135e-08
1,adsorption,1700.0,100.04999999794389,15.007496467425755,0.14999996469499421,39.999998463836526,1.0,0.9999999999999999,1.05,3.072326946050035e-08
1,adsorption,1702.0,100.04999999802452,15.007496605939924,0.14999996607932278,39.999998524070335,1.0,0.9999999999999999,1.05,2.9518593250827506e-08
1,adsorption,1704.0,100.049999998102,15.007496739022384,0.14999996740936616,39.99999858194213,1.0,0.9999999999999999,1.05,2.83611572878745e-08
1,adsorption,1706.0,100.04999999817642,15.007496866886365,0.1499999686872554,39.999998637544635,1.0,0.9999999999999999,1.05,2.72491071783241e-08
1,adsorption,1708.0,100.04999999824793,15.007496989736882,0.14999996991503944,39.999998690967,1.0,0.9999999999999999,1.05,2.61806599971576e-08
1,adsorption,1710.0,100.04999999831664,15.007497107770273,0.14999997109468044,39.9999987422946,1.0,0.9999999999999999,1.05,2.5154107871023596e-08
1,adsorption,1712.0,100.04999999838262,15.007497221175967,0.1499999722280717,39.999998791609826,1.0,0.9999999999999999,1.05,2.4167803346148943e-08
1,adsorption,1714.0,100.04999999844603,15.007497330135294,0.14999997331702536,39.99999883899151,1.0,0.9999999999999999,1.05,2.322016974029291e-08
1,adsorption,1716.0,100.04999999850696,15.007497434822293,0.14999997436328083,39.99999888451535,1.0,0.9999999999999999,1.05,2.230969288109147e-08
1,adsorption,1718.0,100.04999999856548,15.007497535404253,0.14999997536851,39.99999892825409,1.0,0.9999999999999999,1.05,2.1434918219454745e-08
1,adsorption,1720.0,100.04999999862177,15.007497632042405,0.14999997633432421,39.99999897027784,1.0,0.9999999999999999,1.05,2.059444326467742e-08
1,adsorption,1722.0,100.04999999867577,15.007497724890978,0.149999977262265,39.99999901065366,1.0,0.9999999999999999,1.05,1.9786926741936653e-08
1,adsorption,1724.0,100.04999999872773,15.007497814098747,0.14999997815381896,39.999999049446245,1.0,0.9999999999999999,1.05,1.9011075055121292e-08
1,adsorption,1726.0,100.0499999987776,15.007497899813712,0.14999997901046544,39.99999908671997,1.0,0.9999999999999999,1.05,1.826560058040141e-08
1,adsorption,1728.0,100.04999999882554,15.007497982164468,0.14999997983348964,39.999999122530745,1.0,0.9999999999999999,1.05,1.7549385008119506e-08
1,adsorption,1730.0,100.04999999887164,15.007498061298913,0.14999998062436948,39.999999156942884,1.0,0.9999999999999999,1.05,1.686114220751596e-08
1,adsorption,1732.0,100.04999999891572,15.007498137065237,0.149999981381588,39.99999918989038,1.0,0.9999999999999999,1.05,1.6202192351353313e-08
1,adsorption,1734.0,100.04999999895811,15.007498209960445,0.14999998211011223,39.99999922158934,1.0,0.9999999999999999,1.05,1.5568213100640305e-08
1,adsorption,1736.0,100.04999999899856,15.007498279419384,0.14999998280429386,39.999999251794016,1.0,0.9999999999999999,1.05,1.4964119543278782e-08
1,adsorption,1738.0,100.04999999903735,15.007498346091312,0.1499999834706218,39.99999928078676,1.0,0.9999999999999999,1.05,1.4384264787842035e-08
1,adsorption,1740.0,100.04999999907467,15.007498410165317,0.14999998411098567,39.99999930864976,1.0,0.9999999999999999,1.05,1.3827004665311587e-08
1,adsorption,1742.0,100.04999999911053,15.00749847175477,0.14999998472651865,39.99999933543235,1.0,0.9999999999999999,1.05,1.3291352952982827e-08
1,adsorption,1744.0,100.04999999914497,15.007498530957916,0.1499999853182026,39.99999936117724,1.0,0.9999999999999999,1.05,1.2776455216489936e-08
1,adsorption,1746.0,100.0499999991781,15.007498587867525,0.14999998588696462,39.99999938592476,1.0,0.9999999999999999,1.05,1.228150479971682e-08
1,adsorption,1748.0,100.04999999920994,15.00749864257249,0.1499999864336931,39.999999409713574,1.0,0.9999999999999999,1.05,1.1805728491322188e-08
1,adsorption,1750.0,100.04999999924055,15.007498695158212,0.1499999869592417,39.99999943258083,1.0,0.9999999999999999,1.05,1.1348383339522913e-08
1,adsorption,1752.0,100.04999999926993,15.00749874570681,0.14999998746443097,39.99999945456223,1.0,0.9999999999999999,1.05,1.0908755358099744e-08
1,adsorption,1754.0,100.04999999929824,15.007498794297195,0.14999998795004957,39.99999947569208,1.0,0.9999999999999999,1.05,1.0486158331941091e-08
1,adsorption,1756.0,100.04999999932542,15.00749884100522,0.14999998841685563,39.999999496003376,1.0,0.9999999999999999,1.05,1.0079932423510728e-08
1,adsorption,1758.0,100.04999999935154,15.007498885903816,0.14999998886557803,39.999999515527826,1.0,0.9999999999999999,1.05,9.68944337654363e-09
1,adsorption,1760.0,100.0499999993767,15.007498929063075,0.14999998929691724,39.99999953429592,1.0,0.9999999999999999,1.05,9.314081520665775e-09
1,adsorption,1762.0,100.04999999940081,15.007498970550367,0.14999998971154668,39.999999552336945,1.0,0.9999999999999999,1.05,8.953260975089983e-09
1,adsorption,1764.0,100.04999999942405,15.007499010430474,0.1499999901101136,39.999999569679076,1.0,0.9999999999999999,1.05,8.606418354621645e-09
1,adsorption,1766.0,100.04999999944636,15.007499048765656,0.14999999049324042,39.99999958634939,1.0,0.9999999999999999,1.05,8.273012072892588e-09
1,adsorption,1768.0,100.04999999946779,15.007499085615764,0.14999999086152518,39.99999960237391,1.0,0.9999999999999999,1.05,7.952521745132954e-09
1,adsorption,1770.0,100.0499999994884,15.007499121038334,0.14999999121554297,39.99999961777765,1.0,0.9999999999999999,1.05,7.644446993714957e-09
1,adsorption,1772.0,100.04999999950823,15.007499155088661,0.14999999155584634,39.99999963258466,1.0,0.9999999999999999,1.05,7.348306751386731e-09
1,adsorption,1774.0,100.04999999952727,15.007499187819896,0.14999999188296656,39.999999646818054,1.0,0.9999999999999999,1.05,7.063638863120265e-09
1,adsorption,1776.0,100.04999999954558,15.007499219283147,0.1499999921974144,39.99999966050006,1.0,0.9999999999999999,1.05,6.78999879211713e-09
1,adsorption,1778.0,100.0499999995632,15.00749924952754,0.14999999249968074,39.999999673652034,1.0,0.9999999999999999,1.05,6.526959221656397e-09
1,adsorption,1780.0,100.04999999958014,15.007499278600283,0.1499999927902375,39.99999968629451,1.0,0.9999999999999999,1.05,6.274109756480584e-09
1,adsorption,1782.0,100.04999999959638,15.007499306546762,0.1499999930695383,39.99999969844723,1.0,0.9999999999999999,1.05,6.031055330187322e-09
1,adsorption,1784.0,100.04999999961203,15.007499333410628,0.14999999333801922,39.99999971012915,1.0,0.9999999999999999,1.05,5.797416802457485e-09
1,adsorption,1786.0,100.04999999962705,15.007499359233814,0.14999999359609953,39.999999721358535,1.0,0.9999999999999999,1.05,5.572829167370824e-09
1,adsorption,1788.0,100.04999999964151,15.007499384056613,0.14999999384418178,39.9999997321529,1.0,0.9999999999999999,1.05,5.356941951558043e-09
1,adsorption,1790.0,100.04999999965538,15.007499407917795,0.14999999408265355,39.9999997425291,1.0,0.9999999999999999,1.05,5.1494179202065396e-09
1,adsorption,1792.0,100.04999999966876,15.007499430854628,0.14999999431188724,39.99999975250333,1.0,0.9999999999999999,1.05,4.949933375674466e-09
1,adsorption,1794.0,100.04999999968157,15.007499452902902,0.14999999453224055,39.999999762091164,1.0,0.9999999999999999,1.05,4.758176664420424e-09
1,adsorption,1796.0,100.04999999969391,15.00749947409703,0.1499999947440574,39.99999977130757,1.0,0.9999999999999999,1.05,4.573848475617526e-09
1,adsorption,1798.0,100.04999999970573,15.007499494470105,0.14999999494766864,39.999999780166945,1.0,0.9999999999999999,1.05,4.3966610448492356e-09
1,adsorption,1800.0,100.04999999971723,15.007499514168076,0.14999999514453266,39.99999978873274,1.0,0.9999999999999999,1.05,4.225345162819362e-09
1,purge,1800.0,100.04999999971723,15.007499514168076,0.14999999514453266,39.99999978873274,1.0,0.9999999999999999,1.05,4.225345162819362e-09
1,purge,1802.0,100.05425402880851,12.24839236775134,0.12241750724786447,39.91645308434513,1.0,0.9166870830889623,1.0458343541544481,-0.06331313687751207
1,purge,1804.0,100.05331256783366,11.222024252139674,0.11216044690705687,39.804334601895306,1.0,0.9317891530970576,1.046589457654853,-0.04929115262220118
1,purge,1806.0,100.0532824515878,10.909356171930323,0.10903546495047745,39.706149029675316,1.0,0.929504617524697,1.0464752308762348,-0.049109378924242594
1,purge,1808.0,100.05331417756015,10.91203299126025,0.10906218430601061,39.6070792576319,1.0,0.9263790765232209,1.0463189538261612,-0.04956590546452575
1,purge,1810.0,100.05331151285087,10.91160804626181,0.10905794002490685,39.508010326218624,1.0,0.9238979106002394,1.046194895530012,-0.049519836256185806
1,purge,1812.0,100.05330978801231,10.90883810803593,0.10903025728133335,39.40899826440981,1.0,0.9213911582092471,1.0460695579104624,-0.04949486188498343
1,purge,1814.0,100.05330832561101,10.906338208919339,0.10900527320322104,39.31003018235158,1.0,0.9188815681335804,1.045944078406679,-0.049472980502839
1,purge,1816.0,100.05330682567865,10.903836120959442,0.10898026728848681,39.211107086806656,1.0,0.9163738348653632,1.0458186917432681,-0.0494505505411498
1,purge,1818.0,100.05330532972621,10.901336608190828,0.10895528710686184,39.112233338036354,1.0,0.9138672960310408,1.045693364801552,-0.04942817585651527
1,purge,1820.0,100.0533038367442,10.89883684360128,0.10893030440438814,39.013407713785895,1.0,0.911361928846418,1.0455680964423208,-0.04940584977551178
1,purge,1822.0,100.05330234410616,10.896338233712944,0.10890533324165501,38.91462335917371,1.0,0.9088576135693315,1.0454428806784666,-0.04938352859939553
1,purge,1824.0,100.05330085215252,10.893840586525295,0.10888037169931038,38.8158798008552,1.0,0.9063543309683041,1.045317716548415,-0.04936121786182688
1,purge,1826.0,100.05329936099238,10.891344041416609,0.10885542117027674,38.71717966487773,1.0,0.9038521465742613,1.045192607328713,-0.04933891896963093
1,purge,1828.0,100.05329787057934,10.88884863846536,0.10883048205517698,38.618524124064535,1.0,0.9013510913840982,1.045067554569205,-0.04931663120169402
1,purge,1830.0,100.05329638091293,10.886354348941799,0.1088055540668681,38.5199131755036,1.0,0.8988511652199059,1.0449425582609952,-0.04929435463854553
1,purge,1832.0,100.05329489201056,10.88386118559696,0.10878063733277472,38.421346773424105,1.0,0.8963523666319664,1.0448176183315983,-0.04927208949554837
1,purge,1834.0,100.05329340385994,10.881369149411034,0.10875573186270793,38.32282486739571,1.0,0.8938546945707376,1.044692734728537,-0.04924983558273893
1,purge,1836.0,100.0532919164616,10.878878234107509,0.10873083759393654,38.22434744491445,1.0,0.8913581486794806,1.044567907433974,-0.04922759292829412
1,purge,1838.0,100.05329042981812,10.876388441726679,0.10870595454685089,38.12591448983992,1.0,0.8888627285065756,1.0444431364253288,-0.04920536156166955
1,purge,1840.0,100.05328894392773,10.873899772314273,0.108681082721911,38.02752598480444,1.0,0.8863684336420425,1.0443184216821022,-0.04918314145529556
1,purge,1842.0,100.0532874587898,10.871412224670054,0.10865622210712265,37.929181908671836,1.0,0.8838752635532207,1.044193763177661,-0.04916093260192469
1,purge,1844.0,100.05328597440428,10.868925798357406,0.10863137269812312,37.830882239109485,1.0,0.8813832176699062,1.0440691608834956,-0.049138734999662835
1,purge,1846.0,100.05328449077058,10.866440492847792,0.10860653448963156,37.732626954667886,1.0,0.8788922954520204,1.043944614772601,-0.04911654864078176
1,purge,1848.0,100.05328300788823,10.863956307628637,0.10858170747652651,37.63441603189306,1.0,0.8764024963080453,1.0438201248154022,-0.04909437351758579
1,purge,1850.0,100.0532815257569,10.861473242124786,0.10855689165306086,37.536249450131145,1.0,0.8739138197159312,1.0436956909857966,-0.04907220962419649
1,purge,1852.0,100.05328004437592,10.858991295748089,0.10853208701335808,37.43812718563106,1.0,0.8714262650765159,1.0435713132538258,-0.049050056952938806
1,purge,1854.0,100.05327856374502,10.85651046789587,0.10850729355139593,37.340049215224695,1.0,0.8689398318043211,1.043446991590216,-0.04902791549712336
1,purge,1856.0,100.05327708386362,10.854030758014426,0.10848251126164203,37.24201551636909,1.0,0.8664545193298299,1.0433227259664914,-0.04900578525011437
1,purge,1858.0,100.05327560473135,10.851552165541387,0.10845774013847716,37.144026066747244,1.0,0.8639703270897668,1.0431985163544883,-0.04898366620492675
1,purge,1860.0,100.05327412634769,10.849074689908605,0.10843298017622441,37.04608084403011,1.0,0.8614872545202393,1.043074362726012,-0.048961558354815506
1,purge,1862.0,100.0532726487122,10.846598330556803,0.10840823136929556,36.94817982584355,1.0,0.8590053010561767,1.0429502650528089,-0.04893946169305315
1,purge,1864.0,100.0532711718244,10.844123086922695,0.10838349371206231,36.85032298980555,1.0,0.8565244661324514,1.0428262233066226,-0.04891737621279885
1,purge,1866.0,100.0532696956839,10.841648958441398,0.10835876719888031,36.75251031355137,1.0,0.8540447491842972,1.0427022374592148,-0.04889530190727566
1,purge,1868.0,100.05326822029026,10.83917594455137,0.10833405182413863,36.654741774736955,1.0,0.85156614964745,1.0425783074823725,-0.048873238769728114
1,purge,1870.0,100.05326674564294,10.836704044690723,0.10830934758222308,36.55701735103444,1.0,0.8490886669581017,1.042454433347905,-0.04885118679336942
1,purge,1872.0,100.05326527174155,10.834233258297035,0.10828465446751381,36.45933702012917,1.0,0.8466123005527539,1.0423306150276377,-0.04882914597143527
1,purge,1874.0,100.05326379858566,10.831763584809103,0.10825997247440339,36.36170075971922,1.0,0.8441370498682178,1.042206852493411,-0.048807116297174415
1,purge,1876.0,100.05326232617475,10.829295023665923,0.10823530159728627,36.26410854751585,1.0,0.8416629143416544,1.0420831457170827,-0.04878509776382661
1,purge,1878.0,100.05326085450834,10.826827574306492,0.10821064183055701,36.166560361243896,1.0,0.8391898934105638,1.0419594946705282,-0.04876309036463821
1,purge,1880.0,100.05325938358612,10.824361236170358,0.10818599316861544,36.06905617864174,1.0,0.8367179865127774,1.041835899325639,-0.048741094092868406
1,purge,1882.0,100.0532579134075,10.821896008697461,0.10816135560586564,35.971595977461305,1.0,0.8342471930864697,1.0417123596543234,-0.048719108941779755
1,purge,1884.0,100.0532564439721,10.819431891328,0.10813672913671403,35.87417973546798,1.0,0.8317775125701586,1.0415888756285079,-0.04869713490463593
1,purge,1886.0,100.0532549752795,10.81696888350254,0.10811211375557071,35.776807430440165,1.0,0.8293089444026885,1.0414654472201343,-0.04867517197470617
1,purge,1888.0,100.05325350732917,10.814506984661875,0.10808750945684822,35.67947904017065,1.0,0.8268414880232646,1.0413420744011632,-0.04865322014526659
1,purge,1890.0,100.05325204012068,10.812046194247246,0.10806291623496345,35.58219454246433,1.0,0.8243751428713934,1.0412187571435696,-0.04863127940959975
1,purge,1892.0,100.05325057365364,10.809586511700259,0.10803833408433684,35.48495391514087,1.0,0.8219099083869555,1.0410954954193479,-0.048609349760992106
1,purge,1894.0,100.05324910792758,10.807127936462798,0.10801376299939182,35.387757136033244,1.0,0.8194457840101681,1.0409722892005084,-0.04858743119273373
1,purge,1896.0,100.05324764294201,10.80467046797703,0.1079892029745545,35.29060418298791,1.0,0.8169827691815856,1.0408491384590792,-0.04856552369812141
1,purge,1898.0,100.05324617869648,10.802214105685648,0.10796465400425632,35.19349503386376,1.0,0.8145208633420752,1.0407260431671037,-0.04854362727045663
1,purge,1900.0,100.05324471519053,10.799758849031516,0.10794011608293044,35.09642966653425,1.0,0.8120600659328732,1.0406030032966436,-0.04852174190304399
1,purge,1902.0,100.05324325242383,10.797304697457811,0.10791558920501304,34.99940805888511,1.0,0.8096003763955204,1.040480018819776,-0.04849986758919621
1,purge,1904.0,100.05324179039583,10.794851650408129,0.10789107336494452,34.90243018881565,1.0,0.8071417941718987,1.040357089708595,-0.04847800432223209
1,purge,1906.0,100.05324032910612,10.792399707326403,0.10786656855716871,34.80549603423876,1.0,0.8046843187042347,1.0402342159352118,-0.048456152095471945
1,purge,1908.0,100.05323886855415,10.789948867656829,0.10784207477613214,34.70860557308072,1.0,0.8022279494350926,1.0401113974717546,-0.048434310902242164
1,purge,1910.0,100.05323740873968,10.787499130844013,0.10781759201628514,34.61175878328117,1.0,0.7997726858073709,1.0399886342903686,-0.048412480735874064
1,purge,1912.0,100.0532359496621,10.785050496332829,0.10779312027208104,34.514955642793055,1.0,0.7973185272643005,1.039865926363215,-0.04839066158970669
1,purge,1914.0,100.05323449132096,10.782602963568573,0.10776865953797726,34.418196129582626,1.0,0.7948654732494507,1.0397432736624725,-0.04836885345708093
1,purge,1916.0,100.05323303371597,10.780156531996772,0.10774420980843342,34.32148022162944,1.0,0.7924135232067245,1.0396206761603364,-0.04834705633134367
1,purge,1918.0,100.05323157684651,10.777711201063356,0.10771977107791332,34.22480789692639,1.0,0.789962676580358,1.039498133829018,-0.04832527020584856
1,purge,1920.0,100.05323012071224,10.775266970214574,0.10769534334088396,34.12817913347961,1.0,0.7875129328149238,1.0393756466407462,-0.04830349507395162
1,purge,1922.0,100.05322866531266,10.772823838896988,0.10767092659181528,34.03159390930857,1.0,0.7850642913553276,1.0392532145677664,-0.04828173092901577
1,purge,1924.0,100.05322721064736,10.77038180655753,0.10764652082518111,33.93505220244596,1.0,0.7826167516468105,1.0391308375823407,-0.048259977764407005
1,purge,1926.0,100.05322575671588,10.767940872643416,0.10762212603545808,33.83855399093777,1.0,0.7801703131349464,1.0390085156567472,-0.04823823557349717
1,purge,1928.0,100.05322430351784,10.765501036602227,0.10759774221712631,33.74209925284276,1.0,0.777724975265627,1.0388862487632813,-0.04821650434966611
1,purge,1930.0,100.05322285105271,10.763062297881852,0.10757336936466919,33.64568796623392,1.0,0.775280737485104,1.0387640368742554,-0.048194784086297314
1,purge,1932.0,100.05322139932007,10.760624655930558,0.10754900747257384,33.54932010919608,1.0,0.7728375992399342,1.0386418799619968,-0.04817307477677292
1,purge,1934.0,100.0532199483195,10.75818811019679,0.10752465653532908,33.452995659828666,1.0,0.7703955599770317,1.0385197779988518,-0.048151376414488564
1,purge,1936.0,100.05321849805046,10.755752660129602,0.10750031654742996,33.35671459624415,1.0,0.7679546191436394,1.038397730957182,-0.04812968899284427
1,purge,1938.0,100.05321704851272,10.753318305178185,0.10747598750337262,33.26047689656833,1.0,0.7655147761873443,1.0382757388093673,-0.048108012505238
1,purge,1940.0,100.0532155997057,10.750885044792055,0.1074516693976568,33.16428253893919,1.0,0.7630760305560313,1.0381538015278016,-0.048086346945079426
1,purge,1942.0,100.05321415162892,10.748452878421165,0.1074273622247864,33.06813150150908,1.0,0.7606383816979476,1.0380319190848974,-0.04806469230578243
1,purge,1944.0,100.05321270428202,10.746021805515747,0.10740306597926809,32.972023762442404,1.0,0.7582018290616489,1.0379100914530826,-0.04804304858076197
1,purge,1946.0,100.05321125766451,10.743591825526268,0.10737878065561099,32.875959299916964,1.0,0.7557663720960238,1.0377883186048011,-0.048021415763440656
1,purge,1948.0,100.05320981177601,10.74116293790363,0.10735450624832849,32.77993809212389,1.0,0.7533320102502948,1.0376666005125148,-0.04799979384724781
1,purge,1950.0,100.05320836661605,10.738735142099111,0.10733024275193775,32.68396011726753,1.0,0.7508987429740224,1.037544937148701,-0.04797818282561321
1,purge,1952.0,100.05320692218413,10.736308437564132,0.10730599016095745,32.58802535356536,1.0,0.7484665697170919,1.0374233284858545,-0.04795658269197542
1,purge,1954.0,100.05320547847994,10.733882823750621,0.10728174846991115,32.49213377924793,1.0,0.7460354899297172,1.0373017744964859,-0.04793499343977905
1,purge,1956.0,100.05320403550293,10.731458300110809,0.10725751767332561,32.396285372558914,1.0,0.7436055030624472,1.0371802751531223,-0.04791341506246944
1,purge,1958.0,100.05320259325273,10.729034866097173,0.10723329776572993,32.30048011175509,1.0,0.7411766085661594,1.037058830428308,-0.04789184755349747
1,purge,1960.0,100.05320115172884,10.726612521162538,0.10720908874165681,32.20471797510632,1.0,0.7387488058920566,1.0369374402946028,-0.0478702909063222
1,purge,1962.0,100.0531997109309,10.724191264760144,0.10718489059564293,32.108998940895546,1.0,0.7363220944916727,1.0368161047245836,-0.04784874511440618
1,purge,1964.0,100.05319827085843,10.721771096343481,0.10716070332222769,32.013322987418796,1.0,0.7338964738168734,1.0366948236908438,-0.04782721017121474
1,purge,1966.0,100.05319683151096,10.719352015366335,0.10713652691595317,31.91769009298515,1.0,0.7314719433198481,1.0365735971659924,-0.04780568607022146
1,purge,1968.0,100.0531953928881,10.71693402128293,0.1071123613713661,31.82210023591671,1.0,0.7290485024531169,1.036452425122656,-0.04778417280490302
1,purge,1970.0,100.05319395498941,10.71451711354777,0.10708820668301575,31.726553394548233,1.0,0.7266261506695179,1.036331307533476,-0.04776267036874069
1,purge,1972.0,100.05319251781444,10.712101291615541,0.10706406284545347,31.631049547228415,1.0,0.7242048874222379,1.0362102443711119,-0.04774117875522267
1,purge,1974.0,100.05319108136283,10.709686554941488,0.10703992985323597,31.535588672317633,1.0,0.7217847121647594,1.036089235608238,-0.047719697957840375
1,purge,1976.0,100.05318964563395,10.70727290298107,0.10701580770092227,31.44017074819063,1.0,0.7193656243509283,1.0359682812175464,-0.04769822797008851
1,purge,1978.0,100.05318821062755,10.704860335190016,0.10699169638307394,31.34479575323498,1.0,0.7169476234349107,1.0358473811717455,-0.04767676878546932
1,purge,1980.0,100.05318677634314,10.702448851024503,0.10696759589425714,31.249463665850953,1.0,0.714530708871188,1.0357265354435594,-0.04765532039749242
1,purge,1982.0,100.0531853427803,10.700038449941028,0.10694350622904109,31.154174464451653,1.0,0.7121148801145717,1.0356057440057287,-0.04763388279966716
1,purge,1984.0,100.05318390993854,10.697629131396262,0.10691942738199696,31.05892812746322,1.0,0.7097001366202004,1.03548500683101,-0.047612455985508124
1,purge,1986.0,100.0531824778175,10.695220894847306,0.10689535934770004,30.963724633324816,1.0,0.7072864778435348,1.0353643238921768,-0.04759103994853917
1,purge,1988.0,100.05318104641671,10.69281373975167,0.10687130212072973,30.868563960488565,1.0,0.7048739032403666,1.0352436951620183,-0.04756963468228535
1,purge,1990.0,100.05317961573576,10.690407665567005,0.1068472556956669,30.773446087419508,1.0,0.7024624122668122,1.0351231206133407,-0.047548240180276605
1,purge,1992.0,100.05317818577416,10.688002671751379,0.10682322006709657,30.678370992595607,1.0,0.7000520043793091,1.0350026002189654,-0.04752685643605101
1,purge,1994.0,100.05317675653156,10.68559875776327,0.10679919522960778,30.583338654507756,1.0,0.697642679034624,1.0348821339517311,-0.04750548344314845
1,purge,1996.0,100.05317532800747,10.683195923061314,0.10677518117779129,30.488349051659767,1.0,0.6952344356898492,1.0347617217844927,-0.0474841211951129
1,purge,1998.0,100.05317390020146,10.680794167104532,0.10675117790624157,30.39340216256835,1.0,0.6928272738023976,1.03464136369012,-0.04746276968549687
1,purge,2000.0,100.05317247311311,10.678393489352333,0.10672718540955703,30.29849796576356,1.0,0.6904211928300199,1.0345210596415013,-0.04744142890785569
1,purge,2002.0,100.05317104674201,10.67599388926442,0.10670320368233904,30.203636439787434,1.0,0.6880161922307697,1.0344008096115385,-0.047420098855748334
1,purge,2004.0,100.05316962108776,10.673595366300777,0.10667923271919165,30.10881756319603,1.0,0.6856122714630515,1.0342806135731526,-0.04739877952274047
1,purge,2006.0,100.05316819614981,10.67119791992174,0.10665527251472266,30.01404131455714,1.0,0.683209429985565,1.0341604714992783,-0.04737747090240216
1,purge,2008.0,100.05316677192774,10.668801549587943,0.10663132306354269,29.919307672451605,1.0,0.6808076672573392,1.0340403833628669,-0.04735617298830749
1,purge,2010.0,100.0531653484213,10.666406254760355,0.10660738436026558,29.824616615473307,1.0,0.6784069827377305,1.0339203491368865,-0.047334885774036405
1,purge,2012.0,100.05316392562989,10.664012034900272,0.10658345639950871,29.729968122229053,1.0,0.6760073758864198,1.033800368794321,-0.04731360925317364
1,purge,2014.0,100.0531625035532,10.661618889469336,0.10655953917589271,29.635362171338464,1.0,0.6736088461634119,1.0336804423081707,-0.04729234341930797
1,purge,2016.0,100.05316108219071,10.659226817929492,0.10653563268404137,29.540798741433523,1.0,0.671211393029022,1.0335605696514512,-0.04727108826603333
1,purge,2018.0,100.053159661542,10.656835819742907,0.10651173691858064,29.44627781115994,1.0,0.6688150159439105,1.0334407507971954,-0.04724984378694862
1,purge,2020.0,100.05315824160672,10.65444589437222,0.10648785187414114,29.3517993591749,1.0,0.6664197143690256,1.0333209857184513,-0.04722860997565802
1,purge,2022.0,100.05315682238428,10.652057041280326,0.10646397754535623,29.257363364149697,1.0,0.6640254877656724,1.0332012743882837,-0.047207386825769505
1,purge,2024.0,100.05315540387443,10.649669259930446,0.10644011392686227,29.162969804768267,1.0,0.6616323355954723,1.0330816167797736,-0.04718617433089691
1,purge,2026.0,100.05315398607664,10.647282549786148,0.1064162610132992,29.06861865972699,1.0,0.6592402573203611,1.032962012866018,-0.047164972484658174
1,purge,2028.0,100.0531525689905,10.644896910311264,0.10639241879930968,28.974309907734874,1.0,0.6568492524025926,1.0328424626201296,-0.04714378128067517
1,purge,2030.0,100.05315115261565,10.64251234096996,0.10636858727953952,28.88004352751374,1.0,0.6544593203047403,1.032722966015237,-0.04712260071257739
1,purge,2032.0,100.05314973695157,10.640128841226787,0.10634476644863866,28.78581949779821,1.0,0.6520704604897021,1.032603523024485,-0.047101430773996575
1,purge,2034.0,100.05314832199794,10.63774641054652,0.10632095630125891,28.691637797335627,1.0,0.6496826724206968,1.032484133621035,-0.047080271458569065
1,purge,2036.0,100.05314690775418,10.635365048394284,0.10629715683205601,28.597498404886057,1.0,0.6472959555612602,1.032364797778063,-0.04705912275993816
1,purge,2038.0,100.05314549422002,10.632984754235594,0.10627336803568911,28.503401299222254,1.0,0.6449103093752493,1.0322455154687624,-0.04703798467175067
1,purge,2040.0,100.0531440813949,10.630605527536181,0.10624958990682,28.409346459129665,1.0,0.6425257333268427,1.032126286666342,-0.047016857187656025
1,purge,2042.0,100.05314266927854,10.628227367762097,0.10622582244011321,28.315333863406458,1.0,0.6401422268805325,1.0320071113440266,-0.046995740301313885
1,purge,2044.0,100.05314125787048,10.625850274379868,0.10620206563023836,28.221363490863467,1.0,0.637759789501135,1.0318879894750568,-0.046974634006383964
1,purge,2046.0,100.05313984717016,10.623474246856087,0.10617831947186566,28.127435320324633,1.0,0.6353784206537972,1.03176892103269,-0.04695353829653079
1,purge,2048.0,100.05313843717727,10.621099284657877,0.10615458395967056,28.033549330625693,1.0,0.6329981198039576,1.0316499059901978,-0.046932453165427
1,purge,2050.0,100.05313702789145,10.618725387252658,0.10613085908833138,27.939705500616146,1.0,0.6306188864174048,1.0315309443208702,-0.04691137860674715
1,purge,2052.0,100.0531356193121,10.616352554108015,0.10610714485252837,27.845903809157047,1.0,0.6282407199602178,1.0314120359980108,-0.04689031461417109
1,purge,2054.0,100.05313421143902,10.613980784691961,0.10608344124694566,27.752144235122238,1.0,0.6258636198987957,1.0312931809949397,-0.046869261181384035
1,purge,2056.0,100.05313280427167,10.611610078472834,0.10605974826627101,27.658426757398423,1.0,0.6234875856998626,1.0311743792849932,-0.04684821830207566
1,purge,2058.0,100.05313139780947,10.609240434919233,0.10603606590519474,27.564751354884983,1.0,0.6211126168304628,1.031055630841523,-0.04682718596993864
1,purge,2060.0,100.0531299920523,10.60687185350009,0.10601239415841009,27.471118006493892,1.0,0.6187387127579541,1.0309369356378977,-0.046806164178673705
1,purge,2062.0,100.05312858699958,10.604504333684732,0.10598873302061469,27.377526691149292,1.0,0.6163658729500001,1.0308182936475,-0.046785152921985686
1,purge,2064.0,100.05312718265078,10.602137874942686,0.1059650824865082,27.283977387788806,1.0,0.6139940968746099,1.0306997048437305,-0.04676415219358039
1,purge,2066.0,100.05312577900565,10.59977247674377,0.10594144255079277,27.190470075361322,1.0,0.6116233840000715,1.0305811692000038,-0.0467431619871707
1,purge,2068.0,100.05312437606383,10.597408138558253,0.10591781320817524,27.097004732829635,1.0,0.6092537337950179,1.0304626866897508,-0.04672218229647874
1,purge,2070.0,100.05312297382467,10.595044859856756,0.10589419445336626,27.003581339168917,1.0,0.6068851457284034,1.03034425728642,-0.04670121311522378
1,purge,2072.0,100.0531215722879,10.592682640109922,0.10587058628107629,26.910199873367016,1.0,0.6045176192694978,1.0302258809634748,-0.04668025443713212
1,purge,2074.0,100.05312017145314,10.590321478789052,0.1058469886860225,26.816860314423373,1.0,0.6021511538878578,1.030107557694393,-0.04665930625593836
1,purge,2076.0,100.05311877131986,10.587961375365614,0.10582340166292392,26.72356264135107,1.0,0.5997857490533873,1.0299892874526693,-0.046638368565379236
1,purge,2078.0,100.05311737188768,10.585602329311344,0.105799825206502,26.63030683317467,1.0,0.5974214042362815,1.0298710702118141,-0.04661744135919384
1,purge,2080.0,100.05311597315618,10.58324434009829,0.10577625931148142,26.537092868931474,1.0,0.5950581189070504,1.0297529059453525,-0.046596524631130176
1,purge,2082.0,100.05311457512498,10.580887407198926,0.10575270397259103,26.44392072767144,1.0,0.5926958925365261,1.0296347946268263,-0.04657561837493845
1,purge,2084.0,100.05311317779363,10.578531530085947,0.10572915918456205,26.350790388457106,1.0,0.5903347245958587,1.0295167362297932,-0.04655472258437235
1,purge,2086.0,100.05311178116173,10.576176708232332,0.10570562494212844,26.257701830363484,1.0,0.5879746145565073,1.0293987307278254,-0.046533837253193926
1,purge,2088.0,100.05311038522878,10.57382294111153,0.10568210124002886,26.164655032477604,1.0,0.5856155618902366,1.029280778094512,-0.046512962375167624
1,purge,2090.0,100.05310898999448,10.571470228197093,0.10565858807300292,26.071649973899884,1.0,0.5832575660691482,1.0291628783034574,-0.04649209794406198
1,purge,2092.0,100.05310759545836,10.569118568962981,0.1056350854357945,25.978686633741894,1.0,0.5809006265656227,1.029045031328281,-0.04647124395365215
1,purge,2094.0,100.05310620162003,10.566767962883576,0.10561159332315144,25.885764991128955,1.0,0.5785447428523889,1.0289272371426195,-0.04645040039771575
1,purge,2096.0,100.05310480847896,10.564418409433388,0.10558811172982321,25.79288502519866,1.0,0.5761899144024843,1.0288094957201241,-0.04642956727003542
1,purge,2098.0,100.05310341603493,10.562069908087347,0.10556464065056301,25.700046715100747,1.0,0.5738361406892482,1.0286918070344624,-0.046408744564401375
1,purge,2100.0,100.05310202428745,10.559722458320692,0.10554118008012751,25.607250039997236,1.0,0.5714834211863312,1.0285741710593166,-0.04638793227460633
1,purge,2102.0,100.05310063323599,10.557376059608956,0.10551773001327629,25.51449497906261,1.0,0.5691317553677021,1.028456587768385,-0.046367130394444594
1,purge,2104.0,100.05309924288021,10.5550307114279,0.10549429044477097,25.421781511483818,1.0,0.5667811427076375,1.0283390571353819,-0.04634633891771911
1,purge,2106.0,100.05309785321977,10.55268641325375,0.10547086136937793,25.329109616460215,1.0,0.5644315826807256,1.0282215791340363,-0.04632555783823834
1,purge,2108.0,100.05309646425424,10.550343164562964,0.10544744278186596,25.236479273203493,1.0,0.5620830747618696,1.0281041537380937,-0.0463047871498115
1,purge,2110.0,100.05309507598312,10.548000964832251,0.1054240346770063,25.143890460937726,1.0,0.5597356184262815,1.0279867809213141,-0.04628402684625499
1,purge,2112.0,100.05309368840598,10.545659813538737,0.10540063704957436,25.05134315889935,1.0,0.5573892131494845,1.0278694606574743,-0.0462632769213891
1,purge,2114.0,100.05309230152247,10.543319710159823,0.10537724989434824,24.958837346337155,1.0,0.5550438584073152,1.0277521929203657,-0.0462425373690373
1,purge,2116.0,100.05309091533225,10.540980654173136,0.10535387320610827,24.866373002512297,1.0,0.5526995536759164,1.0276349776837959,-0.0462218081830311
1,purge,2118.0,100.05308952983479,10.53864264505678,0.10533050697963972,24.773950106698244,1.0,0.5503562984317449,1.0275178149215873,-0.04620108935720384
1,purge,2120.0,100.05308814502968,10.536305682288994,0.1053071512097291,24.6815686381808,1.0,0.5480140921515677,1.0274007046075784,-0.04618038088539315
1,purge,2122.0,100.05308676091659,10.533969765348399,0.10528380589116665,24.589228576258094,1.0,0.5456729343124569,1.0272836467156228,-0.04615968276144542
1,purge,2124.0,100.0530853774951,10.531634893714028,0.10526047101874687,24.49692990024055,1.0,0.5433328243918,1.02716664121959,-0.04613899497920693
1,purge,2126.0,100.0530839947647,10.529301066865019,0.10523714658726527,24.404672589450893,1.0,0.5409937618672939,1.0270496880933646,-0.04611831753252865
1,purge,2128.0,100.05308261272509,10.526968284280912,0.10521383259152134,24.312456623224573,1.0,0.5386557462169516,1.0269327873108476,-0.0460976504152692
1,purge,2130.0,100.05308123137583,10.52463654544168,0.1051905290263189,24.220281980908453,1.0,0.5363187769190759,1.026815938845954,-0.0460769936212898
1,purge,2132.0,100.05307985071644,10.52230584982743,0.10516723588646316,24.128148641862776,1.0,0.5339828534523061,1.0266991426726153,-0.04605634714445665
1,purge,2134.0,100.05307847074656,10.519976196918634,0.10514395316676296,24.03605658545895,1.0,0.5316479752955635,1.0265823987647782,-0.04603571097863943
1,purge,2136.0,100.05307709146582,10.517647586196032,0.10512068086202968,23.944005791080837,1.0,0.5293141419280782,1.0264657070964038,-0.04601508511771566
1,purge,2138.0,100.05307571287379,10.515320017140768,0.10509741896707894,23.85199623812473,1.0,0.526981352829396,1.0263490676414697,-0.04599446955556573
1,purge,2140.0,100.05307433497002,10.512993489234242,0.10507416747672887,23.760027905999227,1.0,0.5246496074793779,1.0262324803739689,-0.045973864286069685
1,purge,2142.0,100.05307295775415,10.510668001958049,0.10505092638579942,23.66810077412516,1.0,0.5223189053581833,1.0261159452679092,-0.045953269303120214
1,purge,2144.0,100.05307158122571,10.508343554794308,0.10502769568911594,23.576214821935533,1.0,0.519989245946281,1.025999462297314,-0.04593268460061141
1,purge,2146.0,100.05307020538432,10.506020147225332,0.10500447538150562,23.484370028875574,1.0,0.5176606287244536,1.0258830314362226,-0.045912110172437605
1,purge,2148.0,100.0530688302296,10.503697778733654,0.10498126545779785,23.392566374402712,1.0,0.5153330531737843,1.0257666526586893,-0.0458915460125024
1,purge,2150.0,100.05306745576111,10.501376448802246,0.10495806591282646,23.30080383798655,1.0,0.5130065187756614,1.025650325938783,-0.04587099211471507
1,purge,2152.0,100.05306608197856,10.499056156914397,0.10493487674142829,23.209082399108475,1.0,0.5106810250117731,1.0255340512505886,-0.04585044847298637
1,purge,2154.0,100.05306470888134,10.496736902553522,0.10491169793844173,23.11740203726293,1.0,0.5083565713641365,1.0254178285682067,-0.04582991508123214
1,purge,2156.0,100.05306333646915,10.494418685203506,0.1048885294987096,23.02576273195526,1.0,0.5060331573150407,1.0253016578657521,-0.04580939193337344
1,purge,2158.0,100.05306196474162,10.49210150434853,0.10486537141707782,22.93416446270422,1.0,0.5037107823471157,1.0251855391173559,-0.04578887902333411
1,purge,2160.0,100.05306059369826,10.489785359472979,0.10484222368839426,22.842607209040562,1.0,0.5013894459432892,1.0250694722971645,-0.04576837634504569
1,purge,2162.0,100.0530592233388,10.487470250061712,0.10481908630751151,22.751090950506878,1.0,0.49906914758679,1.0249534573793395,-0.045747883892441374
1,purge,2164.0,100.05305785366265,10.485156175599693,0.10479595926928346,22.659615666657782,1.0,0.49674988676114934,1.0248374943380574,-0.04572740165945914
1,purge,2166.0,100.0530564846695,10.482843135572296,0.10477284256856778,22.568181337060043,1.0,0.4944316629502016,1.02472158314751,-0.04570692964004361
1,purge,2168.0,100.05305511635896,10.480531129465243,0.10474973620022573,22.476787941292592,1.0,0.49211447563808963,1.0246057237819044,-0.04568646782814186
1,purge,2170.0,100.0530537487306,10.478220156764458,0.10472664015912055,22.385435458946475,1.0,0.48979832430926157,1.024489916215463,-0.045666016217705475
1,purge,2172.0,100.05305238178398,10.475910216956198,0.10470355444011899,22.294123869624812,1.0,0.487483208448467,1.0243741604224232,-0.045645574802692
1,purge,2174.0,100.05305101551883,10.473601309527092,0.10468047903809123,22.20285315294279,1.0,0.4851691275407609,1.024258456377038,-0.04562514357706226
1,purge,2176.0,100.0530496499347,10.471293433963977,0.1046574139479097,22.111623288527667,1.0,0.4828560810715024,1.0241428040535752,-0.04560472253478145
1,purge,2178.0,100.05304828503098,10.468986589754024,0.10463435916445034,22.020434256018785,1.0,0.48054406852635323,1.0240272034263176,-0.045584311669820125
1,purge,2180.0,100.05304692080752,10.46668077638476,0.1046113146825922,21.929286035067523,1.0,0.47823308939127956,1.0239116544695641,-0.04556391097615234
1,purge,2182.0,100.05304555726384,10.46437599334392,0.10458828049721676,21.838178605337323,1.0,0.47592314315254997,1.0237961571576277,-0.045543520447757446
1,purge,2184.0,100.05304419439948,10.462072240119612,0.10456525660320921,21.747111946503654,1.0,0.47361422929673586,1.0236807114648367,-0.04552314007861906
1,purge,2186.0,100.05304283221413,10.459769516200245,0.10454224299545747,21.656086038254017,1.0,0.47130634731071225,1.0235653173655357,-0.0455027698627247
1,purge,2188.0,100.05304147070734,10.45746782107447,0.1045192396688522,21.56510086028793,1.0,0.4689994966816562,1.0234499748340828,-0.04548240979406674
1,purge,2190.0,100.05304010987867,10.45516715423129,0.10449624661828748,21.474156392316925,1.0,0.46669367689704666,1.0233346838448523,-0.04546205986664203
1,purge,2192.0,100.05303874972782,10.452867515160008,0.10447326383866022,21.383252614064535,1.0,0.46438888744466467,1.0232194443722333,-0.04544172007445222
1,purge,2194.0,100.0530373902542,10.450568903350202,0.10445029132487038,21.292389505266286,1.0,0.4620851278125942,1.0231042563906296,-0.04542139041150225
1,purge,2196.0,100.0530360314577,10.448271318291768,0.10442732907182072,21.20156704566969,1.0,0.45978239748921956,1.022989119874461,-0.04540107087180249
1,purge,2198.0,100.05303467333762,10.445974759474902,0.10440437707441744,21.11078521503423,1.0,0.457480695963227,1.0228740347981613,-0.04538076144936755
1,purge,2200.0,100.0530333158938,10.443679226390097,0.10438143532756922,21.020043993131363,1.0,0.45518002272360364,1.0227590011361802,-0.045360462138216366
1,purge,2202.0,100.05303195912569,10.44138471852814,0.10435850382618811,20.929343359744493,1.0,0.45288037725963737,1.022644018862982,-0.045340172932372635
1,purge,2204.0,100.05303060303294,10.439091235380129,0.10433558256518904,20.838683294668982,1.0,0.4505817590609175,1.022529087953046,-0.045319893825863926
1,purge,2206.0,100.05302924761516,10.43679877643745,0.10431267153948982,20.748063777712122,1.0,0.448284167617334,1.0224142083808667,-0.04529962481272194
1,purge,2208.0,100.05302789287192,10.434507341191788,0.10428977074401137,20.657484788693154,1.0,0.4459876024190758,1.022299380120954,-0.0452793658869839
1,purge,2210.0,100.05302653880284,10.43221692913515,0.1042668801736777,20.566946307443224,1.0,0.44369206295663294,1.0221846031478317,-0.04525911704269076
1,purge,2212.0,100.05302518540755,10.42992753975981,0.10424399982341549,20.476448313805395,1.0,0.44139754872079523,1.0220698774360397,-0.04523887827388762
1,purge,2214.0,100.05302383268561,10.427639172558358,0.10422112968815468,20.385990787634643,1.0,0.4391040592026516,1.0219552029601326,-0.04521864957462458
1,purge,2216.0,100.05302248063656,10.425351827023679,0.10419826976282816,20.295573708797832,1.0,0.43681159389359087,1.0218405796946795,-0.045198430938955696
1,purge,2218.0,100.05302112926022,10.423065502648962,0.10417542004237158,20.205197057173717,1.0,0.43452015228530083,1.0217260076142651,-0.04517822236093964
1,purge,2220.0,100.053019778556,10.420780198927684,0.10415258052172385,20.11486081265293,1.0,0.43222973386976815,1.0216114866934884,-0.045158023834639315
1,purge,2222.0,100.05301842852354,10.418495915353619,0.10412975119582667,20.02456495513797,1.0,0.42994033813927823,1.021497016906964,-0.045137835354122316
1,purge,2224.0,100.05301707916247,10.416212651420848,0.1041069320596248,19.9343094645432,1.0,0.42765196458641547,1.0213825982293208,-0.04511765691345989
1,purge,2226.0,100.0530157304724,10.41393040662374,0.10408412310806585,19.84409432079484,1.0,0.425364612704062,1.021268230635203,-0.04509748850672839
1,purge,2228.0,100.05301438245297,10.411649180456969,0.10406132433610055,19.753919503830943,1.0,0.4230782819853977,1.02115391409927,-0.0450773301280086
1,purge,2230.0,100.0530130351036,10.40936897241551,0.10403853573868267,19.663784993601404,1.0,0.4207929719239012,1.021039648596195,-0.04505718177138511
1,purge,2232.0,100.05301168842414,10.407089781994618,0.10401575731076856,19.573690770067945,1.0,0.41850868201334895,1.0209254341006675,-0.04503704343094666
1,purge,2234.0,100.05301034241397,10.404811608689831,0.10399298904731781,19.483636813204097,1.0,0.41622541174781363,1.0208112705873906,-0.04501691510078727
1,purge,2236.0,100.05300899707292,10.40253445199705,0.10397023094329308,19.393623102995207,1.0,0.41394316062166553,1.0206971580310833,-0.04499679677500502
1,purge,2238.0,100.05300765240044,10.4002583114124,0.1039474829936597,19.30364961943842,1.0,0.41166192812957275,1.0205830964064786,-0.04497668844770168
1,purge,2240.0,100.05300630839616,10.397983186432318,0.10392474519338606,19.213716342542675,1.0,0.4093817137664993,1.020469085688325,-0.044956590112984016
1,purge,2242.0,100.05300496505976,10.395709076553576,0.10390201753744367,19.123823252328688,1.0,0.40710251702770583,1.0203551258513852,-0.04493650176496316
1,purge,2244.0,100.0530036223907,10.393435981273198,0.10387930002080682,19.033970328828946,1.0,0.40482433740874973,1.0202412168704376,-0.04491642339775411
1,purge,2246.0,100.05300228038881,10.391163900088513,0.10385659263845264,18.944157552087713,1.0,0.40254717440548443,1.0201273587202742,-0.044896355005476375
1,purge,2248.0,100.05300093905349,10.388892832497142,0.10383389538536136,18.854384902161,1.0,0.4002710275140587,1.020013551375703,-0.04487629658225421
1,purge,2250.0,100.05299959838442,10.386622777997033,0.10381120825651638,18.76465235911657,1.0,0.3979958962309173,1.0198997948115458,-0.04485624812221589
1,purge,2252.0,100.05299825838118,10.384353736086393,0.10378853124690367,18.674959903033923,1.0,0.39572178005280134,1.01978608900264,-0.04483620961949339
1,purge,2254.0,100.05299691904342,10.382085706263709,0.10376586435151201,18.585307514004292,1.0,0.39344867847674586,1.0196724339238372,-0.044816181068224055
1,purge,2256.0,100.05299558037079,10.379818688027823,0.1037432075653337,18.49569517213063,1.0,0.3911765910000814,1.019558829550004,-0.04479616246254909
1,purge,2258.0,100.05299424236286,10.377552680877816,0.1037205608833635,18.406122857527603,1.0,0.3889055171204338,1.0194452758560217,-0.044776153796613614
1,purge,2260.0,100.05299290501911,10.375287684313072,0.10369792430059929,18.316590550321582,1.0,0.38663545633572277,1.019331772816786,-0.044756155064567836
1,purge,2262.0,100.0529915683394,10.373023697833297,0.10367529781204185,18.227098230650633,1.0,0.3843664081441627,1.019218320407208,-0.04473616626056573
1,purge,2264.0,100.05299023232314,10.37076072093846,0.10365268141269486,18.137645878664514,1.0,0.3820983720442625,1.0191049186022132,-0.04471618737876547
1,purge,2266.0,100.05298889696996,10.368498753128824,0.1036300750975649,18.048233474524658,1.0,0.3798313475348244,1.0189915673767411,-0.04469621841333014
1,purge,2268.0,100.0529875622796,10.366237793904972,0.10360747886166156,17.95886099840417,1.0,0.3775653341149447,1.0188782667057472,-0.0446762593584265
1,purge,2270.0,100.05298622825154,10.363977842767746,0.10358489269999732,17.869528430487815,1.0,0.375300331284014,1.0187650165642006,-0.044656310208225324
1,purge,2272.0,100.0529848948854,10.361718899218294,0.10356231660758752,17.780235750972015,1.0,0.37303633854171436,1.018651816927086,-0.04463637095690304
1,purge,2274.0,100.05298356218086,10.35946096275808,0.10353975057945063,17.69098294006483,1.0,0.37077335538802253,1.018538667769401,-0.044616441598639
1,purge,2276.0,100.05298223013754,10.357204032888811,0.10351719461060757,17.60176997798596,1.0,0.36851138132320804,1.0184255690661603,-0.04459652212761691
1,purge,2278.0,100.05298089875494,10.354948109112515,0.10349464869608269,17.51259684496674,1.0,0.3662504158478319,1.0183125207923915,-0.044576612538025834
1,purge,2280.0,100.05297956803273,10.352693190931527,0.10347211283090312,17.423463521250106,1.0,0.36399045846274913,1.0181995229231375,-0.04455671282405778
1,purge,2282.0,100.05297823797058,10.35043927784843,0.10344958701009853,17.334369987090625,1.0,0.3617315086691059,1.0180865754334554,-0.04453682297990984
1,purge,2284.0,100.05297690856807,10.348186369366138,0.10342707122870193,17.24531622275445,1.0,0.3594735659683404,1.017973678298417,-0.044516942999783454
1,purge,2286.0,100.05297557982468,10.345934464987838,0.10340456548174924,17.15630220851934,1.0,0.3572166298621838,1.0178608314931092,-0.04449707287788339
1,purge,2288.0,100.05297425174022,10.343683564217002,0.10338206976427886,17.067327924674625,1.0,0.3549606998526577,1.0177480349926329,-0.044477212608419504
1,purge,2290.0,100.05297292431428,10.341433666557409,0.10335958407133243,16.978393351521227,1.0,0.35270577544207504,1.0176352887721039,-0.04445736218560592
1,purge,2292.0,100.05297159754629,10.339184771513114,0.1033371083979546,16.889498469371624,1.0,0.3504518561330406,1.017522592806652,-0.04443752160366077
1,purge,2294.0,100.05297027143605,10.33693687858847,0.10331464273919255,16.800643258549854,1.0,0.3481989414284505,1.0174099470714228,-0.04441769085680565
1,purge,2296.0,100.0529689459831,10.334689987288105,0.10329218709009652,16.71182769939152,1.0,0.3459470308314905,1.0172973515415746,-0.044397869939267774
1,purge,2298.0,100.05296762118708,10.332444097116966,0.10326974144571983,16.62305177224375,1.0,0.3436961238456373,1.017184806192282,-0.04437805884527781
1,purge,2300.0,100.05296629704756,10.330199207580257,0.10324730580111835,16.534315457465215,1.0,0.341446219974658,1.017072310998733,-0.04435825756907103
1,purge,2302.0,100.05296497356419,10.327955318183493,0.1032248801513511,16.445618735426116,1.0,0.3391973187226104,1.0169598659361305,-0.0443384661048862
1,purge,2304.0,100.05296365073663,10.325712428432466,0.10320246449147981,16.35696158650816,1.0,0.3369494195938412,1.016847470979692,-0.044318684446966995
1,purge,2306.0,100.05296232856438,10.323470537833261,0.10318005881656925,16.26834399110457,1.0,0.3347025220929872,1.0167351261046496,-0.04429891258956131
1,purge,2308.0,100.05296100704717,10.321229645892265,0.10315766312168707,16.179765929620068,1.0,0.33245662572497514,1.0166228312862489,-0.04427915052692069
1,purge,2310.0,100.05295968618458,10.318989752116114,0.10313527740190348,16.09122738247087,1.0,0.3302117299950208,1.016510586499751,-0.04425939825330113
1,purge,2312.0,100.05295836597615,10.316750856011769,0.10311290165229205,16.002728330084675,1.0,0.3279678344086282,1.0163983917204313,-0.044239655762963515
1,purge,2314.0,100.05295704642158,10.314512957086484,0.10309053586792899,15.914268752900652,1.0,0.3257249384715914,1.0162862469235796,-0.04421992305017172
1,purge,2316.0,100.05295572752046,10.312276054847759,0.10306818004389322,15.825848631369443,1.0,0.3234830416899927,1.0161741520844996,-0.044200200109194496
1,purge,2318.0,100.05295440927243,10.310040148803411,0.10304583417526675,15.737467945953146,1.0,0.32124214357020214,1.01606210717851,-0.04418048693430523
1,purge,2320.0,100.05295309167713,10.307805238461562,0.10302349825713454,15.64912667712531,1.0,0.31900224361887913,1.015950112180944,-0.04416078351978043
1,purge,2322.0,100.0529517747341,10.305571323330572,0.1030011722845841,15.560824805370924,1.0,0.3167633413429707,1.0158381670671486,-0.04414108985990133
1,purge,2324.0,100.05295045844292,10.303338402919113,0.10297885625270604,15.472562311186413,1.0,0.3145254362497109,1.0157262718124855,-0.04412140594895372
1,purge,2326.0,100.0529491428034,10.301106476736173,0.10295655015659386,15.384339175079626,1.0,0.3122885278466225,1.0156144263923312,-0.04410173178122698
1,purge,2328.0,100.05294782781502,10.298875544290972,0.10293425399134372,15.296155377569827,1.0,0.31005261564151504,1.0155026307820758,-0.044082067351014755
1,purge,2330.0,100.05294651347741,10.296645605093051,0.1029119677520548,15.208010899187693,1.0,0.30781769914248547,1.0153908849571243,-0.04406241265261516
1,purge,2332.0,100.05294519979017,10.294416658652235,0.1028896914338292,15.11990572047529,1.0,0.30558377785791757,1.0152791888928958,-0.04404276768033005
1,purge,2334.0,100.052943886753,10.29218870447861,0.10286742503177156,15.031839821986086,1.0,0.3033508512964818,1.015167542564824,-0.044023132428465846
1,purge,2336.0,100.05294257436545,10.289961742082584,0.10284516854098975,14.943813184284934,1.0,0.3011189189671353,1.015055945948357,-0.044003506891333144
1,purge,2338.0,100.05294126262712,10.287735770974818,0.10282292195659426,14.855825787948055,1.0,0.2988879803791218,1.0149443990189562,-0.043983891063246086
1,purge,2340.0,100.05293995153765,10.285510790666274,0.10280068527369847,14.767877613563039,1.0,0.29665803504197075,1.0148329017520985,-0.04396428493852354
1,purge,2342.0,100.05293864109679,10.283286800668215,0.10277845848741868,14.679968641728836,1.0,0.29442908246549787,1.014721454123275,-0.043944688511488326
1,purge,2344.0,100.05293733130398,10.281063800492142,0.10275624159287389,14.592098853055742,1.0,0.29220112215980437,1.0146100561079903,-0.04392510177646739
1,purge,2346.0,100.05293602215892,10.278841789649887,0.1027340345851861,14.5042682281654,1.0,0.28997415363527673,1.0144987076817638,-0.04390552472779207
1,purge,2348.0,100.05293471366123,10.276620767653556,0.10271183745948018,14.416476747690783,1.0,0.2877481764025876,1.0143874088201295,-0.04388595735979729
1,purge,2350.0,100.0529334058105,10.2744007340155,0.10268965021088351,14.328724392276195,1.0,0.2855231899726942,1.0142761594986347,-0.04386639966682238
1,purge,2352.0,100.05293209860639,10.272181688248406,0.10266747283452657,14.24101114257725,1.0,0.2832991938568378,1.014164959692842,-0.04384685164321149
1,purge,2354.0,100.05293079204853,10.269963629865234,0.10264530532554289,14.153336979260876,1.0,0.2810761875665458,1.0140538093783273,-0.04382731328331176
1,purge,2356.0,100.05292948613652,10.267746558379201,0.10262314767906835,14.065701883005294,1.0,0.2788541706136297,1.0139427085306818,-0.0438077845814747
1,purge,2358.0,100.05292818086993,10.265530473303814,0.1026009998902419,13.97810583450003,1.0,0.27663314251018467,1.0138316571255093,-0.043788265532056496
1,purge,2360.0,100.05292687624845,10.263315374152906,0.10257886195420549,13.89054881444588,1.0,0.27441310276859054,1.0137206551384295,-0.04376875612941695
1,purge,2362.0,100.05292557227173,10.26110126044053,0.10255673386610346,13.803030803554933,1.0,0.2721940509015109,1.0136097025450757,-0.04374925636792015
1,purge,2364.0,100.05292426893928,10.258888131681049,0.10253461562108333,13.715551782550527,1.0,0.2699759864218923,1.0134987993210947,-0.04372976624193454
1,purge,2366.0,100.05292296625083,10.256675987389135,0.10251250721429546,13.628111732167271,1.0,0.267758908842966,1.0133879454421484,-0.04371028574583193
1,purge,2368.0,100.052921664206,10.2544648270797,0.1024904086408927,13.540710633151024,1.0,0.2655428176782454,1.0132771408839123,-0.04369081487398904
1,purge,2370.0,100.05292036280436,10.252254650267961,0.10246831989603111,13.453348466258886,1.0,0.2633277124415276,1.0131663856220765,-0.043671353620786196
1,purge,2372.0,100.05291906204556,10.25004545646941,0.10244624097486926,13.366025212259196,1.0,0.2611135926468925,1.0130556796323447,-0.04365190198060775
1,purge,2374.0,100.05291776192922,10.247837245199817,0.10242417187256868,13.278740851931511,1.0,0.2589004578087019,1.012945022890435,-0.043632459947842726
1,purge,2376.0,100.05291646245496,10.245630015975248,0.10240211258429374,13.191495366066617,1.0,0.256688307441601,1.01283441537208,-0.043613027516883576
1,purge,2378.0,100.05291516362237,10.243423768312036,0.10238006310521154,13.104288735466508,1.0,0.25447714106051694,1.012723857053026,-0.04359360468212691
1,purge,2380.0,100.05291386543121,10.241218501726795,0.1023580234304919,13.017120940944373,1.0,0.2522669581806585,1.012613347909033,-0.04357419143797385
1,purge,2382.0,100.05291256788098,10.239014215736436,0.1023359935553077,12.929991963324603,1.0,0.2500577583175163,1.0125028879158757,-0.04355478777882936
1,purge,2384.0,100.05291127097135,10.236810909858127,0.10231397347483445,12.842901783442775,1.0,0.24784954098686324,1.012392477049343,-0.04353539369910217
1,purge,2386.0,100.0529099747019,10.234608583609333,0.10229196318425046,12.755850382145642,1.0,0.24564230570475296,1.0122821152852377,-0.04351600919320552
1,purge,2388.0,100.05290867907226,10.232407236507797,0.10226996267873693,12.668837740291123,1.0,0.24343605198752072,1.012171802599376,-0.0434966342555563
1,purge,2390.0,100.05290738408215,10.230206868071535,0.10224797195347769,12.581863838748301,1.0,0.2412307793517824,1.012061538967589,-0.04347726888057577
1,purge,2392.0,100.05290608973117,10.22800747781885,0.10222599100365955,12.494928658397422,1.0,0.23902648731443477,1.0119513243657217,-0.043457913062689306
1,purge,2394.0,100.05290479601886,10.225809065268328,0.10220401982447205,12.408032180129863,1.0,0.2368231753926556,1.0118411587696328,-0.04343856679632589
1,purge,2396.0,100.05290350294491,10.223611629938814,0.10218205841110745,12.321174384848144,1.0,0.23462084310390274,1.011731042155195,-0.04341923007591874
1,purge,2398.0,100.05290221050902,10.22141517134946,0.10216010675876085,12.234355253465923,1.0,0.23241948996591388,1.0116209744982958,-0.043399902895905604
1,purge,2400.0,100.05290091871068,10.219219689019681,0.10213816486263026,12.147574766907963,1.0,0.23021911549670734,1.0115109557748354,-0.04338058525072755
1,purge,2402.0,100.05289962754954,10.217025182469166,0.10211623271791627,12.060832906110157,1.0,0.228019719214581,1.0114009859607294,-0.04336127713482995
1,purge,2404.0,100.05289833702523,10.214831651217889,0.10209431031982232,11.974129652019492,1.0,0.22582130063811207,1.0112910650319056,-0.04334197854266242
1,purge,2406.0,100.05289704713752,10.212639094786116,0.10207239766355469,11.88746498559405,1.0,0.2236238592861576,1.011181192964308,-0.04332268946867807
1,purge,2408.0,100.05289575788586,10.210447512694362,0.10205049474432235,11.800838887803014,1.0,0.22142739467785322,1.0110713697338927,-0.043303409907334764
1,purge,2410.0,100.05289446927002,10.208256904463457,0.10202860155733721,11.714251339626642,1.0,0.21923190633261408,1.0109615953166307,-0.04328413985309386
1,purge,2412.0,100.05289318128952,10.206067269614469,0.10200671809781373,11.62770232205626,1.0,0.21703739377013423,1.0108518696885067,-0.043264879300420514
1,purge,2414.0,100.05289189394408,10.20387860766877,0.10198484436096926,11.541191816094265,1.0,0.2148438565103854,1.0107421928255194,-0.043245628243784716
1,purge,2416.0,100.05289060723321,10.201690918148007,0.1019629803420241,11.454719802754113,1.0,0.21265129407361855,1.010632564703681,-0.04322638667765979
1,purge,2418.0,100.05288932115667,10.199504200574092,0.1019411260362009,11.3682862630603,1.0,0.2104597059803628,1.010522985299018,-0.04320715459652303
1,purge,2420.0,100.05288803571399,10.197318454469212,0.10191928143872538,11.281891178048372,1.0,0.2082690917514244,1.0104134545875711,-0.04318793199485641
1,purge,2422.0,100.05288675090492,10.195133679355873,0.10189744654482609,11.195534528764904,1.0,0.2060794509078885,1.0103039725453944,-0.04316871886714503
1,purge,2424.0,100.05288546672897,10.19294987475679,0.10187562134973405,11.109216296267494,1.0,0.20389078297111715,1.0101945391485558,-0.043149515207878505
1,purge,2426.0,100.05288418318581,10.190767040194999,0.10185380584868325,11.022936461624763,1.0,0.20170308746274976,1.0100851543731375,-0.04313032101155045
1,purge,2428.0,100.05288290027516,10.188585175193815,0.10183200003691044,10.936695005916334,1.0,0.19951636390470318,1.0099758181952352,-0.043111136272658224
1,purge,2430.0,100.0528816179965,10.186404279276804,0.10181020390965506,10.850491910232837,1.0,0.19733061181917122,1.0098665305909587,-0.04309196098570319
1,purge,2432.0,100.05288033634956,10.184224351967819,0.1017884174621593,10.764327155675891,1.0,0.19514583072862432,1.0097572915364312,-0.04307279514519086
1,purge,2434.0,100.05287905533392,10.182045392790988,0.1017666406896681,10.678200723358104,1.0,0.19296202015580954,1.0096481010077905,-0.04305363874563063
1,purge,2436.0,100.05287777494927,10.179867401270727,0.10174487358742926,10.592112594403057,1.0,0.19077917962375027,1.0095389589811876,-0.043034491781535934
1,purge,2438.0,100.05287649519524,10.177690376931713,0.10172311615069324,10.506062749945304,1.0,0.1885973086557463,1.0094298654327873,-0.043015354247423934
1,purge,2440.0,100.05287521607137,10.175514319298884,0.10170136837471316,10.420051171130357,1.0,0.18641640677537308,1.0093208203387687,-0.04299622613781613
1,purge,2442.0,100.05287393757743,10.173339227897493,0.1016796302547451,10.334077839114686,1.0,0.18423647350648198,1.009211823675324,-0.04297710744723776
1,purge,2444.0,100.052872659713,10.171165102253036,0.10165790178604767,10.248142735065699,1.0,0.18205750837320023,1.00910287541866,-0.042957998170217816
1,purge,2446.0,100.05287138247772,10.16899194189129,0.10163618296388233,10.16224584016175,1.0,0.17987951089993007,1.0089939755449966,-0.04293889830128956
1,purge,2448.0,100.05287010587115,10.166819746338303,0.1016144737835133,10.07638713559212,1.0,0.17770248061134888,1.0088851240305674,-0.04291980783499026
1,purge,2450.0,100.05286882989303,10.164648515120417,0.10159277424020752,9.990566602557008,1.0,0.17552641703240948,1.0087763208516205,-0.04290072676586078
1,purge,2452.0,100.05286755454286,10.16247824776421,0.10157108432923458,9.904784222267532,1.0,0.173351319688339,1.0086675659844169,-0.04288165508844622
1,purge,2454.0,100.05286627982044,10.160308943796581,0.10154940404586695,9.819039975945714,1.0,0.17117718810463944,1.008558859405232,-0.04286259279729549
1,purge,2456.0,100.05286500572532,10.158140602744664,0.10152773338537968,9.73333384482447,1.0,0.16900402180708732,1.0084502010903544,-0.0428435398869613
1,purge,2458.0,100.05286373225707,10.155973224135879,0.10150607234305069,9.647665810147616,1.0,0.16683182032173288,1.0083415910160867,-0.04282449635200069
1,purge,2460.0,100.05286245941556,10.153806807497935,0.10148442091416048,9.562035853169844,1.0,0.16466058317490087,1.0082330291587451,-0.042805462186974196
1,purge,2462.0,100.05286118720021,10.151641352358777,0.10146277909399237,9.47644395515672,1.0,0.1624903098931895,1.0081245154946596,-0.0427864373864466
1,purge,2464.0,100.05285991561061,10.149476858246652,0.10144114687783247,9.390890097384679,1.0,0.16032100000347083,1.0080160500001736,-0.04276742194498631
1,purge,2466.0,100.05285864464659,10.147313324690083,0.10141952426096945,9.305374261141013,1.0,0.1581526530328902,1.0079076326516445,-0.04274841585716592
1,purge,2468.0,100.05285737430769,10.145150751217841,0.10139791123869481,9.219896427723867,1.0,0.15598526850886602,1.0077992634254433,-0.04272941911756186
1,purge,2470.0,100.05285610459356,10.142989137358997,0.10137630780630277,9.134456578442233,1.0,0.15381884595909023,1.0076909422979545,-0.04271043172075426
1,purge,2472.0,100.0528548355038,10.140828482642853,0.10135471395909013,9.04905469461593,1.0,0.15165338491152713,1.0075826692455763,-0.042691453661327414
1,purge,2474.0,100.0528535670381,10.138668786599037,0.10133312969235662,8.963690757575607,1.0,0.14948888489441356,1.0074744442447208,-0.04267248493386957
1,purge,2476.0,100.05285229919612,10.136510048757417,0.10131155500140458,8.87836474866274,1.0,0.14732534543625944,1.0073662672718129,-0.04265352553297245
1,purge,2478.0,100.05285103197747,10.134352268648112,0.10128998988153885,8.793076649229612,1.0,0.1451627660658463,1.0072581383032924,-0.04263457545323211
1,purge,2480.0,100.05284976538168,10.132195445801552,0.10126843432806745,8.707826440639307,1.0,0.14300114631222777,1.0071500573156114,-0.04261563468924847
1,purge,2482.0,100.05284849940851,10.130039579748429,0.10124688833630073,8.62261410426571,1.0,0.14084048570472993,1.0070420242852365,-0.04259670323562485
1,purge,2484.0,100.05284723405768,10.127884670019673,0.1012253519015516,8.537439621493494,1.0,0.1386807837729497,1.0069340391886474,-0.042577781086969094
1,purge,2486.0,100.05284596932862,10.125730716146535,0.10120382501913634,8.45230297371811,1.0,0.13652204004675578,1.0068261020023377,-0.0425588682378927
1,purge,2488.0,100.05284470522113,10.12357771766051,0.10118230768437336,8.367204142345791,1.0,0.13436425405628863,1.0067182127028145,-0.04253996468301067
1,purge,2490.0,100.0528434417348,10.121425674093341,0.10116079989258375,8.282143108793525,1.0,0.132207425331959,1.006610371266598,-0.04252107041694246
1,purge,2492.0,100.05284217886923,10.119274584977084,0.10113930163909163,8.197119854489062,1.0,0.1300515534044488,1.0065025776702223,-0.042502185434311154
1,purge,2494.0,100.05284091662413,10.117124449844047,0.10111781291922367,8.112134360870902,1.0,0.12789663780471103,1.0063948318902356,-0.04248330972974343
1,purge,2496.0,100.05283965499912,10.114975268226786,0.10109633372830906,8.02718660938829,1.0,0.12574267806396858,1.0062871339031985,-0.042464443297870295
1,purge,2498.0,100.05283839399382,10.112827039658162,0.10107486406168,7.9422765815012,1.0,0.1235896737137149,1.0061794836856857,-0.042445586133326364
1,purge,2500.0,100.05283713360782,10.110679763671282,0.10105340391467116,7.8574042586803365,1.0,0.12143762428571356,1.0060718812142857,-0.042426738230750154
1,purge,2502.0,100.05283587384092,10.108533439799531,0.1010319532826199,7.772569622407124,1.0,0.11928652931199822,1.0059643264656,-0.04240789958478386
1,purge,2504.0,100.05283461469261,10.106388067576558,0.10101051216086634,7.6877726541736955,1.0,0.11713638832487201,1.0058568194162436,-0.042389070190073735
1,purge,2506.0,100.05283335616262,10.104243646536277,0.10098908054475322,7.603013335482891,1.0,0.11498720085690724,1.0057493600428453,-0.04237025004127016
1,purge,2508.0,100.05283209825056,10.102100176212895,0.10096765842962613,7.5182916478482404,1.0,0.11283896644094633,1.0056419483220473,-0.042351439133026664
1,purge,2510.0,100.05283084095599,10.099957656140846,0.1009462458108331,7.433607572793971,1.0,0.1106916846101005,1.005534584230505,-0.04233263746000101
1,purge,2512.0,100.05282958427873,10.09781608585487,0.10092484268372492,7.348961091854982,1.0,0.10854535489774962,1.0054272677448874,-0.04231384501685493
1,purge,2514.0,100.05282832821831,10.095675464889947,0.10090344904365513,7.264352186576854,1.0,0.10639997683754276,1.005319998841877,-0.04229506179825372
1,purge,2516.0,100.05282707277435,10.09353579278135,0.10088206488597991,7.179780838515824,1.0,0.1042555499633972,1.0052127774981698,-0.04227628779886666
1,purge,2518.0,100.05282581794658,10.091397069064602,0.10086069020605812,7.095247029238794,1.0,0.10211207380949883,1.0051056036904749,-0.042257523013366785
1,purge,2520.0,100.05282456373462,10.089259293275497,0.10083932499925118,7.010750740323313,1.0,0.09996954791030171,1.0049984773955152,-0.042238767436430916
1,purge,2522.0,100.05282331013802,10.087122464950088,0.1008179692609233,6.9262919533575715,1.0,0.0978279718005276,1.0048913985900263,-0.042220021062739886
1,purge,2524.0,100.05282205715656,10.08498658362471,0.10079662298644129,6.841870649940399,1.0,0.0956873450151666,1.0047843672507584,-0.04220128388697803
1,purge,2526.0,100.05282080478982,10.082851648835957,0.1007752861711747,6.757486811681247,1.0,0.09354766708947583,1.0046773833544738,-0.042182555903833775
1,purge,2528.0,100.05281955303745,10.080717660120703,0.10075395881049577,6.673140420200189,1.0,0.09140893755898007,1.004570446877949,-0.04216383710799932
1,purge,2530.0,100.05281830189907,10.078584617016052,0.10073264089977915,6.588831457127911,1.0,0.08927115595947159,1.0044635577979735,-0.04214512749417038
1,purge,2532.0,100.05281705137438,10.076452519059412,0.10071133243440242,6.504559904105703,1.0,0.08713432182700928,1.0043567160913507,-0.0421264270570468
1,purge,2534.0,100.05281580146293,10.074321365788439,0.10069003340974574,6.420325742785449,1.0,0.08499843469791897,1.004249921734896,-0.04210773579133219
1,purge,2536.0,100.05281455216448,10.072191156741066,0.10066874382119188,6.336128954829627,1.0,0.08286349410879341,1.0041431747054397,-0.04208905369173367
1,purge,2538.0,100.05281330347867,10.070061891455472,0.1006474636641262,6.251969521911295,1.0,0.08072949959649137,1.0040364749798245,-0.04207038075296263
1,purge,2540.0,100.05281205540507,10.067933569470119,0.1006261929339369,6.167847425714081,1.0,0.07859645069813827,1.003929822534907,-0.042051716969733775
1,purge,2542.0,100.0528108079433,10.065806190323729,0.10060493162601476,6.0837626479321845,1.0,0.07646434695112551,1.0038232173475563,-0.04203306233676578
1,purge,2544.0,100.0528095610932,10.063679753555292,0.10058367973575308,5.999715170270361,1.0,0.07433318789311023,1.0037166593946556,-0.04201441684878121
1,purge,2546.0,100.05280831485422,10.061554258704051,0.10056243725854794,5.915704974443919,1.0,0.0722029730620155,1.003610148653101,-0.04199578050050629
1,purge,2548.0,100.05280706922605,10.05942970530952,0.10054120418979802,5.831732042178708,1.0,0.07007370199602984,1.0035036850998016,-0.041977153286670885
1,purge,2550.0,100.05280582420835,10.057306092911487,0.10051998052490463,5.747796355211118,1.0,0.06794537423360691,1.0033972687116803,-0.041958535202008956
1,purge,2552.0,100.0528045798008,10.055183421049993,0.10049876625927172,5.6638978952880645,1.0,0.06581798931346565,1.0032908994656733,-0.04193992624125808
1,purge,2554.0,100.05280333600308,10.053061689265352,0.10047756138830594,5.5800366441669835,1.0,0.06369154677459005,1.0031845773387296,-0.04192132639915942
1,purge,2556.0,100.05280209281469,10.050940897098114,0.10045636590741645,5.496212583615827,1.0,0.06156604615622872,1.0030783023078114,-0.04190273567045813
1,purge,2558.0,100.05280085023546,10.048821044089147,0.10043517981201523,5.412425695413051,1.0,0.05944148699789484,1.0029720743498947,-0.04188415404990305
1,purge,2560.0,100.05279960826493,10.046702129779526,0.10041400309751665,5.328675961347614,1.0,0.05731786883936608,1.0028658934419683,-0.04186558153224673
1,purge,2562.0,100.05279836690273,10.044584153710623,0.10039283575933794,5.24496336321896,1.0,0.05519519122068415,1.0027597595610342,-0.04184701811224556
1,purge,2564.0,100.05279712614859,10.042467115424065,0.10037167779289888,5.16128788283702,1.0,0.05307345368215496,1.0026536726841078,-0.041828463784659535
1,purge,2566.0,100.05279588600213,10.040351014461733,0.10035052919362172,5.077649502022201,1.0,0.05095265576434812,1.0025476327882175,-0.041809918544252485
1,purge,2568.0,100.05279464646298,10.038235850365776,0.10032938995693154,4.994048202605377,1.0,0.04883279700809666,1.0024416398504048,-0.04179138238579214
1,purge,2570.0,100.05279340753079,10.036121622678621,0.10030826007825605,4.9104839664278845,1.0,0.0467138769544975,1.0023356938477248,-0.04177285530404965
1,purge,2572.0,100.05279216920528,10.034008330942934,0.10028713955302537,4.8269567753415155,1.0,0.044595895144910594,1.0022297947572456,-0.041754337293800035
1,purge,2574.0,100.05279093148602,10.031895974701655,0.10026602837667245,4.743466611208502,1.0,0.042478851120958866,1.002123942556048,-0.04173582834982214
1,purge,2576.0,100.05278969437269,10.029784553497985,0.10024492654463278,4.660013455901522,1.0,0.04036274442452823,1.0020181372212265,-0.04171732846689842
1,purge,2578.0,100.05278845786493,10.02767406687538,0.10022383405234445,4.57659729130368,1.0,0.03824757459776737,1.0019123787298885,-0.04169883763981505
1,purge,2580.0,100.0527872219624,10.02556451437757,0.1002027508952482,4.493218099308507,1.0,0.03613334118308721,1.0018066670591543,-0.041680355863362106
1,purge,2582.0,100.05278598666473,10.023455895548537,0.10018167706878733,4.409875861819947,1.0,0.03402004372316142,1.001701002186158,-0.041661883132333044
1,purge,2584.0,100.0527847519716,10.021348209932519,0.10016061256840772,4.326570560752359,1.0,0.031907681760925476,1.0015953840880465,-0.0416434194415253
1,purge,2586.0,100.05278351788272,10.019241457074044,0.10013955738955807,4.243302178030497,1.0,0.02979625483957667,1.001489812741979,-0.04162496478574013
1,purge,2588.0,100.05278228439758,10.01713563651786,0.10011851152768945,4.160070695589512,1.0,0.027685762502574745,1.0013842881251287,-0.04160651915978194
1,purge,2590.0,100.05278105151598,10.015030747809,0.10009747497825551,4.076876095374944,1.0,0.025576204293640343,1.0012788102146821,-0.04158808255845941
1,purge,2592.0,100.0527798192375,10.012926790492752,0.10007644773671279,3.9937183593427075,1.0,0.023467579756755497,1.0011733789878379,-0.04156965497658486
1,purge,2594.0,100.05277858756183,10.010823764114676,0.10005542979852015,3.9105974694590935,1.0,0.021359888436164005,1.0010679944218082,-0.04155123640897395
1,purge,2596.0,100.0527773564886,10.008721668220556,0.1000344211591391,3.8275134077007547,1.0,0.019253129876370203,1.0009626564938185,-0.04153282685044633
1,purge,2598.0,100.05277612601756,10.006620502356494,0.1000134218140339,3.744466156054702,1.0,0.017147303622139298,1.000857365181107,-0.041514426295825385
1,purge,2600.0,100.05277489614814,10.004520266068798,0.09999243175867133,3.661455696518296,1.0,0.015042409218497506,1.0007521204609249,-0.04149603473993787
1,purge,2602.0,100.05277366688026,10.00242095890406,0.09997145098852053,3.578482011099239,1.0,0.012938446210731173,1.0006469223105365,-0.04147765217761447
1,purge,2604.0,100.05277243820936,10.000322580408712,0.09995047949905353,3.495545081815577,1.0,0.010835414144387398,1.0005417707072193,-0.04145927860368937
1,purge,2606.0,100.05276420990846,9.990984834658803,0.09985715950533804,3.4127077719310344,1.0,0.008875387952923851,1.0004437693976462,-0.041331352835340084
1,purge,2608.0,100.05273834874235,9.953503094257403,0.09948256548025322,3.3303972031775824,1.0,0.007266552747471417,1.0003633276373736,-0.04094003292052394
1,purge,2610.0,100.05269854243006,9.890687132519803,0.09885477629896597,3.2490857363635044,1.0,0.005949348712326441,1.0002974674356164,-0.04034122273165547
1,purge,2612.0,100.05264804935017,9.808222453229998,0.09803061332661751,3.169138117485925,1.0,0.0048709130029896954,1.0002435456501495,-0.039583450207386545
1,purge,2614.0,100.05258950850845,9.71077254378898,0.09705668380490219,3.0908315597080067,1.0,0.0039879664519280435,1.0001993983225963,-0.03870601736165626
1,purge,2616.0,100.05252505327599,9.602109865479703,0.09597068999874586,3.014372500416933,1.0,0.003265071045706961,1.0001632535522853,-0.03774069459268724
1,purge,2618.0,100.05245640372074,9.485282986936094,0.09480309957270931,2.939910176872475,1.0,0.002673214812946171,1.0001336607406475,-0.0367130959833515
1,purge,2620.0,100.05238494275766,9.362753238536627,0.09357851133576957,2.8675477985671924,1.0,0.002188643977613591,1.0001094321988806,-0.035643813668805244
1,purge,2622.0,100.05231177820414,9.2365049014326,0.09231675647743226,2.797351626567012,1.0,0.0017919106801296747,1.0000895955340066,-0.0345493422008391
1,purge,2624.0,100.05223779357996,9.108132957800082,0.09103377554224504,2.729358382683077,1.0,0.0014670928157148769,1.0000733546407858,-0.033442835257403936
1,purge,2626.0,100.05216368972309,8.978915336483213,0.08974234044881015,2.6635812968205395,1.0,0.0012011543396321241,1.0000600577169816,-0.032334725551497724
1,purge,2628.0,100.05209001877638,8.849870926797376,0.08845263427417215,2.6000150237847173,1.0,0.0009834222912763107,1.0000491711145638,-0.031233231088498823
1,purge,2630.0,100.0520172119975,8.72180724872153,0.08717272766466198,2.5386396457248743,1.0,0.0008051583300824651,1.0000402579165042,-0.030144769417033156
1,purge,2632.0,100.05194560248414,8.595359142118854,0.08590896549147609,2.4794239226426584,1.0,0.0006592080980115813,1.0000329604049005,-0.02907429613640413
1,purge,2634.0,100.05187544374897,8.4710205529376,0.08466628451857625,2.422327929933475,1.0,0.0005397141272248838,1.0000269857063613,-0.028025581579434085
1,purge,2636.0,100.05180692489897,8.3491704673591,0.083448472586069,2.3673051952397604,1.0,0.0004418807499236569,1.0000220940374962,-0.027001436919854755
1,purge,2638.0,100.05174018304088,8.230094247869928,0.0822583818413681,2.3143044269467334,1.0,0.0003617815136012643,1.00001808907568,-0.02600389895832568
1,purge,2640.0,100.0516753133917,8.114001050146516,0.08109810280268716,2.2632709054462636,1.0,0.00029620178850793175,1.0000148100894255,-0.025034380713889085
1,purge,2642.0,100.05161237754427,8.001038171134361,0.07996910775353108,2.2141476041449337,1.0,0.00024250966682182366,1.0000121254833412,-0.024093794542777654
1,purge,2644.0,100.05155141020923,7.891302810910189,0.07887236829098247,2.1668760878825286,1.0,0.0001985502437217842,1.000009927512186,-0.02318265256754758
1,purge,2646.0,100.05149242469605,7.7848517036827,0.0778084515784908,2.121397227535223,1.0,0.00016255928889223273,1.0000081279644446,-0.022301148305368525
1,purge,2648.0,100.0514354173851,7.681709035962985,0.07677759948087862,2.0776517684131233,1.0,0.00013309242270110157,1.000006654621135,-0.02144922327855561
1,purge,2650.0,100.05138037137579,7.5818729631157575,0.07577979369173098,2.035580779776606,1.0,0.00010896696879051695,1.0000054483484395,-0.020626621359875513
1,purge,2652.0,100.05132725943021,7.485320911540319,0.07481480872443698,1.9951260029897218,1.0,8.921468779675564e-05,1.0000044607343899,-0.019832932603312967
1,purge,2654.0,100.05127604637258,7.392013941438058,0.07388225551478171,1.9562301222349883,1.0,7.304290176049066e-05,1.0000036521450881,-0.019067628981326582
1,purge,2656.0,100.0512266910389,7.301900334746413,0.07298161727986498,1.9188369716235574,1.0,5.980257138804134e-05,1.0000029901285694,-0.018330093426788475
1,purge,2658.0,100.05117914784536,7.214918512443547,0.07211227867471788,1.8828916887628158,1.0,4.89622897806272e-05,1.0000024481144891,-0.01761964318922743
1,purge,2660.0,100.05113336805357,7.130999414630058,0.07127354957986906,1.8483408262487826,1.0,4.008699439092638e-05,1.0000020043497195,-0.01693554866935073
1,purge,2662.0,100.05108930078822,7.050068444592864,0.07046468453129898,1.815132429399322,1.0,3.2820530650641966e-05,1.0000016410265327,-0.01627704857407894
1,purge,2664.0,100.05104689385975,6.972047065322292,0.06968489867695901,1.783216087782827,1.0,2.6871261501046885e-05,1.000001343563075,-0.01564336217168572
1,purge,2666.0,100.05100609441352,6.8968540815263,0.06893338059007677,1.7525429637385705,1.0,2.2000404465743988e-05,1.0000011000202234,-0.015033698959288133
1,purge,2668.0,100.05096684944789,6.824406678150618,0.06820930264891566,1.7230658038242193,1.0,1.8012458807284702e-05,1.0000009006229404,-0.014447266358614704
1,purge,2670.0,100.05092910621909,6.754621255724567,0.06751182938594726,1.6947389363219936,1.0,1.4747402486211119e-05,1.0000007373701243,-0.013883275752500632
1,purge,2672.0,100.05089281256276,6.687414111658751,0.0668401242974121,1.6675182586702197,1.0,1.2074226296863465e-05,1.000000603711315,-0.013340947276892843
1,purge,2674.0,100.05085791714548,6.622701986582016,0.06619335530402383,1.6413612165478846,1.0,9.885614197976554e-06,1.00000049428071,-0.01281951355188327
1,purge,2676.0,100.05082436964808,6.560402483120573,0.06557069893679725,1.6162267755150548,1.0,8.09370850918612e-06,1.0000004046854254,-0.012318222417663933
1,purge,2678.0,100.05079212090637,6.500434399005392,0.06497134366662427,1.5920753882201792,1.0,6.626603927747353e-06,1.0000003313301964,-0.011836339013339942
1,purge,2680.0,100.05076112301465,6.442717991652573,0.06439449254894831,1.5688689583319269,1.0,5.4254414936208195e-06,1.0000002712720748,-0.011373147322273514
1,purge,2682.0,100.05073132939808,6.387175180592084,0.06383936524725162,1.5465708018151678,1.0,4.442031695350363e-06,1.0000002221015847,-0.010927951251580982
1,purge,2684.0,100.05070269486171,6.333729701065886,0.06330519956849004,1.5251456064479114,1.0,3.6368900267504465e-06,1.0000001818445012,-0.010500075354737364
1,purge,2686.0,100.05067517561572,6.282307209313574,0.06279125251565214,1.5045593899378753,1.0,2.977683512854659e-06,1.0000001488841757,-0.010088865205617479
1,purge,2688.0,100.05064872928635,6.232835355490227,0.06229680101680122,1.484779457579402,1.0,2.437955366968938e-06,1.0000001218977683,-0.009693687546401805
1,purge,2690.0,100.05062331491429,6.185243833608779,0.06182114242447463,1.4657743599470947,1.0,1.996056099544798e-06,1.000000099802805,-0.00931393027518425
1,purge,2692.0,100.05059889294525,6.13946441111611,0.06136359481151508,1.447513850807299,1.0,1.6342581310369264e-06,1.0000000817129064,-0.008949002294803776
1,purge,2694.0,100.05057542521158,6.095430938674355,0.06092349706904711,1.42996884538523,1.0,1.3380412385329417e-06,1.000000066902062,-0.008598333235538541
1,purge,2696.0,100.05055287490677,6.053079344305058,0.06050020884815324,1.4131113792234031,1.0,1.0955146594167665e-06,1.000000054775733,-0.008261373083033721
1,purge,2698.0,100.05053120655728,6.012347616346297,0.06009311038972523,1.3969145678762986,1.0,8.96945723701154e-07,1.000000044847286,-0.007937591739861484
1,purge,2700.0,100.05051038598987,5.973175778598005,0.05970160227622819,1.3813525675653329,1.0,7.343683245548501e-07,1.0000000367184163,-0.007626478544013504
1,purge,2702.0,100.05049038029696,5.935505858542881,0.059325105114245054,1.366400536837215,1.0,6.012598444425139e-07,1.0000000300629923,-0.007327541754065634
1,purge,2704.0,100.05047115780086,5.899281849562119,0.05896305915698985,1.3520345992608263,1.0,4.922784974004551e-07,1.000000024613925,-0.007040308007988551
1,purge,2706.0,100.0504526880164,5.864449668722773,0.0586149238825502,1.3382318072139492,1.0,4.030503854615233e-07,1.0000000201525192,-0.006764321764978324
1,purge,2708.0,100.05043494161305,5.830957111567582,0.058280177542160444,1.3249701068007917,1.0,3.299950312055258e-07,1.0000000164997516,-0.006499144739891494
1,purge,2710.0,100.0504178903768,5.798753804773197,0.057958316687160394,1.3122283039109581,1.0,2.7018137426014384e-07,1.0000000135090688,-0.006244355336747241
1,purge,2712.0,100.05040150717299,5.7677911572525264,0.05764885568039437,1.2999860314098322,1.0,2.212094687044704e-07,1.0000000110604734,-0.0059995480848110535
1,purge,2714.0,100.05038576590852,5.738022310222403,0.05735132619726084,1.2882237174475035,1.0,1.8111407807781444e-07,1.000000009055704,-0.005764333079969172
1,purge,2716.0,100.05037064149501,5.709402086753252,0.05706527672157695,1.2769225548750633,1.0,1.4828614059836116e-07,1.000000007414307,-0.005538335434311601
1,purge,2718.0,100.05035610981302,5.681886941117357,0.056790272039422274,1.2660644717528486,1.0,1.214083879329773e-07,1.0000000060704195,-0.005321194736514385
1,purge,2720.0,100.05034214767656,5.655434908373941,0.056525892735343086,1.2556321029275046,1.0,9.940239029687368e-08,1.0000000049701194,-0.00511256452468566
1,purge,2722.0,100.05032873279869,5.630005554432291,0.05627173469332792,1.2456087626500303,1.0,8.138514494938726e-08,1.0000000040692572,-0.004912111772587547
1,purge,2724.0,100.0503158437582,5.605559926681024,0.056027408603435566,1.2359784182064308,1.0,6.663364009668605e-08,1.000000003331682,-0.00471951638988934
1,purge,2726.0,100.05030345996703,5.582060505368117,0.055792539475921325,1.2267256645329392,1.0,5.4555914065579926e-08,1.0000000027277958,-0.004534470737045814
1,purge,2728.0,100.05029156163897,5.559471155871304,0.05556676616425676,1.2178356997868887,1.0,4.466733264077726e-08,1.0000000022333668,-0.0043566791552183135
1,purge,2730.0,100.05028012975907,5.537757082033055,0.055349740898785325,1.2092943018429358,1.0,3.657111680707955e-08,1.0000000018285558,-0.0041858575113876105
1,purge,2732.0,100.05026914605429,5.516884780500848,0.05514112883042072,1.201087805683847,1.0,2.9942394598307795e-08,1.0000000014971198,-0.004021732758609154
1,purge,2734.0,100.05025859296519,5.4968219961773555,0.05494060758543458,1.1932030816555053,1.0,2.451516772997091e-08,1.0000000012257584,-0.003864042511279274
1,purge,2736.0,100.05024845361808,5.477537678827405,0.054747866831802175,1.1856275145564565,1.0,2.007165316539267e-08,1.0000000010035826,-0.003712534635239658
1,purge,2738.0,100.05023871179912,5.459001940881843,0.05456260785750683,1.178348983532693,1.0,1.6433548868768102e-08,1.0000000008216774,-0.003566966852485744
1,purge,2740.0,100.05022935192856,5.441186016398663,0.05438454316040785,1.1713558427487434,1.0,1.3454872911534782e-08,1.0000000006727436,-0.0034271063601739957
1,purge,2742.0,100.05022035903609,5.424062221225716,0.05421339605011514,1.1646369028067194,1.0,1.1016100680136998e-08,1.0000000005508052,-0.003292729463575857
1,purge,2744.0,100.0502117187373,5.407603914358507,0.054048900261805005,1.1581814128857695,1.0,9.01936999791601e-09,1.0000000004509688,-0.003163621222606793
1,purge,2746.0,100.05020341721084,5.391785460474618,0.05389079958179388,1.1519790435752066,1.0,7.384557385689695e-09,1.0000000003692278,-0.0030395751115493714
1,purge,2748.0,100.05019544117674,5.376582193627954,0.053738847484701306,1.146019870375345,1.0,6.046063559863178e-09,1.000000000302303,-0.002920392691577325
1,purge,2750.0,100.05018777787492,5.3619703821215285,0.053592806782390416,1.140294357840841,1.0,4.950179703109995e-09,1.000000000247509,-0.0028058832956766515
1,purge,2752.0,100.0501804150453,5.347927194488254,0.05345244928397996,1.1347933443421263,1.0,4.052931398858572e-09,1.0000000002026466,-0.0026958637255560343
1,purge,2754.0,100.050173340908,5.334430666593894,0.05331755546707063,1.1295080274213598,1.0,3.318314474801836e-09,1.0000000001659157,-0.0025901579601419066
1,purge,2756.0,100.05016654414474,5.321459669832468,0.053187914159887995,1.124429949720137,1.0,2.7168509063323232e-09,1.0000000001358424,-0.0024885968752590367
1,purge,2758.0,100.05016001388078,5.3089938803932375,0.053063322234134125,1.1195509854569863,1.0,2.224406001449457e-09,1.0000000001112204,-0.0023910179741030474
1,purge,2760.0,100.05015373966754,5.297013749548648,0.05294358430804195,1.1148633274334545,1.0,1.8212196309962032e-09,1.000000000091061,-0.002297265128117776
1,purge,2762.0,100.05014771146601,5.285500474976978,0.05282851245976967,1.1103594745483467,1.0,1.4911131631319052e-09,1.0000000000745557,-0.0022071883278986675
1,purge,2764.0,100.05014191963055,5.274435973069,0.05271792595062895,1.1060322198004424,1.0,1.2208403735120764e-09,1.000000000061042,-0.0021206434437533546
1,purge,2766.0,100.05013635489372,5.263802852171609,0.0526116509576765,1.1018746387607297,1.0,9.99556040809201e-10,1.0000000000499778,-0.0020374919955608796
1,purge,2768.0,100.05013100835131,5.2535843867930625,0.05250952031591583,1.097880078495916,1.0,8.183807550885665e-10,1.000000000040919,-0.00195760093158133
1,purge,2770.0,100.05012587144803,5.243764492712056,0.05241137326953132,1.094042146925653,1.0,6.700445457938696e-10,1.0000000000335023,-0.001880842415878312
1,purge,2772.0,100.0501209359643,5.234327702949301,0.052317055231741905,1.0903547025965743,1.0,5.485951363597868e-10,1.0000000000274298,-0.0018070936240272813
1,purge,2774.0,100.05011619400248,5.225259144603357,0.05222641755329203,1.0868118448568977,1.0,4.4915912489223704e-10,1.000000000022458,-0.0017362365467938389
1,purge,2776.0,100.0501116379747,5.216544516516014,0.052139317299232664,1.0834079044159517,1.0,3.6774645353407287e-10,1.0000000000183873,-0.0016681578014768016
1,purge,2778.0,100.05010726059064,5.208170067728554,0.05205561703360645,1.0801374342736025,1.0,3.0109029524181696e-10,1.0000000000150546,-0.0016027484506216207
1,purge,2780.0,100.05010305484564,5.200122576733578,0.05197518461208347,1.0769952010051178,1.0,2.465159517672016e-10,1.0000000000123257,-0.001539903827819911
1,purge,2782.0,100.05009901400963,5.192389331463386,0.051897892981958134,1.073976176387576,1.0,2.0183352304583637e-10,1.0000000000100917,-0.0014795233703213723
1,purge,2784.0,100.05009513161677,5.184958109980003,0.051823619989157875,1.0710755293544605,1.0,1.652500397020484e-10,1.0000000000082625,-0.001421510458194179
1,purge,2786.0,100.05009140145428,5.17781716193128,0.05175224819290888,1.068288618265595,1.0,1.3529752113809741e-10,1.0000000000067648,-0.0013657722597798354
1,purge,2788.0,100.05008781755335,5.170955190618871,0.05168366468651565,1.0656109834800822,1.0,1.107740684586824e-10,1.0000000000055387,-0.0013122195831978716
1,purge,2790.0,100.05008437417895,5.164361335779137,0.051617760925266765,1.063038340220377,1.0,9.069563308291173e-11,1.0000000000045348,-0.0012607667336649424
1,purge,2792.0,100.05008106582089,5.158025156954748,0.0515544325602434,1.060566571716099,1.0,7.425652962271611e-11,1.0000000000037128,-0.0012113313764018873
1,purge,2794.0,100.05007788718544,5.151936617487244,0.051493579278333694,1.0581917226166258,1.0,6.079710768285276e-11,1.00000000000304,-0.0011638344049107689
1,purge,2796.0,100.05007483318582,5.1460860691415355,0.051435104648563636,1.055909992661933,1.0,4.977728291194182e-11,1.000000000002489,-0.0011181998144123833
1,purge,2798.0,100.05007189893504,5.140464237243125,0.05137891597355106,1.053717730601574,1.0,4.075486465473653e-11,1.0000000000020377,-0.0010743545802426849
1,purge,2800.0,100.05006907973804,5.135062206402143,0.05132492414682487,1.0516114283520641,1.0,3.336781164228327e-11,1.0000000000016684,-0.0010322285410143885
1,purge,2802.0,100.05006637108309,5.129871406768849,0.05127304351545646,1.0495877153833357,1.0,2.7319704415510156e-11,1.000000000001366,-0.0009917542863573457
1,purge,2804.0,100.05006376863597,5.124883600774969,0.051223191747545235,1.0476433533252831,1.0,2.2367851253113913e-11,1.0000000000011184,-0.0009528670490587399
1,purge,2806.0,100.05006126823228,5.120090870424157,0.05117528970519361,1.04577523078577,1.0,1.8313549836079473e-11,1.0000000000009157,-0.0009155046014308325
1,purge,2808.0,100.05005886587067,5.115485604991675,0.05112926132157112,1.043980358371813,1.0,1.499411383004894e-11,1.0000000000007496,-0.0008796071557408494
1,purge,2810.0,100.05005655770707,5.111060489238504,0.0510850334831199,1.0422558639059767,1.0,1.2276344680253425e-11,1.0000000000006137,-0.0008451172685439867
1,purge,2812.0,100.05005434004781,5.1068084920541335,0.0510425359160449,1.0405989878303281,1.0,1.0051186787112874e-11,1.0000000000005025,-0.0008119797487666385
1,purge,2814.0,100.0500522093442,5.102722855508253,0.05100170107689043,1.0390070787905947,1.0,8.22935151274516e-12,1.0000000000004114,-0.0007801415693930012
1,purge,2816.0,100.05005016218664,5.098797084334933,0.05096246404743926,1.0374775893934667,1.0,6.7377343256352625e-12,1.0000000000003368,-0.0007495517826139014
1,purge,2818.0,100.05004819529933,5.095024935825957,0.05092476243370104,1.0360080721302516,1.0,5.516481316987823e-12,1.0000000000002758,-0.0007201614383021769
1,purge,2820.0,100.05004630553465,5.091400410081434,0.05088853626847131,1.0345961754603605,1.0,4.516587430096482e-12,1.0000000000002258,-0.0006919235056842742
1,purge,2822.0,100.05004448986877,5.087917740634167,0.050853727917626046,1.0332396400483608,1.0,3.697930047309513e-12,1.000000000000185,-0.0006647927980828326
1,purge,2824.0,100.05004274539608,5.084571385442938,0.05082028199010351,1.0319362951485718,1.0,3.0276590086696064e-12,1.0000000000001514,-0.0006387259006098621
1,purge,2826.0,100.05004106932518,5.081356018221193,0.05078814525123779,1.0306840551314216,1.0,2.4788784400057768e-12,1.000000000000124,-0.000613681100694907
1,purge,2828.0,100.050039458974,5.078266520098349,0.050757266539417166,1.0294809161460046,1.0,2.029567499391754e-12,1.0000000000001015,-0.0005896183213370298
1,purge,2830.0,100.05003791176557,5.075297971591535,0.0507275966858449,1.028324952913501,1.0,1.6616967460581134e-12,1.000000000000083,-0.0005664990569738956
1,purge,2832.0,100.050036425224,5.072445644893088,0.05069908843745564,1.0272143156463276,1.0,1.3605046773057496e-12,1.000000000000068,-0.0005442863118653584
1,purge,2834.0,100.05003499697058,5.069704996448588,0.05067169638273583,1.0261472270880871,1.0,1.1139053983640518e-12,1.0000000000000557,-0.0005229445408928994
1,purge,2836.0,100.05003362471976,5.067071659815153,0.050645376880345316,1.0251219796695854,1.0,9.120036533879268e-13,1.0000000000000455,-0.0005024395926803462
1,purge,2838.0,100.0500323062757,5.064541438801138,0.05062008799055092,1.024136932776358,1.0,7.466977584339253e-13,1.0000000000000373,-0.0004827386549447368
1,purge,2840.0,100.05003103952852,5.062110300861714,0.05059578940921805,1.0231905101233425,1.0,6.113545056468196e-13,1.0000000000000306,-0.0004638102019899927
1,purge,2842.0,100.05002982245122,5.059774370745764,0.050572442404313515,1.0222811972324863,1.0,5.005429939048237e-13,1.000000000000025,-0.00044562394425930494
1,purge,2844.0,100.05002865309622,5.057529924402429,0.050550009755003865,1.0214075390092636,1.0,4.0981670429839173e-13,1.0000000000000204,-0.00042815077986561455
1,purge,2846.0,100.05002752959224,5.055373383104266,0.05052845569291837,1.0205681374142122,1.0,3.355350752050002e-13,1.0000000000000169,-0.000411362748022526
1,purge,2848.0,100.0500264501415,5.053301307797432,0.050507745845681226,1.0197616492257764,1.0,2.747174176553221e-13,1.0000000000000138,-0.0003952329843012453
1,purge,2850.0,100.0500254130167,5.051310393686204,0.0504878471827856,1.0189867838908655,1.0,2.2492330952801928e-13,1.0000000000000113,-0.0003797356776418699
1,purge,2852.0,100.05002441655805,5.049397465006105,0.050468727963353104,1.0182423014596949,1.0,1.8415466917642796e-13,1.000000000000009,-0.0003648460290502577
1,purge,2854.0,100.05002345917113,5.047559470002469,0.05045035768594597,1.017527010601603,1.0,1.5077557877042066e-13,1.0000000000000075,-0.00035054021191445575
1,purge,2856.0,100.05002253932392,5.045793476117701,0.05043270704046557,1.0168397666986688,1.0,1.2344664001417798e-13,1.0000000000000062,-0.00033679533387708676
1,purge,2858.0,100.05002165554441,5.044096665349854,0.050415747861763,1.0161794700140783,1.0,1.0107122822600808e-13,1.0000000000000053,-0.0003235894002027331
1,purge,2860.0,100.05002080641839,5.042466329793153,0.05039945308506792,1.0155450639323138,1.0,8.275148821300195e-14,1.0000000000000042,-0.0003109012785817278
1,purge,2862.0,100.050019990587,5.040899867350632,0.05038379670313804,1.0149355332683416,1.0,6.775230618301575e-14,1.0000000000000033,-0.00029871066531398516
1,purge,2864.0,100.05001920674492,5.039394777610981,0.05036875372504924,1.0143499026431009,1.0,5.5471811948909056e-14,1.0000000000000027,-0.0002869980528187517
1,purge,2866.0,100.05001845363772,5.037948657895045,0.05035430013668199,1.0137872349226902,1.0,4.541722775562359e-14,1.0000000000000022,-0.00027574469841837583
1,purge,2868.0,100.05001773006018,5.036559199441681,0.05034041286260001,1.0132466297187512,1.0,3.7185094639962794e-14,1.0000000000000018,-0.0002649325943460215
1,purge,2870.0,100.05001703485466,5.035224183751848,0.050327069729510544,1.012727221947658,1.0,3.044508288532493e-14,1.0000000000000016,-0.0002545444389294147
1,purge,2872.0,100.05001636690851,5.033941479069428,0.05031424943109157,1.0122281804461974,1.0,2.4926736931284363e-14,1.0000000000000013,-0.00024456360890450483
1,purge,2874.0,100.0500157251528,5.032709036991724,0.0503019314941146,1.0117487066415312,1.0,2.040862284225183e-14,1.000000000000001,-0.00023497413281470313
1,purge,2876.0,100.05001510856077,5.031524889225545,0.05029009624602268,1.0112880332733085,1.0,1.6709442855204724e-14,1.0000000000000009,-0.00022576066545313688
1,purge,2878.0,100.05001451614562,5.0303871444677934,0.05027872478375316,1.010845423165887,1.0,1.3680760465925655e-14,1.0000000000000007,-0.00021690846330706763
1,purge,2880.0,100.0500139469594,5.029293985382102,0.050267798943519744,1.010420168048694,1.0,1.120104413720951e-14,1.0000000000000007,-0.00020840336096514077
1,purge,2882.0,100.05001340009136,5.028243665734846,0.05025730127218808,1.0100115874228417,1.0,9.170790620353193e-15,1.0000000000000004,-0.0002002317484496794
1,purge,2884.0,100.05001287466621,5.027234507614268,0.050247214999481725,1.0096190274721857,1.0,7.508532201979228e-15,1.0000000000000004,-0.00019238054943785862
1,purge,2886.0,100.05001236984336,5.026264898743489,0.05023752401112631,1.0092418600170785,1.0,6.1475676593808304e-15,1.0000000000000002,-0.00018483720033677335
1,purge,2888.0,100.05001188481488,5.0253332899458325,0.05022821282351646,1.008879481509148,1.0,5.033285748936339e-15,1.0000000000000002,-0.00017758963017903498
1,purge,2890.0,100.05001141880462,5.024438192662771,0.05021926655890833,1.0085313120654922,1.0,4.120973828070621e-15,1.0000000000000002,-0.00017062624130662868
1,purge,2892.0,100.05001097106692,5.023578176597037,0.050210670921863126,1.0081967945407417,1.0,3.3740236772634018e-15,1.0000000000000002,-0.0001639358908122048
1,purge,2894.0,100.05001054088524,5.022751867428226,0.050202412176415384,1.00787539363551,1.0,2.7624625269482575e-15,1.0000000000000002,-0.00015750787270804652
1,purge,2896.0,100.05001012757121,5.021957944623411,0.0501944771241906,1.007566595039799,1.0,2.2617503440397698e-15,1.0000000000000002,-0.0001513319007942141
1,purge,2898.0,100.05000973046347,5.021195139352352,0.050186853083568336,1.0072699046099933,1.0,1.8517951171951245e-15,1.0,-0.00014539809219842138
1,purge,2900.0,100.05000934892655,5.020462232446936,0.05017952786928751,1.0069848475781256,1.0,1.5161466273714768e-15,1.0,-0.00013969695156132954
1,purge,2902.0,100.0500089823499,5.019758052470348,0.05017248977314832,1.0067109677921469,1.0,1.2413363521268538e-15,1.0,-0.00013421935584196867
1,purge,2904.0,100.05000863014692,5.019081473854879,0.0501657275454001,1.0064478269859851,1.0,1.0163370160136533e-15,1.0,-0.000128956539718907
1,purge,2906.0,100.05000829175401,5.01843141509443,0.050159230376675946,1.0061950040782264,1.0,8.321201005313972e-16,1.0,-0.00012390008156387545
1,purge,2908.0,100.05000796662972,5.017806837033622,0.05015298788089293,1.005952094498295,1.0,6.812935579474794e-16,1.0,-0.00011904188996536833
1,purge,2910.0,100.0500076542537,5.017206741217771,0.050146990078760494,1.005718709539054,1.0,5.578051915872425e-16,1.0,-0.00011437419078064397
1,purge,2912.0,100.05000735412612,5.016630168282373,0.050141227381683785,1.0054944757347914,1.0,4.566998001523931e-16,1.0,-0.00010988951469547251
1,purge,2914.0,100.05000706576672,5.016076196436574,0.0501356905766065,1.0052790342635944,1.0,3.7392034101577236e-16,1.0,-0.0001055806852715979
1,purge,2916.0,100.05000678871406,5.015543939986789,0.05013037081125473,1.0050720403731592,1.0,3.0614513380387993e-16,1.0,-0.00010144080746294326
1,purge,2918.0,100.0500065225248,5.01503254793672,0.05012525958014464,1.0048731628291117,1.0,2.506545717666939e-16,1.0,-9.746325658203581e-05
1,purge,2920.0,100.0500062667729,5.014541202619035,0.05012034871090647,1.004682083384964,1.0,2.0522199248064566e-16,1.0,-9.364166769912079e-05
1,purge,2922.0,100.05000602104926,5.0140691183884964,0.05011563035122257,1.0044984962728511,1.0,1.6802432886313575e-16,1.0,-8.9969925456893e-05
1,purge,2924.0,100.05000578496053,5.013615540381582,0.05011109695643043,1.0043221077142375,1.0,1.3756895520123568e-16,1.0,-8.644215428464348e-05
1,purge,2926.0,100.05000555812896,5.013179743301216,0.05010674127737617,1.0041526354498078,1.0,1.126337927564001e-16,1.0,-8.305270899606909e-05
1,purge,2928.0,100.05000534019166,5.012761030263471,0.050102556348887724,1.0039898082877934,1.0,9.221827157267369e-17,1.0,-7.979616575579603e-05
1,purge,2930.0,100.05000513079972,5.012358731688946,0.05009853547869459,1.0038333656700065,1.0,7.550318073934072e-17,1.0,-7.666731340007189e-05
1,purge,2932.0,100.0500049296182,5.011972204223701,0.05009467223664261,1.0036830572548918,1.0,6.181779602379262e-17,1.0,-7.366114509778451e-05
1,purge,2934.0,100.05000473632509,5.011600829725949,0.05009096044456648,1.0035386425169261,1.0,5.061296580909468e-17,1.0,-7.07728503384818e-05
1,purge,2936.0,100.05000455061115,5.011244014265497,0.05008739416628928,1.0033998903617278,1.0,4.143907535963121e-17,1.0,-6.799780723452443e-05
1,purge,2938.0,100.05000437217915,5.010901187188932,0.0500839676982794,1.0032665787562542,1.0,3.3928005190208095e-17,1.0,-6.533157512505617e-05
1,purge,2940.0,100.05000420074356,5.010571800201522,0.05008067556047424,1.0031384943735033,1.0,2.777835958442714e-17,1.0,-6.276988747004694e-05
1,purge,2942.0,100.05000403603003,5.010255326488553,0.050077512487498345,1.0030154322511446,1.0,2.2743372528827958e-17,1.0,-6.0308645022874196e-05
1,purge,2944.0,100.05000387777504,5.009951259879858,0.05007447342031299,1.0028971954635346,1.0,1.8621005765762835e-17,1.0,-5.794390927067719e-05
1,purge,2946.0,100.05000372572535,5.009659114043266,0.05007155349815502,1.002783594806595,1.0,1.524584163097892e-17,1.0,-5.5671896131889495e-05
1,purge,2948.0,100.0500035796375,5.009378421701826,0.05006874805071322,1.0026744484950458,1.0,1.2482445360945481e-17,1.0,-5.3488969900905765e-05
1,purge,2950.0,100.0500034392779,5.009108733882698,0.05006605259062099,1.0025695818715086,1.0,1.0219930520091041e-17,1.0,-5.139163743016216e-05
1,purge,2952.0,100.05000330442196,5.008849619214066,0.05006346280642939,1.0024688271270195,1.0,8.367509475524662e-18,1.0,-4.937654254038292e-05
1,purge,2954.0,100.05000317485366,5.008600663236274,0.0500609745557222,1.002372023032498,1.0,6.850850373724286e-18,1.0,-4.744046064995357e-05
1,purge,2956.0,100.05000305036589,5.008361467721867,0.05005858385831954,1.0022790146807457,1.0,5.609094436100186e-18,1.0,-4.558029361491038e-05
1,purge,2958.0,100.05000293075935,5.0081316500501805,0.05005628689002748,1.0021896532385626,1.0,4.592413886860549e-18,1.0,-4.3793064771250204e-05
1,purge,2960.0,100.05000281584262,5.007910842595761,0.050054079976525244,1.0021037957085819,1.0,3.760012520467841e-18,1.0,-4.2075914171634963e-05
1,purge,2962.0,100.05000270543187,5.00769869215254,0.05005195958760994,1.0020213047004434,1.0,3.078488677712748e-18,1.0,-4.042609400886362e-05
1,purge,2964.0,100.05000259935036,5.0074948593494515,0.05004992233135601,1.00194204821094,1.0,2.5204949417634834e-18,1.0,-3.884096421879572e-05
1,purge,2966.0,100.05000249742835,5.00729901810706,0.05004796494868419,1.001865899412784,1.0,2.0636407719963218e-18,1.0,-3.731798825567784e-05
1,purge,2968.0,100.05000239950284,5.007110855140167,0.05004608430839025,1.0017927364516572,1.0,1.689594041742519e-18,1.0,-3.585472903314489e-05
1,purge,2970.0,100.05000230541695,5.0069300694444685,0.05004427740201443,1.0017224422512172,1.0,1.3833454274746108e-18,1.0,-3.444884502434533e-05
1,purge,2972.0,100.05000221502024,5.006756371798944,0.05004254133886759,1.0016549043257506,1.0,1.1326061316723619e-18,1.0,-3.3098086515009756e-05
1,purge,2974.0,100.05000212816812,5.006589484332612,0.05004087334170136,1.0015900146001715,1.0,9.273147718742767e-19,1.0,-3.180029200343127e-05
1,purge,2976.0,100.05000204472144,5.006429140060308,0.050039270742068355,1.0015276692370794,1.0,7.592336489178757e-19,1.0,-3.0553384741587754e-05
1,purge,2978.0,100.05000196454674,5.006275082460329,0.050037730976100626,1.0014677684705957,1.0,6.216181938782964e-19,1.0,-2.9355369411915716e-05
1,purge,2980.0,100.0500018875158,5.006127065069392,0.05003625158046154,1.0014102164467185,1.0,5.08946329645976e-19,1.0,-2.8204328934367042e-05
1,purge,2982.0,100.05000181350522,5.005984851086727,0.050034830188388814,1.001354921069934,1.0,4.1669688727098e-19,1.0,-2.7098421398678278e-05
1,purge,2984.0,100.05000174239665,5.00584821298819,0.050033464525837575,1.001301793855846,1.0,3.411681856161843e-19,1.0,-2.6035877116919247e-05
1,purge,2986.0,100.05000167407634,5.00571693217167,0.050032152407936306,1.0012507497895806,1.0,2.793294944892527e-19,1.0,-2.501499579161458e-05
1,purge,2988.0,100.0500016084348,5.005590798603943,0.05003089173545741,1.0012017071897452,1.0,2.286994209342811e-19,1.0,-2.403414379490613e-05
1,purge,2990.0,100.05000154536722,5.005469610484601,0.05002968049145799,1.0011545875777197,1.0,1.8724633870586245e-19,1.0,-2.3091751554395323e-05
1,purge,2992.0,100.05000148477251,5.00535317392602,0.0500285167380815,1.001109315552075,1.0,1.5330686547223546e-19,1.0,-2.2186311041500235e-05
1,purge,2994.0,100.05000142655376,5.005241302636013,0.0500273986133857,1.001065818667914,1.0,1.2551911649307543e-19,1.0,-2.1316373358280775e-05
1,purge,2996.0,100.05000137061776,5.005133817635132,0.05002632432851736,1.0010240273209452,1.0,1.0276805645117112e-19,1.0,-2.0480546418902645e-05
1,purge,2998.0,100.05000131687508,5.005030546948575,0.05002529216463282,1.0009838746360995,1.0,8.414075657817097e-20,1.0,-1.9677492721988903e-05
1,purge,3000.0,100.05000126523967,5.004931325349744,0.05002430047033498,1.0009452963605174,1.0,6.888976168300489e-20,1.0,-1.890592721035035e-05
1,purge,3002.0,100.05000121562891,5.004835994088205,0.05002334765895429,1.00090823076073,1.0,5.640309711658103e-20,1.0,-1.816461521460156e-05
1,purge,3004.0,100.0500011679634,5.0047444006378425,0.05002243220603171,1.000872618523872,1.0,4.617971214621538e-20,1.0,-1.7452370477440065e-05
1,purge,3006.0,100.05000112216695,5.004656398448103,0.05002155264683229,1.0008384026627686,1.0,3.780937435934577e-20,1.0,-1.67680532553723e-05
1,purge,3008.0,100.05000107816612,5.004571846721286,0.050020707574119486,1.0008055284247446,1.0,3.095620832193293e-20,1.0,-1.611056849489092e-05
1,purge,3010.0,100.0500010358906,5.004490610171391,0.05001989563574464,1.0007739432040073,1.0,2.534521794947452e-20,1.0,-1.547886408014527e-05
1,purge,3012.0,100.0500009952728,5.004412558817561,0.05001911553258266,1.0007435964574671,1.0,2.075125177560034e-20,1.0,-1.4871929149342888e-05
1,purge,3014.0,100.05000095624757,5.004337567779069,0.05001836601648303,1.0007144396238572,1.0,1.698996832904684e-20,1.0,-1.428879247714466e-05
1,purge,3016.0,100.0500009187526,5.0042655170685455,0.05001764588820293,1.0006864260460246,1.0,1.3910439087892902e-20,1.0,-1.372852092049375e-05
1,purge,3018.0,100.0500008827278,5.0041962914046305,0.05001695399553497,1.0006595108962704,1.0,1.13890921907818e-20,1.0,-1.3190217925405322e-05
1,purge,3020.0,100.05000084811553,5.004129780019935,0.050016289231387734,1.0006336511046137,1.0,9.324753885232931e-21,1.0,-1.2673022092275274e-05
1,purge,3022.0,100.05000081486044,5.004065876496633,0.05001565053214251,1.0006088052898732,1.0,7.63458874189672e-21,1.0,-1.2176105797462184e-05
1,purge,3024.0,100.05000078290931,5.004004478583781,0.05001503687582751,1.0005849336934454,1.0,6.250775728269067e-21,1.0,-1.1698673868909069e-05
1,purge,3026.0,100.05000075221098,5.003945488042255,0.05001444728056811,1.0005619981156848,1.0,5.117786763116544e-21,1.0,-1.123996231369599e-05
1,purge,3028.0,100.05000072271636,5.003888810483855,0.050013880802978555,1.000539961854775,1.0,4.190158548526912e-21,1.0,-1.0799237095501653e-05
1,purge,3030.0,100.05000069437828,5.003834355220661,0.050013336536656544,1.000518789647999,1.0,3.430668270184272e-21,1.0,-1.0375792959980096e-05
1,purge,3032.0,100.05000066715128,5.003782035117879,0.05001281361071231,1.0004984476153098,1.0,2.808839962436924e-21,1.0,-9.968952306195534e-06
1,purge,3034.0,100.05000064099194,5.00373176646036,0.0500123111884345,1.000478903205117,1.0,2.299721603266208e-21,1.0,-9.578064102336012e-06
1,purge,3036.0,100.05000061585825,5.00368346881525,0.05001182846591756,1.0004601251421947,1.0,1.8828838678088574e-21,1.0,-9.202502843892516e-06
1,purge,3038.0,100.05000059171012,5.0036370649013495,0.050011364670755815,1.000442083377638,1.0,1.5416003635481966e-21,1.0,-8.841667552760625e-06
1,purge,3040.0,100.05000056850885,5.003592480467357,0.05001091906082664,1.0004247490407756,1.0,1.262176452580452e-21,1.0,-8.494980815510375e-06
1,purge,3042.0,100.05000054621726,5.003549644174139,0.05001049092311391,1.0004080943929707,1.0,1.0333997286961334e-21,1.0,-8.16188785941526e-06
1,purge,3044.0,100.0500005247998,5.003508487479478,0.05001007957255572,1.0003920927832353,1.0,8.460900986434559e-22,1.0,-7.841855664703736e-06
1,purge,3046.0,100.05000050422211,5.003468944527936,0.050009684350943995,1.0003767186055805,1.0,6.927314137441501e-22,1.0,-7.5343721116117005e-06
1,purge,3048.0,100.05000048445127,5.003430952046211,0.05000930462587845,1.0003619472580432,1.0,5.671698703924797e-22,1.0,-7.238945160864201e-06
1,purge,3050.0,100.05000046545567,5.003394449242088,0.050008939789756554,1.0003477551033169,1.0,4.643670771942639e-22,1.0,-6.955102066335913e-06
1,purge,3052.0,100.05000044720488,5.003359377706753,0.05000858925879728,1.0003341194309268,1.0,3.8019788010375824e-22,1.0,-6.682388618534195e-06
1,purge,3054.0,100.05000042966975,5.003325681321307,0.05000825247210668,1.0003210184208888,1.0,3.1128483291445787e-22,1.0,-6.420368417778678e-06
1,purge,3056.0,100.05000041282213,5.003293306167225,0.05000792889078306,1.0003084311087929,1.0,2.5486267092319896e-22,1.0,-6.168622175858081e-06
1,purge,3058.0,100.05000039663517,5.003262200440098,0.050007617997054644,1.0002963373522549,1.0,2.0866734952022736e-22,1.0,-5.926747045097284e-06
1,purge,3060.0,100.05000038108288,5.003232314366596,0.05000731929344991,1.0002847177986847,1.0,1.7084519517147255e-22,1.0,-5.694355973693124e-06
1,purge,3062.0,100.05000036614041,5.0032036001248725,0.050007032302001785,1.0002735538543184,1.0,1.3987852330653775e-22,1.0,-5.471077086367059e-06
1,purge,3064.0,100.05000035178382,5.003176011768128,0.050006756563483856,1.0002628276544638,1.0,1.1452473839126553e-22,1.0,-5.256553089277115e-06
1,purge,3066.0,100.05000033799027,5.003149505151072,0.05000649163667532,1.0002525220349139,1.0,9.376647246157198e-23,1.0,-5.050440698277714e-06
1,purge,3068.0,100.05000032473741,5.003124037859249,0.0500062370976547,1.000242620504479,1.0,7.677076133410563e-23,1.0,-4.852410089581789e-06
1,purge,3070.0,100.05000031200429,5.00309956914121,0.0500059925391217,1.0002331072185988,1.0,6.285562036295675e-23,1.0,-4.662144371975978e-06
1,purge,3072.0,100.0500002997704,5.003076059843315,0.05000575756974581,1.0002239669539865,1.0,5.1462678532236683e-23,1.0,-4.47933907973041e-06
1,purge,3074.0,100.05000028801622,5.003053472347093,0.05000553181354012,1.0002151850842693,1.0,4.2134772776391684e-23,1.0,-4.303701685388077e-06
1,purge,3076.0,100.05000027672295,5.003031770509036,0.05000531490925955,1.000206747556583,1.0,3.4497603458515885e-23,1.0,-4.134951131659313e-06
1,purge,3078.0,100.0500002658725,5.003010919602767,0.05000510650982293,1.0001986408690833,1.0,2.82447148984701e-23,1.0,-3.972817381665463e-06
1,purge,3080.0,100.0500002554475,5.002990886263505,0.05000490628175789,1.0001908520493412,1.0,2.3125198266458837e-23,1.0,-3.817040986822563e-06
1,purge,3082.0,100.05000024543125,5.002971638434663,0.050004713904667104,1.000183368633584,1.0,1.8933623397699674e-23,1.0,-3.667372671680705e-06
1,purge,3084.0,100.05000023580776,5.002953145316549,0.05000452907071558,1.0001761786467502,1.0,1.5501795523451554e-23,1.0,-3.5235729350067494e-06
1,purge,3086.0,100.05000022656156,5.002935377317105,0.05000435148413833,1.0001692705833278,1.0,1.2692006141840478e-23,1.0,-3.3854116665567336e-06
1,purge,3088.0,100.05000021767799,5.002918306004551,0.050004180860767015,1.0001626333889415,1.0,1.0391507207073245e-23,1.0,-3.2526677788287417e-06
1,purge,3090.0,100.0500002091427,5.002901904061883,0.050004016927575286,1.0001562564426647,1.0,8.507986903557814e-24,1.0,-3.125128853295448e-06
1,purge,3092.0,100.0500002009421,5.00288614524319,0.05000385942224197,1.0001501295400237,1.0,6.96586546192635e-24,1.0,-3.002590800472447e-06
1,purge,3094.0,100.05000019306307,5.002871004331631,0.05000370809273125,1.0001442428766667,1.0,5.703262379654931e-24,1.0,-2.8848575333340098e-06
1,purge,3096.0,100.05000018549293,5.002856457099102,0.0500035626968895,1.0001385870326773,1.0,4.669513350347183e-24,1.0,-2.7717406535474692e-06
1,purge,3098.0,100.05000017821966,5.002842480267471,0.05000342300205775,1.000133152957499,1.0,3.823137263832164e-24,1.0,-2.663059149978778e-06
1,purge,3100.0,100.05000017123156,5.002829051471323,0.05000328878469948,1.000127931955452,1.0,3.1301716991589816e-24,1.0,-2.5586391090399806e-06
1,purge,3102.0,100.05000016451746,5.002816149222185,0.0500031598300429,1.0001229156718199,1.0,2.5628101190368118e-24,1.0,-2.4583134363995724e-06
1,purge,3104.0,100.05000015806667,5.00280375287413,0.0500030359317373,1.0001180960794789,1.0,2.0982860806013377e-24,1.0,-2.361921589576717e-06
1,purge,3106.0,100.05000015186876,5.002791842590747,0.05000291689152289,1.0001134654660528,1.0,1.7179596893819355e-24,1.0,-2.2693093210585027e-06
1,purge,3108.0,100.0500001459139,5.002780399313404,0.050002802518913536,1.0001090164215733,1.0,1.4065696387288869e-24,1.0,-2.180328431467425e-06
1,purge,3110.0,100.05000014019258,5.002769404730755,0.05000269263089204,1.0001047418266198,1.0,1.1516208213859105e-24,1.0,-2.0948365323965e-06
1,purge,3112.0,100.05000013469552,5.0027588412494275,0.05000258705161722,1.0001006348409287,1.0,9.428829399787496e-25,1.0,-2.012696818576071e-06
1,purge,3114.0,100.05000012941406,5.002748691965886,0.050002485612142544,1.000096688892447,1.0,7.719799972295397e-25,1.0,-1.933777848939927e-06
1,purge,3116.0,100.05000012433962,5.002738940639372,0.05000238815014586,1.0000928976668155,1.0,6.3205419342506785e-25,1.0,-1.8579533363108043e-06
1,purge,3118.0,100.05000011946423,5.002729571665931,0.05000229450966962,1.0000892550972647,1.0,5.174907443973953e-25,1.0,-1.7851019452915418e-06
1,purge,3120.0,100.05000011477996,5.002720570053424,0.0500022045408713,1.000085755354906,1.0,4.236925778243683e-25,1.0,-1.715107098122396e-06
1,purge,3122.0,100.05000011027936,5.002711921397567,0.05000211809978375,1.0000823928394058,1.0,3.4689586711835725e-25,1.0,-1.6478567881156857e-06
1,purge,3124.0,100.05000010595528,5.002703611858852,0.05000203504808469,1.0000791621700218,1.0,2.8401900085603735e-25,1.0,-1.5832434004344748e-06
1,purge,3126.0,100.05000010180073,5.002695628140422,0.050001955252875416,1.0000760581769939,1.0,2.325389273655992e-25,1.0,-1.5211635398762447e-06
1,purge,3128.0,100.050000097809,5.002687957466783,0.05000187858646825,1.0000730758932712,1.0,1.9038991256698598e-25,1.0,-1.4615178654220418e-06
1,purge,3130.0,100.05000009397388,5.00268058756338,0.05000180492618207,1.000070210546564,1.0,1.5588064853449112e-25,1.0,-1.4042109312773696e-06
1,purge,3132.0,100.05000009028913,5.002673506636929,0.05000173415414608,1.000067457551706,1.0,1.2762638660797898e-25,1.0,-1.3491510341186543e-06
1,purge,3134.0,100.05000008674881,5.002666703356563,0.05000166615711121,1.0000648125033182,1.0,1.0449337176708817e-25,1.0,-1.2962500663648706e-06
1,purge,3136.0,100.05000008334734,5.002660166835704,0.0500016008262689,1.0000622711687595,1.0,8.55533485939198e-26,1.0,-1.2454233751912687e-06
1,purge,3138.0,100.05000008007924,5.002653886614637,0.05000153805707698,1.0000598294813525,1.0,7.00463132910229e-26,1.0,-1.1965896270487966e-06
1,purge,3140.0,100.05000007693934,5.002647852643768,0.05000147774909234,1.0000574835338762,1.0,5.735001710982529e-26,1.0,-1.14967067752436e-06
1,purge,3142.0,100.05000007392246,5.002642055267541,0.05000141980581023,1.0000552295723144,1.0,4.695499745764313e-26,1.0,-1.1045914462899627e-06
1,purge,3144.0,100.0500000710239,5.002636485209013,0.05000136413450996,1.0000530639898482,1.0,3.8444134759805405e-26,1.0,-1.061279796963427e-06
1,purge,3146.0,100.05000006823907,5.0026311335549805,0.05000131064610633,1.000050983321083,1.0,3.1475914757812654e-26,1.0,-1.0196664216629543e-06
1,purge,3148.0,100.05000006556334,5.0026259917417235,0.05000125925500723,1.0000489842365061,1.0,2.577072461198739e-26,1.0,-9.79684730121769e-07
1,purge,3150.0,100.05000006299257,5.002621051541316,0.05000120987897662,1.000047063537155,1.0,2.1099632914149087e-26,1.0,-9.412707431015638e-07
1,purge,3152.0,100.05000006052256,5.002616305048444,0.05000116243900294,1.0000452181495014,1.0,1.7275203387364632e-26,1.0,-9.043629900269764e-07
1,purge,3154.0,100.05000005814948,5.002611744667766,0.05000111685917268,1.0000434451205311,1.0,1.4143973655327935e-26,1.0,-8.689024106233628e-07
1,purge,3156.0,100.05000005586942,5.0026073631017525,0.05000107306654895,1.00004174161302,1.0,1.158029727794299e-26,1.0,-8.348322604023363e-07
1,purge,3158.0,100.05000005367876,5.002603153339011,0.05000103099105466,1.0000401049009926,1.0,9.481301953289377e-27,1.0,-8.020980198519871e-07
1,purge,3160.0,100.05000005157396,5.0025991086430714,0.05000099056536054,1.0000385323653607,1.0,7.762761574408918e-27,1.0,-7.706473072135821e-07
1,purge,3162.0,100.0500000495517,5.002595222541596,0.05000095172477725,1.0000370214897316,1.0,6.3557164994849165e-27,1.0,-7.40429794630114e-07
1,purge,3164.0,100.0500000476088,5.002591488816036,0.05000091440715195,1.0000355698563823,1.0,5.203706417442148e-27,1.0,-7.113971276449275e-07
1,purge,3166.0,100.050000045742,5.002587901491664,0.05000087855276884,1.0000341751423896,1.0,4.260504772534006e-27,1.0,-6.835028477922459e-07
1,purge,3168.0,100.05000004394844,5.002584454828034,0.050000844104253615,1.0000328351159138,1.0,3.488263837472111e-27,1.0,-6.56702318276485e-07
1,purge,3170.0,100.05000004222515,5.002581143309777,0.050000811006481606,1.000031547632627,1.0,2.855996002693968e-27,1.0,-6.309526525381713e-07
1,purge,3172.0,100.05000004056954,5.002577961637788,0.05000077920648955,1.0000303106322808,1.0,2.3383303406645073e-27,1.0,-6.062126456131458e-07
1,purge,3174.0,100.05000003897877,5.002574904720734,0.050000748653390964,1.0000291221354107,1.0,1.9144945500325018e-27,1.0,-5.824427082166199e-07
1,purge,3176.0,100.0500000374504,5.002571967666927,0.050000719298294645,1.0000279802401693,1.0,1.567481428249597e-27,1.0,-5.596048033841155e-07
1,purge,3178.0,100.05000003598194,5.0025691457764685,0.050000691094226356,1.0000268831192796,1.0,1.283366425809719e-27,1.0,-5.376623855915228e-07
1,purge,3180.0,100.05000003457104,5.002566434533756,0.05000066399605378,1.0000258290171145,1.0,1.0507488976981647e-27,1.0,-5.165803422889564e-07
1,purge,3182.0,100.05000003321548,5.002563829600245,0.050000637960414276,1.0000248162468857,1.0,8.602946312214109e-28,1.0,-4.963249377146529e-07
1,purge,3184.0,100.0500000319131,5.002561326807496,0.050000612945645395,1.000023843187945,1.0,7.04361293292526e-28,1.0,-4.768637588987053e-07
1,purge,3186.0,100.05000003066179,5.00255892215053,0.050000588911718366,1.0000229082831902,1.0,5.766917675452005e-28,1.0,-4.581656638037554e-07
1,purge,3188.0,100.05000002945955,5.002556611781395,0.05000056582017392,1.0000220100365746,1.0,4.7216307585529e-28,1.0,-4.402007314937712e-07
1,purge,3190.0,100.05000002830438,5.002554392003018,0.05000054363406082,1.000021147010712,1.0,3.865808092772104e-28,1.0,-4.2294021424381773e-07
1,purge,3192.0,100.05000002719456,5.0025522592633,0.05000052231787664,1.0000203178245768,1.0,3.1651081955257516e-28,1.0,-4.063564915379387e-07
1,purge,3194.0,100.05000002612826,5.0025502101494075,0.050000501837511056,1.0000195211512946,1.0,2.591414174985764e-28,1.0,-3.904230258929386e-07
1,purge,3196.0,100.05000002510373,5.002548241382334,0.050000482160191255,1.0000187557160178,1.0,2.1217054872911195e-28,1.0,-3.7511432035875914e-07
1,purge,3198.0,100.05000002411943,5.002546349811645,0.050000463254429424,1.000018020293887,1.0,1.7371341942381685e-28,1.0,-3.604058777421065e-07
1,purge,3200.0,100.05000002317368,5.002544532410428,0.05000044508997236,1.0000173137080701,1.0,1.4222686545644284e-28,1.0,-3.4627416140091424e-07
1,purge,3202.0,100.050000022265,5.002542786270464,0.05000042763775316,1.0000166348278787,1.0,1.1644743005267042e-28,1.0,-3.3269655757231275e-07
1,purge,3204.0,100.050000021392,5.002541108597567,0.05000041086984467,1.00001598256696,1.0,9.534066522772592e-29,1.0,-3.1965133919678017e-07
1,purge,3206.0,100.05000002055318,5.0025394967070556,0.05000039475941418,1.0000153558815372,1.0,7.805920217673709e-29,1.0,-3.071176307438946e-07
1,purge,3208.0,100.05000001974732,5.002537948019657,0.0500003792806825,1.0000147537688144,1.0,6.391041953095186e-29,1.0,-2.950753762886245e-07
1,purge,3210.0,100.05000001897301,5.002536460056853,0.05000036440887752,1.0000141752651686,1.0,5.232452274815215e-29,1.0,-2.8350530337280613e-07
1,purge,3212.0,100.05000001822903,5.0025350304376754,0.050000350120202076,1.000013619444903,1.0,4.283767792063292e-29,1.0,-2.7238889806153815e-07
1,purge,3214.0,100.05000001751431,5.002533656874606,0.05000033639179296,1.0000130854186533,1.0,3.5070641382418506e-29,1.0,-2.6170837306613025e-07
1,purge,3216.0,100.05000001682755,5.002532337169729,0.050000323201682614,1.0000125723318938,1.0,2.871214328929206e-29,1.0,-2.5144663787647626e-07
1,purge,3218.0,100.05000001616774,5.002531069211227,0.05000031052876397,1.0000120793635692,1.0,2.3506634286035038e-29,1.0,-2.415872713849877e-07
1,purge,3220.0,100.05000001553375,5.002529850970064,0.05000029835275735,1.0000116057248125,1.0,1.924482942891901e-29,1.0,-2.321144962493327e-07
1,purge,3222.0,100.0500000149247,5.0025286804967966,0.05000028665417848,1.0000111506576976,1.0,1.57556112181077e-29,1.0,-2.230131539519408e-07
1,purge,3224.0,100.05000001433947,5.00252755591842,0.05000027541430727,1.0000107134340241,1.0,1.2898996165075654e-29,1.0,-2.1426868048162008e-07
1,purge,3226.0,100.05000001377725,5.002526475435388,0.05000026461515765,1.0000102933541422,1.0,1.0560335645668027e-29,1.0,-2.0586708284258479e-07
1,purge,3228.0,100.05000001323702,5.002525437318692,0.05000025423944865,1.0000098897458338,1.0,8.645705248304587e-30,1.0,-1.9779491667706381e-07
1,purge,3230.0,100.050000012718,5.002524439907123,0.05000024427057693,1.0000095019632385,1.0,7.078201313915178e-30,1.0,-1.9003926476819914e-07
1,purge,3232.0,100.05000001221929,5.002523481604613,0.050000234692590156,1.00000912938582,1.0,5.7948842087195495e-30,1.0,-1.8258771640145933e-07
1,purge,3234.0,100.05000001174018,5.002522560877672,0.05000022549016153,1.0000087714173755,1.0,4.744237512610011e-30,1.0,-1.7542834750991504e-07
1,purge,3236.0,100.05000001127983,5.002521676252947,0.05000021664856525,1.0000084274850787,1.0,3.8840817121398e-30,1.0,-1.6854970157227085e-07
1,purge,3238.0,100.05000001083754,5.00252082631485,0.050000208153652886,1.000008097038564,1.0,3.1798786236328685e-30,1.0,-1.6194077128231671e-07
1,purge,3240.0,100.05000001041259,5.002520009703295,0.05000019999183072,1.0000077795490467,1.0,2.603350811195599e-30,1.0,-1.5559098093380895e-07
1,purge,3242.0,100.05000001000433,5.002519225111533,0.05000019215003814,1.000007474508475,1.0,2.1313495556652617e-30,1.0,-1.4949016949900683e-07
1,purge,3244.0,100.05000000961206,5.002518471284053,0.05000018461572662,1.0000071814287186,1.0,1.7449243682551346e-30,1.0,-1.43628574369759e-07
1,purge,3246.0,100.05000000923516,5.002517747014568,0.05000017737683965,1.0000068998407874,1.0,1.4285603651245137e-30,1.0,-1.3799681574558723e-07
1,purge,3248.0,100.05000000887303,5.002517051144092,0.050000170421793486,1.00000662929408,1.0,1.1695550128616979e-30,1.0,-1.3258588160033464e-07
1,purge,3250.0,100.05000000852509,5.002516382559086,0.05000016373945856,1.000006369355664,1.0,9.57508659561057e-31,1.0,-1.273871132802586e-07
1,purge,3252.0,100.05000000819084,5.002515740189675,0.050000157319141744,1.000006119609582,1.0,7.839073279302086e-31,1.0,-1.2239219164025059e-07
1,purge,3254.0,100.05000000786967,5.0025151230079254,0.05000015115056912,1.000005879656187,1.0,6.417807973267333e-31,1.0,-1.1759312373995795e-07
1,purge,3256.0,100.05000000756112,5.002514530026219,0.050000145223869696,1.0000056491115021,1.0,5.254225734324969e-31,1.0,-1.1298223004070581e-07
1,purge,3258.0,100.05000000726464,5.002513960295656,0.05000013952955946,1.000005427606606,1.0,4.301607243344439e-31,1.0,-1.0855213211877289e-07
1,purge,3260.0,100.05000000697974,5.00251341290455,0.05000013405852636,1.0000052147870437,1.0,3.521703454581033e-31,1.0,-1.0429574087635705e-07
1,purge,3262.0,100.0500000067061,5.002512886976958,0.05000012880201551,1.0000050103122584,1.0,2.8832002134294847e-31,1.0,-1.0020624516935662e-07
1,purge,3264.0,100.05000000644313,5.002512381671279,0.050000123751615395,1.0000048138550466,1.0,2.3604609146821644e-31,1.0,-9.627710092973108e-08
1,purge,3266.0,100.0500000061905,5.002511896179512,0.05000011889925024,1.000004625101264,1.0,1.9325703347422404e-31,1.0,-9.250202528031558e-08
1,purge,3268.0,100.05000000594778,5.002511429723696,0.050000114237144504,1.0000044437484483,1.0,1.5821963707035546e-31,1.0,-8.887496896589991e-08
1,purge,3270.0,100.05000000571457,5.002510981559514,0.050000109757858915,1.0000042695072173,1.0,1.2954799194990085e-31,1.0,-8.539014434829675e-08
1,purge,3272.0,100.05000000549053,5.002510550969056,0.0500001054542182,1.000004102098457,1.0,1.0608061757747952e-31,1.0,-8.204196913625451e-08
1,purge,3274.0,100.0500000052752,5.0025101372619165,0.050000101319321894,1.000003941253743,1.0,8.686283565015566e-32,1.0,-7.882507485863135e-08
1,purge,3276.0,100.05000000506837,5.002509739776696,0.05000009734655949,1.0000037867159304,1.0,7.112814534072899e-32,1.0,-7.573431860677103e-08
1,purge,3278.0,100.05000000486963,5.002509357875521,0.05000009352955562,1.0000036382370223,1.0,5.823684767685656e-32,1.0,-7.2764740447783e-08
1,purge,3280.0,100.05000000467871,5.002508990947824,0.05000008986220778,1.0000034955796366,1.0,4.767742188600665e-32,1.0,-6.99115927322683e-08
1,purge,3282.0,100.05000000449522,5.002508638407397,0.05000008633865702,1.0000033585158614,1.0,3.9032104990664854e-32,1.0,-6.717031722856992e-08
1,purge,3284.0,100.05000000431897,5.002508299690902,0.050000082953272885,1.0000032268266772,1.0,3.1956663788687004e-32,1.0,-6.453653354525683e-08
1,purge,3286.0,100.05000000414962,5.002507974255495,0.050000079700629814,1.0000031003010326,1.0,2.616358541863991e-32,1.0,-6.200602065126844e-08
1,purge,3288.0,100.05000000398692,5.0025076615817055,0.050000076575535825,1.0000029787369629,1.0,2.1422736750421234e-32,1.0,-5.9574739259526874e-08
1,purge,3290.0,100.05000000383055,5.002507361168644,0.05000007357298467,1.0000028619397283,1.0,1.7542094655520243e-32,1.0,-5.72387945655012e-08
1,purge,3292.0,100.05000000368038,5.002507072534665,0.050000070688162375,1.0000027497220685,1.0,1.436407389805575e-32,1.0,-5.499444137030494e-08
1,purge,3294.0,100.05000000353604,5.002506795218344,0.050000067916457176,1.0000026419045893,1.0,1.1762070212771939e-32,1.0,-5.2838091785560906e-08
1,purge,3296.0,100.05000000339746,5.002506528774664,0.05000006525342122,1.0000025383142714,1.0,9.630314255659428e-33,1.0,-5.0766285427985295e-08
1,purge,3298.0,100.05000000326419,5.002506272777639,0.0500000626947969,1.0000024387854962,1.0,7.884174029042908e-33,1.0,-4.877570992421986e-08
1,purge,3300.0,100.05000000313626,5.002506026818281,0.05000006023649644,1.0000023431592537,1.0,6.454544210403254e-33,1.0,-4.686318507495497e-08
1,purge,3302.0,100.05000000301325,5.00250579050356,0.05000005787459168,1.0000022512827391,1.0,5.2845086581807706e-33,1.0,-4.5025654783018324e-08
1,purge,3304.0,100.05000000289508,5.002505563454752,0.050000055605297335,1.0000021630087075,1.0,4.326533381148157e-33,1.0,-4.3260174147648484e-08
1,purge,3306.0,100.05000000278159,5.002505345309431,0.050000053424991024,1.0000020781962526,1.0,3.5425637108914825e-33,1.0,-4.1563925051526735e-08
1,purge,3308.0,100.05000000267252,5.002505135718139,0.05000005133018004,1.0000019967095088,1.0,2.9008432018975802e-33,1.0,-3.9934190178243234e-08
1,purge,3310.0,100.05000000256773,5.0025049343448424,0.05000004931750582,1.0000019184178295,1.0,2.3753111671436592e-33,1.0,-3.836835658944465e-08
1,purge,3312.0,100.05000000246703,5.002504740867617,0.05000004738375078,1.0000018431960545,1.0,1.9450316119199512e-33,1.0,-3.68639210905555e-08
1,purge,3314.0,100.0500000023703,5.002504554975984,0.05000004552581178,1.0000017709234728,1.0,1.592514284890685e-33,1.0,-3.5418469455327074e-08
1,purge,3316.0,100.05000000227739,5.002504376372743,0.050000043740718376,1.000001701484536,1.0,1.3037642607447282e-33,1.0,-3.402969071887493e-08
1,purge,3318.0,100.05000000218806,5.002504204772547,0.05000004202561865,1.0000016347683065,1.0,1.0673539526623647e-33,1.0,-3.26953661320693e-08
1,purge,3320.0,100.05000000210224,5.002504039901198,0.05000004037777197,1.000001570668176,1.0,8.738713685499231e-34,1.0,-3.1413363518973485e-08
1,purge,3322.0,100.05000000201983,5.002503881494463,0.05000003879453744,1.000001509081415,1.0,7.15456042513284e-34,1.0,-3.018162829664818e-08
1,purge,3324.0,100.05000000194066,5.002503729299485,0.05000003727338782,1.0000014499097163,1.0,5.858150989120607e-34,1.0,-2.8998194324795602e-08
1,purge,3326.0,100.05000000186456,5.002503583072459,0.05000003581188635,1.0000013930582898,1.0,4.796971545482439e-34,1.0,-2.786116579606097e-08
1,purge,3328.0,100.05000000179145,5.002503442578937,0.050000034407689804,1.000001338435986,1.0,3.927926909312906e-34,1.0,-2.676871972137245e-08
1,purge,3330.0,100.0500000017212,5.002503307594323,0.05000003305855335,1.0000012859554843,1.0,3.216396290044172e-34,1.0,-2.571910968439083e-08
1,purge,3332.0,100.05000000165371,5.002503177902002,0.05000003176231201,1.0000012355325667,1.0,2.633456962499032e-34,1.0,-2.4710651333843104e-08
1,purge,3334.0,100.05000000158886,5.002503053294625,0.05000003051689337,1.000001187086618,1.0,2.1559662584147576e-34,1.0,-2.3741732359098416e-08
1,purge,3336.0,100.05000000152656,5.002502933573116,0.05000002932030772,1.0000011405402394,1.0,1.7650269867090435e-34,1.0,-2.281080478841374e-08
1,purge,3338.0,100.05000000146671,5.002502818546166,0.05000002817064298,1.000001095819053,1.0,1.4450750332006174e-34,1.0,-2.191638106029265e-08
1,purge,3340.0,100.05000000140917,5.002502708029427,0.05000002706605664,1.0000010528513865,1.0,1.1831119574235083e-34,1.0,-2.105702773081613e-08
1,purge,3342.0,100.05000000135392,5.00250260184649,0.05000002600478553,1.0000010115686537,1.0,9.687315608600242e-35,1.0,-2.0231373075858806e-08
1,purge,3344.0,100.05000000130087,5.002502499827254,0.050000024985129544,1.0000009719047214,1.0,7.932499079599251e-35,1.0,-1.9438094427986497e-08
1,purge,3346.0,100.05000000124981,5.002502401808152,0.05000002400545388,1.0000009337959967,1.0,6.495405755899231e-35,1.0,-1.8675919933924355e-08
1,purge,3348.0,100.05000000120084,5.002502307632492,0.0500000230641924,1.000000897181558,1.0,5.318785062830243e-35,1.0,-1.7943631158098207e-08
1,purge,3350.0,100.05000000115376,5.002502217149142,0.05000002215983463,1.0000008620026481,1.0,4.3548090139115593e-35,1.0,-1.7240052963972682e-08
1,purge,3352.0,100.05000000110853,5.00250213021344,0.05000002129093468,1.0000008282030244,1.0,3.5652077972828866e-35,1.0,-1.6564060487933774e-08
1,purge,3354.0,100.05000000106507,5.002502046686495,0.050000020456104376,1.0000007957286867,1.0,2.918732123442206e-35,1.0,-1.5914573736240657e-08
1,purge,3356.0,100.05000000102328,5.002501966434836,0.05000001965400971,1.000000764527744,1.0,2.3896444370428134e-35,1.0,-1.5290554878835777e-08
1,purge,3358.0,100.05000000098316,5.002501889329848,0.05000001888336523,1.0000007345501916,1.0,1.956449902192461e-35,1.0,-1.469100383234519e-08
1,purge,3360.0,100.0500000009446,5.002501815248454,0.05000001814294077,1.0000007057481786,1.0,1.6019403367480954e-35,1.0,-1.411496356980984e-08
1,purge,3362.0,100.05000000090756,5.0025017440719814,0.050000017431550255,1.0000006780755655,1.0,1.3117555740263194e-35,1.0,-1.3561511308460196e-08
1,purge,3364.0,100.05000000087202,5.00250167568631,0.05000001674805305,1.000000651487985,1.0,1.0741110235776998e-35,1.0,-1.3029759697951372e-08
1,purge,3366.0,100.05000000083778,5.002501609982113,0.050000016091356556,1.000000625942933,1.0,8.79539459539381e-36,1.0,-1.2518858661816507e-08
1,purge,3368.0,100.05000000080493,5.002501546853963,0.05000001546040695,1.0000006013994172,1.0,7.201318198123343e-36,1.0,-1.2027988342709572e-08
1,purge,3370.0,100.0500000007734,5.002501486200923,0.05000001485419544,1.000000577818197,1.0,5.8955962726808404e-36,1.0,-1.1556363942441604e-08
1,purge,3372.0,100.0500000007431,5.002501427926093,0.05000001427175351,1.000000555161599,1.0,4.826553515634022e-36,1.0,-1.1103231976862706e-08
1,purge,3374.0,100.05000000071392,5.002501371936355,0.05000001371215051,1.0000005333934188,1.0,3.9516290878845514e-36,1.0,-1.0667868375307955e-08
1,purge,3376.0,100.05000000068596,5.002501318141981,0.05000001317448958,1.00000051247877,1.0,3.2352781119434094e-36,1.0,-1.0249575401139917e-08
1,purge,3378.0,100.05000000065904,5.002501266457095,0.05000001265791247,1.0000004923842682,1.0,2.6490443237568348e-36,1.0,-9.847685365761015e-09
1,purge,3380.0,100.05000000063318,5.002501216798906,0.05000001216159167,1.0000004730777228,1.0,2.169181072363544e-36,1.0,-9.461554454145718e-09
1,purge,3382.0,100.05000000060838,5.002501169087796,0.0500000116847314,1.0000004545281795,1.0,1.7762008015031504e-36,1.0,-9.090563589577094e-09
1,purge,3384.0,100.05000000058449,5.00250112324749,0.050000011226569364,1.0000004367059845,1.0,1.4544480586225376e-36,1.0,-8.734119690314306e-09
1,purge,3386.0,100.0500000005616,5.002501079204431,0.05000001078637033,1.000000419582538,1.0,1.1908440444808553e-36,1.0,-8.391650761123996e-09
1,purge,3388.0,100.05000000053957,5.002501036888199,0.050000010363430485,1.0000004031304632,1.0,9.749236899175792e-37,1.0,-8.062609265130721e-09
1,purge,3390.0,100.0500000005184,5.002500996231188,0.05000000995707415,1.000000387323476,1.0,7.981417222971838e-37,1.0,-7.746469520275602e-09
1,purge,3392.0,100.05000000049809,5.002500957168439,0.050000009566652015,1.0000003721363175,1.0,6.534600799240381e-37,1.0,-7.442726349331942e-09
1,purge,3394.0,100.05000000047855,5.002500919637338,0.050000009191538346,1.0000003575446483,1.0,5.350008937045457e-37,1.0,-7.150892964722275e-09
1,purge,3396.0,100.0500000004598,5.002500883577983,0.05000000883113436,1.0000003435251765,1.0,4.380585011968464e-37,1.0,-6.870503531622403e-09
1,purge,3398.0,100.05000000044177,5.002500848932606,0.05000000848486275,1.0000003300554439,1.0,3.587060438598263e-37,1.0,-6.6011088784948276e-09
1,purge,3400.0,100.05000000042446,5.002500815645663,0.05000000815216832,1.0000003171138543,1.0,2.937209672005946e-37,1.0,-6.342277084985185e-09
1,purge,3402.0,100.05000000040783,5.002500783663936,0.05000000783251919,1.0000003046797188,1.0,2.4051441152380275e-37,1.0,-6.09359437776443e-09
1,purge,3404.0,100.0500000003918,5.002500752936105,0.05000000752540244,1.0000002927330842,1.0,1.9692360471517513e-37,1.0,-5.854661684024881e-09
1,purge,3406.0,100.05000000037643,5.002500723413044,0.050000007230327055,1.00000028125485,1.0,1.6121799343127699e-37,1.0,-5.625097001729328e-09
1,purge,3408.0,100.05000000036168,5.002500695047587,0.050000006946821614,1.0000002702266788,1.0,1.319844909640197e-37,1.0,-5.404533576821041e-09
1,purge,3410.0,100.05000000034751,5.002500667794403,0.050000006674433065,1.0000002596309476,1.0,1.080592501364917e-37,1.0,-5.192618954502007e-09
1,purge,3412.0,100.05000000033387,5.002500641609817,0.050000006412724875,1.0000002494506757,1.0,8.847027870897088e-38,1.0,-4.989013514157704e-09
1,purge,3414.0,100.05000000032076,5.002500616452034,0.05000000616127931,1.0000002396696128,1.0,7.243942607901809e-38,1.0,-4.793392257930893e-09
1,purge,3416.0,100.05000000030819,5.002500592280751,0.050000005919693565,1.0000002302720903,1.0,5.931732834150504e-38,1.0,-4.6054418059176384e-09
1,purge,3418.0,100.05000000029615,5.002500569057217,0.05000000568758031,1.000000221243041,1.0,4.857108864056524e-38,1.0,-4.42486081920389e-09
1,purge,3420.0,100.0500000002845,5.002500546744302,0.05000000546456847,1.0000002125680307,1.0,3.977260088987056e-38,1.0,-4.2513606157569845e-09
1,purge,3422.0,100.05000000027334,5.002500525306201,0.050000005250300184,1.0000002042331386,1.0,3.2564218861189423e-38,1.0,-4.084662772181471e-09
1,purge,3424.0,100.05000000026263,5.0025005047086415,0.05000000504443288,1.0000001962250387,1.0,2.665977006693163e-38,1.0,-3.924500772317572e-09
1,purge,3426.0,100.05000000025233,5.002500484918714,0.05000000484663765,1.000000188530937,1.0,2.18255798041656e-38,1.0,-3.770618741241987e-09
1,purge,3428.0,100.05000000024243,5.002500465904792,0.05000000465659841,1.0000001811385393,1.0,1.7869188797911342e-38,1.0,-3.622770785828505e-09
1,purge,3430.0,100.05000000023293,5.002500447636408,0.050000004474010616,1.0000001740359978,1.0,1.4629863813209717e-38,1.0,-3.4807199558199273e-09
1,purge,3432.0,100.0500000002238,5.002500430084406,0.050000004298582854,1.0000001672119754,1.0,1.1978926185248308e-38,1.0,-3.34423950671669e-09
1,purge,3434.0,100.05000000021505,5.002500413220657,0.05000000413003403,1.00000016065554,1.0,9.8089940267326e-39,1.0,-3.213110800146753e-09
1,purge,3436.0,100.05000000020658,5.002500397018129,0.050000003968093946,1.0000001543561798,1.0,8.031944992604091e-39,1.0,-3.0871235962585375e-09
1,purge,3438.0,100.0500000001985,5.002500381450923,0.05000000381250374,1.000000148303825,1.0,6.576985435188286e-39,1.0,-2.966076498531449e-09
1,purge,3440.0,100.05000000019075,5.002500366494054,0.050000003663013666,1.0000001424887623,1.0,5.384973282269636e-39,1.0,-2.8497752460767206e-09
1,purge,3442.0,100.05000000018323,5.002500352123609,0.050000003519384766,1.0000001369016953,1.0,4.408585697505503e-39,1.0,-2.7380339049830894e-09
1,purge,3444.0,100.05000000017607,5.00250033831663,0.05000000338138757,1.0000001315336977,1.0,3.609181126575399e-39,1.0,-2.6306739538112413e-09
1,purge,3446.0,100.05000000016915,5.002500325051057,0.05000000324880159,1.000000126376192,1.0,2.9549335933025286e-39,1.0,-2.527523838783278e-09
1,purge,3448.0,100.05000000016248,5.002500312305625,0.0500000031214143,1.000000121420912,1.0,2.4192634895741567e-39,1.0,-2.4284182396898186e-09
1,purge,3450.0,100.05000000015613,5.002500300059998,0.05000000299902238,1.0000001166599484,1.0,1.980891902637401e-39,1.0,-2.3331989688427465e-09
1,purge,3452.0,100.05000000015004,5.002500288294545,0.05000000288142973,1.0000001120856743,1.0,1.6220616556182972e-39,1.0,-2.2417134842260313e-09
1,purge,3454.0,100.05000000014412,5.002500276989818,0.050000002768441895,1.0000001076905238,1.0,1.3278397134119597e-39,1.0,-2.1538104756066424e-09
1,purge,3456.0,100.05000000013854,5.002500266128755,0.05000000265988835,1.0000001034678636,1.0,1.0872226766366455e-39,1.0,-2.0693572743564046e-09
1,purge,3458.0,100.05000000013305,5.00250025569188,0.05000000255557448,1.0000000994101244,1.0,8.894682754283015e-40,1.0,-1.988202486257083e-09
1,purge,3460.0,100.05000000012785,5.002500245696493,0.05000000245567316,1.0000000955240302,1.0,7.2991325539914654e-40,1.0,-1.9104806058374115e-09
1,purge,3462.0,100.05000000012286,5.0025002360802295,0.05000000235956108,1.0000000917853349,1.0,5.978834431974164e-40,1.0,-1.8357066963049927e-09
1,purge,3464.0,100.05000000011808,5.002500226919234,0.05000000226799929,1.0000000882236433,1.0,4.939107328026126e-40,1.0,-1.7644728657944007e-09
1,purge,3466.0,100.05000000011349,5.002500218126128,0.05000000218011447,1.000000084804983,1.0,4.086998317314492e-40,1.0,-1.696099661558293e-09
1,purge,3468.0,100.05000000010911,5.002500209675704,0.05000000209565465,1.0000000815195533,1.0,3.3829984397371994e-40,1.0,-1.6303910683502952e-09
1,purge,3470.0,100.05000000010486,5.002500201552961,0.050000002014469955,1.0000000783615235,1.0,2.8004427247196983e-40,1.0,-1.5672304680479973e-09
1,purge,3472.0,100.0500000001008,5.002500193744942,0.0500000019364308,1.0000000753258529,1.0,2.318232362104408e-40,1.0,-1.5065170597425185e-09
1,purge,3474.0,100.0500000000969,5.002500186239407,0.05000000186141492,1.000000072407785,1.0,1.919058795675014e-40,1.0,-1.448155700639317e-09
1,purge,3476.0,100.05000000009318,5.002500179024633,0.05000000178930509,1.0000000696027616,1.0,1.5886191791230714e-40,1.0,-1.3920552294646608e-09
1,purge,3478.0,100.05000000008955,5.002500172089349,0.05000000171998874,1.0000000669064024,1.0,1.315077543825798e-40,1.0,-1.3381280465396049e-09
1,purge,3480.0,100.0500000000861,5.002500165422739,0.050000001653357655,1.0000000643144984,1.0,1.0886365970422925e-40,1.0,-1.2862899675835244e-09
1,purge,3482.0,100.05000000008276,5.002500159014385,0.05000000158930781,1.0000000618230027,1.0,9.011861316535509e-41,1.0,-1.2364600526331414e-09
1,purge,3484.0,100.05000000007955,5.002500152854286,0.050000001527739216,1.0000000594280256,1.0,7.460124403700655e-41,1.0,-1.1885605127256315e-09
1,purge,3486.0,100.05000000007645,5.0025001469328245,0.05000000146855575,1.0000000571258283,1.0,6.175578403978938e-41,1.0,-1.1425165668127204e-09
1,purge,3488.0,100.0500000000735,5.002500141240757,0.05000000141166499,1.0000000549128163,1.0,5.112216172394602e-41,1.0,-1.0982563266698466e-09
1,purge,3490.0,100.05000000007065,5.002500135769195,0.05000000135697813,1.000000052785535,1.0,4.2319524559166067e-41,1.0,-1.055710700468705e-09
1,purge,3492.0,100.05000000006791,5.002500130509598,0.05000000130440982,1.0000000507406626,1.0,3.5032598358936817e-41,1.0,-1.014813252801906e-09
1,purge,3494.0,100.05000000006528,5.002500125453754,0.05000000125387796,1.0000000487750074,1.0,2.900039545725467e-41,1.0,-9.75500145582276e-10
1,purge,3496.0,100.05000000006277,5.002500120593769,0.05000000120530365,1.0000000468854997,1.0,2.400686720580187e-41,1.0,-9.377099949569526e-10
1,purge,3498.0,100.05000000006032,5.0025001159220555,0.050000001158611085,1.0000000450691904,1.0,1.9873166001701407e-41,1.0,-9.013838090961237e-10
1,purge,3500.0,100.05000000005796,5.002500111431323,0.050000001113727384,1.0000000433232437,1.0,1.6451239703435078e-41,1.0,-8.664648731021888e-10
1,purge,3502.0,100.05000000005575,5.002500107114557,0.0500000010705824,1.0000000416449335,1.0,1.3618529013278913e-41,1.0,-8.328986712456834e-10
1,purge,3504.0,100.0500000000536,5.002500102965019,0.05000000102910884,1.0000000400316398,1.0,1.1273577908344132e-41,1.0,-8.006327967589466e-10
1,purge,3506.0,100.0500000000515,5.002500098976231,0.050000000989241934,1.000000038480844,1.0,9.332399903952969e-42,1.0,-7.696168802931697e-10
1,purge,3508.0,100.05000000004952,5.002500095141966,0.05000000095091944,1.0000000369901247,1.0,7.725470003878629e-42,1.0,-7.398024966015017e-10
1,purge,3510.0,100.05000000004759,5.002500091456237,0.05000000091408154,1.000000035557155,1.0,6.395234601503555e-42,1.0,-7.111430992172237e-10
1,purge,3512.0,100.05000000004576,5.00250008791329,0.05000000087867069,1.0000000341796975,1.0,5.2940501468175616e-42,1.0,-6.835939489107975e-10
1,purge,3514.0,100.050000000044,5.002500084507594,0.05000000084463164,1.0000000328556014,1.0,4.382476750802817e-42,1.0,-6.571120265940967e-10
1,purge,3516.0,100.0500000000423,5.002500081233834,0.05000000081191124,1.0000000315828,1.0,3.6278656111470116e-42,1.0,-6.316559991042132e-10
1,purge,3518.0,100.05000000004064,5.002500078086895,0.05000000078045841,1.0000000303593057,1.0,3.003189666695223e-42,1.0,-6.071861165548734e-10
1,purge,3520.0,100.05000000003906,5.0025000750618664,0.05000000075022403,1.000000029183209,1.0,2.486075599501992e-42,1.0,-5.836641781202438e-10
1,purge,3522.0,100.05000000003754,5.002500072154026,0.05000000072116092,1.0000000280526733,1.0,2.0580025147863633e-42,1.0,-5.610534667131053e-10
1,purge,3524.0,100.0500000000361,5.002500069358834,0.050000000693223676,1.0000000269659335,1.0,1.7036385988082667e-42,1.0,-5.393186712207746e-10
1,purge,3526.0,100.05000000003469,5.002500066671925,0.05000000066636872,1.0000000259212936,1.0,1.4102919964850889e-42,1.0,-5.184258709522889e-10
1,purge,3528.0,100.05000000003336,5.002500064089104,0.050000000640554085,1.000000024917122,1.0,1.167456241447684e-42,1.0,-4.983424392109489e-10
1,purge,3530.0,100.05000000003207,5.002500061606339,0.05000000061573949,1.0000000239518512,1.0,9.664339577137802e-43,1.0,-4.790370246309392e-10
1,purge,3532.0,100.05000000003082,5.002500059219757,0.050000000591886216,1.0000000230239745,1.0,8.000253555235073e-43,1.0,-4.604794889660665e-10
1,purge,3534.0,100.05000000002961,5.002500056925627,0.05000000056895699,1.0000000221320426,1.0,6.622703645416286e-43,1.0,-4.42640854210186e-10
1,purge,3536.0,100.05000000002846,5.002500054720371,0.05000000054691602,1.0000000212746638,1.0,5.482351687004926e-43,1.0,-4.254932777126962e-10
1,purge,3538.0,100.05000000002737,5.002500052600544,0.05000000052572889,1.0000000204504993,1.0,4.538354972414972e-43,1.0,-4.0900998685671354e-10
1,purge,3540.0,100.05000000002632,5.00250005056284,0.050000000505362546,1.0000000196582624,1.0,3.756903429684188e-43,1.0,-3.931652479534406e-10
1,purge,3542.0,100.05000000002528,5.002500048604072,0.050000000485785186,1.000000018896716,1.0,3.1100086850329007e-43,1.0,-3.779343195837193e-10
1,purge,3544.0,100.05000000002433,5.002500046721187,0.05000000046696623,1.0000000181646713,1.0,2.5745016346595663e-43,1.0,-3.6329342460296287e-10
1,purge,3546.0,100.05000000002336,5.002500044911243,0.050000000448876314,1.0000000174609855,1.0,2.1312026229260067e-43,1.0,-3.4921970970383476e-10
1,purge,3548.0,100.05000000002246,5.002500043171414,0.05000000043148716,1.00000001678456,1.0,1.764234506134736e-43,1.0,-3.356911987578022e-10
1,purge,3550.0,100.0500000000216,5.002500041498986,0.05000000041477168,1.0000000161343385,1.0,1.4604539986738463e-43,1.0,-3.2268677104119357e-10
1,purge,3552.0,100.05000000002075,5.0025000398913475,0.05000000039870374,1.0000000155093063,1.0,1.2089809346918724e-43,1.0,-3.101861270190044e-10
1,purge,3554.0,100.05000000001995,5.0025000383459854,0.05000000038325825,1.0000000149084873,1.0,1.0008085853958149e-43,1.0,-2.981697479075767e-10
1,purge,3556.0,100.05000000001918,5.00250003686049,0.05000000036841112,1.0000000143309438,1.0,8.284810751438773e-44,1.0,-2.866188739006567e-10
1,purge,3558.0,100.05000000001844,5.0025000354325435,0.050000000354139144,1.0000000137757736,1.0,6.858263427067769e-44,1.0,-2.7551547306376375e-10
1,purge,3560.0,100.05000000001772,5.002500034059913,0.050000000340420056,1.0000000132421105,1.0,5.677350834705177e-44,1.0,-2.64842210228559e-10
1,purge,3562.0,100.05000000001704,5.002500032740456,0.05000000032723243,1.000000012729121,1.0,4.699777552013397e-44,1.0,-2.5458242210834017e-10
1,purge,3564.0,100.05000000001637,5.002500031472116,0.05000000031455569,1.0000000122360044,1.0,3.8905309327349434e-44,1.0,-2.4472008930297356e-10
1,purge,3566.0,100.05000000001574,5.002500030252913,0.05000000030237006,1.0000000117619907,1.0,3.2206270979959524e-44,1.0,-2.35239814524952e-10
1,purge,3568.0,100.05000000001516,5.002500029080935,0.05000000029065645,1.0000000113063399,1.0,2.666072853211906e-44,1.0,-2.2612679771488976e-10
1,purge,3570.0,100.05000000001452,5.002500027954361,0.05000000027939665,1.000000010868341,1.0,2.2070063507372276e-44,1.0,-2.173668173781438e-10
1,purge,3572.0,100.05000000001397,5.00250002687143,0.050000000268573035,1.0000000104473095,1.0,1.8269857203363171e-44,1.0,-2.0894619014749318e-10
1,purge,3574.0,100.05000000001344,5.002500025830451,0.05000000025816871,1.0000000100425885,1.0,1.5124001891511677e-44,1.0,-2.008517707831387e-10
1,purge,3576.0,100.05000000001294,5.002500024829798,0.05000000024816744,1.000000009653546,1.0,1.2519825999096614e-44,1.0,-1.9307092106707211e-10
1,purge,3578.0,100.0500000000124,5.002500023867912,0.05000000023855363,1.0000000092795749,1.0,1.0364058677857546e-44,1.0,-1.8559149736082296e-10
1,purge,3580.0,100.05000000001195,5.002500022943286,0.05000000022931224,1.000000008920091,1.0,8.579489226593476e-45,1.0,-1.784018226103909e-10
1,purge,3582.0,100.05000000001148,5.00250002205448,0.05000000022042885,1.0000000085745333,1.0,7.1022017220429e-45,1.0,-1.714906676828666e-10
1,purge,3584.0,100.05000000001102,5.002500021200106,0.0500000002118896,1.0000000082423623,1.0,5.879285813919842e-45,1.0,-1.6484724514530568e-10
1,purge,3586.0,100.05000000001061,5.002500020378829,0.05000000020368115,1.0000000079230593,1.0,4.866941694218228e-45,1.0,-1.5846118749078663e-10
1,purge,3588.0,100.05000000001019,5.002500019589368,0.050000000195790706,1.0000000076161257,1.0,4.0289113685948026e-45,1.0,-1.5232251603277957e-10
1,purge,3590.0,100.05000000000977,5.002500018830491,0.05000000018820592,1.0000000073210829,1.0,3.335180044436468e-45,1.0,-1.4642165645796174e-10
1,purge,3592.0,100.0500000000094,5.002500018101012,0.05000000018091496,1.0000000070374697,1.0,2.7609011246844203e-45,1.0,-1.4074939216777088e-10
1,purge,3594.0,100.05000000000906,5.002500017399792,0.05000000017390644,1.0000000067648431,1.0,2.2855063051241222e-45,1.0,-1.352968642784048e-10
1,purge,3596.0,100.05000000000871,5.002500016725738,0.05000000016716944,1.0000000065027783,1.0,1.891968902493451e-45,1.0,-1.300555653996954e-10
1,purge,3598.0,100.05000000000837,5.0025000160777955,0.05000000016069342,1.0000000062508654,1.0,1.566194028857809e-45,1.0,-1.2501730852947727e-10
1,purge,3600.0,100.05000000000804,5.002500015451599,0.05000000015443475,1.000000006007407,1.0,1.2902519579806238e-45,1.0,-1.201481387605931e-10
2,adsorption,3600.0,100.05000000000804,5.002500015451599,0.05000000015443475,1.000000006007407,1.0,1.2902519579806238e-45,1.0,-1.201481387605931e-10
2,adsorption,3602.0,100.04629012166825,8.647843220190463,0.08643841975223321,1.0685249504291565,1.0,0.07254516447825554,1.0036272582239127,0.055214729284456206
2,adsorption,3604.0,100.04711012629451,9.411715441648129,0.09407283658435758,1.1663183384967697,1.0,0.05939495715711112,1.0029697478578559,0.043001699812611295
2,adsorption,3606.0,100.0472088346266,10.018863151527976,0.10014135594815735,1.2477197452286621,1.0,0.059663665731665254,1.0029831832865832,0.04158326436612566
2,adsorption,3608.0,100.04726965904686,10.070928253392243,0.1006617000914984,1.329549389978497,1.0,0.06079492621621947,1.003039746310811,0.040829054649081264
2,adsorption,3610.0,100.0472607896502,10.074675332883322,0.10069916210964906,1.4114703390520833,1.0,0.06307114307080881,1.0031535571535404,0.040966084814189216
2,adsorption,3612.0,100.0472615631556,10.07542627338192,0.1007066671887039,1.4933870603075694,1.0,0.06515157356299701,1.00325757867815,0.04095048617298629
2,adsorption,3614.0,100.04726290718824,10.077603036920923,0.10072842318804569,1.575265361355818,1.0,0.06722566858543497,1.0033612834292718,0.040930714269522925
2,adsorption,3616.0,100.04726397565247,10.079694071180475,0.10074932257651216,1.6571111012253803,1.0,0.06930385872241669,1.003465192936121,0.04091478777897742
2,adsorption,3618.0,100.04726505791315,10.081761556646843,0.10076998657395518,1.7389244276876963,1.0,0.07138086623119516,1.0035690433115598,0.04089858710657831
2,adsorption,3620.0,100.04726614857444,10.083831565659898,0.10079067578603278,1.8207052217778363,1.0,0.07345689227412548,1.0036728446137062,0.04088227153826116
2,adsorption,3622.0,100.04726724079903,10.085909528754664,0.10081144449932217,1.9024534593439337,1.0,0.07553208781227681,1.0037766043906138,0.040865959306697244
2,adsorption,3624.0,100.04726831920883,10.087978401248517,0.10083212236302157,1.9841692090775114,1.0,0.0776066819463271,1.0038803340973164,0.040849827736584916
2,adsorption,3626.0,100.04726940813853,10.090041455016786,0.10085274205590657,2.0658525030951123,1.0,0.07968022373765134,1.0039840111868825,0.04083352445346581
2,adsorption,3628.0,100.04727049724653,10.09211757658522,0.1008734923644216,2.1475032489022716,1.0,0.08175298152365079,1.0040876490761825,0.040817260610402195
2,adsorption,3630.0,100.04727157827725,10.094180448497825,0.10089411024667586,2.229121569210841,1.0,0.08382501384420567,1.0041912506922104,0.040801079414263614
2,adsorption,3632.0,100.04727266587012,10.096247394422642,0.10091476884273778,2.31070741586295,1.0,0.0858961073031876,1.0042948053651595,0.04078481537922733
2,adsorption,3634.0,100.04727375056265,10.098315660176748,0.10093544063333318,2.3922607993491405,1.0,0.08796643208599103,1.0043983216042995,0.040768601040090204
2,adsorption,3636.0,100.04727483616855,10.100381560019631,0.10095608877462592,2.4737817540053357,1.0,0.09003590196797065,1.0045017950983988,0.0407523684549104
2,adsorption,3638.0,100.04727591996055,10.102445719991994,0.10097671952681767,2.5552702846314754,1.0,0.09210457155884838,1.0046052285779423,0.04073616012327224
2,adsorption,3640.0,100.0472770037265,10.104509588732919,0.10099734736765052,2.6367263990806205,1.0,0.09417241255696487,1.0047086206278482,0.04071995381282021
2,adsorption,3642.0,100.04727808690123,10.10657248979119,0.10101796553637975,2.718150110059463,1.0,0.09623943344780089,1.00481197167239,0.04070375588809545
2,adsorption,3644.0,100.04727916977421,10.108634543511627,0.10103857523559319,2.7995414291382303,1.0,0.09830562947142893,1.0049152814735713,0.04068756240494996
2,adsorption,3646.0,100.0472802522759,10.110695811571057,0.10105917708183831,2.8809003671041147,1.0,0.10037100246761413,1.0050185501233808,0.04067137458265674
2,adsorption,3648.0,100.04728133437582,10.112756251395012,0.10107977064960295,2.9622269354736406,1.0,0.10243555314725199,1.0051217776573627,0.040655192745383754
2,adsorption,3650.0,100.04728241609862,10.114815866047701,0.10110035596949034,3.043521145704661,1.0,0.10449928134589424,1.0052249640672948,0.0406390165357043
2,adsorption,3652.0,100.04728349744234,10.11687466282751,0.10112093311445226,3.1247830091881377,1.0,0.10656218742033652,1.005328109371017,0.040622846004099745
2,adsorption,3654.0,100.047284578403,10.118932639171664,0.10114150205887765,3.20601253734551,1.0,0.10862427172545795,1.0054312135862729,0.04060668119894701
2,adsorption,3656.0,100.04728565898249,10.120989794970635,0.1011620628016703,3.2872097415875303,1.0,0.11068553451899794,1.0055342767259499,0.0405905220930678
2,adsorption,3658.0,100.0472867391811,10.123046131179033,0.10118261535237205,3.3683746333136577,1.0,0.11274597609015233,1.005637298804508,0.04057436868404568
2,adsorption,3660.0,100.04728781899838,10.12510164788882,0.101203159711903,3.449507223207904,1.0,0.11480559671775478,1.0057402798358877,0.04055822097569067
2,adsorption,3662.0,100.04728889843476,10.127156345407263,0.10122369588333445,3.5306075237930408,1.0,0.11686439671882115,1.005843219835941,0.040542078964819706
2,adsorption,3664.0,100.04728997749025,10.129210224021763,0.10124422386953956,3.6116755449112614,1.0,0.11892237634329901,1.005946118817165,0.040525942649547994
2,adsorption,3666.0,100.04729105616492,10.131263284033272,0.1012647436735268,3.6927112985841277,1.0,0.12097953589899368,1.0060489767949496,0.04050981202953252
2,adsorption,3668.0,100.04729213445884,10.133315525706227,0.10128525529793979,3.773714796662403,1.0,0.12303587568715393,1.0061517937843576,0.04049368710273202
2,adsorption,3670.0,100.04729321237221,10.135366949362357,0.10130575874599454,3.854686050655102,1.0,0.12509139600056923,1.0062545698000287,0.040477567867341975
2,adsorption,3672.0,100.04729428990504,10.137417555288112,0.10132625402055472,3.9356250719102,1.0,0.12714609712888905,1.0063573048564447,0.04046145432232945
2,adsorption,3674.0,100.04729536705742,10.139467343760165,0.10134674112438613,4.016531871765084,1.0,0.1291999793608401,1.006459998968042,0.04044534646615359
2,adsorption,3676.0,100.0472964438295,10.14151631507625,0.10136722006046509,4.097406461584728,1.0,0.1312530429858338,1.0065626521492916,0.04042924429725581
2,adsorption,3678.0,100.04729752022136,10.143564469525849,0.1013876908316854,4.17824885274723,1.0,0.13330528829391053,1.0066652644146956,0.040413147814305606
2,adsorption,3680.0,100.04729859623306,10.145611807394639,0.10140815344090297,4.2590590566281845,1.0,0.13535671557486764,1.0067678357787433,0.04039705701583307
2,adsorption,3682.0,100.04729967186478,10.147658328974265,0.1014286078910332,4.339837084596541,1.0,0.13740732511831258,1.0068703662559155,0.040380971900353
2,adsorption,3684.0,100.04730074711655,10.149704034554103,0.10144905418496887,4.4205829480163965,1.0,0.13945711721382148,1.006972855860691,0.04036489246645283
2,adsorption,3686.0,100.04730182198848,10.151748924422048,0.10146949232558802,4.501296658248866,1.0,0.14150609215084542,1.0070753046075422,0.04034881871268212
2,adsorption,3688.0,100.04730289648066,10.153792998867772,0.10148992231578635,4.581978226652575,1.0,0.14355425021876012,1.007177712510938,0.040332750637581405
2,adsorption,3690.0,100.04730397059325,10.155836258180358,0.10151034415845377,4.662627664583485,1.0,0.1456015917069023,1.0072800795853452,0.04031668823971408
2,adsorption,3692.0,100.04730504432627,10.157878702648286,0.10153075785647407,4.743244983394679,1.0,0.14764811690452007,1.007382405845226,0.040300631517632045
2,adsorption,3694.0,100.04730611767977,10.159920332560569,0.1015511634127365,4.8238301944363,1.0,0.14969382610078277,1.0074846913050393,0.040284580469884576
2,adsorption,3696.0,100.047307190654,10.161961148205986,0.10157156083012771,4.904383309055566,1.0,0.15173871958479387,1.0075869359792398,0.04026853509502792
2,adsorption,3698.0,100.04730826324891,10.164001149873048,0.101591950111532,4.984904338596804,1.0,0.1537827976455775,1.007689139882279,0.040252495391614365
2,adsorption,3700.0,100.0473093354647,10.166040337850418,0.10161233125983497,5.06539329440145,1.0,0.15582606057208384,1.007791303028604,0.0402364613581964
2,adsorption,3702.0,100.04731040730147,10.168078712426603,0.10163270427792066,5.145850187808049,1.0,0.15786850865319002,1.0078934254326595,0.040220432993327226
2,adsorption,3704.0,100.04731147875916,10.170116273889986,0.10165306916867209,5.226275030152252,1.0,0.15991014217769747,1.0079955071088849,0.04020441029555899
2,adsorption,3706.0,100.04731254983813,10.172153022528985,0.10167342593497222,5.306667832766815,1.0,0.16195096143433516,1.008097548071717,0.04018839326344513
2,adsorption,3708.0,100.04731362053822,10.174188958631827,0.10169377457970263,5.3870286069815965,1.0,0.16399096671175636,1.008199548335588,0.04017238189553803
2,adsorption,3710.0,100.04731469085968,10.176224082486748,0.10171411510574456,5.467357364123565,1.0,0.1660301582985403,1.0083015079149271,0.04015637619039013
2,adsorption,3712.0,100.04731576080255,10.178258394381906,0.1017344475159786,5.547654115516904,1.0,0.16806853648319472,1.0084034268241597,0.04014037614655379
2,adsorption,3714.0,100.0473168303669,10.180291894605311,0.10175477181328402,5.627918872482601,1.0,0.17010610155414677,1.0085053050777073,0.04012438176258246
2,adsorption,3716.0,100.04731789955291,10.182324583444954,0.10177508800053957,5.708151646339195,1.0,0.1721428537997583,1.0086071426899879,0.04010839303702759
2,adsorption,3718.0,100.0473189683606,10.184356461188788,0.10179539608062395,5.78835244840198,1.0,0.17417879350830995,1.0087089396754154,0.04009240996844217
2,adsorption,3720.0,100.04732003679014,10.186387528124587,0.10181569605641386,5.868521289983357,1.0,0.17621392096800592,1.0088106960484002,0.040076432555377475
2,adsorption,3722.0,100.0473211048416,10.188417784540153,0.10183598793078634,5.948658182392782,1.0,0.17824823646697707,1.008912411823349,0.04006046079638648
2,adsorption,3724.0,100.04732217251505,10.190447230723178,0.10185627170661739,6.028763136937148,1.0,0.18028174029328808,1.0090140870146644,0.040044494690021734
2,adsorption,3726.0,100.04732323981054,10.19247586696125,0.10187654738678197,6.108836164920037,1.0,0.18231443273491718,1.009115721636746,0.040028534234834656
2,adsorption,3728.0,100.04732430672827,10.194503693541938,0.10189681497415466,6.188877277642453,1.0,0.18434631407977797,1.009217315703989,0.04001257942937775
2,adsorption,3730.0,100.04732537326834,10.196530710752686,0.10191707447160898,6.268886486402473,1.0,0.1863773846157085,1.0093188692307855,0.03999663027220316
2,adsorption,3732.0,100.04732643943073,10.19855691888088,0.10193732588201793,6.34886380249523,1.0,0.18840764463047047,1.0094203822315235,0.03998068676186237
2,adsorption,3734.0,100.04732750521556,10.200582318213849,0.10195756920825377,6.428809237212937,1.0,0.19043709441175163,1.0095218547205875,0.03996474889690754
2,adsorption,3736.0,100.04732857062308,10.202606909038835,0.10197780445318787,6.508722801844914,1.0,0.19246573424716515,1.0096232867123585,0.03994881667589056
2,adsorption,3738.0,100.0473296356532,10.204630691643024,0.10199803161969119,6.588604507677701,1.0,0.1944935644242526,1.0097246782212126,0.03993289009736302
2,adsorption,3740.0,100.04733070030618,10.206653666313475,0.1020182507106333,6.668454365994638,1.0,0.19652058523047403,1.009826029261524,0.03991696915987699
2,adsorption,3742.0,100.047331764582,10.208675833337203,0.10203846172888344,6.748272388076621,1.0,0.19854679695322666,1.0099273398476614,0.039901053861984385
2,adsorption,3744.0,100.04733282848078,10.210697193001165,0.10205866467731016,6.828058585201295,1.0,0.20057219987982278,1.0100286099939912,0.03988514420223587
2,adsorption,3746.0,100.04733389200264,10.21271774559226,0.1020788595587815,6.907812968643407,1.0,0.2025967942975025,1.010129839714875,0.039869240179183814
2,adsorption,3748.0,100.0473349551476,10.214737491397193,0.10209904637616364,6.987535549674768,1.0,0.2046205804934293,1.0102310290246714,0.03985334179137949
2,adsorption,3750.0,100.04733601791585,10.21675643070279,0.10211922513232374,7.067226339564618,1.0,0.2066435587547008,1.010332177937735,0.03983744903737428
2,adsorption,3752.0,100.04733708030756,10.218774563795664,0.10213939583012689,7.146885349578884,1.0,0.20866572936833064,1.0104332864684165,0.03982156191572022
2,adsorption,3754.0,100.04733814232263,10.220791890962355,0.10215955847243771,7.226512590980912,1.0,0.2106870926212647,1.0105343546310632,0.03980568042496824
2,adsorption,3756.0,100.04733920396129,10.222808412489396,0.10217971306212041,7.306108075031125,1.0,0.21270764880037427,1.0106353824400187,0.03978980456366942
2,adsorption,3758.0,100.04734026522357,10.224824128663206,0.10219985960203834,7.385671812986999,1.0,0.2147273981924558,1.0107363699096228,0.039773934330375536
2,adsorption,3760.0,100.04734132610957,10.226839039770118,0.1022199980950538,7.46520381610309,1.0,0.21674634108422994,1.0108373170542115,0.03975806972363756
2,adsorption,3762.0,100.04734238661943,10.22885314609642,0.10224012854402867,7.544704095631052,1.0,0.21876447776234306,1.010938223888117,0.03974221074200656
2,adsorption,3764.0,100.04734344675332,10.230866447928321,0.10226025095182405,7.62417266281965,1.0,0.22078180851336857,1.0110390904256685,0.0397263573840345
2,adsorption,3766.0,100.04734450651111,10.232878945551903,0.10228036532129989,7.703609528914755,1.0,0.22279833362380277,1.01113991668119,0.039710509648271074
2,adsorption,3768.0,100.04734556589312,10.234890639253281,0.10230047165531626,7.783014705159334,1.0,0.22481405338007007,1.0112407026690036,0.039694667533267974
2,adsorption,3770.0,100.04734662489936,10.236901529318402,0.10232056995673171,7.86238820279346,1.0,0.2268289680685207,1.011341448403426,0.03967883103757696
2,adsorption,3772.0,100.04734768352994,10.23891161603315,0.10234066022840412,7.941730033054308,1.0,0.22884307797542824,1.0114421538987715,0.03966300015974788
2,adsorption,3774.0,100.04734874178483,10.240920899683381,0.10236074247319112,8.021040207176153,1.0,0.23085638338699316,1.0115428191693496,0.039647174898331625
2,adsorption,3776.0,100.04734979966435,10.242929380554848,0.10238081669394918,8.10031873639037,1.0,0.23286888458934238,1.011643444229467,0.03963135525187964
2,adsorption,3778.0,100.04735085716848,10.24493705893322,0.10240088289353402,8.17956563192544,1.0,0.23488058186852812,1.0117440290934263,0.03961554121894313
2,adsorption,3780.0,100.04735191429731,10.246943935104117,0.10242094107480094,8.25878090500706,1.0,0.23689147551052933,1.0118445737755264,0.03959973279807171
2,adsorption,3782.0,100.04735297105093,10.24895000935305,0.10244099124060405,8.337964566857714,1.0,0.23890156580124394,1.0119450782900623,0.03958392998781601
2,adsorption,3784.0,100.04735402742945,10.25095528196551,0.10246103339379728,8.41711662869745,1.0,0.24091085302650964,1.0120455426513255,0.03956813278672852
2,adsorption,3786.0,100.04735508343295,10.252959753226799,0.10248106753723273,8.49623710174306,1.0,0.24291933747207595,1.0121459668736037,0.03955234119335805
2,adsorption,3788.0,100.04735613906168,10.254963423422335,0.10250109367376346,8.575325997208438,1.0,0.24492701942362086,1.012246350971181,0.03953655520625552
2,adsorption,3790.0,100.04735719431552,10.256966292837252,0.10252111180624,8.654383326304536,1.0,0.24693389916674724,1.0123466949583373,0.039520774823972114
2,adsorption,3792.0,100.04735824919469,10.258968361756757,0.10254112193751339,8.733409100239735,1.0,0.2489399769869898,1.0124469988493494,0.03950500004505738
2,adsorption,3794.0,100.04735930369917,10.260969630465953,0.10256112407043372,8.812403330219096,1.0,0.2509452531698002,1.01254726265849,0.039489230868062254
2,adsorption,3796.0,100.04736035782925,10.262970099249829,0.10258111820784979,8.891366027445107,1.0,0.25294972800056387,1.012647486400028,0.03947346729153767
2,adsorption,3798.0,100.04736141158489,10.264969768393309,0.10260110435261001,8.970297203117326,1.0,0.25495340176458947,1.0127476700882294,0.03945770931403325
2,adsorption,3800.0,100.04736246496616,10.266968638181265,0.10262108250756213,9.049196868432361,1.0,0.25695627474711114,1.0128478137373556,0.03944195693409949
2,adsorption,3802.0,100.04736351797328,10.2689667088985,0.10264105267555303,9.128065034583896,1.0,0.25895834723328814,1.0129479173616645,0.03942621015028685
2,adsorption,3804.0,100.04736457060623,10.270963980829695,0.10266101485942877,9.206901712762717,1.0,0.2609596195082048,1.0130479809754103,0.039410468961145396
2,adsorption,3806.0,100.04736562286517,10.272960454259545,0.10268096906203521,9.285706914156833,1.0,0.2629600918568742,1.0131480045928436,0.03939473336522525
2,adsorption,3808.0,100.04736667475012,10.274956129472537,0.10270091528621635,9.364480649951044,1.0,0.26495976456422754,1.0132479882282115,0.039379003361076616
2,adsorption,3810.0,100.04736772626138,10.276951006753217,0.10272085353481644,9.443222931327703,1.0,0.26695863791513325,1.0133479318957568,0.03936327894724989
2,adsorption,3812.0,100.04736877739875,10.278945086385965,0.10274078381067865,9.521933769465914,1.0,0.26895671219437534,1.0134478356097187,0.03934756012229453
2,adsorption,3814.0,100.0473698281626,10.28093836865516,0.1027607061166455,9.600613175541874,1.0,0.2709539876866646,1.0135476993843333,0.03933184688476096
2,adsorption,3816.0,100.04737087855284,10.282930853845002,0.10278062045555814,9.679261160728846,1.0,0.27295046467663636,1.0136475232338318,0.03931613923319948
2,adsorption,3818.0,100.04737192856969,10.28492254223975,0.1028005268302582,9.757877736197514,1.0,0.27494614344885826,1.013747307172443,0.039300437166159205
2,adsorption,3820.0,100.04737297821316,10.286913434123507,0.10282042524358574,9.836462913115247,1.0,0.2769410242878149,1.0138470512143907,0.039284740682190705
2,adsorption,3822.0,100.04737402748339,10.288903529780297,0.10284031569838002,9.915016702646836,1.0,0.2789351074779239,1.0139467553738961,0.03926904977984394
2,adsorption,3824.0,100.04737507638046,10.290892829494098,0.10286019819747984,9.993539115954137,1.0,0.280928393303527,1.0140464196651764,0.03925336445766835
2,adsorption,3826.0,100.04737612490447,10.292881333548808,0.1028800727437232,10.072030164196061,1.0,0.28292088204889093,1.0141460441024446,0.03923768471421372
2,adsorption,3828.0,100.04737717305552,10.294869042228244,0.10289993933994734,10.150489858528594,1.0,0.2849125739982076,1.0142456286999104,0.03922201054803005
2,adsorption,3830.0,100.04737822083372,10.296855955816147,0.10291979798898863,10.228918210104826,1.0,0.2869034694355943,1.0143451734717797,0.039206341957667055
2,adsorption,3832.0,100.04737926823915,10.29884207459622,0.10293964869368318,10.307315230075053,1.0,0.2888935686450966,1.0144446784322547,0.03919067894167428
2,adsorption,3834.0,100.04738031527194,10.300827398852018,0.10295949145686553,10.385680929586378,1.0,0.29088287191067874,1.014544143595534,0.039175021498601845
2,adsorption,3836.0,100.04738136193212,10.302811928867056,0.10297932628136994,10.464015319783455,1.0,0.29287137951624104,1.014643568975812,0.03915936962699892
2,adsorption,3838.0,100.04738240821985,10.304795664924821,0.10299915317003022,10.542318411807676,1.0,0.2948590917456004,1.01474295458728,0.039143723325414825
2,adsorption,3840.0,100.04738345413521,10.30677860730867,0.10301897212567897,10.620590216797538,1.0,0.29684600888250057,1.0148423004441252,0.03912808259239972
2,adsorption,3842.0,100.04738449967832,10.308760756301885,0.10303878315114805,10.698830745888705,1.0,0.29883213121061153,1.0149416065605306,0.039112447426502946
2,adsorption,3844.0,100.04738554484918,10.310742112187706,0.10305858624926899,10.77704001021398,1.0,0.30081745901352935,1.0150408729506766,0.039096817826273327
2,adsorption,3846.0,100.04738658964796,10.312722675249288,0.10307838142287225,10.855218020903262,1.0,0.30280199257477725,1.015140099628739,0.039081193790261017
2,adsorption,3848.0,100.0473876340748,10.3147024457697,0.10309816867478758,10.933364789083535,1.0,0.3047857321778032,1.0152392866088904,0.039065575317015794
2,adsorption,3850.0,100.04738867812968,10.31668142403191,0.10311794800784374,11.011480325878873,1.0,0.30676867810597813,1.0153384339052989,0.039049962405085535
2,adsorption,3852.0,100.0473897218128,10.318659610318898,0.10313771942486948,11.089564642410343,1.0,0.30875083064260006,1.01543754153213,0.03903435505302123
2,adsorption,3854.0,100.04739076512426,10.320637004913493,0.10315748292869212,11.167617749796408,1.0,0.3107321900708976,1.015536609503545,0.039018753259372
2,adsorption,3856.0,100.04739180806406,10.322613608098468,0.10317723852213848,11.245639659152205,1.0,0.31271275667401327,1.0156356378337006,0.039003157022686294
2,adsorption,3858.0,100.0473928506324,10.324589420156542,0.1031969862080347,11.323630381590311,1.0,0.3146925307350249,1.0157346265367513,0.03898756634151325
2,adsorption,3860.0,100.04739389282933,10.326564441370333,0.10321672598920609,11.40158992822037,1.0,0.3166715125369363,1.0158335756268468,0.03897198121440297
2,adsorption,3862.0,100.04739493465496,10.328538672022393,0.1032364578684771,11.47951831014907,1.0,0.31864970236267437,1.0159324851181337,0.038956401639904645
2,adsorption,3864.0,100.04739597610936,10.330512112395208,0.10325618184867165,11.557415538480184,1.0,0.3206271004950905,1.0160313550247546,0.038940827616566955
2,adsorption,3866.0,100.04739701719264,10.332484762771177,0.1032758979326128,11.635281624314574,1.0,0.3226037072169621,1.0161301853608482,0.038925259142938984
2,adsorption,3868.0,100.04739805790484,10.334456623432654,0.10329560612312315,11.71311657875032,1.0,0.3245795228109949,1.0162289761405496,0.03890969621756967
2,adsorption,3870.0,100.04739909824622,10.336427694661868,0.10331530642302385,11.7909204128823,1.0,0.32655454755981367,1.0163277273779907,0.038894138839008684
2,adsorption,3872.0,100.0474001382167,10.338397976740996,0.10333499883513587,11.868693137802941,1.0,0.32852878174597905,1.016426439087299,0.038878587005804884
2,adsorption,3874.0,100.04740117781654,10.340367469952175,0.10335468336227949,11.946434764601412,1.0,0.3305022256519684,1.0165251112825984,0.038863040716507175
2,adsorption,3876.0,100.04740221704574,10.342336174577426,0.10337436000727396,12.024145304363984,1.0,0.3324748795601853,1.0166237439780093,0.03884749996966486
2,adsorption,3878.0,100.04740325590429,10.344304090898648,0.10339402877293748,12.101824768173982,1.0,0.33444674375295613,1.0167223371876477,0.03883196476382618
2,adsorption,3880.0,100.0474042943925,10.346271219197837,0.10341368966208882,12.179473167112151,1.0,0.336417818512543,1.016820890925627,0.038816435097540555
2,adsorption,3882.0,100.04740533251035,10.348237559756727,0.10343334267754441,12.257090512255928,1.0,0.3383881041211224,1.0169194052060562,0.03880091096935698
2,adsorption,3884.0,100.04740637025796,10.35020311285707,0.10345298782212083,12.334676814680158,1.0,0.34035760086080413,1.0170178800430403,0.03878539237782412
2,adsorption,3886.0,100.04740740763542,10.35216787878054,0.10347262509863384,12.41223208545676,1.0,0.3423263090136232,1.0171163154506813,0.03876987932149099
2,adsorption,3888.0,100.04740844464283,10.354131857808705,0.1034922545098981,12.489756335654693,1.0,0.3442942288615387,1.017214711443077,0.0387543717989064
2,adsorption,3890.0,100.04740948128031,10.356095050223091,0.10351187605872797,12.567249576340004,1.0,0.34626136068643476,1.0173130680343216,0.03873886980861905
2,adsorption,3892.0,100.04741051754789,10.35805745630513,0.10353148974793677,12.644711818575828,1.0,0.34822770477012105,1.017411385238506,0.038723373349177866
2,adsorption,3894.0,100.04741155344577,10.360019076336211,0.10355109558033736,12.72214307342252,1.0,0.35019326139433565,1.0175096630697167,0.03870788241913145
2,adsorption,3896.0,100.047412588974,10.361979910597572,0.10357069355874121,12.799543351937224,1.0,0.3521580308407348,1.0176079015420367,0.038692397017028715
2,adsorption,3898.0,100.0474136241326,10.363939959370455,0.1035902836859598,12.876912665174643,1.0,0.3541220133909115,1.0177061006695456,0.03867691714141816
2,adsorption,3900.0,100.04741465892172,10.365899222935989,0.10360986596480341,12.954251024186211,1.0,0.35608520932637483,1.0178042604663187,0.038661442790848176
2,adsorption,3902.0,100.04741569334152,10.367857701575263,0.10362944039808195,13.031558440020476,1.0,0.3580476189285607,1.017902380946428,0.03864597396386788
2,adsorption,3904.0,100.04741672739205,10.36981539556922,0.10364900698860387,13.10883492372302,1.0,0.36000924247882915,1.0180004621239414,0.03863051065902638
2,adsorption,3906.0,100.04741776107342,10.37177230519882,0.10366856573917778,13.186080486336866,1.0,0.36197008025847266,1.0180985040129236,0.0386150528748714
2,adsorption,3908.0,100.04741879438568,10.373728430744908,0.10368811665261118,13.263295138901713,1.0,0.36393013254869966,1.018196506627435,0.038599600609951525
2,adsorption,3910.0,100.04741982732901,10.375683772488236,0.10370765973171062,13.340478892454673,1.0,0.3658893996306534,1.0182944699815328,0.03858415386281625
2,adsorption,3912.0,100.04742085990341,10.37763833070948,0.10372719497928194,13.417631758029934,1.0,0.36784788178540034,1.01839239408927,0.038568712632013655
2,adsorption,3914.0,100.04742189210899,10.379592105689273,0.1037467223981305,13.49475374665872,1.0,0.3698055792939309,1.0184902789646966,0.03855327691609173
2,adsorption,3916.0,100.0474229239459,10.381545097708177,0.10376624199106083,13.571844869369343,1.0,0.3717624924371617,1.018588124621858,0.038537846713599305
2,adsorption,3918.0,100.04742395541427,10.383497307046648,0.10378575376087655,13.648905137187201,1.0,0.37371862149593515,1.0186859310747967,0.03852242202308542
2,adsorption,3920.0,100.04742498651412,10.385448733985065,0.10380525771038057,13.725934561134796,1.0,0.3756739667510177,1.018783698337551,0.03850700284309792
2,adsorption,3922.0,100.04742601724561,10.387399378803782,0.10382475384237531,13.802933152231732,1.0,0.3776285284831029,1.0188814264241552,0.038491589172185633
2,adsorption,3924.0,100.04742704760869,10.389349241782995,0.103844242159662,13.87990092149471,1.0,0.379582306972808,1.0189791153486405,0.038476181008896056
2,adsorption,3926.0,100.04742807760366,10.391298323202944,0.10386372266504182,13.956837879937524,1.0,0.38153530250067874,1.0190767651250339,0.03846077835177901
2,adsorption,3928.0,100.04742910723057,10.39324662334367,0.10388319536131425,14.033744038571065,1.0,0.3834875153471846,1.0191743757673595,0.03844538119938274
2,adsorption,3930.0,100.04743013648933,10.395194142485192,0.10390266025127871,14.110619408403323,1.0,0.3854389457927184,1.0192719472896359,0.03842998955025394
2,adsorption,3932.0,100.04743116538025,10.397140880907527,0.10392211733773415,14.187464000439386,1.0,0.3873895941176029,1.01936947970588,0.03841460340294259
2,adsorption,3934.0,100.04743219390335,10.399086838890478,0.10394156662347775,14.26427782568143,1.0,0.3893394606020842,1.0194669730301043,0.03839922275599713
2,adsorption,3936.0,100.04743322205877,10.401032016713861,0.10396100811130664,14.341060895128738,1.0,0.39128854552633247,1.0195644272763167,0.038383847607964594
2,adsorption,3938.0,100.0474342498465,10.402976414657438,0.10398044180401755,14.41781321977769,1.0,0.3932368491704466,1.0196618424585224,0.03836847795739457
2,adsorption,3940.0,100.0474352772667,10.404920033000788,0.10399986770440528,14.494534810621749,1.0,0.3951843718144477,1.0197592185907225,0.03835311380283426
2,adsorption,3942.0,100.04743630431953,10.406862872023558,0.10401928581526523,14.571225678651489,1.0,0.3971311137382844,1.0198565556869141,0.03833775514283208
2,adsorption,3944.0,100.047437331005,10.408804932005227,0.10403869613939135,14.647885834854574,1.0,0.3990770752218323,1.0199538537610917,0.03832240197593778
2,adsorption,3946.0,100.04743835732323,10.410746213225183,0.10405809867957645,14.724515290215765,1.0,0.4010222565448883,1.0200511128272445,0.03830705430069765
2,adsorption,3948.0,100.0474393832744,10.41268671596285,0.10407749343861379,14.801114055716925,1.0,0.4029666579871783,1.0201483328993592,0.03829171211566062
2,adsorption,3950.0,100.0474404088584,10.414626440497447,0.1040968804192947,14.877682142337003,1.0,0.4049102798283536,1.0202455139914177,0.03827637541937578
2,adsorption,3952.0,100.04744143407554,10.416565387108223,0.1041162596244106,14.954219561052167,1.0,0.40685312234799226,1.0203426561173996,0.03826104421039067
2,adsorption,3954.0,100.04744245892579,10.418503556074251,0.1041356310567513,15.030726322835372,1.0,0.40879518582558994,1.0204397592912795,0.038245718487252736
2,adsorption,3956.0,100.04744348340938,10.420440947674654,0.10415499471910694,15.107202438657122,1.0,0.41073647054058204,1.0205368235270291,0.038230398248511606
2,adsorption,3958.0,100.04744450752621,10.422377562188318,0.10417435061426562,15.183647919484667,1.0,0.41267697677231685,1.0206338488386157,0.03821508349271382
2,adsorption,3960.0,100.04744553127657,10.424313399894267,0.10419369874501638,15.26006277628235,1.0,0.41461670480007123,1.0207308352400035,0.038199774218408616
2,adsorption,3962.0,100.04744655466044,10.426248461071214,0.10421303911414555,15.336447020011569,1.0,0.4165556549030457,1.0208277827451524,0.038184470424144336
2,adsorption,3964.0,100.04744757767796,10.428182745997992,0.1042323717244404,15.412800661631147,1.0,0.4184938273603734,1.0209246913680188,0.03816917210846836
2,adsorption,3966.0,100.04744860032919,10.430116254953267,0.10425169657868665,15.489123712096584,1.0,0.42043122245110276,1.021021561122555,0.038153879269928546
2,adsorption,3968.0,100.04744962261425,10.432048988215644,0.10427101367966941,15.565416182360794,1.0,0.42236784045421716,1.021118392022711,0.03813859190707356
2,adsorption,3970.0,100.04745064453331,10.433980946063663,0.10429032303017294,15.641678083373765,1.0,0.4243036816486244,1.0212151840824313,0.03812331001845181
2,adsorption,3972.0,100.04745166608633,10.435912128775751,0.10430962463298078,15.717909426082528,1.0,0.4262387463131553,1.0213119373156578,0.038108033602610614
2,adsorption,3974.0,100.04745268727358,10.43784253663037,0.10432891849087635,15.794110221431184,1.0,0.42817303472656904,1.0214086517363286,0.038092762658100174
2,adsorption,3976.0,100.0474537080949,10.439772169905705,0.10434820460664075,15.870280480360938,1.0,0.4301065471675441,1.0215053273583772,0.038077497183465675
2,adsorption,3978.0,100.0474547285506,10.441701028880095,0.10436748298305626,15.94642021381009,1.0,0.43203928391468804,1.0216019641957343,0.03806223717725492
2,adsorption,3980.0,100.04745574864077,10.443629113831706,0.10438675362290352,16.022529432714034,1.0,0.43397124524653813,1.021698562262327,0.03804698263801907
2,adsorption,3982.0,100.0474567683654,10.445556425038523,0.10440601652896156,16.09860814800527,1.0,0.43590243144155066,1.0217951215720775,0.038031733564304136
2,adsorption,3984.0,100.04745778772465,10.447482962778674,0.10442527170401054,16.174656370613388,1.0,0.43783284277811035,1.0218916421389055,0.038016489954658395
2,adsorption,3986.0,100.04745880671862,10.449408727330015,0.10444451915082816,16.250674111465074,1.0,0.43976247953452646,1.0219881239767263,0.03800125180762925
2,adsorption,3988.0,100.04745982534742,10.451333718970474,0.10446375887219267,16.326661381484104,1.0,0.4416913419890365,1.022084567099452,0.03798601912176637
2,adsorption,3990.0,100.04746084361109,10.45325793797777,0.1044829908708803,16.40261819159137,1.0,0.44361943041980023,1.0221809715209902,0.037970791895616814
2,adsorption,3992.0,100.04746186150977,10.455181384629658,0.10450221514966761,16.478544552704836,1.0,0.44554674510490244,1.0222773372552452,0.03795557012772721
2,adsorption,3994.0,100.04746287904351,10.457104059203788,0.1045214317113302,16.554440475739575,1.0,0.4474732863223573,1.022373664316118,0.037940353816647156
2,adsorption,3996.0,100.04746389621245,10.459025961977709,0.1045406405586425,16.630305971607754,1.0,0.4493990543501033,1.0224699527175052,0.03792514296092548
2,adsorption,3998.0,100.04746491301677,10.4609470932289,0.10455984169437828,16.70614105121864,1.0,0.4513240494660021,1.0225662024733002,0.03790993755910887
2,adsorption,4000.0,100.04746592945641,10.462867453234807,0.1045790351213112,16.781945725478586,1.0,0.4532482719478426,1.022662413597392,0.03789473760974557
2,adsorption,4002.0,100.04746694553155,10.464787042272729,0.10459822084221314,16.85772000529105,1.0,0.45517172207333767,1.022758586103667,0.03787954311138248
2,adsorption,4004.0,100.04746796124219,10.46670586061996,0.10461739885985621,16.93346390155657,1.0,0.45709440012012703,1.0228547200060063,0.037864354062567676
2,adsorption,4006.0,100.04746897658863,10.468623908553731,0.10463656917701153,17.00917742517281,1.0,0.4590163063657787,1.022950815318289,0.03784917046185125
2,adsorption,4008.0,100.0474699915708,10.47054118635108,0.10465573179644869,17.084860587034502,1.0,0.4609374410877824,1.023046872054389,0.03783399230778029
2,adsorption,4010.0,100.04747100618884,10.47245769428909,0.10467488672093743,17.160513398033483,1.0,0.4628578045635519,1.0231428902281778,0.0378188195989009
2,adsorption,4012.0,100.04747202044281,10.474373432644764,0.10469403395324695,17.23613586905869,1.0,0.4647773970704316,1.0232388698535215,0.0378036523337629
2,adsorption,4014.0,100.04747303433297,10.476288401694966,0.10471317349614467,17.311728010996152,1.0,0.4666962188856899,1.0233348109442848,0.03778849051091513
2,adsorption,4016.0,100.04747404785923,10.478202601716472,0.10473230535239766,17.387289834729,1.0,0.46861427028651614,1.023430713514326,0.03777333412890264
2,adsorption,4018.0,100.0474750610217,10.48011603298612,0.1047514295247732,17.462821351137446,1.0,0.4705315515500306,1.0235265775775015,0.03775818318627501
2,adsorption,4020.0,100.04747607382049,10.48202869578048,0.10477054601603611,17.53832257109881,1.0,0.4724480629532761,1.0236224031476637,0.037743037681579196
2,adsorption,4022.0,100.04747708625587,10.483940590376267,0.1047896548289523,17.613793505487507,1.0,0.47436380477322465,1.0237181902386612,0.03772789761336512
2,adsorption,4024.0,100.04747809832779,10.485851717049911,0.1048087559662853,17.68923416517505,1.0,0.476278777286771,1.0238139388643386,0.03771276298018041
2,adsorption,4026.0,100.04747911003629,10.487762076077864,0.10482784943079873,17.764644561030035,1.0,0.47819298077073313,1.0239096490385367,0.03769763378057115
2,adsorption,4028.0,100.04748012138153,10.489671667736541,0.10484693522525564,17.840024703918175,1.0,0.48010641550185684,1.0240053207750928,0.03768251001308489
2,adsorption,4030.0,100.0474811323637,10.491580492302262,0.10486601335241821,17.91537460470225,1.0,0.4820190817568173,1.0241009540878412,0.037667391676272484
2,adsorption,4032.0,100.0474821429828,10.493488550051177,0.10488508381504708,17.990694274242166,1.0,0.48393097981221106,1.0241965489906106,0.03765227876868131
2,adsorption,4034.0,100.04748315323884,10.495395841259468,0.10490414661590314,18.065983723394915,1.0,0.48584210994455845,1.0242921054972278,0.037637171288857366
2,adsorption,4036.0,100.04748416313204,10.497302366203217,0.10492320175774617,18.141242963014566,1.0,0.487752472430307,1.0243876236215153,0.03762206923534821
2,adsorption,4038.0,100.04748517266256,10.499208125158441,0.10494224924333524,18.216472003952305,1.0,0.48966206754583186,1.0244831033772916,0.0376069726067028
2,adsorption,4040.0,100.04748618183032,10.50111311840108,0.10496128907542897,18.29167085705641,1.0,0.49157089556743555,1.0245785447783717,0.03759188140147154
2,adsorption,4042.0,100.04748719063562,10.503017346206919,0.1049803212567841,18.366839533172254,1.0,0.49347895677134157,1.0246739478385671,0.03757679561820136
2,adsorption,4044.0,100.04748819907839,10.504920808851741,0.10499934579015759,18.441978043142306,1.0,0.4953862514336945,1.024769312571685,0.03756171525543562
2,adsorption,4046.0,100.04748920715873,10.506823506611356,0.10501836267830655,18.517086397806125,1.0,0.4972927798305745,1.0248646389915288,0.03754664031172569
2,adsorption,4048.0,100.04749021487683,10.508725439761308,0.10503737192398542,18.59216460800037,1.0,0.49919854223798676,1.0249599271118994,0.03753157078562231
2,adsorption,4050.0,100.0474912222327,10.510626608577072,0.10505637352994801,18.667212684558802,1.0,0.5011035389318504,1.0250551769465925,0.03751650667566735
2,adsorption,4052.0,100.04749222922649,10.512527013334353,0.10507536749895037,18.742230638312268,1.0,0.503007770188024,1.025150388509401,0.037501447980413403
2,adsorption,4054.0,100.04749323585834,10.514426654308354,0.10509435383374348,18.817218480088716,1.0,0.5049112362822851,1.0252455618141143,0.037486394698408074
2,adsorption,4056.0,100.0474942421283,10.516325531774468,0.1051133325370804,18.892176220713186,1.0,0.5068139374903343,1.0253406968745167,0.03747134682819707
2,adsorption,4058.0,100.04749524803645,10.518223646008039,0.10513230361171354,18.967103871007826,1.0,0.5087158740878058,1.0254357937043903,0.037456304368332055
2,adsorption,4060.0,100.04749625358282,10.520120997284012,0.10515126706039156,19.042001441791864,1.0,0.5106170463502454,1.0255308523175122,0.03744126731735416
2,adsorption,4062.0,100.04749725876775,10.522017585877851,0.1051702228858678,19.11686894388163,1.0,0.5125174545531423,1.025625872727657,0.03742623567381847
2,adsorption,4064.0,100.04749826359104,10.523913412064264,0.10518917109088867,19.191706388090555,1.0,0.5144170989719006,1.025720854948595,0.037411209436271395
2,adsorption,4066.0,100.04749926805302,10.525808476118335,0.10520811167820382,19.26651378522916,1.0,0.5163159798818463,1.0258157989940924,0.03739618860325695
2,adsorption,4068.0,100.04750027215364,10.527702778315051,0.10522704465056226,19.34129114610506,1.0,0.5182140975582421,1.0259107048779121,0.03738117317332769
2,adsorption,4070.0,100.04750127589298,10.52959631892901,0.10524597001070905,19.416038481522982,1.0,0.5201114522762674,1.0260055726138133,0.037366163145029024
2,adsorption,4072.0,100.04750227927128,10.531489098235122,0.1052648877613922,19.490755802284724,1.0,0.5220080443110305,1.0261004022155515,0.037351158516909386
2,adsorption,4074.0,100.04750328228859,10.533381116508004,0.10528379790535694,19.565443119189197,1.0,0.5239038739375674,1.0261951936968783,0.0373361592875187
2,adsorption,4076.0,100.04750428494496,10.53527237402219,0.10530270044534759,19.640100443032406,1.0,0.5257989414308358,1.0262899470715419,0.03732116545540387
2,adsorption,4078.0,100.0475052872405,10.537162871052228,0.10532159538410879,19.71472778460745,1.0,0.5276932470657185,1.026384662353286,0.037306177019111486
2,adsorption,4080.0,100.0475062891753,10.539052607872556,0.10534048272438386,19.78932515470452,1.0,0.529586791117025,1.0264793395558514,0.03729119397718914
2,adsorption,4082.0,100.0475072907494,10.540941584757563,0.10535936246891583,19.863892564110913,1.0,0.531479573859494,1.0265739786929746,0.037276216328187124
2,adsorption,4084.0,100.04750829196303,10.54282980198149,0.10537823462044593,19.938430023611005,1.0,0.5333715955677861,1.0266685797783892,0.0372612440706531
2,adsorption,4086.0,100.04750929281627,10.544717259818587,0.10539709918171576,20.01293754398629,1.0,0.5352628565164879,1.0267631428258246,0.03724627720313478
2,adsorption,4088.0,100.04751029330913,10.546603958542978,0.10541595615546569,20.08741513601534,1.0,0.5371533569801112,1.0268576678490056,0.037231315724179946
2,adsorption,4090.0,100.04751129344176,10.548489898428738,0.1054348055444354,20.161862810473842,1.0,0.5390430972330954,1.0269521548616547,0.03721635963233759
2,adsorption,4092.0,100.0475122932142,10.550375079749834,0.10545364735136373,20.236280578134558,1.0,0.5409320775498027,1.0270466038774901,0.037201408926155
2,adsorption,4094.0,100.04751329262662,10.552259502780235,0.10547248157898914,20.310668449767356,1.0,0.5428202982045237,1.0271410149102262,0.03718646360418141
2,adsorption,4096.0,100.04751429167911,10.554143167793717,0.10549130823004862,20.38502643613921,1.0,0.5447077594714708,1.0272353879735736,0.037171523664963055
2,adsorption,4098.0,100.04751529037166,10.556026075064064,0.10551012730727907,20.45935454801417,1.0,0.5465944616247825,1.027329723081239,0.03715658910704705
2,adsorption,4100.0,100.04751628870454,10.55790822486507,0.10552893881341727,20.53365279615339,1.0,0.5484804049385307,1.0274240202469265,0.037141659928986145
2,adsorption,4102.0,100.04751728667779,10.559789617470205,0.10554774275119701,20.60792119131514,1.0,0.5503655896867041,1.0275182794843352,0.037126736129326446
2,adsorption,4104.0,100.04751828429144,10.561670253153066,0.10556653912335341,20.682159744254754,1.0,0.5522500161432163,1.027612500807161,0.03711181770661375
2,adsorption,4106.0,100.04751928154562,10.563550132187164,0.10558532793262046,20.75636846572468,1.0,0.5541336845819103,1.0277066842290956,0.03709690465939639
2,adsorption,4108.0,100.04752027844037,10.565429254845888,0.10560410918173127,20.830547366474462,1.0,0.5560165952765577,1.027800829763828,0.03708199698622581
2,adsorption,4110.0,100.0475212749759,10.567307621402504,0.10562288287341726,20.904696457250736,1.0,0.5578987485008513,1.0278949374250426,0.03706709468564932
2,adsorption,4112.0,100.04752227115229,10.569185232130323,0.10564164901041077,20.978815748797242,1.0,0.5597801445284103,1.0279890072264206,0.03705219775621518
2,adsorption,4114.0,100.04752326696958,10.571062087302476,0.10566040759544203,21.052905251854813,1.0,0.5616607836327787,1.028083039181639,0.03703730619647112
2,adsorption,4116.0,100.04752426242779,10.572938187191996,0.10567915863124056,21.12696497716137,1.0,0.5635406660874202,1.028177033304371,0.03702242000496026
2,adsorption,4118.0,100.04752525752727,10.574813532072167,0.10569790212053794,21.20099493545194,1.0,0.5654197921657421,1.0282709896082871,0.037007539180240044
2,adsorption,4120.0,100.04752625226794,10.576688122215606,0.1057166380660596,21.27499513745865,1.0,0.5672981621410623,1.0283649081070532,0.03699266372085572
2,adsorption,4122.0,100.0475272466498,10.578561957895335,0.10573536647053482,21.348965593910705,1.0,0.5691757762866217,1.028458788814331,0.03697779362535085
2,adsorption,4124.0,100.04752824067317,10.580435039384238,0.10575408733669128,21.42290631553443,1.0,0.5710526348755975,1.0285526317437799,0.036962928892277494
2,adsorption,4126.0,100.04752923433801,10.582307366954923,0.1057728006672542,21.496817313053228,1.0,0.5729287381810894,1.0286464369090544,0.0369480695201852
2,adsorption,4128.0,100.04753022764451,10.584178940880062,0.10579150646494928,21.570698597187615,1.0,0.5748040864761187,1.0287402043238059,0.036933215507620264
2,adsorption,4130.0,100.04753122059262,10.586049761432271,0.10581020473250179,21.644550178655187,1.0,0.5766786800336349,1.0288339340016817,0.036918366853131414
2,adsorption,4132.0,100.0475322131826,10.587919828884012,0.10582889547263527,21.718372068170645,1.0,0.5785525191265126,1.0289276259563256,0.03690352355526688
2,adsorption,4134.0,100.04753320541448,10.589789143507778,0.1058475786880737,21.792164276445796,1.0,0.580425604027555,1.0290212802013778,0.03688868561257701
2,adsorption,4136.0,100.0475341972883,10.591657705575809,0.10586625438153865,21.865926814189525,1.0,0.582297935009485,1.0291148967504742,0.03687385302360779
2,adsorption,4138.0,100.0475351888042,10.593525515360477,0.10588492255575271,21.939659692107828,1.0,0.5841695123449531,1.029208475617248,0.036859025786906856
2,adsorption,4140.0,100.04753617996232,10.595392573134008,0.1059035832134372,22.013362920903795,1.0,0.5860403363065411,1.029302016815327,0.03684420390102619
2,adsorption,4142.0,100.04753717076272,10.597258879168445,0.10592223635731157,22.087036511277606,1.0,0.5879104071667507,1.0293955203583376,0.03682938736451343
2,adsorption,4144.0,100.0475381612055,10.599124433735831,0.10594088199009535,22.160680473926547,1.0,0.5897797251980043,1.0294889862599002,0.036814576175912384
2,adsorption,4146.0,100.04753915129066,10.600989237108314,0.10595952011450903,22.23429481954499,1.0,0.5916482906726611,1.029582414533633,0.036799770333775864
2,adsorption,4148.0,100.04754014101854,10.602853289557638,0.10597815073326892,22.307879558824414,1.0,0.5935161038630024,1.02967580519315,0.03678496983665356
2,adsorption,4150.0,100.04754113038909,10.604716591355702,0.10599677384909319,22.3814347024534,1.0,0.5953831650412322,1.0297691582520616,0.036770174683093106
2,adsorption,4152.0,100.04754211940232,10.606579142774189,0.10601538946469775,22.454960261117616,1.0,0.5972494744794755,1.0298624737239739,0.03675538487163861
2,adsorption,4154.0,100.04754310805838,10.608440944084915,0.10603399758279976,22.528456245499818,1.0,0.5991150324497921,1.0299557516224898,0.036740600400841546
2,adsorption,4156.0,100.04754409635753,10.61030199555947,0.10605259820611393,22.601922666279883,1.0,0.6009798392241713,1.0300489919612086,0.03672582126925592
2,adsorption,4158.0,100.04754508429966,10.612162297469217,0.10607119133735318,22.675359534134774,1.0,0.6028438950745139,1.0301421947537257,0.03671104747542531
2,adsorption,4160.0,100.04754607188494,10.614021850085757,0.10608977697923244,22.74876685973854,1.0,0.6047072002726475,1.0302353600136325,0.03669627901789424
2,adsorption,4162.0,100.04754705911346,10.615880653680579,0.10610835513446569,22.822144653762347,1.0,0.60656975509034,1.030328487754517,0.036681515895218245
2,adsorption,4164.0,100.04754804598538,10.617738708524772,0.10612692580576273,22.895492926874443,1.0,0.6084315597992748,1.0304215779899637,0.03666675810594545
2,adsorption,4166.0,100.04754903250071,10.619596014889666,0.106145488995836,22.968811689740182,1.0,0.6102926146710554,1.0305146307335529,0.03665200564861961
2,adsorption,4168.0,100.04755001865956,10.621452573046481,0.10616404470739668,23.042100953022008,1.0,0.612152919977219,1.030607645998861,0.03663725852179066
2,adsorption,4170.0,100.04755100446211,10.623308383266341,0.10618259294315503,23.11536072737948,1.0,0.614012475989237,1.0307006237994618,0.0366225167240153
2,adsorption,4172.0,100.04755198990838,10.625163445820041,0.106201133705818,23.18859102346923,1.0,0.6158712829784884,1.0307935641489243,0.03660778025383639
2,adsorption,4174.0,100.04755297499848,10.62701776097865,0.10621966699809543,23.261791851945006,1.0,0.6177293412162763,1.0308864670608138,0.0365930491097954
2,adsorption,4176.0,100.04755395973244,10.628871329013197,0.10623819282269661,23.33496322345764,1.0,0.6195866509738507,1.0309793325486925,0.03657832329045072
2,adsorption,4178.0,100.0475549441106,10.630724150194284,0.10625671118232634,23.408105148655075,1.0,0.6214432125223807,1.031072160626119,0.03656360279435547
2,adsorption,4180.0,100.04755592813277,10.632576224792551,0.10627522207969034,23.481217638182343,1.0,0.6232990261329436,1.0311649513066472,0.03654888762004923
2,adsorption,4182.0,100.04755691179913,10.63442755307882,0.10629372551749582,23.554300702681576,1.0,0.6251540920765519,1.0312577046038276,0.036534177766078924
2,adsorption,4184.0,100.0475578951099,10.636278135323685,0.10631222149844764,23.62735435279202,1.0,0.6270084106241568,1.0313504205312078,0.03651947323100198
2,adsorption,4186.0,100.04755887806502,10.638127971797452,0.10633071002524798,23.70037859914998,1.0,0.6288619820466217,1.0314430991023311,0.03650477401336541
2,adsorption,4188.0,100.04755986066469,10.639977062770617,0.10634919110060068,23.77337345238889,1.0,0.6307148066147318,1.0315357403307366,0.036490080111713084
2,adsorption,4190.0,100.04756084290896,10.641825408513666,0.10636766472720985,23.846338923139278,1.0,0.6325668845992107,1.0316283442299607,0.036475391524598826
2,adsorption,4192.0,100.04756182479797,10.643673009296672,0.10638613090777503,23.91927502202877,1.0,0.634418216270701,1.0317209108135352,0.03646070825057146
2,adsorption,4194.0,100.0475628063317,10.64551986538988,0.10640458964499792,23.99218175968208,1.0,0.6362688018997654,1.0318134400949883,0.03644603028817544
2,adsorption,4196.0,100.04756378751034,10.647365977063556,0.10642304094158007,24.06505914672102,1.0,0.6381186417569058,1.0319059320878452,0.03643135763596617
2,adsorption,4198.0,100.04756476833406,10.649211344587544,0.10644148480021891,24.137907193764523,1.0,0.6399677361125388,1.0319983868056268,0.03641669029248981
2,adsorption,4200.0,100.04756574880285,10.651055968231972,0.10645992122361478,24.21072591142859,1.0,0.6418160852370106,1.0320908042618508,0.03640202825629647
2,adsorption,4202.0,100.04756672891682,10.652899848266651,0.10647835021446488,24.28351531032635,1.0,0.6436636894005925,1.0321831844700295,0.03638737152593511
2,adsorption,4204.0,100.04756770867607,10.654742984961404,0.10649677177546646,24.356275401068007,1.0,0.6455105488734776,1.032275527443674,0.03637272009995235
2,adsorption,4206.0,100.04756868808072,10.656585378586078,0.106515185909317,24.42900619426087,1.0,0.6473566639257923,1.0323678331962896,0.036358073976900517
2,adsorption,4208.0,100.04756966713084,10.658427029410223,0.10653359261871097,24.501707700509353,1.0,0.649202034827583,1.0324601017413793,0.036343433155327655
2,adsorption,4210.0,100.04757064582654,10.660267937703514,0.10655199190634423,24.574379930414956,1.0,0.6510466618488223,1.032552333092441,0.0363287976337823
2,adsorption,4212.0,100.04757162416796,10.662108103735523,0.10657038377491146,24.647022894576292,1.0,0.6528905452594141,1.0326445272629707,0.03631416741081717
2,adsorption,4214.0,100.04757260215517,10.663947527775585,0.10658876822710507,24.719636603589066,1.0,0.6547336853291813,1.0327366842664594,0.0362995424849801
2,adsorption,4216.0,100.04757357978815,10.665786210093072,0.10660714526561792,24.792221068046082,1.0,0.6565760823278668,1.0328288041163933,0.03628492285481445
2,adsorption,4218.0,100.04757455706718,10.667624150957565,0.10662551489314465,24.864776298537237,1.0,0.6584177365251598,1.032920886826258,0.03627030851887991
2,adsorption,4220.0,100.04757553399222,10.669461350637876,0.10664387711237254,24.937302305649542,1.0,0.6602586481906554,1.0330129324095327,0.03625569947572044
2,adsorption,4222.0,100.04757651056346,10.671297809403443,0.10666223192599494,25.00979909996709,1.0,0.6620988175938785,1.033104940879694,0.03624109572388337
2,adsorption,4224.0,100.04757748678098,10.67313352752331,0.10668057933670134,25.082266692071084,1.0,0.663938245004287,1.0331969122502143,0.036226497261922126
2,adsorption,4226.0,100.04757846264486,10.674968505266476,0.10669891934718069,25.154705092539825,1.0,0.6657769306912643,1.0332888465345633,0.036211904088389715
2,adsorption,4228.0,100.04757943815517,10.676802742901687,0.10671725196011962,25.227114311948707,1.0,0.6676148749241038,1.0333807437462053,0.03619731620182682
2,adsorption,4230.0,100.047580413312,10.678636240698104,0.10673557717820868,25.299494360870234,1.0,0.6694520779720381,1.033472603898602,0.036182733600785055
2,adsorption,4232.0,100.0475813881155,10.680468998924356,0.10675389500413322,25.371845249873996,1.0,0.6712885401042294,1.0335644270052116,0.03616815628381903
2,adsorption,4234.0,100.04758236256573,10.682301017849134,0.1067722054405792,25.444166989526686,1.0,0.673124261589759,1.033656213079488,0.03615358424947838
2,adsorption,4236.0,100.04758333666283,10.684132297741069,0.10679050849023185,25.51645959039211,1.0,0.6749592426976275,1.0337479621348813,0.03613901749630735
2,adsorption,4238.0,100.04758431040686,10.685962838868832,0.10680880415577698,25.588723063031154,1.0,0.6767934836967713,1.0338396741848386,0.03612445602285848
2,adsorption,4240.0,100.04758528379793,10.687792641500845,0.10682709243989785,25.660957418001818,1.0,0.6786269848560537,1.0339313492428028,0.03610989982768557
2,adsorption,4242.0,100.0475862568361,10.689621705905385,0.10684537334527627,25.733162665859194,1.0,0.6804597464442501,1.0340229873222124,0.03609534890933127
2,adsorption,4244.0,100.0475872295216,10.691450032351113,0.10686364687459779,25.805338817155484,1.0,0.6822917687300792,1.034114588436504,0.0360808032663521
2,adsorption,4246.0,100.04758820185434,10.69327762110591,0.10688191303054036,25.877485882439977,1.0,0.6841230519821704,1.0342061525991084,0.0360662628972934
2,adsorption,4248.0,100.04758917383451,10.695104472438237,0.10690017181578756,25.94960387225906,1.0,0.6859535964690839,1.0342976798234542,0.036051727800704314
2,adsorption,4250.0,100.04759014546221,10.696930586616125,0.10691842323301877,26.02169279715623,1.0,0.6877834024593091,1.0343891701229655,0.036037197975136555
2,adsorption,4252.0,100.04759111673752,10.698755963907633,0.10693666728491356,26.09375266767209,1.0,0.6896124702212622,1.034480623511063,0.03602267341914274
2,adsorption,4254.0,100.04759208766053,10.70058060458066,0.10695490397414996,26.165783494344307,1.0,0.691440800023278,1.034572040001164,0.03600815413127072
2,adsorption,4256.0,100.04759305823136,10.702404508903143,0.10697313330340641,26.2377852877077,1.0,0.6932683921336176,1.0346634196066808,0.035993640110067726
2,adsorption,4258.0,100.04759402845012,10.704227677143027,0.10699135527536136,26.309758058294157,1.0,0.6950952468204795,1.034754762341024,0.03597913135409086
2,adsorption,4260.0,100.04759499831694,10.706050109567833,0.10700956989268892,26.381701816632678,1.0,0.6969213643519777,1.034846068217599,0.03596462786188905
2,adsorption,4262.0,100.04759596783173,10.707871806445256,0.10702777715806538,26.453616573249345,1.0,0.6987467449961415,1.034937337249807,0.035950129632003475
2,adsorption,4264.0,100.04759693699478,10.70969276804312,0.10704597707416776,26.525502338667366,1.0,0.7005713890209463,1.0350285694510473,0.03593563666299083
2,adsorption,4266.0,100.04759790580619,10.711512994628777,0.1070641696436686,26.59735912340702,1.0,0.7023952966942901,1.0351197648347146,0.035921148953405826
2,adsorption,4268.0,100.04759887426597,10.71333248646964,0.10708235486924117,26.66918693798573,1.0,0.7042184682839883,1.0352109234141995,0.035906666501796206
2,adsorption,4270.0,100.04759984237418,10.715151243833056,0.10710053275355795,26.740985792917975,1.0,0.7060409040577732,1.035302045202889,0.035892189306703626
2,adsorption,4272.0,100.04760081013103,10.716969266986604,0.10711870329929371,26.812755698715357,1.0,0.7078626042833284,1.0353931302141663,0.035877717366688974
2,adsorption,4274.0,100.04760177753649,10.718786556197141,0.10713686650911618,26.884496665886576,1.0,0.7096835692282453,1.0354841784614122,0.03586325068029979
2,adsorption,4276.0,100.04760274459085,10.720603111732002,0.10715502238569752,26.95620870493743,1.0,0.7115037991600418,1.0355751899580021,0.03584878924608401
2,adsorption,4278.0,100.04760371129397,10.72241893385828,0.10717317093170788,27.027891826370816,1.0,0.7133232943461658,1.0356661647173082,0.03583433306259307
2,adsorption,4280.0,100.04760467764613,10.724234022842962,0.10719131214981606,27.09954604068675,1.0,0.7151420550539953,1.0357571027526997,0.035819882128381365
2,adsorption,4282.0,100.04760564364732,10.726048378952834,0.107209446042689,27.17117135838232,1.0,0.7169600815508214,1.035848004077541,0.03580543644199425
2,adsorption,4284.0,100.04760660929773,10.727862002455012,0.10722757261299683,27.242767789951742,1.0,0.7187773741038733,1.0359388687051936,0.03579099600198633
2,adsorption,4286.0,100.04760757459738,10.729674893616046,0.1072456918634041,27.314335345886313,1.0,0.7205939329803,1.036029696649015,0.035776560806907755
2,adsorption,4288.0,100.04760853954636,10.731487052702665,0.10726380379657723,27.385874036674444,1.0,0.722409758447171,1.0361204879223584,0.03576213085530454
2,adsorption,4290.0,100.04760950414486,10.733298479981741,0.10728190841518377,27.45738387280165,1.0,0.7242248507714993,1.036211242538575,0.035747706145736496
2,adsorption,4292.0,100.04761046839288,10.735109175719387,0.10730000572188411,27.52886486475054,1.0,0.7260392102201988,1.03630196051101,0.035733286676744386
2,adsorption,4294.0,100.04761143229057,10.736919140182566,0.10731809571934671,27.600317023000812,1.0,0.7278528370601306,1.0363926418530065,0.0357188724468856
2,adsorption,4296.0,100.047612395838,10.738728373637366,0.10733617841023159,27.67174035802929,1.0,0.7296657315580732,1.0364832865779037,0.03570446345471137
2,adsorption,4298.0,100.04761335903534,10.740536876350212,0.10735425379720198,27.743134880309903,1.0,0.7314778939807286,1.0365738946990364,0.03569005969877033
2,adsorption,4300.0,100.0476143218825,10.742344648587354,0.1073723218829195,27.81450060031365,1.0,0.733289324594724,1.0366644662297362,0.035675661177611714
2,adsorption,4302.0,100.04761528437975,10.744151690614995,0.10739038267004511,27.88583752850866,1.0,0.735100023666616,1.0367550011833309,0.03566126788978724
2,adsorption,4304.0,100.04761624652716,10.74595800269932,0.10740843616123968,27.957145675360152,1.0,0.7369099914628937,1.0368454995731446,0.03564687983385401
2,adsorption,4306.0,100.04761720832482,10.747763585106192,0.10742648235916093,28.028425051330462,1.0,0.7387192282499598,1.0369359614124982,0.035632497008359465
2,adsorption,4308.0,100.04761816977275,10.74956843810162,0.10744452126646802,28.099675666879005,1.0,0.7405277342941405,1.0370263867147071,0.03561811941184955
2,adsorption,4310.0,100.04761913087118,10.75137256195169,0.1074625528858207,28.17089753246231,1.0,0.7423355098617036,1.0371167754930852,0.03560374704288256
2,adsorption,4312.0,100.04762009162008,10.75317595692195,0.10748057721987363,28.24209065853402,1.0,0.7441425552188327,1.0372071277609416,0.035589379900009016
2,adsorption,4314.0,100.04762105201962,10.754978623278223,0.10749859427128394,28.313255055544868,1.0,0.7459488706316322,1.0372974435315816,0.03557501798177578
2,adsorption,4316.0,100.04762201206992,10.756780561286327,0.10751660404270887,28.384390733942677,1.0,0.7477544563661442,1.0373877228183073,0.035560661286738925
2,adsorption,4318.0,100.04762297177098,10.758581771211555,0.1075346065368005,28.455497704172405,1.0,0.7495593126883231,1.0374779656344162,0.03554630981344393
2,adsorption,4320.0,100.04762393112303,10.76038225331978,0.1075526017562164,28.52657597667608,1.0,0.7513634398640657,1.0375681719932033,0.03553196356044966
2,adsorption,4322.0,100.04762489012602,10.762182007876165,0.1075705897036074,28.597625561892865,1.0,0.7531668381591844,1.0376583419079592,0.03551762252630656
2,adsorption,4324.0,100.04762584878009,10.763981035146093,0.10758857038162632,28.668646470259,1.0,0.7549695078394091,1.0377484753919703,0.03550328670955908
2,adsorption,4326.0,100.0476268070854,10.765779335395116,0.10760654379292764,28.73963871220783,1.0,0.7567714491704137,1.0378385724585206,0.0354889561087661
2,adsorption,4328.0,100.04762776504201,10.76757690888807,0.10762450994015879,28.81060229816982,1.0,0.758572662417781,1.037928633120889,0.0354746307224728
2,adsorption,4330.0,100.04762872265007,10.769373755890564,0.10764246882597486,28.881537238572527,1.0,0.7603731478470417,1.038018657392352,0.03546031054924201
2,adsorption,4332.0,100.04762967990958,10.771169876667193,0.10766042045302084,28.952443543840616,1.0,0.7621729057236287,1.0381086452861816,0.035445995587618115
2,adsorption,4334.0,100.04763063682064,10.77296527148319,0.1076783648239482,29.02332122439586,1.0,0.7639719363129038,1.0381985968156453,0.03543168583614785
2,adsorption,4336.0,100.04763159338341,10.774759940603566,0.10769630194140598,29.09417029065711,1.0,0.7657702398801683,1.0382885119940084,0.03541738129338911
2,adsorption,4338.0,100.04763254959792,10.77655388429304,0.10771423180804039,29.164990753040353,1.0,0.7675678166906469,1.0383783908345323,0.0354030819578975
2,adsorption,4340.0,100.04763350546439,10.778347102816312,0.10773215442649746,29.235782621958666,1.0,0.7693646670094765,1.0384682333504738,0.03538878782821837
2,adsorption,4342.0,100.0476344609828,10.780139596438257,0.10775006979942503,29.30654590782223,1.0,0.7711607911017287,1.0385580395550864,0.035374498902903825
2,adsorption,4344.0,100.04763541615338,10.781931365423487,0.10776797792946807,29.377280621038324,1.0,0.7729561892324087,1.0386478094616205,0.03536021518051238
2,adsorption,4346.0,100.04763637097598,10.78372241003638,0.10778587881926974,29.44798677201135,1.0,0.774750861666435,1.0387375430833217,0.03534593665959227
2,adsorption,4348.0,100.04763732545098,10.785512730541537,0.10780377247147471,29.5186643711428,1.0,0.7765448086686524,1.0388272404334327,0.03533166333869292
2,adsorption,4350.0,100.04763827957822,10.787302327203447,0.10782165888872718,29.589313428831264,1.0,0.7783380305038405,1.038916901525192,0.03531739521637032
2,adsorption,4352.0,100.047639233358,10.789091200286242,0.10783953807366731,29.65993395547246,1.0,0.7801305274366993,1.0390065263718349,0.03530313229117631
2,adsorption,4354.0,100.04764018679029,10.79087935005433,0.10785741002893835,29.730525961459186,1.0,0.7819222997318533,1.0390961149865927,0.035288874561661916
2,adsorption,4356.0,100.04764113987528,10.792666776771817,0.10787527475718026,29.80108945718136,1.0,0.7837133476538554,1.0391856673826927,0.035274622026380036
2,adsorption,4358.0,100.04764209261305,10.794453480702916,0.10789313226103422,29.87162445302599,1.0,0.7855036714671877,1.0392751835733594,0.03526037468388659
2,adsorption,4360.0,100.04764304500364,10.796239462111428,0.10791098254313737,29.942130959377216,1.0,0.7872932714362463,1.0393646635718123,0.03524613253272781
2,adsorption,4362.0,100.04764399704715,10.7980247212616,0.10792882560613119,30.012608986616257,1.0,0.7890821478253656,1.0394541073912682,0.03523189557146002
2,adsorption,4364.0,100.04764494874371,10.799809258417076,0.1079466614526511,30.083058545121443,1.0,0.7908703008987974,1.03954351504494,0.03521766379863312
2,adsorption,4366.0,100.04764590009341,10.801593073841842,0.107964490085336,30.153479645268217,1.0,0.7926577309207263,1.0396328865460363,0.03520343721280224
2,adsorption,4368.0,100.04764685109643,10.803376167799561,0.10798231150682147,30.223872297429114,1.0,0.7944444381552613,1.039722221907763,0.03518921581252158
2,adsorption,4370.0,100.04764780175267,10.805158540553876,0.10800012571974317,30.294236511973796,1.0,0.7962304228664344,1.0398115211433216,0.03517499959634296
2,adsorption,4372.0,100.0476487520624,10.806940192368362,0.10801793272673571,30.364572299269017,1.0,0.7980156853182012,1.03990078426591,0.03516078856281661
2,adsorption,4374.0,100.04764970202564,10.808721123506638,0.10803573253043443,30.434879669678626,1.0,0.7998002257744486,1.0399900112887224,0.03514658271049745
2,adsorption,4376.0,100.04765065164247,10.810501334231992,0.10805352513347115,30.5051586335636,1.0,0.8015840444989851,1.0400792022249492,0.03513238203793638
2,adsorption,4378.0,100.04765160091303,10.812280824807905,0.10807131053847978,30.575409201282007,1.0,0.8033671417555479,1.0401683570877773,0.03511818654368724
2,adsorption,4380.0,100.04765254983748,10.814059595497685,0.10808908874809228,30.645631383189023,1.0,0.8051495178078035,1.0402574758903902,0.035103996226306305
2,adsorption,4382.0,100.04765349841578,10.815837646564493,0.1081068597649395,30.71582518963694,1.0,0.8069311729193418,1.040346558645967,0.0350898110843478
2,adsorption,4384.0,100.04765444664815,10.817614978271338,0.1081246235916504,30.785990630975153,1.0,0.808712107353666,1.0404356053676835,0.03507563111635648
2,adsorption,4386.0,100.04765539453453,10.819391590881565,0.1081423802308576,30.856127717550148,1.0,0.8104923213742191,1.040524616068711,0.035061456320887946
2,adsorption,4388.0,100.04765634207517,10.821167484658089,0.10816012968518915,30.92623645970553,1.0,0.8122718152443791,1.040613590762219,0.035047286696505066
2,adsorption,4390.0,100.04765728927009,10.822942659863589,0.108177871957271,30.996316867782014,1.0,0.8140505892274258,1.0407025294613712,0.035033122241751896
2,adsorption,4392.0,100.04765823611937,10.82471711676117,0.10819560704973313,31.066368952117415,1.0,0.8158286435865727,1.0407914321793286,0.035018962955178465
2,adsorption,4394.0,100.04765918262325,10.826490855613674,0.108213334965203,31.136392723046654,1.0,0.8176059785849781,1.040880298929249,0.035004808835349836
2,adsorption,4396.0,100.04766012878167,10.8282638766835,0.10823105570630362,31.206388190901773,1.0,0.8193825944857048,1.0409691297242853,0.03499065988081435
2,adsorption,4398.0,100.04766107459477,10.830036180233503,0.10824876927566263,31.2763553660119,1.0,0.8211584915517484,1.0410579245775875,0.03497651609012572
2,adsorption,4400.0,100.04766202006263,10.831807766526106,0.1082664756759033,31.346294258703292,1.0,0.8229336700460242,1.0411466835023013,0.034962377461833075
2,adsorption,4402.0,100.04766296518541,10.833578635823926,0.10828417490965075,31.416204879299297,1.0,0.8247081302313868,1.0412354065115694,0.034948243994495795
2,adsorption,4404.0,100.04766390996319,10.83534878838931,0.10830186697952753,31.48608723812038,1.0,0.8264818723706137,1.0413240936185306,0.03493411568667109
2,adsorption,4406.0,100.04766485439603,10.837118224484362,0.10831955188815372,31.555941345484108,1.0,0.8282548967263892,1.0414127448363195,0.034919992536901416
2,adsorption,4408.0,100.04766579848396,10.838886944371708,0.10833722963815468,31.625767211705153,1.0,0.8300272035613434,1.0415013601780672,0.03490587454374477
2,adsorption,4410.0,100.04766674222721,10.840654948313318,0.10835490023214896,31.695564847095298,1.0,0.8317987931380314,1.0415899396569015,0.03489176170575854
2,adsorption,4412.0,100.04766768562591,10.842422236571373,0.10837256367275748,31.765334261963435,1.0,0.8335696657189334,1.0416784832859467,0.034877654021499435
2,adsorption,4414.0,100.04766862867997,10.844188809407816,0.10839021996259879,31.83507546661557,1.0,0.8353398215664484,1.0417669910783225,0.03486355148951827
2,adsorption,4416.0,100.04766957138959,10.845954667084548,0.10840786910429086,31.904788471354813,1.0,0.8371092609428935,1.0418554630471446,0.03484945410836071
2,adsorption,4418.0,100.04767051375484,10.847719809863804,0.10842551110045513,31.974473286481366,1.0,0.838877984110537,1.0419438992055268,0.0348353618765916
2,adsorption,4420.0,100.04767145577595,10.849484238007017,0.1084431459537048,32.04412992229257,1.0,0.8406459913315613,1.042032299566578,0.03482127479276636
2,adsorption,4422.0,100.04767239745286,10.851247951776056,0.10846077366665775,32.113758389082854,1.0,0.8424132828680662,1.0421206641434033,0.0348071928554345
2,adsorption,4424.0,100.0476733387857,10.853010951432585,0.10847839424192963,32.18335869714376,1.0,0.8441798589820827,1.042208992949104,0.03479311606314926
2,adsorption,4426.0,100.04767427977454,10.854773237238218,0.10849600768213558,32.252930856763946,1.0,0.8459457199355706,1.0422972859967785,0.03477904441446613
2,adsorption,4428.0,100.04767522041962,10.856534809454432,0.10851361398988935,32.322474878229166,1.0,0.8477108659904162,1.0423855432995208,0.03476497790794141
2,adsorption,4430.0,100.04767616072085,10.858295668342695,0.10853121316780476,32.391990771822286,1.0,0.8494752974084293,1.0424737648704214,0.03475091654212912
2,adsorption,4432.0,100.04767710067848,10.860055814164397,0.10854880521849467,32.4614785478233,1.0,0.8512390144513516,1.0425619507225676,0.03473686031558844
2,adsorption,4434.0,100.04767804029247,10.861815247180594,0.10856639014456874,32.53093821650928,1.0,0.8530020173808294,1.0426501008690414,0.03472280922686134
2,adsorption,4436.0,100.047678979563,10.863573967652984,0.1085839679486429,32.600369788154424,1.0,0.854764306458465,1.0427382153229232,0.03470876327451427
2,adsorption,4438.0,100.04767991849018,10.865331975842242,0.10860153863332297,32.669773273030046,1.0,0.8565258819457708,1.0428262940972886,0.03469472245710035
2,adsorption,4440.0,100.04768085707406,10.867089272009617,0.10861910220122047,32.739148681404565,1.0,0.8582867441041797,1.0429143372052092,0.0346806867731688
2,adsorption,4442.0,100.04768179531477,10.868845856416295,0.10863665865494627,32.80849602354352,1.0,0.8600468931950696,1.0430023446597534,0.034666656221283905
2,adsorption,4444.0,100.04768273321238,10.870601729322773,0.10865420799710446,32.87781530970953,1.0,0.8618063294797219,1.0430903164739864,0.0346526307999925
2,adsorption,4446.0,100.04768367076699,10.872356890990272,0.10867175023030615,32.947106550162346,1.0,0.863565053219356,1.0431782526609679,0.03463861050785068
2,adsorption,4448.0,100.04768460797865,10.874111341679498,0.10868928535715762,33.016369755158834,1.0,0.8653230646751247,1.0432661532337562,0.034624595343420626
2,adsorption,4450.0,100.04768554484761,10.875865081650902,0.10870681338026214,33.08560493495296,1.0,0.8670803641080878,1.0433540182054044,0.03461058530524918
2,adsorption,4452.0,100.04768648137379,10.877618111165386,0.10872433430222805,33.1548120997958,1.0,0.8688369517792389,1.043441847588962,0.034596580391890355
2,adsorption,4454.0,100.04768741755747,10.879370430483537,0.10874184812566,33.22399125993554,1.0,0.8705928279495153,1.0435296413974757,0.034582580601911196
2,adsorption,4456.0,100.04768835339854,10.88112203986551,0.10875935485315877,33.29314242561749,1.0,0.8723479928797548,1.0436173996439877,0.034568585933858954
2,adsorption,4458.0,100.0476892888972,10.882872939571907,0.10877685448732932,33.362265607084055,1.0,0.8741024468307232,1.0437051223415363,0.034554596386283054
2,adsorption,4460.0,100.0476902240536,10.884623129863366,0.10879434703077703,33.43136081457475,1.0,0.8758561900631439,1.0437928095031572,0.034540611957757116
2,adsorption,4462.0,100.04769115886778,10.886372610999475,0.10881183248609687,33.500428058326236,1.0,0.8776092228376278,1.0438804611418815,0.03452663264682491
2,adsorption,4464.0,100.04769209333972,10.88812138324078,0.10882931085589342,33.56946734857224,1.0,0.8793615454147135,1.0439680772707356,0.03451265845203177
2,adsorption,4466.0,100.04769302746982,10.889869446847827,0.10884678214277091,33.63847869554361,1.0,0.8811131580549114,1.0440556579027456,0.0344986893719587
2,adsorption,4468.0,100.04769396125785,10.891616802079692,0.10886424634931943,33.70746210946834,1.0,0.8828640610186052,1.0441432030509303,0.034484725405145265
2,adsorption,4470.0,100.04769489470408,10.893363449196986,0.10888170347814394,33.77641760057149,1.0,0.8846142545661161,1.044230712728306,0.0344707665501408
2,adsorption,4472.0,100.04769582780858,10.895109388459755,0.10889915353184398,33.84534517907525,1.0,0.8863637389577235,1.0443181869478861,0.03445681280551923
2,adsorption,4474.0,100.04769676057147,10.896854620127227,0.10891659651301087,33.91424485519895,1.0,0.8881125144536045,1.0444056257226801,0.03444286416983247
2,adsorption,4476.0,100.04769769299276,10.898599144459372,0.10893403242424336,33.98311663915899,1.0,0.8898605813138493,1.0444930290656924,0.03442892064162259
2,adsorption,4478.0,100.04769862507263,10.900342961716264,0.10895146126814119,34.05196054116891,1.0,0.8916079397985139,1.0445803969899257,0.03441498221946271
2,adsorption,4480.0,100.04769955681117,10.902086072156802,0.10896888304729238,34.120776571439336,1.0,0.8933545901675493,1.0446677295083775,0.034401048901901765
2,adsorption,4482.0,100.04770048820848,10.903828476041037,0.10898629776429648,34.18956474017804,1.0,0.8951005326808426,1.0447550266340422,0.03438712068749636
2,adsorption,4484.0,100.04770141926457,10.905570173628055,0.10900370542174344,34.258325057589886,1.0,0.8968457675981983,1.04484228837991,0.034373197574797114
2,adsorption,4486.0,100.04770234997962,10.907311165177623,0.10902110602222988,34.32705753387684,1.0,0.8985902951793697,1.0449295147589686,0.03435927956237157
2,adsorption,4488.0,100.04770328035369,10.909051450948615,0.1090384995683436,34.39576217923801,1.0,0.900334115684016,1.0450167057842008,0.03434536664877217
2,adsorption,4490.0,100.04770421038688,10.910791031200448,0.10905588606267785,34.46443900386961,1.0,0.9020772293717216,1.0451038614685861,0.03433145883255081
2,adsorption,4492.0,100.04770514007937,10.912529906192484,0.1090732655078252,34.53308801796494,1.0,0.9038196365020188,1.0451909818251008,0.03431755611227574
2,adsorption,4494.0,100.04770606943113,10.914268076183241,0.10909063790636996,34.601709231714466,1.0,0.9055613373343342,1.0452780668667168,0.03430365848649143
2,adsorption,4496.0,100.04770699844231,10.916005541432241,0.1091080032609063,34.670302655305704,1.0,0.9073023321280396,1.045365116606402,0.03428976595375686
2,adsorption,4498.0,100.04770792711307,10.917742302198397,0.10912536157402235,34.738868298923336,1.0,0.9090426211424484,1.0454521310571225,0.03427587851264296
2,adsorption,4500.0,100.04770885544336,10.91947835873993,0.10914271284829957,34.80740617274914,1.0,0.9107822046367566,1.0455391102318379,0.03426199616168741
2,adsorption,4502.0,100.04770978343342,10.921213711316408,0.10916005708633242,34.875916286961996,1.0,0.9125210828701174,1.0456260541435058,0.0342481188994517
2,adsorption,4504.0,100.04771071108324,10.922948360186258,0.10917739429070432,34.944398651737906,1.0,0.9142592561016205,1.045712962805081,0.03423424672450586
2,adsorption,4506.0,100.047711638393,10.924682305607707,0.10919472446399657,35.01285327725,1.0,0.915996724590246,1.0457998362295122,0.03422037963539186
2,adsorption,4508.0,100.04771256536274,10.92641554784004,0.10921204760880106,35.0812801736685,1.0,0.917733488594934,1.0458866744297466,0.03420651763067844
2,adsorption,4510.0,100.04771349199257,10.928148087141047,0.1092293637276947,35.14967935116077,1.0,0.9194695483745242,1.0459734774187261,0.03419266070891344
2,adsorption,4512.0,100.04771441828268,10.92987992376972,0.10924667282326642,35.21805081989127,1.0,0.9212049041878084,1.0460602452093906,0.03417880886866521
2,adsorption,4514.0,100.04771534423298,10.931611057983888,0.1092639748980936,35.28639459002157,1.0,0.9229395562934793,1.0461469778146741,0.03416496210848248
2,adsorption,4516.0,100.04771626984366,10.933341490042068,0.1092812699547605,35.35471067171037,1.0,0.9246735049501629,1.0462336752475083,0.034151120426919555
2,adsorption,4518.0,100.04771719511494,10.93507122020269,0.10929855799585023,35.42299907511348,1.0,0.9264067504164365,1.0463203375208219,0.034137283822550865
2,adsorption,4520.0,100.04771812004665,10.936800248723275,0.10931583902393728,35.49125981038383,1.0,0.9281392929507678,1.0464069646475385,0.034123452293922246
2,adsorption,4522.0,100.0477190446391,10.938528575862165,0.10933311304160401,35.55949288767145,1.0,0.9298711328115521,1.0464935566405775,0.034109625839581645
2,adsorption,4524.0,100.04771996889234,10.94025620187775,0.10935038005143331,35.6276983171235,1.0,0.931602270257151,1.0465801135128576,0.03409580445810776
2,adsorption,4526.0,100.04772089280642,10.941983127027065,0.10936764005599461,35.695876108884256,1.0,0.9333327055458109,1.0466666352772909,0.03408198814804743
2,adsorption,4528.0,100.04772181638153,10.943709351568621,0.10938489305787202,35.7640262730951,1.0,0.9350624389357203,1.046753121946786,0.034068176907959845
2,adsorption,4530.0,100.04772273961761,10.945434875760004,0.10940213905964051,35.83214881989455,1.0,0.9367914706850023,1.0468395735342502,0.034054370736410856
2,adsorption,4532.0,100.04772366251487,10.947159699858478,0.10941937806387171,35.90024375941823,1.0,0.9385198010516803,1.046925990052584,0.03404056963194612
2,adsorption,4534.0,100.04772458507344,10.948883824122348,0.10943661007314763,35.96831110179887,1.0,0.9402474302937326,1.0470123715146866,0.034026773593134184
2,adsorption,4536.0,100.04772550729334,10.950607248808488,0.10945383509003614,36.036350857166326,1.0,0.9419743586690444,1.0470987179334523,0.03401298261852805
2,adsorption,4538.0,100.04772642917465,10.952329974174665,0.10947105311711397,36.10436303564758,1.0,0.9437005864354309,1.0471850293217715,0.03399919670668443
2,adsorption,4540.0,100.04772735071754,10.954052000478342,0.10948826415695469,36.17234764736672,1.0,0.9454261138506465,1.0472713056925322,0.03398541585616987
2,adsorption,4542.0,100.04772827192204,10.955773327976395,0.10950546821212614,36.24030470244494,1.0,0.9471509411723467,1.0473575470586174,0.03397164006553161
2,adsorption,4544.0,100.04772919278828,10.957493956926546,0.1095226652852046,36.30823421100056,1.0,0.9488750686581332,1.0474437534329066,0.03395786933333263
2,adsorption,4546.0,100.04773011331642,10.959213887585863,0.10953985537875972,36.37613618314904,1.0,0.9505984965655473,1.0475299248282774,0.03394410365814604
2,adsorption,4548.0,100.04773103350638,10.960933120211035,0.10955703849535753,36.44401062900295,1.0,0.9523212251520231,1.047616061257601,0.033930343038518995
2,adsorption,4550.0,100.0477319533584,10.962651655059235,0.10957421463756872,36.51185755867194,1.0,0.9540432546749146,1.0477021627337457,0.03391658747299455
2,adsorption,4552.0,100.04773287287259,10.964369492388046,0.1095913838079681,36.579676982262825,1.0,0.9557645853915612,1.0477882292695782,0.033902836960161255
2,adsorption,4554.0,100.047733792049,10.966086632453303,0.10960854600911311,36.647468909879514,1.0,0.9574852175591794,1.047874260877959,0.03388909149856964
2,adsorption,4556.0,100.04773471088767,10.967803075512295,0.10962570124357576,36.71523335162305,1.0,0.9592051514349065,1.0479602575717453,0.033875351086766155
2,adsorption,4558.0,100.04773562938873,10.969518821821893,0.10964284951392374,36.78297031759158,1.0,0.9609243872758326,1.0480462193637916,0.03386161572331785
2,adsorption,4560.0,100.0477365475524,10.971233871638423,0.10965999082271922,36.85067981788036,1.0,0.9626429253389673,1.0481321462669484,0.03384788540678728
2,adsorption,4562.0,100.04773746537857,10.972948225218614,0.10967712517252867,36.918361862581804,1.0,0.9643607658812409,1.048218038294062,0.03383416013573176
2,adsorption,4564.0,100.04773838286751,10.974661882818863,0.10969425256591506,36.98601646178541,1.0,0.9660779091595101,1.0483038954579755,0.03382043990870968
2,adsorption,4566.0,100.04773930001915,10.976374844695695,0.10971137300544274,37.053643625577806,1.0,0.9677943554305621,1.048389717771528,0.0338067247242824
2,adsorption,4568.0,100.0477402168338,10.978087111105266,0.10972848649367216,37.12124336404273,1.0,0.9695101049511013,1.0484755052475552,0.03379301458100435
2,adsorption,4570.0,100.04774113331139,10.979798682304194,0.1097455930331686,37.18881568726107,1.0,0.9712251579777776,1.048561257898889,0.03377930947744526
2,adsorption,4572.0,100.04774204945205,10.981509558548264,0.10976269262648902,37.25636060531079,1.0,0.9729395147671497,1.0486469757383574,0.03376560941216093
2,adsorption,4574.0,100.0477429652559,10.983219740093796,0.10977978527619556,37.32387812826702,1.0,0.9746531755757006,1.048732658778785,0.03375191438370607
2,adsorption,4576.0,100.04774388072303,10.984929227196975,0.10979687098484915,37.39136826620198,1.0,0.9763661406598585,1.0488183070329928,0.03373822439065012
2,adsorption,4578.0,100.04774479585355,10.986638020113466,0.1098139497550054,37.45883102918502,1.0,0.9780784102759574,1.048903920513798,0.0337245394315465
2,adsorption,4580.0,100.04774571064752,10.988346119099324,0.10983102158922405,37.5262664272826,1.0,0.9797899846802629,1.0489894992340132,0.03371085950495309
2,adsorption,4582.0,100.04774662510506,10.990053524410566,0.10984808649006418,37.59367447055831,1.0,0.9815008641289819,1.049075043206449,0.03369718460943963
2,adsorption,4584.0,100.04774753922621,10.991760236302596,0.10986514446007893,37.66105516907288,1.0,0.9832110488782319,1.0491605524439116,0.03368351474356333
2,adsorption,4586.0,100.04774845301124,10.993466255031183,0.10988219550182493,37.728408532884124,1.0,0.9849205391840488,1.0492460269592025,0.0336698499058756
2,adsorption,4588.0,100.04774936646004,10.995171580852238,0.10989923961786047,37.79573457204699,1.0,0.9866293353024183,1.049331466765121,0.03365619009494648
2,adsorption,4590.0,100.04775027957278,10.996876214020968,0.10991627681073657,37.86303329661356,1.0,0.988337437489247,1.0494168718744623,0.033642535309341436
2,adsorption,4592.0,100.04775119234961,10.998580154792798,0.10993330708300647,37.93030471663303,1.0,0.9900448460003473,1.0495022423000173,0.033628885547610184
2,adsorption,4594.0,100.04775228539826,11.000377340358225,0.10995126915973409,37.99754835265808,1.0,0.9917469752181193,1.049587348760906,0.03361167361697155
2,adsorption,4596.0,100.0477636774813,11.015540375293273,0.11010281459966952,38.064634056542516,1.0,0.9932430865842647,1.0496621543292133,0.033436926404876145
2,adsorption,4598.0,100.04778853867172,11.056229386298428,0.11050948299596683,38.13116215638702,1.0,0.9944678980966264,1.0497233949048312,0.03306171738762817
2,adsorption,4600.0,100.04782381760187,11.117568061797769,0.11112253757829166,38.19677866131046,1.0,0.9954706226674362,1.0497735311333718,0.032531512454391114
2,adsorption,4602.0,100.04786703369467,11.19463596506848,0.11189279988646124,38.26121068197237,1.0,0.9962916355491993,1.04981458177746,0.03188326208892809
2,adsorption,4604.0,100.04791618752064,11.283442737364929,0.11278038731177846,38.32425322892168,1.0,0.9969638478062233,1.0498481923903111,0.03114673671042055
2,adsorption,4606.0,100.04796966369074,11.38076268039248,0.11375305984367988,38.385754818813645,1.0,0.9975142185452224,1.0498757109272612,0.030345994089000614
2,adsorption,4608.0,100.04802616102242,11.484001771387646,0.11478489093732548,38.445607278642285,1.0,0.9979648154494122,1.0498982407724706,0.02950041047769581
2,adsorption,4610.0,100.04808463310155,11.59108047431313,0.11585509624517235,38.503737045555425,1.0,0.9983337282278261,1.0499166864113914,0.028625567106595935
2,adsorption,4612.0,100.04814424261836,11.70034188440606,0.11694711554101937,38.560098476203464,1.0,0.998635769289863,1.0499317884644932,0.02773393052202383
2,adsorption,4614.0,100.04820432318692,11.810474793646707,0.11804784377233987,38.61466828363239,1.0,0.9988830604019501,1.0499441530200977,0.026835421440873263
2,adsorption,4616.0,100.04826434744012,11.920448501103188,0.11914697949888213,38.66744091196844,1.0,0.9990855233551399,1.049954276167757,0.025937889977640294
2,adsorption,4618.0,100.0483239008576,12.029459355932463,0.12023649059681399,38.718424753588934,1.0,0.9992512827315351,1.0499625641365768,0.025047505458818675
2,adsorption,4620.0,100.04838266044746,12.136887200148632,0.12131017890953634,38.76763908457671,1.0,0.999386994475747,1.0499693497237874,0.0241690739995486
2,adsorption,4622.0,100.04844037778007,12.242260570304191,0.1223633324425425,38.81511164517962,1.0,0.9994981078522968,1.0499749053926148,0.023306291221199076
2,adsorption,4624.0,100.04849686501952,12.345228064500768,0.12339243918033413,38.860876662875775,1.0,0.9995890815460089,1.0499794540773004,0.022461950348371465
2,adsorption,4626.0,100.04855198321782,12.445534525483504,0.12439494904005328,38.904973208637294,1.0,0.9996635650223666,1.0499831782511184,0.021638116544700062
2,adsorption,4628.0,100.04860563280563,12.543001761653626,0.1253690811812855,38.94744387572285,1.0,0.9997245462482145,1.0499862273124108,0.020836268559150342
2,adsorption,4630.0,100.04865774577969,12.637512730035997,0.12631366591791263,38.98833370801491,1.0,0.9997744733982362,1.049988723669912,0.020057415090326016
2,adsorption,4632.0,100.0487082795485,12.728999162456432,0.12722802104440994,39.027689371285604,1.0,0.9998153511600478,1.0499907675580025,0.019302186479125252
2,adsorption,4634.0,100.04875721188738,12.817431480297246,0.12811185103630982,39.06555848621303,1.0,0.9998488200052343,1.0499924410002617,0.018570909879822246
2,adsorption,4636.0,100.04880453672882,12.90281043928438,0.12896516354223544,39.10198908412369,1.0,0.9998762224486947,1.0499938111224347,0.01786367182750815
2,adsorption,4638.0,100.048850260719,12.98516031754003,0.12978820130068247,39.13702917080209,1.0,0.9998986578198559,1.0499949328909928,0.01718036968344588
2,adsorption,4640.0,100.04889440044134,13.064523498191253,0.1305813879951643,39.170726388673636,1.0,0.9999170265514797,1.049995851327574,0.01652075293668147
2,adsorption,4642.0,100.04893698019397,13.140956160724244,0.13134528519104277,39.20312775858096,1.0,0.9999320659245241,1.0499966032962262,0.015884456249509668
2,adsorption,4644.0,100.04897803019054,13.214524801933825,0.13208055756397877,39.23427948042181,1.0,0.9999443794113771,1.0499972189705689,0.015271026332437888
2,adsorption,4646.0,100.04901758507604,13.285303412815384,0.13278794468439745,39.2642267793118,1.0,0.9999544610016577,1.049997723050083,0.014679943995057152
2,adsorption,4648.0,100.04905568272703,13.353371213740195,0.13346823838183997,39.293013790708756,1.0,0.9999627151977604,1.049998135759888,0.014110642040077904
2,adsorption,4650.0,100.04909236329043,13.418810862410625,0.13412226483460027,39.32068347898763,1.0,0.9999694732576151,1.0499984736628807,0.013562519561187217
2,adsorption,4652.0,100.04912766841863,13.48170704185667,0.13475087045773698,39.347277582613714,1.0,0.9999750063995234,1.0499987503199761,0.013034953339354121
2,adsorption,4654.0,100.04916164065527,13.542145343876976,0.1353549107439406,39.372836579455665,1.0,0.9999795366438707,1.0499989768321936,0.012527306993105896
2,adsorption,4656.0,100.04919432294056,13.600211386452154,0.1359352414428561,39.3973996678699,1.0,0.9999832457517792,1.049999162287589,0.012038938328989902
2,adsorption,4658.0,100.04922575822054,13.655990125192494,0.1364927116796848,39.42100476082039,1.0,0.999986282552545,1.0499993141276271,0.011569205174577425
2,adsorption,4660.0,100.04925598913972,13.70956532664093,0.13702815869144588,39.44368849066298,1.0,0.999988768913631,1.0499994384456817,0.011117469939372602
2,adsorption,4662.0,100.04928505779793,13.761019161473635,0.13754240376154583,39.465486222537315,1.0,0.9999908047310778,1.0499995402365538,0.01068310323949441
2,adsorption,4664.0,100.04931300558559,13.810431939111364,0.1380362495676542,39.4864320729727,1.0,0.9999924715469763,1.0499996235773488,0.010265486347187602
2,adsorption,4666.0,100.04933987301251,13.857881838348298,0.1385104774897805,39.50655893497974,1.0,0.9999938364616812,1.049999691823084,0.00986401374051646
2,adsorption,4668.0,100.04936569964293,13.903444824172167,0.1389658467791944,39.52589850271466,1.0,0.9999949539994382,1.0499997476999718,0.009478094065268576
2,adsorption,4670.0,100.04939052399183,13.94719450120244,0.1394030930938845,39.544481303157,1.0,0.9999958688830998,1.049999793444155,0.009107151665677802
2,adsorption,4672.0,100.04941438347463,13.989202052838563,0.13982292789061232,39.562336728690525,1.0,0.9999966178563654,1.0499998308928182,0.008750627354154541
2,adsorption,4674.0,100.04943731437893,14.02953622677666,0.1402260382803808,39.57949307035214,1.0,0.999997231040592,1.0499998615520296,0.008407978804619002
2,adsorption,4676.0,100.04945935185137,14.068263342849685,0.14061308710699555,39.59597755158681,1.0,0.9999977330684096,1.0499998866534206,0.008078680761623304
2,adsorption,4678.0,100.04948052989079,14.10544731198513,0.14098471313672625,39.611816362433636,1.0,0.9999981440817319,1.0499999072040866,0.007762225135078237
2,adsorption,4680.0,100.04950088135003,14.141149667913535,0.1413415313753909,39.62703469387445,1.0,0.9999984805718668,1.0499999240285933,0.007458120968567218
2,adsorption,4682.0,100.0495204379467,14.175429613052021,0.14168413352709663,39.64165677199823,1.0,0.9999987560505067,1.0499999378025253,0.0071658942794307
2,adsorption,4684.0,100.04953923028008,14.208344074731635,0.14201308855634856,39.65570589171417,1.0,0.9999989815834265,1.0499999490791714,0.0068850878007893
2,adsorption,4686.0,100.04955728785274,14.23994776709229,0.14232894330679063,39.66920444986124,1.0,0.9999991662276406,1.049999958311382,0.006615260660334818
2,adsorption,4688.0,100.049574639095,14.270293256406436,0.1426322231542025,39.68217397762896,1.0,0.9999993173955511,1.0499999658697776,0.0063559880159505915
2,adsorption,4690.0,100.04959131139098,14.29943102901678,0.142923432685614,39.6946351722213,1.0,0.9999994411555764,1.0499999720577788,0.006106860656923685
2,adsorption,4692.0,100.049607331107,14.327409559290782,0.14320305637857478,39.70660792691919,1.0,0.9999995424708804,1.049999977123544,0.005867484588902886
2,adsorption,4694.0,100.04962272362289,14.354275385425051,0.14347155935887243,39.71811136329593,1.0,0.9999996254178,1.04999998127089,0.005637480559965246
2,adsorption,4696.0,100.04963751335866,14.380073170369103,0.14372938800951748,39.72916385610569,1.0,0.9999996933140209,1.0499999846657013,0.005416483662822542
2,adsorption,4698.0,100.04965172381111,14.404845784460843,0.1439769707967168,39.739783067798996,1.0,0.9999997488993781,1.049999987444969,0.0052041427855351345
2,adsorption,4700.0,100.04966537758077,14.428634364953886,0.14421471886488757,39.74998597155057,1.0,0.9999997944122334,1.0499999897206116,0.005000120210530626
2,adsorption,4702.0,100.04967849640207,14.451478383294075,0.14444302670911405,39.759788877136444,1.0,0.9999998316779667,1.0499999915838985,0.004804091166085141
2,adsorption,4704.0,100.04969110117345,14.473415711508244,0.14466227283872632,39.76920745687238,1.0,0.9999998621883064,1.0499999931094153,0.0046157433694314675
2,adsorption,4706.0,100.04970321198816,14.494482686232487,0.14487282041727964,39.77825677086125,1.0,0.999999887166869,1.0499999943583433,0.004434776572932877
2,adsorption,4708.0,100.04971484816323,14.514714170361453,0.14507501787875332,39.78695129070489,1.0,0.999999907617699,1.049999995380885,0.004260902127707447
2,adsorption,4710.0,100.0497260282675,14.534143612408181,0.1452691995208641,39.79530492196032,1.0,0.9999999243624804,1.0499999962181241,0.004093842563528243
2,adsorption,4712.0,100.04973677014944,14.552803103647115,0.14545568607621814,39.80333102591597,1.0,0.9999999380726231,1.049999996903631,0.003933331178326535
2,adsorption,4714.0,100.04974709096356,14.570723433355342,0.14563478526445334,39.811042440816315,1.0,0.9999999492974974,1.0499999974648748,0.003779111635721655
2,adsorption,4716.0,100.04975700719723,14.587934142268992,0.14580679232653795,39.818451502324685,1.0,0.9999999584874723,1.0499999979243737,0.003630937573734654
2,adsorption,4718.0,100.04976653469511,14.604463573965296,0.14597199053833657,39.82557006309783,1.0,0.9999999660117009,1.049999998300585,0.003488572227170113
2,adsorption,4720.0,100.04977568868449,14.620338923940729,0.14613065170114392,39.83240951155206,1.0,0.9999999721722894,1.0499999986086144,0.0033517880633446196
2,adsorption,4722.0,100.04978448379809,14.635586286743065,0.1462830366127688,39.83898078994563,1.0,0.9999999772163098,1.0499999988608155,0.0032203664298090695
2,adsorption,4724.0,100.04979293409725,14.650230701341421,0.14642939552100342,39.845294411815416,1.0,0.9999999813460124,1.0499999990673006,0.003094097213581351
2,adsorption,4726.0,100.04980105309383,14.664296194662121,0.14656996855875964,39.85136047874723,1.0,0.9999999847271193,1.049999999236356,0.002972778512208423
2,adsorption,4728.0,100.04980885377144,14.67780582327353,0.14670498616070313,39.85718869647783,1.0,0.9999999874953874,1.0499999993747693,0.002856216316845622
2,adsorption,4730.0,100.04981634860593,14.690781713326986,0.14683466946245605,39.86278839036356,1.0,0.9999999897619273,1.0499999994880964,0.0027442242070319796
2,adsorption,4732.0,100.04982354958477,14.703245098841226,0.14695923068324337,39.8681685202566,1.0,0.999999991617655,1.0499999995808826,0.0026366230566387885
2,adsorption,4734.0,100.04983046822646,14.715216358403577,0.14707887349271215,39.87333769481237,1.0,0.9999999931370068,1.0499999996568503,0.00253324075061784
2,adsorption,4736.0,100.04983711559841,14.726715050338207,0.14719379336243035,39.87830418524125,1.0,0.9999999943809554,1.0499999997190477,0.0024339119123203035
2,adsorption,4738.0,100.04984350233484,14.73775994639149,0.14730417790256273,39.883075938521074,1.0,0.9999999953994342,1.0499999997699718,0.002338477641137198
2,adsorption,4740.0,100.0498496386531,14.748369063998178,0.14741020718436257,39.8876605900931,1.0,0.9999999962333155,1.0499999998116658,0.002246785260124127
2,adsorption,4742.0,100.0498555343708,14.758559697171517,0.14751205404890774,39.892065476064204,1.0,0.9999999969160523,1.0499999998458027,0.002158688073236708
2,adsorption,4744.0,100.04986119892035,14.76834844613048,0.1476098844032164,39.89629764493448,1.0,0.9999999974750359,1.0499999998737517,0.002074045131838464
2,adsorption,4746.0,100.04986664136493,14.77775124565571,0.14770385750365359,39.90036386886668,1.0,0.9999999979326982,1.049999999896635,0.0019927210101710192
2,adsorption,4748.0,100.0498718704125,14.7867833922686,0.14779412622757648,39.90427065451468,1.0,0.9999999983074076,1.0499999999153704,0.0019145855894844043
2,adsorption,4750.0,100.04987689442962,14.795459570256426,0.14788083733344579,39.90802425342816,1.0,0.9999999986142003,1.04999999993071,0.0018395138505130227
2,adsorption,4752.0,100.04988172145512,14.80379387661241,0.14796413171009098,39.91163067205069,1.0,0.9999999988653852,1.0499999999432692,0.001767385673986628
2,adsorption,4754.0,100.04988635921256,14.811799844933287,0.14804414461555673,39.9150956813268,1.0,0.9999999990710406,1.049999999953552,0.001698085648875803
2,adsorption,4756.0,100.04989081512286,14.81949046831595,0.14812100590594485,39.9184248259331,1.0,0.9999999992394195,1.049999999961971,0.0016315028880852691
2,adsorption,4758.0,100.04989509631599,14.82687822128467,0.14819484025456636,39.92162343314782,1.0,0.9999999993772789,1.0499999999688638,0.0015675308513212049
2,adsorption,4760.0,100.04989920964242,14.83397508081788,0.14826576736209485,39.92469662137295,1.0,0.9999999994901508,1.0499999999745075,0.001506067174858632
2,adsorption,4762.0,100.04990316168413,14.840792546515992,0.1483339021581336,39.927649308322714,1.0,0.999999999582564,1.0499999999791283,0.0014470135079458057
2,adsorption,4764.0,100.04990695876478,14.847341659887412,0.14839935499397008,39.930486218891254,1.0,0.9999999996582267,1.0499999999829115,0.0013902753555917727
2,adsorption,4766.0,100.04991060696057,14.85363302286078,0.14846223182759544,39.933211892712144,1.0,0.999999999720175,1.0499999999860088,0.0013357619274935368
2,adsorption,4768.0,100.04991411210911,14.859676815549962,0.14852263440125718,39.93583069142157,1.0,0.9999999997708948,1.0499999999885448,0.0012833859928666259
2,adsorption,4770.0,100.04991747981929,14.865482813236722,0.14858066041119114,39.93834680563697,1.0,0.9999999998124214,1.049999999990621,0.001233063740949324
2,adsorption,4772.0,100.04992071548011,14.871060402685753,0.1486364036706812,39.94076426166214,1.0,0.9999999998464211,1.049999999992321,0.0011847146469657697
2,adsorption,4774.0,100.04992382426897,14.876418597779441,0.14868995426632084,39.94308692792955,1.0,0.9999999998742581,1.0499999999937129,0.0011382613433303262
2,adsorption,4776.0,100.04992681116094,14.88156605450901,0.1487413987078391,39.94531852119017,1.0,0.9999999998970496,1.0499999999948524,0.0010936294958953463
2,adsorption,4778.0,100.04992968093538,14.886511085361276,0.1487908200718897,39.94746261246062,1.0,0.99999999991571,1.0499999999957854,0.0010507476850413603
2,adsorption,4780.0,100.04993243818454,14.89126167306984,0.14883829813948496,39.949522632737214,1.0,0.9999999999309881,1.0499999999965495,0.0010095472914264409
2,adsorption,4782.0,100.04993508732049,14.895825483870047,0.14888390952847128,39.95150187848604,1.0,0.9999999999434969,1.0499999999971747,0.0009699623862067161
2,adsorption,4784.0,100.04993763258257,14.900209880171126,0.14892772782017885,39.953403516917746,1.0,0.9999999999537384,1.049999999997687,0.0009319296255611052
2,adsorption,4786.0,100.04994007804345,14.904421932705615,0.14896982368084874,39.95523059105555,1.0,0.9999999999621235,1.0499999999981062,0.0008953881493452894
2,adsorption,4788.0,100.04994242761654,14.90846843220165,0.1490102649782885,39.956986024604625,1.0,0.9999999999689889,1.0499999999984495,0.0008602794837188434
2,adsorption,4790.0,100.04994468506166,14.912355900580042,0.14904911689378061,39.95867262663047,1.0,0.9999999999746099,1.0499999999987304,0.0008265474475863638
2,adsorption,4792.0,100.04994685399117,14.91609060168883,0.14908644202936727,39.960293096053945,1.0,0.999999999979212,1.0499999999989607,0.000794138062706475
2,adsorption,4794.0,100.04994893787571,14.91967855158845,0.1491223005106436,39.96185002597002,1.0,0.9999999999829798,1.049999999999149,0.0007629994673238836
2,adsorption,4796.0,100.04995094005014,14.92312552845309,0.14915675008571488,39.96334590779722,1.0,0.9999999999860648,1.0499999999993033,0.000733081833186123
2,adsorption,4798.0,100.04995286371809,14.926437082050034,0.1491898462199369,39.964783135264355,1.0,0.9999999999885907,1.0499999999994296,0.0007043372858136994
2,adsorption,4800.0,100.04995471195798,14.92961854282847,0.14922164218675135,39.96616400824095,1.0,0.9999999999906587,1.0499999999995329,0.0006767198278947353
2,adsorption,4802.0,100.0499564877274,14.932675030655785,0.14925218915499977,39.967490736417545,1.0,0.9999999999923519,1.0499999999996177,0.0006501852656836704
2,adsorption,4804.0,100.0499581938679,14.935611463182694,0.14928153627252694,39.96876544284152,1.0,0.9999999999937381,1.049999999999687,0.000624691138285272
2,adsorption,4806.0,100.04995983310971,14.938432563919813,0.14930973074690038,39.969990167314535,1.0,0.9999999999948731,1.0499999999997436,0.0006001966497103802
2,adsorption,4808.0,100.04996140807596,14.941142869916389,0.1493368179221541,39.97116686965653,1.0,0.9999999999958024,1.0499999999997902,0.0005766626035952905
2,adsorption,4810.0,100.04996292128685,14.943746739171457,0.14936284135285768,39.97229743284186,1.0,0.9999999999965632,1.0499999999998282,0.0005540513404820519
2,adsorption,4812.0,100.04996437516391,14.946248357766375,0.14938784287540025,39.97338366601249,1.0,0.9999999999971861,1.0499999999998593,0.0005323266775554609
2,adsorption,4814.0,100.0499657720337,14.948651746667911,0.1494118626759831,39.97442730737293,1.0,0.9999999999976962,1.0499999999998848,0.0005114538507444834
2,adsorption,4816.0,100.04996711413136,14.950960768270322,0.14943493935600308,39.97543002697175,1.0,0.9999999999981138,1.0499999999999057,0.0004913994590938389
2,adsorption,4818.0,100.04996840360464,14.953179132702404,0.14945710999508588,39.97639342937403,1.0,0.9999999999984557,1.0499999999999228,0.00047213141131487114
2,adsorption,4820.0,100.04996964251706,14.955310403857673,0.1494784102113539,39.97731905622894,1.0,0.9999999999987357,1.0499999999999368,0.0004536188744349782
2,adsorption,4822.0,100.04997083285095,14.957358005168661,0.14949887421913652,39.978208388736796,1.0,0.9999999999989648,1.0499999999999483,0.00043583222445661555
2,adsorption,4824.0,100.0499719765112,14.959325225185022,0.14951853488471775,39.97906285001919,1.0,0.9999999999991525,1.0499999999999576,0.0004187429989551018
2,adsorption,4826.0,100.04997307532788,14.961215222915518,0.14953742377972637,39.97988380739635,1.0,0.9999999999993061,1.0499999999999654,0.00040232385153191085
2,adsorption,4828.0,100.04997413105932,14.963031032945121,0.14955557123227708,39.98067257457512,1.0,0.9999999999994319,1.0499999999999718,0.00038654850805457363
2,adsorption,4830.0,100.049975145395,14.96477557035513,0.14957300637614315,39.98143041375116,1.0,0.9999999999995348,1.0499999999999767,0.0003713917246139086
2,adsorption,4832.0,100.04997611995796,14.966451635454913,0.149589757198047,39.98215853762878,1.0,0.9999999999996191,1.0499999999999812,0.00035682924712741166
2,adsorption,4834.0,100.04997705630778,14.968061918313273,0.14960585058294718,39.98285811136141,1.0,0.9999999999996882,1.0499999999999845,0.0003428377725286858
2,adsorption,4836.0,100.04997795594278,14.96960900312752,0.149621312357704,39.98353025441623,1.0,0.9999999999997446,1.0499999999999872,0.00032939491147621823
2,adsorption,4838.0,100.04997882030258,14.971095372377333,0.1496361673325945,39.98417604236547,1.0,0.9999999999997911,1.0499999999999896,0.00031647915252775593
2,adsorption,4840.0,100.04997965077038,14.972523410872478,0.14965043934176542,39.984796508607545,1.0,0.9999999999998289,1.0499999999999914,0.00030406982771567824
2,adsorption,4842.0,100.04998044867516,14.973895409599224,0.14966415128167582,39.985392646020784,1.0,0.9999999999998599,1.049999999999993,0.00029214707947509185
2,adsorption,4844.0,100.04998121529351,14.975213569408098,0.1496773251479532,39.98596540855217,1.0,0.9999999999998853,1.0499999999999943,0.0002806918288671138
2,adsorption,4846.0,100.0499819518524,14.976480004589058,0.14968998207112394,39.986515712743916,1.0,0.9999999999999061,1.0499999999999954,0.0002696857450483711
2,adsorption,4848.0,100.04998265953037,14.97769674629178,0.14970214235079693,39.98704443920009,1.0,0.9999999999999231,1.0499999999999963,0.00025911121593824105
2,adsorption,4850.0,100.0499833394599,14.978865745773206,0.14971382548811993,39.98755243399578,1.0,0.999999999999937,1.049999999999997,0.00024895132003535734
2,adsorption,4852.0,100.04998399272897,14.979988877577584,0.14972505021756166,39.98804051003101,1.0,0.9999999999999485,1.0499999999999974,0.00023918979933958595
2,adsorption,4854.0,100.04998462038301,14.981067942558663,0.14973583453711595,39.98850944833153,1.0,0.9999999999999578,1.0499999999999978,0.00022981103333656884
2,adsorption,4856.0,100.04998522342648,14.982104670769441,0.14974619573718256,39.98895999929862,1.0,0.9999999999999655,1.0499999999999983,0.0002208000140006415
2,adsorption,4858.0,100.04998580282415,14.983100724255983,0.1497561504284896,39.98939288390994,1.0,0.9999999999999717,1.0499999999999985,0.00021214232177909584
2,adsorption,4860.0,100.0499863595034,14.984057699747,0.14976571456897272,39.989808794873184,1.0,0.9999999999999769,1.049999999999999,0.0002038241025182715
2,adsorption,4862.0,100.04998689435493,14.984977131223856,0.14977490348946107,39.990208397734605,1.0,0.999999999999981,1.0499999999999994,0.00019583204529305452
2,adsorption,4864.0,100.04998740823457,14.985860492375494,0.14978373191821198,39.990592331944,1.0,0.9999999999999846,1.0499999999999994,0.000188153361107931
2,adsorption,4866.0,100.04998790196477,14.986709198992484,0.14979221400483722,39.990961211878,1.0,0.9999999999999873,1.0499999999999996,0.00018077576243017823
2,adsorption,4868.0,100.04998837633546,14.987524611248288,0.14980036334310304,39.99131562782317,1.0,0.9999999999999896,1.0499999999999996,0.00017368744352851787
2,adsorption,4870.0,100.04998883210588,14.988308035867831,0.14980819299260237,39.99165614692061,1.0,0.9999999999999915,1.0499999999999998,0.00016687706158109809
2,adsorption,4872.0,100.04998927000528,14.989060728247319,0.14981571549994158,39.99198331407351,1.0,0.999999999999993,1.0499999999999998,0.00016033371852443732
2,adsorption,4874.0,100.0499896907344,14.989783894469108,0.14982294291887677,39.99229765281909,1.0,0.9999999999999942,1.05,0.00015404694361376557
2,adsorption,4876.0,100.04999009496643,14.990478693244825,0.14982988682973397,39.992599666166385,1.0,0.9999999999999952,1.05,0.00014800667666868547
2,adsorption,4878.0,100.04999048334842,14.991146237781077,0.14983655835805493,39.992889837401165,1.0,0.9999999999999961,1.05,0.00014220325197379326
2,adsorption,4880.0,100.0499908565016,14.99178759755934,0.14984296819238657,39.99316863085929,1.0,0.9999999999999968,1.05,0.00013662738281176452
2,adsorption,4882.0,100.0499912150233,14.992403800059598,0.1498491266015061,39.993436492669765,1.0,0.9999999999999973,1.05,0.00013127014660262626
2,adsorption,4884.0,100.04999155948713,14.992995832427487,0.14985504345108358,39.99369385146861,1.0,0.9999999999999978,1.05,0.0001261229706260234
2,adsorption,4886.0,100.04999189044442,14.993564643039901,0.1498607282193284,39.99394111908481,1.0,0.9999999999999981,1.05,0.00012117761830229154
2,adsorption,4888.0,100.04999220842461,14.994111143034145,0.14986619001227253,39.994178691199274,1.0,0.9999999999999984,1.05,0.00011642617601342398
2,adsorption,4890.0,100.04999251393671,14.994636207778932,0.14987143757847077,39.99440694797806,1.0,0.9999999999999988,1.05,0.00011186104043795362
2,adsorption,4892.0,100.04999280746938,14.995140678277593,0.14987647932302608,39.99462625468068,1.0,0.999999999999999,1.05,0.00010747490638561513
2,adsorption,4894.0,100.04999308949255,14.995625362515568,0.14988132332105517,39.99483696224467,1.0,0.9999999999999992,1.05,0.00010326075510610687
2,adsorption,4896.0,100.0499933604574,14.996091036759886,0.14988597733067682,39.99503940784704,1.0,0.9999999999999993,1.05,9.921184305871366e-05
2,adsorption,4898.0,100.0499936207976,14.996538446807438,0.14989044880548677,39.99523391544395,1.0,0.9999999999999994,1.05,9.53216911206933e-05
2,adsorption,4900.0,100.04999387092973,14.996968309180915,0.14989474490651014,39.99542079628903,1.0,0.9999999999999996,1.05,9.158407421909778e-05
2,adsorption,4902.0,100.04999411125397,14.997381312278245,0.14989887251368955,39.9956003494315,1.0,0.9999999999999997,1.05,8.799301136970492e-05
2,adsorption,4904.0,100.04999434215502,14.997778117478662,0.1499028382369384,39.99577286219468,1.0,0.9999999999999998,1.05,8.454275610623867e-05
2,adsorption,4906.0,100.04999456400229,14.99815936020425,0.1499066484267511,39.99593861063578,1.0,0.9999999999999998,1.05,8.1227787284151e-05
2,adsorption,4908.0,100.04999477715077,14.99852565093919,0.14991030918438913,39.99609785998767,1.0,0.9999999999999998,1.05,7.804280024642346e-05
2,adsorption,4910.0,100.04999498194162,14.99887757620918,0.14991382637166928,39.996250865083276,1.0,0.9999999999999998,1.05,7.498269833436765e-05
2,adsorption,4912.0,100.0499951787025,14.99921569952278,0.14991720562037206,39.996397870763374,1.0,0.9999999999999998,1.05,7.204258473237564e-05
2,adsorption,4914.0,100.04999536774831,14.9995405622755,0.14992045234127704,39.996539112268415,1.0,0.9999999999999998,1.05,6.921775463159023e-05
2,adsorption,4916.0,100.04999554938146,14.999852684617924,0.14992357173283913,39.99667481561492,1.0,0.9999999999999998,1.05,6.65036877014464e-05
2,adsorption,4918.0,100.0499957238927,15.000152566290053,0.1499265687895267,39.9968051979572,1.0,0.9999999999999998,1.05,6.389604085574565e-05
2,adsorption,4920.0,100.0499958915613,15.000440687422975,0.14992944830983435,39.99693046793482,1.0,0.9999999999999998,1.05,6.13906413035086e-05
2,adsorption,4922.0,100.04999605265547,15.00071750930868,0.14993221490397587,39.997050826006436,1.0,0.9999999999999998,1.05,5.898347987106882e-05
2,adsorption,4924.0,100.04999620743303,15.000983475139646,0.14993487300127628,39.99716646477065,1.0,0.9999999999999998,1.05,5.6670704586747905e-05
2,adsorption,4926.0,100.04999635614173,15.001239010719626,0.14993742685727493,39.99727756927416,1.0,0.9999999999999998,1.05,5.4448614516664874e-05
2,adsorption,4928.0,100.04999649901946,15.001484525146289,0.14993988056054866,39.997384317307834,1.0,0.9999999999999998,1.05,5.2313653843119884e-05
2,adsorption,4930.0,100.04999663629486,15.001720411466897,0.14994223803926413,39.99748687969132,1.0,0.9999999999999998,1.05,5.026240617330878e-05
2,adsorption,4932.0,100.04999676818764,15.001947047308475,0.149944503067476,39.99758542054631,1.0,0.9999999999999998,1.05,4.829158907369046e-05
2,adsorption,4934.0,100.04999689490882,15.00216479548322,0.14994667927117772,39.997680097559176,1.0,0.9999999999999998,1.05,4.639804881637014e-05
2,adsorption,4936.0,100.04999701666112,15.002374004569836,0.1499487701341113,39.99777106223333,1.0,0.9999999999999998,1.05,4.4578755333218504e-05
2,adsorption,4938.0,100.04999713363954,15.002575009472292,0.14995077900335108,39.99785846013166,1.0,0.9999999999999998,1.05,4.283079736657841e-05
2,adsorption,4940.0,100.04999724603117,15.002768131956456,0.14995270909466812,39.99794243110945,1.0,0.9999999999999998,1.05,4.115137781088558e-05
2,adsorption,4942.0,100.0499973540158,15.002953681165815,0.14995456349768335,39.99802310953816,1.0,0.9999999999999998,1.05,3.953780923664288e-05
2,adsorption,4944.0,100.04999745776634,15.003131954116903,0.14995634518081935,39.99810062452049,1.0,0.9999999999999998,1.05,3.7987509590079214e-05
2,adsorption,4946.0,100.0499975574487,15.003303236175041,0.14995805699605483,39.99817510009694,1.0,0.9999999999999998,1.05,3.6497998061127274e-05
2,adsorption,4948.0,100.04999765322258,15.003467801511686,0.14995970168349554,39.998246655444326,1.0,0.9999999999999998,1.05,3.506689111334957e-05
2,adsorption,4950.0,100.049997745241,15.003625913543727,0.14996128187576488,39.99831540506646,1.0,0.9999999999999998,1.05,3.369189867073642e-05
2,adsorption,4952.0,100.04999783365136,15.003777825355426,0.14996280010222024,39.9983814589774,1.0,0.9999999999999998,1.05,3.2370820451919745e-05
2,adsorption,4954.0,100.04999791859511,15.003923780103825,0.14996425879300518,39.99844492287749,1.0,0.9999999999999998,1.05,3.110154245001096e-05
2,adsorption,4956.0,100.04999800020816,15.004064011408413,0.1499656602829437,39.99850589832251,1.0,0.9999999999999998,1.05,2.9882033549502785e-05
2,adsorption,4958.0,100.04999807862112,15.004198743725285,0.1499670068152796,39.99856448288618,1.0,0.9999999999999998,1.05,2.8710342276153768e-05
2,adsorption,4960.0,100.04999815395945,15.004328192706623,0.14996830054526925,39.9986207703163,1.0,0.9999999999999998,1.05,2.7584593673883388e-05
2,adsorption,4962.0,100.04999822634377,15.004452565546158,0.14996954354363393,39.99867485068474,1.0,0.9999999999999998,1.05,2.6502986304895173e-05
2,adsorption,4964.0,100.04999829588976,15.004572061311059,0.14997073779987732,39.99872681053165,1.0,0.9999999999999998,1.05,2.546378936675705e-05
2,adsorption,4966.0,100.0499983627089,15.004686871260803,0.1499718852254716,39.998776733003865,1.0,0.9999999999999998,1.05,2.4465339922556842e-05
2,adsorption,4968.0,100.04999842690802,15.004797179153368,0.14997298765691824,39.99882469798797,1.0,0.9999999999999998,1.05,2.350604024035051e-05
2,adsorption,4970.0,100.04999848858984,15.004903161539549,0.14997404685868918,39.99887078223819,1.0,0.9999999999999998,1.05,2.2584355236030434e-05
2,adsorption,4972.0,100.04999854785308,15.005004988045824,0.1499750645260535,39.99891505949914,1.0,0.9999999999999998,1.05,2.1698810017025688e-05
2,adsorption,4974.0,100.04999860479256,15.005102821645915,0.14997604228779216,39.99895760062389,1.0,0.9999999999999998,1.05,2.0847987522056494e-05
2,adsorption,4976.0,100.04999865949944,15.005196818921691,0.1499769817088048,39.99899847368731,1.0,0.9999999999999998,1.05,2.0030526253658113e-05
2,adsorption,4978.0,100.04999871206122,15.005287130314068,0.1499778842926177,39.99903774409502,1.0,0.9999999999999998,1.05,1.924511809949268e-05
2,adsorption,4980.0,100.04999876256201,15.005373900363777,0.1499787514837899,39.99907547468804,1.0,0.9999999999999998,1.05,1.8490506239064612e-05
2,adsorption,4982.0,100.04999881108265,15.005457267942848,0.14997958467022668,39.99911172584338,1.0,0.9999999999999998,1.05,1.776548313225633e-05
2,adsorption,4984.0,100.04999885770077,15.005537366477041,0.1499803851854025,39.99914655557061,1.0,0.9999999999999998,1.05,1.7068888587593856e-05
2,adsorption,4986.0,100.04999890249093,15.00561432415937,0.14998115431049525,39.99918001960474,1.0,0.9999999999999998,1.05,1.639960790516601e-05
2,adsorption,4988.0,100.0499989455249,15.005688264155436,0.14998189327643788,39.99921217149533,1.0,0.9999999999999998,1.05,1.5756570093201673e-05
2,adsorption,4990.0,100.04999898687143,15.005759304800577,0.14998260326588944,39.99924306269229,1.0,0.9999999999999998,1.05,1.513874615402509e-05
2,adsorption,4992.0,100.04999902659684,15.005827559789385,0.14998328541512834,39.999272742628115,1.0,0.9999999999999998,1.05,1.4545147437597479e-05
2,adsorption,4994.0,100.04999906476444,15.005893138357647,0.14998394081587169,39.999301258797026,1.0,0.9999999999999998,1.05,1.3974824059360194e-05
2,adsorption,4996.0,100.04999910143562,15.005956145457374,0.14998457051702313,39.999328656830976,1.0,0.9999999999999998,1.05,1.3426863380289156e-05
2,adsorption,4998.0,100.0499991366688,15.00601668192463,0.1499851755263519,39.999354980572676,1.0,0.9999999999999998,1.05,1.2900388546273948e-05
2,adsorption,5000.0,100.04999917052054,15.006074844641155,0.14998575681210657,39.999380272145714,1.0,0.9999999999999998,1.05,1.2394557085527572e-05
2,adsorption,5002.0,100.04999920304489,15.006130726689335,0.14998631530456466,39.999404572022016,1.0,0.9999999999999998,1.05,1.1908559559547648e-05
2,adsorption,5004.0,100.04999923429389,15.006184417501256,0.14998685189752228,39.99942791908654,1.0,0.9999999999999998,1.05,1.1441618268923094e-05
2,adsorption,5006.0,100.0499992643177,15.006236003001915,0.14998736744972482,39.999450350699604,1.0,0.9999999999999998,1.05,1.099298600771533e-05
2,adsorption,5008.0,100.04999929316418,15.006285565746694,0.14998786278624174,39.999471902756554,1.0,0.9999999999999998,1.05,1.0561944868802954e-05
2,adsorption,5010.0,100.04999932087962,15.00633318505356,0.1499883386997871,39.99949260974527,1.0,0.9999999999999998,1.05,1.01478050944167e-05
2,adsorption,5012.0,100.04999934750832,15.006378937130005,0.14998879595198847,39.999512504801366,1.0,0.9999999999999998,1.05,9.749903972461846e-06
2,adsorption,5014.0,100.04999937309285,15.006422895195108,0.149989235274607,39.99953161976117,1.0,0.9999999999999998,1.05,9.367604776438325e-06
2,adsorption,5016.0,100.04999939767427,15.006465129596663,0.1499896573707076,39.99954998521269,1.0,0.9999999999999998,1.05,9.000295746071843e-06
2,adsorption,5018.0,100.04999942129172,15.006505707923763,0.14999006291578465,39.99956763054457,1.0,0.9999999999999998,1.05,8.647389108456986e-06
2,adsorption,5020.0,100.04999944398328,15.006544695115116,0.14999045255884372,39.9995845839931,1.0,0.9999999999999998,1.05,8.308320137821096e-06
2,adsorption,5022.0,100.04999946578499,15.006582153562864,0.14999082692344043,39.999600872687424,1.0,0.9999999999999998,1.05,7.982546251420415e-06
2,adsorption,5024.0,100.04999948673188,15.006618143212524,0.14999118660867786,39.99961652269291,1.0,0.9999999999999998,1.05,7.669546141568561e-06
2,adsorption,5026.0,100.0499995068574,15.006652721658892,0.14999153219016595,39.99963155905292,1.0,0.9999999999999998,1.05,7.368818941408376e-06
2,adsorption,5028.0,100.0499995261938,15.006685944238269,0.14999186422094296,39.99964600582883,1.0,0.9999999999999998,1.05,7.079883423232709e-06
2,adsorption,5030.0,100.04999954477199,15.006717864117007,0.1499921832323603,39.999659886138566,1.0,0.9999999999999998,1.05,6.8022772284582966e-06
2,adsorption,5032.0,100.04999956262178,15.006748532376646,0.14999248973493345,39.999673222193586,1.0,0.9999999999999998,1.05,6.535556128157804e-06
2,adsorption,5034.0,100.0499995797716,15.006777998095604,0.14999278421915876,39.999686035334406,1.0,0.9999999999999998,1.05,6.2792933116616e-06
2,adsorption,5036.0,100.04999959624898,15.006806308427796,0.14999306715629834,39.999698346064804,1.0,0.9999999999999998,1.05,6.033078703726936e-06
2,adsorption,5038.0,100.04999961208027,15.00683350867809,0.14999333899913508,39.99971017408457,1.0,0.9999999999999998,1.05,5.796518308482852e-06
2,adsorption,5040.0,100.0499996272908,15.006859642374794,0.14999360018269656,39.999721538321054,1.0,0.9999999999999998,1.05,5.569233578757285e-06
2,adsorption,5042.0,100.04999964190498,15.006884751339351,0.14999385112495156,39.999732456959464,1.0,0.9999999999999998,1.05,5.350860810587289e-06
2,adsorption,5044.0,100.0499996559461,15.006908875753252,0.1499940922274793,39.99974294747194,1.0,0.9999999999999998,1.05,5.141050561120692e-06
2,adsorption,5046.0,100.04999966943664,15.006932054222318,0.14999432387611142,39.99975302664554,1.0,0.9999999999999998,1.05,4.939467088913811e-06
2,adsorption,5048.0,100.04999968239818,15.006954323838611,0.14999454644155075,39.99976271060912,1.0,0.9999999999999998,1.05,4.745787817521057e-06
2,adsorption,5050.0,100.04999969485155,15.006975720239732,0.14999476027996403,39.99977201485904,1.0,0.9999999999999998,1.05,4.559702818992151e-06
2,adsorption,5052.0,100.04999970681655,15.00699627766572,0.14999496573355084,39.99978095428412,1.0,0.9999999999999998,1.05,4.380914317376479e-06
2,adsorption,5054.0,100.04999971831246,15.007016029014048,0.14999516313109262,39.99978954318934,1.0,0.9999999999999998,1.05,4.209136213130428e-06
2,adsorption,5056.0,100.04999972935761,15.007035005892249,0.14999535278847925,39.99979779531877,1.0,0.9999999999999998,1.05,4.044093624446193e-06
2,adsorption,5058.0,100.04999973996966,15.007053238668389,0.14999553500921323,39.99980572387758,1.0,0.9999999999999998,1.05,3.885522448189567e-06
2,adsorption,5060.0,100.04999975016555,15.0070707565197,0.1499957100848955,39.99981334155316,1.0,0.9999999999999998,1.05,3.7331689366642793e-06
2,adsorption,5062.0,100.04999975996172,15.007087587479367,0.14999587829569336,39.99982066053542,1.0,0.9999999999999998,1.05,3.5867892914968733e-06
2,adsorption,5064.0,100.04999976937377,15.007103758482511,0.14999603991079993,39.99982769253677,1.0,0.9999999999999998,1.05,3.4461492644892453e-06
2,adsorption,5066.0,100.0499997784167,15.007119295405985,0.14999619518883192,39.99983444880952,1.0,0.9999999999999998,1.05,3.3110238093351104e-06
2,adsorption,5068.0,100.04999978710516,15.00713422311539,0.14999634437829923,39.99984094016627,1.0,0.9999999999999998,1.05,3.181196674409965e-06
2,adsorption,5070.0,100.04999979545289,15.007148565496818,0.1499964877179227,39.99984717699365,1.0,0.9999999999999998,1.05,3.0564601268516906e-06
2,adsorption,5072.0,100.0499998034733,15.007162345500367,0.14999662543706857,39.999853169271326,1.0,0.9999999999999998,1.05,2.9366145733206983e-06
2,adsorption,5074.0,100.04999981117922,15.00717558517744,0.14999675775612137,39.99985892658819,1.0,0.9999999999999998,1.05,2.8214682360036753e-06
2,adsorption,5076.0,100.04999981858296,15.007188305715257,0.14999688488682902,39.999864458157354,1.0,0.9999999999999998,1.05,2.710836852705525e-06
2,adsorption,5078.0,100.04999982569645,15.007200527470017,0.149997007032634,39.9998697728306,1.0,0.9999999999999998,1.05,2.6045433878904978e-06
2,adsorption,5080.0,100.04999983253101,15.007212269999535,0.14999712438899954,39.99987487911249,1.0,0.9999999999999998,1.05,2.502417750093752e-06
2,adsorption,5082.0,100.04999983909755,15.007223552094635,0.14999723714372368,39.99987978517413,1.0,0.9999999999999998,1.05,2.404296517196414e-06
2,adsorption,5084.0,100.04999984540663,15.007234391809432,0.1499973454772416,39.99988449886627,1.0,0.9999999999999998,1.05,2.310022674441515e-06
2,adsorption,5086.0,100.04999985146833,15.007244806490183,0.14999744956291408,39.99988902773184,1.0,0.9999999999999998,1.05,2.2194453630009447e-06
2,adsorption,5088.0,100.04999985729232,15.00725481280292,0.14999754956730355,39.999893379018005,1.0,0.9999999999999998,1.05,2.1324196397902156e-06
2,adsorption,5090.0,100.04999986288796,15.007264426760159,0.1499976456504412,39.999897559687746,1.0,0.9999999999999998,1.05,2.048806244947642e-06
2,adsorption,5092.0,100.04999986826424,15.007273663746576,0.14999773796608337,39.999901576431036,1.0,0.9999999999999998,1.05,1.968471379068254e-06
2,adsorption,5094.0,100.04999987342964,15.00728253854356,0.14999782666195743,39.99990543567552,1.0,0.9999999999999998,1.05,1.8912864893961285e-06
2,adsorption,5096.0,100.04999987839253,15.007291065352911,0.14999791187999778,39.99990914359682,1.0,0.9999999999999998,1.05,1.8171280634820748e-06
2,adsorption,5098.0,100.04999988316085,15.007299257819552,0.1499979937565736,39.9999127061284,1.0,0.9999999999999998,1.05,1.745877431799738e-06
2,adsorption,5100.0,100.0499998877422,15.007307129053384,0.14999807242270702,39.99991612897108,1.0,0.9999999999999998,1.05,1.6774205782252103e-06
2,adsorption,5102.0,100.04999989214389,15.007314691650263,0.14999814800428268,39.99991941760214,1.0,0.9999999999999998,1.05,1.6116479569866122e-06
2,adsorption,5104.0,100.04999989637298,15.007321957712104,0.1499982206222486,39.999922577284096,1.0,0.9999999999999998,1.05,1.548454317974864e-06
2,adsorption,5106.0,100.04999990043625,15.007328938866307,0.14999829039281057,39.9999256130731,1.0,0.9999999999999998,1.05,1.4877385377281319e-06
2,adsorption,5108.0,100.04999990434018,15.007335646284371,0.14999835742761805,39.999928529827095,1.0,0.9999999999999998,1.05,1.4294034579811544e-06
2,adsorption,5110.0,100.04999990809108,15.007342090699717,0.14999842183394216,39.99993133221349,1.0,0.9999999999999998,1.05,1.373355729987783e-06
2,adsorption,5112.0,100.04999991169485,15.007348282424937,0.1499984837148483,39.99993402471671,1.0,0.9999999999999998,1.05,1.3195056656121005e-06
2,adsorption,5114.0,100.04999991515737,15.007354231368224,0.14999854316936026,39.99993661164534,1.0,0.9999999999999998,1.05,1.2677670930978316e-06
2,adsorption,5116.0,100.04999991848412,15.007359947049224,0.14999860029261863,39.99993909713901,1.0,0.9999999999999998,1.05,1.2180572196063358e-06
2,adsorption,5118.0,100.0499999216804,15.007365438614356,0.14999865517603386,39.99994148517506,1.0,0.9999999999999998,1.05,1.170296498731504e-06
2,adsorption,5120.0,100.04999992475132,15.007370714851412,0.14999870790743244,39.999943779574835,1.0,0.9999999999999998,1.05,1.1244085030910906e-06
2,adsorption,5122.0,100.04999992770188,15.00737578420359,0.14999875857119657,39.9999459840099,1.0,0.9999999999999998,1.05,1.0803198018949498e-06
2,adsorption,5124.0,100.04999993053673,15.00738065478263,0.14999880724839618,39.99994810200764,1.0,0.9999999999999998,1.05,1.0379598469740029e-06
2,adsorption,5126.0,100.04999993326042,15.007385334382915,0.14999885401692928,39.99995013695746,1.0,0.9999999999999998,1.05,9.972608506470858e-07
2,adsorption,5128.0,100.04999993587732,15.007389830491972,0.14999889895162719,39.999952092115336,1.0,0.9999999999999998,1.05,9.581576931505916e-07
2,adsorption,5130.0,100.0499999383916,15.007394150305311,0.14999894212440287,39.99995397061024,1.0,0.9999999999999998,1.05,9.205877950307282e-07
2,adsorption,5132.0,100.04999994080731,15.007398300736082,0.1499989836043471,39.99995577544837,1.0,0.9999999999999998,1.05,8.84491032436663e-07
2,adsorption,5134.0,100.04999994312828,15.007402288425919,0.1499990234578373,39.99995750951785,1.0,0.9999999999999998,1.05,8.498096428580174e-07
2,adsorption,5136.0,100.04999994535827,15.007406119755801,0.1499990617486458,39.99995917559349,1.0,0.9999999999999998,1.05,8.164881300660583e-07
2,adsorption,5138.0,100.0499999475008,15.007409800856667,0.14999909853804597,39.999960776341325,1.0,0.9999999999999998,1.05,7.84473173335023e-07
2,adsorption,5140.0,100.04999994955931,15.007413337619203,0.14999913388491018,39.99996231432293,1.0,0.9999999999999998,1.05,7.537135412421936e-07
2,adsorption,5142.0,100.04999995153713,15.007416735703051,0.1499991678458015,39.99996379199943,1.0,0.9999999999999998,1.05,7.24160011241177e-07
2,adsorption,5144.0,100.04999995343736,15.007420000545855,0.1499992004750646,39.99996521173542,1.0,0.9999999999999998,1.05,6.957652914250211e-07
2,adsorption,5146.0,100.04999995526316,15.007423137372161,0.14999923182491404,39.999966575802766,1.0,0.9999999999999998,1.05,6.684839444791666e-07
2,adsorption,5148.0,100.04999995701726,15.007426151201724,0.14999926194551827,39.999967886384354,1.0,0.9999999999999998,1.05,6.422723127293186e-07
2,adsorption,5150.0,100.04999995870267,15.007429046857151,0.1499992908850747,39.99996914557732,1.0,0.9999999999999998,1.05,6.170884534417328e-07
2,adsorption,5152.0,100.04999996032194,15.007431828972647,0.14999931868989833,39.999970355396854,1.0,0.9999999999999998,1.05,5.928920627761686e-07
2,adsorption,5154.0,100.04999996187773,15.007434501999851,0.14999934540447946,39.99997151777876,1.0,0.9999999999999998,1.05,5.696444246233459e-07
2,adsorption,5156.0,100.04999996337258,15.007437070215907,0.14999937107156416,39.99997263458298,1.0,0.9999999999999998,1.05,5.473083401320277e-07
2,adsorption,5158.0,100.04999996480873,15.007439537724945,0.14999939573217005,39.999973707594215,1.0,0.9999999999999998,1.05,5.25848115465843e-07
2,adsorption,5160.0,100.04999996618858,15.00744190848187,0.14999941942582273,39.99997473853227,1.0,0.9999999999999998,1.05,5.052293543660527e-07
2,adsorption,5162.0,100.04999996751438,15.007444186272204,0.14999944219035513,39.99997572904329,1.0,0.9999999999999998,1.05,4.854191340352316e-07
2,adsorption,5164.0,100.04999996878811,15.00744637474667,0.14999946406225323,39.999976680714816,1.0,0.9999999999999998,1.05,4.6638570343752863e-07
2,adsorption,5166.0,100.04999997001197,15.00744847741526,0.14999948507659622,39.999977595073176,1.0,0.9999999999999998,1.05,4.48098536252894e-07
2,adsorption,5168.0,100.0499999711878,15.007450497637143,0.1499995052669561,39.999978473579105,1.0,0.9999999999999998,1.05,4.3052841767423283e-07
2,adsorption,5170.0,100.04999997231754,15.00745243865315,0.14999952466572222,39.99997931764192,1.0,0.9999999999999998,1.05,4.136471613212751e-07
2,adsorption,5172.0,100.04999997340299,15.007454303563325,0.14999954330387671,39.99998012860969,1.0,0.9999999999999998,1.05,3.9742780602724245e-07
2,adsorption,5174.0,100.04999997444585,15.00745609534828,0.1499995612112083,39.999980907778536,1.0,0.9999999999999998,1.05,3.818444291055214e-07
2,adsorption,5176.0,100.04999997544785,15.00745781687144,0.14999957841633432,39.99998165639363,1.0,0.9999999999999998,1.05,3.6687212723836417e-07
2,adsorption,5178.0,100.04999997641058,15.00745947089276,0.14999959494683823,39.99998237565516,1.0,0.9999999999999998,1.05,3.524868966331116e-07
2,adsorption,5180.0,100.04999997733549,15.007461060053847,0.14999961082912058,39.99998306671183,1.0,0.9999999999999998,1.05,3.3866576321792446e-07
2,adsorption,5182.0,100.04999997822419,15.007462586901568,0.14999962608863499,39.99998373067117,1.0,0.9999999999999998,1.05,3.253865764985425e-07
2,adsorption,5184.0,100.04999997907801,15.00746405388456,0.14999964074985356,39.99998436859798,1.0,0.9999999999999998,1.05,3.1262804021599573e-07
2,adsorption,5186.0,100.04999997989837,15.007465463346385,0.14999965483619812,39.99998498151136,1.0,0.9999999999999998,1.05,3.003697725671059e-07
2,adsorption,5188.0,100.04999998068658,15.00746681754812,0.14999966837026615,39.999985570394564,1.0,0.9999999999999998,1.05,2.8859210852197875e-07
2,adsorption,5190.0,100.04999998144386,15.007468118652612,0.14999968137367342,39.99998613618812,1.0,0.9999999999999998,1.05,2.772762374850856e-07
2,adsorption,5192.0,100.04999998217146,15.00746936873935,0.1499996938672026,39.999986679796294,1.0,0.9999999999999998,1.05,2.6640407389583756e-07
2,adsorption,5194.0,100.04999998287055,15.007470569806086,0.1499997058708196,39.99998720208783,1.0,0.9999999999999998,1.05,2.559582431937241e-07
2,adsorption,5196.0,100.0499999835422,15.007471723778373,0.14999971740376852,39.999987703900054,1.0,0.9999999999999998,1.05,2.459219988036046e-07
2,adsorption,5198.0,100.0499999841875,15.007472832499182,0.1499997284844683,39.99998818603439,1.0,0.9999999999999998,1.05,2.3627931201854043e-07
2,adsorption,5200.0,100.04999998480753,15.00747389774542,0.14999973913067755,39.99998864926355,1.0,0.9999999999999998,1.05,2.270147287645838e-07
2,adsorption,5202.0,100.04999998540322,15.007474921225448,0.14999974935946989,39.99998909433041,1.0,0.9999999999999998,1.05,2.181133915986804e-07
2,adsorption,5204.0,100.04999998597555,15.007475904574285,0.1499997591871859,39.99998952194598,1.0,0.9999999999999998,1.05,2.0956108022064346e-07
2,adsorption,5206.0,100.04999998652549,15.007476849369437,0.14999976862959133,39.99998993279625,1.0,0.9999999999999998,1.05,2.0134407490699003e-07
2,adsorption,5208.0,100.04999998705381,15.007477757119897,0.14999977770176734,39.99999032753739,1.0,0.9999999999999998,1.05,1.9344925196790244e-07
2,adsorption,5210.0,100.04999998756145,15.007478629276482,0.14999978641821352,39.99999070680031,1.0,0.9999999999999998,1.05,1.858639935657819e-07
2,adsorption,5212.0,100.04999998804917,15.007479467232928,0.1499997947928591,39.9999910711911,1.0,0.9999999999999998,1.05,1.7857617786098454e-07
2,adsorption,5214.0,100.04999998851775,15.00748027233268,0.14999980283913059,39.99999142129394,1.0,0.9999999999999998,1.05,1.7157412098115554e-07
2,adsorption,5216.0,100.04999998896797,15.007481045861537,0.14999981056987843,39.99999175766798,1.0,0.9999999999999998,1.05,1.6484664022787215e-07
2,adsorption,5218.0,100.04999998940056,15.007481789059192,0.14999981799749232,39.9999920808523,1.0,0.9999999999999998,1.05,1.5838295374231896e-07
2,adsorption,5220.0,100.04999998981614,15.007482503117524,0.14999982513388405,39.99999239136521,1.0,0.9999999999999998,1.05,1.5217269553552938e-07
2,adsorption,5222.0,100.0499999902155,15.007483189177258,0.1499998319904541,39.99999268970276,1.0,0.9999999999999998,1.05,1.4620594465302515e-07
2,adsorption,5224.0,100.04999999059915,15.007483848338994,0.14999983857820212,39.999992976343535,1.0,0.9999999999999998,1.05,1.4047312912062716e-07
2,adsorption,5226.0,100.04999999096775,15.007484481655506,0.14999984490764962,39.99999325174535,1.0,0.9999999999999998,1.05,1.3496509283400482e-07
2,adsorption,5228.0,100.0499999913219,15.007485090138987,0.14999985098891255,39.99999351634836,1.0,0.9999999999999998,1.05,1.296730325511093e-07
2,adsorption,5230.0,100.04999999166215,15.007485674761835,0.14999985683170924,39.99999377057543,1.0,0.9999999999999998,1.05,1.2458849122312625e-07
2,adsorption,5232.0,100.0499999919891,15.007486236461324,0.14999986244540683,39.99999401483413,1.0,0.9999999999999998,1.05,1.1970331728342546e-07
2,adsorption,5234.0,100.04999999230323,15.00748677613452,0.14999986783897087,39.99999424951456,1.0,0.9999999999999998,1.05,1.1500970874290378e-07
2,adsorption,5236.0,100.04999999260498,15.00748729464635,0.14999987302104545,39.999994474992825,1.0,0.9999999999999998,1.05,1.1050014331429501e-07
2,adsorption,5238.0,100.04999999289498,15.007487792828366,0.14999987799994122,39.99999469163054,1.0,0.9999999999999998,1.05,1.0616738896319997e-07
2,adsorption,5240.0,100.04999999317357,15.007488271476408,0.14999988278361193,39.99999489977378,1.0,0.9999999999999998,1.05,1.0200452421384267e-07
2,adsorption,5242.0,100.04999999344123,15.007488731358327,0.14999988737973155,39.99999509975646,1.0,0.9999999999999998,1.05,9.800487066229255e-08
2,adsorption,5244.0,100.04999999369844,15.007489173208633,0.14999989179564086,39.99999529189797,1.0,0.9999999999999998,1.05,9.416204045610016e-08
2,adsorption,5246.0,100.0499999939455,15.007489597733503,0.14999989603839758,39.999995476505404,1.0,0.9999999999999998,1.05,9.046989180080209e-08
2,adsorption,5248.0,100.04999999418287,15.007490005611379,0.14999990011478206,39.999995653873775,1.0,0.9999999999999998,1.05,8.69225242816341e-08
2,adsorption,5250.0,100.04999999441098,15.007490397496152,0.14999990403132937,39.99999582428746,1.0,0.9999999999999998,1.05,8.351425069427123e-08
2,adsorption,5252.0,100.04999999463014,15.007490774013693,0.14999990779429456,39.99999598801859,1.0,0.9999999999999998,1.05,8.023962800115227e-08
2,adsorption,5254.0,100.0499999948407,15.007491135767443,0.1499999114097085,39.9999961453296,1.0,0.9999999999999998,1.05,7.709340796062156e-08
2,adsorption,5256.0,100.04999999504301,15.007491483337539,0.14999991488336922,39.999996296472744,1.0,0.9999999999999998,1.05,7.407054499043272e-08
2,adsorption,5258.0,100.04999999523736,15.007491817279238,0.14999991822082592,39.99999644168949,1.0,0.9999999999999998,1.05,7.116621000353338e-08
2,adsorption,5260.0,100.0499999954241,15.007492138128244,0.14999992142743257,39.9999965812128,1.0,0.9999999999999998,1.05,6.837574382427178e-08
2,adsorption,5262.0,100.04999999560353,15.007492446397015,0.1499999245083107,39.99999671526552,1.0,0.9999999999999998,1.05,6.569468953825324e-08
2,adsorption,5264.0,100.04999999577592,15.007492742578236,0.1499999274683843,39.99999684406188,1.0,0.9999999999999998,1.05,6.311876223278213e-08
2,adsorption,5266.0,100.04999999594153,15.007493027145232,0.14999993031238384,39.99999696780772,1.0,0.9999999999999998,1.05,6.064384551303106e-08
2,adsorption,5268.0,100.04999999610067,15.007493300554213,0.1499999330448687,39.99999708670142,1.0,0.9999999999999998,1.05,5.8265971395360855e-08
2,adsorption,5270.0,100.04999999625356,15.00749356324182,0.14999993567020276,39.99999720093287,1.0,0.9999999999999998,1.05,5.5981342504299025e-08
2,adsorption,5272.0,100.04999999640046,15.007493815629063,0.14999993819259366,39.99999731068513,1.0,0.9999999999999998,1.05,5.378629713469468e-08
2,adsorption,5274.0,100.04999999654159,15.007494058120702,0.1499999406160866,39.99999741613423,1.0,0.9999999999999998,1.05,5.167731522399978e-08
2,adsorption,5276.0,100.04999999667723,15.007494291104134,0.1499999429445532,39.99999751744861,1.0,0.9999999999999998,1.05,4.965102750976691e-08
2,adsorption,5278.0,100.0499999968075,15.007494514953093,0.1499999451817288,39.99999761479082,1.0,0.9999999999999998,1.05,4.770418337886882e-08
2,adsorption,5280.0,100.04999999693266,15.007494730025103,0.14999994733118643,39.99999770831632,1.0,0.9999999999999998,1.05,4.5833673462629e-08
2,adsorption,5282.0,100.04999999705295,15.007494936663928,0.1499999493963617,39.999997798174576,1.0,0.9999999999999998,1.05,4.403650833568531e-08
2,adsorption,5284.0,100.0499999971685,15.00749513519976,0.14999995138055455,39.99999788450919,1.0,0.9999999999999998,1.05,4.2309815928001505e-08
2,adsorption,5286.0,100.04999999727951,15.007495325950893,0.14999995328694618,39.9999979674586,1.0,0.9999999999999998,1.05,4.065082788815845e-08
2,adsorption,5288.0,100.0499999973862,15.00749550922199,0.1499999551185813,39.99999804715525,1.0,0.9999999999999998,1.05,3.9056894812671166e-08
2,adsorption,5290.0,100.04999999748868,15.00749568530676,0.14999995687839537,39.99999812372688,1.0,0.9999999999999998,1.05,3.752546215778802e-08
2,adsorption,5292.0,100.04999999758718,15.007495854487612,0.14999995856921075,39.99999819729629,1.0,0.9999999999999998,1.05,3.60540740219354e-08
2,adsorption,5294.0,100.04999999768178,15.007496017034768,0.14999996019372816,39.99999826798101,1.0,0.9999999999999998,1.05,3.464037961568911e-08
2,adsorption,5296.0,100.04999999777264,15.007496173209022,0.14999996175455396,39.999998335894425,1.0,0.9999999999999998,1.05,3.3282111263871845e-08
2,adsorption,5298.0,100.04999999786003,15.007496323259836,0.14999996325418125,39.999998401145014,1.0,0.9999999999999998,1.05,3.197709953533229e-08
2,adsorption,5300.0,100.04999999794393,15.007496467426988,0.14999996469500648,39.99999846383705,1.0,0.9999999999999998,1.05,3.072325880993218e-08
2,adsorption,5302.0,100.04999999802452,15.007496605940855,0.14999996607933208,39.99999852407073,1.0,0.9999999999999998,1.05,2.951858518824787e-08
2,adsorption,5304.0,100.04999999810198,15.007496739023527,0.14999996740937763,39.99999858194263,1.0,0.9999999999999998,1.05,2.8361147334072477e-08
2,adsorption,5306.0,100.04999999817643,15.007496866887555,0.14999996868726728,39.99999863754515,1.0,0.9999999999999998,1.05,2.7249096925908012e-08
2,adsorption,5308.0,100.04999999824793,15.00749698973784,0.149999969915049,39.99999869096741,1.0,0.9999999999999998,1.05,2.6180651635963903e-08
2,adsorption,5310.0,100.04999999831664,15.007497107780459,0.14999997109478225,39.99999874229903,1.0,0.9999999999999998,1.05,2.5154019282185576e-08
2,adsorption,5312.0,100.04999999838263,15.007497221198019,0.1499999722282921,39.99999879161941,1.0,0.9999999999999998,1.05,2.4167611635921946e-08
2,adsorption,5314.0,100.04999999844605,15.007497330180668,0.14999997331747883,39.99999883901124,1.0,0.9999999999999998,1.05,2.321977507204262e-08
2,adsorption,5316.0,100.04999999850682,15.007497434555614,0.14999997436061557,39.99999888439938,1.0,0.9999999999999998,1.05,2.2312012216501283e-08
2,adsorption,5318.0,100.04999999856489,15.007497534352817,0.14999997535800186,39.999998927796845,1.0,0.9999999999999998,1.05,2.1444062876912994e-08
2,adsorption,5320.0,100.04999999862054,15.007497629935179,0.14999997631326434,39.99999896936147,1.0,0.9999999999999998,1.05,2.061277040404161e-08
2,adsorption,5322.0,100.04999999867398,15.007497721759934,0.1499999772309729,39.999999009292075,1.0,0.9999999999999998,1.05,1.9814158253978212e-08
2,adsorption,5324.0,100.04999999872535,15.007497810018858,0.14999997811304405,39.999999047672055,1.0,0.9999999999999998,1.05,1.9046558667193536e-08
2,adsorption,5326.0,100.04999999877471,15.00749789485734,0.14999997896093087,39.99999908456464,1.0,0.9999999999999998,1.05,1.830870701314032e-08
2,adsorption,5328.0,100.04999999882219,15.007497976409034,0.1499999797759691,39.999999120027944,1.0,0.9999999999999998,1.05,1.7599440986356125e-08
2,adsorption,5330.0,100.04999999886783,15.007498054801461,0.14999998055943317,39.999999154117404,1.0,0.9999999999999998,1.05,1.691765173329539e-08
2,adsorption,5332.0,100.04999999891167,15.007498130157005,0.14999998131254627,39.999999186886264,1.0,0.9999999999999998,1.05,1.62622744957555e-08
2,adsorption,5334.0,100.04999999895384,15.007498202593318,0.14999998203648418,39.99999921838568,1.0,0.9999999999999998,1.05,1.5632286122426336e-08
2,adsorption,5336.0,100.04999999899438,15.007498272223522,0.14999998273237747,39.99999924866484,1.0,0.9999999999999998,1.05,1.50267029785918e-08
2,adsorption,5338.0,100.04999999903333,15.007498339156301,0.14999998340131235,39.999999277771,1.0,0.9999999999999998,1.05,1.4444579751673584e-08
2,adsorption,5340.0,100.04999999907078,15.007498403496147,0.14999998404433312,39.99999930574961,1.0,0.9999999999999998,1.05,1.3885007560008808e-08
2,adsorption,5342.0,100.04999999910679,15.007498465343513,0.14999998466244374,39.99999933264436,1.0,0.9999999999999998,1.05,1.3347112658855724e-08
2,adsorption,5344.0,100.04999999914136,15.007498524794952,0.14999998525660918,39.99999935849721,1.0,0.9999999999999998,1.05,1.2830055544551562e-08
2,adsorption,5346.0,100.04999999917462,15.007498581943299,0.14999998582775714,39.99999938334855,1.0,0.9999999999999998,1.05,1.2333028764676062e-08
2,adsorption,5348.0,100.04999999920662,15.007498636877758,0.14999998637677928,39.99999940723717,1.0,0.9999999999999998,1.05,1.185525642036139e-08
2,adsorption,5350.0,100.04999999923734,15.007498689684102,0.1499999869045327,39.999999430200354,1.0,0.9999999999999998,1.05,1.1395992673221824e-08
2,adsorption,5352.0,100.04999999926689,15.007498740444756,0.14999998741184134,39.99999945227397,1.0,0.9999999999999998,1.05,1.0954520451359493e-08
2,adsorption,5354.0,100.04999999929531,15.007498789238985,0.14999998789949714,39.999999473492466,1.0,0.9999999999999998,1.05,1.0530150553522194e-08
2,adsorption,5356.0,100.04999999932261,15.007498836142956,0.14999998836826153,39.99999949388897,1.0,0.9999999999999998,1.05,1.0122220355109135e-08
2,adsorption,5358.0,100.04999999934881,15.00749888122991,0.14999998881886645,39.99999951349534,1.0,0.9999999999999998,1.05,9.730093011866768e-09
2,adsorption,5360.0,100.04999999937407,15.007498924570232,0.14999998925201521,39.999999532342166,1.0,0.9999999999999998,1.05,9.353156464508583e-09
2,adsorption,5362.0,100.04999999939832,15.007498966231584,0.14999998966838418,39.99999955045888,1.0,0.9999999999999998,1.05,8.990822244258872e-09
2,adsorption,5364.0,100.0499999994216,15.007499006278987,0.14999999006862313,39.999999567873765,1.0,0.9999999999999998,1.05,8.64252447747252e-09
2,adsorption,5366.0,100.04999999944403,15.007499044775006,0.14999999045335732,39.99999958461402,1.0,0.9999999999999998,1.05,8.307719487482932e-09
2,adsorption,5368.0,100.04999999946557,15.007499081779715,0.14999999082318718,39.999999600705756,1.0,0.9999999999999998,1.05,7.985884699683803e-09
2,adsorption,5370.0,100.04999999948626,15.007499117350875,0.14999999117869,39.99999961617412,1.0,0.9999999999999998,1.05,7.676517447072877e-09
2,adsorption,5372.0,100.04999999950617,15.007499151544055,0.14999999152042107,39.999999631043245,1.0,0.9999999999999998,1.05,7.379134870713931e-09
2,adsorption,5374.0,100.04999999952528,15.007499184412602,0.14999999184891363,39.99999964533635,1.0,0.9999999999999998,1.05,7.093272725280524e-09
2,adsorption,5376.0,100.0499999995437,15.007499216007846,0.14999999216468057,39.999999659075755,1.0,0.9999999999999998,1.05,6.818484682289861e-09
2,adsorption,5378.0,100.04999999956136,15.007499246379108,0.14999999246821494,39.99999967228291,1.0,0.9999999999999998,1.05,6.554341633336655e-09
2,adsorption,5380.0,100.04999999957835,15.007499275573824,0.1499999927599907,39.99999968497843,1.0,0.9999999999999998,1.05,6.300431291941033e-09
2,adsorption,5382.0,100.04999999959469,15.007499303637571,0.14999999304046344,39.99999969718213,1.0,0.9999999999999998,1.05,6.0563571981683445e-09
2,adsorption,5384.0,100.04999999961039,15.007499330614129,0.1499999933100707,39.99999970891307,1.0,0.9999999999999998,1.05,5.821738420015102e-09
2,adsorption,5386.0,100.0499999996255,15.007499356545642,0.1499999935692336,39.99999972018956,1.0,0.9999999999999998,1.05,5.59620865756679e-09
2,adsorption,5388.0,100.04999999963998,15.00749938147259,0.1499999938183567,39.999999731029206,1.0,0.9999999999999998,1.05,5.379415645769747e-09
2,adsorption,5390.0,100.04999999965395,15.007499405433878,0.14999999405782896,39.99999974144894,1.0,0.9999999999999998,1.05,5.17102105489315e-09
2,adsorption,5392.0,100.04999999966734,15.007499428466929,0.14999999428802427,39.99999975146501,1.0,0.9999999999999998,1.05,4.970699594686827e-09
2,adsorption,5394.0,100.04999999968022,15.007499450607702,0.14999999450930201,39.99999976109307,1.0,0.9999999999999998,1.05,4.778138417153136e-09
2,adsorption,5396.0,100.0499999996926,15.007499471890743,0.1499999947220075,39.99999977034815,1.0,0.9999999999999998,1.05,4.593036917470928e-09
2,adsorption,5398.0,100.04999999970453,15.007499492349297,0.14999999492647295,39.99999977924468,1.0,0.9999999999999998,1.05,4.415106136767422e-09
2,adsorption,5400.0,100.04999999971602,15.007499512117343,0.14999999512403736,39.999999787840956,1.0,0.9999999999999998,1.05,4.243180683901547e-09
2,purge,5400.0,100.04999999971602,15.007499512117343,0.14999999512403736,39.999999787840956,1.0,0.9999999999999998,1.05,4.243180683901547e-09
2,purge,5402.0,100.05425402881879,12.248392380841471,0.12241750737868222,39.91645308335047,1.0,0.9166870828667901,1.0458343541433395,-0.0633131370309131
2,purge,5404.0,100.05331256784157,11.222024265853344,0.11216044704411163,39.80433460063183,1.0,0.9317891529151039,1.0465894576457553,-0.049291152738855655
2,purge,5406.0,100.05328245158684,10.909356173301425,0.10903546496418222,39.70614902841703,1.0,0.9295046175183451,1.0464752308759173,-0.0491093789040314
2,purge,5408.0,100.05331417755986,10.912032991039188,0.1090621843038015,39.60707925638255,1.0,0.9263790764969646,1.0463189538248483,-0.049565905460018475
2,purge,5410.0,100.05331151285068,10.911608045911649,0.1090579400214073,39.50801032497065,1.0,0.9238979105709081,1.0461948955285454,-0.04951983625410457
2,purge,5412.0,100.05330978801238,10.908838107981955,0.10903025728079381,39.408998263161635,1.0,0.9213911581744456,1.0460695579087222,-0.0494948618871652
2,purge,5414.0,100.05330832561081,10.90633820900125,0.10900527320403994,39.310030181102825,1.0,0.9188815681053722,1.0459440784052687,-0.0494729804998662
2,purge,5416.0,100.05330682567855,10.903836120934798,0.10898026728824063,39.211107085557266,1.0,0.9163738348350525,1.0458186917417527,-0.04945055053980434
2,purge,5418.0,100.05330532972602,10.901336608178024,0.10895528710673408,39.112233335409,1.0,0.9138672959682168,1.0456933647984108,-0.04942817585297093
2,purge,5420.0,100.05330383674529,10.898836844266187,0.10893030441103248,39.01340777926638,1.0,0.9113619304994195,1.045568096524971,-0.0494058497957804
2,purge,5422.0,100.05330234410938,10.896338237776,0.10890533328226042,38.91462351885537,1.0,0.9088576176022024,1.0454428808801102,-0.049383528647389575
2,purge,5424.0,100.0533008521553,10.893840591368383,0.10888037174771242,38.81587998487429,1.0,0.906354335634598,1.04531771678173,-0.04936121790249931
2,purge,5426.0,100.0532993609951,10.891344045955629,0.10885542121563985,38.7171798485688,1.0,0.9038521512313322,1.0451926075615665,-0.049338919010936816
2,purge,5428.0,100.05329787058211,10.888848643120639,0.10883048210170193,38.618524308261534,1.0,0.9013510960522562,1.0450675548026127,-0.04931663124447079
2,purge,5430.0,100.05329638091568,10.886354353640476,0.10880555411382682,38.51991335994393,1.0,0.89885116989613,1.0449425584948064,-0.0492943546798971
2,purge,5432.0,100.05329489201337,10.883861190249515,0.10878063737927242,38.42134695828044,1.0,0.8963523713187657,1.0448176185659384,-0.04927208953697161
2,purge,5434.0,100.05329340386271,10.88136915408536,0.10875573190942328,38.322825052424975,1.0,0.8938546992612003,1.04469273496306,-0.049249835624763184
2,purge,5436.0,100.0532919164644,10.878878238798093,0.10873083764081432,38.22434763000006,1.0,0.8913581533716886,1.0445679076685845,-0.04922759297008407
2,purge,5438.0,100.05329042982092,10.876388446406922,0.10870595459362536,38.12591467486781,1.0,0.8888627331973794,1.044443136659869,-0.04920536160340027
2,purge,5440.0,100.0532889439305,10.873899776993287,0.10868108276867322,38.02752616974768,1.0,0.8863684383306109,1.0443184219165305,-0.04918314149707723
2,purge,5442.0,100.05328745879257,10.871412229348211,0.10865622215387628,37.92918209352844,1.0,0.8838752682396108,1.0441937634119804,-0.049160932643672335
2,purge,5444.0,100.05328597440706,10.868925803032829,0.10863137274484942,37.83088242388117,1.0,0.8813832223541591,1.044069161117708,-0.04913873504137932
2,purge,5446.0,100.05328449077336,10.866440497520077,0.10860653453632647,37.732627139385365,1.0,0.8788923001348912,1.0439446150067448,-0.049116548682492066
2,purge,5448.0,100.053283007891,10.863956312298352,0.10858170752319576,37.63441621650269,1.0,0.8764025009881934,1.0438201250494097,-0.04909437355926305
2,purge,5450.0,100.05328152575963,10.861473246791878,0.10855689169970398,37.53624963464748,1.0,0.8739138243937116,1.0436956912196855,-0.049072209665854544
2,purge,5452.0,100.05328004437872,10.858991300413235,0.10853208705998166,37.438127370063135,1.0,0.87142626975216,1.043571313487608,-0.049050056994577845
2,purge,5454.0,100.0532785637478,10.856510472558934,0.1085072935979987,37.340049399574816,1.0,0.8689398364778931,1.0434469918238947,-0.04902791553873971
2,purge,5456.0,100.05327708386642,10.854030762675338,0.1084825113082233,37.242015700636685,1.0,0.8664545240013115,1.0433227262000655,-0.049005785291710714
2,purge,5458.0,100.0532756047341,10.851552170200264,0.1084577401850381,37.144026250931645,1.0,0.8639703317591424,1.0431985165879574,-0.0489836662465018
2,purge,5460.0,100.05327412635044,10.849074694565356,0.10843298022276412,37.046081028131184,1.0,0.8614872591875071,1.0430743629593755,-0.048961558396368045
2,purge,5462.0,100.05327264871495,10.846598335211429,0.10840823141581407,36.948180009861446,1.0,0.8590053057213382,1.042950265286067,-0.048939461734585195
2,purge,5464.0,100.05327117182716,10.844123091575243,0.10838349375856005,36.85032317374039,1.0,0.8565244707955098,1.0428262235397754,-0.04891737625431029
2,purge,5466.0,100.05326969568671,10.841648963091849,0.10835876724535702,36.75251049740324,1.0,0.8540447538452545,1.0427022376922628,-0.04889530194876628
2,purge,5468.0,100.05326822029299,10.839175949199744,0.1083340518705947,36.65474195850587,1.0,0.8515661543063091,1.0425783077153155,-0.04887323881119624
2,purge,5470.0,100.05326674564571,10.836704049336968,0.10830934762865778,36.55701753472044,1.0,0.8490886716148616,1.042454433580743,-0.04885118683481675
2,purge,5472.0,100.05326527174431,10.834233262941188,0.10828465451392763,36.45933720373228,1.0,0.8466123052074128,1.0423306152603706,-0.04882914601286369
2,purge,5474.0,100.05326379858838,10.83176358945121,0.10825997252079679,36.3617009432395,1.0,0.8441370545207806,1.042206852726039,-0.048807116338581036
2,purge,5476.0,100.05326232617745,10.829295028305923,0.10823530164365865,36.264108730953346,1.0,0.8416629189921249,1.0420831459496063,-0.04878509780520945
2,purge,5478.0,100.05326085451112,10.826827578944354,0.10821064187690793,36.16656054459864,1.0,0.8391898980589374,1.041959494902947,-0.04876309040600154
2,purge,5480.0,100.05325938358888,10.824361240806164,0.10818599321494585,36.06905636191377,1.0,0.836717991159054,1.0418358995579526,-0.04874109413421331
2,purge,5482.0,100.0532579134103,10.821896013331205,0.10816135565217543,35.97159616065067,1.0,0.834247197730654,1.0417123598865328,-0.04871910898310326
2,purge,5484.0,100.0532564439749,10.819431895959639,0.10813672918300275,35.874179918574725,1.0,0.831777517212253,1.0415888758606127,-0.04869713494593724
2,purge,5486.0,100.05325497528227,10.816968888132088,0.10811211380183856,35.77680761346431,1.0,0.829308949042692,1.0414654474521345,-0.04867517201598638
2,purge,5488.0,100.05325350733196,10.814506989289331,0.10808750950309515,35.67947922311227,1.0,0.8268414926611769,1.0413420746330588,-0.04865322018652738
2,purge,5490.0,100.05325204012347,10.81204619887265,0.10806291628118987,35.58219472532345,1.0,0.824375147507217,1.0412187573753608,-0.04863127945083974
2,purge,5492.0,100.05325057365643,10.809586516323572,0.10803833413054235,35.48495409791754,1.0,0.8219099130206937,1.041095495651035,-0.04860934980220971
2,purge,5494.0,100.05324910793034,10.807127941083982,0.10801376304557606,35.38775731872749,1.0,0.8194457886418183,1.040972289432091,-0.04858743123393151
2,purge,5496.0,100.05324764294475,10.804670472596207,0.10798920302071871,35.2906043655998,1.0,0.8169827738111518,1.0408491386905576,-0.048565523739297595
2,purge,5498.0,100.05324617869924,10.802214110302712,0.10796465405039941,35.19349521639331,1.0,0.8145208679695587,1.040726043398478,-0.04854362731161043
2,purge,5500.0,100.0532447151933,10.799758853646464,0.10794011612905238,35.09642984898151,1.0,0.8120600705582707,1.0406030035279135,-0.04852174194417897
2,purge,5502.0,100.05324325242663,10.797304702070734,0.10791558925111472,34.999408241250116,1.0,0.8096003810188344,1.040480019050942,-0.04849986763031147
2,purge,5504.0,100.05324179039859,10.794851655018952,0.10789107341102525,34.90243037109845,1.0,0.807141798793131,1.0403570899396566,-0.04847800436332686
2,purge,5506.0,100.05324032910885,10.792399711935152,0.10786656860322875,34.80549621643938,1.0,0.8046843233233869,1.0402342161661693,-0.04845615213654582
2,purge,5508.0,100.05323886855693,10.78994887226353,0.10784207482217167,34.708605755199216,1.0,0.802227954052168,1.0401113977026084,-0.048434310943293334
2,purge,5510.0,100.05323740874242,10.787499135448591,0.10781759206230347,34.611758965317584,1.0,0.7997726904223669,1.0399886345211184,-0.048412480776905534
2,purge,5512.0,100.05323594966481,10.785050500935366,0.107793120318079,34.51495582474743,1.0,0.7973185318772181,1.039865926593861,-0.04839066163071844
2,purge,5514.0,100.05323449132375,10.782602968169035,0.10776865958395444,34.41819631145499,1.0,0.7948654778602918,1.0397432738930148,-0.048368853498072274
2,purge,5516.0,100.05323303371866,10.780156536595166,0.10774420985438998,34.321480403419855,1.0,0.7924135278154903,1.0396206763907745,-0.04834705637231461
2,purge,5518.0,100.05323157684923,10.777711205659694,0.10771977112384935,34.22480807863488,1.0,0.7899626811870518,1.0394981340593525,-0.0483252702467971
2,purge,5520.0,100.05323012071496,10.77526697480883,0.1076953433867991,34.12817931510624,1.0,0.7875129374195455,1.0393756468709776,-0.048303495114879164
2,purge,5522.0,100.0532286653154,10.772823843489178,0.10767092663770979,34.031594090853346,1.0,0.7850642959578772,1.039253214797894,-0.04828173096992282
2,purge,5524.0,100.05322721065008,10.770381811147661,0.10764652087105508,33.935052383908946,1.0,0.7826167562472894,1.0391308378123645,-0.048259977805293244
2,purge,5526.0,100.05322575671859,10.767940877231462,0.1076221260813112,33.83855417231901,1.0,0.7801703177333545,1.0390085158866678,-0.04823823561436351
2,purge,5528.0,100.05322430352055,10.765501041188188,0.10759774226295858,33.74209943414274,1.0,0.7777249798619766,1.0388862489930988,-0.04821650439051293
2,purge,5530.0,100.05322285105541,10.763062302465794,0.1075733694104813,33.64568814745261,1.0,0.7752807420793989,1.0387640371039701,-0.04819478412712105
2,purge,5532.0,100.05322139932278,10.760624660512384,0.1075490075183648,33.54932029033431,1.0,0.7728376038321907,1.0386418801916095,-0.04817307481757743
2,purge,5534.0,100.05321994832222,10.758188114776647,0.10752465658110036,33.45299584088676,1.0,0.7703955645672561,1.038519778228363,-0.048151376455275355
2,purge,5536.0,100.05321849805323,10.755752664707481,0.10750031659318145,33.356714777222074,1.0,0.767954623731838,1.038397731186592,-0.04812968903360788
2,purge,5538.0,100.05321704851545,10.753318309753984,0.10747598754910338,33.26047707746558,1.0,0.7655147807735009,1.038275739038675,-0.048108012545981
2,purge,5540.0,100.05321559970841,10.75088504936585,0.10745166944336751,33.164282719755796,1.0,0.7630760351401443,1.0381538017570073,-0.04808634698580332
2,purge,5542.0,100.05321415163164,10.74845288299294,0.10742736227047694,33.068131682244406,1.0,0.7606383862800041,1.0380319193140002,-0.04806469234648492
2,purge,5544.0,100.05321270428473,10.746021810085436,0.1074030660249378,32.972023943096275,1.0,0.7582018336416444,1.0379100916820823,-0.04804304862144295
2,purge,5546.0,100.05321125766727,10.743591830093907,0.10737878070126013,32.87595948048944,1.0,0.7557663766739585,1.037788318833698,-0.04802141580410115
2,purge,5548.0,100.05320981177871,10.741162942469215,0.10735450629395715,32.779938272615055,1.0,0.7533320148261706,1.0376666007413085,-0.04799979388788809
2,purge,5550.0,100.05320836661875,10.738735146662624,0.10733024279754572,32.68396029767745,1.0,0.7508987475478394,1.037544937377392,-0.04797818286623438
2,purge,5552.0,100.05320692218687,10.736308442125617,0.10730599020654513,32.58802553389406,1.0,0.7484665742888521,1.0374233287144425,-0.04795658273257658
2,purge,5554.0,100.05320547848264,10.733882828310064,0.10728174851547842,32.492133959495455,1.0,0.7460354944994236,1.037301774724971,-0.047934993480358706
2,purge,5556.0,100.05320403550564,10.731458304668182,0.10725751771887222,32.3962855527253,1.0,0.7436055076300998,1.037180275381505,-0.047913415103028094
2,purge,5558.0,100.05320259325543,10.729034870652479,0.10723329781125587,32.30048029184038,1.0,0.7411766131317558,1.0370588306565878,-0.04789184759403811
2,purge,5560.0,100.05320115173157,10.726612525715852,0.10720908878716283,32.20471815511055,1.0,0.7387488104556007,1.03693744052278,-0.047870290946842434
2,purge,5562.0,100.05319971093364,10.72419126931138,0.10718489064112817,32.10899912081876,1.0,0.7363220990531663,1.0368161049526583,-0.04784874515490552
2,purge,5564.0,100.05319827086115,10.721771100892646,0.1071607033676922,32.01332316726103,1.0,0.7338964783763141,1.0366948239188156,-0.04782721021169556
2,purge,5566.0,100.05319683151372,10.719352019913517,0.10713652696139789,31.917690272746434,1.0,0.7314719478772403,1.0365735973938621,-0.04780568611068117
2,purge,5568.0,100.05319539289083,10.716934025828023,0.10711236141678993,31.822100415597102,1.0,0.7290485070084612,1.036452425350423,-0.04778417284534224
2,purge,5570.0,100.05319395499212,10.714517118090802,0.10708820672841905,31.726553574148205,1.0,0.7266261552228266,1.0363313077611414,-0.047762670409159394
2,purge,5572.0,100.05319251781714,10.712101296156565,0.1070640628908367,31.63104972674795,1.0,0.7242048919735123,1.0362102445986756,-0.04774117879561938
2,purge,5574.0,100.05319108136551,10.709686559480462,0.10703992989859867,31.53558885175755,1.0,0.7217847167140182,1.036089235835701,-0.04771969799821678
2,purge,5576.0,100.05318964563666,10.707272907518037,0.10701580774626494,31.44017092755124,1.0,0.7193656288981779,1.035968281444909,-0.047698228010446105
2,purge,5578.0,100.05318821063024,10.704860339725,0.1069916964283968,31.34479593251626,1.0,0.7169476279801501,1.0358473813990074,-0.0476767688258081
2,purge,5580.0,100.05318677634584,10.70244885555752,0.1069675959395603,31.249463845052823,1.0,0.71453071341442,1.0357265356707213,-0.04765532043780891
2,purge,5582.0,100.05318534278295,10.700038454471985,0.10694350627432375,31.15417464357416,1.0,0.7121148846557965,1.0356057442327897,-0.04763388283996185
2,purge,5584.0,100.05318390994127,10.697629135925185,0.10691942742725924,31.058928306506434,1.0,0.7097001411594132,1.0354850070579706,-0.047612456025786384
2,purge,5586.0,100.05318247782023,10.695220899374334,0.10689535939294335,30.963724812288792,1.0,0.7072864823807424,1.0353643241190371,-0.04759103998879673
2,purge,5588.0,100.05318104641943,10.692813744276636,0.10687130216595246,30.868564139373337,1.0,0.7048739077755719,1.035243695388779,-0.04756963472252071
2,purge,5590.0,100.05317961573846,10.690407670089922,0.10684725574086913,30.7734462662251,1.0,0.7024624168000092,1.0351231208400005,-0.04754824022049484
2,purge,5592.0,100.05317818577686,10.688002676272404,0.10682322011227992,30.678371171322066,1.0,0.7000520089105031,1.035002600445525,-0.047526856476248845
2,purge,5594.0,100.0531767565342,10.685598762282241,0.10679919527477066,30.58333883315512,1.0,0.6976426835638184,1.0348821341781909,-0.047505483483323986
2,purge,5596.0,100.05317532801011,10.683195927578257,0.10677518122293388,30.488349230228078,1.0,0.6952344402170412,1.034761722010852,-0.047484121235269426
2,purge,5598.0,100.05317390020414,10.680794171619539,0.10675117795136478,30.393402341057648,1.0,0.6928272783275886,1.0346413639163794,-0.04746276972563388
2,purge,5600.0,100.05317247311582,10.678393493865332,0.1067271854546602,30.298498144173447,1.0,0.6904211973531988,1.03452105986766,-0.047441428947973784
2,purge,5602.0,100.0531710467447,10.675993893775434,0.10670320372742237,30.203636618117955,1.0,0.6880161967519385,1.034400809837597,-0.04742009889584702
2,purge,5604.0,100.0531696210904,10.67359537080978,0.1066792327642549,30.10881774144654,1.0,0.6856122759821951,1.0342806137991098,-0.04739877956281856
2,purge,5606.0,100.05316819615246,10.671197924428695,0.1066552725597654,30.014041492727443,1.0,0.6832094345026769,1.0341604717251338,-0.047377470942460934
2,purge,5608.0,100.05316677193048,10.668801554092905,0.10663132310856548,29.919307850541745,1.0,0.6808076717724221,1.0340403835886212,-0.04735617302834567
2,purge,5610.0,100.05316534842402,10.666406259263283,0.10660738440526804,29.82461679348339,1.0,0.6784069872507872,1.0339203493625393,-0.04733488581405377
2,purge,5612.0,100.05316392563263,10.664012039401165,0.1065834564444908,29.729968300159136,1.0,0.6760073803974493,1.0338003690198725,-0.0473136092931723
2,purge,5614.0,100.05316250355585,10.661618893968244,0.10655953922085504,29.63536234918858,1.0,0.6736088506724178,1.0336804425336208,-0.04729234345928563
2,purge,5616.0,100.05316108219333,10.659226822426337,0.10653563272898316,29.540798919204136,1.0,0.6712113975360192,1.033560569876801,-0.04727108830598779
2,purge,5618.0,100.05315966154465,10.656835824237696,0.10651173696350183,29.446277988851033,1.0,0.668815020448893,1.0334407510224446,-0.047249843826884165
2,purge,5620.0,100.05315824160931,10.65444589886505,0.1064878519190428,29.35179953678727,1.0,0.6664197188720123,1.0333209859436006,-0.04722861001557575
2,purge,5622.0,100.05315682238695,10.652057045771194,0.1064639775902382,29.25736354168366,1.0,0.6640254922666736,1.0332012746133337,-0.047207386865667826
2,purge,5624.0,100.05315540387707,10.649669264419371,0.10644011397172484,29.162969982223345,1.0,0.6616323400944786,1.033081617004724,-0.047186174370773645
2,purge,5626.0,100.05315398607931,10.647282554273051,0.10641626105814153,29.0686188371032,1.0,0.6592402618173708,1.0329620130908685,-0.04716497252451479
2,purge,5628.0,100.05315256899323,10.644896914796142,0.10639241884413173,28.974310085031483,1.0,0.6568492568975831,1.0328424628448791,-0.04714378132051487
2,purge,5630.0,100.05315115261831,10.642512345452873,0.10636858732434203,28.88004370473055,1.0,0.6544593247977089,1.0327229662398854,-0.04712260075239807
2,purge,5632.0,100.05314973695423,10.64012884570769,0.10634476649342106,28.78581967493535,1.0,0.6520704649806577,1.032603523249033,-0.04710143081379396
2,purge,5634.0,100.05314832200057,10.637746415025331,0.10632095634602046,28.691637974393668,1.0,0.6496826769096499,1.0324841338454824,-0.047080271498346454
2,purge,5636.0,100.05314690775683,10.635365052871155,0.1062971568767981,28.597498581865025,1.0,0.647295960048212,1.0323647980024107,-0.047059122799695145
2,purge,5638.0,100.05314549422266,10.632984758710405,0.10627336808041066,28.50340147612283,1.0,0.6449103138602137,1.0322455156930106,-0.047037984711489816
2,purge,5640.0,100.05314408139759,10.630605532009069,0.10624958995152226,28.409346635952105,1.0,0.6425257378098261,1.0321262868904915,-0.04701685722737777
2,purge,5642.0,100.05314266928123,10.628227372233079,0.10622582248479646,28.315334040150795,1.0,0.6401422313615435,1.0320071115680771,-0.04699574034101204
2,purge,5644.0,100.0531412578731,10.625850278848771,0.10620206567490087,28.22136366752969,1.0,0.6377597939801701,1.0318879896990085,-0.04697463404606112
2,purge,5646.0,100.0531398471728,10.623474251323081,0.10617831951650909,28.127435496912337,1.0,0.6353784251308427,1.0317689212565422,-0.04695353833618932
2,purge,5648.0,100.05313843717997,10.621099289122919,0.10615458400429442,28.03354950713492,1.0,0.6329981242790161,1.0316499062139508,-0.04693245320506582
2,purge,5650.0,100.05313702789407,10.61872539171565,0.10613085913293482,27.939705677046287,1.0,0.6306188908904589,1.0315309445445229,-0.04691137864636786
2,purge,5652.0,100.05313561931482,10.616352558569027,0.10610714489711191,27.845903985507892,1.0,0.6282407244312616,1.031412036221563,-0.046890314653773794
2,purge,5654.0,100.05313421144166,10.613980789151018,0.10608344129150975,27.752144411393843,1.0,0.6258636243678357,1.0312931812183919,-0.04686926122096503
2,purge,5656.0,100.05313280427424,10.611610082929861,0.10605974831081488,27.658426933590878,1.0,0.6234875901669027,1.0311743795083452,-0.04684821834163347
2,purge,5658.0,100.05313139781214,10.609240439374219,0.10603606594971811,27.564751530998354,1.0,0.6211126212954985,1.031055631064775,-0.046827186009478224
2,purge,5660.0,100.05312999205489,10.606871857953134,0.10601239420291414,27.471118182528215,1.0,0.6187387172209867,1.0309369358610494,-0.04680616421819469
2,purge,5662.0,100.05312858700215,10.60450433813576,0.10598873306509862,27.377526867105022,1.0,0.6163658774110461,1.0308182938705523,-0.046785152961484465
2,purge,5664.0,100.05312718265344,10.60213787939163,0.1059650825309712,27.28397756366591,1.0,0.6139941013336618,1.030699705066683,-0.04676415223306205
2,purge,5666.0,100.05312577900833,10.599772481190827,0.10594144259523688,27.1904702511606,1.0,0.6116233884571486,1.0305811694228575,-0.04674316202663612
2,purge,5668.0,100.0531243760664,10.59740814300343,0.10591781325260065,27.097004908551387,1.0,0.6092537382501391,1.0304626869125069,-0.04672218233591929
2,purge,5670.0,100.05312297382733,10.595044864299792,0.10589419449777021,27.00358151481311,1.0,0.6068851501815596,1.030344257509078,-0.04670121315464571
2,purge,5672.0,100.0531215722906,10.59268264455112,0.10587058632546184,26.910200048933177,1.0,0.6045176237206725,1.0302258811860336,-0.04668025447653903
2,purge,5674.0,100.05312017145579,10.590321483228383,0.10584698873038947,26.81686048991152,1.0,0.6021511583370631,1.0301075579168533,-0.04665930629532117
2,purge,5676.0,100.05311877132247,10.587961379802824,0.10582340170726973,26.723562816760616,1.0,0.599785753500606,1.0299892876750303,-0.04663836860473966
2,purge,5678.0,100.05311737189027,10.585602333746557,0.10579982525082783,26.630307008505454,1.0,0.5974214086815015,1.029871070434075,-0.046617441398537934
2,purge,5680.0,100.05311597315881,10.583244344531582,0.105776259355788,26.537093044183532,1.0,0.5950581233502752,1.0297529061675137,-0.046596524670455955
2,purge,5682.0,100.05311457512761,10.580887411630219,0.10575270401687768,26.443920902844862,1.0,0.5926958969777611,1.029634794848888,-0.04657561841424352
2,purge,5684.0,100.05311317779625,10.578531534515243,0.10572915922882875,26.35079056355195,1.0,0.5903347290351061,1.0295167364517552,-0.04655472262365622
2,purge,5686.0,100.0531117811643,10.57617671265961,0.10570562498637497,26.257702005379777,1.0,0.5879746189937637,1.0293987309496881,-0.04653383729245978
2,purge,5688.0,100.0531103852314,10.573822945536842,0.10568210128425569,26.16465520741581,1.0,0.5856155663255147,1.0292807783162758,-0.04651296241441478
2,purge,5690.0,100.0531089899971,10.57147023262044,0.10565858811721016,26.071650148759975,1.0,0.5832575705024512,1.0291628785251226,-0.04649209798328762
2,purge,5692.0,100.05310759546101,10.56911857338432,0.1056350854799816,25.97868680852466,1.0,0.580900630996965,1.0290450315498483,-0.04647124399286058
2,purge,5694.0,100.05310620162263,10.566767967303011,0.10561159336731957,25.885765165834684,1.0,0.5785447472817786,1.028927237364089,-0.04645040043690636
2,purge,5696.0,100.05310480848158,10.564418413850891,0.10558811177397204,25.792885199827328,1.0,0.5761899188299249,1.0288094959414962,-0.046429567309205215
2,purge,5698.0,100.0531034160376,10.562069912502869,0.10556464069469203,25.700046889652295,1.0,0.5738361451147374,1.0286918072557372,-0.04640874460355077
2,purge,5700.0,100.05310202429,10.559722462734296,0.10554118012423742,25.607250214471698,1.0,0.571483425609871,1.0285741712804934,-0.046387932313734524
2,purge,5702.0,100.05310063323854,10.557376064020575,0.10551773005736634,25.51449515346006,1.0,0.5691317597892919,1.0284565879894645,-0.046367130433553574
2,purge,5704.0,100.05309924288285,10.5550307158376,0.1054942904888418,25.421781685804316,1.0,0.5667811471272773,1.0283390573563638,-0.046346338956809986
2,purge,5706.0,100.0530978532224,10.552686417661507,0.10547086141342939,25.32910979070378,1.0,0.5644315870984171,1.0282215793549208,-0.04632555787731019
2,purge,5708.0,100.05309646425683,10.55034316896876,0.1054474428258978,25.236479447370154,1.0,0.5620830791776128,1.0281041539588807,-0.04630478718886505
2,purge,5710.0,100.05309507598565,10.548000969236128,0.10542403472101902,25.143890635027525,1.0,0.5597356228400784,1.0279867811420038,-0.046284026885289334
2,purge,5712.0,100.05309368840855,10.545659817940683,0.10540063709356773,25.05134333291232,1.0,0.5573892175613379,1.027869460878067,-0.04626327696040284
2,purge,5714.0,100.05309230152514,10.543319714559765,0.10537724993832148,24.95883752027334,1.0,0.5550438628172206,1.0277521931408613,-0.046242537408034703
2,purge,5716.0,100.05309091533485,10.540980658571227,0.10535387325006307,24.866373176371734,1.0,0.5526995580838778,1.027634977904194,-0.046221808222009886
2,purge,5718.0,100.05308952983741,10.538642649452914,0.10533050702357495,24.773950280480967,1.0,0.5503563028377675,1.0275178151418884,-0.046201089396160626
2,purge,5720.0,100.0530881450323,10.536305686683145,0.1053071512536445,24.681568811886848,1.0,0.5480140965556481,1.0274007048277825,-0.04618038092433138
2,purge,5722.0,100.05308676091921,10.533969769740645,0.10528380593506304,24.5892287498875,1.0,0.5456729387145947,1.0272836469357298,-0.04615968280036618
2,purge,5724.0,100.05308537749768,10.531634898104361,0.10526047106262418,24.49693007379335,1.0,0.5433328287920003,1.0271666414396,-0.04613899501810679
2,purge,5726.0,100.0530839947673,10.52930107125339,0.10523714663112296,24.404672762927138,1.0,0.5409937662655575,1.0270496883132778,-0.0461183175714079
2,purge,5728.0,100.05308261272768,10.526968288667373,0.10521383263535995,24.312456796623874,1.0,0.5386557506132661,1.0269327875306633,-0.04609765045412989
2,purge,5730.0,100.05308123137843,10.524636549826225,0.10519052907013834,24.220282154230866,1.0,0.5363187813134429,1.0268159390656721,-0.04607699366013183
2,purge,5732.0,100.05307985071907,10.522305854210005,0.10516723593026289,24.128148815107682,1.0,0.5339828578447106,1.0266991428922356,-0.04605634718327937
2,purge,5734.0,100.05307847074914,10.519976201299237,0.105143953210543,24.03605675862617,1.0,0.5316479796859996,1.0265823989843,-0.04603571101744362
2,purge,5736.0,100.05307709146847,10.517647590574688,0.10512068090579026,23.94400596417041,1.0,0.5293141463165482,1.0264657073158274,-0.04601508515650065
2,purge,5738.0,100.05307571287635,10.515320021517484,0.1050974190108202,23.85199641113675,1.0,0.526981357215905,1.0263490678607952,-0.045994469594329075
2,purge,5740.0,100.05307433497262,10.51299349360895,0.10507416752045,23.76002807893375,1.0,0.5246496118639239,1.0262324805931964,-0.04597386432481435
2,purge,5742.0,100.05307295775673,10.510668006330866,0.10505092642950166,23.668100946982214,1.0,0.5223189097407694,1.0261159454870388,-0.04595326934184408
2,purge,5744.0,100.05307158122828,10.508343559165114,0.1050276957327981,23.576214994715162,1.0,0.5199892503269071,1.0259994625163453,-0.04593268463931562
2,purge,5746.0,100.05307020538694,10.506020151594164,0.10500447542516803,23.48437020157781,1.0,0.5176606331031152,1.0258830316551557,-0.04591211021112634
2,purge,5748.0,100.05306883023222,10.503697783100618,0.10498126550144161,23.392566547027588,1.0,0.5153330575504883,1.0257666528775244,-0.04589154605117083
2,purge,5750.0,100.05306745576371,10.501376453167211,0.10495806595645023,23.300804010534115,1.0,0.5130065231504114,1.0256503261575207,-0.04587099215336136
2,purge,5752.0,100.05306608198111,10.499056161277329,0.10493487678503174,23.20908257157918,1.0,0.5106810293845745,1.0255340514692288,-0.04585044851161543
2,purge,5754.0,100.05306470888392,10.496736906914599,0.10491169798202665,23.117402209656753,1.0,0.5083565757349907,1.0254178287867495,-0.04582991511984224
2,purge,5756.0,100.05306333647172,10.4944186895626,0.10488852954227473,23.02576290427296,1.0,0.5060331616839665,1.0253016580841983,-0.04580939197196527
2,purge,5758.0,100.05306196474423,10.492101508705709,0.10486537146062375,22.934164634946086,1.0,0.5037107867141186,1.0251855393357059,-0.04578887906190918
2,purge,5760.0,100.0530605937009,10.489785363828322,0.10484222373192181,22.842607381206566,1.0,0.5013894503083743,1.025069472515419,-0.045768376383599256
2,purge,5762.0,100.05305922334134,10.487470254415053,0.1048190863510192,22.751091122596968,1.0,0.49906915194995505,1.0249534575974977,-0.04574788393097438
2,purge,5764.0,100.05305785366522,10.485156179951124,0.104795959312772,22.65961583867199,1.0,0.4967498911223916,1.0248374945561196,-0.04572740169797428
2,purge,5766.0,100.05305648467206,10.482843139921872,0.1047728426120378,22.568181508998432,1.0,0.4944316673095261,1.0247215833654764,-0.04570692967853825
2,purge,5768.0,100.05305511636155,10.480531133812846,0.10474973624367599,22.476788113155227,1.0,0.4921144799954968,1.0246057239997748,-0.04568646786661694
2,purge,5770.0,100.05305374873322,10.47822016111014,0.10472664020255162,22.38543563073338,1.0,0.48979832866474804,1.0244899164332377,-0.04566601625616408
2,purge,5772.0,100.05305238178661,10.475910221300047,0.1047035544835317,22.294124041336016,1.0,0.4874832128020382,1.0243741606401022,-0.045645574841130444
2,purge,5774.0,100.05305101552143,10.473601313868969,0.10468047908148427,22.202853324578328,1.0,0.485169131892418,1.024258456594621,-0.04562514361548049
2,purge,5776.0,100.05304964993721,10.471293438303887,0.10465741399128317,22.11162346008758,1.0,0.48285608542123937,1.024142804271062,-0.04560472257318486
2,purge,5778.0,100.05304828503354,10.468986594092161,0.10463435920780602,22.020434427503105,1.0,0.48054407287417833,1.0240272036437088,-0.04558431170820298
2,purge,5780.0,100.0530469208101,10.46668078072091,0.10461131472592805,21.929286206476295,1.0,0.4782330937371947,1.0239116546868596,-0.045563911014514
2,purge,5782.0,100.05304555726639,10.464375997678104,0.10458828054053297,21.83817877667058,1.0,0.4759231474965484,1.0237961573748273,-0.04554352048610383
2,purge,5784.0,100.05304419440205,10.462072244452026,0.10456525664650769,21.747112117761436,1.0,0.47361423363882454,1.0236807116819413,-0.045523140116945485
2,purge,5786.0,100.05304283221666,10.459769520530697,0.10454224303873641,21.656086209436356,1.0,0.4713063516508959,1.0235653175825448,-0.04550276990102832
2,purge,5788.0,100.05304147070987,10.45746782540298,0.10451923971211172,21.56510103139487,1.0,0.4689995010199314,1.0234499750509967,-0.0454824098323509
2,purge,5790.0,100.05304010988122,10.455167158557853,0.1044962466615275,21.4741565633485,1.0,0.4666936812334054,1.0233346840616702,-0.0454620599049138
2,purge,5792.0,100.05303874973032,10.452867519484794,0.10447326388188254,21.383252785020776,1.0,0.4643888917791161,1.0232194445889558,-0.04544172011270498
2,purge,5794.0,100.05303739025676,10.450568907673064,0.10445029136807342,21.292389676147238,1.0,0.4620851321451461,1.0231042566072572,-0.045421390449730724
2,purge,5796.0,100.05303603146024,10.4482713226126,0.10442732911500349,21.201567216475386,1.0,0.45978240181986124,1.022989120090993,-0.04540107091001589
2,purge,5798.0,100.05303467334019,10.445974763793998,0.1044043771175828,21.110785385764704,1.0,0.4574807002919637,1.0228740350145982,-0.04538076148756233
2,purge,5800.0,100.05303331589633,10.443679230707204,0.10438143537071479,21.02004416378665,1.0,0.4551800270504375,1.0227590013525218,-0.04536046217639173
2,purge,5802.0,100.05303195912823,10.441384722843296,0.10435850386931417,20.92934353032463,1.0,0.452880381584562,1.022644019079228,-0.04534017297053417
2,purge,5804.0,100.05303060303548,10.439091239693528,0.10433558260829753,20.838683465174,1.0,0.450581763383942,1.022529088169197,-0.04531989386400515
2,purge,5806.0,100.05302924761772,10.436798780748894,0.10431267158257879,20.748063948142065,1.0,0.4482841719384622,1.0224142085969232,-0.04529962485084072
2,purge,5808.0,100.05302789287443,10.434507345501304,0.10428977078708108,20.65748495904806,1.0,0.4459876067383048,1.0222993803369151,-0.04527936592508337
2,purge,5810.0,100.05302653880541,10.432216933442849,0.10426688021672918,20.566946477722713,1.0,0.4436920672739529,1.0221846033636977,-0.045259117080770975
2,purge,5812.0,100.05302518541008,10.429927544065583,0.10424399986644778,20.47644848400959,1.0,0.44139755303620987,1.0220698776518105,-0.04523887831194807
2,purge,5814.0,100.05302383268814,10.427639176862137,0.10422112973116701,20.38599095776286,1.0,0.43910406351613723,1.0219552031758068,-0.04521864961267015
2,purge,5816.0,100.05302248063916,10.425351831325667,0.10419826980582254,20.29557387884985,1.0,0.43681159820514565,1.0218405799102572,-0.0451984309769834
2,purge,5818.0,100.0530211292628,10.423065506948966,0.10417542008534615,20.205197227149636,1.0,0.43452015659493065,1.0217260078297465,-0.04517822239894679
2,purge,5820.0,100.05301977855854,10.420780203225736,0.10415258056467895,20.114860982553285,1.0,0.4322297381774836,1.0216114869088742,-0.04515802387262845
2,purge,5822.0,100.05301842852607,10.418495919649827,0.10412975123876336,20.024565124962805,1.0,0.4299403424450846,1.0214970171222542,-0.04513783539209004
2,purge,5824.0,100.05301707916502,10.416212655715064,0.10410693210254157,19.93430963429315,1.0,0.4276519688903253,1.0213825984445162,-0.045117656951409256
2,purge,5826.0,100.05301573047491,10.413930410916148,0.10408412315096456,19.84409449047015,1.0,0.4253646170060827,1.021268230850304,-0.045097488544658504
2,purge,5828.0,100.05301438245547,10.411649184747418,0.10406132437897966,19.753919673431636,1.0,0.4230782862855261,1.0211539143142763,-0.04507733016592234
2,purge,5830.0,100.05301303510618,10.409368976704117,0.10403853578154336,19.663785163127464,1.0,0.42079297622213685,1.0210396488111069,-0.045057181809282525
2,purge,5832.0,100.05301168842668,10.407089786281382,0.10401575735361089,19.57369093951939,1.0,0.41850868630969873,1.020925434315485,-0.04503704346882277
2,purge,5834.0,100.05301034241656,10.404811612974612,0.10399298909014021,19.483636982580972,1.0,0.4162254160422729,1.0208112708021138,-0.04501691513864656
2,purge,5836.0,100.05300899707545,10.402534456280021,0.10397023098609746,19.393623272297553,1.0,0.4139431649142359,1.0206971582457118,-0.04499679681284703
2,purge,5838.0,100.053007652403,10.400258315693504,0.1039474830364454,19.303649788666274,1.0,0.4116619324202599,1.020583096621013,-0.04497668848552275
2,purge,5840.0,100.05300630839871,10.397983190711471,0.10392474523615228,19.213716511696074,1.0,0.4093817180552998,1.020469085902765,-0.04495659015078757
2,purge,5842.0,100.0530049650623,10.39570908083089,0.1039020175801915,19.123823421407664,1.0,0.40710252131462005,1.020355126065731,-0.04493650180274958
2,purge,5844.0,100.05300362239325,10.393435985548708,0.10387930006353664,19.03397049783354,1.0,0.4048243416937873,1.0202412170846893,-0.044916423435516696
2,purge,5846.0,100.05300228039128,10.391163904362005,0.10385659268116236,18.944157721017966,1.0,0.40254717868864026,1.020127358934432,-0.0448963550432199
2,purge,5848.0,100.053000939056,10.388892836768788,0.10383389542805259,18.854385071016946,1.0,0.40027103179532697,1.0200135515897664,-0.04487629661998386
2,purge,5850.0,100.05299959838695,10.386622782266885,0.10381120829918963,18.764652527898242,1.0,0.39799590051030503,1.0198997950255153,-0.04485624815992687
2,purge,5852.0,100.05299825838374,10.384353740354323,0.1037885312895577,18.67496007174136,1.0,0.39572178433031224,1.0197860892165156,-0.0448362096571836
2,purge,5854.0,100.05299691904601,10.38208571052977,0.10376586439414733,18.585307682637527,1.0,0.39344868275237976,1.019672434137619,-0.04481618110589432
2,purge,5856.0,100.05299558037333,10.379818692291979,0.10374320760795008,18.495695340689704,1.0,0.3911765952738358,1.019558829763692,-0.04479616250020212
2,purge,5858.0,100.05299424236536,10.377552685140138,0.10372056092596156,18.40612302601255,1.0,0.3889055213923106,1.0194452760696155,-0.0447761538342487
2,purge,5860.0,100.05299290502167,10.375287688573534,0.10369792434317872,18.31659071873244,1.0,0.3866354606057261,1.0193317730302862,-0.04475615510218236
2,purge,5862.0,100.0529915683419,10.373023702091826,0.10367529785460199,18.227098398987437,1.0,0.38436641241228964,1.0192183206206145,-0.04473616629816279
2,purge,5864.0,100.05299023232563,10.37076072519516,0.1036526814552367,18.1376460469273,1.0,0.3820983763105131,1.0191049188155257,-0.044716187416345796
2,purge,5866.0,100.0529888969725,10.368498757383643,0.10363007514008794,18.04823364271346,1.0,0.3798313517992001,1.01899156758996,-0.04469621845089305
2,purge,5868.0,100.05298756228213,10.366237798157945,0.10360747890416615,17.958861166519018,1.0,0.3775653383774481,1.0188782669188725,-0.04467625939597085
2,purge,5870.0,100.05298622825404,10.363977847018848,0.10358489274248325,17.86952859852875,1.0,0.37530033554464703,1.0187650167772324,-0.044656310245750314
2,purge,5872.0,100.05298489488791,10.361718903467551,0.103562316650055,17.780235918939074,1.0,0.3730363428004808,1.018651817140024,-0.04463637099440643
2,purge,5874.0,100.05298356218339,10.359460967005397,0.10353975062189869,17.690983107958054,1.0,0.37077335964491764,1.018538667982246,-0.04461644163612527
2,purge,5876.0,100.05298223014002,10.357204037134313,0.10351719465303758,17.601770145805386,1.0,0.3685113855782315,1.0184255692789115,-0.0445965221650871
2,purge,5878.0,100.05298089875744,10.354948113356176,0.10349464873849426,17.512597012712394,1.0,0.366250420100989,1.0183125210050494,-0.04457661257547642
2,purge,5880.0,100.05297956803521,10.352693195173268,0.10347211287329548,17.42346368892203,1.0,0.3639904627140392,1.018199523135702,-0.04455671286149005
2,purge,5882.0,100.0529782379731,10.350439282088324,0.10344958705247241,17.334370154688852,1.0,0.3617315129185277,1.0180865756459263,-0.04453682301732538
2,purge,5884.0,100.05297690857054,10.348186373604223,0.10342707127105778,17.245316390279015,1.0,0.359473570215898,1.017973678510795,-0.04451694303717984
2,purge,5886.0,100.05297557982722,10.345934469223979,0.10340456552408558,17.156302375970274,1.0,0.3572166341078741,1.0178608317053939,-0.04449707291526365
2,purge,5888.0,100.05297425174274,10.343683568451343,0.10338206980659724,17.067328092051966,1.0,0.35496070409648295,1.017748035204824,-0.044477212645782596
2,purge,5890.0,100.05297292431675,10.341433670789916,0.10335958411363254,16.97839351882501,1.0,0.35270577968404065,1.017635288984202,-0.0444573622229484
2,purge,5892.0,100.05297159754882,10.339184775743702,0.10333710844023547,16.889498636601882,1.0,0.35045186037314474,1.0175225930186573,-0.04443752164098469
2,purge,5894.0,100.05297027143853,10.336936882817199,0.10331464278145491,16.800643425706628,1.0,0.3481989456666902,1.0174099472833344,-0.044417690894114195
2,purge,5896.0,100.0529689459856,10.334689991515056,0.10329218713234108,16.71182786647484,1.0,0.3459470350678725,1.0172973517533936,-0.04439786997655621
2,purge,5898.0,100.05296762118957,10.332444101342032,0.10326974148794554,16.62305193925366,1.0,0.343696128080165,1.0171848064040083,-0.0443780588825445
2,purge,5900.0,100.05296629705006,10.330199211803427,0.10324730584332509,16.534315624401753,1.0,0.34144622420732734,1.0170723112103663,-0.044358257606319694
2,purge,5902.0,100.05296497356672,10.327955322404796,0.10322488019353919,16.44561890228931,1.0,0.33919732295341687,1.0169598661476709,-0.04433846614212102
2,purge,5904.0,100.05296365073909,10.325712432651985,0.10320246453365012,16.356961753298044,1.0,0.3369494238227905,1.0168474711911395,-0.04431868448418426
2,purge,5906.0,100.05296232856688,10.32347054205094,0.10318005885872117,16.268344157821183,1.0,0.3347025263200864,1.0167351263160043,-0.04429891262675623
2,purge,5908.0,100.05296100704965,10.321229650107986,0.10315766316381941,16.17976609626345,1.0,0.33245662995021724,1.0166228314975108,-0.044279150564099486
2,purge,5910.0,100.05295968618698,10.318989756330152,0.10313527744401911,16.091227549041058,1.0,0.3302117342184155,1.0165105867109208,-0.04425939829045703
2,purge,5912.0,100.05295836597861,10.316750860223813,0.10311290169438762,16.002728496581703,1.0,0.3279678386301722,1.0163983919315087,-0.0442396558000997
2,purge,5914.0,100.05295704642413,10.314512961296655,0.10309053591000582,15.914268919324558,1.0,0.3257249426912741,1.0162862471345637,-0.04421992308729731
2,purge,5916.0,100.05295572752296,10.31227605905626,0.10306818008595342,15.825848797720257,1.0,0.3234830459078265,1.0161741522953913,-0.04420020014630043
2,purge,5918.0,100.05295440927493,10.310040153009922,0.10304583421730702,15.737468112230902,1.0,0.3212421477861878,1.0160621073893095,-0.04418048697139151
2,purge,5920.0,100.05295309167957,10.307805242666236,0.1030234982991565,15.649126843330041,1.0,0.3190022478330124,1.0159501123916506,-0.04416078355685112
2,purge,5922.0,100.05295177473657,10.30557132753348,0.10300117232658841,15.560824971502669,1.0,0.3167633455552567,1.0158381672777628,-0.04414108989695311
2,purge,5924.0,100.05295045844545,10.303338407120114,0.10297885629469121,15.472562477245205,1.0,0.3145254404601492,1.0157262720230074,-0.04412140598598768
2,purge,5926.0,100.05294914280589,10.301106480935369,0.10295655019856104,15.384339341065502,1.0,0.31228853205521495,1.0156144266027607,-0.044101731818242326
2,purge,5928.0,100.05294782781746,10.298875548488347,0.10293425403329273,15.296155543482826,1.0,0.31005261984826676,1.0155026309924133,-0.04408206738800841
2,purge,5930.0,100.05294651347987,10.296645609288513,0.1029119677939847,15.208011065027849,1.0,0.3078177033473919,1.0153908851673696,-0.04406241268959125
2,purge,5932.0,100.05294519979267,10.294416662845867,0.10288969147574077,15.119905886242638,1.0,0.305583782060975,1.0152791891030488,-0.04404276771729226
2,purge,5934.0,100.05294388675549,10.292188708670443,0.10286742507366514,15.03183998768066,1.0,0.30335085549769386,1.0151675427748847,-0.044023132465411965
2,purge,5936.0,100.05294257436789,10.289961746272574,0.102845168582865,14.943813349906762,1.0,0.30111892316650646,1.0150559461583253,-0.044003506928260154
2,purge,5938.0,100.05294126262953,10.287735775163025,0.10282292199845167,14.85582595349718,1.0,0.29888798457665994,1.014944399228833,-0.04398389110014881
2,purge,5940.0,100.05293995154015,10.285510794852517,0.10280068531553618,14.767877779039498,1.0,0.2966580392376674,1.0148329019618834,-0.04396428497540935
2,purge,5942.0,100.05293864109926,10.283286804852699,0.10277845852923884,14.679968807132665,1.0,0.29442908665935036,1.0147214543329675,-0.04394468854835999
2,purge,5944.0,100.05293733130647,10.281063804674833,0.10275624163467612,14.592099018386971,1.0,0.2922011263518196,1.014610056317591,-0.0439251018133201
2,purge,5946.0,100.0529360221614,10.278841793830633,0.1027340346269689,14.504268393424063,1.0,0.2899741578254508,1.0144987078912726,-0.043905524764629646
2,purge,5948.0,100.05293471366367,10.2766207718326,0.10271183750124602,14.416476912876915,1.0,0.2877481805909283,1.0143874090295464,-0.04388595739661416
2,purge,5950.0,100.05293340581295,10.274400738192648,0.10268965025263037,14.328724557389835,1.0,0.28552319415920324,1.0142761597079601,-0.04386639970361815
2,purge,5952.0,100.05293209860886,10.272181692423679,0.1026674728762547,14.241011307618434,1.0,0.28329919804150894,1.0141649599020754,-0.04384685167999169
2,purge,5954.0,100.05293079205096,10.269963634038737,0.10264530536725334,14.153337144229637,1.0,0.2810761917493807,1.014053809587469,-0.04382731332007578
2,purge,5956.0,100.05292948613894,10.267746562550867,0.10262314772076046,14.065702047901665,1.0,0.27885417479463215,1.0139427087397317,-0.0438077846182202
2,purge,5958.0,100.05292818087234,10.265530477473684,0.10260099993191603,13.97810599932405,1.0,0.27663314668935984,1.013831657334468,-0.04378826556878031
2,purge,5960.0,100.05292687625092,10.263315378320891,0.10257886199586078,13.890548979197591,1.0,0.27441310694593546,1.0137206553472968,-0.04376875616612214
2,purge,5962.0,100.05292557227413,10.261101264606648,0.10255673390774016,13.80303096823436,1.0,0.27219405507701905,1.0136097027538509,-0.0437492564046123
2,purge,5964.0,100.05292426894174,10.258888135845424,0.10253461566270251,13.715551947157701,1.0,0.2699759905955672,1.0134987995297784,-0.04372976627861161
2,purge,5966.0,100.05292296625326,10.25667599155169,0.10251250725589649,13.628111896702226,1.0,0.26775891301481386,1.0133879456507406,-0.0437102857824897
2,purge,5968.0,100.05292166420841,10.254464831240425,0.10249040868247546,13.5407107976138,1.0,0.2655428218482702,1.0132771410924135,-0.04369081491062521
2,purge,5970.0,100.05292036280679,10.252254654426787,0.10246831993759488,13.45334863064952,1.0,0.2633277166097221,1.013166385830486,-0.043671353657407125
2,purge,5972.0,100.05291906204799,10.250045460626506,0.10244624101641574,13.366025376577714,1.0,0.2611135968132591,1.013055679840663,-0.04365190201721218
2,purge,5974.0,100.05291776193167,10.247837249355122,0.10242417191409722,13.278741016177959,1.0,0.25890046197324984,1.0129450230986627,-0.04363245998442429
2,purge,5976.0,100.05291646245745,10.24563002012856,0.10240211262580236,13.191495530241028,1.0,0.25668831160431943,1.012834415580216,-0.04361302755345138
2,purge,5978.0,100.05291516362485,10.24342377246369,0.10238006314670359,13.104288899568909,1.0,0.2544771452214094,1.0127238572610704,-0.04359360471867883
2,purge,5980.0,100.05291386543364,10.24121850587663,0.1023580234719658,13.017121104974803,1.0,0.25226696233973406,1.0126133481169868,-0.04357419147450351
2,purge,5982.0,100.05291256788341,10.239014219884329,0.10233599359676222,12.929992127283102,1.0,0.25005776247476824,1.0125028881237383,-0.04355478781534279
2,purge,5984.0,100.05291127097378,10.236810914004334,0.10231397351627211,12.842901947329374,1.0,0.24784954514229504,1.0123924772571147,-0.04353539373559731
2,purge,5986.0,100.05290997470432,10.234608587753677,0.10229196322566952,12.755850545960373,1.0,0.24564230985836707,1.0122821154929182,-0.04351600922968113
2,purge,5988.0,100.05290867907473,10.232407240650312,0.10226996272013766,12.668837904034028,1.0,0.24343605613931724,1.012171802806966,-0.043496634292013094
2,purge,5990.0,100.05290738408465,10.230206872212198,0.10224797199485988,12.581864002419415,1.0,0.2412307835017559,1.012061539175088,-0.043477268917018703
2,purge,5992.0,100.05290608973365,10.228007481957707,0.10222599104502367,12.494928821996766,1.0,0.23902649146258104,1.011951324573129,-0.043457913099122086
2,purge,5994.0,100.05290479602132,10.22580906940553,0.1022040198658197,12.40803234365747,1.0,0.23682317953899118,1.0118411589769496,-0.043438566832736274
2,purge,5996.0,100.05290350294736,10.223611634074082,0.10218205845243576,12.32117454830406,1.0,0.23462084724843071,1.0117310423624215,-0.0434192301123052
2,purge,5998.0,100.0529022105114,10.221415175482878,0.10216010680007077,12.23435541685018,1.0,0.23241949410862658,1.0116209747054312,-0.04339990293227486
2,purge,6000.0,100.05290091871305,10.219219693151391,0.10213816490392308,12.147574930220605,1.0,0.23021911963760833,1.0115109559818805,-0.04338058528707761
2,purge,6002.0,100.05289962755192,10.21702518659897,0.10211623275919005,12.060833069351217,1.0,0.22801972335366907,1.0114009861676834,-0.04336127717116245
2,purge,6004.0,100.0528983370277,10.214831655345856,0.10209431036107766,11.974129815188995,1.0,0.22582130477537984,1.011291065238769,-0.04334197857898364
2,purge,6006.0,100.05289704713995,10.212639098912435,0.10207239770479355,11.887465148692034,1.0,0.22362386342161564,1.0111811931710808,-0.043322689504980486
2,purge,6008.0,100.05289575788832,10.21044751681885,0.1020504947855429,11.800839050829518,1.0,0.22142739881151177,1.0110713699405758,-0.0433034099436112
2,purge,6010.0,100.05289446927245,10.208256908585948,0.10202860159853781,11.714251502581698,1.0,0.2192319104644576,1.0109615955232232,-0.04328413988935703
2,purge,6012.0,100.05289318129198,10.206067273735306,0.1020067181389978,11.6277024849399,1.0,0.21703739790016185,1.0108518698950082,-0.043264879336671766
2,purge,6014.0,100.0528918939465,10.203878611787895,0.10198484440213627,11.541191978906525,1.0,0.2148438606386127,1.0107421930319307,-0.043245628280012625
2,purge,6016.0,100.05289060723565,10.201690922265099,0.10196298038317078,11.454719965495023,1.0,0.21265129820003625,1.0106325649100019,-0.04322638671387219
2,purge,6018.0,100.0528893211591,10.199504204689493,0.10194112607733066,11.368286425729895,1.0,0.21045971010496806,1.0105229855052484,-0.043207154632722816
2,purge,6020.0,100.05288803571646,10.197318458582926,0.10191928147983824,11.281891340646686,1.0,0.20826909587423004,1.0104134547937116,-0.04318793203103428
2,purge,6022.0,100.05288675090736,10.195133683467605,0.10189744658591919,11.195534691291968,1.0,0.2060794550288889,1.0103039727514445,-0.043168718903306
2,purge,6024.0,100.05288546673138,10.192949878866813,0.1018756213908101,11.109216458723346,1.0,0.2038907870903123,1.0101945393545155,-0.0431495152440233
2,purge,6026.0,100.05288418318827,10.190767044303215,0.10185380588974116,11.022936624009432,1.0,0.20170309158014169,1.010085154579007,-0.043130321047678145
2,purge,6028.0,100.05288290027757,10.18858517930026,0.10183200007795072,10.93669516822986,1.0,0.19951636802029557,1.0099758184010148,-0.04311113630876665
2,purge,6030.0,100.05288161799886,10.186404283381455,0.10181020395067748,10.850492072475257,1.0,0.1973306159329694,1.0098665307966486,-0.043091961021789006
2,purge,6032.0,100.05288033635196,10.184224356070576,0.10178841750316275,10.764327317847245,1.0,0.19514583484062134,1.009757291742031,-0.043072795181260275
2,purge,6034.0,100.05287905533636,10.182045396892018,0.10176664073065426,10.678200885458422,1.0,0.19296202426600212,1.0096481012133,-0.04305363878168679
2,purge,6036.0,100.05287777495172,10.179867405369993,0.1017448736283978,10.59211275643237,1.0,0.19077918373214503,1.0095389591866073,-0.04303449181757425
2,purge,6038.0,100.05287649519765,10.177690381029144,0.10172311619164347,10.506062911903644,1.0,0.1885973127623459,1.0094298656381173,-0.04301535428344306
2,purge,6040.0,100.05287521607384,10.175514323394573,0.1017013684156459,10.420051333017765,1.0,0.18641641088018038,1.009320820544009,-0.04299622617381463
2,purge,6042.0,100.05287393757988,10.173339231991353,0.10167963029565955,10.334078000931198,1.0,0.18423647760949546,1.0092118238804748,-0.042977107483217515
2,purge,6044.0,100.0528726597154,10.171165106345045,0.10165790182694366,10.248142896811352,1.0,0.18205751247441304,1.0091028756237206,-0.04295799820618486
2,purge,6046.0,100.0528713824801,10.16899194598163,0.10163618300476167,10.162246001836571,1.0,0.17987951499934993,1.0089939757499675,-0.04293889833723849
2,purge,6048.0,100.05287010587355,10.16681975042679,0.10161447382437411,10.076387297196145,1.0,0.17770248470897745,1.0088851242354488,-0.04291980787092048
2,purge,6050.0,100.05286882989537,10.16464851920709,0.10159277428105024,9.99056676409027,1.0,0.1755264211282434,1.0087763210564122,-0.042900726801775514
2,purge,6052.0,100.05286755454529,10.162478251849173,0.10157108437006013,9.904784383730064,1.0,0.1733513237823833,1.0086675661891191,-0.04288165512434229
2,purge,6054.0,100.05286627982288,10.160308947879688,0.10154940408667397,9.81904013733755,1.0,0.17117719219689248,1.0085588596098447,-0.04286259283317487
2,purge,6056.0,100.0528650057277,10.158140606826057,0.10152773342616961,9.733334006145649,1.0,0.1690040258975534,1.0084502012948777,-0.0428435399228213
2,purge,6058.0,100.0528637322595,10.155973228215418,0.10150607238382206,9.64766597139817,1.0,0.1668318244104113,1.0083415912205205,-0.042824496387842595
2,purge,6060.0,100.05286245941791,10.153806811575707,0.10148442095491428,9.562036014349808,1.0,0.16466058726179006,1.0082330293630895,-0.04280546222279993
2,purge,6062.0,100.05286118720254,10.151641356434768,0.10146277913472837,9.476444116266126,1.0,0.16249031397829058,1.0081245156989145,-0.04278643742225588
2,purge,6064.0,100.05285991561301,10.149476862320867,0.10144114691855066,9.39089025842356,1.0,0.1603210040867852,1.0080160502043392,-0.042767421980778764
2,purge,6066.0,100.05285864464896,10.147313328762534,0.10141952430167006,9.305374422109404,1.0,0.1581526571144202,1.007907632855721,-0.04274841589294033
2,purge,6068.0,100.05285737431005,10.145150755288478,0.10139791127937726,9.219896588621804,1.0,0.15598527258861158,1.0077992636294306,-0.04272941915331903
2,purge,6070.0,100.05285610459588,10.142989141427918,0.10137630784696815,9.134456739269748,1.0,0.15381885003705653,1.0076909425018528,-0.04271043175649085
2,purge,6072.0,100.05285483550618,10.140828486709921,0.10135471399973688,9.049054855373061,1.0,0.15165338898771114,1.0075826694493855,-0.042691453697046536
2,purge,6074.0,100.05285356704053,10.138668790664344,0.10133312973298576,8.96369091826239,1.0,0.1494888889688125,1.0074744444484407,-0.04267248496957408
2,purge,6076.0,100.05285229919843,10.13651005282097,0.10131155504201629,8.878364909279204,1.0,0.14732534950887738,1.0073662674754438,-0.04265352556865974
2,purge,6078.0,100.05285103197983,10.134352272709831,0.10128998992213221,8.793076809775787,1.0,0.14516277013668125,1.007258138506834,-0.042634575488904376
2,purge,6080.0,100.05284976538408,10.132195449861609,0.10126843436864415,8.707826601115228,1.0,0.14300115038128522,1.0071500575190642,-0.04261563472490207
2,purge,6082.0,100.05284849941093,10.130039583806647,0.10124688837685904,8.622614264671412,1.0,0.14084048977201266,1.0070420244886007,-0.04259670327125839
2,purge,6084.0,100.05284723406001,10.127884674076146,0.10122535194209255,8.537439781829018,1.0,0.13868078783845997,1.006934039391923,-0.042577781122581614
2,purge,6086.0,100.05284596933103,10.125730720201155,0.10120382505965869,8.452303133983495,1.0,0.13652204411048569,1.0068261022055243,-0.04255886827349105
2,purge,6088.0,100.05284470522358,10.123577721713383,0.10118230772487824,8.367204302541056,1.0,0.13436425811823408,1.0067182129059118,-0.04253996471859855
2,purge,6090.0,100.05284344173718,10.121425678144552,0.10116079993307203,8.282143268918702,1.0,0.13220742939213165,1.0066103714696066,-0.04252107045251133
2,purge,6092.0,100.05284217887157,10.119274589026382,0.10113930167956083,8.197120014544181,1.0,0.1300515574628467,1.0065025778731422,-0.04250218546986322
2,purge,6094.0,100.05284091662651,10.117124453891659,0.10111781295967602,8.112134520856,1.0,0.1278966418613354,1.0063948320930667,-0.04248330976527838
2,purge,6096.0,100.05283965500148,10.114975272272732,0.10109633376874476,8.027186769303407,1.0,0.1257426821188313,1.0062871341059416,-0.04246444333337971
2,purge,6098.0,100.05283839399618,10.112827043702051,0.10107486410209515,7.942276741346373,1.0,0.1235896777667995,1.00617948388834,-0.042445586168823865
2,purge,6100.0,100.05283713361028,10.11067976771359,0.1010534039550704,7.85740441845559,1.0,0.12143762833701796,1.006071881416851,-0.042426738266237794
2,purge,6102.0,100.0528358738433,10.108533443840193,0.10103195332300276,7.772569782112489,1.0,0.11928653336154035,1.0059643266680771,-0.0424078996202483
2,purge,6104.0,100.05283461469496,10.106388071615244,0.1010105122012295,7.687772813809212,1.0,0.11713639237264974,1.0058568196186324,-0.042389070225517425
2,purge,6106.0,100.05283335616497,10.104243650573281,0.10098908058509956,7.603013495048596,1.0,0.11498720490291649,1.0057493602451457,-0.04237025007669704
2,purge,6108.0,100.05283209825289,10.102100180248122,0.10096765846995473,7.518291807344167,1.0,0.11283897048518533,1.0056419485242594,-0.042351439168438774
2,purge,6110.0,100.05283084095835,10.099957660174299,0.10094624585114395,7.433607732220146,1.0,0.11069168865257016,1.0055345844326284,-0.042332637495398194
2,purge,6112.0,100.0528295842811,10.097816089886566,0.1009248427240182,7.348961251211436,1.0,0.10854535893844991,1.0054272679469225,-0.04231384505223778
2,purge,6114.0,100.05282832822067,10.095675468919946,0.10090344908393141,7.264352345863617,1.0,0.10639998087647987,1.005319999043824,-0.042295061833618045
2,purge,6116.0,100.05282707277675,10.093535796809565,0.10088206492623839,7.179780997732935,1.0,0.10425555400057528,1.0052127777000288,-0.04227628783420999
2,purge,6118.0,100.05282581794893,10.09139707309102,0.10086069024629866,7.095247188386293,1.0,0.1021120778449155,1.0051056038922457,-0.042257523048691764
2,purge,6120.0,100.05282456373696,10.089259297300183,0.10083932503947443,7.010750899401234,1.0,0.0999695519439572,1.0049984775971978,-0.042238767471738076
2,purge,6122.0,100.05282331014043,10.087122468972984,0.10081796930112864,6.9262921123659495,1.0,0.09782797583241917,1.004891398791621,-0.042220021098032016
2,purge,6124.0,100.0528220571589,10.084986587645913,0.10079662302662976,6.841870808879264,1.0,0.09568734904529924,1.004784367452265,-0.04220128392225186
2,purge,6126.0,100.05282080479219,10.082851652855316,0.1007752862113447,6.757486970550632,1.0,0.0935476711178463,1.0046773835558924,-0.04218255593909252
2,purge,6128.0,100.05281955303981,10.080717664138316,0.10075395885064832,6.673140579000121,1.0,0.0914089415855844,1.0045704470792791,-0.04216383714324658
2,purge,6130.0,100.05281830190143,10.07858462103211,0.10073264093991617,6.588831615858425,1.0,0.08927115998432864,1.0044635579992165,-0.04214512752939216
2,purge,6132.0,100.0528170513767,10.076452523073483,0.1007113324745196,6.504560062766843,1.0,0.08713432585011437,1.0043567162925058,-0.04212642709224765
2,purge,6134.0,100.05281580146529,10.07432136980075,0.1006900334498453,6.420325901377247,1.0,0.08499843871925891,1.0042499219359629,-0.04210773582652298
2,purge,6136.0,100.05281455216685,10.07219116075181,0.10066874386127579,6.336129113352113,1.0,0.08286349812837865,1.004143174906419,-0.042089053726906904
2,purge,6138.0,100.05281330348102,10.07006189546434,0.10064746370419135,6.251969680364501,1.0,0.08072950361432414,1.0040364751807163,-0.04207038078811717
2,purge,6140.0,100.0528120554074,10.067933573477243,0.10062619297398467,6.167847584098041,1.0,0.07859645471421627,1.0039298227357107,-0.042051717004872126
2,purge,6142.0,100.05281080794566,10.065806194329141,0.1006049316660454,6.0837628062469316,1.0,0.07646435096545057,1.0038232175482724,-0.042033062371887184
2,purge,6144.0,100.05280956109554,10.06367975755889,0.1005836797757656,5.999715328515926,1.0,0.07433319190567954,1.003716659595284,-0.04201441688388847
2,purge,6146.0,100.05280831485653,10.061554262706014,0.10056243729854414,5.915705132620333,1.0,0.0722029770728358,1.0036101488536417,-0.04199578053559474
2,purge,6148.0,100.05280706922838,10.059429709309613,0.10054120422977549,5.831732200286005,1.0,0.07007370600509798,1.0035036853002548,-0.04197715332174369
2,purge,6150.0,100.05280582421074,10.057306096909926,0.10051998056486552,5.74779651324933,1.0,0.06794537824092517,1.0033972689120463,-0.04195853523706497
2,purge,6152.0,100.05280457980312,10.05518342504674,0.10049876629921577,5.66389805325723,1.0,0.06581799331904342,1.0032908996659522,-0.041939926276290736
2,purge,6154.0,100.05280333600537,10.053061693260148,0.10047756142823054,5.580036802067139,1.0,0.0636915507784159,1.0031845775389208,-0.041921326434178376
2,purge,6156.0,100.05280209281706,10.050940901091334,0.10045636594732518,5.496212741447001,1.0,0.061566050158303486,1.003078302507915,-0.041902735705463295
2,purge,6158.0,100.05280085023782,10.048821048080663,0.10043517985190693,5.412425853175279,1.0,0.05944149099822942,1.0029720745499116,-0.04188415408488662
2,purge,6160.0,100.05279960826729,10.046702133769097,0.10041400313738894,5.328676119040924,1.0,0.057317872837949396,1.0028658936418975,-0.04186558156721796
2,purge,6162.0,100.0527983669051,10.044584157698596,0.10039283579919428,5.244963520843381,1.0,0.05519519521751651,1.0027597597608757,-0.04184701814720474
2,purge,6164.0,100.05279712615096,10.042467119410384,0.10037167783273866,5.161288040392585,1.0,0.053073457677251086,1.0026536728838626,-0.04182846381959585
2,purge,6166.0,100.05279588600446,10.040351018446172,0.10035052923344276,5.07764965950895,1.0,0.050952659757705916,1.0025476329878853,-0.04180991857916838
2,purge,6168.0,100.05279464646533,10.038235854348443,0.10032938999673482,4.994048360023343,1.0,0.04883280099970603,1.0024416400499854,-0.04179138242069616
2,purge,6170.0,100.05279340753314,10.036121626659739,0.10030826011804386,4.910484123777101,1.0,0.04671388094436842,1.0023356940472183,-0.04177285533893465
2,purge,6172.0,100.05279216920756,10.034008334922166,0.10028713959279441,4.826956932622015,1.0,0.044595899133044105,1.002229794956652,-0.0417543373286659
2,purge,6174.0,100.05279093148835,10.031895978679161,0.10026602841642422,4.743466768420322,1.0,0.04247885510735216,1.0021239427553676,-0.041735828384671755
2,purge,6176.0,100.05278969437498,10.029784557473834,0.100244926584368,4.660013613044696,1.0,0.040362748409185,1.0020181374204593,-0.041717328501729614
2,purge,6178.0,100.05278845786721,10.027674070849377,0.10022383409206119,4.576597448378239,1.0,0.038247578580683,1.0019123789290343,-0.04169883767463204
2,purge,6180.0,100.0527872219647,10.025564518349979,0.100202750934949,4.493218256314119,1.0,0.03613334516425719,1.0018066672582129,-0.04168035589816177
2,purge,6182.0,100.05278598666709,10.023455899519133,0.10018167710847,4.409876018756716,1.0,0.03402004770258823,1.0017010023851294,-0.0416618831671155
2,purge,6184.0,100.05278475197393,10.021348213901325,0.10016061260807252,4.326570717619689,1.0,0.03190768573858936,1.0015953842869294,-0.04164341947629408
2,purge,6186.0,100.05278351788498,10.019241461041235,0.10013955742920677,4.243302334828199,1.0,0.02979625881548201,1.001489812940774,-0.041624964820488004
2,purge,6188.0,100.0527822843999,10.017135640483087,0.10011851156731845,4.160070852317677,1.0,0.02768576647671472,1.0013842883238357,-0.04160651919451605
2,purge,6190.0,100.05278105151832,10.015030751772622,0.10009747501786849,4.076876252034037,1.0,0.0255762082660288,1.0012788104133015,-0.04158808259317826
2,purge,6192.0,100.05277981923984,10.012926794454595,0.10007644777630798,3.993718515932759,1.0,0.023467583727396435,1.0011733791863697,-0.041569655011285955
2,purge,6194.0,100.05277858756416,10.010823768074719,0.10005542983809738,3.910597625980662,1.0,0.02135989240506815,1.0010679946202534,-0.04155123644366008
2,purge,6196.0,100.05277735649094,10.008721672178986,0.10003442119870018,3.8275135641540534,1.0,0.019253133843549167,1.0009626566921774,-0.041532826885112714
2,purge,6198.0,100.05277612601982,10.006620506313153,0.10001342185357735,3.7444663124397595,1.0,0.017147307587595306,1.0008573653793797,-0.04151442633047086
2,purge,6200.0,100.05277489615051,10.004520270023681,0.09999243179819695,3.661455852835109,1.0,0.015042413182223865,1.0007521206591112,-0.041496034774567564
2,purge,6202.0,100.05277366688257,10.002420962857244,0.09997145102802925,3.578482167347823,1.0,0.012938450172725529,1.0006469225086363,-0.04147765221223055
2,purge,6204.0,100.05277243821567,10.000322584360136,0.09995047953854062,3.4955452379946412,1.0,0.01083541810462315,1.000541770905231,-0.04145927863828677
2,purge,6206.0,100.05276420993665,9.99098488609985,0.09985716001944904,3.412707928764291,1.0,0.008875391415139142,1.0004437695707569,-0.04133135327147729
2,purge,6208.0,100.05273834880094,9.953503168152936,0.09948256621876081,3.3303973586699263,1.0,0.007266555580696544,1.000363327779035,-0.04094003382045522
2,purge,6210.0,100.05269854251216,9.890687269059118,0.09885477766355882,3.2490858895326844,1.0,0.005949351047592885,1.0002974675523797,-0.04034122397353124
2,purge,6212.0,100.05264804945256,9.808222622777622,0.09803061502110128,3.1691382679763582,1.0,0.004870914905301157,1.000243545745265,-0.039583451733392255
2,purge,6214.0,100.05258950862395,9.71077273467385,0.09705668571263551,3.090831706978607,1.0,0.003987968004598694,1.00019939840023,-0.03870601909598515
2,purge,6216.0,100.05252505340123,9.602110080610796,0.09597069214880727,3.0143726440539123,1.0,0.0032650723179195496,1.000163253615896,-0.037740696473101
2,purge,6218.0,100.05245640385293,9.4852832112564,0.09480310181461102,2.939910316682185,1.0,0.002673215850141679,1.000133660792507,-0.036713097970533196
2,purge,6220.0,100.05238494289398,9.362753477634012,0.09357851372536406,2.8675479343045764,1.0,0.0021886448295728622,1.0001094322414787,-0.035643815719024696
2,purge,6222.0,100.05231177834294,9.236505141981416,0.09231675888153468,2.797351758149053,1.0,0.0017919113789982577,1.00008959556895,-0.034549344287362414
2,purge,6224.0,100.05223779371998,9.108133204489134,0.09103377800772014,2.729358510090975,1.0,0.0014670933861154131,1.0000733546693057,-0.033442837360649486
2,purge,6226.0,100.05216368986301,8.97891558178392,0.08974234290041283,2.6635814200247334,1.0,0.0012011548064311795,1.0000600577403216,-0.03233472765147835
2,purge,6228.0,100.05209001891514,8.849871172628072,0.08845263673107656,2.600015142805544,1.0,0.0009834226733570353,1.0000491711336679,-0.031233233170892386
2,purge,6230.0,100.05201721213443,8.72180749110156,0.0871727300870828,2.538639760607503,1.0,0.0008051586429591192,1.000040257932148,-0.030144771470641953
2,purge,6232.0,100.05194560261866,8.595359381738803,0.085908967886316,2.4794240334513935,1.0,0.0006592083544474153,1.0000329604177223,-0.02907429815255888
2,purge,6234.0,100.05187544388063,8.4710207876228,0.08466628686409998,2.4223280367543105,1.0,0.0005397143369906719,1.0000269857168496,-0.028025583552233484
2,purge,6236.0,100.05180692502722,8.349170697750008,0.08344847488867814,2.367305298163369,1.0,0.00044188092158862515,1.0000220940460796,-0.027001438844428256
2,purge,6238.0,100.0517401831657,8.230094472326687,0.08225838408467233,2.3143045260701074,1.0,0.0003617816543897517,1.0000180890827195,-0.026003900830978144
2,purge,6240.0,100.051675313513,8.114001269059175,0.08109810499058476,2.263271000881693,1.0,0.0002962019033843178,1.0000148100951691,-0.025034382532994094
2,purge,6242.0,100.05161237766174,8.001038384053613,0.07996910988153133,2.214147695999041,1.0,0.00024250976070129833,1.0000121254880352,-0.02409379630663381
2,purge,6244.0,100.05155141032297,7.891303017618877,0.07887237035691462,2.166876176262217,1.0,0.00019855032087838888,1.000009927516044,-0.0231826542749592
2,purge,6246.0,100.05149242480611,7.784851903956612,0.07780845358011358,2.1213973125579004,1.0,0.00016255935189994823,1.000008127967595,-0.022301149956676054
2,purge,6248.0,100.05143541749129,7.68170923012544,0.0767776014214235,2.0776518501876615,1.0,0.00013309247446401497,1.0000066546237232,-0.021449224873671298
2,purge,6250.0,100.05138037147825,7.581873151110499,0.07577979557063533,2.035580858417451,1.0,0.00010896701105461651,1.0000054483505527,-0.020626622899726416
2,purge,6252.0,100.05132725952919,7.48532109304744,0.07481481053850304,1.9951260786046445,1.0,8.921472249890688e-05,1.000004460736125,-0.019832934088543742
2,purge,6254.0,100.0512760464679,7.392014116873218,0.07388225726816383,1.9562301949326868,1.0,7.304293021926609e-05,1.000003652146511,-0.01906763041308271
2,purge,6256.0,100.05122669113054,7.301900504449863,0.07298161897596375,1.918837041514329,1.0,5.980259422043343e-05,1.000002990129711,-0.018330094806794643
2,purge,6258.0,100.0511791479337,7.2149186760767625,0.07211228031014934,1.8828917559378022,1.0,4.896230925967595e-05,1.000002448115463,-0.017619644517533496
2,purge,6260.0,100.05113336813879,7.130999572325179,0.07127355115595364,1.8483408908197656,1.0,4.008700999426321e-05,1.0000020043504998,-0.016935549948599787
2,purge,6262.0,100.05108930087007,7.050068596708769,0.07046468605162359,1.8151324914593758,1.0,3.2820543512898215e-05,1.0000016410271757,-0.016277049805247457
2,purge,6264.0,100.05104689393832,6.972047212327004,0.06968490014620138,1.7832161474314985,1.0,2.68712715200597e-05,1.000001343563576,-0.015643363356844322
2,purge,6266.0,100.05100609448907,6.896854223157674,0.06893338200561644,1.7525430210594977,1.0,2.200041300124172e-05,1.0000011000206501,-0.015033700099048985
2,purge,6268.0,100.05096684952079,6.824406814271705,0.06820930400938341,1.7230658589050674,1.0,1.801246635784245e-05,1.000000900623318,-0.014447267454342232
2,purge,6270.0,100.05092910628912,6.754621386893375,0.06751183069692039,1.6947389892591584,1.0,1.474740791818566e-05,1.0000007373703959,-0.013883276807006984
2,purge,6272.0,100.05089281262993,6.687414238279673,0.06684012556293237,1.6675183095416255,1.0,1.2074230424399538e-05,1.0000006037115214,-0.013340948291101478
2,purge,6274.0,100.0508579172099,6.62270210870668,0.06619335652460706,1.641361265428465,1.0,9.88561784085849e-06,1.000000494280892,-0.012819514526653428
2,purge,6276.0,100.05082436971014,6.560402600505128,0.06557070011000583,1.6162268224809893,1.0,8.093711965476514e-06,1.0000004046855984,-0.012318223354286712
2,purge,6278.0,100.05079212096622,6.500434511696588,0.06497134479292528,1.5920754333469924,1.0,6.62660719760681e-06,1.0000003313303598,-0.011836339913325713
2,purge,6280.0,100.05076112307215,6.44271810017152,0.0643944936335502,1.5688690016977918,1.0,5.425443354317083e-06,1.0000002712721676,-0.01137314818813947
2,purge,6282.0,100.05073132945309,6.3871752853057115,0.06383936629382184,1.5465708434849517,1.0,4.442032863187061e-06,1.000000222101643,-0.010927952084065749
2,purge,6284.0,100.05070269491428,6.333729802126486,0.06330520057855064,1.525145646485151,1.0,3.636891020764532e-06,1.000000181844551,-0.010500076154706824
2,purge,6286.0,100.05067517566637,6.282307306549386,0.06279125348748596,1.5045594284054005,1.0,2.977684598801562e-06,1.0000001488842298,-0.010088865974120946
2,purge,6288.0,100.05064872933515,6.232835448777186,0.062296801949168173,1.4847794945396575,1.0,2.4379564288734745e-06,1.0000001218978214,-0.009693688284778628
2,purge,6290.0,100.05062331496138,6.185243923148663,0.06182114331939133,1.4657743954600613,1.0,1.996056974595503e-06,1.0000000998028487,-0.00931393098476104
2,purge,6292.0,100.05059889299056,6.139464497235132,0.06136359567224198,1.4475138849294091,1.0,1.6342588043655788e-06,1.0000000817129402,-0.008949002976720776
2,purge,6294.0,100.05057542525505,6.09543102152551,0.06092349789711338,1.4299688781702198,1.0,1.3380417856438755e-06,1.0000000669020892,-0.008598333890811594
2,purge,6296.0,100.05055287494861,6.053079423931377,0.060500209643988806,1.4131114107233562,1.0,1.0955151361505626e-06,1.0000000547757568,-0.00826137371266093
2,purge,6298.0,100.05053120659763,6.012347692841935,0.060093111154271045,1.3969145981417177,1.0,8.969461300521852e-07,1.0000000448473068,-0.007937592344852916
2,purge,6300.0,100.05051038602863,5.973175852120231,0.05970160301105614,1.3813525966447133,1.0,7.34368648771741e-07,1.0000000367184325,-0.007626479125348223
2,purge,6302.0,100.05049038033421,5.935505929219526,0.05932510582063276,1.3664005647769115,1.0,6.012600978192992e-07,1.000000030063005,-0.00732754231266193
2,purge,6304.0,100.05047115783665,5.899281917499755,0.058963059836002404,1.352034626105313,1.0,4.922787043029451e-07,1.0000000246139351,-0.007040308544716907
2,purge,6306.0,100.0504526880509,5.864449734028031,0.058614924535253264,1.338231833006077,1.0,4.0305056093513286e-07,1.000000020152528,-0.00676432228068401
2,purge,6308.0,100.05043494164615,5.83095717434324,0.0582801781695813,1.3249701315818303,1.0,3.299951775588044e-07,1.000000016499759,-0.006499145235398111
2,purge,6310.0,100.0504178904086,5.79875386511008,0.05795831729020675,1.3122283277205486,1.0,2.70181491922845e-07,1.0000000135090745,-0.006244355812847275
2,purge,6312.0,100.05040150720359,5.767791215245673,0.05764885626001604,1.2999860542860147,1.0,2.212095627338891e-07,1.000000011060478,-0.005999548542261359
2,purge,6314.0,100.05038576593792,5.7380223659795995,0.057351326754535165,1.2882237394268203,1.0,1.811141552790233e-07,1.0000000090557077,-0.005764333519495288
2,purge,6316.0,100.05037064152329,5.70940214035749,0.05706527725733333,1.2769225759926535,1.0,1.4828620511691637e-07,1.0000000074143103,-0.005538335856613077
2,purge,6318.0,100.05035610984021,5.68188699263936,0.05679027255436756,1.2660644920424948,1.0,1.2140844117206716e-07,1.0000000060704222,-0.005321195142265783
2,purge,6320.0,100.05034214770268,5.65543495789524,0.05652589323029213,1.2556321224216622,1.0,9.940243335827088e-08,1.0000000049701219,-0.005112564914535226
2,purge,6322.0,100.05032873282383,5.630005602038126,0.05627173516913265,1.2456087813798737,1.0,8.138517977264638e-08,1.0000000040692592,-0.0049121121471572505
2,purge,6324.0,100.05031584378227,5.60555997244702,0.05602740906085189,1.2359784362019128,1.0,6.663366871346063e-08,1.0000000033316834,-0.004719516749776658
2,purge,6326.0,100.0503034599902,5.58206054935402,0.05579253991554628,1.2267256818228454,1.0,5.4555937767761164e-08,1.0000000027277969,-0.00453447108282545
2,purge,6328.0,100.05029156166125,5.559471198150545,0.055566766586824266,1.2178357163988807,1.0,4.4667352100764567e-08,1.0000000022333677,-0.004356679487442976
2,purge,6330.0,100.05028012978048,5.537757122676083,0.05534974130499952,1.209294317803591,1.0,3.657113261707333e-08,1.0000000018285566,-0.00418585783058838
2,purge,6332.0,100.05026914607484,5.516884819570234,0.05514112922090696,1.2010878210186982,1.0,2.994240746447695e-08,1.0000000014971204,-0.00402173306529614
2,purge,6334.0,100.05025859298487,5.496822033729705,0.05494060796075864,1.1932030963890854,1.0,2.4515178297674107e-08,1.0000000012257588,-0.0038640428059426362
2,purge,6336.0,100.050248453637,5.477537714924055,0.054747867192577036,1.1856275287123388,1.0,2.0071661872681906e-08,1.000000001003583,-0.003712534918350517
2,purge,6338.0,100.05023871181739,5.459001975571443,0.05456260820421867,1.1783489971335277,1.0,1.6433556002190637e-08,1.0000000008216778,-0.003566967124496872
2,purge,6340.0,100.05022935194609,5.441186049739258,0.054384543493636896,1.1713558558162918,1.0,1.3454878724540594e-08,1.0000000006727439,-0.003427106621520431
2,purge,6342.0,100.05022035905293,5.424062253270936,0.054213396370397356,1.1646369153618903,1.0,1.1016105426104255e-08,1.0000000005508054,-0.003292729714675571
2,purge,6344.0,100.05021171875347,5.40760394515849,0.05404890056964153,1.1581814249486515,1.0,9.019373892806523e-09,1.0000000004509688,-0.003163621463861394
2,purge,6346.0,100.05020341722636,5.391785490077019,0.05389079987766099,1.1519790551651015,1.0,7.384560585413989e-09,1.0000000003692282,-0.0030395753433447724
2,purge,6348.0,100.05019544119166,5.376582222080604,0.053738847769077024,1.1460198815107983,1.0,6.04606617911969e-09,1.0000000003023033,-0.0029203929142843444
2,purge,6350.0,100.05018777788924,5.36197040947191,0.05359280705574935,1.1402943685396705,1.0,4.950181841675726e-09,1.0000000002475091,-0.002805883509651574
2,purge,6352.0,100.05018041505907,5.347927220769982,0.05345244954665807,1.1347933546214515,1.0,4.0529331476669124e-09,1.0000000002026466,-0.0026958639311411773
2,purge,6354.0,100.05017334092122,5.334430691852382,0.05331755571952179,1.1295080372976294,1.0,3.318315908918949e-09,1.0000000001659157,-0.0025901581576661804
2,purge,6356.0,100.0501665441575,5.321459694106524,0.05318791440250006,1.124429959209155,1.0,2.7168520825620608e-09,1.0000000001358427,-0.002488597065038472
2,purge,6358.0,100.05016001389302,5.308993903718978,0.05306332246726809,1.119550994573936,1.0,2.2244069640944496e-09,1.0000000001112204,-0.002391018156441288
2,purge,6360.0,100.0501537396793,5.297013771966475,0.05294358453210163,1.1148633361929245,1.0,1.8212204179100445e-09,1.000000000091061,-0.002297265303306567
2,purge,6362.0,100.05014771147731,5.285500496523088,0.05282851267511681,1.1103594829643542,1.0,1.491113807115252e-09,1.0000000000745557,-0.0022071884962183153
2,purge,6364.0,100.05014191964139,5.274435993778553,0.05271792615761496,1.1060322278864545,1.0,1.2208409013109048e-09,1.000000000061042,-0.0021206436054731865
2,purge,6366.0,100.05013635490414,5.263802872073398,0.052611651156589175,1.1018746465296854,1.0,9.995564733178915e-10,1.0000000000499778,-0.0020374921509396576
2,purge,6368.0,100.05013100836125,5.253584405920823,0.05250952050709237,1.097880085960247,1.0,8.183811090672917e-10,1.000000000040919,-0.0019576010808676787
2,purge,6370.0,100.05012587145762,5.243764511096019,0.052411373453273825,1.0940421540973042,1.0,6.700448353575679e-10,1.0000000000335023,-0.0018808425593111096
2,purge,6372.0,100.05012093597354,5.234327720616425,0.05231705540831982,1.0903547094870216,1.0,5.485953734075595e-10,1.0000000000274298,-0.0018070937618360438
2,purge,6374.0,100.05011619401137,5.225259161575679,0.052226417722925585,1.0868118514771672,1.0,4.491593190962741e-10,1.000000000022458,-0.001736236679199074
2,purge,6376.0,100.05011163798324,5.2165445328194675,0.05213931746218109,1.083407910776637,1.0,3.677466126033267e-10,1.0000000000183873,-0.0016681579286903824
2,purge,6378.0,100.05010726059885,5.208170083400619,0.05205561719024433,1.0801374403848818,1.0,3.0109042544038705e-10,1.0000000000150546,-0.0016027485728471054
2,purge,6380.0,100.05010305485345,5.2001225918012475,0.051975184762680655,1.0769952068767705,1.0,2.465160583160854e-10,1.0000000000123257,-0.001539903945252886
2,purge,6382.0,100.05009901401725,5.192389345937667,0.05189789312662451,1.0739761820289981,1.0,2.0183361028218136e-10,1.0000000000100917,-0.0014795234831497465
2,purge,6384.0,100.05009513162398,5.184958123890002,0.051823620128184485,1.0710755347746794,1.0,1.6525011115310052e-10,1.0000000000082625,-0.0014215105665985016
2,purge,6386.0,100.05009140146132,5.177817175294471,0.05175224832647024,1.0682886234732842,1.0,1.352975796490183e-10,1.0000000000067648,-0.0013657723639335733
2,purge,6388.0,100.05008781756007,5.170955203465923,0.05168366481491839,1.065610988483575,1.0,1.107741163542942e-10,1.0000000000055387,-0.0013122196832676893
2,purge,6390.0,100.0500843741854,5.164361348121472,0.05161776104862499,1.06303834502768,1.0,9.069567228746504e-11,1.0000000000045348,-0.0012607668298109745
2,purge,6392.0,100.0500810658271,5.1580251688141505,0.05155443267877486,1.0605665763349053,1.0,7.425656172254067e-11,1.0000000000037128,-0.0012113314687779853
2,purge,6394.0,100.05007788719135,5.151936628885403,0.05149357939225519,1.0581917270543257,1.0,6.079713397008292e-11,1.00000000000304,-0.0011638344936647528
2,purge,6396.0,100.05007483319149,5.146086080096921,0.051435104758059735,1.0559099969256285,1.0,4.977730443605262e-11,1.000000000002489,-0.0011181998996862724
2,purge,6398.0,100.05007189894063,5.140464247766122,0.051378916078725495,1.0537177346980877,1.0,4.0754882275105365e-11,1.0000000000020377,-0.0010743546621729458
2,purge,6400.0,100.05006907974322,5.135062216515319,0.05132492424790335,1.051611432287951,1.0,3.336782606705657e-11,1.0000000000016684,-0.0010322286197321188
2,purge,6402.0,100.05006637108819,5.129871416480134,0.051273043612518075,1.0495877191648946,1.0,2.731971622624268e-11,1.000000000001366,-0.000991754361988514
2,purge,6404.0,100.05006376864083,5.1248836101134385,0.05122319184088071,1.047643356958565,1.0,2.2367860924254715e-11,1.0000000000011184,-0.0009528671217243719
2,purge,6406.0,100.05006126823699,5.120090879392875,0.05117528979483352,1.045775234276589,1.0,1.8313557754460765e-11,1.0000000000009157,-0.0009155046712472042
2,purge,6408.0,100.0500588658752,5.115485613611489,0.05112926140772382,1.0439803617257548,1.0,1.4994120312633373e-11,1.0000000000007496,-0.000879607222819683
2,purge,6410.0,100.05005655771141,5.111060497522348,0.05108503356591466,1.0422558671284088,1.0,1.2276349987511439e-11,1.0000000000006137,-0.0008451173329926215
2,purge,6412.0,100.05005434005197,5.106808500014749,0.0510425359956091,1.0405989909264068,1.0,1.0051191132559591e-11,1.0000000000005025,-0.0008119798106882082
2,purge,6414.0,100.0500522093482,5.102722863154532,0.05100170115331292,1.0390070817652743,1.0,8.229355070789405e-12,1.0000000000004114,-0.0007801416288865928
2,purge,6416.0,100.05005016219044,5.098797091685971,0.05096246412091096,1.0374775922515076,1.0,6.737737238773538e-12,1.0000000000003368,-0.0007495518397747169
2,purge,6418.0,100.05004819530298,5.09502494288977,0.050924762504301974,1.036008074876227,1.0,5.516483701982556e-12,1.0000000000002758,-0.0007201614932216823
2,purge,6420.0,100.05004630553817,5.091400416868408,0.050888536336305315,1.0345961780986648,1.0,4.5165893827433176e-12,1.0000000000002258,-0.0006919235584503555
2,purge,6422.0,100.05004448987216,5.087917747151728,0.05085372798276732,1.0332396425832158,1.0,3.697931646070108e-12,1.000000000000185,-0.0006647928487799259
2,purge,6424.0,100.05004274539935,5.084571391707905,0.05082028205272018,1.0319362975840336,1.0,3.027660317691311e-12,1.0000000000001514,-0.0006387259493190972
2,purge,6426.0,100.05004106932834,5.081356024239836,0.05078814531139251,1.0306840574713874,1.0,2.478879511755809e-12,1.000000000000124,-0.0006136811474942221
2,purge,6428.0,100.05003945897701,5.0782665258808235,0.05075726659721147,1.029480918394219,1.0,2.0295683768551186e-12,1.0000000000001015,-0.0005896183663013179
2,purge,6430.0,100.05003791176843,5.075297977147896,0.050727596741379256,1.028324955073562,1.0,1.6616974644678982e-12,1.000000000000083,-0.0005664991001751135
2,purge,6432.0,100.05003642522674,5.072445650233875,0.05069908849083539,1.0272143177216913,1.0,1.360505265509991e-12,1.000000000000068,-0.0005442863533726319
2,purge,6434.0,100.05003499697324,5.069705001579856,0.05067169643402151,1.0261472290820748,1.0,1.1139058799614888e-12,1.0000000000000557,-0.0005229445807726517
2,purge,6436.0,100.05003362472232,5.067071664745056,0.05064537692961838,1.0251219815853876,1.0,9.120040476910359e-13,1.0000000000000455,-0.0005024396309963873
2,purge,6438.0,100.05003230627813,5.0645414435388965,0.05062008803790359,1.0241369346170406,1.0,7.466980812619584e-13,1.0000000000000373,-0.0004827386917583853
2,purge,6440.0,100.05003103953091,5.062110305412261,0.05059578945469956,1.0231905118918505,1.0,6.113547699593269e-13,1.0000000000000306,-0.00046381023736015637
2,purge,6442.0,100.05002982245352,5.059774375118234,0.05057244244801519,1.0222811989316505,1.0,5.005432103115842e-13,1.000000000000025,-0.0004456239782425866
2,purge,6444.0,100.05002865309835,5.057529928604399,0.05055000979700146,1.0214075406418024,1.0,4.0981688148173844e-13,1.0000000000000204,-0.0004281508125163901
2,purge,6446.0,100.05002752959435,5.05537338714212,0.05052845573327567,1.0205681389827381,1.0,3.355352202721954e-13,1.0000000000000169,-0.0004113627793930466
2,purge,6448.0,100.05002645014355,5.053301311679949,0.05050774588448596,1.0197616507327996,1.0,2.7471753642716846e-13,1.0000000000000138,-0.00039523301444170926
2,purge,6450.0,100.05002541301862,5.051310397415186,0.050487847220055816,1.0189867853387973,1.0,2.2492340677169498e-13,1.0000000000000113,-0.00037973570660050654
2,purge,6452.0,100.05002441655988,5.049397468585981,0.050468727999133045,1.0182423028508525,1.0,1.841547487946695e-13,1.000000000000009,-0.0003648460568734082
2,purge,6454.0,100.05002345917296,5.047559473441188,0.050450357720315045,1.0175270119382125,1.0,1.5077564395766598e-13,1.0000000000000075,-0.0003505402386466478
2,purge,6456.0,100.05002253932561,5.045793479425045,0.05043270707352163,1.0168397679828691,1.0,1.2344669338568218e-13,1.0000000000000062,-0.0003367953595610968
2,purge,6458.0,100.05002165554603,5.044096668525155,0.05041574789349931,1.0161794712479246,1.0,1.0107127192340731e-13,1.0000000000000053,-0.0003235894248796578
2,purge,6460.0,100.05002080641997,5.042466332846813,0.05039945311558845,1.0155450651177804,1.0,8.275152399000543e-14,1.0000000000000042,-0.00031090130229105903
2,purge,6462.0,100.05001999058857,5.040899870283216,0.05038379673244843,1.0149355344073252,1.0,6.775233547534902e-14,1.0000000000000033,-0.0002987106880936593
2,purge,6464.0,100.05001920674638,5.0393947804256864,0.050368753753181485,1.0143499037374244,1.0,5.547183593188146e-14,1.0000000000000027,-0.0002869980747052214
2,purge,6466.0,100.05001845363908,5.037948660601252,0.05035430016372984,1.0137872359741045,1.0,4.541724739149978e-14,1.0000000000000022,-0.0002757447194466629
2,purge,6468.0,100.05001773006157,5.036559202043916,0.05034041288860866,1.013246630728939,1.0,3.718511071668307e-14,1.0000000000000018,-0.00026493261454977603
2,purge,6470.0,100.05001703485591,5.035224186254298,0.0503270697545219,1.0127272229182358,1.0,3.044509604805485e-14,1.0000000000000016,-0.000254544458340971
2,purge,6472.0,100.05001636690969,5.033941481470904,0.05031424945509372,1.0122281813787184,1.0,2.492674770821853e-14,1.0000000000000013,-0.00024456362755492507
2,purge,6474.0,100.050015725154,5.032709039297815,0.050301931517163376,1.0117487075374874,1.0,2.0408631665810865e-14,1.000000000000001,-0.00023497415073382683
2,purge,6476.0,100.05001510856191,5.03152489144301,0.05029009626818568,1.0112880341341337,1.0,1.670945007943244e-14,1.0000000000000009,-0.00022576068266964036
2,purge,6478.0,100.0500145161467,5.030387146595712,0.050278724805021144,1.0108454239929587,1.0,1.3680766380713172e-14,1.0000000000000007,-0.00021690847984850113
2,purge,6480.0,100.0500139469605,5.029293987425887,0.05026779896394684,1.0104201688433354,1.0,1.1201048979910478e-14,1.0000000000000007,-0.0002084033768579721
2,purge,6482.0,100.05001340009234,5.028243667702792,0.05025730129185721,1.010011588186325,1.0,9.170794585291875e-15,1.0000000000000004,-0.0002002317637193467
2,purge,6484.0,100.05001287466725,5.027234509501313,0.050247215018342235,1.0096190282057325,1.0,7.508535448250645e-15,1.0000000000000004,-0.0001923805641087923
2,purge,6486.0,100.05001236984431,5.026264900559176,0.05023752402927362,1.0092418607218625,1.0,6.147570317244514e-15,1.0000000000000002,-0.00018483721443245503
2,purge,6488.0,100.05001188481583,5.02533329168967,0.05022821284094564,1.0088794821862972,1.0,5.033287925045671e-15,1.0000000000000002,-0.0001775896437220163
2,purge,6490.0,100.0500114188055,5.024438194339562,0.050219266575667415,1.0085313127160898,1.0,4.120975609748405e-15,1.0000000000000002,-0.00017062625431858085
2,purge,6492.0,100.05001097106775,5.023578178207255,0.050210670937956836,1.008196795165829,1.0,3.3740251360028653e-15,1.0000000000000002,-0.00016393590331394996
2,purge,6494.0,100.05001054088603,5.022751868974013,0.05020241219186513,1.0078753942360874,1.0,2.7624637212828283e-15,1.0000000000000002,-0.0001575078847195918
2,purge,6496.0,100.05001012757201,5.021957946110791,0.05019447713905657,1.0075665956168274,1.0,2.261751321893818e-15,1.0000000000000002,-0.0001513319123347828
2,purge,6498.0,100.05000973046418,5.021195140781844,0.05018685309785574,1.0072699051643959,1.0,1.851795917807299e-15,1.0,-0.00014539810328647468
2,purge,6500.0,100.05000934892728,5.020462233818369,0.050179527882994616,1.00698484811079,1.0,1.5161472828682952e-15,1.0,-0.00013969696221461633
2,purge,6502.0,100.05000898235056,5.0197580537898965,0.050172489786336885,1.006710968303925,1.0,1.2413368888113063e-15,1.0,-0.00013421936607753486
2,purge,6504.0,100.05000863014757,5.01908147511968,0.05016572755804147,1.0064478274776962,1.0,1.0163374554209448e-15,1.0,-0.00012895654955312962
2,purge,6506.0,100.05000829175468,5.018431416311961,0.05015923038884486,1.0061950045506571,1.0,8.321204602934828e-16,1.0,-0.00012390009101249092
2,purge,6508.0,100.05000796663032,5.017806838203969,0.05015298789259025,1.0059520949522014,1.0,6.812938525005918e-16,1.0,-0.00011904189904349707
2,purge,6510.0,100.0500076542543,5.017206742341033,0.05014699008998718,1.0057187099751628,1.0,5.578054327509611e-16,1.0,-0.00011437419950281852
2,purge,6512.0,100.0500073541267,5.016630169361752,0.050141227392471906,1.0054944761537998,1.0,4.566999976038401e-16,1.0,-0.00010988952307564064
2,purge,6514.0,100.05000706576729,5.0160761974726,0.050135690586961296,1.0052790346661735,1.0,3.739205026780013e-16,1.0,-0.0001055806933231786
2,purge,6516.0,100.05000678871455,5.015543940984872,0.05013037082123033,1.0050720407599525,1.0,3.0614526616387904e-16,1.0,-0.00010144081519881113
2,purge,6518.0,100.05000652252528,5.015032548893323,0.05012525958970565,1.0048731632007386,1.0,2.506546801356801e-16,1.0,-9.746326401457711e-05
2,purge,6520.0,100.05000626677342,5.014541203537229,0.05012034872008356,1.0046820837420194,1.0,2.0522208120714215e-16,1.0,-9.364167484022719e-05
2,purge,6522.0,100.05000602104968,5.014069119272899,0.050115630360061954,1.004498496615906,1.0,1.6802440150745202e-16,1.0,-8.996993231799275e-05
2,purge,6524.0,100.050005784961,5.013615541231116,0.05011109696492128,1.004322108043841,1.0,1.3756901467834967e-16,1.0,-8.644216087671374e-05
2,purge,6526.0,100.05000555812941,5.013179744118743,0.05010674128554713,1.0041526357664874,1.0,1.1263384145294131e-16,1.0,-8.305271532966088e-05
2,purge,6528.0,100.05000534019202,5.012761031048403,0.05010255635673295,1.003989808592056,1.0,9.221831144268724e-17,1.0,-7.979617184104667e-05
2,purge,6530.0,100.0500051308001,5.012358732442884,0.05009853548623001,1.0038333659623386,1.0,7.550321338268804e-17,1.0,-7.666731924671435e-05
2,purge,6532.0,100.0500049296186,5.011972204947933,0.050094672243881117,1.0036830575357614,1.0,6.181782275034699e-17,1.0,-7.366115071517845e-05
2,purge,6534.0,100.05000473632548,5.011600830419652,0.050090960451499855,1.0035386427867827,1.0,5.0612987691306975e-17,1.0,-7.077285573561367e-05
2,purge,6536.0,100.05000455061152,5.011244014932505,0.05008739417295585,1.003399890621003,1.0,4.143909327556608e-17,1.0,-6.799781242002914e-05
2,purge,6538.0,100.05000437217943,5.010901187832541,0.05008396770471211,1.0032665790053632,1.0,3.392801985877705e-17,1.0,-6.533158010723581e-05
2,purge,6540.0,100.05000420074386,5.010571800819323,0.050080675566649,1.0031384946128448,1.0,2.7778371594234323e-17,1.0,-6.276989225687388e-05
2,purge,6542.0,100.05000403603032,5.01025532708289,0.05007751249343859,1.0030154324811014,1.0,2.2743382361788844e-17,1.0,-6.0308649622006645e-05
2,purge,6544.0,100.05000387777535,5.009951260451309,0.05007447342602448,1.0028971956844748,1.0,1.8621013816442956e-17,1.0,-5.7943913689477855e-05
2,purge,6546.0,100.05000372572557,5.009659114593772,0.05007155350365722,1.002783595018872,1.0,1.52458482224269e-17,1.0,-5.567190037742558e-05
2,purge,6548.0,100.05000357963782,5.009378422224799,0.05006874805594016,1.002674448698999,1.0,1.2482450757655733e-17,1.0,-5.3488973979970725e-05
2,purge,6550.0,100.05000343927821,5.0091087343876834,0.05006605259566815,1.0025695820674647,1.0,1.0219934938616707e-17,1.0,-5.139164134928507e-05
2,purge,6552.0,100.05000330442213,5.008849619701657,0.050063462811302764,1.002468827315292,1.0,8.367513093167227e-18,1.0,-4.937654630583468e-05
2,purge,6554.0,100.05000317485391,5.008600663703801,0.050060974560394995,1.0023720232133884,1.0,6.8508533356483144e-18,1.0,-4.744046426775934e-05
2,purge,6556.0,100.05000305036614,5.008361468168033,0.05005858386277885,1.002279014854543,1.0,5.609096861158481e-18,1.0,-4.558029709085891e-05
2,purge,6558.0,100.05000293075956,5.0081316504776625,0.05005628689430006,1.0021896534055454,1.0,4.592415872363143e-18,1.0,-4.379306811090631e-05
2,purge,6560.0,100.05000281584284,5.007910843011759,0.050054079980683015,1.0021037958690173,1.0,3.760014146086723e-18,1.0,-4.207591738034258e-05
2,purge,6562.0,100.05000270543204,5.007698692553516,0.05005195959161761,1.0020213048545878,1.0,3.0784900086788768e-18,1.0,-4.0426097091755184e-05
2,purge,6564.0,100.05000259935058,5.007494859727662,0.050049922335136096,1.0019420483590402,1.0,2.520496031484353e-18,1.0,-3.884096718080147e-05
2,purge,6566.0,100.0500024974286,5.007299018471359,0.05004796495232523,1.0018658995550773,1.0,2.063641664199012e-18,1.0,-3.731799110154138e-05
2,purge,6568.0,100.050002399503,5.007110855492821,0.05004608431191497,1.001792736588371,1.0,1.6895947722283757e-18,1.0,-3.585473176742008e-05
2,purge,6570.0,100.05000230541714,5.006930069781635,0.05004427740538432,1.0017224423825704,1.0,1.3833460255557276e-18,1.0,-3.4448847651408746e-05
2,purge,6572.0,100.05000221502046,5.006756372122578,0.05004254134210221,1.0016549044519532,1.0,1.132606621347844e-18,1.0,-3.309808903906376e-05
2,purge,6574.0,100.05000212816825,5.006589484644612,0.050040873344819735,1.0015900147214258,1.0,9.273151727932626e-19,1.0,-3.1800294428516494e-05
2,purge,6576.0,100.05000204472162,5.006429140358479,0.050039270745048485,1.0015276693535793,1.0,7.592339771679941e-19,1.0,-3.055338707158617e-05
2,purge,6578.0,100.05000196454688,5.006275082749356,0.050037730978989385,1.0014677685825277,1.0,6.216184626312018e-19,1.0,-2.9355371650553786e-05
2,purge,6580.0,100.05000188751596,5.0061270653453045,0.05003625158321921,1.0014102165542613,1.0,5.089465496858763e-19,1.0,-2.820433108522813e-05
2,purge,6582.0,100.05000181350536,5.005984851351672,0.050034830191036876,1.0013549211732602,1.0,4.166970674273858e-19,1.0,-2.709842346520578e-05
2,purge,6584.0,100.05000174239683,5.005848213240777,0.0500334645283621,1.0013017939551208,1.0,3.4116833311820675e-19,1.0,-2.603587910241658e-05
2,purge,6586.0,100.05000167407641,5.005716932417903,0.050032152410397365,1.001250749884963,1.0,2.7932961525568706e-19,1.0,-2.501499769926074e-05
2,purge,6588.0,100.050001608435,5.00559079883781,0.05003089173779485,1.0012017072813875,1.0,2.2869951981110696e-19,1.0,-2.403414562774947e-05
2,purge,6590.0,100.05000154536734,5.005469610712761,0.050029680493738404,1.0011545876657686,1.0,1.8724641966069827e-19,1.0,-2.309175331537221e-05
2,purge,6592.0,100.05000148477262,5.0053531741424715,0.05002851674024487,1.0011093156366713,1.0,1.5330693175354116e-19,1.0,-2.218631273342573e-05
2,purge,6594.0,100.05000142655385,5.005241302847786,0.05002739861550233,1.0010658187491934,1.0,1.2551917076051307e-19,1.0,-2.131637498386729e-05
2,purge,6596.0,100.05000137061788,5.0051338178371925,0.050026324330536914,1.0010240273990374,1.0,1.0276810088232426e-19,1.0,-2.04805479807475e-05
2,purge,6598.0,100.0500013168752,5.0050305471432655,0.05002529216657871,1.0009838747111297,1.0,8.41407929559231e-20,1.0,-1.967749422259299e-05
2,purge,6600.0,100.05000126523974,5.004931325537246,0.050024300472209016,1.000945296432606,1.0,6.888979146708089e-20,1.0,-1.8905928652118135e-05
2,purge,6602.0,100.050001215629,5.004835994269308,0.05002334766076438,1.000908230829992,1.0,5.640312150212235e-20,1.0,-1.816461659983797e-05
2,purge,6604.0,100.05000116796352,5.0047444008090896,0.050022432207743266,1.000872618590418,1.0,4.617973211173712e-20,1.0,-1.745237180835982e-05
2,purge,6606.0,100.050001122167,5.004656398613314,0.050021552648483535,1.0008384027267054,1.0,3.7809390706002066e-20,1.0,-1.676805453410925e-05
2,purge,6608.0,100.05000107816625,5.00457184687839,0.05002070757568967,1.0008055284861745,1.0,3.0956221705664087e-20,1.0,-1.6110569723488702e-05
2,purge,6610.0,100.05000103589072,5.004490610321915,0.05001989563724907,1.0007739432630285,1.0,2.5345228907327685e-20,1.0,-1.5478865260569767e-05
2,purge,6612.0,100.05000099527287,5.004412558961251,0.050019115534018825,1.000743596514174,1.0,2.0751260747279722e-20,1.0,-1.4871930283479091e-05
2,purge,6614.0,100.05000095624762,5.004337567919622,0.050018366017887846,1.0007144396783405,1.0,1.6989975674557765e-20,1.0,-1.4288793566809141e-05
2,purge,6616.0,100.05000091875267,5.004265517202522,0.050017645889541995,1.0006864260983717,1.0,1.3910445101987873e-20,1.0,-1.3728521967431537e-05
2,purge,6618.0,100.05000088272786,5.004196291533241,0.050016953996820414,1.0006595109465646,1.0,1.1389097114787585e-20,1.0,-1.3190218931293005e-05
2,purge,6620.0,100.05000084811559,5.004129780144236,0.0500162892326301,1.0006336511529361,1.0,9.32475791673443e-21,1.0,-1.2673023058721018e-05
2,purge,6622.0,100.05000081486045,5.004065876617218,0.050015650533347736,1.0006088053363007,1.0,7.634592042665433e-21,1.0,-1.2176106726011936e-05
2,purge,6624.0,100.05000078290936,5.004004478699534,0.05001503687698443,1.0005849337380524,1.0,6.250778430754503e-21,1.0,-1.169867476104657e-05
2,purge,6626.0,100.05000075221102,5.003945488154341,0.050014447281688364,1.0005619981585427,1.0,5.117788975761045e-21,1.0,-1.1239963170855208e-05
2,purge,6628.0,100.05000072271643,5.003888810588759,0.05001388080402704,1.0005399618959527,1.0,4.1901603601168546e-21,1.0,-1.0799237919054347e-05
2,purge,6630.0,100.05000069437831,5.003834355322709,0.0500133365376765,1.000518789687562,1.0,3.430669753413121e-21,1.0,-1.0375793751238926e-05
2,purge,6632.0,100.05000066715134,5.0037820352152504,0.050012813611685504,1.0004984476533216,1.0,2.808841176822032e-21,1.0,-9.968953066432715e-06
2,purge,6634.0,100.05000064099197,5.003731766552146,0.05001231118935187,1.0004789032416381,1.0,2.2997225975370548e-21,1.0,-9.578064832761557e-06
2,purge,6636.0,100.0500006158583,5.0036834689032625,0.05001182846679722,1.0004601251772842,1.0,1.882884681862411e-21,1.0,-9.202503545682218e-06
2,purge,6638.0,100.05000059171019,5.003637064987533,0.050011364671617195,1.0004420834113517,1.0,1.5416010300498748e-21,1.0,-8.841668227031174e-06
2,purge,6640.0,100.05000056850888,5.00359248055103,0.05001091906166295,1.000424749073167,1.0,1.262176998274868e-21,1.0,-8.494981463341138e-06
2,purge,6642.0,100.05000054621733,5.003549644254091,0.050010490923912986,1.0004080944240923,1.0,1.0334001754803028e-21,1.0,-8.161888481845164e-06
2,purge,6644.0,100.05000052479986,5.003508487556131,0.05001007957332182,1.0003920928131365,1.0,8.460904644454328e-22,1.0,-7.841856262731272e-06
2,purge,6646.0,100.05000050422211,5.003468944601921,0.05000968435168348,1.0003767186343093,1.0,6.927317132424215e-22,1.0,-7.534372686188701e-06
2,purge,6648.0,100.05000048445133,5.003430952117353,0.0500093046265895,1.0003619472856458,1.0,5.671701156049703e-22,1.0,-7.238945712914504e-06
2,purge,6650.0,100.05000046545568,5.003394449310232,0.050008939790437634,1.000347755129837,1.0,4.643672779605809e-22,1.0,-6.955102596739808e-06
2,purge,6652.0,100.05000044720492,5.003359377772215,0.05000858925945154,1.000334119456407,1.0,3.8019804448002976e-22,1.0,-6.6823891281408625e-06
2,purge,6654.0,100.0500004296698,5.003325681384322,0.0500082524727365,1.00032101844537,1.0,3.11284967496588e-22,1.0,-6.4203689073999795e-06
2,purge,6656.0,100.05000041282217,5.003293306227762,0.050007928891388095,1.0003084311323143,1.0,2.548627811115459e-22,1.0,-6.168622646284097e-06
2,purge,6658.0,100.0500003966352,5.003262200498193,0.0500076179976353,1.0002963373748537,1.0,2.0866743973630385e-22,1.0,-5.92674749707455e-06
2,purge,6660.0,100.05000038108291,5.003232314422425,0.0500073192940079,1.0002847178203973,1.0,1.7084526903536735e-22,1.0,-5.694356407946401e-06
2,purge,6662.0,100.05000036614045,5.003203600178549,0.05000703230253826,1.00027355387518,1.0,1.3987858378217796e-22,1.0,-5.471077503596225e-06
2,purge,6664.0,100.05000035178386,5.003176011819689,0.050006756563999194,1.0002628276745074,1.0,1.1452478790534912e-22,1.0,-5.256553490147828e-06
2,purge,6666.0,100.05000033799023,5.00314950520059,0.05000649163717027,1.0002525220541716,1.0,9.376651300094383e-23,1.0,-5.050441083430752e-06
2,purge,6668.0,100.05000032473743,5.003124037906836,0.050006237098130325,1.0002426205229815,1.0,7.677079452548365e-23,1.0,-4.852410459629932e-06
2,purge,6670.0,100.0500003120043,5.00309956918694,0.05000599253957877,1.0002331072363757,1.0,6.285564753820702e-23,1.0,-4.662144727513345e-06
2,purge,6672.0,100.0500002997704,5.003076059887246,0.0500057575701849,1.0002239669710664,1.0,5.1462700781816956e-23,1.0,-4.4793394213262316e-06
2,purge,6674.0,100.05000028801628,5.0030534723893,0.05000553181396194,1.0002151851006795,1.0,4.213479099310816e-23,1.0,-4.303702013589814e-06
2,purge,6676.0,100.05000027672297,5.003031770549587,0.050005314909664846,1.0002067475723497,1.0,3.4497618373347705e-23,1.0,-4.13495144699265e-06
2,purge,6678.0,100.05000026587251,5.003010919641732,0.050005106510212394,1.0001986408842316,1.0,2.8244727109902916e-23,1.0,-3.972817684631201e-06
2,purge,6680.0,100.05000025544751,5.002990886300942,0.05000490628213206,1.0001908520638956,1.0,2.3125208264499396e-23,1.0,-3.817041277912171e-06
2,purge,6682.0,100.05000024543128,5.002971638470628,0.05000471390502656,1.0001833686475678,1.0,1.893363158353808e-23,1.0,-3.6673729513576568e-06
2,purge,6684.0,100.05000023580777,5.002953145351106,0.05000452907106097,1.000176178660186,1.0,1.5501802225559793e-23,1.0,-3.523573203718966e-06
2,purge,6686.0,100.05000022656164,5.002935377350308,0.050004351484470175,1.0001692705962366,1.0,1.2692011629153177e-23,1.0,-3.3854119247303633e-06
2,purge,6688.0,100.05000021767799,5.002918306036448,0.05000418086108584,1.0001626334013443,1.0,1.0391511699778944e-23,1.0,-3.2526680268837095e-06
2,purge,6690.0,100.05000020914272,5.002901904092533,0.050004016927881624,1.000156256454581,1.0,8.50799058193479e-24,1.0,-3.125129091620574e-06
2,purge,6692.0,100.05000020094216,5.002886145272638,0.050003859422536275,1.0001501295514725,1.0,6.96586847357641e-24,1.0,-3.002591029450331e-06
2,purge,6694.0,100.0500001930631,5.002871004359921,0.05000370809301401,1.0001442428876668,1.0,5.703264845426156e-24,1.0,-2.8848577533379188e-06
2,purge,6696.0,100.05000018549295,5.002856457126283,0.05000356269716118,1.0001385870432462,1.0,4.669515369183221e-24,1.0,-2.7717408649257863e-06
2,purge,6698.0,100.05000017821969,5.002842480293591,0.050003423002318796,1.0001331529676536,1.0,3.823138916742583e-24,1.0,-2.663059353070555e-06
2,purge,6700.0,100.05000017123157,5.00282905149642,0.0500032887849503,1.0001279319652083,1.0,3.130173052469893e-24,1.0,-2.5586393041687165e-06
2,purge,6702.0,100.05000016451753,5.002816149246297,0.05000315983028388,1.0001229156811937,1.0,2.562811227052352e-24,1.0,-2.4583136238732124e-06
2,purge,6704.0,100.05000015806665,5.002803752897295,0.05000303593196884,1.000118096088485,1.0,2.0982869877827068e-24,1.0,-2.3619217697000963e-06
2,purge,6706.0,100.05000015186879,5.002791842613004,0.05000291689174534,1.0001134654747061,1.0,1.717960432131478e-24,1.0,-2.2693094941209037e-06
2,purge,6708.0,100.05000014591393,5.002780399334787,0.05000280251912726,1.0001090164298871,1.0,1.4065702468508115e-24,1.0,-2.1803285977425773e-06
2,purge,6710.0,100.05000014019257,5.0027694047513,0.05000269263109739,1.0001047418346076,1.0,1.151621319282246e-24,1.0,-2.0948366921519123e-06
2,purge,6712.0,100.05000013469555,5.002758841269166,0.05000258705181449,1.0001006348486032,1.0,9.428833476285176e-25,1.0,-2.0126969720668087e-06
2,purge,6714.0,100.05000012941404,5.002748691984849,0.05000248561233209,1.0000966888998208,1.0,7.719803309904493e-25,1.0,-1.933777996414836e-06
2,purge,6716.0,100.05000012433965,5.002738940657594,0.05000238815032798,1.0000928976739,1.0,6.32054466689898e-25,1.0,-1.8579534780000657e-06
2,purge,6718.0,100.05000011946422,5.002729571683437,0.05000229450984459,1.0000892551040714,1.0,5.174909681314067e-25,1.0,-1.7851020814284478e-06
2,purge,6720.0,100.05000011477995,5.002720570070246,0.05000220454103943,1.0000857553614462,1.0,4.23692761005306e-25,1.0,-1.7151072289215757e-06
2,purge,6722.0,100.05000011027937,5.00271192141373,0.0500021180999453,1.0000823928456892,1.0,3.468960170966992e-25,1.0,-1.647856913785547e-06
2,purge,6724.0,100.05000010595529,5.00270361187438,0.050002035048239885,1.000079162176059,1.0,2.8401912364994447e-25,1.0,-1.5832435211772037e-06
2,purge,6726.0,100.05000010180069,5.0026956281553385,0.05000195525302454,1.0000760581827943,1.0,2.325390279024061e-25,1.0,-1.5211636558846966e-06
2,purge,6728.0,100.05000009780903,5.002687957481118,0.05000187858661152,1.0000730758988443,1.0,1.9038999488091967e-25,1.0,-1.4615179768859612e-06
2,purge,6730.0,100.05000009397389,5.002680587577153,0.05000180492631973,1.0000702105519184,1.0,1.55880715928552e-25,1.0,-1.4042110383678372e-06
2,purge,6732.0,100.05000009028915,5.002673506650161,0.05000173415427833,1.0000674575568504,1.0,1.2762644178647968e-25,1.0,-1.349151137006751e-06
2,purge,6734.0,100.05000008674885,5.002666703369276,0.05000166615723828,1.0000648125082612,1.0,1.0449341694416913e-25,1.0,-1.2962501652216776e-06
2,purge,6736.0,100.05000008334738,5.002660166847923,0.050001600826391004,1.0000622711735085,1.0,8.55533855823956e-26,1.0,-1.245423470172314e-06
2,purge,6738.0,100.05000008007927,5.002653886626373,0.05000153805719427,1.000059829485915,1.0,7.00463435751252e-26,1.0,-1.1965897183033872e-06
2,purge,6740.0,100.05000007693933,5.002647852655041,0.05000147774920501,1.00005748353826,1.0,5.735004190476027e-26,1.0,-1.149670765201803e-06
2,purge,6742.0,100.05000007392248,5.002642055278375,0.050001419805918504,1.0000552295765266,1.0,4.695501775835391e-26,1.0,-1.1045915305302333e-06
2,purge,6744.0,100.05000007102397,5.0026364852194245,0.05000136413461399,1.000053063993895,1.0,3.8444151380895887e-26,1.0,-1.0612798779002798e-06
2,purge,6746.0,100.05000006823903,5.0026311335649805,0.0500013106462063,1.0000509833249716,1.0,3.14759283662351e-26,1.0,-1.0196664994301431e-06
2,purge,6748.0,100.05000006556338,5.002625991751333,0.050001259255103264,1.0000489842402418,1.0,2.5770735753805197e-26,1.0,-9.796848048374956e-07
2,purge,6750.0,100.0500000629926,5.002621051550547,0.05000120987906888,1.0000470635407444,1.0,2.1099642036448497e-26,1.0,-9.412708148871399e-07
2,purge,6752.0,100.05000006052258,5.002616305057314,0.05000116243909159,1.0000452181529498,1.0,1.7275210856194936e-26,1.0,-9.043630589974928e-07
2,purge,6754.0,100.0500000581495,5.002611744676289,0.05000111685925786,1.0000434451238445,1.0,1.414397977038989e-26,1.0,-8.689024768907997e-07
2,purge,6756.0,100.05000005586943,5.002607363109941,0.050001073066630784,1.0000417416162035,1.0,1.1580302284614879e-26,1.0,-8.348323240724531e-07
2,purge,6758.0,100.05000005367872,5.002603153346879,0.05000103099113331,1.0000401049040513,1.0,9.481306052473263e-27,1.0,-8.020980810274323e-07
2,purge,6760.0,100.05000005157396,5.00259910865063,0.050000990565436096,1.0000385323682994,1.0,7.762764930592206e-27,1.0,-7.706473659876725e-07
2,purge,6762.0,100.05000004955173,5.002595222548858,0.05000095172484983,1.0000370214925551,1.0,6.355719247340728e-27,1.0,-7.404298511023876e-07
2,purge,6764.0,100.05000004760875,5.002591488823011,0.05000091440722168,1.000035569859095,1.0,5.203708667233326e-27,1.0,-7.113971819024804e-07
2,purge,6766.0,100.05000004574202,5.0025879014983685,0.05000087855283586,1.0000341751449962,1.0,4.2605066145376244e-27,1.0,-6.835028999221735e-07
2,purge,6768.0,100.05000004394842,5.002584454834475,0.05000084410431801,1.0000328351184182,1.0,3.488265345602005e-27,1.0,-6.567023683658831e-07
2,purge,6770.0,100.05000004222521,5.002581143315967,0.05000081100654345,1.000031547635033,1.0,2.8559972374666673e-27,1.0,-6.309527006616936e-07
2,purge,6772.0,100.05000004056951,5.002577961643733,0.050000779206548975,1.0000303106345927,1.0,2.33833135162757e-27,1.0,-6.062126918547774e-07
2,purge,6774.0,100.0500000389788,5.002574904726448,0.05000074865344808,1.0000291221376323,1.0,1.9144953777527084e-27,1.0,-5.824427526479038e-07
2,purge,6776.0,100.05000003745039,5.002571967672416,0.05000071929834951,1.0000279802423035,1.0,1.5674821059407666e-27,1.0,-5.596048460703733e-07
2,purge,6778.0,100.05000003598191,5.0025691457817425,0.050000691094279084,1.0000268831213301,1.0,1.283366980665476e-27,1.0,-5.376624266042977e-07
2,purge,6780.0,100.05000003457108,5.002566434538826,0.05000066399610444,1.0000258290190847,1.0,1.0507493519831322e-27,1.0,-5.165803816935702e-07
2,purge,6782.0,100.0500000332155,5.002563829605111,0.05000063796046292,1.0000248162487786,1.0,8.602950031646211e-28,1.0,-4.963249755733167e-07
2,purge,6784.0,100.05000003191313,5.0025613268121765,0.05000061294569215,1.0000238431897637,1.0,7.043615978188957e-28,1.0,-4.768637952736306e-07
2,purge,6786.0,100.05000003066178,5.002558922155023,0.050000588911763275,1.0000229082849377,1.0,5.766920168744184e-28,1.0,-4.581656987540427e-07
2,purge,6788.0,100.05000002945954,5.002556611785711,0.05000056582021708,1.0000220100382535,1.0,4.721632799921566e-28,1.0,-4.402007650723002e-07
2,purge,6790.0,100.05000002830437,5.002554392007167,0.05000054363410227,1.000021147012325,1.0,3.865809764130986e-28,1.0,-4.229402465003574e-07
2,purge,6792.0,100.05000002719459,5.002552259267286,0.05000052231791647,1.0000203178261267,1.0,3.165109563941247e-28,1.0,-4.0635652253470027e-07
2,purge,6794.0,100.05000002612825,5.002550210153177,0.050000501837548735,1.0000195211527605,1.0,2.591402670501982e-28,1.0,-3.9042305520999613e-07
2,purge,6796.0,100.05000002510377,5.002548241385939,0.05000048216022727,1.0000187557174194,1.0,2.1216930042747606e-28,1.0,-3.751143483880435e-07
2,purge,6798.0,100.05000002411941,5.002546349814764,0.05000046325446061,1.0000180202951008,1.0,1.7370665952959601e-28,1.0,-3.604059020169412e-07
2,purge,6800.0,100.0500000231737,5.0025445324128475,0.05000044508999654,1.000017313709011,1.0,1.4221234544158567e-28,1.0,-3.4627418021671064e-07
2,purge,6802.0,100.05000002226505,5.002542786272182,0.05000042763777031,1.0000166348285453,1.0,1.1642735727842582e-28,1.0,-3.3269657090729686e-07
2,purge,6804.0,100.05000002139198,5.002541108598676,0.050000410869855745,1.0000159825673909,1.0,9.531842005452155e-29,1.0,-3.1965134781615065e-07
2,purge,6806.0,100.05000002055324,5.002539496707685,0.050000394759420454,1.000015355881782,1.0,7.803719589203063e-29,1.0,-3.0711763563681044e-07
2,purge,6808.0,100.0500000197473,5.002537948019803,0.05000037928068396,1.0000147537688715,1.0,6.388888811099433e-29,1.0,-2.9507537743020113e-07
2,purge,6810.0,100.050000018973,5.002536460056796,0.05000036440887696,1.000014175265147,1.0,5.230540400974516e-29,1.0,-2.8350530294043784e-07
2,purge,6812.0,100.05000001822906,5.002535030437623,0.05000035012020154,1.0000136194448832,1.0,4.282202550341058e-29,1.0,-2.723888976633861e-07
2,purge,6814.0,100.05000001751426,5.0025336568746,0.050000336391792896,1.0000130854186517,1.0,3.50581490594729e-29,1.0,-2.6170837303502466e-07
2,purge,6816.0,100.05000001682754,5.002532337169735,0.050000323201682684,1.0000125723318958,1.0,2.870196819222121e-29,1.0,-2.5144663791691356e-07
2,purge,6818.0,100.05000001616773,5.0025310692112175,0.05000031052876388,1.0000120793635652,1.0,2.349817738298141e-29,1.0,-2.4158727130411303e-07
2,purge,6820.0,100.0500000155338,5.002529850970046,0.050000298352757135,1.0000116057248045,1.0,1.923782818242105e-29,1.0,-2.32114496090694e-07
2,purge,6822.0,100.05000001492469,5.002528680496778,0.0500002866541783,1.0000111506576908,1.0,1.5749896348903571e-29,1.0,-2.23013153815076e-07
2,purge,6824.0,100.05000001433946,5.002527555918408,0.050000275414307155,1.000010713434019,1.0,1.289435511732957e-29,1.0,-2.1426868037897152e-07
2,purge,6826.0,100.0500000137772,5.002526475435378,0.05000026461515756,1.000010293354138,1.0,1.0556545146731847e-29,1.0,-2.0586708275859956e-07
2,purge,6828.0,100.05000001323701,5.002525437318679,0.050000254239448524,1.0000098897458296,1.0,8.64259106529211e-30,1.0,-1.9779491658996802e-07
2,purge,6830.0,100.050000012718,5.002524439907112,0.050000244270576796,1.0000095019632338,1.0,7.075643699611983e-30,1.0,-1.9003926467488227e-07
2,purge,6832.0,100.0500000122193,5.0025234816046025,0.050000234692590045,1.0000091293858158,1.0,5.7927912722319055e-30,1.0,-1.825877163143636e-07
2,purge,6834.0,100.0500000117402,5.0025225608776624,0.050000225490161435,1.0000087714173715,1.0,4.74252759964029e-30,1.0,-1.7542834742904041e-07
2,purge,6836.0,100.05000001127985,5.002521676252937,0.05000021664856513,1.0000084274850747,1.0,3.882682910805599e-30,1.0,-1.6854970149450677e-07
2,purge,6838.0,100.05000001083756,5.002520826314839,0.05000020815365277,1.0000080970385603,1.0,3.178732488085748e-30,1.0,-1.6194077120766317e-07
2,purge,6840.0,100.05000001041259,5.002520009703287,0.05000019999183061,1.000007779549043,1.0,2.602411655698017e-30,1.0,-1.5559098085915543e-07
2,purge,6842.0,100.05000001000433,5.002519225111524,0.05000019215003804,1.0000074745084713,1.0,2.1305807049791694e-30,1.0,-1.4949016942746386e-07
2,purge,6844.0,100.05000000961205,5.002518471284042,0.05000018461572652,1.000007181428715,1.0,1.744295248835223e-30,1.0,-1.4362857430132664e-07
2,purge,6846.0,100.05000000923516,5.002517747014558,0.05000017737683956,1.000006899840784,1.0,1.4280454346130377e-30,1.0,-1.379968156802654e-07
2,purge,6848.0,100.05000000887301,5.002517051144083,0.0500001704217934,1.0000066292940768,1.0,1.1691333629163814e-30,1.0,-1.3258588153501284e-07
2,purge,6850.0,100.05000000852515,5.002516382559079,0.050000163739458474,1.0000063693556607,1.0,9.571633747247165e-31,1.0,-1.2738711321493677e-07
2,purge,6852.0,100.05000000819084,5.002515740189665,0.050000157319141654,1.0000061196095789,1.0,7.8362464201916665e-31,1.0,-1.2239219157803932e-07
2,purge,6854.0,100.0500000078697,5.002515123007918,0.05000015115056904,1.0000058796561841,1.0,6.415493948563541e-31,1.0,-1.1759312368085724e-07
2,purge,6856.0,100.05000000756108,5.002514530026209,0.05000014522386961,1.000005649111499,1.0,5.2523313945251845e-31,1.0,-1.1298222998160512e-07
2,purge,6858.0,100.0500000072646,5.00251396029565,0.05000013952955941,1.000005427606603,1.0,4.300056293587719e-31,1.0,-1.0855213206278274e-07
2,purge,6860.0,100.05000000697979,5.002513412904545,0.050000134058526276,1.0000052147870409,1.0,3.520433618809823e-31,1.0,-1.0429574081725634e-07
2,purge,6862.0,100.05000000670609,5.00251288697695,0.050000128802015445,1.0000050103122557,1.0,2.8821605968528737e-31,1.0,-1.0020624511336649e-07
2,purge,6864.0,100.05000000644317,5.002512381671834,0.050000123751620947,1.000004813855262,1.0,2.3596912627318853e-31,1.0,-9.627710523786103e-08
2,purge,6866.0,100.05000000619049,5.002511896179579,0.050000118899250906,1.0000046251012902,1.0,1.9318789904390554e-31,1.0,-9.250202580289018e-08
2,purge,6868.0,100.0500000059478,5.002511429725442,0.05000011423716194,1.0000044437491271,1.0,1.5817919359323233e-31,1.0,-8.8874982543508e-08
2,purge,6870.0,100.05000000571457,5.002510981562245,0.05000010975788621,1.0000042695082796,1.0,1.295251825004433e-31,1.0,-8.539016559344296e-08
2,purge,6872.0,100.05000000549047,5.002510550971445,0.050000105454242084,1.000004102099386,1.0,1.060605073322066e-31,1.0,-8.204198771875866e-08
2,purge,6874.0,100.0500000052752,5.002510137264557,0.05000010131934829,1.0000039412547697,1.0,8.684835737735133e-32,1.0,-7.882509539145859e-08
2,purge,6876.0,100.05000000506834,5.00250973977773,0.05000009734656983,1.0000037867163334,1.0,7.110809876169582e-32,1.0,-7.57343266662401e-08
2,purge,6878.0,100.05000000486964,5.002509357875443,0.05000009352955484,1.0000036382369928,1.0,5.821494547911893e-32,1.0,-7.276473985366544e-08
2,purge,6880.0,100.05000000467871,5.0025089909475655,0.050000089862205194,1.0000034955795356,1.0,4.765884148684753e-32,1.0,-6.991159071351282e-08
2,purge,6882.0,100.0500000044952,5.0025086384077415,0.050000086338660474,1.000003358515996,1.0,3.90194539992656e-32,1.0,-6.717031991920703e-08
2,purge,6884.0,100.05000000431897,5.002508299691053,0.0500000829532744,1.0000032268267363,1.0,3.1946006739633256e-32,1.0,-6.453653472416026e-08
2,purge,6886.0,100.05000000414964,5.002507974256786,0.05000007970064271,1.0000031003015346,1.0,2.6157336748135343e-32,1.0,-6.200603069216623e-08
2,purge,6888.0,100.05000000398691,5.0025076615836275,0.050000076575555046,1.0000029787377105,1.0,2.141902212291542e-32,1.0,-5.957475420889329e-08
2,purge,6890.0,100.05000000383058,5.002507361170304,0.05000007357300125,1.0000028619403736,1.0,1.753869878575492e-32,1.0,-5.7238807471227644e-08
2,purge,6892.0,100.05000000368038,5.002507072536501,0.05000007068818073,1.0000027497227821,1.0,1.4361635489674474e-32,1.0,-5.499445564467916e-08
2,purge,6894.0,100.05000000353608,5.002506795219069,0.05000006791646441,1.0000026419048706,1.0,1.1758763250210782e-32,1.0,-5.283809741256961e-08
2,purge,6896.0,100.05000000339741,5.002506528774614,0.05000006525342072,1.0000025383142517,1.0,9.626710665702471e-33,1.0,-5.0766285032943786e-08
2,purge,6898.0,100.05000000326422,5.0025062727774605,0.050000062694795094,1.000002438785426,1.0,7.881104628484566e-33,1.0,-4.877570852135589e-08
2,purge,6900.0,100.0500000031362,5.002506026818523,0.05000006023649887,1.0000023431593472,1.0,6.45244599996287e-33,1.0,-4.6863186944403415e-08
2,purge,6902.0,100.05000000301325,5.002505790503665,0.050000057874592725,1.00000225128278,1.0,5.282741800763919e-33,1.0,-4.5025655601096436e-08
2,purge,6904.0,100.0500000028951,5.002505563455652,0.050000055605306314,1.0000021630090574,1.0,4.325499255433108e-33,1.0,-4.326018114952609e-08
2,purge,6906.0,100.0500000027816,5.002505345310773,0.05000005342500443,1.000002078196774,1.0,3.541950126713854e-33,1.0,-4.156393548124491e-08
2,purge,6908.0,100.05000000267252,5.002505135719298,0.05000005133019162,1.0000019967099592,1.0,2.9002821415857823e-33,1.0,-3.99341991833235e-08
2,purge,6910.0,100.05000000256774,5.002504934346124,0.050000049317518606,1.0000019184183273,1.0,2.3749080345690704e-33,1.0,-3.8368366546357236e-08
2,purge,6912.0,100.05000000246703,5.002504740868123,0.05000004738375583,1.0000018431962507,1.0,1.944484673365501e-33,1.0,-3.6863925012975616e-08
2,purge,6914.0,100.05000000237031,5.002504554975949,0.05000004552581142,1.000001770923459,1.0,1.5919183500241054e-33,1.0,-3.5418469178486955e-08
2,purge,6916.0,100.05000000227736,5.002504376372615,0.050000043740717114,1.000001701484487,1.0,1.303256728061309e-33,1.0,-3.402968974215811e-08
2,purge,6918.0,100.05000000218806,5.002504204772715,0.05000004202562032,1.0000016347683718,1.0,1.0670070158944465e-33,1.0,-3.269536743539525e-08
2,purge,6920.0,100.05000000210225,5.002504039901272,0.0500000403777727,1.0000015706682044,1.0,8.735791937706034e-34,1.0,-3.141336408820654e-08
2,purge,6922.0,100.05000000201986,5.00250388149509,0.050000038794543705,1.0000015090816587,1.0,7.152850256677661e-34,1.0,-3.0181633177121733e-08
2,purge,6924.0,100.05000000194063,5.00250372930042,0.050000037273397184,1.0000014499100798,1.0,5.85713628518655e-34,1.0,-2.8998201597292205e-08
2,purge,6926.0,100.05000000186455,5.002503583073266,0.05000003581189444,1.0000013930586036,1.0,4.796043745982677e-34,1.0,-2.786117207006681e-08
2,purge,6928.0,100.05000000179146,5.00250344257983,0.05000003440769873,1.000001338436333,1.0,3.927260279157822e-34,1.0,-2.6768726664149357e-08
2,purge,6930.0,100.0500000017212,5.002503307594673,0.05000003305855685,1.0000012859556209,1.0,3.215491848473094e-34,1.0,-2.5719112415465263e-08
2,purge,6932.0,100.0500000016537,5.002503177901977,0.05000003176231176,1.0000012355325567,1.0,2.632471492199989e-34,1.0,-2.4710651134767065e-08
2,purge,6934.0,100.05000000158881,5.002503053294537,0.05000003051689251,1.0000011870865835,1.0,2.1551269753906695e-34,1.0,-2.37417316685534e-08
2,purge,6936.0,100.05000000152658,5.0025029335732345,0.05000002932030889,1.0000011405402847,1.0,1.7644532758390468e-34,1.0,-2.281080569358761e-08
2,purge,6938.0,100.0500000014667,5.002502818546215,0.05000002817064346,1.0000010958190724,1.0,1.4445918805239587e-34,1.0,-2.1916381449113043e-08
2,purge,6940.0,100.05000000140919,5.002502708029861,0.05000002706606099,1.0000010528515566,1.0,1.1828291565995266e-34,1.0,-2.105703113066163e-08
2,purge,6942.0,100.05000000135394,5.002502601847143,0.05000002600479206,1.000001011568907,1.0,9.685637646773686e-35,1.0,-2.0231378139855584e-08
2,purge,6944.0,100.05000000130086,5.002502499827818,0.05000002498513517,1.0000009719049399,1.0,7.930964825097986e-35,1.0,-1.9438098798327702e-08
2,purge,6946.0,100.05000000124986,5.002502401808775,0.050000024005460095,1.0000009337962386,1.0,6.494303383976413e-35,1.0,-1.8675924770850027e-08
2,purge,6948.0,100.05000000120083,5.002502307632737,0.050000023064194855,1.0000008971816527,1.0,5.317289435622793e-35,1.0,-1.7943633055541718e-08
2,purge,6950.0,100.05000000115378,5.002502217149124,0.05000002215983445,1.0000008620026408,1.0,4.3531793939140925e-35,1.0,-1.7240052817776215e-08
2,purge,6952.0,100.0500000011085,5.002502130213378,0.05000002129093405,1.000000828203,1.0,3.563819919207938e-35,1.0,-1.6564059999575363e-08
2,purge,6954.0,100.05000000106509,5.002502046686577,0.05000002045610518,1.000000795728718,1.0,2.9177834078940186e-35,1.0,-1.591457436146385e-08
2,purge,6956.0,100.05000000102326,5.002501966434871,0.05000001965401006,1.0000007645277573,1.0,2.3888454728453907e-35,1.0,-1.5290555146344207e-08
2,purge,6958.0,100.05000000098319,5.002501889330154,0.050000018883368275,1.00000073455031,1.0,1.9559822493614173e-35,1.0,-1.4691006196373173e-08
2,purge,6960.0,100.05000000094458,5.002501815248909,0.05000001814294532,1.000000705748355,1.0,1.6016628610556074e-35,1.0,-1.4114967100298995e-08
2,purge,6962.0,100.0500000009076,5.002501744072373,0.050000017431554154,1.0000006780757176,1.0,1.3115018624521456e-35,1.0,-1.3561514353701502e-08
2,purge,6964.0,100.05000000087198,5.002501675686742,0.050000016748057395,1.0000006514881534,1.0,1.0739287301427689e-35,1.0,-1.3029763066691244e-08
2,purge,6966.0,100.05000000083778,5.002501609982285,0.05000001609135828,1.0000006259429992,1.0,8.792921355475666e-36,1.0,-1.2518859983805838e-08
2,purge,6968.0,100.05000000080496,5.002501546853949,0.05000001546040682,1.0000006013994118,1.0,7.198623381400115e-36,1.0,-1.2027988236950424e-08
2,purge,6970.0,100.05000000077338,5.002501486200877,0.050000014854194995,1.00000057781818,1.0,5.893301211847102e-36,1.0,-1.1556363600279663e-08
2,purge,6972.0,100.0500000007431,5.002501427926149,0.05000001427175407,1.0000005551616207,1.0,4.8249846747280623e-36,1.0,-1.1103232415452108e-08
2,purge,6974.0,100.05000000071394,5.002501371936379,0.05000001371215076,1.000000533393428,1.0,3.950307882890822e-36,1.0,-1.0667868561941744e-08
2,purge,6976.0,100.05000000068596,5.002501318142191,0.050000013174491695,1.0000005124788527,1.0,3.2345047790970465e-36,1.0,-1.024957705284894e-08
2,purge,6978.0,100.05000000065903,5.002501266457411,0.05000001265791564,1.0000004923843915,1.0,2.648585476824336e-36,1.0,-9.847687829327015e-09
2,purge,6980.0,100.05000000063318,5.002501216799179,0.05000001216159441,1.000000473077829,1.0,2.1687615229021598e-36,1.0,-9.461556578660338e-09
2,purge,6982.0,100.05000000060835,5.002501169088098,0.050000011684734426,1.000000454528297,1.0,1.775899352455577e-36,1.0,-9.090565941162822e-09
2,purge,6984.0,100.05000000058452,5.002501123247607,0.05000001122657053,1.0000004367060307,1.0,1.4540390719695557e-36,1.0,-8.734120614151556e-09
2,purge,6986.0,100.05000000056158,5.0025010792044196,0.050000010786370216,1.0000004195825345,1.0,1.190398416839067e-36,1.0,-8.391650689581044e-09
2,purge,6988.0,100.05000000053958,5.002501036888168,0.05000001036343016,1.0000004031304515,1.0,9.745441678008302e-37,1.0,-8.062609028727922e-09
2,purge,6990.0,100.05000000051842,5.0025009962312295,0.050000009957074536,1.000000387323491,1.0,7.978822913432738e-37,1.0,-7.746469822000226e-09
2,purge,6992.0,100.05000000049807,5.002500957168454,0.050000009566652175,1.000000372136324,1.0,6.5324159921608225e-37,1.0,-7.442726479975594e-09
2,purge,6994.0,100.05000000047855,5.0025009196374866,0.050000009191539824,1.0000003575447058,1.0,5.348730117266815e-37,1.0,-7.150894118741198e-09
2,purge,6996.0,100.05000000045983,5.002500883578207,0.05000000883113659,1.0000003435252627,1.0,4.37982624097424e-37,1.0,-6.870505251763815e-09
2,purge,6998.0,100.05000000044178,5.002500848932798,0.05000000848486467,1.000000330055518,1.0,3.5863666517612885e-37,1.0,-6.6011103591228785e-09
2,purge,7000.0,100.05000000042442,5.002500815645872,0.05000000815217042,1.0000003171139362,1.0,2.9367111816002307e-37,1.0,-6.3422787242519555e-09
2,purge,7002.0,100.05000000040779,5.00250078366402,0.05000000783252005,1.000000304679751,1.0,2.404467795560749e-37,1.0,-6.093595021650998e-09
2,purge,7004.0,100.05000000039183,5.002500752936101,0.05000000752540239,1.0000002927330818,1.0,1.968499136202011e-37,1.0,-5.854661634255871e-09
2,purge,7006.0,100.05000000037646,5.002500723413024,0.050000007230326854,1.0000002812548419,1.0,1.6115523385864804e-37,1.0,-5.6250968368694815e-09
2,purge,7008.0,100.05000000036168,5.002500695047613,0.050000006946821884,1.0000002702266892,1.0,1.3194159023419226e-37,1.0,-5.404533785228769e-09
2,purge,7010.0,100.05000000034751,5.002500667794413,0.05000000667443316,1.000000259630952,1.0,1.0802312113305843e-37,1.0,-5.1926190415977755e-09
2,purge,7012.0,100.0500000003339,5.002500641609919,0.05000000641272589,1.0000002494507159,1.0,8.844913154014065e-38,1.0,-4.989014316682993e-09
2,purge,7014.0,100.0500000003208,5.002500616452188,0.05000000616128084,1.0000002396696726,1.0,7.242687868290625e-38,1.0,-4.7933934523871365e-09
2,purge,7016.0,100.05000000030822,5.002500592280884,0.0500000059196949,1.0000002302721418,1.0,5.930585555415949e-38,1.0,-4.605442835514036e-09
2,purge,7018.0,100.05000000029615,5.002500569057363,0.05000000568758177,1.000000221243098,1.0,4.856284536739575e-38,1.0,-4.4248619607805595e-09
2,purge,7020.0,100.05000000028448,5.002500546744358,0.05000000546456905,1.000000212568053,1.0,3.976141694774089e-38,1.0,-4.251361060567512e-09
2,purge,7022.0,100.05000000027336,5.002500525306198,0.05000000525030015,1.0000002042331368,1.0,3.2552032953114446e-38,1.0,-4.084662734854713e-09
2,purge,7024.0,100.05000000026263,5.0025005047086255,0.050000005044432715,1.000000196225033,1.0,2.6649391847105333e-38,1.0,-3.924500657226736e-09
2,purge,7026.0,100.05000000025235,5.002500484918731,0.050000004846637816,1.0000001885309446,1.0,2.1818485536531078e-38,1.0,-3.770618890549017e-09
2,purge,7028.0,100.05000000024245,5.002500465904801,0.0500000046565985,1.0000001811385426,1.0,1.7863214334988333e-38,1.0,-3.622770851150331e-09
2,purge,7030.0,100.05000000023294,5.002500447636483,0.05000000447401136,1.0000001740360258,1.0,1.4626366817331149e-38,1.0,-3.480720515721291e-09
2,purge,7032.0,100.05000000022382,5.0025004300845115,0.05000000429858392,1.0000001672120171,1.0,1.1976851288469348e-38,1.0,-3.3442403403476093e-09
2,purge,7034.0,100.05000000021504,5.002500413220749,0.050000004130034956,1.000000160655576,1.0,9.807096832342879e-39,1.0,-3.213111518686837e-09
2,purge,7036.0,100.05000000020661,5.002500397018232,0.05000000396809497,1.0000001543562198,1.0,8.030581845956373e-39,1.0,-3.087124395673263e-09
2,purge,7038.0,100.05000000019847,5.002500381450962,0.05000000381250413,1.0000001483038405,1.0,6.575136005609907e-39,1.0,-2.9660768095877624e-09
2,purge,7040.0,100.05000000019074,5.0025003664940515,0.050000003663013645,1.000000142488761,1.0,5.3829581628625454e-39,1.0,-2.8497752211922153e-09
2,purge,7042.0,100.05000000018322,5.002500352123598,0.050000003519384675,1.000000136901691,1.0,4.4068695059788355e-39,1.0,-2.738033820997885e-09
2,purge,7044.0,100.05000000017607,5.002500338316644,0.050000003381387714,1.0000001315337026,1.0,3.6080079849185395e-39,1.0,-2.6306740533492618e-09
2,purge,7046.0,100.05000000016915,5.002500325051062,0.05000000324880165,1.0000001263761937,1.0,2.9539456278502196e-39,1.0,-2.527523876110036e-09
2,purge,7048.0,100.0500000001625,5.002500312305676,0.0500000031214148,1.0000001214209313,1.0,2.4186852097924562e-39,1.0,-2.428418625399647e-09
2,purge,7050.0,100.05000000015613,5.002500300060069,0.050000002999023116,1.0000001166599775,1.0,1.9805487878903294e-39,1.0,-2.3331995474074894e-09
2,purge,7052.0,100.05000000015005,5.00250028829404,0.05000000288142467,1.0000001120854773,1.0,1.6213435053719672e-39,1.0,-2.2417095462531055e-09
2,purge,7054.0,100.05000000014412,5.002500276989744,0.05000000276844116,1.0000001076904947,1.0,1.3275525144126006e-39,1.0,-2.1538098970419e-09
2,purge,7056.0,100.0500000001385,5.002500266126953,0.05000000265987034,1.0000001034671633,1.0,1.0860968480934028e-39,1.0,-2.0693432643800548e-09
2,purge,7058.0,100.05000000013308,5.002500255721388,0.0500000025558694,1.0000000994215965,1.0,8.910610878547695e-40,1.0,-1.988431930725445e-09
2,purge,7060.0,100.05000000012787,5.002500245710934,0.050000002455817504,1.0000000955296455,1.0,7.2976606534446705e-40,1.0,-1.910592909608757e-09
2,purge,7062.0,100.05000000012289,5.00250023617594,0.050000002360517694,1.0000000918225462,1.0,6.028398615659116e-40,1.0,-1.8364509234190119e-09
2,purge,7064.0,100.05000000011812,5.002500227024093,0.05000000226904734,1.0000000882644113,1.0,4.988331323152147e-40,1.0,-1.7652882252661398e-09
2,purge,7066.0,100.05000000011356,5.0025002182289455,0.050000002181142096,1.000000084844957,1.0,4.1290687139505454e-40,1.0,-1.6968991416052394e-09
2,purge,7068.0,100.05000000010915,5.002500209774856,0.05000000209664565,1.000000081558102,1.0,3.418038154028231e-40,1.0,-1.6311620431966932e-09
2,purge,7070.0,100.05000000010494,5.002500201648325,0.05000000201542307,1.0000000783985983,1.0,2.829483436056192e-40,1.0,-1.567971964087586e-09
2,purge,7072.0,100.05000000010088,5.002500193836618,0.05000000193734708,1.0000000753614944,1.0,2.3422781580518123e-40,1.0,-1.5072298888322754e-09
2,purge,7074.0,100.05000000009697,5.002500186327532,0.05000000186229569,1.0000000724420464,1.0,1.9389650836538535e-40,1.0,-1.4488409265918338e-09
2,purge,7076.0,100.0500000000932,5.002500179109343,0.05000000179015175,1.0000000696356954,1.0,1.6050979822138588e-40,1.0,-1.3927139098714025e-09
2,purge,7078.0,100.05000000008961,5.002500172170779,0.050000001720802593,1.0000000669380606,1.0,1.328718913470775e-40,1.0,-1.3387612109969688e-09
2,purge,7080.0,100.05000000008613,5.0025001655010115,0.05000000165413999,1.00000006434493,1.0,1.0999290864587711e-40,1.0,-1.286898602140023e-09
2,purge,7082.0,100.0500000000828,5.002500159089626,0.05000000159005984,1.0000000618522555,1.0,9.105341873331573e-41,1.0,-1.237045112231657e-09
2,purge,7084.0,100.05000000007955,5.002500152926614,0.05000000152846213,1.0000000594561453,1.0,7.537508705065365e-41,1.0,-1.1891229087611619e-09
2,purge,7086.0,100.0500000000765,5.002500147002351,0.05000000146925063,1.0000000571528587,1.0,6.239638035648527e-41,1.0,-1.1430571733535058e-09
2,purge,7088.0,100.05000000007352,5.002500141307591,0.05000000141233297,1.0000000549387997,1.0,5.165245486210389e-41,1.0,-1.098775992899622e-09
2,purge,7090.0,100.05000000007068,5.002500135833439,0.050000001357620255,1.0000000528105115,1.0,4.2758507433308706e-41,1.0,-1.056210232023322e-09
2,purge,7092.0,100.05000000006795,5.002500130571354,0.05000000130502705,1.0000000507646718,1.0,3.539599352645755e-41,1.0,-1.0152934366538372e-09
2,purge,7094.0,100.05000000006534,5.0025001255131185,0.05000000125447127,1.0000000487980865,1.0,2.930121823544024e-41,1.0,-9.759617282666733e-10
2,purge,7096.0,100.0500000000628,5.002500120650832,0.05000000120587399,1.0000000469076848,1.0,2.425589182682923e-41,1.0,-9.38153698124463e-10
2,purge,7098.0,100.05000000006035,5.0025001159769085,0.05000000115915933,1.0000000450905162,1.0,2.0079311501227149e-41,1.0,-9.018103264023253e-10
2,purge,7100.0,100.05000000005802,5.002500111484051,0.050000001114254365,1.0000000433437433,1.0,1.6621889363695153e-41,1.0,-8.668748670970292e-10
2,purge,7102.0,100.05000000005575,5.002500107165242,0.05000000107108899,1.000000041664639,1.0,1.3759794801830567e-41,1.0,-8.332927795946048e-10
2,purge,7104.0,100.0500000000536,5.00250010301374,0.05000000102959581,1.0000000400505822,1.0,1.139051938355543e-41,1.0,-8.010116415745756e-10
2,purge,7106.0,100.05000000005151,5.002500099023065,0.05000000098971003,1.0000000384990524,1.0,9.429205427532336e-42,1.0,-7.699810494719381e-10
2,purge,7108.0,100.05000000004952,5.002500095186985,0.0500000009513694,1.000000037007628,1.0,7.805606750730358e-42,1.0,-7.401525593764631e-10
2,purge,7110.0,100.05000000004763,5.002500091499512,0.05000000091451406,1.00000003557398,1.0,6.46157273964412e-42,1.0,-7.114795999369262e-10
2,purge,7112.0,100.05000000004576,5.00250008795489,0.05000000087908648,1.0000000341958706,1.0,5.3489656349655805e-42,1.0,-6.839174132604106e-10
2,purge,7114.0,100.05000000004401,5.0025000845475835,0.050000000845031325,1.0000000328711482,1.0,4.4279364354286525e-42,1.0,-6.574229647059743e-10
2,purge,7116.0,100.05000000004227,5.002500081272275,0.05000000081229545,1.0000000315977444,1.0,3.665497670807669e-42,1.0,-6.319548900050775e-10
2,purge,7118.0,100.05000000004065,5.002500078123846,0.050000000780827725,1.0000000303736716,1.0,3.034341926680293e-42,1.0,-6.074734299397575e-10
2,purge,7120.0,100.05000000003905,5.002500075097386,0.05000000075057904,1.0000000291970181,1.0,2.5118638053809263e-42,1.0,-5.839403619102389e-10
2,purge,7122.0,100.05000000003756,5.00250007218817,0.050000000721502166,1.0000000280659473,1.0,2.079350293816617e-42,1.0,-5.613189470553605e-10
2,purge,7124.0,100.05000000003612,5.002500069391655,0.05000000069355171,1.0000000269786935,1.0,1.7213105404572517e-42,1.0,-5.395738711518761e-10
2,purge,7126.0,100.0500000000347,5.0025000667034725,0.05000000066668403,1.000000025933559,1.0,1.4249210368739067e-42,1.0,-5.186711824031914e-10
2,purge,7128.0,100.05000000003338,5.00250006411943,0.050000000640857196,1.0000000249289123,1.0,1.1795663325145563e-42,1.0,-4.985782447809176e-10
2,purge,7130.0,100.0500000000321,5.002500061635492,0.05000000061603086,1.0000000239631848,1.0,9.76458833013191e-43,1.0,-4.792636975875501e-10
2,purge,7132.0,100.05000000003082,5.002500059247778,0.050000000592166284,1.000000023034869,1.0,8.083240647746415e-43,1.0,-4.6069737769239045e-10
2,purge,7134.0,100.05000000002963,5.002500056952564,0.05000000056922621,1.0000000221425152,1.0,6.691401333096164e-43,1.0,-4.4285030397873065e-10
2,purge,7136.0,100.05000000002848,5.002500054746263,0.050000000547174815,1.0000000212847309,1.0,5.539220437912389e-43,1.0,-4.256946151325907e-10
2,purge,7138.0,100.05000000002737,5.002500052625434,0.05000000052597767,1.0000000204601762,1.0,4.58543159084273e-43,1.0,-4.0920352298427105e-10
2,purge,7140.0,100.05000000002633,5.002500050586765,0.050000000505601695,1.0000000196675642,1.0,3.795874006094404e-43,1.0,-3.9335128451328504e-10
2,purge,7142.0,100.0500000000253,5.002500048627072,0.050000000486015043,1.0000000189056575,1.0,3.1422689848689007e-43,1.0,-3.781131489687851e-10
2,purge,7144.0,100.05000000002433,5.002500046743296,0.050000000467187194,1.0000000181732664,1.0,2.601207088911862e-43,1.0,-3.6346532676393194e-10
2,purge,7146.0,100.05000000002337,5.002500044932495,0.05000000044908871,1.0000000174692474,1.0,2.1533097109086677e-43,1.0,-3.493849490385736e-10
2,purge,7148.0,100.05000000002246,5.0025000431918425,0.050000000431691345,1.0000000167925018,1.0,1.7825350126326211e-43,1.0,-3.358500365536137e-10
2,purge,7150.0,100.05000000002161,5.002500041518624,0.050000000414967945,1.0000000161419729,1.0,1.4756033724105324e-43,1.0,-3.2283945614312845e-10
2,purge,7152.0,100.05000000002077,5.002500039910223,0.050000000398892394,1.0000000155166449,1.0,1.2215217638017288e-43,1.0,-3.1033289894042397e-10
2,purge,7154.0,100.05000000001996,5.00250003836413,0.050000000383439595,1.0000000149155417,1.0,1.0111900306948882e-43,1.0,-2.983108337195895e-10
2,purge,7156.0,100.05000000001917,5.002500036877933,0.050000000368585436,1.0000000143377246,1.0,8.370749572192612e-44,1.0,-2.867544913426821e-10
2,purge,7158.0,100.05000000001847,5.00250003544931,0.050000000354306705,1.0000000137822918,1.0,6.929404589977138e-44,1.0,-2.7564583676465793e-10
2,purge,7160.0,100.05000000001773,5.002500034076029,0.050000000340581136,1.0000000132483762,1.0,5.73624232304191e-44,1.0,-2.649675223749256e-10
2,purge,7162.0,100.05000000001705,5.0025000327559495,0.050000000327387266,1.0000000127351438,1.0,4.748528616188915e-44,1.0,-2.547028786656565e-10
2,purge,7164.0,100.05000000001638,5.002500031487008,0.05000000031470453,1.0000000122417938,1.0,3.9308876349574433e-44,1.0,-2.4483587690502764e-10
2,purge,7166.0,100.05000000001576,5.002500030267225,0.05000000030251311,1.000000011767556,1.0,3.2540348490229234e-44,1.0,-2.3535111980553174e-10
2,purge,7168.0,100.05000000001513,5.002500029094697,0.05000000029079399,1.0000000113116898,1.0,2.693728181006699e-44,1.0,-2.262337948655306e-10
2,purge,7170.0,100.05000000001456,5.002500027967588,0.05000000027952883,1.0000000108734832,1.0,2.2298997551696292e-44,1.0,-2.1746966503756556e-10
2,purge,7172.0,100.05000000001398,5.002500026884145,0.0500000002687001,1.0000000104522526,1.0,1.8459371488058865e-44,1.0,-2.0904505317554184e-10
2,purge,7174.0,100.05000000001343,5.002500025842672,0.050000000258290864,1.00000001004734,1.0,1.5280884037239589e-44,1.0,-2.0094680159740783e-10
2,purge,7176.0,100.05000000001293,5.002500024841547,0.05000000024828486,1.0000000096581136,1.0,1.2649694877781478e-44,1.0,-1.9316227208515514e-10
2,purge,7178.0,100.05000000001243,5.002500023879204,0.05000000023866648,1.0000000092839654,1.0,1.0471565657524406e-44,1.0,-1.856793085580609e-10
2,purge,7180.0,100.05000000001196,5.002500022954142,0.050000000229420735,1.0000000089243115,1.0,8.668484764201344e-45,1.0,-1.784862308515616e-10
2,purge,7182.0,100.05000000001147,5.0025000220649165,0.05000000022053316,1.0000000085785903,1.0,7.175873270984712e-45,1.0,-1.7157180672218477e-10
2,purge,7184.0,100.05000000001105,5.002500021210137,0.05000000021198985,1.0000000082462621,1.0,5.940271985467009e-45,1.0,-1.6492524251585976e-10
2,purge,7186.0,100.05000000001063,5.002500020388473,0.05000000020377753,1.000000007926808,1.0,4.9174267617022597e-45,1.0,-1.5853616139397569e-10
2,purge,7188.0,100.05000000001019,5.002500019598638,0.05000000019588335,1.0000000076197293,1.0,4.0707034990763175e-45,1.0,-1.5239458778056572e-10
2,purge,7190.0,100.05000000000982,5.002500018839402,0.050000000188294966,1.0000000073245467,1.0,3.3697760597975716e-45,1.0,-1.464909349200547e-10
2,purge,7192.0,100.05000000000945,5.002500018109577,0.05000000018100056,1.0000000070407993,1.0,2.7895401116198947e-45,1.0,-1.4081598621388025e-10
2,purge,7194.0,100.05000000000905,5.002500017408023,0.050000000173988715,1.0000000067680441,1.0,2.3092139941203648e-45,1.0,-1.3536088277824023e-10
2,purge,7196.0,100.05000000000872,5.002500016733652,0.050000000167248544,1.0000000065058552,1.0,1.911594405267306e-45,1.0,-1.3011710478071402e-10
2,purge,7198.0,100.05000000000838,5.002500016085404,0.050000000160769456,1.000000006253823,1.0,1.5824402500389473e-45,1.0,-1.2507646210857305e-10
2,purge,7200.0,100.05000000000804,5.002500015459129,0.05000000015451001,1.0000000060103351,1.0,1.3040517416576319e-45,1.0,-1.2020670133269366e-10
